wallet,first_buy_time,first_buy_time_utc,first_buy_mcap_usd,last_sell_time,last_sell_time_utc,n_buys,n_sells,sol_in,sol_out,tokens_bought,tokens_sold,tokens_still_held,realized_pnl_sol,realized_pnl_usd,hold_minutes,sold_out,n_trades_total
3EV31uA5e7rtYEWScX5DiCbhcQxJPFKA17TmcYGAtyj3,1785083481,2026-07-26T16:31:21Z,15426.023941039814,1785437234,2026-07-30T18:47:14Z,13,101,41.574841989,821.8195943240004,14358635.183092002,14358635.183092002,0,780.2447523350003,58112.62915391082,5895.88,True,114
35AzE1iVf6raPYq2MkKLdQUcojLdviaq3E2DnqrM2EkM,1785083440,2026-07-26T16:30:40Z,17320.247743452102,1786836745,2026-08-15T23:32:25Z,24,53,229.056045837,623.2267444729999,8342112.350046998,8342112.350046998,0,394.1706986359999,29357.83363440927,29221.75,True,77
4iB3E4ohRPDJFM1Auwer8ygmScR52HDm1hARh8WZeSWq,1785083220,2026-07-26T16:27:00Z,4612.4349514801725,1785890710,2026-08-05T00:45:10Z,27,25,196.834873456,466.025929516,10717502.855032,11117649.724862998,0,269.19105606,20049.3498553488,13458.17,True,52
FR2foNg3m2X2pYmWEZgBb3gCWpbF8fHhkgo8CGdMHzZa,1785083519,2026-07-26T16:31:59Z,19205.715349188165,1785108116,2026-07-26T23:21:56Z,142,170,270.83989537499997,526.556352604,36011587.629811004,36011587.62981103,0,255.71645722900027,19045.76173441594,409.95,True,312
8M3bQsiffCKZ6pbAwtm2v1HDfVyfScu9fePfcJfpAomX,1785083519,2026-07-26T16:31:59Z,18425.12004901053,1785107800,2026-07-26T23:16:40Z,142,181,270.70984524100004,515.22009906,36996834.470725,36996834.470725015,0,244.51025381899998,18211.12370443912,404.68,True,323
8zgiH1ZyTbsQw13oNKNSFkDyj59xSq8xbWKrvwxqNPRy,1785083519,2026-07-26T16:31:59Z,17639.172424722256,1785108116,2026-07-26T23:21:56Z,135,167,246.149137572,452.16867436,25389923.98005902,25389923.980059016,0,206.01953678799987,15344.33509997023,409.95,True,302
5VqL3BXB5XLidG2HvgzCVnVLVtPuZX8SeeRcvdqFtXbt,1785083410,2026-07-26T16:30:10Z,17076.474836298436,1785264817,2026-07-28T18:53:37Z,3,28,15.005873275999999,212.51341358099995,47676999.351414,47676999.35141401,0,197.50754030500002,14710.361601916402,3023.45,True,31
5TxsqqZYcGW9qbNwt9wLF4PhHe9W4dHwpjwFDw83TBua,1785083534,2026-07-26T16:32:14Z,26469.189703199594,1787432510,2026-08-22T21:01:50Z,72,54,354.19847039999996,505.64008472699993,4822719.605184999,4822719.605184999,0,151.44161432700002,11279.371435074963,39149.6,True,126
9Ze1EXNGv7Ff24F19uPtuLyPioXYXNwG4FXnvrezyuZ9,1785083485,2026-07-26T16:31:25Z,17764.992063859714,1786172128,2026-08-08T06:55:28Z,10,9,9.298843201,120.202665152,1011962.7411039999,1011962.8968180001,0,110.90382195100001,8260.116658910481,18144.05,True,19
2QM2EWyLhwiFSmQv1whR3twumY6J63DCBrsgWUYbKizF,1785083440,2026-07-26T16:30:40Z,17524.214904879613,1786057414,2026-08-06T23:03:34Z,4,7,0.6817740800000001,108.16350585699999,1306954.604334,1306954.604334,0,107.481731777,8005.2393827509595,16232.9,True,11
831yhv67QpKqLBJjbmw2xoDUeeFHGUx8RnuRj9imeoEs,1785083473,2026-07-26T16:31:13Z,9912.4874637904,1787702989,2026-08-26T00:09:49Z,17,42,97.60386157999999,193.07127591000005,46996758.795017004,46996758.795017004,0,95.46741433000003,7110.413019298402,43658.6,True,59
8rvAsDKeAcEjEkiZMug9k8v1y8mW6gQQiMobd89Uy7qR,1785083505,2026-07-26T16:31:45Z,12985.087822055679,1785699518,2026-08-02T19:38:38Z,21,33,87.532792001,175.160454913,40199210.085219,40199210.085219,0,87.627662912,6526.508333685761,10266.88,True,54
2pUUZYtokRgDV2YzL6M5pjb1jyoHE367yU1sdQ7ac3ea,1785083404,2026-07-26T16:30:04Z,13021.724772422212,1787461979,2026-08-23T05:12:59Z,45,32,117.33424377399996,180.251040552,15606281.198899008,16533473.965370003,0,62.91679677799999,4686.04302402544,39642.92,True,77
EeY4X2ebEXuCUYJz5CYm5zGc6hxoUvs3aR6HvZwfJk9q,1785083221,2026-07-26T16:27:01Z,5061.230785896914,1785087468,2026-07-26T17:37:48Z,2,21,4.029874079999999,65.948082611,56111574.024872005,56111574.02487201,0,61.918208531,4611.66817138888,70.78,True,23
85rqTn6C9DbSuM1wDLacnNxtkw9zu7jzgspm5wtLWRF7,1785083423,2026-07-26T16:30:23Z,17971.118993486216,1785521562,2026-07-31T18:12:42Z,1,7,0.27660008399999997,61.005631445999995,1066623.28241,1066623.28241,0,60.729031362,4523.09825584176,7302.32,True,8
FSG4XbDyJWJKVuvmwMbyypTh4Cqnoc8xR4gTr3ViNuLc,1785083525,2026-07-26T16:32:05Z,20674.77672325738,1787775584,2026-08-26T20:19:44Z,8644,3321,747.0300819999794,771.834307736997,2995990.611405007,2920951.659412997,75142.741962,54.84592063519916,4084.9241689096334,44867.65,False,11965
A1p52kTKMokAirBKjii9svbE79p1Y27rZG4fGRtm9HnL,1785083421,2026-07-26T16:30:21Z,18634.64135757603,1786987295,2026-08-17T17:21:35Z,13,8,8.909099822,54.765386959,1612985.891819,1612985.8918189998,0,45.856287136999995,3415.37626596376,31731.23,True,21
Avtr4ZjsMDsfUEcLedsUDhVXE2QiQHxepbQv7VPS3BoY,1785083506,2026-07-26T16:31:46Z,14749.369168219104,1787078416,2026-08-18T18:40:16Z,1,16,0.20507408000000002,44.02479403899999,961690.303736,961690.303736,0,43.819719959000004,3263.6927425463205,33248.5,True,17
3wH5bhr4LeT2fVHwdnR5Gbq12iNXGm4VWQ2ESe9ndrmb,1785083407,2026-07-26T16:30:07Z,16402.62450601119,1787594913,2026-08-24T18:08:33Z,52,33,62.12760967999999,100.889288972,5847392.677274996,5847392.677274999,0,38.761679292000004,2886.9698736681603,41858.43,True,85
NiggaLo8cqEGwk7ZKhA3TA87CDPScMAzH8CShbNWJFg,1785083525,2026-07-26T16:32:05Z,20620.302744988203,1786090441,2026-08-07T08:14:01Z,3,7,0.205497011,37.876165148,687883.32527,687882.838218,0.487052,37.670668137,2805.71136284376,16781.93,True,10
9kr7KJhFiJJf3ML9tm9kWqSRoPczvZgtAwx1k7sGz9vH,1785083418,2026-07-26T16:30:18Z,20507.004922819517,1785084785,2026-07-26T16:53:05Z,2,17,5.25815028,40.710010923999995,11941941.102251,52252905.51556699,0,35.451860644,2640.45458076512,22.78,True,19
8yGmi4AJNsvk9sGvuAUiDmCVvqS99E6wmMnEgFgfQhNe,1785083463,2026-07-26T16:31:03Z,11187.72800797638,1787700918,2026-08-25T23:35:18Z,11,38,3.702450191,34.52995192900001,876717.0600809999,865717.059276,11000.000805,30.827959848999996,2296.0664495535198,43624.25,False,49
CYieHKcG7HZNdqzSVQQpMmHHhqNZDU7WXpF17YHKMMiq,1785083546,2026-07-26T16:32:26Z,25345.21459139632,1786035108,2026-08-06T16:51:48Z,31,55,27.37599206,56.067065914999986,4941065.778035001,4941065.778035001,0,28.691073855000006,2136.9111807204004,15859.37,True,86
2fg5QD1eD7rzNNCsvnhmXFm5hqNgwTTG8p7kQ6f3rx6f,1785083141,2026-07-26T16:25:41Z,9721.490951072632,1785084829,2026-07-26T16:53:49Z,33,14,12.465323038,38.360628373000004,51711988.951538,58413054.07407301,0,25.895305335000003,1928.6823413508002,28.13,True,47
HwWgT4qXsTFCssX1r8jecbkMFsz1RnGeTvyZ6bn7rvcL,1785083197,2026-07-26T16:26:37Z,18425.411586331684,1785085802,2026-07-26T17:10:02Z,14,11,6.012977589,31.657024678,20999213.709188003,45650113.290438004,0,25.644047089,1909.9686271887201,43.42,True,25
31iRQFxAApGY6LAXm16QDXmPFHSeY2mP4dW96P22iTBV,1785083146,2026-07-26T16:25:46Z,13294.123663687027,1785609411,2026-08-01T18:36:51Z,27,7,24.210283961000005,49.031940426999995,13164487.924979003,13164450.470982,37.453997,24.821656466000004,1848.7169735876803,8771.08,False,34
J898BLdjUWFPsvqwraj1rjg33rE9B6zJY6HvWFKx71fo,1785083466,2026-07-26T16:31:06Z,9434.30641124402,1785783478,2026-08-03T18:57:58Z,28,11,59.25900236600002,83.86297359599999,19683821.410538998,19683821.410538998,0,24.603971229999992,1832.5037772103994,11666.87,True,39
5eWFPsoyqrbV9W7AsdUjLA1ZscphwecuZNaa5kQhEu8J,1785083485,2026-07-26T16:31:25Z,17832.076496318692,1785217220,2026-07-28T05:40:20Z,115,28,6.38857408,28.879446860999998,5703026.778262,5703026.778262001,0,22.490872781000004,1675.1202047288805,2228.92,True,143
3yWgHqJTFDPde354uUvRdDyQwedeWexwZysNiEGYUxfj,1785083538,2026-07-26T16:32:18Z,21762.98196887408,1785777769,2026-08-03T17:22:49Z,7,15,5.206302975,25.574596767,4369888.62269,4369888.622690001,0,20.368293791999996,1517.0305216281597,11570.52,True,22
FT9AgC7PG29RVxp2KRiMYkP8tMCP62ed4S89B5e9d5jC,1785083152,2026-07-26T16:25:52Z,13774.506545769833,1785789500,2026-08-03T20:38:20Z,323,417,7.183765157999997,27.261610439000005,1646634.0540840013,1646569.3853939995,64.66869,20.092104775000006,1496.4599636420005,11772.47,False,740
FxN3VZ4BosL5urG2yoeQ156JSdmavm9K5fdLxjkPmaMR,1785083141,2026-07-26T16:25:41Z,10417.844048079423,1785084777,2026-07-26T16:52:57Z,30,15,9.774552043000003,29.75933606,46996134.621570006,53414507.44676901,0,19.984784017,1488.46671358616,27.27,True,45
8nDbbXEnHLc6q6dzgwSqLEM1ZGKr1nzpdLwaxPbhArHS,1785083535,2026-07-26T16:32:15Z,26567.405733936757,1785170106,2026-07-27T16:35:06Z,5,14,9.10677316,28.791503236,6580117.210971,6580117.210971,0,19.684730076,1466.1186960604803,1442.85,True,19
4qto7bL6cK24gnbWCAyZecvRJR1J2UofDefrX98cd8V8,1785083539,2026-07-26T16:32:19Z,22431.469818539026,1785262400,2026-07-28T18:13:20Z,9,6,13.065579763,32.441197621,6178974.925988,6178974.925980001,8.000174560152118e-06,19.375617858623695,1443.0960181102928,2981.02,True,15
CBQcSSyjVKKFwQfQiX3D4EJ6y33Y18uGFNQojGwsMoQY,1785083469,2026-07-26T16:31:09Z,10915.367069017975,1785960721,2026-08-05T20:12:01Z,26,24,139.57377408,158.30003584899998,9815390.205912,9815390.205912001,0,18.726261768999997,1394.73197655512,14620.87,True,50
9xNbwMQkTVsmhNU8PNqgDNS1Tniq3GzwHNikknc1vcxk,1785083128,2026-07-26T16:25:28Z,6577.954597412944,1785492817,2026-07-31T10:13:37Z,3,8,0.15121848000000002,18.625687161000002,753756.4438479999,753756.4438479999,0,18.474468680999998,1375.97842736088,6828.15,True,11
6QGy8GDvBC6EhFeBmt592d65o3TXWaeY2johmeR3qWt4,1785083466,2026-07-26T16:31:06Z,8954.993404789862,1785783478,2026-08-03T18:57:58Z,22,20,44.926669657999994,62.63407669000001,17812761.366193004,17812761.366193,0,17.707407032000003,1318.8476757433602,11666.87,True,42
8vqaSN7ygJjWAjRqpUjNt3uwBfQuaDNiuweoVcxyGQLu,1785083466,2026-07-26T16:31:06Z,8698.833544229878,1785783478,2026-08-03T18:57:58Z,22,20,45.65169328699999,63.071587617000006,18537323.524531998,18537323.524531998,0,17.41989433,1297.4337296984002,11666.87,True,42
6gFqpfzzjtNYCWtJ6xxoYTJR1P7NiZPfx8z93Sxh3oUh,1785083149,2026-07-26T16:25:49Z,15000.765036720779,1785793551,2026-08-03T21:45:51Z,22,19,35.67914707400001,52.64792799500001,9323838.061645998,9323838.061645998,0,16.968780921000004,1263.8348029960803,11840.03,True,41
wPBUBzZqycXSKoE5SSA2hnoRc8dusQhptrfUfnfDsan,1785083524,2026-07-26T16:32:04Z,21289.411129896187,1787774072,2026-08-26T19:54:32Z,16,27,18.589812159999997,34.813141705999996,1567037.1491229995,1567037.1491229997,0,16.223329546000006,1208.3135845860804,44842.47,True,43
BxKZUvKm73hfpTTjjPst1Tw5Eh9gVehhrY2fT7fbTfGp,1785083171,2026-07-26T16:26:11Z,19933.20342452675,1785788227,2026-08-03T20:17:07Z,18,36,26.315839701999995,42.412681635,18345279.839546002,18345279.839546002,0,16.096841933,1198.8927871698402,11750.93,True,54
ABQgTqPzm3278pvFGxyWDr9cxKRKbrka1oQWzFAaxcvB,1785083438,2026-07-26T16:30:38Z,17838.360622944216,1785084945,2026-07-26T16:55:45Z,2,8,4.004301037,19.482304102,14638628.214933,14638628.214933,0,15.478003065,1152.8016682812,25.12,True,10
ByMh4opZhSiZzoya3iKoF7PQvY2xJfQ8t3uDkwi3RxsC,1785083189,2026-07-26T16:26:29Z,18580.93250875924,1787403759,2026-08-22T13:02:39Z,5,3,0.9655740799999999,16.343147749,1954594.125416,1954594.125416,0,15.377573668999998,1145.32168686712,38676.17,True,8
7NAd2EpYGGeFofpyvgehSXhH5vg6Ry6VRMW2Y6jiqCu1,1785083141,2026-07-26T16:25:41Z,9002.592281572735,1785084777,2026-07-26T16:52:57Z,30,12,9.594939732000002,24.011826492999997,52463557.86236001,57686388.565034,0,14.416886760999999,1073.7697259592799,27.27,True,42
Ckm6DF7m77M2WzriP8W26vLWuoNz6EKGC1gRxLHsNZDq,1785083507,2026-07-26T16:31:47Z,14770.92978815912,1785095247,2026-07-26T19:47:27Z,1,2,0.10807408,13.920671906,480143.27625,480143.27625,0,13.812597826,1028.76228608048,195.67,True,3
BbrqKd1Cg6grigK2Y4N4eMLB8BM8RZeKWC1m9TGMJUUM,1785083162,2026-07-26T16:26:02Z,13466.879846796712,1787580224,2026-08-24T14:03:44Z,190,42,9.952746358999994,15.086908667999996,303559.94129200035,262250.76993300003,41309.171359,13.353519251040915,994.5701138175274,41617.7,False,232
5gG5eAkNkqmYD2Bfiet5DAtDzSUKgH35oMdp3esP58ww,1785083473,2026-07-26T16:31:13Z,12920.3569199669,1785161282,2026-07-27T14:08:02Z,8,34,8.143037563,20.143568303,6513305.991311999,6513305.991312001,0,12.000530740000002,893.7995295152002,1296.82,True,42
AXAJSuxtNDis9u3dCTaMMquiyFrcxAfbcMWdwh8GEPgN,1785083149,2026-07-26T16:25:49Z,15211.230695913562,1785815019,2026-08-04T03:43:39Z,6,13,1.4641481709999997,13.449932235,3045032.0536959996,3045032.0536959986,0,11.985784063999997,892.7011970867198,12197.83,True,19
JNRocsoxuUaHVb6X2ZPEtW4QcRQ7yzeDKtyZ6EqLaMk,1785083146,2026-07-26T16:25:46Z,13713.350132366404,1787454684,2026-08-23T03:11:24Z,4,31,4.3416178080000005,14.783055354000004,8551736.091537999,8551736.091538,0,10.441437545999998,777.6782684260799,39525.63,True,35
881BBEiWCFWCB2AHnQpC1TkH6rYw2yWJQzFhrZf2nEz7,1785083468,2026-07-26T16:31:08Z,11731.673926011736,1787599862,2026-08-24T19:31:02Z,44,31,20.86866136,30.270066601,457539.6810760001,466371.12556500005,0,9.401405241,700.2166623496801,41939.9,True,75
814g5NDkNMPcMFCugzG3jtqEn8cKBNc2VQLnavW4RzEL,1785083401,2026-07-26T16:30:01Z,9720.680046985313,1785087148,2026-07-26T17:32:28Z,9,8,16.111071704999997,25.249619539999998,18808014.850489,18808014.850489,0,9.138547834999997,680.6390427507998,62.45,True,17
DvdkAF1wtyphLQzNVwMwHFV48SKHTv1QdDddNikWmw1j,1785083473,2026-07-26T16:31:13Z,11455.931176510589,1785083992,2026-07-26T16:39:52Z,1,7,2.5981990799999997,11.393919803,15863980.532509,15863980.532509001,0,8.795720723,655.10527944904,8.65,True,8
BZxtqKj99iYqDZFPxiXtEsCq9ffWPLkFuTkbW4LW23EF,1785083368,2026-07-26T16:29:28Z,3309.032156821194,1787340886,2026-08-21T19:34:46Z,2,4,2.728456208,11.156185109,21221711.114907,33170970.351744,0,8.427728901000002,627.6972485464802,37625.3,True,6
5Hxba5RLWyYwJTvjK6SSFFo4Wet5LU9tP9HnZvh5X324,1785083401,2026-07-26T16:30:01Z,10014.598224121375,1785087139,2026-07-26T17:32:19Z,9,14,15.881667199999999,23.974227608,17352789.217916,17352789.217916,0,8.092560407999997,602.7338991878398,62.3,True,23
GcNY3SXi9JfP3Wj9538vwDenhA6CxURAwZF2rCPXgrCC,1785083200,2026-07-26T16:26:40Z,18025.83498583618,1785268718,2026-07-28T19:58:38Z,44,44,47.357010847000005,55.270746374,57354399.213598,57354399.21359798,0,7.913735527000004,589.4150220509603,3091.97,True,88
F35VF7nWWMRcGrEPXgjsZmNxcz8GLLVGS1S88NkrR5rb,1785083200,2026-07-26T16:26:40Z,18812.757250872277,1785268718,2026-07-28T19:58:38Z,42,44,43.407247773,51.25332426699999,39727179.014413014,39727179.014413,0,7.846076494,584.3757772731201,3091.97,True,86
8Gji1htRRft5CqcyDrHAsieFsCo9uS9FdpGjEQFYQcaU,1785083505,2026-07-26T16:31:45Z,14615.884883265075,1785174655,2026-07-27T17:50:55Z,4,39,0.6539224800000001,8.325902713,652120.9174129999,652120.917413,0,7.671980233,571.40908775384,1519.17,True,43
7FPPD3ddrjPfhRJ7Ktf97c6DDyFVAcbc4Ws9AjH6yXK6,1785083519,2026-07-26T16:31:59Z,16852.15901423938,1785084196,2026-07-26T16:43:16Z,1,3,2.065154062,9.692912524,8577787.149475,8577787.149475,0,7.627758462,568.11545024976,11.28,True,4
FCwWgvAS74FNvQiVZdZmjZkUt25vT5ovtEDDZyRBjJ7w,1785083302,2026-07-26T16:28:22Z,2279.0206681451764,1785083543,2026-07-26T16:32:23Z,1,3,1.01307408,8.274555005,31119343.464865,31119343.464865003,0,7.261480925000001,540.8350992940001,4.02,True,4
7ZGKVUKaqNgWsc1WzXVwvab1N8S7z8oseLuUKK6KNh3C,1785083487,2026-07-26T16:31:27Z,17981.86208668547,1785173350,2026-07-27T17:29:10Z,8,25,5.211422239999999,12.398657287999999,2428044.736457,2428044.736456999,0,7.187235048,535.30526637504,1497.72,True,33
GaB7tX3irT3KTKr2rQPf5GbWMBpPoHj9wH7Pyu6XogTo,1785083473,2026-07-26T16:31:13Z,10680.312930035496,1785083972,2026-07-26T16:39:32Z,1,5,2.47194908,9.531068777,16185992.569658,16185992.569658,0,7.059119697,525.76323503256,8.32,True,6
9jVLi4onbfoRoYmhjKt1Nm3xmaUYR4vVNZ9zqdhic5uy,1785083521,2026-07-26T16:32:01Z,20737.917635521422,1785610689,2026-08-01T18:58:09Z,24,28,50.00146224,56.89317262300001,5209788.066601,5209788.066600999,0,6.891710383000003,513.2945893258402,8786.13,True,52
CGNHBChec8HTAgKRy9KgWh7anKtRpkDh7KAST89nnurD,1785083542,2026-07-26T16:32:22Z,24015.90277465734,1786403272,2026-08-10T23:07:52Z,237,51,5.215439994000003,11.994968958000003,308787.5132119998,308787.5132119999,0,6.779528963999995,504.9393172387197,21995.5,True,288
GqBXzbDjYviRi959rQmxVzCB7UigT3P466opp5M25H65,1785083107,2026-07-26T16:25:07Z,6591.496279378663,1785083536,2026-07-26T16:32:16Z,3,2,5.003086719000001,11.761898603999999,67008377.138110995,67008377.138110995,0,6.758811884999999,503.3963091948,7.15,True,5
2CRdWmdefARgG5XXjhwwLKjaEC8hFbZYTFohtigmmHMd,1785083159,2026-07-26T16:25:59Z,13238.11660424779,1785084183,2026-07-26T16:43:03Z,6,10,12.164074079999999,18.896655967,42513188.94558801,42513188.94558801,0,6.732581886999999,501.44269894376,17.07,True,16
9yHA2HwcsHfjSLZQXPx3eJUQAnbYU3YdbfBuNxkgFQSP,1785083094,2026-07-26T16:24:54Z,3229.1660909132365,1785083184,2026-07-26T16:26:24Z,1,4,1.3604340830000001,7.954677131,29491609.549023,29491609.549023002,0,6.594243048,491.13922221504004,1.5,True,5
2PSYPF2UgeSaNGgrtrWBQbocLpv35ZL51HxYawvyiLEL,1785083418,2026-07-26T16:30:18Z,18871.71227110922,1785101935,2026-07-26T21:38:55Z,6,10,7.509323758999999,13.890136251000001,6124218.762190001,6124218.762189999,0,6.3808124920000004,475.24291440416005,308.62,True,16
69xWoewjXMGFcmHdLE75dc7oujePHrGpmLGFmiwneYTR,1785083466,2026-07-26T16:31:06Z,9204.087083497085,1785699520,2026-08-02T19:38:40Z,23,11,38.722592434000006,45.060458897000004,19766269.736629996,19768014.610023998,0,6.3378664629999975,472.04429416423983,10267.57,True,34
7vvD6TWN6FvsDLAii4CJKQugj2V4FT54YhV3J5ZDQ7ps,1785083532,2026-07-26T16:32:12Z,22675.597649501637,1785106660,2026-07-26T22:57:40Z,2,3,0.357349079,6.684593682,451314.540921,451314.540921,0,6.3272446030000005,471.2531780314401,385.47,True,5
gCmdrQdpXKgXhTK9H5ff36Eqc2w9JvyAaKRV1n7iKBu,1785083421,2026-07-26T16:30:21Z,17877.646422159163,1785786219,2026-08-03T19:43:39Z,37,6,3.448185160999997,9.70702428,117237.125246,117237.125246,0,6.258839119000001,466.1583375831201,11713.3,True,43
4wfMGwXy5kN9nb2RbYdUNk468xjYrAJFkL6ERuL7zXMv,1785083429,2026-07-26T16:30:29Z,18931.64253510315,1785144343,2026-07-27T09:25:43Z,7,9,6.351144080999999,12.044631353,159419.192823,159419.192823,0,5.693487272,424.05093201856,1015.23,True,16
3YkT717kqX5edfDHUBjH9roVthZHzSPYLChsNPjoXB9f,1785083525,2026-07-26T16:32:05Z,20716.5526195722,1785101238,2026-07-26T21:27:18Z,9,8,23.396285533,29.032337220000002,1242983.278889,1242983.278889,0,5.636051686999998,419.7731296477599,295.22,True,17
Bjo8rLDTMp8KA88RUoXz1VoihSKoW6nRHw3mH3zodtL6,1785083451,2026-07-26T16:30:51Z,19296.42530943701,1785105201,2026-07-26T22:33:21Z,3,17,0.355887979,5.900088515,1477742.060958,1477742.060958,0,5.544200536,412.93205592128004,362.5,True,20
GVyKLC54cRvdEy3vjBPL9GDypG2jd7mHepZB9MGxZzQj,1785083208,2026-07-26T16:26:48Z,15125.128465718082,1785788268,2026-08-03T20:17:48Z,20,20,25.122433136999998,30.603768022999997,526707.7888020001,526707.788802,0,5.481334885999999,408.24982230928,11751.0,True,40
3DtFSKgWaEiwNxSPC11fGxtRthqViCgEkiPhFNuNcuxm,1785083499,2026-07-26T16:31:39Z,15933.291732874695,1785282927,2026-07-28T23:55:27Z,4,64,7.210282960999999,12.628537271000003,4501428.040642,4501428.040642,0,5.418254310000004,403.55158100880027,3323.8,True,68
8hGRwXvWXz6ungB1WFgj47rLbTL3Gxmk9KHJ4Ten25LG,1785083200,2026-07-26T16:26:40Z,18395.793579243367,1785839395,2026-08-04T10:29:55Z,51,49,51.67104947200001,56.552730570000016,65832409.79325501,65832409.79325498,0,4.881681098000003,363.5876081790403,12603.25,True,100
2bhy5b5JFXkdaFxMfQmfYXPMMbbfN1JkkpxXYoS3tf5P,1785083401,2026-07-26T16:30:01Z,10321.32227194565,1785087135,2026-07-26T17:32:15Z,9,10,15.533343219999999,20.212141467000002,18901486.633634,18901486.633634,0,4.678798247000002,348.4768934365602,62.23,True,19
TuouBnypgwNHajm8uUYLSfaVp1UfCfhphJeZGjjate4,1785083193,2026-07-26T16:26:33Z,17354.4278011826,1785099060,2026-07-26T20:51:00Z,37,23,13.574985774000002,18.227262197,15905545.405435001,15905545.405435003,0,4.652276423,346.50154798504,264.45,True,60
6MaZ2ikXBYEJjeB4JjuWR2wX7yfJBCE3Znhww6TJH3sB,1785083097,2026-07-26T16:24:57Z,5220.510701289332,1785083190,2026-07-26T16:26:30Z,1,5,2.003368209,6.584877127,26898675.142685,26898675.142685,0,4.581508918,341.23078421264,1.55,True,6
HRxU14Hw4DZootnTn4JBn3U6YbQJmkDvScNeyapRLxHv,1785083436,2026-07-26T16:30:36Z,15069.035200119884,1785086508,2026-07-26T17:21:48Z,1,2,1.00507408,5.372855511,4659383.281551,4659383.281551,0,4.367781431,325.31236098088004,51.2,True,3
8SuAiRmz9gVXMMLXsrjTCfNry7qsAGHXXV4qVstpu9EY,1785083118,2026-07-26T16:25:18Z,5692.695849777848,1785084238,2026-07-26T16:43:58Z,12,13,8.089836459,12.432890351,42503493.23499999,42503493.235,0,4.3430538919999995,323.47065387616,18.67,True,25
64hP97Bwr5PubotcTeGgfhkFrGiLVVxT2kVo9M9b4AEz,1785083124,2026-07-26T16:25:24Z,6835.6285491856015,1785083538,2026-07-26T16:32:18Z,30,7,8.510699005,12.786005143,64996595.06004499,64996524.921666004,70.138379,4.2753061379999995,318.42480115824,6.9,False,37
BRGBSRgZS9a9L9Dov5hhDA65uvtT7bvbztLfuPtnxBZn,1785083542,2026-07-26T16:32:22Z,23578.350871186074,1785164384,2026-07-27T14:59:44Z,5,5,19.147911362000002,23.384491779,5630481.574768,5630481.574768,0,4.236580417000002,315.54050945816016,1347.37,True,10
7GZeuQXMP9dKhMmAGwX47J8TQL54yfuUNWj5V7faEY1n,1785083396,2026-07-26T16:29:56Z,6685.4081310901165,1787344842,2026-08-21T20:40:42Z,5,15,6.866663214999999,10.784171817,11957961.163444001,11957961.163444003,0,3.9175086019999994,291.77604067695995,37690.77,True,20
Ak7Z5nUXctypS8d4ArHebJNCNX43gbGHYzm9Cu4Djx9Z,1785083123,2026-07-26T16:25:23Z,6648.124250065618,1785784453,2026-08-03T19:14:13Z,11,12,11.12514816,14.944798067,18353474.551916998,18353474.551916998,0,3.819649907000001,284.4875250733601,11688.83,True,23
5gX8PCN9ZsS58TDKpGZM4Gv2vnDy9gqscxjBap84aKXd,1785083473,2026-07-26T16:31:13Z,9192.629703703218,1785083581,2026-07-26T16:33:01Z,1,3,2.3456990799999997,6.028560086,17841060.471083,17841060.471083,0,3.6828610059999995,274.29948772688,1.8,True,4
9kV5yvFCL6mTu7AVMNzVdQ36wwsvfUcTm5M11p1poLB5,1785083426,2026-07-26T16:30:26Z,18558.267824319122,1785733508,2026-08-03T05:05:08Z,5,13,1.5112222400000002,5.193185464000001,469912.192288,469912.192288,0,3.6819632240000004,274.2326209235201,10834.7,True,18
CzeRd3vZfXFBRvgsdYq8g35Ja1Pzxt6HJy6uAkWP4AFY,1785083178,2026-07-26T16:26:18Z,21289.661741155353,1785787641,2026-08-03T20:07:21Z,9,8,14.086892512999999,17.727593326999997,6626342.567223,6626342.567223,0,3.6407008140000023,271.1593966267202,11741.05,True,17
9KKUXi2XroSMT2jUfWMDzwPXiertNKMo95Rxm5LEkVsv,1785083401,2026-07-26T16:30:01Z,10646.449944214879,1785083736,2026-07-26T16:35:36Z,2,6,1.927208464,5.557519198,12606839.448439,12606839.448439,0,3.630310734,270.38554346832,5.58,True,8
Cc3CgkAqUmZ6P81PSDb69T9hJiH3ERZp2SwAobgqLZRa,1785083180,2026-07-26T16:26:20Z,21803.207434492517,1785116227,2026-07-27T01:37:07Z,23,14,13.842212726000001,17.418981132,6856037.471952997,6856037.471953001,0,3.5767684060000002,266.39771087888005,550.78,True,37
SQHK48QT8SY1vYN44iXji7wQ6CJek8AjfX6mBp47TZq,1785083145,2026-07-26T16:25:45Z,12817.393798284314,1785998015,2026-08-06T06:33:35Z,22,5,4.483078949,8.005410805,48656135.46170801,48656195.087466,7.178300999999999,3.5223318559999997,262.34327663488,15247.83,True,27
ARC5JvKVCcnitPgTmmqV9xc1FJUPB43AEWPU1iMdYM7k,1785083396,2026-07-26T16:29:56Z,6221.946796408196,1787344842,2026-08-21T20:40:42Z,5,15,6.058962721,9.56644306,10602307.992534,10602307.992534,0,3.507480339,261.23713564871997,37690.77,True,20
2xKDETThQeNxPZAtkicq8UABrRQtyRfHTwCs57mTpFFQ,1785083096,2026-07-26T16:24:56Z,4995.248479026642,1785083194,2026-07-26T16:26:34Z,1,4,1.50307408,4.973907769,21083759.196147,21083759.196147,0,3.4708336890000004,258.50769315672005,1.63,True,5
4UvPYKxeQV8qFZXpgbrLoZGDFgtmYKSR5wvUo9K3fKga,1785083118,2026-07-26T16:25:18Z,5257.849375811036,1785084238,2026-07-26T16:43:58Z,14,8,7.475474844,10.940348714999999,38788506.699511,38788506.699511,0,3.4648738709999995,258.06380591208,18.67,True,22
DQta6PDd18Rrn8pQJhYsxNHC4GEvzzU9xNdQTYV5yjBb,1785083210,2026-07-26T16:26:50Z,12924.713690000002,1785084921,2026-07-26T16:55:21Z,3,6,9.006501636,12.451227380999999,26095653.326968003,26095653.326968003,0,3.444725745,256.5631734876,28.52,True,9
G8K8Uj1mxxMfzEZEUxngWY9m8JRztMhLF1tM4Kb4nDew,1785083402,2026-07-26T16:30:02Z,13311.690501701565,1785791705,2026-08-03T21:15:05Z,31,26,25.49697692200001,28.858622994000005,2856740.115743001,2856740.1157430005,0,3.3616460719999997,250.37539944256,11805.05,True,57
4YCD7moMd7ecCEH1qBTozAUcCauStipF9sakUrP5DWL6,1785083180,2026-07-26T16:26:20Z,21641.3676729509,1785783863,2026-08-03T19:04:23Z,61,10,8.79377408,12.091695409000002,333912.9849739999,333912.984974,0,3.2979213289999985,245.6291805839199,11678.05,True,71
E1b97kWpeZk2oZYxGEYigj4NoDsczjZDhPtoYpbFRJVt,1785083195,2026-07-26T16:26:35Z,16385.28630921466,1785092976,2026-07-26T19:09:36Z,17,32,6.786131141,10.073687883000002,4745228.297746001,4745228.297745996,0,3.287556741999999,244.85722614415994,163.02,True,49
5fHJszey2UdB2nETS1y6NS2wSG4ic9byKtbgJzaYzGeV,1785083396,2026-07-26T16:29:56Z,6331.667928662304,1787344842,2026-08-21T20:40:42Z,5,15,6.184490156,9.362954163000001,9856912.167428002,9856912.167428002,0,3.1784640070000005,236.73199924136006,37690.77,True,20
9Lmv1xqRFfaB1ZW9DKXLvULp9ep5UQge71RePVWS9L6i,1785083392,2026-07-26T16:29:52Z,5332.001367089657,1785083430,2026-07-26T16:30:30Z,1,4,1.6506694610000001,4.756454221,21564045.384942,21564045.384942,0,3.1057847599999997,231.3188489248,0.63,True,5
CsyWmiekRbsiUhStj1pDZCBN8YDgRvFzq1f2u78nPC2L,1785083145,2026-07-26T16:25:45Z,12510.891542500562,1785853327,2026-08-04T14:22:07Z,28,5,10.002634080000004,13.076186769,5751023.494104999,5751023.494105,0,3.0735526889999996,228.91820427672,12836.37,True,33
CoAmJNSXezCKgwUA7j62Btyph38sw75xM16aZb2HGeFo,1785083535,2026-07-26T16:32:15Z,25859.48202765711,1785090754,2026-07-26T18:32:34Z,3,13,0.563434679,3.5465720199999997,1688700.870132,1688700.8701320002,0,2.983137341,222.18406915768,120.32,True,16
7Ys7PwYJrLuwVsuoARjAy5NQZo68qMtqSwgg2MhFncb9,1785083513,2026-07-26T16:31:53Z,16259.618133323753,1785202798,2026-07-28T01:39:58Z,1,7,0.021310537,2.957668887,77534.464288,77534.46428799999,0,2.93635835,218.699969908,1988.08,True,8
98FhduSDgonNFyLThRwm3sqvkVQQTvpFaPKRD4wVzpvk,1785083145,2026-07-26T16:25:45Z,13093.002550371128,1787329913,2026-08-21T16:31:53Z,27,18,23.985574080000003,24.338584887,1979060.1291639998,1974286.7008070003,4773.428357,2.880010807000002,214.50320490536015,37446.13,False,45
Doujx7cveDxFHnR11YfXFGyzdNRNdLJG6CHKTxSv8oXS,1785083455,2026-07-26T16:30:55Z,16251.422402607328,1787326917,2026-08-21T15:41:57Z,9,26,0.534007195,3.31795729,541009.345702,541009.3457019998,0,2.7839500950000007,207.34860307560007,37391.03,True,35
FMWh9MigG2U18hXTXPjnbe7TdM8XVxVpFmukFCqwd6p7,1785083392,2026-07-26T16:29:52Z,6072.787506313105,1785083430,2026-07-26T16:30:30Z,1,4,1.8521470150000001,4.609571901999999,21263010.456446,21263010.456446,0,2.7574248869999995,205.37300558375998,0.63,True,5
7WrdEx9stVV5wMdYeV8saCDremofiHF7M7eqQerNNf94,1785083147,2026-07-26T16:25:47Z,14925.634754374134,1785084010,2026-07-26T16:40:10Z,4,4,5.093704118,7.831643889,12993546.833685001,12993546.833685,0,2.7379397709999993,203.92175414407996,14.38,True,8
EaNHi9dRgzfKUo7bDfcum71RgWS2PXmmrPC96pmDhXpb,1785083175,2026-07-26T16:26:15Z,19373.018164014666,1785084830,2026-07-26T16:53:50Z,12,4,0.25120567099999996,2.974306716,1080556.147176,1080556.147175,1.00000761449337e-06,2.723101045000245,202.81656583161828,27.58,True,16
CeZbzsqje88U7GCCrAiGUr5BrZrBJ3AkQMyG9aggDiqQ,1785083094,2026-07-26T16:24:54Z,3013.9264373778,1787357834,2026-08-22T00:17:14Z,17,4,1.8460312030000003,4.542187523,30779668.961782005,30779668.961782,0,2.69615632,200.80972271360002,37912.33,True,21
32WzQNeftH6kLqFqUtbR6cQFgKUvm2qV3FPvbjtQdrgH,1785083306,2026-07-26T16:28:26Z,2751.473979656272,1785784094,2026-08-03T19:08:14Z,3,2,6.075295139,8.730884348,25037018.766073998,25037018.766073998,0,2.6555892089999995,197.78828428631996,11679.8,True,5
HZha12tyuyqTiHcyyLFjbM6WwnD1V9PQoMtqWbWMB88M,1785083170,2026-07-26T16:26:10Z,19183.52159850543,1785792788,2026-08-03T21:33:08Z,39,135,14.887314080000001,17.518975413000003,13492263.991774004,13492263.991774,0,2.631661332999998,196.00613608183986,11826.97,True,174
2ZMuJqNAxjrZQ5DDJYWWxwWv1AUZGWLXcerWJuiBmgAN,1785083392,2026-07-26T16:29:52Z,5685.480900968081,1785083430,2026-07-26T16:30:30Z,1,4,1.6364057650000001,4.258935319,20047210.261691,20047210.261691,0,2.6225295539999998,195.32600118192,0.63,True,5
9HJb6Y6t5Bntxq9Fa58aNuewXCfsEZnWfpf6JevRUUdC,1785083521,2026-07-26T16:32:01Z,21331.61406030863,1785777983,2026-08-03T17:26:23Z,11,11,3.63632632,6.120883216,552091.670518,552091.670518,0,2.484556896,185.04979761408,11574.37,True,22
BvHrVQGLu4GMvDB5wvNz3gfwskV5tRTo5M4PJEGXcG3u,1785083427,2026-07-26T16:30:27Z,18635.2847752978,1785779164,2026-08-03T17:46:04Z,12,19,11.323028383,13.790354155000001,15797121.601707999,15797121.601708002,0,2.467325772,183.76642349856002,11595.62,True,31
BminQKJvhM1opGtSGuagYLvbegHTAXJtFDZxC25d8GM5,1785083192,2026-07-26T16:26:32Z,17200.364270679936,1785234317,2026-07-28T10:25:17Z,12,13,11.838074079999998,14.266885658,1716298.1010009998,1716298.1010009998,0,2.428811578,180.89788632944,2518.75,True,25
2838bUY5PTfmz2S9HNh1zc2cAgohSZRVfbBzQJ6hFtD7,1785083460,2026-07-26T16:31:00Z,11362.667402325345,1785243412,2026-07-28T12:56:52Z,13,5,12.137148159999999,14.485569429,4985564.682244,4985564.682244,0,2.3484212689999993,174.91041611511994,2665.87,True,18
AXoLu2c3X26Ro2rGGtsuqWdWn9gDbqLSkLXduATWrHnw,1785083456,2026-07-26T16:30:56Z,16469.211648185414,1785088687,2026-07-26T17:58:07Z,3,10,3.0771743320000002,5.389100416,4282231.094411001,4282231.094411001,0,2.3119260839999995,172.19225473631997,87.18,True,13
J6af5Zu4fe2R51hjj4b7E8VbwLakzoYeBPnfpGBNpoAT,1785083426,2026-07-26T16:30:26Z,18463.530454049156,1785088247,2026-07-26T17:50:47Z,10,9,6.745506954,9.027086949000001,7058720.4123060005,7058720.4123060005,0,2.2815799950000004,169.93207802760003,80.35,True,19
6KEqpWHUD6ntSQjvaBUCXNwb8rEMi1cmqxu3P1hxotTE,1785083249,2026-07-26T16:27:29Z,3785.3380177389004,1785085689,2026-07-26T17:08:09Z,1,37,0.252167252,2.483481712,4637129.516552,4637129.516552,0,2.23131446,166.18830098080002,40.67,True,38
CkzAKX1nggTXvWf74wtr8XXbNxXCacX13TgurcTyqwAG,1785083473,2026-07-26T16:31:13Z,12666.654831479727,1785083791,2026-07-26T16:36:31Z,1,6,1.01815408,3.229908004,5599081.04224,5599081.04224,0,2.211753924,164.73143225952,5.3,True,7
DHNYm7spbcsnUNpxVBbnotx9uGyA4ansoMLNbtmbv3pR,1785083421,2026-07-26T16:30:21Z,18273.508413236254,1785085744,2026-07-26T17:09:04Z,4,6,8.017345688999999,10.193958815999999,20362807.56831,20362807.568309996,0,2.1766131270000004,162.11414569896004,38.72,True,10
2x8MqmXwu5MrdJAtP5JZxTaM9VugmS7eeXgU9CrQW5xF,1785083118,2026-07-26T16:25:18Z,5485.0148574003,1785084172,2026-07-26T16:42:52Z,14,5,7.247196249,9.423701458,38687395.215731,38687395.215731,0,2.176505208999999,162.10610796631994,17.57,True,19
HPPiUuVSFUxYsLygarsQ4NVmdGAJ6DHg7AujbVG8yHsm,1785083520,2026-07-26T16:32:00Z,19626.454556578054,1785098829,2026-07-26T20:47:09Z,3,5,0.67229256,2.788176155,516591.152006,516591.152006,0,2.1158835949999997,157.59101015559997,255.15,True,8
4Lodm2nk8y82NtDUPexvbzvMPPKyDgZ38ZzPwXFJiwvN,1785083125,2026-07-26T16:25:25Z,6808.9798148848795,1785084234,2026-07-26T16:43:54Z,11,7,8.136874979,10.191353012,34783906.68721101,34783906.687211,0,2.0544780329999996,153.01752389784,18.48,True,18
3uQtt2nXFDfNnUb1mVvHPXxAgfu7UkwY6ZCPQgtrVja7,1785083467,2026-07-26T16:31:07Z,9987.275062456736,1785099455,2026-07-26T20:57:35Z,16,12,4.002234080000001,6.016807548,6724048.229429998,6724048.229429999,0,2.014573468,150.04543189664,266.47,True,28
D9XWSKpaGnJAFMzZxBfWMSUy5qSFRyYWV6ZKepoJxyTd,1785083177,2026-07-26T16:26:17Z,21501.102636784646,1785785022,2026-08-03T19:23:42Z,37,21,18.040260299,20.049373482000004,8077278.579492001,8077278.579491999,0,2.0091131830000006,149.63874986984007,11697.42,True,58
GdYSLnFAEshk6DkHDsmSh1zdn8VpCTVJSpaEr3A5M28y,1785083469,2026-07-26T16:31:09Z,11690.966112483446,1785105613,2026-07-26T22:40:13Z,2,6,2.252274081,4.255877521,1520363.319637,1520363.319637,0,2.00360344,149.22838421120002,369.07,True,8
42wuKdjT3h1dybTMygQshSsH57EHGseZPU9vTog4VEYm,1785083094,2026-07-26T16:24:54Z,2805.561262874974,1785083113,2026-07-26T16:25:13Z,1,1,1.364831037,3.3560853550000003,34054514.369321,34054514.369321,0,1.9912543180000002,148.30862160464002,0.32,True,2
iNyUtaMtqWNyJcwy3CyENdou1YK7F7eGcXaqC7FioxQ,1785083364,2026-07-26T16:29:24Z,2999.106869073144,1785083652,2026-07-26T16:34:12Z,1,9,0.50208408,2.408308614,11705553.298678,11705553.298678,0,1.906224534,141.97560329232,4.8,True,10
HuWAWix6CctFR1QUAzT8X9K5PuJcWiqjuQ2PDb2sma96,1785083418,2026-07-26T16:30:18Z,21024.015933823244,1786044844,2026-08-06T19:34:04Z,175,42,20.589752239999964,22.480935120999995,9456652.388782999,9456652.388783006,0,1.8911828809999993,140.85530097687996,16023.77,True,217
6xWDFHkSHHUNF2C3JqcJB72h9kMQ6eKLDRSftvkKyqn6,1785083166,2026-07-26T16:26:06Z,22328.66113165001,1785097683,2026-07-26T20:28:03Z,11,7,7.598769110999999,9.462532356,22547539.866530996,22547539.866531003,0,1.8637632450000006,138.81308648760006,241.95,True,18
C4nt8V8cvi5sunMGiJwN3W2Rrq7PdnyY3gZtv9KfNEF2,1785083560,2026-07-26T16:32:40Z,28308.076009761393,1785086242,2026-07-26T17:17:22Z,9,14,8.878730053000002,10.667975023,15498725.289332997,15498725.289333003,0,1.7892449699999995,133.26296536559997,44.7,True,23
A1VtyWpvCc4928qLwtwu1BPnvaSvGac2z6S8f7WKFMEw,1785083507,2026-07-26T16:31:47Z,16746.63865679881,1785084242,2026-07-26T16:44:02Z,2,5,0.782287378,2.5319476400000003,3195876.655963,3195876.655963,0,1.7496602620000001,130.31469631376,12.25,True,7
CNZfgxuxUkhUgcUQdYSR7LTWEHbBbpsDe3bWDnpgLVTn,1785083169,2026-07-26T16:26:09Z,21075.603001543303,1786304855,2026-08-09T19:47:35Z,24,15,16.644887979000003,18.383264804,1023566.166279,1023566.1662789998,0,1.7383768250000007,129.47430592600006,20361.43,True,39
DRCZi1rVZVtoT3zPN6ZreCAyU6LaePpCrHRowmSKCwiW,1785083105,2026-07-26T16:25:05Z,5281.54444657559,1785085151,2026-07-26T16:59:11Z,5,5,4.733619335,6.459981621,14830347.144173998,14830347.144173998,0,1.7263622859999999,128.57946306128,34.1,True,10
EbcdAjZJf2V5DyiPqxC4D77uDcJBEWynPzxv59nY4qp9,1785083175,2026-07-26T16:26:15Z,19346.889255341765,1785092908,2026-07-26T19:08:28Z,9,1,0.034603399,1.745505284,63936.728587,63936.728587,0,1.710901885,127.42797239480001,162.22,True,10
Bfd2zuMMCDS8JQvHhD7JsNE11rN6XMd1nnk9LGkpzDGv,1785083141,2026-07-26T16:25:41Z,12824.238134152085,1787056771,2026-08-18T12:39:31Z,14,13,16.196550683999998,17.86924371,2688317.5098110004,2688317.509811001,0,1.6726930260000015,124.58217657648012,32893.83,True,27
4u9LEbadA8tn4hBuZUbHzExPQvNzm9h2fFNJGvdbCf8P,1785083182,2026-07-26T16:26:22Z,21484.055153504298,1785084832,2026-07-26T16:53:52Z,1,2,0.33102445900000005,2.002691145,1082606.343451,1082606.343451,0,1.6716666859999998,124.50573477328,27.5,True,3
9aTVpm4nqSRvt9z11CEUQ7EjpZZ6S3PHCy5t7sAsu1o9,1785083507,2026-07-26T16:31:47Z,17003.116559672086,1785084242,2026-07-26T16:44:02Z,2,5,0.7430798000000001,2.404037965,2993865.285157,2993865.285157,0,1.6609581650000003,123.70816412920003,12.25,True,7
CR4Y5YQ2Dy8kdKCCYd32goMmG762FqFaBb5uVbQdxaKc,1785083218,2026-07-26T16:26:58Z,5721.900141439659,1785086375,2026-07-26T17:19:35Z,101,54,1.5651740800000058,3.2034391449999995,5283164.984520999,5283164.984520998,0,1.6382650649999995,122.01798204119997,52.62,True,155
FfJMgsayZYWd8MVS3fKLkZJdPQ1ZnvtHPz7wQmhULNcH,1785083454,2026-07-26T16:30:54Z,15880.30940653663,1785098611,2026-07-26T20:43:31Z,35,38,11.765574079999993,13.363575336,6234114.458348002,6234114.458348003,0,1.598001256,119.01913354688001,252.62,True,73
FPACLbrvNT8NMpJNShGxUzeDVm4inQXo2yVKVFZ5mf3n,1785083533,2026-07-26T16:32:13Z,23196.917307512,1785090992,2026-07-26T18:36:32Z,7,5,16.888008977000002,18.457058096,15608695.242064001,15608695.242064001,0,1.5690491189999993,116.86277838311996,124.32,True,12
NJXwAmfDKHZXwjKLxGnu7VYCXnp7h7547z2S4ucKbRV,1785083507,2026-07-26T16:31:47Z,17252.853961778437,1785084242,2026-07-26T16:44:02Z,2,5,0.733855065,2.28994533,2916693.825432,2916693.825432,0,1.5560902650000004,115.89760293720003,12.25,True,7
57stAMFvwctAjkBS76RXGoK4QKyS1QoxbGMbzFFe4DyZ,1785083094,2026-07-26T16:24:54Z,3599.603494161307,1785083106,2026-07-26T16:25:06Z,1,7,3.00203928,4.544234423,59107865.990056,59107865.99005599,0,1.5421951429999998,114.86269425063999,0.2,True,8
FDxxx8dBvwzWXDPcsHJF5BYQCrNVvZaBEuQ2iRgMcTiu,1785083560,2026-07-26T16:32:40Z,29049.612653596192,1785086242,2026-07-26T17:17:22Z,8,14,8.034811567999999,9.576876047999999,13728892.918298,13728892.918297999,0,1.5420644799999996,114.85296247039997,44.7,True,22
6wAAZph57VDsCiabg2rt2cYh8ogxQquyeEc4kHSjnBbA,1785083533,2026-07-26T16:32:13Z,22098.359881636246,1785090992,2026-07-26T18:36:32Z,6,5,15.566546077,17.089316732,15767317.510070002,15767317.51007,0,1.5227706550000009,113.41595838440007,124.32,True,11
29zpxaxkb7FyF8RG3WjVfWCuqu4g4RSswDNqHgmtCS84,1785083130,2026-07-26T16:25:30Z,6612.6070505893595,1785527793,2026-07-31T19:56:33Z,3,5,2.03799256,3.503844448,14080414.914188,14080414.914188,0,1.465851888,109.17664861824001,7411.05,True,8
DseHez8pmHoPimNEf1Th94ffBG8GLqWcKETDhd6CCiwR,1785083455,2026-07-26T16:30:55Z,16655.297367277224,1787776763,2026-08-26T20:39:23Z,115,47,1.8271873729999997,3.280716853,1527434.898418999,1532507.6805579993,0,1.45352948,108.2588756704,44888.47,True,162
C68qKMfFUZmhrodQ7PXQWxbypX4sGB8mHbu3nuRLnMN7,1785083548,2026-07-26T16:32:28Z,25690.07008829778,1785085370,2026-07-26T17:02:50Z,7,4,5.712279569000001,7.132665184,6879349.08267,6879349.082670001,0,1.4203856149999998,105.7903206052,30.37,True,11
5q5GLnij1RPYMpyTis2eAv7KaWRyAMsXyBW7jKkWSpKs,1785083397,2026-07-26T16:29:57Z,7112.403410860902,1785083463,2026-07-26T16:31:03Z,1,2,2.00607408,3.4180867260000003,19743652.506895,19743652.506895,0,1.4120126460000002,105.16670187408002,1.1,True,3
EB9rURAEFFHHvcuTig6R2jfaPMzWWwmRnzeoPnigGer,1785083105,2026-07-26T16:25:05Z,5495.954081077914,1785085151,2026-07-26T16:59:11Z,5,5,5.280528826,6.688360619,14492727.690822,14492727.690822002,0,1.4078317929999997,104.85531194263999,34.1,True,10
4EDbfvj4avEKHHHu7skwKFWGLhrVbw5B64vB1H4LTfDu,1785083176,2026-07-26T16:26:16Z,18959.021431352598,1786221347,2026-08-08T20:35:47Z,14,5,0.7007352609999999,2.082382846,709564.845738,709564.845738,0,1.3816475850000045,102.90511213080035,18969.52,True,19
8XaSwG4qmvGrvsniBW4VgpW2NRELsianbLw98XpivjUP,1785083475,2026-07-26T16:31:15Z,14696.305926235518,1785540434,2026-07-31T23:27:14Z,3,13,0.714242183,2.0848335330000003,483648.94636400003,483648.94636400003,0,1.37059135,102.081643748,7615.98,True,16
omegoMAe1AMY5MFKQQr3JwXVy8F4eCvmBAfcpo8XAfq,1785083170,2026-07-26T16:26:10Z,19559.93186965614,1787435873,2026-08-22T21:57:53Z,47,21,7.064815960000001,6.895928091,22804560.130459,22804574.72006399,4139687.543983,1.3481720916816697,100.41185738845077,39211.72,False,68
B5LJMjBTY2YnkRtpTmWe4DGzdkuv12XFLAg6bo97Lcd2,1785083389,2026-07-26T16:29:49Z,4537.951245298835,1785088708,2026-07-26T17:58:28Z,4,6,4.106917602,5.44170967,2589958.12325,2589958.12325,0,1.3347920679999996,99.41531322463997,88.65,True,10
9ERrNvQtSfNEqMKBw1V3zHWMZUPNM5DxH4q5UNnZKz2c,1785083147,2026-07-26T16:25:47Z,15141.475537653558,1785103051,2026-07-26T21:57:31Z,12,11,3.9732740799999995,5.265354637000001,3072224.7991450005,3072224.799145,0,1.2920805570000002,96.23415988536003,331.73,True,23
3s1YTjcrgqyGPzge7Za45Lezbkhjnp5YqqioYmXf8jiB,1785083558,2026-07-26T16:32:38Z,27395.8166978026,1785721256,2026-08-03T01:40:56Z,7,6,9.013582026,10.291438576000001,13605294.570552,13605294.570552,0,1.27785655,95.17475584400002,10628.3,True,13
CDti4ccEey6aDYQb1bHawW17hgCGQ1NfmP3WJhr3w6bR,1785083448,2026-07-26T16:30:48Z,16613.253657418638,1785084830,2026-07-26T16:53:50Z,1,3,0.106904002,1.367030718,436844.260861,436844.260861,0,1.260126716,93.85423780768001,23.03,True,4
2Y5UatxnQWGv6URdieEZxwCi2uNE2khoqRU8ZeMyZvyh,1785083106,2026-07-26T16:25:06Z,6217.438283910681,1786647426,2026-08-13T18:57:06Z,1,2,1.20818328,2.406112259,13688266.523349,13688266.523349,0,1.197928979,89.22175035592001,26072.0,True,3
D9gQ6RhKEpnobPBUdWY5bPQt2p3zGk3iVz6ChpUi2ArA,1785083078,2026-07-26T16:24:38Z,2207.232439401224,1785792819,2026-08-03T21:33:39Z,2,10,4.02335176,5.205660331,96451881.607692,96451881.607692,0,1.182308571,88.05834236808,11829.02,True,12
65tWUV8YHkRxKDMQRQG7BwDJYhmN8Bty64GmXWXn781u,1785083188,2026-07-26T16:26:28Z,18282.135352715908,1785340319,2026-07-29T15:51:59Z,11,9,48.219663768000004,49.395040266,15210078.352868002,15210078.352868,0,1.1753764979999994,87.54204157103996,4285.52,True,20
XKUUBZQRQs7hgXmjWVJFhYNmGDdqPKZcGedd4NhZuUd,1785083210,2026-07-26T16:26:50Z,12314.444494751084,1785085704,2026-07-26T17:08:24Z,5,2,0.509485403,1.663822993,2173472.741901,2173472.741901,0,1.15433759,85.9750637032,41.57,True,7
7MUrpzoaqifpVyxPXiiBfENHKHFoFJkwGEivZ8bxem8T,1785083389,2026-07-26T16:29:49Z,4478.492283395044,1785083479,2026-07-26T16:31:19Z,1,2,0.507642773,1.654258279,7918024.895887,7918024.895887,0,1.1466155059999998,85.39992288687999,1.5,True,3
ADogYmtymE6EyMdFnpACZ2goHkfTVEA3fbV2uApppdWw,1785083492,2026-07-26T16:31:32Z,16146.440177141958,1785618033,2026-08-01T21:00:33Z,7,4,0.613251483,1.738646133,446643.788368,446643.788368,0,1.12539465,83.819393532,8909.02,True,11
AKYENzX6a6r3EH8svE62ZXPyUoBmGAMNzmf1eHmgRzxH,1785083127,2026-07-26T16:25:27Z,6745.574321155854,1785571425,2026-08-01T08:03:45Z,4,13,3.204405302,4.305759543000001,5993367.30825,5993367.308250001,0,1.1013542409999995,82.02886386967997,8138.3,True,17
H6tV9WXDZ56dnf9dJUqvJLvWng96d1JTPNHehcUaibv6,1785083555,2026-07-26T16:32:35Z,24565.859235082993,1785093487,2026-07-26T19:18:07Z,12,10,1.8399960840000003,2.9274330859999997,1192093.136746,1192093.136746,0,1.0874370019999997,80.99230790895999,165.53,True,22
3KVdcRx6H4QYLs3A3fT45cy1VSTbWbrMfXJtcUfTJSyd,1785083450,2026-07-26T16:30:50Z,15624.048034315607,1785084888,2026-07-26T16:54:48Z,1,5,0.20417408,1.276249463,907852.1318,907852.1318000001,0,1.072075383,79.84817452584001,23.97,True,6
RuAjtSKGsaAGPoeeEvazDBkdPZvPNH7gqEs1haJho6T,1785083393,2026-07-26T16:29:53Z,6564.5199232691075,1786794951,2026-08-15T11:55:51Z,2,3,0.69572021,1.748433591,7419241.536111,7419411.397263,0,1.052713381,78.40609261688,28525.97,True,5
5k6UhoEWk64XSosduGovHVqGy9S7kE36fTmuSk7sJCAY,1785083458,2026-07-26T16:30:58Z,14602.787217112393,1787655046,2026-08-25T10:50:46Z,26,24,4.329148420000001,4.863681861,698451.2028970004,697389.4493900002,1061.753507,1.0353090689980449,77.10981945897439,42859.8,False,50
GXWhH8CdRJ5ZHrComffE1fzbG5bJtKMgEKRfZMUxYgKm,1785083393,2026-07-26T16:29:53Z,6728.661427616667,1786794951,2026-08-15T11:55:51Z,2,3,0.687039223,1.716739118,7147674.656640001,7147843.608320001,0,1.029699895,76.69204817960001,28525.97,True,5
Htc27SzjE1V7uNtoE2v9GqqX5Gdiz3DNioDqrzQBVgnX,1785083456,2026-07-26T16:30:56Z,16495.007869811754,1785098152,2026-07-26T20:35:52Z,38,22,14.398374080000002,15.402707943000003,8491321.508431999,8491321.508431999,0,1.0043338630000007,74.80278611624006,244.93,True,60
6AhH7XGofKCU3NGrYNGA8DFmFdw7CtY34CzfTs3u99sm,1785083393,2026-07-26T16:29:53Z,6387.692777257825,1786794951,2026-08-15T11:55:51Z,2,2,0.8122676959999999,1.782806047,8905652.338787999,8905802.233492,0,0.9705383510000001,72.28569638248001,28525.97,True,4
45DbwvGupCdoYe6Zp9uYwxEH8bKgCGD3Es4mLVnDrkgT,1785083502,2026-07-26T16:31:42Z,14320.51083208928,1785084287,2026-07-26T16:44:47Z,1,2,0.303551958,1.265390338,1470877.920764,1470877.920764,0,0.9618383799999999,71.6377225424,13.08,True,3
2AF5w9P6TsZk7Fddrr8QLWEHGJQgnZDUFebggRS4w1r8,1785083496,2026-07-26T16:31:36Z,16028.586281241945,1785083757,2026-07-26T16:35:57Z,1,2,0.55217408,1.4440873440000002,2409247.152031,2409247.152031,0,0.891913264,66.42969990272,4.35,True,3
A8st9QNWjLcioTs5WWoE5mUhgBGUPjh9rq6TRSGumtqn,1785083106,2026-07-26T16:25:06Z,5867.562778993707,1785083297,2026-07-26T16:28:17Z,1,3,1.8872188870000002,2.776607254,22263699.807715,22263699.807715,0,0.8893883669999996,66.24164557415997,3.18,True,4
8zws4rkYZGFX7G7uJ8x7WHFh5JLkSb5KePgwSVNkzsxu,1785083473,2026-07-26T16:31:13Z,13354.289007274207,1785093376,2026-07-26T19:16:16Z,5,5,6.005328838,6.885385308,9499190.884730998,9499190.884730998,0,0.8800564700000006,65.54660588560006,165.05,True,10
HDp472dUvzYGtVSarR4EGLkcMJP74QFRMTsT9YA6ibCd,1785083405,2026-07-26T16:30:05Z,16193.378368962129,1785139296,2026-07-27T08:01:36Z,23,24,7.358347723,8.236086459000001,6180027.525904,6180027.525903998,0,0.8777387359999995,65.37398105727996,931.52,True,47
FzczrxtQeuejaiq4wXdzj9kSDQFH8KGAt6ZQjnLjAXfv,1785083473,2026-07-26T16:31:13Z,12372.773684741587,1787455869,2026-08-23T03:31:09Z,30,34,8.730268159999998,9.565815272999998,8613167.386439,8613167.386438997,0,0.8355471130000004,62.231548976240035,39539.93,True,64
F7u8ejvVkXFWZu3n41nDYvN9xdLSZgcr9gmcHeCo5wpK,1785083427,2026-07-26T16:30:27Z,18855.755151783178,1785085979,2026-07-26T17:12:59Z,6,6,0.60213408,1.429673803,962851.2204160001,962851.2204160001,0,0.8275397229999999,61.635158569039994,42.53,True,12
EqVjkrxV7i3xVMFBZWJFPWrp9e1fBPYZTtSJtdQc6PSs,1785083414,2026-07-26T16:30:14Z,14389.75437562093,1785128840,2026-07-27T05:07:20Z,7,8,4.005241538,4.831729446,11265842.607989999,11265842.607989999,0,0.826487908,61.55681938784001,757.1,True,15
8EDnMf26D4NYxBoHnCiQ6jGx3tqysfhur6eBYHDCACrC,1785083523,2026-07-26T16:32:03Z,21243.270372707168,1785144130,2026-07-27T09:22:10Z,7,18,0.70392548,1.5294540789999997,1010374.150134,1010374.1501339999,0,0.8255285990000001,61.48537005352001,1010.12,True,25
9tjQNViwKtV9DgN5Ua82AaSJLycPYs6LmEWerXjjNEb2,1785083459,2026-07-26T16:30:59Z,11996.58217454129,1785092512,2026-07-26T19:01:52Z,9,28,7.5385396149999995,8.30250605,7322321.410194,7322321.410194002,0,0.7639664350000006,56.90022007880005,150.88,True,37
A4rWFozNza39oA323my8dLffKaHPSTh3G3ewHbQw2cqb,1785083175,2026-07-26T16:26:15Z,19357.732207539866,1787739995,2026-08-26T10:26:35Z,63,51,6.2392999190000005,6.9818688689999995,3464837.451027,3464837.4510270017,0,0.74256895,55.306535396,44280.33,True,114
9RjpkA83GJGdxwPMPyhbyUhH13w4EzLDCVkD6wXFstsW,1785083112,2026-07-26T16:25:12Z,7772.349442830954,1785167696,2026-07-27T15:54:56Z,33,13,8.024922240000002,8.724940671,2752828.6373129995,2752828.637313,0,0.7000184310000005,52.13737274088004,1409.73,True,46
pFFv9ZfgHZpL1rsgvhEHpWRT7nGvSKKWywrhJgLtghU,1785083459,2026-07-26T16:30:59Z,11664.382949170424,1785085748,2026-07-26T17:09:08Z,2,2,1.5020760800000001,2.193320808,3322864.450801,3322864.450801,0,0.6912447279999998,51.48390734143999,38.15,True,4
J3hJBr4CemR7ak3BZg4dMwZbPDNCoLfoVDVwCt67M6ME,1785083141,2026-07-26T16:25:41Z,11168.196695276763,1785083175,2026-07-26T16:26:15Z,1,13,2.5033576,3.1909792019999994,15875800.923674,15875800.923674,0,0.6876216019999998,51.21405691695998,0.57,True,14
FdVruyvfjeKM2AtgzeSoohrHT6dxoUJ5QEYwwWfPxCEg,1785083147,2026-07-26T16:25:47Z,14453.613842671002,1785091788,2026-07-26T18:49:48Z,6,6,14.369429453999999,15.03168972,26012897.777402002,26012897.777402002,0,0.6622602659999997,49.325144611679974,144.02,True,12
4A3HGpsSR5VuGBE3EBRds2xYfSF8GKTRHTytXi5YTMLe,1785083218,2026-07-26T16:26:58Z,5722.513196953202,1785083411,2026-07-26T16:30:11Z,4,2,0.19211408,0.8441581730000001,3822428.638655,3822428.638655,0,0.652044093,48.56424404664,3.22,True,6
74ok3XR2RBV2XxHrGuiGVKvHTXJARbDhvTxybK4TiMBH,1785083095,2026-07-26T16:24:55Z,4394.7671252256105,1785083217,2026-07-26T16:26:57Z,1,1,1.3266445009999999,1.962335634,21105349.152842,21105349.152842,0,0.6356911330000001,47.34627558584001,2.03,True,2
48uVqq6sFCtoDsbjhcuk4yjRiSq4kSqZCpDp3hi7m3G3,1785083192,2026-07-26T16:26:32Z,16976.43789707906,1785098365,2026-07-26T20:39:25Z,21,29,19.801740155,20.435884744,9935172.439352999,9935172.439353,0,0.6341445890000001,47.23108898872001,252.88,True,50
98e2YHN72vLBhhW9w8k6Rv8nYegSKP9bFGqTgJrJ84U5,1785083106,2026-07-26T16:25:06Z,5537.866124522149,1785083297,2026-07-26T16:28:17Z,1,3,1.166120155,1.797322714,14446643.191382,14446643.191382,0,0.6312025589999999,47.01196659431999,3.18,True,4
4kUFYuryuD8JSyLN1DVSfYt1YeQfjThn927BZckbF1H5,1785083375,2026-07-26T16:29:35Z,4397.5166908795945,1785782408,2026-08-03T18:40:08Z,13,8,1.28134624,1.908367974,3739525.697595,3739525.697595,0,0.627021734,46.700578748320005,11650.55,True,21
n37YdrtNez7JA5YG3wW9WxLdTrtKkPGkkRavAAPKA2u,1785083481,2026-07-26T16:31:21Z,15811.430602529925,1785093429,2026-07-26T19:17:09Z,11,7,0.69524816,1.303462122,1190922.5280329997,1190922.528033,0,0.6082139619999999,45.29977588975999,165.8,True,18
Baf7AGwsnTWW4ps6B3zs48wVj8aKH4WCR9h7ytcQS3S2,1785083208,2026-07-26T16:26:48Z,13308.802474955632,1785095273,2026-07-26T19:47:53Z,15,13,0.7718981599999999,1.355723835,4003923.393445,4003923.393445,0,0.5838256749999999,43.483336273999996,201.08,True,28
576b6UzS3DvQRu42kezf5gsLtpyq6UEbBMahYZh7HzVo,1785083095,2026-07-26T16:24:55Z,4136.139158326483,1785083217,2026-07-26T16:26:57Z,1,1,1.39513982,1.908773345,23587774.081686,23587774.081686,0,0.5136335249999999,38.255424942,2.03,True,2
FPrY3PfTktQKfKn7uyJxHmMfgAqV97BUeFA19BC98iDw,1785083538,2026-07-26T16:32:18Z,23972.835429995197,1785084211,2026-07-26T16:43:31Z,2,2,4.0188934530000004,4.530281781999999,8323938.577331001,8323938.577331001,0,0.5113883289999994,38.08820274391996,11.22,True,4
5yMvxJvaSfjGRXvM86Nt3Fa3YiM3x9xU2seN5Fsp2tpF,1785083515,2026-07-26T16:31:55Z,16158.188350695076,1785084558,2026-07-26T16:49:18Z,2,1,0.353468003,0.857337868,1324855.457757,1324855.457757,0,0.503869865,37.5282275452,17.38,True,3
FK5rsybBkML9siKVXABobqffxGZFDYGzsH5MGz6o3GcZ,1785083428,2026-07-26T16:30:28Z,18900.10118129098,1785141205,2026-07-27T08:33:25Z,5,12,0.56979816,1.070564379,689157.362782,689157.3627819999,0,0.500766219,37.29706799112,962.95,True,17
FcYgLYimwomLtUhb9eohxDLzmVbEf5Boem3yJ6HpggSr,1785083412,2026-07-26T16:30:12Z,16153.480322449795,1785083708,2026-07-26T16:35:08Z,2,2,2.41207408,2.898944481,10274732.186850999,10274732.186850999,0,0.48687040099999956,36.26210746647997,4.93,True,4
9oT5cdy1XZ76dzy4z7t29jXPSadq84RbeeqeeJfsEkog,1785083431,2026-07-26T16:30:31Z,16165.603107571784,1785091879,2026-07-26T18:51:19Z,33,81,11.434002972,11.917048822000003,26170191.151151,26170191.151151013,0,0.4830458500000014,35.977254908000106,140.8,True,114
D4GtdJykHNoEaiUxDMFKapiSsqUzBgx2bZJy4WYzD3ci,1785083141,2026-07-26T16:25:41Z,12861.022714304718,1785150908,2026-07-27T11:15:08Z,6,4,0.43850816,0.917534215,462483.366811,462483.366811,0,0.479026055,35.6778605764,1129.45,True,10
7XLv9c3YCn7B9dh9oe6GqfD8ABCudNkj3o11dC9mGQsf,1785083434,2026-07-26T16:30:34Z,15348.633868733627,1785083452,2026-07-26T16:30:52Z,1,3,3.8923960589999997,4.35972615,17976220.860619,17976220.860619,0,0.467330091,34.80674517768,0.3,True,4
FHKhfxRcGcVpoFcPaGkEQTTbfrZWzRGAjKwdL54xTBwb,1785083372,2026-07-26T16:29:32Z,4754.0790255371585,1785083403,2026-07-26T16:30:03Z,1,1,0.358377101,0.8230574380000001,5315349.141145,5315349.141145,0,0.4646803370000001,34.60939149976001,0.52,True,2
8hNhf7JczuDzFbUEFuW6vT67Jc6dTDRjtkLgsXXgwH78,1785083461,2026-07-26T16:31:01Z,11307.423589598278,1787409821,2026-08-22T14:43:41Z,25,16,7.8065295369999985,8.264881871,1192782.3293809996,1192782.329381,0,0.4583523340000003,34.138081836320026,38772.67,True,41
3pBVyQRZmvue1biZonm8w9DZHPZJPvVZnwQQLY5PzGSe,1785083167,2026-07-26T16:26:07Z,22579.474473965645,1785084793,2026-07-26T16:53:13Z,2,3,1.00217408,1.456533443,2894342.831634,2894342.831634,0,0.45435936300000007,33.84068535624001,27.1,True,5
FgDTnHngBNmgWCF7GFaSAuN1jWhrzkg9BmG5rUkgCpVx,1785083171,2026-07-26T16:26:11Z,19125.55392612002,1785084037,2026-07-26T16:40:37Z,6,3,3.3646090620000004,3.808482344,11249063.955418002,11249063.955418,0,0.4438732820000002,33.05968204336002,14.43,True,9
9B4UcQwAgb129HEGDmrhLRdCxmB5TkXkiX3Rwma3gT5E,1785083431,2026-07-26T16:30:31Z,16294.058617012968,1785091879,2026-07-26T18:51:19Z,35,81,12.037516782,12.478060405000008,27368556.12277601,27368556.12277599,0,0.44054362300000044,32.81168904104003,140.8,True,116
DXruXkezDrArp81eBFT4bJd2gFAXAZGGsNq2W6a2CPqX,1785083198,2026-07-26T16:26:38Z,18976.95539435551,1785096120,2026-07-26T20:02:00Z,4,3,0.056004079,0.482277104,124313.050289,124313.05028899999,0,0.426273025,31.748814902000003,215.37,True,7
EsyZLvAWJpsmxDY4kmnnjABALEjbBetAvbYSbjdFJ4q8,1785083142,2026-07-26T16:25:42Z,12949.732405056573,1785083481,2026-07-26T16:31:21Z,4,4,1.8044740799999999,2.230201681,10085735.342815,10085735.342815,0,0.425727601,31.708191722480002,5.65,True,8
FhsfqVkt4mQp81LMKpbDT5jgQQsfrybyxhqwCE376inW,1785083095,2026-07-26T16:24:55Z,4651.199040610444,1785083217,2026-07-26T16:26:57Z,1,1,1.2950423629999999,1.6893775469999999,19464708.236905,19464708.236905,0,0.394335184,29.37008450432,2.03,True,2
ByQb7K6kEZxBEWiLaDT2ZvoE3Q2hu555Z2px8iP3Gtuq,1785083192,2026-07-26T16:26:32Z,16594.588121715282,1785417655,2026-07-30T13:20:55Z,4,10,0.133818032,0.504663218,303541.372173,303541.37217299995,0,0.37084518600000005,27.620549453280006,5574.38,True,14
79U8GwLhPXcnuUpBVeZ1rSEfVoota888W3qJik48BxoD,1785083144,2026-07-26T16:25:44Z,12474.105034621301,1785096362,2026-07-26T20:06:02Z,6,6,1.5041541600000001,1.873905983,1867321.8801819999,1867321.880182,0,0.36975182300000003,27.539115777040003,220.3,True,12
CusLVeFnzn8e8swmzqRFTTBfiJrmMxH58bmDsYzjzpDv,1785083404,2026-07-26T16:30:04Z,12164.92503535852,1785083416,2026-07-26T16:30:16Z,1,4,1.8605339189999999,2.217755512,10835041.165018,10835041.165018,0,0.3572215930000001,26.60586424664001,0.2,True,5
D2ax7LUeKon7HGb16u7e7iTx7uzxcw7pPxBoRrCNTWWC,1785083201,2026-07-26T16:26:41Z,17606.8683453588,1786987162,2026-08-17T17:19:22Z,24,39,29.554154097,29.90996208300001,21261169.083266005,21261169.083266005,0,0.3558079859999986,26.500578797279896,31732.68,True,63
2JVXDvyaipT1x4YT1mRoUUZFurAZLheAi7mMv5apZLV1,1785083409,2026-07-26T16:30:09Z,14939.981057128125,1786950673,2026-08-17T07:11:13Z,2,26,0.24907408,0.604801863,744359.066938,744358.1075359997,0.9594019999997726,0.3557285046425738,26.494659025778898,31121.07,False,28
8Seb6smpmCc4ron7zDuMmgj1j92LC9kUAYtj2Cx8b2rw,1785083453,2026-07-26T16:30:53Z,15669.40335357854,1785085339,2026-07-26T17:02:19Z,3,3,4.5073134790000005,4.855927856,9554088.7815,9554088.7815,0,0.34861437700000003,25.964798798960004,31.43,True,6
Azxu5fAdDpko5LpHeefbCxPUeMagj6KG2edL7heBAu3n,1785083094,2026-07-26T16:24:54Z,4080.111718128911,1785083209,2026-07-26T16:26:49Z,1,1,0.182265395,0.522246254,3128809.622685,3128809.622685,0,0.339980859,25.321774378320004,1.92,True,2
BU99XYHSueULuTN3V3GuTfmXXWgNCrQXWwNsw9Ku1MPk,1785083368,2026-07-26T16:29:28Z,3653.6192932658073,1787340852,2026-08-21T19:34:12Z,2,3,2.728456208,3.066941775,19220518.321121,19220518.321121,0,0.33848556699999977,25.210405030159983,37624.73,True,5
61GQNncGerBzXZAT4V5L3ZKrycGSJDwp3DXTVKxRa6rz,1785083467,2026-07-26T16:31:07Z,11753.716549315539,1785084245,2026-07-26T16:44:05Z,7,14,0.684229242,1.020476336,2347538.003484,2347538.003484,0,0.33624709399999997,25.043683561119998,12.97,True,21
AnUqXY5EtSmMYS1Dq29we5p3GEnUFWgd8QaYiuiYpMVP,1785083416,2026-07-26T16:30:16Z,14823.809019921795,1785131627,2026-07-27T05:53:47Z,7,9,1.10907408,1.4380870790000002,1456383.0554930002,1456383.0554930004,0,0.32901299900000003,24.504888165520004,803.52,True,16
E7DGzEMrHAZdiuhfDp21ofEqmmVdsukHPdQ98tMieK4W,1785083559,2026-07-26T16:32:39Z,27422.989496945505,1785095935,2026-07-26T19:58:55Z,12,8,9.12039632,9.443018157000001,3723382.209389,3723382.209389,0,0.3226218370000002,24.028874419760015,206.27,True,20
DacRsQhWbr33YQf9STvE53q6Y61oB6NMDoMatcUTB4c8,1785083494,2026-07-26T16:31:34Z,16004.46725898778,1785087399,2026-07-26T17:36:39Z,2,4,0.20519974800000002,0.526673218,810947.128083,810947.1280830002,0,0.32147347,23.9433440456,65.08,True,6
5veTCy9eDaL66LqABfpywN6jr1s7zaXP4uit8sMRAaHA,1785083170,2026-07-26T16:26:10Z,19790.129032046145,1785103118,2026-07-26T21:58:38Z,4,3,0.00925224,0.330199726,11050.096925,11050.085324,0.011601,0.320947486,23.90416875728,332.47,False,7
2iacW5T4gLVmjuMcBYPyP13qgLDSeEFAqyMMHjRJL6f6,1785083462,2026-07-26T16:31:02Z,11183.026588668463,1785112279,2026-07-27T00:31:19Z,11,11,4.708805442,5.028621253,2378786.9996520006,2378786.9996520006,0,0.3198158109999997,23.819881603279978,480.28,True,22
7xQ19LQvvduTTkcpTqirW81gRY5XCWA1L44M9beBug8R,1785083411,2026-07-26T16:30:11Z,15874.750558646507,1785088860,2026-07-26T18:01:00Z,4,2,0.51930725,0.8332084639999999,540985.500031,540985.500031,0,0.31390121400000004,23.379362418720003,90.82,True,6
EDSgD6RufFXh5tr5Dc4UXoQ9sRMnPm9ro5vqS9HR6hs4,1785083423,2026-07-26T16:30:23Z,18123.668608586446,1785084153,2026-07-26T16:42:33Z,5,2,4.8550740800000005,5.160807488,6593003.691903001,6593003.691903001,0,0.30573340800000026,22.77102422784002,12.17,True,7
7gsLLbtfS59f4zciTumcYrGbfYCWHmm2hdUYqkuJ95Mf,1785083160,2026-07-26T16:26:00Z,13498.484177263485,1785084350,2026-07-26T16:45:50Z,4,6,1.113634111,1.413687455,4010725.6465640003,4010725.6465640003,0,0.300053344,22.34797306112,19.83,True,10
Eu6c58wfzSuo8e89Y8enyfM7RBAHCdhoax4Ah7EVdJLS,1785083559,2026-07-26T16:32:39Z,26938.21834774217,1785096938,2026-07-26T20:15:38Z,5,6,4.55207408,4.851071894,2668363.295027,2668363.295027,0,0.2989978140000006,22.269357186720043,222.98,True,11
3TofRdzMWUKnB1R7AXAvEvfqw6gdoEzXVqKBCtMGKHVp,1785083457,2026-07-26T16:30:57Z,14771.16603297059,1787435617,2026-08-22T21:53:37Z,20,4,0.42883055900000006,0.7165654359999999,2408463.927136,2408463.927136,0,0.28773487699999994,21.430493638959998,39202.67,True,24
3fMLs38gstqbwNgjTUEzfpNQtXt8utqbyFHTKBmKMw17,1785083510,2026-07-26T16:31:50Z,16900.567744661705,1785800051,2026-08-03T23:34:11Z,10,16,0.67702224,0.958286723,46683.138441999996,46683.13844199999,0,0.28126448299999995,20.94857869384,11942.35,True,26
HrS3ZAYtTsoRwHXjRMFKkyFjDEMB5S9EsvuLLhGYDj5X,1785083538,2026-07-26T16:32:18Z,24474.99893781927,1786806398,2026-08-15T15:06:38Z,10,10,1.83072224,2.111914166,1304904.510649,1304904.510649,0,0.28119192600000004,20.943174648480003,28714.33,True,20
3xotZWk2hvQRVwDgkb3XB2nn6kL27zx9hiKwY7m2wzE3,1785083169,2026-07-26T16:26:09Z,20953.439689969604,1785084619,2026-07-26T16:50:19Z,1,1,0.26407408,0.541136915,837719.383552,837719.383552,0,0.27706283500000006,20.635639950800005,24.17,True,2
DpGxaoQzvNnZsJaHWRrFXsPfiuZj6UdZ1om6eMJ3T4Cz,1785083094,2026-07-26T16:24:54Z,4025.379569616922,1785083124,2026-07-26T16:25:24Z,1,1,0.40434734400000005,0.6702884689999999,7083975.425099,7083975.425099,0,0.2659411249999999,19.807294989999992,0.5,True,2
HgkLMNZFL6514kyZAZY5AxxXe1TP6i4NP11TZ98hj6iC,1785083459,2026-07-26T16:30:59Z,11822.687839575572,1785083510,2026-07-26T16:31:50Z,1,1,0.702174081,0.967188425,4157150.061853,4157150.061853,0,0.265014344,19.73826834112,0.85,True,2
7AuNf2QqJG8SJtXYVYmuAzmVfErB6ijYpPSxbp2BMm2T,1785083424,2026-07-26T16:30:24Z,17974.272537405766,1785788576,2026-08-03T20:22:56Z,38,31,5.433785208999999,5.696291565000002,5264932.096127,5264932.096127002,0,0.26250635600000016,19.551473394880013,11752.53,True,69
H6Q4HhDmGzh81pnXCbRswT2xtdLJGLTBtHLMjo29HciE,1785083249,2026-07-26T16:27:29Z,3847.801996812728,1785083395,2026-07-26T16:29:55Z,4,4,1.665043684,1.923402372,30782309.0,30782309.0,0,0.258358688,19.242555082240003,2.43,True,8
GzYoXxQnmuMZ4aroSbAfa8FwDQTBjUTgt7zqMLNsevvn,1785083472,2026-07-26T16:31:12Z,8864.726490151896,1785083512,2026-07-26T16:31:52Z,1,2,0.30307408,0.558174123,2376127.816282,2376127.816282,0,0.255100043,18.999851202640002,0.67,True,3
2jzG4syvTo8uci2ppb7TJqLFqSRbydqrGw11QXnrYjKZ,1785083538,2026-07-26T16:32:18Z,21979.73161735293,1785095725,2026-07-26T19:55:25Z,1,1,0.00308508,0.256490127,3226.681981,3226.681981,0,0.253405047,18.87360790056,203.12,True,2
ERNxja1crsFqm9F4T9oDz3KoLYPVUDwpRyXzJ3PMQ8Ci,1785083177,2026-07-26T16:26:17Z,20912.950607374372,1785083605,2026-07-26T16:33:25Z,7,2,3.5168426559999997,3.7635575559999994,19370553.99735,19370553.99735,0,0.24671489999999996,18.375325752,7.13,True,9
351eupK2s6KN6LyhX3VHtStDpp6PpMEJDizFCAzLq1Xu,1785083437,2026-07-26T16:30:37Z,14676.624168512079,1786470990,2026-08-11T17:56:30Z,20,71,1.7998940799999992,2.040125281,1155010.5056830002,1155010.5056829993,0,0.24023120100000012,17.89241985048001,23125.88,True,91
A1xGP7kvUDSm5DfnbCNrDc7VZNziZnQGph4JBGT3tPHf,1785083120,2026-07-26T16:25:20Z,6384.264677045346,1785083219,2026-07-26T16:26:59Z,1,7,0.30407407999999997,0.541161946,3299318.600107,3299318.600107,0,0.23708786600000004,17.658304259680005,1.65,True,8
2QQYeSvojiMxPdtvmYDGHkpQqsqJUkvFL8CvVMK66x5o,1785083132,2026-07-26T16:25:32Z,7601.934373193923,1785083152,2026-07-26T16:25:52Z,1,1,0.30217407999999996,0.531862194,2770837.284686,2770837.284686,0,0.22968811400000005,17.107170730720004,0.33,True,2
HwLUyAPykbPgkotArMazDsNUn7uMyCSBMjm3drDHSBfw,1785083368,2026-07-26T16:29:28Z,4479.912437322309,1785083484,2026-07-26T16:31:24Z,2,2,0.80327408,1.032229078,9289005.848112,9289005.848112,0,0.22895499799999997,17.052568251039997,1.93,True,4
8FxeeUfCd25SwgUoGhpxBXeUoZ5fQQCY5kNWbZyT2SMu,1785083481,2026-07-26T16:31:21Z,15066.210125406848,1787175962,2026-08-19T21:46:02Z,3,23,0.062074080000000004,0.2820341569999999,96916.53085000001,96916.53084999998,0,0.219960077,16.38262653496,34874.68,True,26
39gT82eGG6ERqn8LH9K8kuK51f2awTxXrN95vJAEExbF,1785083307,2026-07-26T16:28:27Z,2804.2304899746464,1785096184,2026-07-26T20:03:04Z,20,22,7.911974080000002,8.131418203,13896616.066510001,13896616.06651,0,0.21944412299999988,16.344198281039994,214.62,True,42
GMwXfLtKhgtWdLqq29pF4JbUUQA6asUeEaXtjQSB7gpN,1785083078,2026-07-26T16:24:38Z,2756.591686523546,1785083225,2026-07-26T16:27:05Z,1,4,1.50307408,1.718971025,38334739.5034,38334739.5034,0,0.21589694500000012,16.08000446360001,2.45,True,5
Bj1xdck5QFew2fHV8dp3FVt45C8WRU6hH154UNYpwEP,1785083099,2026-07-26T16:24:59Z,6524.368916179283,1787759708,2026-08-26T15:55:08Z,29,27,2.1193704000000007,1.59381273,31586.91225499999,30491.585143000008,1095.327112,0.21355577264557635,15.905633946642528,44610.15,False,56
qoumkt2z3bNJ3y5DbzHKqQW2sxyvt9eRr19jCPmdRvV,1785083537,2026-07-26T16:32:17Z,20237.4729668652,1785798324,2026-08-03T23:05:24Z,18,28,0.8559481599999998,1.0671926049999998,50640.175370000004,50640.175370000004,0,0.21124444499999995,15.733486263599996,11913.12,True,46
2Ffd7JcUMupQGaZ3AKb5xaoWBS2fL1HnMne5qXBLooZp,1785083455,2026-07-26T16:30:55Z,16574.53222759334,1785209535,2026-07-28T03:32:15Z,72,16,0.3646944799999999,0.5755149730000001,1506415.7379489995,1506415.737949,0,0.2108204930000001,15.701910318640008,2101.33,True,88
436h85qXhByXQG4pkxdrD4CYQFRuJ3UPR5YdfUuL6v24,1785083215,2026-07-26T16:26:55Z,9286.208429382708,1785187868,2026-07-27T21:31:08Z,47,30,0.431256522,0.6408948059999999,2286126.394382,2286126.394382001,0,0.20963828400000004,15.613859392320004,1744.22,True,77
3PPcSduPGrffHnBW7TCU3sk8gcm1EeHNuXMstiB3Ebqj,1785083473,2026-07-26T16:31:13Z,12124.034033912178,1785083488,2026-07-26T16:31:28Z,1,5,1.023164302,1.229941364,5849672.372839,5849672.372838999,0,0.20677706200000004,15.400755577760004,0.25,True,6
ED1HRm5bpbEBR8zpxcSF399acHoc9yxoCUXFftq5P1PA,1785083485,2026-07-26T16:31:25Z,17646.427968106105,1785092045,2026-07-26T18:54:05Z,4,3,0.12331407999999999,0.328213347,80999.491733,80999.491733,0,0.204899267,15.26089740616,142.67,True,7
9FN5a85fCj9nmagX1HQ2kx6T6S4ZvAPx83SJHxnkQ6Jb,1785083431,2026-07-26T16:30:31Z,16349.36287218699,1785084291,2026-07-26T16:44:51Z,13,5,1.1533740799999999,1.356883908,3177045.8644859996,3177045.8644859996,0,0.203509828,15.157411989440002,14.33,True,18
FsxH9k75MdUnN7fe6Pnp115Up8Kr4A9gudyphD7R1sRU,1785083143,2026-07-26T16:25:43Z,12422.68949659518,1785083181,2026-07-26T16:26:21Z,1,1,0.30517408,0.508072652,1712711.895962,1712711.895962,0,0.20289857199999994,15.111885642559997,0.63,True,2
HVMdaWMyD4prgb73TsoektvYyMMgieuG6ELJ3a87H4tj,1785083547,2026-07-26T16:32:27Z,25531.38155602044,1785084885,2026-07-26T16:54:45Z,2,3,1.30227408,1.504503616,1162197.4997410001,1162197.4997410001,0,0.2022295360000001,15.062055841280008,22.3,True,5
AhRrqiGvTGoNnJuwesaviHMfhBzFCdzgSQN9j8Vwbfrn,1785083120,2026-07-26T16:25:20Z,6438.438040695381,1785222905,2026-07-28T07:15:05Z,4,21,0.48282874200000003,0.6769638769999999,2873736.3410520004,2873736.341052,0,0.19413513499999996,14.459184854799998,2329.75,True,25
6YZaSkJPTTEYpRHpkuqqshf8MAAgmZGRKvVVhupWE11x,1785083094,2026-07-26T16:24:54Z,3920.9991767264355,1785083117,2026-07-26T16:25:17Z,1,8,0.503260395,0.696756757,9043820.668579,9043820.668579001,0,0.19349636199999998,14.411609041759998,0.38,True,9
7qrG7QsAtkwSKsCeLmL4NPmQBNMjJDQu8rSdKcpw3BSh,1785083553,2026-07-26T16:32:33Z,24900.91708346242,1785228708,2026-07-28T08:51:48Z,11,12,0.927482802,1.1115379029999999,448225.69791199995,448225.69791199995,0,0.18405510099999994,13.708423922479996,2419.25,True,23
5ajog5xEVyZsbfVfZ1X6DrWKiq6EhXdfCtA1zf1jLDe3,1785083506,2026-07-26T16:31:46Z,14717.53634154125,1785083679,2026-07-26T16:34:39Z,10,5,0.2029840799999999,0.381744022,956707.132766,956707.132766,0,0.17875994200000017,13.314040480160013,2.88,True,15
CxYpzfELZZSk54ZuTzjpiMJkAa6f1RXY7yWzznNDGn99,1785083203,2026-07-26T16:26:43Z,17840.584795222356,1785084384,2026-07-26T16:46:24Z,4,6,1.10820216,1.280460192,4249394.03053,4249394.03053,0,0.17225803200000014,12.82977822336001,19.68,True,10
DLrGWqkLdPkBv6pFnLcVPdsTi1XZPTHUwtwbuMFK54ye,1785083418,2026-07-26T16:30:18Z,18432.92937206231,1785783465,2026-08-03T18:57:45Z,3,5,1.4068066080000001,1.577319744,4089564.226862,4089564.226862,0,0.17051313600000004,12.699818369280003,11667.45,True,8
7eeVaXQuT9sJGmW6WwPQ2ko2y5AN4r7hLeH442kftXrn,1785083461,2026-07-26T16:31:01Z,11223.50271602471,1785083635,2026-07-26T16:33:55Z,1,1,0.10217408,0.26666127,625583.75896,625583.75896,0,0.16448719,12.251005911200002,2.9,True,2
5BLYuvsfQ2yEz4NjYK4x8DzvVQ75jDL8naei7ybWUTP2,1785083467,2026-07-26T16:31:07Z,10092.94383287919,1786085175,2026-08-07T06:46:15Z,7,7,3.1393410399999997,3.29913259,2912958.463935,2912958.463935,0,0.15979155000000042,11.901274644000033,16695.13,True,14
8aQh7Py8R1ET14WGTDBq2nXdoR1EfeL6Jz148p8mhc3n,1785083451,2026-07-26T16:30:51Z,19417.07447389826,1785084690,2026-07-26T16:51:30Z,5,5,0.714497011,0.8741937129999999,1821732.2231,1821732.2231,0,0.15969670200000002,11.894210364960003,20.65,True,10
3jxTmdfoNWb91irnjacPXWJcYahWqsv6C7y1BfjdcRhp,1785083459,2026-07-26T16:30:59Z,11779.26774251622,1785083491,2026-07-26T16:31:31Z,1,1,0.51246408,0.667835422,2980338.512695,2980338.512695,0,0.15537134200000002,11.572057552160002,0.53,True,2
7fkCpkeUvf9oyn7jvtDB81EjYBYagrNb3usAPsvVcCDd,1785083141,2026-07-26T16:25:41Z,12725.844477383886,1785083414,2026-07-26T16:30:14Z,2,2,0.50907408,0.6595828799999999,2719958.6785359997,2719958.6785359997,0,0.1505087999999999,11.209895423999992,4.55,True,4
GVupKobi6VFsXB7Hj2PVx5Zcuy1njpbQLw4Gm2fTvor8,1785083439,2026-07-26T16:30:39Z,17821.912689862656,1785084222,2026-07-26T16:43:42Z,2,10,1.522900211,1.6604354639999999,2931627.888636,2931627.888636,0,0.137535253,10.24362564344,13.05,True,12
7u81QU4PCGsvEJL3nSd4gDW92im2RdrYqCa7946ehx7B,1785083459,2026-07-26T16:30:59Z,11164.045017846418,1787156078,2026-08-19T16:14:38Z,3,3,1.21632224,1.344792659,634745.0544820001,634745.0544820001,0,0.12847041900000006,9.568476807120005,34543.65,True,6
8ZatX3uYfVxH1emrDQd3erxwGsX8tdrqxH1mHiKh3GCw,1785083078,2026-07-26T16:24:38Z,2531.3316149100647,1785083225,2026-07-26T16:27:05Z,1,5,1.49307408,1.615702022,41465925.394783,41465925.394783,0,0.12262794199999999,9.133329120159999,2.45,True,6
AMz6rV288PF3s53Xfd1dwGDKDKtiPEgqHHU6Y1T6tMDZ,1785083540,2026-07-26T16:32:20Z,24169.13565860966,1785186435,2026-07-27T21:07:15Z,1,13,0.014124782,0.131725099,29094.457458,29094.457458000004,0,0.11760031700000001,8.758871610160002,1714.92,True,14
G6uX88CngTFquet1wjd2VuqqseLKxHcwrptHhx5fArXs,1785083141,2026-07-26T16:25:41Z,11619.78441284617,1785083591,2026-07-26T16:33:11Z,3,6,0.45707407999999994,0.5741737120000001,2258603.260718,2258603.260718,0,0.11709963200000009,8.721580591360008,7.5,True,9
7TGZdM98t5jyWnoAVjtmaj1wpCYWo1oepQwaVZGVhSet,1785083456,2026-07-26T16:30:56Z,17063.35413258004,1785084277,2026-07-26T16:44:37Z,4,2,0.32927408,0.445900494,745611.697653,745611.697653,0,0.11662641399999998,8.686335314719999,13.68,True,6
AgNaa6DLja2Nc5KEu3oEJ9Aan7shFFDB96fg6N7unxWS,1785083473,2026-07-26T16:31:13Z,12989.916868156597,1785083479,2026-07-26T16:31:19Z,1,1,0.6359450259999999,0.7511559369999999,3455313.65037,3455313.65037,0,0.11521091100000003,8.580908651280003,0.1,True,2
CPufBBeZG1cWP26Jupo96Exjb4XwzzsKedxH1KoHx7a5,1785083148,2026-07-26T16:25:48Z,14877.41931550229,1785166871,2026-07-27T15:41:11Z,8,4,0.094195838,0.205737103,51726.92138500001,51726.921385,0,0.111541265,8.3075934172,1395.38,True,12
BhEfHT7yPchfZrgiEChxHGijtviMFUU9nVQWkgQyQWRd,1785083275,2026-07-26T16:27:55Z,3371.8916305915595,1785083658,2026-07-26T16:34:18Z,2,1,0.014724801999999999,0.125288059,329029.806194,329029.806194,0,0.11056325700000001,8.23475138136,6.38,True,3
FmtfLdh9urwekvhn3SVUtV1dxJj9sMt82wxKrZsJioPU,1785083478,2026-07-26T16:31:18Z,16032.70551785909,1785096673,2026-07-26T20:11:13Z,5,5,1.4458740799999998,1.554977582,1532017.483476,1532017.483476,0,0.10910350199999991,8.126028828959994,219.92,True,10
5eCQyHwCQvMvdBcNzfPqHnVGKnuT9zWYEBf2izX1gCUs,1785083146,2026-07-26T16:25:46Z,14231.137137320733,1785084834,2026-07-26T16:53:54Z,2,2,2.7251664079999998,2.833073239,7944892.056696,7944892.056696,0,0.10790683099999998,8.03690077288,28.13,True,4
9AE6Ung1QfbWmuiMLAfLxVAUXLYw4N3qN7xvW2aAmWbY,1785083455,2026-07-26T16:30:55Z,16617.138183115854,1785083655,2026-07-26T16:34:15Z,1,2,0.15457408,0.262307767,640197.117656,640197.117656,0,0.10773368699999998,8.02400500776,3.33,True,3
GCN8CBHMH46uucpMWp1p3ZeKbkbTcLMau8z1qywbk3Di,1785083416,2026-07-26T16:30:16Z,14805.859586617604,1785172620,2026-07-27T17:17:00Z,20,9,0.21835631699999997,0.325383703,31891.237379999995,31891.237379999995,0,0.10702738599999999,7.97139970928,1486.73,True,29
4Bv9Sprv71JpoXUducon6zK4ZKQrtngqfAqrb2G7MNFb,1785083110,2026-07-26T16:25:10Z,7750.41257944162,1787595975,2026-08-24T18:26:15Z,22,17,5.181446445000001,5.285634808,1194227.87565,1197966.303296,0,0.10418836300000021,7.759949276240016,41881.08,True,39
4Y9bXvngCNKWuQ8VPLRaZGqXy4zaGMGi8jPkPqjvy7Gh,1785083459,2026-07-26T16:30:59Z,11950.103607556877,1785084794,2026-07-26T16:53:14Z,3,10,0.33721397,0.43525838899999997,857836.3166700001,857836.3166700001,0,0.09804441900000001,7.302348327120001,22.25,True,13
9FCoF2Q2SzsTwjr5oEHUcBaT5SYWecmV1QmdR7dmAP33,1785083531,2026-07-26T16:32:11Z,20074.060879974844,1785083621,2026-07-26T16:33:41Z,2,1,0.20407408,0.300683593,650776.833382,650776.833382,0,0.09660951300000004,7.195476528240003,1.5,True,3
A7UQbWX8GZkNBRQW9AmMgwa5dbdvt53mmmq9c1bgqVmU,1785083160,2026-07-26T16:26:00Z,13594.60403144025,1785814246,2026-08-04T03:30:46Z,2,4,0.01220652,0.104125651,10334.942025,10334.942025,2.0609729999999997,0.09497091768698245,7.073433949326453,12184.77,False,6
niggerd597QYedtvjQDVHZTCCGyJrwHNm2i49dkm5zS,1785083368,2026-07-26T16:29:28Z,4076.8840176764106,1785083519,2026-07-26T16:31:59Z,2,14,7.1040785600000005,7.197176138,79176908.430956,79176908.43095604,0,0.09309757799999996,6.933907609439998,2.52,True,16
BiF1EpxvBVmAtW8mJtStyuW14rTdNaS7mMgHCnVdyTcs,1785083106,2026-07-26T16:25:06Z,5388.543587891896,1785083113,2026-07-26T16:25:13Z,1,1,0.252174081,0.34311338500000005,3257485.509002,3257485.509002,0,0.09093930400000005,6.773159361920005,0.12,True,2
2y2apdSDfQzTesAiiieY3YFL2DWfeMF5JPh1QTjRy7Xp,1785083491,2026-07-26T16:31:31Z,16840.513941411762,1785085830,2026-07-26T17:10:30Z,2,4,0.222905527,0.313404288,322590.512664,322590.5126639999,0,0.09049876100000001,6.740347719280001,38.98,True,6
9Uq8GVrvSTxGxTYBXvmGJdvbJSfNTdUFgq1HwzNW2xT8,1785083094,2026-07-26T16:24:54Z,3976.74841603485,1785083108,2026-07-26T16:25:08Z,1,1,0.10217408,0.19111582000000002,1783407.417263,1783407.417263,0,0.08894174000000002,6.624380795200001,0.23,True,2
Yxt5EEncm2EhVisiq4uvTtcTg7RChipSVbtq7kP8UF7,1785083306,2026-07-26T16:28:26Z,2702.026993260639,1785083373,2026-07-26T16:29:33Z,1,1,0.15346408,0.238924897,3897763.267671,3897763.267671,0,0.085460817,6.36512165016,1.12,True,2
4LmQ98faZpeZrHizD4chtAtFPw28BHP6uToC5FQR1gcU,1785083149,2026-07-26T16:25:49Z,15144.689237208693,1786129738,2026-08-07T19:08:58Z,6,5,0.804302038,0.885273387,2088870.299122,2088870.299122,0,0.08097134900000001,6.030746073520001,17443.15,True,11
1nWYcNbizMn34vsUjBSH85QZfoLaZpQuXiGZPjKJMFG,1785083151,2026-07-26T16:25:51Z,14994.955229735078,1785104001,2026-07-26T22:13:21Z,6,8,0.10707408,0.186515613,244587.02178699998,244587.02178699995,0,0.07944153300000001,5.916805377840001,347.5,True,14
2GZv3gHApNq2fkBK9v7gNMyook3MMQ5h6GwNwzq9EX7E,1785083428,2026-07-26T16:30:28Z,18877.825649438015,1785087189,2026-07-26T17:33:09Z,4,3,0.044151723999999996,0.12229580400000001,48329.159715,48329.159715,0,0.07814408,5.8201710784000005,62.68,True,7
4eDNWwYRpTZn7HvxscNQYo245qdo5LbxCAJsGrRWEMVi,1785083554,2026-07-26T16:32:34Z,24920.303849252523,1785096069,2026-07-26T20:01:09Z,8,7,0.9042281600000001,0.981719664,591294.8631400001,591294.8631399999,0,0.07749150399999989,5.771567217919992,208.58,True,15
G61u9wqqHF4fkmTCzctwjBTZaivFyis5RGrcSt4xgCyo,1785083141,2026-07-26T16:25:41Z,12784.182615355327,1785095247,2026-07-26T19:47:27Z,3,3,0.30807408,0.385063282,925871.884088,925871.884088,0,0.07698920199999999,5.73415576496,201.77,True,6
63otb3qfCMz5bghv2vyEEwMoZnhnqyv7mj6rVco1hwnH,1785083194,2026-07-26T16:26:34Z,16177.619409387553,1785083198,2026-07-26T16:26:38Z,1,1,0.51142391,0.584260871,2232513.607825,2232513.607825,0,0.07283696100000003,5.424896855280003,0.07,True,2
Bj1Xub8zasrUATFPEmAbPjbasJ3qcQiAao2a7SY6PKQ5,1785083560,2026-07-26T16:32:40Z,27746.035398682918,1785083621,2026-07-26T16:33:41Z,1,1,1.01217408,1.081661818,2556099.490124,2556099.490124,0,0.06948773799999985,5.175446726239989,1.02,True,2
Sq4hqLzhr4V1TLddaxsGh1pF8aKdGtwm96vYT7VWjEm,1785083473,2026-07-26T16:31:13Z,13248.966569781816,1785085043,2026-07-26T16:57:23Z,1,19,0.104155719,0.173553759,542695.20701,542695.2070099999,0,0.06939804,5.1687660192,26.17,True,20
2SpPHM6DVFkcwcNtt8Ls4qCsviDAt77Cz65F8MqHxssV,1785083473,2026-07-26T16:31:13Z,13147.400296237012,1785083484,2026-07-26T16:31:24Z,1,2,0.30237408,0.37055679,1618303.81682,1618303.81682,0,0.06818271000000004,5.0782482408000025,0.18,True,3
yMnjSf78zif5FUNP6aVMTdXYZnQdRquthjirvL9Kr4X,1785083496,2026-07-26T16:31:36Z,15926.703920097838,1785888443,2026-08-05T00:07:23Z,2,14,0.00787106,0.074875367,12315.975925,12315.975924999999,0,0.067004307,4.99048078536,13415.78,True,16
2vRhXKm7w5VMhSMHLHKA3Hb6YUneKMDxj68xTPYiwZB9,1785083095,2026-07-26T16:24:55Z,4108.438122650085,1785083122,2026-07-26T16:25:22Z,2,1,0.12226031500000001,0.188741859,2071491.824058,2071491.634892,0.189166,0.066481544,4.95154539712,0.45,True,3
92PeAJL5Y5vaEUA7zy2NMcRwkRTbchZFMaHXqKUGZccM,1785083418,2026-07-26T16:30:18Z,20896.73131115464,1785087396,2026-07-26T17:36:36Z,3,2,0.30807408,0.37445727,396015.907882,396015.907882,0,0.06638319000000002,4.9442199912000016,66.3,True,5
FGMJAT3Yrouh1eTWpAzNUfToupBggySqTUe8VfnJquVg,1785083466,2026-07-26T16:31:06Z,9583.910447988785,1785083473,2026-07-26T16:31:13Z,1,3,0.253160353,0.317462994,1850017.981522,1850017.981522,0,0.06430264099999997,4.789260701679997,0.12,True,4
ERoEVUWTjLA55iYoEzggXgfmTe5icpPpexTeWChzdL1k,1785083479,2026-07-26T16:31:19Z,15186.384603303242,1785083695,2026-07-26T16:34:55Z,1,2,0.10207508,0.165704005,462337.890235,462337.890235,0,0.063628925,4.739082334000001,3.6,True,3
BcKF9Hi4auwcjpb2KCjk2UBDas9ekgvAKxWJsDNShieA,1785083454,2026-07-26T16:30:54Z,16149.185591551766,1785084955,2026-07-26T16:55:55Z,4,6,0.443438408,0.504285593,888553.58245,888553.5824500001,0,0.06084718500000001,4.531898338800001,25.02,True,10
8HjCkASq2W2U4thveYTpgqTEW9526hLAk8sMK9ihBH5Y,1785083122,2026-07-26T16:25:22Z,6583.184434186966,1785100780,2026-07-26T21:19:40Z,32,25,8.40045816,8.456749715,8295929.095177,8295929.0951769985,0,0.05629155499999976,4.1925950163999826,294.3,True,57
HCyVjs5d6vYKEUd4VQ4HBW8EfRpbWWmCft9jPZunnTfT,1785083172,2026-07-26T16:26:12Z,20163.894702220758,1785085186,2026-07-26T16:59:46Z,2,2,0.08449333,0.1381738,186106.524759,186106.524759,0,0.05368047,3.9981214056,33.57,True,4
4RMb8vyjiFXZ6WGrggNkVt721Ybd1FLKsTA35Hic2tvb,1785083171,2026-07-26T16:26:11Z,19435.211599522503,1785083181,2026-07-26T16:26:21Z,1,1,0.522086924,0.5755702330000001,1897211.664251,1897211.664251,0,0.05348330900000009,3.983436854320007,0.17,True,2
8jpuDFp5HoFFHtVZZJyxUt5jwLYa8XqXsbEpCCJDdpzK,1785083538,2026-07-26T16:32:18Z,23213.35015398628,1785083726,2026-07-26T16:35:26Z,3,2,0.12237408000000001,0.175230909,398678.45975900005,398678.459759,0,0.052856828999999994,3.9367766239199997,3.13,True,5
4ghRtYKP84X7CS8YMVsVj4xuZJSYvnowmqbrrMNrN6Ch,1785083485,2026-07-26T16:31:25Z,17673.07766763896,1785083696,2026-07-26T16:34:56Z,1,19,0.28477408000000004,0.333771336,1083503.371851,1083503.371851,0,0.04899725599999994,3.6493156268799956,3.52,True,20
ByV1UsQzksXJ8MG3rNFwDnaTTbHk9iThWc12nEVKjdHL,1785083368,2026-07-26T16:29:28Z,4531.48087417617,1785083483,2026-07-26T16:31:23Z,2,2,0.246324688,0.294274957,2743826.4045639997,2743826.4045639997,0,0.047950269000000004,3.5713360351200003,1.92,True,4
7ikPbksKsuAC3x6YLHDtrwc4XGn6jorn3RJ5zTqDbnCe,1785083234,2026-07-26T16:27:14Z,4344.715584290504,1785085567,2026-07-26T17:06:07Z,7,7,1.174309826,1.2211250260000002,2930300.027061,2930300.027061,0,0.04681520000000004,3.4867960960000035,38.88,True,14
56S29mZ3wqvw8hATuUUFqKhGcSGYFASRRFNT38W8q7G3,1785083401,2026-07-26T16:30:01Z,10829.525748566964,1787462534,2026-08-23T05:22:14Z,7,5,0.124498807,0.17051605599999997,801758.7861250001,801758.7962360001,0,0.046017248999999996,3.42736470552,39652.22,True,12
Fn8WJ5afkGJp424indxe9jqNZDjbUDPsMcCm3tP8HEeP,1785083142,2026-07-26T16:25:42Z,13092.916648438359,1785083448,2026-07-26T16:30:48Z,3,3,0.306785012,0.35218055800000003,1504832.513079,1504832.513079,0,0.045395545999999995,3.38106026608,5.1,True,6
6zH2qz3ESvhCcTkL7hTmMtsUZKgf9QpbnXTnD2UQQzpr,1785083538,2026-07-26T16:32:18Z,21164.40873831464,1785083548,2026-07-26T16:32:28Z,1,1,0.30207508,0.346315044,995242.695292,995242.695292,0,0.04423996400000002,3.2949925187200018,0.17,True,2
3Vggwn3LPougvnGa8zpYJMEN9L38tSRa45gv9odiSVF1,1785083095,2026-07-26T16:24:55Z,4000.6714555223775,1785083129,2026-07-26T16:25:29Z,1,1,0.07709408,0.120061844,1329557.302441,1329557.302441,0,0.042967764000000006,3.2002390627200006,0.57,True,2
JDMFX2Ecv2xKr7dkzPpbDmrJzfe28LckopGB1Y7LpVm8,1785083160,2026-07-26T16:26:00Z,13568.722619098005,1785084465,2026-07-26T16:47:45Z,3,3,0.47123317200000003,0.513814365,1184084.864585,1184084.864585,0,0.04258119299999999,3.1714472546399994,21.75,True,6
BoduAmZsXFZZMPXWC53uJJACJENzNt2HtZGbQtQhMWfE,1785083368,2026-07-26T16:29:28Z,4553.355733021285,1785083482,2026-07-26T16:31:22Z,2,2,0.204520708,0.246631872,2281370.106736,2281370.106736,0,0.04211116399999999,3.13643949472,1.9,True,4
Crw9sLFvqdJsUmyRf4kB21HyGKq6G3Cj6oPWs8b3hZPP,1785083490,2026-07-26T16:31:30Z,16969.623854692614,1785768148,2026-08-03T14:42:28Z,4,4,0.23341183600000004,0.27551015,425208.333884,425208.333884,0,0.04209831399999994,3.135482426719996,11410.97,True,8
ASfj1vNSroFe96smvafmfpmXjJmAmtFLc5d7CuPkETAd,1785083545,2026-07-26T16:32:25Z,25258.191548851722,1785083998,2026-07-26T16:39:58Z,2,9,0.20427408000000002,0.245778828,442587.397477,442587.39747699996,0,0.041504747999999994,3.0912736310399995,7.55,True,11
3fkWD24JcopUf4mKTiZcf5SpUUyxbRkT3zN4PVVqARwk,1785083175,2026-07-26T16:26:15Z,18997.624573776317,1785083595,2026-07-26T16:33:15Z,1,1,0.10217408,0.14210211399999997,369585.207378,369585.207378,0,0.03992803399999997,2.973839972319998,7.0,True,2
2ciTxMWCzn3kNoqYYnFT2mzJLX72k1ermzGRcUQ33d4M,1785083154,2026-07-26T16:25:54Z,13550.5156240903,1785083534,2026-07-26T16:32:14Z,1,1,0.05307408,0.092532915,261693.456791,261693.456791,0,0.03945883499999999,2.9388940307999993,6.33,True,2
5tyMwUMhWypAnAejQ32wczDdvYzQf3BUF6QM9yLZWsua,1785083418,2026-07-26T16:30:18Z,20960.309319750006,1785083728,2026-07-26T16:35:28Z,2,2,0.304646068,0.342719922,964752.172947,964752.172947,0,0.03807385400000002,2.8357406459200014,5.17,True,4
2QKPVT9kiQr4xr2te69p5g9wgFNmUwdjXfKkNQ52xiqs,1785083476,2026-07-26T16:31:16Z,15715.281606992998,1785083538,2026-07-26T16:32:18Z,1,2,0.10407408,0.141239333,451290.839013,451290.839013,0,0.03716525299999999,2.768068043439999,1.03,True,3
4srvoJDnqZyPZdaTFovFHf6PT5H73rKhz5zLe69SiXCf,1785083473,2026-07-26T16:31:13Z,12477.967801593439,1785083497,2026-07-26T16:31:37Z,1,2,0.14603928,0.18290621299999998,818459.733472,818459.733472,0,0.03686693299999999,2.7458491698399996,0.4,True,3
6YVGVTZ2CE4r83DpwXcpKtA47JLubu55G2n89VmAQtCq,1785083485,2026-07-26T16:31:25Z,17877.602347542448,1785083532,2026-07-26T16:32:12Z,1,1,0.20209408,0.23754607,785479.049953,785479.049953,0,0.03545198999999999,2.6404642151999993,0.78,True,2
EeZGKJtLJdF7CnVEuDX93LABAcvk6RGj7qw3p7yy7weR,1785083538,2026-07-26T16:32:18Z,23696.67169376603,1785083688,2026-07-26T16:34:48Z,1,2,1.01307408,1.0475297380000002,2992894.017019,2992894.017019,0,0.034455657999999945,2.5662574078399962,2.5,True,3
4qm3n6CUu27JbQgXXiHsskYJ3XCcQXgYyi1uZc14h2ZS,1785083424,2026-07-26T16:30:24Z,18131.658396125633,1785084038,2026-07-26T16:40:38Z,5,4,0.60857408,0.642721396,1532378.298879,1532378.2988790001,0,0.03414731599999997,2.543292095679998,10.23,True,9
HXQFEgBUZf4rBWXskHLFyRNcXGZKBrMEd8mbH22F2pXH,1785083548,2026-07-26T16:32:28Z,25016.293325331982,1785898335,2026-08-05T02:52:15Z,12,7,2.00616816,2.039711876,831215.3414029998,831215.3414029999,0,0.03354371600000006,2.4983359676800045,13579.78,True,19
9JRyxXeHdr8GqceEJLmuruKyFBy5ncz8kh5NCGadjMgr,1785083221,2026-07-26T16:27:01Z,4856.644622122499,1785701718,2026-08-02T20:15:18Z,10,4,0.14477832799999998,0.153613765,205353.326042,205319.595539,33.730503,0.031889113999999996,2.37510121072,10308.28,False,14
HHYrTocnC6Xx1pj45x7cKsh4nXNLTYKRpGwm6LcMXjTz,1785083266,2026-07-26T16:27:46Z,3442.6701713895604,1785325024,2026-07-29T11:37:04Z,3,3,0.11999256,0.150548457,208722.987211,208722.987211,0,0.030555897,2.27580320856,4029.3,True,6
EZRLgpJZdLgT8ZCo1ntY1fLw8x65H9xcDRuPGvPP1m8G,1785083418,2026-07-26T16:30:18Z,19073.8811403079,1785707855,2026-08-02T21:57:35Z,3,3,1.0565481600000002,1.085845723,1956194.547292,1956194.547292,0,0.02929756299999993,2.182082492239995,10407.28,True,6
FFuQV9SEeeSsV5auYzzsb6vZ6PH9fhmmUvetW5jnXWc,1785083482,2026-07-26T16:31:22Z,15733.365196974204,1785084192,2026-07-26T16:43:12Z,2,2,0.04307408,0.07124287100000001,108756.578278,108756.578278,0,0.028168791000000006,2.0980115536800006,11.83,True,4
J7eGtUDzggufnqrVZXnZ1FBK15PK69i7dV3SvJvMbd6J,1785083558,2026-07-26T16:32:38Z,26751.876637881218,1785783285,2026-08-03T18:54:45Z,5,4,1.172077951,1.19946589,1752255.5319989999,1752255.5319989999,0,0.027387939000000028,2.039853696720002,11662.12,True,9
CLbNcbTdGRgrG5crCMrcUWr5EU6nohiNcyCd9uYrfmB5,1785083179,2026-07-26T16:26:19Z,21851.82973342442,1785097385,2026-07-26T20:23:05Z,4,7,0.29639256,0.323638378,106601.357782,106601.357782,0,0.027245817999999974,2.029268524639998,236.77,True,11
ontrU64W3C2bdTEotmXSCZHYC7nw89zWE81TCJRiKHF,1785083405,2026-07-26T16:30:05Z,13730.496071140893,1785083435,2026-07-26T16:30:35Z,1,2,0.15307408,0.179581971,774789.484182,774789.484182,0,0.026507890999999992,1.9743077216799996,0.5,True,3
138rfRUFWt9EfUnVoCjN3f9wTMxocWZhMVXkWUofvqF9,1785083401,2026-07-26T16:30:01Z,12766.882752403946,1785083453,2026-07-26T16:30:53Z,1,1,0.10217408,0.126927546,549957.350902,549957.350902,0,0.024753466000000002,1.8436381476800003,0.87,True,2
9iYFPoMEzVD8fV6r51pdhguw3VL1HKCuv4q281gXV4c3,1785083079,2026-07-26T16:24:39Z,3405.820736693592,1785083098,2026-07-26T16:24:58Z,1,1,0.030079125999999998,0.054180091,582959.081376,582959.081376,0,0.024100965000000002,1.7950398732000001,0.32,True,2
9cVAhv6wSJRLXCiMTEXaVssAo8ydwYipFVMJNzg1Cwhi,1785083154,2026-07-26T16:25:54Z,13523.47289183007,1785128560,2026-07-27T05:02:40Z,4,6,0.051060358,0.074976717,1419246.899414,1419246.8994139999,0,0.023916359,1.7812904183200002,756.77,True,10
H1NMKd5wwDtdzcjwfp5r9LVLaHbTPBiKypQ8YE1aVuLE,1785083187,2026-07-26T16:26:27Z,18077.844446893632,1785083418,2026-07-26T16:30:18Z,2,1,0.10002408,0.123296107,476653.610889,476653.610889,0,0.023272027,1.7333005709600002,3.85,True,3
CM696NQZpEEmrymG8ghouWPupVDavbtBn4ZYvzqmZaXa,1785083431,2026-07-26T16:30:31Z,15310.027025024912,1785084085,2026-07-26T16:41:25Z,3,6,0.237839961,0.261060411,537492.151156,537492.151156,0,0.023220450000000014,1.7294591160000012,10.9,True,9
8axH7qoBwDjEruiucFm67RjrUQt9Df37jMBU4dGePVaf,1785083538,2026-07-26T16:32:18Z,23942.911213794298,1785083610,2026-07-26T16:33:30Z,1,1,0.082074081,0.10261998,234599.409938,234599.409938,0,0.020545899000000006,1.5302585575200005,1.2,True,2
H3HAyZcLcjWxCyfhULbwyfE3CF9tnn2uVjKkqtQraqf5,1785083513,2026-07-26T16:31:53Z,16243.24027841391,1785086256,2026-07-26T17:17:36Z,5,7,0.37416316000000005,0.392660826,715498.090557,715498.090557,0,0.018497666000000045,1.3777061636800034,45.72,True,12
CAgFLkrTYuzjRarpJLUXPQhv214KGdP7eGqxQF1qtpRp,1785083394,2026-07-26T16:29:54Z,6814.544372118685,1785083504,2026-07-26T16:31:44Z,1,1,0.030281583,0.048298957999999996,284512.058947,284512.058947,0,0.018017374999999995,1.3419340899999996,1.83,True,2
37T4YzC82kyM9jYYNfmLi4XxWXoTsYJWM4VbHeDTGoEN,1785083178,2026-07-26T16:26:18Z,21529.731854764636,1785083575,2026-07-26T16:32:55Z,1,1,0.10407408,0.121363651,329412.491971,329412.491971,0,0.017289571000000004,1.2877272480800004,6.62,True,2
8yban3741hUrGuqutxCvnortoq3MD38HA7kaodyXR6c7,1785083548,2026-07-26T16:32:28Z,25634.441215397,1785083760,2026-07-26T16:36:00Z,1,1,0.043200366999999996,0.059687968,109559.494505,109559.494505,0,0.016487601000000005,1.2279965224800005,3.53,True,2
5oiHrztb8HUZhzzDR9xK4DUeJTvnfewfjrZM9r5yexX6,1785083485,2026-07-26T16:31:25Z,17610.41847073245,1785083555,2026-07-26T16:32:35Z,1,1,0.05257408,0.06730796500000001,201362.692253,201362.692253,0,0.014733885000000002,1.0973797548000002,1.17,True,2
GSd9FrhvNhs1Cfm67hV3bBhapBQf5b8uXZQ9xqs2wmQz,1785083494,2026-07-26T16:31:34Z,16024.810137419287,1785083730,2026-07-26T16:35:30Z,2,2,0.02088962,0.032358799,75064.65039699999,75064.65039699999,0,0.011469178999999998,0.8542244519199998,3.93,True,4
EQcBffX5pXLTKZc3z9N684H29vZs9rfpUYxuDhRzexKf,1785083149,2026-07-26T16:25:49Z,15108.585105095206,1785083201,2026-07-26T16:26:41Z,1,1,0.10317408,0.1146201,469412.759197,469412.759197,0,0.011446020000000001,0.8524995696000002,0.87,True,2
8pyP5ssNhtYY77ioqRysFYXsFUSUDN5fJk4g3GT8Xaav,1785083548,2026-07-26T16:32:28Z,24960.27640503081,1785083612,2026-07-26T16:33:32Z,1,1,0.10707408,0.118487965,281296.605208,281296.605208,0,0.011413884999999999,0.8501061548,1.07,True,2
4mTSjV6re8DPPdanrjg2KkX9J84f7b4JUm75LJfUAp9R,1785083461,2026-07-26T16:31:01Z,11277.800610560398,1785083479,2026-07-26T16:31:19Z,1,1,0.053574079999999996,0.063976601,314430.215378,314430.215378,0,0.010402520999999998,0.7747797640799999,0.3,True,2
6FWPZ1BiXS4WU35oaggD8vNFkontnGsgbE1ei56STrqS,1785083473,2026-07-26T16:31:13Z,12858.833963146537,1787702989,2026-08-26T00:09:49Z,2,2,0.35964816,0.36943771700000005,827624.3621,827624.3621,0,0.009789557000000032,0.7291262053600024,43658.6,True,4
Asv93YcxAm5DXJ69hcBrmSnb7V8okFAqUkm3MpAens4i,1785083519,2026-07-26T16:31:59Z,16221.698183446211,1785085674,2026-07-26T17:07:54Z,15,31,4.50282408,4.5121712480000005,3973699.616293,3973699.6162929987,0,0.00934716800000035,0.696177072640026,35.92,True,46
BJhKQNuN3Tpi5EkJ6rV5gdG5Kf1rDNWfkx4jinNmj2T1,1785083087,2026-07-26T16:24:47Z,3415.3147595232854,1785083169,2026-07-26T16:26:09Z,3,2,0.25210408,0.26076544,2682779.821676,2682779.821676,0,0.00866136000000002,0.6450980928000016,1.37,True,5
GkmAwmE1Pg7CBEwUvRQTWM8gZ5Tp6Yd77jWwkNGb4Wnm,1785083119,2026-07-26T16:25:19Z,5784.222655788892,1785083137,2026-07-26T16:25:37Z,1,1,0.053534846999999997,0.060979568,613060.99125,613060.99125,0,0.007444721000000001,0.5544828200800002,0.3,True,2
5T19jxWiuHqUJH9UMEunrajMFteyZY2FDg4KZXoRbYtr,1785083462,2026-07-26T16:31:02Z,11245.096917132318,1785121191,2026-07-27T02:59:51Z,3,3,0.389025564,0.396291993,457432.912495,457432.912495,0,0.0072664290000000326,0.5412036319200024,628.82,True,6
8bpe4gWuAvniwHt8mxtzrKn7ixLviePa8ymb6PP8ftXc,1785083394,2026-07-26T16:29:54Z,6818.484285412867,1785086756,2026-07-26T17:25:56Z,2,2,0.01201968,0.016980481999999998,53137.699243,53137.699243,0,0.0049608019999999985,0.3694805329599999,56.03,True,4
2HL9h6zXHLtYyej6JcpAggFL7dPA7ksHmN8BJcaqtVty,1785083178,2026-07-26T16:26:18Z,21505.956334748735,1785084142,2026-07-26T16:42:22Z,4,2,0.14187712,0.146183925,188511.823399,188511.823399,0,0.004306804999999999,0.3207708363999999,16.07,True,6
HGX7UUFYW5y2tqp4b8sXTYw21hkNKVwaQokTNYZdJTjL,1785083450,2026-07-26T16:30:50Z,16039.566957623134,1785084199,2026-07-26T16:43:19Z,1,1,0.00368908,0.007367459,6632.494157,6632.494157,0,0.0036783789999999994,0.27396566792,12.48,True,2
1gqtDt2aDkVJ2PzLrN2uuBGKzQxz7hTMv5rCQjf8gXS,1785083469,2026-07-26T16:31:09Z,11736.452482556,1785120947,2026-07-27T02:55:47Z,3,3,0.025448159999999997,0.028872043,73531.436864,73531.436864,0,0.0034238830000000013,0.25501080584000013,624.63,True,6
Adts2vARCKwQSt7ae1LALsU2QaTda1Qz7edoUKx8woQ7,1785083546,2026-07-26T16:32:26Z,25194.156591782747,1785083561,2026-07-26T16:32:41Z,1,1,0.04708408,0.050273768,125408.384743,125408.384743,0,0.003189688000000003,0.23756796224000024,0.25,True,2
F5K7wpAkG1UZEt53nu6tepNeXspFd7ZFYk162VrZ2J7E,1785083095,2026-07-26T16:24:55Z,4812.009419859206,1785083097,2026-07-26T16:24:57Z,1,1,0.303160291,0.30584517,4421539.158434,4421539.158434,0,0.0026848789999999734,0.19996978791999803,0.03,True,2
4CRdPC5wqhQxNBLVAY2YN9NYbgwfGL23dNzmQMixhzLW,1785083166,2026-07-26T16:26:06Z,20047.806763408513,1785083497,2026-07-26T16:31:37Z,2,6,0.031361904,0.033384149,124946.288508,124946.28850800001,0,0.0020222449999999993,0.15061680759999996,5.52,True,8
5fyu4QvFMBcfzzBc9TgpvCHq4E1atgQdy6Sa6Ee9mzrB,1785083417,2026-07-26T16:30:17Z,14262.251105382602,1785083451,2026-07-26T16:30:51Z,1,1,0.028329129999999998,0.030319505,124341.890275,124341.890275,0,0.0019903750000000026,0.1482431300000002,0.57,True,2
CN93KGat8NehMA1e3EzbtrpvUWYCxVbxgEg1iyBH3urW,1785083437,2026-07-26T16:30:37Z,16523.7892767671,1785083451,2026-07-26T16:30:51Z,1,3,0.1031576,0.10467360299999998,429209.214845,429209.21484499995,0,0.001516002999999988,0.11291190343999911,0.23,True,4
GZTdqMLviYuUALdSnwAHxUeVyh1bRezw4X1ucc4LJu96,1785083414,2026-07-26T16:30:14Z,14994.286853810445,1786048347,2026-08-06T20:32:27Z,11,14,2.02486331,2.0261332690000002,226873.540722,226873.54072199998,0,0.0012699589999999317,0.09458654631999491,16082.22,True,25
3JviceZKAh4DMLyPXun7Jvc1Zbf7HThgQ8dPRZo88sY8,1785083474,2026-07-26T16:31:14Z,14622.013478245997,1785085710,2026-07-26T17:08:30Z,5,4,0.16640776,0.16751455299999998,348394.73549500003,348394.73549500003,0,0.0011067929999999987,0.08243394263999991,37.27,True,9
4dniuvskLMwsqB83ZVA5EmFcK5zhDZa934H3XRg4WCsc,1785083095,2026-07-26T16:24:55Z,4120.274226192157,1785083096,2026-07-26T16:24:56Z,1,1,0.00707908,0.008085015000000001,86064.196732,86064.196732,0,0.0010059350000000012,0.07492203880000009,0.02,True,2
FQ31GLz5DoZkJzjhbNhhRAKDH3y7vbiWc34kDYofW1fn,1785083429,2026-07-26T16:30:29Z,18924.409404650778,1785084367,2026-07-26T16:46:07Z,4,4,0.05209408,0.052638508,132046.302105,132046.302105,0,0.0005444280000000022,0.040548997440000165,15.63,True,8
ERwFALCBpbgvxcd3Veq2hWtVvKqDK7LKwfBxyGCNBgX9,1785083094,2026-07-26T16:24:54Z,3986.9934033763466,1785083096,2026-07-26T16:24:56Z,1,1,0.01207408,0.012429219,177882.457138,177882.457138,0,0.00035513900000000084,0.026450752720000064,0.03,True,2
7Ut1gh36seBkUiYuPx3rNQbuLE7QLT53YJRo3wsGAZRZ,1785083233,2026-07-26T16:27:13Z,4246.22758884415,1785083233,2026-07-26T16:27:13Z,3,1,0.02,0.02,17815752.983597,17815751.462008,1.521589,0.0,0.0,0.0,True,4
Du7PeEa9ShX6PesoumcNDXX1CfFJYX6HuEyFNf4EVgoT,1785083482,2026-07-26T16:31:22Z,15816.439269316417,1786145526,2026-08-07T23:32:06Z,2,2,0.0,0.0,172027.750585,172027.750585,0,0.0,0.0,17700.73,True,4
DpLyDsrVNTqdSkPjcKB1anHJDsCaMm9worDmavpFyXuR,1785083166,2026-07-26T16:26:06Z,16098.640281749076,1785353232,2026-07-29T19:27:12Z,4,4,2e-09,0.0,806102.5556930001,806002.4624279999,100.093265,-2e-09,-1.4896e-07,4501.1,False,8
G1F4thH2m8N7qzuNgSGvnAEZU4hC2Kr8vp52zniPmf2U,1785083143,2026-07-26T16:25:43Z,12373.491664336329,1785083234,2026-07-26T16:27:14Z,1,2,0.0022775820000000002,0.002140658,1160.682988,1160.682988,0,-0.0001369240000000005,-0.010198099520000038,1.52,True,3
ZhqQU3djMKYk5GpjK8eYLn6Uu1Eo7Muo7xknGwf2gB2,1785083133,2026-07-26T16:25:33Z,7640.869088347587,1785083226,2026-07-26T16:27:06Z,1,4,0.00717358,0.006965369000000001,45945.295724,45945.29572400001,0,-0.0002082109999999983,-0.015507555279999873,1.55,True,5
4JWJ8EQGGiTr7nPHK6pxVot2FZzj5WBv8Tdv23iyn3q4,1785083556,2026-07-26T16:32:36Z,24853.132545773205,1785083616,2026-07-26T16:33:36Z,2,1,0.012374078,0.012026096,27490.393653,27490.393653,0,-0.00034798200000000015,-0.02591769936000001,1.0,True,3
9UeM3cDFALtCccb9TjVWkyYo5mfXpxPuvpgPLGdKopyL,1785083515,2026-07-26T16:31:55Z,16223.254423242697,1785083521,2026-07-26T16:32:01Z,1,1,0.11238298299999999,0.111998658,432788.689286,432788.689286,0,-0.0003843249999999909,-0.028624525999999324,0.1,True,2
EqmGx8P4sxfeD3fQRakm6FNY3KN6vco74wuwK2zSk5gc,1785083144,2026-07-26T16:25:44Z,12510.065740337917,1785083154,2026-07-26T16:25:54Z,1,2,0.022019880000000002,0.021588136,113269.915048,113269.915048,0,-0.000431744000000003,-0.03215629312000023,0.17,True,3
3Dh6voLEgeYMwp3yPUVJ2oCgzEVw9uufujogXrwCNth9,1785083541,2026-07-26T16:32:21Z,23160.421059835506,1785083589,2026-07-26T16:33:09Z,1,1,0.10407408,0.103570652,306219.071036,306219.071036,0,-0.0005034280000000002,-0.037495317440000016,0.8,True,2
EyoNxgo2uZ9nwb5qyqQMrXtoeGP4p7VQ4AdEWNbgMAYo,1785083536,2026-07-26T16:32:16Z,25859.741486268907,1785083561,2026-07-26T16:32:41Z,1,1,0.014730133000000001,0.0137597,34339.038211,34339.038211,0,-0.0009704330000000014,-0.07227784984000012,0.42,True,2
CnVuvZ6VGMdMi33gN6rNESChWRYLcRE3aH6wFop76VK6,1785083158,2026-07-26T16:25:58Z,12796.146499684692,1785114082,2026-07-27T01:01:22Z,12,10,0.000971037,0.0,289410.380199,289410.380199,0,-0.000971037,-0.07232283576000001,515.4,True,22
87YUKC4TmkdzbxKuCwciRu47uLyKSaU96UegG7FjnuRZ,1785083560,2026-07-26T16:32:40Z,27970.296615033163,1785083621,2026-07-26T16:33:41Z,1,1,0.010949591,0.009975993,22504.789011,22504.789011,0,-0.0009735979999999991,-0.07251357903999994,1.02,True,2
N1Gv262rmK1Bpnf4c4PRmuzsaYVGohbFiFmZWAqRdN7,1785083142,2026-07-26T16:25:42Z,13050.746021342527,1785083453,2026-07-26T16:30:53Z,2,2,0.30455816,0.30333000699999996,1459254.7946970002,1459254.7946970002,0,-0.0012281530000000651,-0.09147283544000485,5.18,True,4
2WvcP2my7LYGSMnEdr78tGFKjLPojiQraoNDp7d3oxb8,1785083459,2026-07-26T16:30:59Z,11701.555364648642,1785083573,2026-07-26T16:32:53Z,1,1,0.0018791889999999999,0.0,398657.218474,398657.218474,0,-0.0018791889999999999,-0.13996199672,1.9,True,2
jnSkoNw3anwkz9TUcNjDuSZqxLNoQKkWBerxRe2Wqdr,1785083173,2026-07-26T16:26:13Z,18959.268561962843,1785084934,2026-07-26T16:55:34Z,2,2,0.006162641,0.00412356,1350464.395652,1350464.395652,0,-0.002039081,-0.15187075288,29.35,True,4
BGgGo8bAfF8CfW7CZYZsZfrbzU3q7coHncXEvSk6QuVX,1785083474,2026-07-26T16:31:14Z,13129.482664626878,1785086090,2026-07-26T17:14:50Z,2,2,0.012074080000000001,0.01,3723794.405344,3723794.405344,0,-0.0020740800000000007,-0.15447747840000006,43.6,True,4
6hQSw5JDEjVvqFes2vwGnYFq9b44Yjq9wxeNVBYJpHSb,1785083144,2026-07-26T16:25:44Z,12489.857621091945,1785083157,2026-07-26T16:25:57Z,1,1,0.0020940800000000003,1.5710000000000007e-06,56.780252,56.780252,0,-0.002092509,-0.15585007032000003,0.22,True,2
6pPabs6DcL9r5siEQVcEQHCFkGCTkGevHbQ19goxwPaR,1785083542,2026-07-26T16:32:22Z,24015.272709384353,1785086064,2026-07-26T17:14:24Z,3,10,0.002161637,0.0,918247.801016,918247.8010160001,0,-0.002161637,-0.16099872376000002,42.03,True,13
HdrwHwmMX44HU6Hmyaqa3oyBjjmgx1gbGwsiUpqA8Yrd,1785083479,2026-07-26T16:31:19Z,15192.683312540452,1785083497,2026-07-26T16:31:37Z,2,1,0.00407608,0.0018511629999999999,9204.498824,9204.498824,0,-0.0022249170000000003,-0.16571181816000002,0.3,True,3
rQzGmujNeJhpwgU1gvJicLWoSzTEBXVHJKGg8Bhb6sU,1785083120,2026-07-26T16:25:20Z,6461.461245316054,1785083517,2026-07-26T16:31:57Z,3,5,0.08382039399999999,0.081583698,799448.8700930001,799448.870093,0,-0.0022366959999999955,-0.16658911807999968,6.62,True,8
8GvD3GZVYQBXqC9WGJtwgpHGTT7XybgGFUZDy2qXB9TA,1785083407,2026-07-26T16:30:07Z,15135.408917831193,1787508032,2026-08-23T18:00:32Z,3,3,0.038256648000000004,0.035614628,14979.537729,14979.537729,0,-0.002642019999999999,-0.1967776495999999,40410.42,True,6
AjDGDqbTDPwj8zwKrvBYWcPyRkzrLSmtvTekrLhqPJ5K,1785083185,2026-07-26T16:26:25Z,16971.53035257031,1785083220,2026-07-26T16:27:00Z,1,1,0.003943304999999999,0.000714401,4137.066807,4137.066807,0,-0.0032289039999999995,-0.24048876991999998,0.58,True,2
EWrb3GdeWmUxrGaGyLwnoXGQJMJ9zRNTwVaC2jYH8n39,1785083514,2026-07-26T16:31:54Z,16263.892325922476,1785083697,2026-07-26T16:34:57Z,1,1,0.00707508,0.003251622,21585.361168,21585.361168,0,-0.003823458,-0.28477115184,3.05,True,2
B49bjwLPGKUCU3TRXm6zWV3cPduqG9P8VUzTtS2CVS6x,1785083412,2026-07-26T16:30:12Z,15897.01356526715,1785083510,2026-07-26T16:31:50Z,1,1,0.05307408,0.049226505999999996,220835.219054,220835.219054,0,-0.0038475740000000064,-0.2865673115200005,1.63,True,2
HMendyGrAAsSVnSiUN4mVDw6GGdwvMuBjtkuWQWhQqii,1785083406,2026-07-26T16:30:06Z,16130.04437109727,1785238457,2026-07-28T11:34:17Z,3,3,0.020132801,0.015710171000000002,9601.508846,9601.508846,0,-0.004422629999999999,-0.3293974823999999,2584.18,True,6
GoJmdBv5s96u7PD66NDkuGPTc7mWoh5b74urHGVN279C,1785083412,2026-07-26T16:30:12Z,15922.970023254227,1786748017,2026-08-14T22:53:37Z,15,47,3.6535741269999997,3.648689874999999,502111.5883330001,502111.5883329999,0,-0.004884251999999922,-0.3637790889599942,27743.42,True,62
2DfZvY9U9mt3T6EFDzfXb7jWm83N6y2LUh45TWYJEe7d,1785083147,2026-07-26T16:25:47Z,14765.034806653768,1785083216,2026-07-26T16:26:56Z,1,1,0.00707508,0.002023913,23776.577194,23776.577194,0,-0.0050511670000000005,-0.3762109181600001,1.15,True,2
D8donLgiArJinaMx8981QR4LaTvJYDUEj1vNwrBuDB2E,1785083181,2026-07-26T16:26:21Z,21346.85178474641,1785083448,2026-07-26T16:30:48Z,1,1,0.01208408,0.006566424,32891.22249,32891.22249,0,-0.005517656000000002,-0.41095501888000013,4.45,True,2
7eDUBD4AQ5GyhDh7RSLrBbebRGAxNpfPF5SSvgMn76vg,1785083414,2026-07-26T16:30:14Z,15009.89441534103,1785937951,2026-08-05T13:52:31Z,7,5,0.310996321,0.30542461499999995,384228.62548499997,384228.62548499997,0,-0.00557170600000001,-0.41498066288000074,14242.28,True,12
62YSi9Kg2z25q1zHhR8LDeUjr3Dh2gb7FkfScuwhgMWD,1785083474,2026-07-26T16:31:14Z,14618.269098628398,1785772524,2026-08-03T15:55:24Z,11,13,0.07876655400000002,0.073018435,28222.277733,28222.277733,0,-0.005748119,-0.42811990312000003,11484.17,True,24
hiJL4dxyRAekwvwwwvH3mf7fyLcA6aMwRcd8TRjBgBa,1785083172,2026-07-26T16:26:12Z,20149.05117708809,1785083185,2026-07-26T16:26:25Z,1,1,0.023456853,0.017569369,75264.138013,75264.138013,0,-0.005887484000000002,-0.4384998083200002,0.22,True,2
9HxrbwX9RZdEjNzBQLW3vbMmK23UyYG9tmxv6Wjy9ek,1785083463,2026-07-26T16:31:03Z,11177.526575857308,1787375840,2026-08-22T05:17:20Z,16,9,0.11941888,0.11313367600000002,109697.746377,109697.746377,0,-0.006285203999999998,-0.46812199391999987,38206.28,True,25
3DVjos26KvVnf7XUcuQbuMKFCvgBHJMGAoc4bZz6n63r,1785083418,2026-07-26T16:30:18Z,18552.21354649277,1785083426,2026-07-26T16:30:26Z,1,1,0.10287408,0.095623128,378458.39798,378458.39798,0,-0.007250952000000005,-0.5400509049600004,0.13,True,2
3Ba2rH1FFpzRpAE1hGvaqsCXRkjZD19ujQ1ocNmUnWSM,1785083197,2026-07-26T16:26:37Z,19010.310692098104,1785083216,2026-07-26T16:26:56Z,1,1,0.013160380999999999,0.005331213,37306.922263,37306.922263,0,-0.007829168,-0.58311643264,0.32,True,2
2MgWYfXrASJFJG1SpwbK528JH2KunFsihS3LtKctbyX9,1785083269,2026-07-26T16:27:49Z,3447.7278397543114,1785083272,2026-07-26T16:27:52Z,1,1,0.12327408,0.11485358899999999,2468464.913445,2468464.913445,0,-0.008420491000000002,-0.6271581696800002,0.05,True,2
5xAa2zaMR4ynk836GGpCT9uJC86ao3QCcegxtJ3mA7Gj,1785083179,2026-07-26T16:26:19Z,21843.951317893992,1785083227,2026-07-26T16:27:07Z,1,1,0.010279962,0.000631814,20892.769044,20892.769044,0,-0.009648148,-0.7185940630400001,0.8,True,2
4af4XvX2qNeEZbXoT1uCcbjEjgqY5JkLHn1UwNevqNbi,1785083167,2026-07-26T16:26:07Z,22289.673690178195,1785083175,2026-07-26T16:26:15Z,1,1,0.05207408,0.042220065,159090.766615,159090.766615,0,-0.009854014999999994,-0.7339270371999995,0.13,True,2
DuVC73CThrSLPfzP8SFvVYBH6HNuFgbmMW5rKdXyxsCi,1785083432,2026-07-26T16:30:32Z,14626.841306722796,1785083841,2026-07-26T16:37:21Z,2,2,0.20626603500000001,0.19631585899999998,626699.896312,626699.896312,0,-0.009950176000000005,-0.7410891084800004,6.82,True,4
8pZnR6m2BUsBXL7jDTyBzgGLumyAYLneDF4CSS4YGZj4,1785083562,2026-07-26T16:32:42Z,29016.233922621068,1785083672,2026-07-26T16:34:32Z,1,1,0.10207408,0.091838693,241976.303214,241976.303214,0,-0.010235386999999999,-0.76233162376,1.83,True,2
6oe69JHBfZNoPX6m9VtDUniUnCwP9aN14syGmuE1RV7C,1785083231,2026-07-26T16:27:11Z,3962.5072798238325,1785083286,2026-07-26T16:28:06Z,1,1,0.02307408,0.012355617999999999,354383.746368,354383.746368,0,-0.010718462000000002,-0.7983110497600001,0.92,True,2
39LPT5YAse8Z2D8kHtNoQ6YQXeC2M69mfxucWaCUiXyY,1785083235,2026-07-26T16:27:15Z,4368.736406970528,1785084243,2026-07-26T16:44:03Z,2,2,0.062261576,0.051281188,835820.91948,835820.91948,0,-0.010980388000000011,-0.8178192982400009,16.8,True,4
B4FARCzHz6cYrAtZ5SLBzswf73AKAduPVqhknQXMPvge,1785083414,2026-07-26T16:30:14Z,14921.458968918796,1785083435,2026-07-26T16:30:35Z,1,2,0.40217408099999996,0.390826638,1882186.208807,1882186.208807,0,-0.011347442999999957,-0.8451575546399969,0.35,True,3
sfWww4FKayU6rUuh9McLzDK6TeLJkT9MYYc6fBVZdc9,1785083209,2026-07-26T16:26:49Z,13318.987776651278,1785083845,2026-07-26T16:37:25Z,2,2,0.025904471,0.01367935,70510.884825,70510.884825,0,-0.012225121,-0.9105270120800001,10.6,True,4
GAYeu4sM42VJANeJBJ4ckKyGD2gBcmrjMEtwwCe1yGBh,1785083503,2026-07-26T16:31:43Z,13740.495197194832,1785083504,2026-07-26T16:31:44Z,1,1,0.09874775200000001,0.086494816,498981.582948,498981.582948,0,-0.012252936000000006,-0.9125986732800004,0.02,True,2
CeCFexogvcqRrPfAMHqkp8FpjhHxij8uFHxyumR1t9vS,1785083210,2026-07-26T16:26:50Z,12431.781350073752,1785084074,2026-07-26T16:41:14Z,3,3,0.08238408,0.06917174100000001,266427.498803,266427.498803,0,-0.013212338999999997,-0.9840550087199998,14.4,True,6
DX7gLxbTJXBJgEqaSTXzoK46ByPaemjnoimW5ZeXG8mf,1785083550,2026-07-26T16:32:30Z,24718.99318138361,1785962907,2026-08-05T20:48:27Z,6,5,0.019519962000000002,0.005743138,2038476.8042020001,2038476.8042020001,0,-0.013776823999999998,-1.0260978515199999,14655.95,True,11
51BZmyr1QSppyKZ8Xd6Z8AC4NfJuiocivpg6V8hyzJu4,1785083488,2026-07-26T16:31:28Z,18046.668337872852,1785086357,2026-07-26T17:19:17Z,4,4,0.46682132,0.450320984,562838.685269,562838.685269,0,-0.016500335999999963,-1.2289450252799974,47.82,True,8
EyZCZL5qm5yiL5NJyrZVWPp1hKcbvB9bBrmu8z8PCYDL,1785083149,2026-07-26T16:25:49Z,14866.688498443682,1785159676,2026-07-27T13:41:16Z,31,20,1.1200160740000005,1.099602926,4142129.499949001,4142129.499949,0,-0.02041314799999995,-1.5203712630399964,1275.45,True,51
6YmahBmiUXyLJXvvpnZHSwmgghA8qM7jE8tDSDf5ir28,1785083403,2026-07-26T16:30:03Z,10277.002502336132,1785084905,2026-07-26T16:55:05Z,9,9,3.0829184799999996,3.0622187800000003,8284491.279263998,8284491.279263999,0,-0.020699700000000043,-1.5417136560000033,25.03,True,18
5XLgwbdpRv99TPc45FeNiRWqPgwDfuvJ5fAwFHcKLnoq,1785083149,2026-07-26T16:25:49Z,15274.364151132953,1785083154,2026-07-26T16:25:54Z,1,1,0.10346408,0.081431195,459674.84789,459674.84789,0,-0.022032885000000002,-1.6410092748000003,0.08,True,2
8RCLhQfcQ9pmuDfxW1r2WgrEchPTTH7d6JFdqTAouW6q,1785083159,2026-07-26T16:25:59Z,13590.455221431243,1785083215,2026-07-26T16:26:55Z,1,1,0.053464080000000004,0.031262475,258315.149551,258315.149551,0,-0.022201605000000006,-1.6535755404000005,0.93,True,2
CaRaMddDSmNLbJYY9VZ4vd31PNq6L6akpzpzVn1h4V6y,1785083234,2026-07-26T16:27:14Z,4359.170633344527,1785083257,2026-07-26T16:27:37Z,1,1,0.053013678,0.030366078,805341.375292,805341.375292,0,-0.0226476,-1.686793248,0.38,True,2
3mhSQ5wa12rcvt6gmxQVcKKvdpxsQrT1zDY82g8YMP3J,1785083172,2026-07-26T16:26:12Z,19407.57995138172,1785083242,2026-07-26T16:27:22Z,2,2,0.026578569000000003,0.003245176,74948.601989,74948.59478900001,0.007199999992735684,-0.023333390913696628,-1.737870955252125,1.17,True,4
D3bNu4WV8DZJ8rP46z8ePpD9szjMGW1LspEZrk3o7Xd2,1785083218,2026-07-26T16:26:58Z,5060.994842235855,1785083219,2026-07-26T16:26:59Z,1,1,0.10507408,0.081137266,1401337.650566,1401337.650566,0,-0.023936814,-1.7828139067200002,0.02,True,2
5qZrtvrof9PvJMGoCYH2XcuzuSV25TvdDMoM6XnwfaNv,1785083417,2026-07-26T16:30:17Z,14270.974068444033,1785085709,2026-07-26T17:08:29Z,2,2,0.133740085,0.107424559,145124.09722599998,145124.09722599998,0,-0.02631552600000001,-1.9599803764800008,38.2,True,4
6eLZ288gwV5pmLPPdiDupFMr5ueuG3Y3L4WDK1kRmQP,1785083167,2026-07-26T16:26:07Z,22267.655789336717,1785083213,2026-07-26T16:26:53Z,1,1,0.05207408,0.024625611000000002,159248.073013,159248.073013,0,-0.027448469,-2.0443619711200003,0.77,True,2
5KCbUBm486ddoUFHif4FJEfXHHvJY5AkJfD51z4ZfcBL,1785083143,2026-07-26T16:25:43Z,12480.349009065634,1786288323,2026-08-09T15:12:03Z,12,10,0.91763768,0.888607166,393256.199606,393256.199606,0,-0.029030514000000028,-2.1621926827200024,20086.33,True,22
46zGJ2ATgfXdiUXGJE3qZrWs9jerrmvgAodAKY79haGU,1785083303,2026-07-26T16:28:23Z,2421.3413787641475,1785083328,2026-07-26T16:28:48Z,1,1,1.01625408,0.9870303159999999,28997319.955098,28997319.955098,0,-0.02922376400000004,-2.176585942720003,0.42,True,2
75wECSqHeZHhYMB4on6rzpehx25ALxrVA56xRE5UBFzw,1785083177,2026-07-26T16:26:17Z,20387.115746553554,1785085902,2026-07-26T17:11:42Z,8,8,0.128146197,0.09488891399999999,253360.75702199998,253360.75702199998,0,-0.03325728300000001,-2.477002437840001,45.42,True,16
Cu7AJiu9eEjBBxGHRh5yndV6AmD1myaCj2BepKwhzHbu,1785083259,2026-07-26T16:27:39Z,3077.9509430110684,1785083276,2026-07-26T16:27:56Z,1,1,0.40040408,0.366656825,9170648.921025,9170648.921025,0,-0.033747254999999976,-2.5134955523999984,0.28,True,2
EUdEcw8Y738nwcDxMwixjz2rPxXS7qcSSTwzqvw13fy1,1785083433,2026-07-26T16:30:33Z,13569.794065410959,1785086509,2026-07-26T17:21:49Z,4,4,0.20999255999999997,0.17622489999999996,487477.804827,487477.804827,0,-0.03376765999999999,-2.5150153167999996,51.27,True,8
FoDtXWikLJVhHJbrt7oP7r4tUtUc7QQqHMxr3daTcqzC,1785083216,2026-07-26T16:26:56Z,6261.973364441697,1785083226,2026-07-26T16:27:06Z,1,1,0.072084081,0.038234022,784875.379308,784875.379308,0,-0.033850058999999995,-2.5211523943199996,0.17,True,2
5UqokWafd7zWSD1pc3zUyERz6gzEqvk53yDcYmpXFt5S,1785083147,2026-07-26T16:25:47Z,15105.19404764347,1785104761,2026-07-26T22:26:01Z,2,2,0.20607408,0.169260422,470700.585839,470700.585839,0,-0.036813658,-2.74188124784,360.23,True,4
5aadmi8jRy84baPoBFqh1j2w5pQRACK3GnmnQp8a12z7,1785083141,2026-07-26T16:25:41Z,11572.637896075554,1785794745,2026-08-03T22:05:45Z,3,5,1.15922224,1.1193828030000001,305104.305066,305104.305066,0,-0.039839436999999985,-2.967241267759999,11860.07,True,8
AwSEYQTeNMnQY118AqKWQoje2GrpKWsmf2aYXVhhVZP6,1785083194,2026-07-26T16:26:34Z,17460.533321861283,1785083223,2026-07-26T16:27:03Z,1,1,0.05217408,0.011355671999999999,201060.323203,201060.323203,0,-0.040818408,-3.04015502784,0.48,True,2
4ewzo1YFLZjH6dh7sE8x7d8wQ8uPmmKn6Tmpq4qBjNWx,1785083423,2026-07-26T16:30:23Z,18217.599093408397,1785083655,2026-07-26T16:34:15Z,4,4,0.50247408,0.459649359,1936684.747102,1936684.747102,0,-0.04282472100000009,-3.189585220080007,3.87,True,8
Anubis512ho5t7S6LNSwoxUWdeQmX2kf3RvZ8ApHHF5w,1785083078,2026-07-26T16:24:38Z,3254.2631826325114,1785083080,2026-07-26T16:24:40Z,1,1,1.736198007,1.691672157,37770752.306904,37770752.306904,0,-0.04452585000000031,-3.3162853080000234,0.03,True,2
BBeft5QozTYdDPagToAjvcvCwBXXjzehxqs24BtCLMRD,1785083404,2026-07-26T16:30:04Z,13649.960532563327,1785755293,2026-08-03T11:08:13Z,31,31,0.318445678,0.272424435,1643747.2309480007,1643747.2309480007,0,-0.04602124299999999,-3.4276621786399994,11198.15,True,62
7DgesX2Hbc2D3XFF28eKSF1xt5yZ1gjs7TSBBW6Q5Nsx,1785083405,2026-07-26T16:30:05Z,15015.121825491957,1785083682,2026-07-26T16:34:42Z,4,4,0.736924613,0.68870939,3214195.904641,3214195.904641,0,-0.048215223,-3.5910698090400004,4.62,True,8
3r4atS7aqjsnvvtCW2oYmhZASGi4L3oP8WWRJUtu6ij7,1785083182,2026-07-26T16:26:22Z,21391.893480302064,1785087296,2026-07-26T17:34:56Z,2,2,0.20624816,0.156705213,359025.711897,359025.711897,0,-0.049542947000000004,-3.6899586925600003,68.57,True,4
3v2bdKP1HouTL3RfDvmSxk9ofBg5nxG4trhp8rmpexyh,1785083192,2026-07-26T16:26:32Z,16906.103075104453,1785083216,2026-07-26T16:26:56Z,1,1,0.10367408,0.053133877,416147.075508,416147.075508,0,-0.05054020300000001,-3.764234319440001,0.4,True,2
3kTB2Ju7yWCaLqcCzmJ7VPCBxJf847xQ9NyuAvkuavpa,1785083225,2026-07-26T16:27:05Z,3882.955760301145,1785083286,2026-07-26T16:28:06Z,3,1,0.18207708,0.12561818800000002,3559301.616215,3559301.616215,0,-0.05645889199999998,-4.205058276159999,1.02,True,4
9PimVMu47aabsrrFnrQRzboVMCpCqEZcpHzhVq4vGWmb,1785083177,2026-07-26T16:26:17Z,21125.744224741036,1787702077,2026-08-25T23:54:37Z,4,4,1.3427739200000002,1.283238705,3976481.2183890007,3976481.2183890007,0,-0.05953521500000024,-4.434182813200018,43648.33,True,8
Be1XnFTvQxWpVKFPdSLPFchux1LtWVjVMFM711pGb3p5,1785083200,2026-07-26T16:26:40Z,19059.081440078717,1785083210,2026-07-26T16:26:50Z,2,2,0.20456765500000001,0.142301766,833459.532051,833459.532051,0,-0.062265889000000005,-4.6375634127200005,0.17,True,4
5JmzK7BSzoKyXrjhTKkYGisvHEmXzwssAjunUpvk1hCs,1785083119,2026-07-26T16:25:19Z,5812.059133155643,1785083242,2026-07-26T16:27:22Z,1,1,0.20207408,0.128714063,2416094.156248,2416094.156248,0,-0.073360017,-5.463854066160001,2.05,True,2
BcMsuyHNwuWAzYPMsnWHuwe8Ks4Kv8qTMawLGAtconSC,1785083559,2026-07-26T16:32:39Z,27119.603886956585,1785086720,2026-07-26T17:25:20Z,2,2,0.354662932,0.278584593,686097.794882,686097.794882,0,-0.07607833899999998,-5.666314688719999,52.68,True,4
DjPpp2Jv7sQMWdAanxXi6ExiFUePdiR9RRNPoJpegnyV,1785083160,2026-07-26T16:26:00Z,13546.281985533125,1787662816,2026-08-25T13:00:16Z,7,7,0.509640166,0.433228816,1635433.962483,1635433.962483,0,-0.07641135,-5.691117348000001,42994.27,True,14
6P93ebg2C4VU6jcmZHFp2w9T9VXMe9QSXGqdnr4yneFe,1785083477,2026-07-26T16:31:17Z,15789.294647212173,1785159893,2026-07-27T13:44:53Z,9,5,1.8866781599999998,1.8097754959999999,1534144.877373,1534144.877373,0,-0.07690266399999987,-5.727710414719991,1273.6,True,14
ALmjjCJmzJAZApRHSJV7eKLUboVq7wMD5fZW2zJfzz5K,1785083093,2026-07-26T16:24:53Z,2536.180938030599,1787454730,2026-08-23T03:12:10Z,15,14,5.569796320000002,5.492460287,6359164.007943,6359164.007943,0,-0.07733603299999997,-5.759987737839998,39527.28,True,29
6oSmdjTSLnP8KYLbWcWuubtDNBAM3rw6euDQ13A72Svu,1785083192,2026-07-26T16:26:32Z,17046.947567957344,1785083220,2026-07-26T16:27:00Z,1,1,0.10217408,0.024488915,411876.729825,411876.729825,0,-0.07768516500000001,-5.785991089200001,0.47,True,2
ES67M5p8yLJuwhBnyusBQhk5BGdg5DymwkTrk49MQUWz,1785083171,2026-07-26T16:26:11Z,20165.3269795916,1785083747,2026-07-26T16:35:47Z,2,2,0.13911923799999998,0.061251665,463240.05210000003,463240.05210000003,0,-0.077867573,-5.79957683704,9.6,True,4
B7cRRKmjDt5KkFKfhD3NicgwywvkicgHvqVySU4LN4od,1785083520,2026-07-26T16:32:00Z,19850.8045362259,1785083694,2026-07-26T16:34:54Z,2,3,1.293467787,1.214630844,4098943.039949,4098943.039949,0,-0.07883694300000005,-5.871775514640004,2.9,True,5
J9kGZkJia9261cyAxqm2w5QCsegVt6R4chauotWkwZao,1785083191,2026-07-26T16:26:31Z,16472.4421817315,1785083244,2026-07-26T16:27:24Z,1,1,0.10392408,0.023074965,427102.749873,427102.749873,0,-0.080849115,-6.0216420852,0.88,True,2
6Ga5A5Zuig8VysUKRCsGPV9zU91q7RoHnujmJeqWAfPV,1785083219,2026-07-26T16:26:59Z,4367.7220496756345,1785083280,2026-07-26T16:28:00Z,1,1,0.20207408,0.11864221900000001,3215058.54715,3215058.54715,0,-0.08343186099999995,-6.214005007279997,1.02,True,2
9RxDUDXsyxZ5XC6mpY6vhgWJFR7wRjN9TWGko4ckFhhL,1785083183,2026-07-26T16:26:23Z,19415.21294068769,1785083261,2026-07-26T16:27:41Z,1,1,0.101979265,0.015312839,363462.499295,363462.499295,0,-0.086666426,-6.454915408480001,1.3,True,2
aKmaJt9FWsQB3TqgR4sCJo5XksrkE7JDb7renvns816,1785083412,2026-07-26T16:30:12Z,16182.764855386677,1785083466,2026-07-26T16:31:06Z,1,1,0.20807408,0.117220458,876508.151855,876508.151855,0,-0.090853622,-6.76677776656,0.9,True,2
9HqLLaZFQAwycWXRXNkYPZh9ihWMoD82w2ZjJ7bshwJ6,1785083151,2026-07-26T16:25:51Z,15085.452547371411,1785083155,2026-07-26T16:25:55Z,1,1,0.50717408,0.415719623,2350662.884299,2350662.884299,0,-0.09145445699999999,-6.811527957359999,0.07,True,2
DEMHeTJ53B617pjwzvBMyFKofwbket5PweDF4A85jf6a,1785083152,2026-07-26T16:25:52Z,14116.510334278213,1785084245,2026-07-26T16:44:05Z,2,2,0.21321653599999998,0.120656805,576363.3480560001,576363.3480560001,0,-0.092559731,-6.89384876488,18.22,True,4
4zQG6oUwbjRrzVCG3wMAo6xuEBXe2doupdeeekKmPYUu,1785083078,2026-07-26T16:24:38Z,2990.690420926862,1785083225,2026-07-26T16:27:05Z,1,4,1.48307408,1.38216831,34859773.819723,34859773.819723,0,-0.10090576999999995,-7.5154617495999965,2.45,True,5
GvLED9AJquasBJ9Jb4zFsrpkib8pkRBHdeUK7hTtMhGj,1785083170,2026-07-26T16:26:10Z,19061.463637334928,1785083638,2026-07-26T16:33:58Z,3,2,0.202101576,0.095254124,825565.767642,825565.767642,0,-0.10684745200000001,-7.957998224960001,7.8,True,5
TA4Dz8tpVUAErZJg7RQwwGLvgHprWEpAGNhdq7HhSzU,1785083121,2026-07-26T16:25:21Z,6494.715336392945,1785083224,2026-07-26T16:27:04Z,1,1,0.257402545,0.14848899599999998,2702674.673642,2702674.673642,0,-0.108913549,-8.11188112952,1.72,True,2
J9R7WdUjPYYj5NhortVQJfunPQGXpVhFXotzVJbZsxRd,1785083149,2026-07-26T16:25:49Z,14893.586011182539,1785083464,2026-07-26T16:31:04Z,2,2,0.22407407999999998,0.11398839399999999,892611.411014,892611.411014,0,-0.110085686,-8.19918189328,5.25,True,4
8V8gGuCZpkKbfymsJLh2KkfQWV7ynXnwofDBS8Kr6uWo,1785083423,2026-07-26T16:30:23Z,17878.259654064557,1785083460,2026-07-26T16:31:00Z,2,2,0.40627408,0.29336105199999996,1674772.041476,1674772.041476,0,-0.11291302800000005,-8.409762325440004,0.62,True,4
HSSzaFvvryQDXMmeh14ofRXC4G5TytnFMEJY51PvEh56,1785083211,2026-07-26T16:26:51Z,12630.535236805674,1785083217,2026-07-26T16:26:57Z,1,1,0.203090243,0.086659122,1111788.364001,1111788.364001,0,-0.116431121,-8.67178989208,0.1,True,2
GZ2VofY4gMPEopeN3oD4UZYh7W91tB7WdmzRDjKMUbJe,1785083520,2026-07-26T16:32:00Z,20270.1834415186,1785083694,2026-07-26T16:34:54Z,2,3,1.4039035489999998,1.2832705229999999,4377125.620606,4377125.620606,0,-0.12063302599999978,-8.984747776479985,2.9,True,5
JD8myE7ZbG3najcZRYy34i29ZSzzeo1txwxe1UAP2G3q,1785083143,2026-07-26T16:25:43Z,12348.783523179685,1785083306,2026-07-26T16:28:26Z,1,1,0.154574078,0.03169222,861481.122958,861481.122958,0,-0.12288185800000001,-9.152240783840002,2.72,True,2
CmanNPFBABbPeDAw81kGMBL6Yptbg4BgsPxZUgrzhTAx,1785083233,2026-07-26T16:27:13Z,4050.9044829653385,1785083244,2026-07-26T16:27:24Z,1,1,1.0160742680000001,0.890526151,17332526.840807,17332526.840807,0,-0.12554811700000013,-9.35082375416001,0.18,True,2
HeFV34V39uxkxMRyVifL2zS8p2N5QeCTjGechERZRjj7,1785083162,2026-07-26T16:26:02Z,13583.699224250799,1787497067,2026-08-23T14:57:47Z,6,5,0.825262909,0.698698468,650813.2800709999,650813.2800709999,0,-0.12656444099999997,-9.426519565679998,40231.75,True,11
J9RY5ZyiK5C1q8Fgs1RJitbKu39ZJp67NG2r5NnxGrA,1785083148,2026-07-26T16:25:48Z,15033.019101925116,1785095648,2026-07-26T19:54:08Z,2,2,0.222967238,0.09610503599999999,468197.224239,468197.224239,0,-0.12686220200000003,-9.448696804960003,208.33,True,4
B67cMZBA6UPKwvrHRQnjB9ULGQmBquqfeYhuWSh7gcP7,1785083562,2026-07-26T16:32:42Z,29053.564480024543,1785149662,2026-07-27T10:54:22Z,6,3,0.8026740800000001,0.664941325,394071.71833,394071.71833,0,-0.13773275499999993,-10.258335592399995,1101.67,True,9
7C3gHCsjgcci5hqTWdj18sLn5K6th92BEepPMwUUbaSf,1785083482,2026-07-26T16:31:22Z,15790.279456411461,1785091610,2026-07-26T18:46:50Z,10,7,1.902174081,1.763953778,2253352.510747,2253352.5107470006,0,-0.13822030300000007,-10.294648167440005,135.47,True,17
9HSUFUHiVXiWuGmwHfkrdya6F6pn49pyx1QVHXyJbKoM,1785083437,2026-07-26T16:30:37Z,15069.179974026585,1785084371,2026-07-26T16:46:11Z,6,2,6.524690616,6.383675155000001,16117622.903329,16117622.903329,0,-0.14101546099999984,-10.502831535279988,15.57,True,8
5qYdgFseMacDt3KYbW6nCX5rknHQNJxcNKdX44d994J7,1785083213,2026-07-26T16:26:53Z,10808.887424301083,1785083261,2026-07-26T16:27:41Z,1,1,0.202081056,0.055651909,1305722.148573,1305722.148573,0,-0.146429147,-10.906042868560002,0.8,True,2
GyW6TgKHy3x8o9eN7Hg36TyELvPYMrzLoWxjx79tLGNh,1785083176,2026-07-26T16:26:16Z,20143.265119704516,1785170139,2026-07-27T16:35:39Z,2,2,0.32434816,0.175951158,698411.4418,698411.4418,0,-0.148397002,-11.052608708960001,1449.38,True,4
kZ3PGs1VzCbC4GFs4nJ2yXNbaQj1v6vBLy8i2fLYvt5,1785083192,2026-07-26T16:26:32Z,17104.18155272808,1785083219,2026-07-26T16:26:59Z,1,1,0.20346157,0.048819924,820997.021348,820997.021348,0,-0.15464164599999997,-11.517709794079998,0.45,True,2
mzVzFvLQ6Zp15nn8dFvKBx99iAQeUhb19t6UvghBKPC,1785083207,2026-07-26T16:26:47Z,15043.498339695963,1785083224,2026-07-26T16:27:04Z,4,1,0.20217408,0.046469734,933464.8011469999,933458.54736,6.253787,-0.155704346,-11.59685969008,0.28,False,5
5DxSJt88LYpwceUrjyNbxtqRTNHDtpYq7H5gTbFEcUuF,1785083520,2026-07-26T16:32:00Z,20694.0551848473,1785083694,2026-07-26T16:34:54Z,2,3,1.320167746,1.1632998350000001,4023698.659562,4023698.659562,0,-0.15686791099999992,-11.683522011279994,2.9,True,5
EtLkdVe8trKMLquWpqmBAZ21HYyGkBsVxU46k9hvdpRA,1785083172,2026-07-26T16:26:12Z,19364.447343323274,1785083219,2026-07-26T16:26:59Z,1,2,0.20417408,0.046516333,732493.164603,732493.164603,0,-0.15765774700000001,-11.742348996560002,0.78,True,3
GJAKp9f1PzL7dSeNMrDhDJviMU7UPL9UbXDZ2VnQC1hb,1785083226,2026-07-26T16:27:06Z,3628.4516246569146,1785083316,2026-07-26T16:28:36Z,1,1,0.61207408,0.453271563,11727585.36235,11727585.36235,0,-0.15880251699999998,-11.827611466159999,1.5,True,2
FyJDX7YDDBczz8BamYV8QcQXmZ2afbqtk6qkFkh9A5om,1785083225,2026-07-26T16:27:05Z,3915.739281656637,1785083278,2026-07-26T16:27:58Z,2,1,0.95267408,0.785910396,20626672.996845,20626672.996845,0,-0.16676368399999997,-12.420559184319998,0.88,True,3
Aqiah4X4siGfz44YphXN7WC1z4XYqorh62MerNTb48nP,1785083141,2026-07-26T16:25:41Z,11738.847447408532,1785083222,2026-07-26T16:27:02Z,1,3,0.50807408,0.316844044,3020808.776571,3020808.776571,0,-0.19123003600000002,-14.242813081280003,1.35,True,4
BtvPHwGdPWNECyGmLbyKqytyDRn89CTVDqzQLcjshK5X,1785083195,2026-07-26T16:26:35Z,16282.76419624238,1785214459,2026-07-28T04:54:19Z,20,18,4.23763313,4.040617989999999,1861064.4034489999,1861064.4034490003,0,-0.19701513999999976,-14.673687627199982,2187.73,True,38
2UcALFkAdPHnjFFnknydJKFggYRFAvD96Ku73e85dWM3,1785083180,2026-07-26T16:26:20Z,21673.926660434227,1785083217,2026-07-26T16:26:57Z,3,1,0.30537408000000005,0.09252577499999999,1192498.196035,1192498.196035,0,-0.21284830500000007,-15.852941756400005,0.62,True,4
8MkAfZeoupvzAwTQswkZAopSHAeXv5f1WXqGJNi5WGQi,1785083562,2026-07-26T16:32:42Z,28921.9933201742,1786613867,2026-08-13T09:37:47Z,11,12,1.31607408,1.095561026,482852.646761,482852.646761,0,-0.22051305399999985,-16.423812261919988,25505.08,True,23
Fwoyopiszvzi4x89rVjL3XPBXPq3JPqy7aRoeMesBGgX,1785083140,2026-07-26T16:25:40Z,7843.940822512165,1785084641,2026-07-26T16:50:41Z,2,2,0.45227407999999997,0.23157778999999998,1222220.750825,1222220.750825,0,-0.22069628999999996,-16.437459679199996,25.02,True,4
Ats5PuDtcjGcGqbX6fLGcFniRsFhd4dd8jojAyufC2os,1785083142,2026-07-26T16:25:42Z,13125.09234668434,1785784070,2026-08-03T19:07:50Z,12,11,7.954678609,7.724269291,880349.0151080003,880349.0151080001,0,-0.23040931799999942,-17.16088600463996,11682.13,True,23
5u2rVJDkeCnxiBja4CEJm4rC3w55x9botTnnULPbqNY3,1785083201,2026-07-26T16:26:41Z,18087.805764326844,1785192927,2026-07-27T22:55:27Z,3,2,0.74507408,0.507925797,399957.233792,399957.23379200004,0,-0.23714828300000002,-17.66280411784,1828.77,True,5
DbG7RyLFBWXpEWgfKUA8qByvBZEZ3chqGh9TLkpjpF3b,1785083518,2026-07-26T16:31:58Z,15883.216845444773,1785086142,2026-07-26T17:15:42Z,5,4,5.008042027,4.769505509,5695830.954611,5695830.954611,0,-0.23853651799999953,-17.766199860639965,43.73,True,9
GToA8mjkg2z3PxY9g2YPXnBdxK6uxiynH1h8Ah1jW1Fv,1785083421,2026-07-26T16:30:21Z,18017.508050519227,1785083460,2026-07-26T16:31:00Z,2,1,0.6021340799999999,0.361423997,2406134.931696,2406134.931696,0,-0.2407100829999999,-17.928086981839993,0.65,True,3
3cZgVv8pVtFGzhXp48gcwvFrUx5a4Ly1Jthaw2DhM9X4,1785083261,2026-07-26T16:27:41Z,3175.3041479397093,1785083292,2026-07-26T16:28:12Z,1,1,0.8376718430000001,0.584195601,18167187.677242,18167187.677242,0,-0.2534762420000001,-18.878910504160007,0.52,True,2
2qJ5eezwqYYvUrfFX6DguaNd4CQfqxY19NxU9DKubveW,1785083448,2026-07-26T16:30:48Z,15120.316934348517,1785083908,2026-07-26T16:38:28Z,3,3,4.00507408,3.735133963,13576678.789291,13576678.789291,0,-0.2699401170000004,-20.105139914160034,7.67,True,6
GBeHpC6j6KKGHHDmJDXMMdSKjRZouCNsc7JPwyLNadgQ,1785083448,2026-07-26T16:30:48Z,15602.991325471638,1785083908,2026-07-26T16:38:28Z,3,3,4.005074083,3.732944429,13414185.626398,13414185.626398,0,-0.2721296540000001,-20.26821662992001,7.67,True,6
EQuPjBNXsiQaZxvsW6fvcvq9K3PTtiTVTikSCQ71Npi9,1785083220,2026-07-26T16:27:00Z,4481.3750072985995,1785083276,2026-07-26T16:27:56Z,2,1,1.536079253,1.260217366,28409817.293663,28409817.293663,0,-0.27586188700000003,-20.546193343760002,0.93,True,3
FAoLSqAkBJyKYwzdBHdTBeXymvXPPcTczKozhZbGtxB4,1785083152,2026-07-26T16:25:52Z,13740.075478531118,1785083695,2026-07-26T16:34:55Z,6,3,0.6645740800000001,0.37920887799999997,3104304.23156,3104304.23156,0,-0.28536520200000004,-21.254000244960004,9.05,True,9
EbNStzCzohpLTeL8NtpBKLMjo7sgCwTaicQxaSFECh2G,1785083498,2026-07-26T16:31:38Z,15340.308676444049,1785083972,2026-07-26T16:39:32Z,4,4,3.252474081,2.9628803340000003,5618975.753695,5618975.753695,0,-0.28959374699999985,-21.56894227655999,7.9,True,8
Cu2iW1DNKFUL13bRnxk5XgnR4yvatVoWoLURRAB1DqJt,1785083233,2026-07-26T16:27:13Z,4238.9464969779165,1785083276,2026-07-26T16:27:56Z,1,1,1.003098455,0.6959153530000001,16563646.351894,16563646.351894,0,-0.3071831019999999,-22.87899743695999,0.72,True,2
9uL8xmtZqNcuryCPsGfNpNfBZqunwF5THNET4QExFMvr,1785083456,2026-07-26T16:30:56Z,16853.43831015971,1787470673,2026-08-23T07:37:53Z,1,2,1.00307408,0.691149165,4166058.544755,4166058.544755,0,-0.31192491499999997,-23.2321676692,39786.95,True,3
8F3sqPAR46wgVdPdSz9gSCVNhJ77Urnb6ya6Ep83tuu8,1785083196,2026-07-26T16:26:36Z,17720.9504002844,1785083217,2026-07-26T16:26:57Z,1,1,0.51107408,0.171851862,2001067.244982,2001067.244982,0,-0.33922221799999996,-25.26527079664,0.35,True,2
9vEY2iFm98uAALpBkZqzWKQh831C9m999wgttzvBHEcf,1785083168,2026-07-26T16:26:08Z,21175.811228574337,1785084429,2026-07-26T16:47:09Z,5,3,2.5543913129999996,2.2111111500000002,4223235.716952,4223235.716952,0,-0.3432801629999996,-25.56750654023997,21.02,True,8
852hjNqEKrz6wdRJNdghm2Js1nxewZoazaC7vrr1rMTJ,1785083084,2026-07-26T16:24:44Z,3237.3235863403606,1785083093,2026-07-26T16:24:53Z,1,1,1.486421204,1.1419734400000001,32171568.440258,32171568.440258,0,-0.3444477639999999,-25.65446946271999,0.15,True,2
96hq1rUo5qQk26NAP7wK6VtcnZXPKbkHpdVsdGwe3Cda,1785083261,2026-07-26T16:27:41Z,3341.650309251159,1785083292,2026-07-26T16:28:12Z,1,1,1.194476694,0.836524247,24759764.603702,24759764.603702,0,-0.35795244699999995,-26.660298252559997,0.52,True,2
8CCAxR3ZsLGER5qxEYM8rBdUzQ6AW9Kw7wdRCWpF82fR,1785083448,2026-07-26T16:30:48Z,16093.248707527597,1785083908,2026-07-26T16:38:28Z,3,3,4.00507408,3.6467429510000002,13400238.846641999,13400238.846641999,0,-0.3583311290000002,-26.688502487920015,7.67,True,6
7BRgNPt3Wh9VjDLLrZAiadxJ8wSuNKi1i7PwqKJV8hCo,1785083217,2026-07-26T16:26:57Z,6357.550646093009,1785083236,2026-07-26T16:27:16Z,2,1,2.019863574,1.636789871,28686353.099488,28686353.099488,0,-0.383073703,-28.53132939944,0.32,True,3
AYHoGxsLVQaJobtGGxa8sRYQtfnj79t8eB6XdLRr6CFG,1785083404,2026-07-26T16:30:04Z,12785.24049126053,1787458430,2026-08-23T04:13:50Z,14,9,12.061692624000003,11.651641574,2817126.4865029994,2817126.4865030004,0,-0.4100510499999992,-30.540602203999942,39583.77,True,23
EP5vZSxiDMn2iJ3yoWHjzW12avYeK8kQaTNkb9EDbVsz,1785083098,2026-07-26T16:24:58Z,5788.4390840426695,1785083471,2026-07-26T16:31:11Z,6,5,5.598954548,5.180445829,45682198.696528,45682198.696528,0,-0.41850871899999964,-31.170529391119974,6.22,True,11
25E1W48Z1gq5uqNGuFc68vo5F3V8NdSSs1ajMopXdd8E,1785083084,2026-07-26T16:24:44Z,3511.9790640525016,1785083093,2026-07-26T16:24:53Z,1,1,1.7699775169999998,1.348970244,35324399.028242,35324399.028242,0,-0.42100727299999985,-31.35662169303999,0.15,True,2
HL6yX8pZRxa9nyVXTbPytajBa1eSdswmAdn7oYNjDVjF,1785083159,2026-07-26T16:25:59Z,12851.566915868649,1785083653,2026-07-26T16:34:13Z,3,3,1.8157465910000001,1.36561677,6553059.985075999,6553059.985075999,0,-0.45012982100000015,-33.52566906808001,8.23,True,6
DRTn6u35QdLS5j7RukrP2QoiBde73nSmkj22sNhpKpme,1785083415,2026-07-26T16:30:15Z,14670.56968402551,1785864366,2026-08-04T17:26:06Z,4,3,7.471668491000001,7.018691404,4280984.312727001,4280984.312727001,0,-0.45297708699999994,-33.73773343976,13015.85,True,7
BAAerD5HTir1y5nHZ7gy3n8dzpeLskNmvhCCshD1CK3B,1785083107,2026-07-26T16:25:07Z,7076.367306508722,1785083117,2026-07-26T16:25:17Z,1,1,2.019651807,1.548219801,20008682.064182,20008682.064182,0,-0.4714320059999999,-35.11225580687999,0.17,True,2
DEVA1RTJX6mAXLy9HikaDG3SPRu8mrjXnkedoivGQMvZ,1785083107,2026-07-26T16:25:07Z,7576.440264861873,1785083117,2026-07-26T16:25:17Z,1,1,1.986496354,1.511855296,18380777.048841,18380777.048841,0,-0.474641058,-35.35126599984,0.17,True,2
2kv8X2a9bxnBM8NKLc6BBTX2z13GFNRL4oRotMUJRva9,1785083437,2026-07-26T16:30:37Z,15977.280143529264,1785084371,2026-07-26T16:46:11Z,6,2,8.103765821000001,7.618867429,19736114.221699,19736114.221699,0,-0.4848983919999994,-36.115232236159954,15.57,True,8
ABuKAMp35w6NGPJSxuCU6BvB7NxFkBzZDyyTSzcDpbn5,1785083176,2026-07-26T16:26:16Z,19656.629819741338,1785883133,2026-08-04T22:38:53Z,7,6,1.314537147,0.823424184,9903646.969057,9903668.201552,0,-0.491112963,-36.57809348424,13332.62,True,13
Gg5KQdWQZi5Peam7MUwGCpsG5E5XzPa5tu6riW16cELF,1785083176,2026-07-26T16:26:16Z,19306.96312919711,1785883133,2026-08-04T22:38:53Z,8,7,1.2940664020000001,0.794537172,9558399.474339,9558427.083922,0,-0.49952923,-37.2049370504,13332.62,True,15
DWbqhUVCCUiCJDQx3nWqhG4UxMMZfYtraj5iW9p6B8ox,1785083176,2026-07-26T16:26:16Z,20012.26124300767,1785883133,2026-08-04T22:38:53Z,7,7,1.2887408219999998,0.7792195769999999,9552489.612081999,9552511.346365,0,-0.5095212450000001,-37.94914232760001,13332.62,True,14
8NsfpmaZCjGqFRr6kvZgCe3buAqBzA3m8v9nY6NW2anL,1785083181,2026-07-26T16:26:21Z,21897.06384101834,1785095629,2026-07-26T19:53:49Z,31,38,41.638963347,41.129240550999995,71113371.40538403,71113371.405384,0,-0.5097227960000016,-37.96415384608012,207.47,True,69
AFCouzi3FVXgUXsrB3K9hDRke98G7o4MskgEe7Ume514,1785083179,2026-07-26T16:26:19Z,21696.479489013807,1785085751,2026-07-26T17:09:11Z,2,2,0.78177408,0.255350723,2220585.813465,2220585.813465,0,-0.5264233570000001,-39.20801162936001,42.87,True,4
92dpPnZkPfjxj6DJpeDFPkrycdXSqWJbbw6xik7WV4Wk,1785083176,2026-07-26T16:26:16Z,19143.027415673387,1785883133,2026-08-04T22:38:53Z,8,7,1.276018919,0.748245994,9870974.730538001,9870998.55148,0,-0.527772925,-39.308527454,13332.62,True,15
DU4D99x8BBKxSUY3QoiNrBGY79bM4oLDBSZKNauh5Yy2,1785083411,2026-07-26T16:30:11Z,17862.539350649207,1787333870,2026-08-21T17:37:50Z,8,8,8.199032668,7.669518110999999,4003695.631073,4003695.631073,0,-0.5295145569999997,-39.43824420535998,37507.65,True,16
4w6MKjj8R7gtoPviXhpFvy22xK7w2MFMQKn91mj9LCXM,1785083171,2026-07-26T16:26:11Z,19326.9219046407,1787541781,2026-08-24T03:23:01Z,15,13,2.5858303310000004,2.040941954,988137.9792360001,988137.9792359999,0,-0.5448883769999999,-40.58328631896,40976.83,True,28
EjjoeDidxi9xYRcyatxC6zUqYSDDN8zQ9Bq2D3nqgRSZ,1785083149,2026-07-26T16:25:49Z,15164.470184498558,1786157817,2026-08-08T02:56:57Z,9,19,1.05877084,0.48072704599999994,52048.706999999995,52043.768752,4.938248,-0.5697139360000002,-42.432293953280016,17911.13,False,28
Edn91PmYZDwQoF6wSnNrLLQoU9er7VtEBHkizUrpQ6X7,1785083446,2026-07-26T16:30:46Z,16272.820232222008,1785939633,2026-08-05T14:20:33Z,3,3,1.601780598,1.016923417,434741.55505900003,434741.55505900003,0,-0.5848571810000001,-43.560162840880004,14269.78,True,6
CnL6TwM9cEkRfnnmdzhySW7KZ62usfwhSnsumY3axWqn,1785083098,2026-07-26T16:24:58Z,6177.9907455395905,1785083471,2026-07-26T16:31:11Z,6,5,6.581466945999999,5.959497391,54114985.415364,54114985.415364005,0,-0.6219695550000002,-46.324292456400016,6.22,True,11
3igBk9uCYvoNA7Ga2EQSTr4yELvPGBzHnZdqvt7zk45y,1785083410,2026-07-26T16:30:10Z,15754.233776813511,1785786318,2026-08-03T19:45:18Z,43,15,6.424607998,5.793766113,757936.8328940002,757936.8328940001,0,-0.630841885,-46.98510359480001,11715.13,True,58
4mBz61bMYB9QVEnjfWsvoMoTizGA7PR9LKrPQ8LWJzzF,1785083176,2026-07-26T16:26:16Z,19836.093225980418,1785083563,2026-07-26T16:32:43Z,6,4,1.5430815089999999,0.883878038,13126309.741300002,13126309.7413,0,-0.6592034710000001,-49.09747452008001,6.45,True,10
CTH937xR3V1nQABZkLaqrvaTNnnDaqvXs8C2W7dUUSLY,1785083131,2026-07-26T16:25:31Z,6792.152121584174,1785083297,2026-07-26T16:28:17Z,1,1,1.00507408,0.303653118,10337284.769789,10337284.769789,0,-0.701420962,-52.241833249760006,2.77,True,2
4MNb2YiPt6D7WHdgKLEzwqcZiQeCiD96nWncpB1jsUwv,1785083098,2026-07-26T16:24:58Z,5987.3586760325425,1785083471,2026-07-26T16:31:11Z,6,5,5.845579703,5.071754966,45218628.949871,45218628.949871,0,-0.7738247370000001,-57.63446641176001,6.22,True,11
91VyLw28TJyRY6eauq3gjAUPo1xb949v5XFK6noWZFk,1785083534,2026-07-26T16:32:14Z,23795.741730886315,1787696436,2026-08-25T22:20:36Z,107,32,15.015561078000006,14.161066145,748667.5959939997,748667.5959939999,0,-0.8544949329999991,-63.64278260983994,43548.37,True,139
7XjHPMjWw3VTEbSh5xiMm1zSLtPsVu4EMLEXpQdR1uLF,1785083557,2026-07-26T16:32:37Z,26005.459509955173,1785091023,2026-07-26T18:37:03Z,4,9,32.502114080000005,31.589277612,20194974.810979005,20194974.810979005,0,-0.9128364680000018,-67.98806013664014,124.43,True,13
FgqRy2vsRoCWVDhmBqZJZRZ58uJnsaycYSmjofScgUdX,1785083171,2026-07-26T16:26:11Z,19954.854765375883,1785083213,2026-07-26T16:26:53Z,1,1,2.0340740800000003,1.047194538,7108207.782549,7108207.782549,0,-0.9868795420000003,-73.50278828816002,0.7,True,2
99xnE2zEFi8YhmKDaikc1EvH6ELTQJppnqUwMzmpLXrs,1785083368,2026-07-26T16:29:28Z,3479.1930088434274,1787340852,2026-08-21T19:34:12Z,4,3,2.7324562099999996,1.635560431,20193225.543497,20193225.543497,0,-1.0968957789999996,-81.69679761991998,37624.73,True,7
7gdo83WqcXvown8aHUrgma716BEwGdjRA9CtdUThBy5U,1785083177,2026-07-26T16:26:17Z,20708.29981029622,1785083216,2026-07-26T16:26:56Z,3,1,1.6050740799999998,0.49842125400000004,5634739.901391,5634739.901391,0,-1.106652826,-82.42350248048,0.65,True,4
53KgptJLhUkAdUa2EMpVCkFKB9CAat9mc86hPvth74kZ,1785083457,2026-07-26T16:30:57Z,14806.685369059662,1786934633,2026-08-17T02:43:53Z,47,11,14.679181732,13.55724992,3045600.064103001,3045600.0641030003,0,-1.121931812000001,-83.56148135776009,30852.93,True,58
FUS7oxTdvncd5z2Zgznstq6hJHfYLXdCZ546A8ZzuCLG,1785083526,2026-07-26T16:32:06Z,21814.055147895808,1787462651,2026-08-23T05:24:11Z,61,44,60.986766720000006,59.83272786100001,8340337.094801001,8340337.094801002,0,-1.1540388589999988,-85.95281421831992,39652.08,True,105
7TLF6eMqbwjQeJeQVW13TFdURgaNc6896M7wtL1a7YbB,1785083501,2026-07-26T16:31:41Z,14838.98992242021,1787386605,2026-08-22T08:16:45Z,9,7,11.162549160000001,9.989988936000001,1072253.1238760003,1072253.1238760003,0,-1.1725602239999997,-87.33228548351998,38385.07,True,16
5t18EExL9usqNwvKhvUXf1puQiecE5nGG6qSyb9bdRQz,1785083486,2026-07-26T16:31:26Z,18276.617464984975,1785085046,2026-07-26T16:57:26Z,3,3,8.00507408,6.738766823,13490297.157187,13490297.157187,0,-1.266307257,-94.31456450136001,26.0,True,6
5KWw4YnmhgmCJi8TK9Cxdujqvi4LiYJAapvughyYvcKR,1785083412,2026-07-26T16:30:12Z,16434.05205681121,1785086088,2026-07-26T17:14:48Z,17,7,9.41599256,7.696262186,4762341.27064,4762341.27064,0,-1.7197303740000005,-128.08551825552004,44.6,True,24
3JD7zrZVXfGozgaSrnn3GzAcGsHCM5ATazX8EqwJqZWY,1785083166,2026-07-26T16:26:06Z,21084.693532259018,1785083433,2026-07-26T16:30:33Z,2,3,10.02207408,7.947427732000001,41576464.565255,41576464.565255,0,-2.074646348,-154.51965999904002,4.45,True,5
3hZEk5bAdApcgJg6kNjASis5QYR2KWsHnXKxHhvb8vQ6,1785083532,2026-07-26T16:32:12Z,22429.176246961575,1785087070,2026-07-26T17:31:10Z,6,5,10.264974845000001,8.026514448,10092232.063062,10092232.063062001,0,-2.238460397,-166.72053036856,58.97,True,11
9oZYF8GZYAEzg9SXZHJ2RL9jLAAf5KyPL4gvcKwGgn23,1785083141,2026-07-26T16:25:41Z,12244.030129788727,1785095257,2026-07-26T19:47:37Z,2,10,5.326755092000001,2.9692014049999997,15417845.078827,15417845.078827001,0,-2.3575536870000002,-175.59059860776003,201.93,True,12
AXK7nSEeikjmW3vWmSNy6VkRTLXvTXHYeMYrKCqLW4FC,1785083197,2026-07-26T16:26:37Z,18808.114297325406,1785085802,2026-07-26T17:10:02Z,7,3,2.7439797009999998,0.16243255699999998,5872178.175177,5872178.1751769995,0,-2.581547144,-192.27363128512002,43.42,True,10
21rfafknVM3aVpxZLzC2TyWmKsrT7X1QZdwps6f9sxaA,1785083197,2026-07-26T16:26:37Z,18029.759248449285,1785085802,2026-07-26T17:10:02Z,5,3,2.919654945,0.20600002199999998,5692774.743456,5692774.743456,0,-2.713654923,-202.11301866504002,43.42,True,8
FQTm2LutmRp4yWKpfFic1Xxgz4oEtYrFsed5xu2TR6Ji,1785083120,2026-07-26T16:25:20Z,5797.551711125024,1785097121,2026-07-26T20:18:41Z,29,49,98.69232083700001,95.826693342,35910503.091477,35910487.254714,15.836763,-2.8656274950000036,-213.43193582760028,233.35,True,78
F5ugfa5tqJ8sUKW9grZ3wQwdMXuTQiKANffcDtwTpuAH,1785083165,2026-07-26T16:26:05Z,15690.133781468281,1785083464,2026-07-26T16:31:04Z,3,2,6.698740747,3.456032229,29126695.504518002,29126695.504518002,0,-3.242708518,-241.51693042064002,4.98,True,5
xrS3uSL35KsqPmuWcCAr3ra2UsDxChuKsWQXjX9VCwH,1785083176,2026-07-26T16:26:16Z,19478.131044292273,1785883133,2026-08-04T22:38:53Z,11,6,4.092232818,0.846961588,21399627.600228995,21399656.331812005,0,-3.24527123,-241.70780121040002,13332.62,True,17
5ZUp9q4NRz7BgpL4PVWo1FaX6rhusRK5tNmyv3kcotTL,1785083165,2026-07-26T16:26:05Z,14029.094959150318,1785083464,2026-07-26T16:31:04Z,3,2,6.698740747,3.428205316,29399031.018552,29399031.018552,0,-3.270535431,-243.58947890088,4.98,True,5
7cQjAvzJsmdePPMk8TiW8hYHHhCfdNtEaaNK3o46YP12,1785083120,2026-07-26T16:25:20Z,5432.241206485077,1785097121,2026-07-26T20:18:41Z,16,4,37.943081448,34.618012883,27630855.395926997,27630838.810346,16.585581,-3.325068564999996,-247.6511067211997,233.35,True,20
GntwJ8SEg7RXZS5QDZsb3gzeDEtq9DfApgqhpetSJePK,1785083120,2026-07-26T16:25:20Z,6155.374805669417,1785097121,2026-07-26T20:18:41Z,28,49,98.68943992899999,95.24024892300001,35246737.32604299,35246737.32604302,0,-3.449191005999996,-256.8957461268797,233.35,True,77
xyzfhxfy8NhfeNG3Um3WaUvFXzNuHkrhrZMD8dsStB6,1785083165,2026-07-26T16:26:05Z,14848.00291538042,1785083464,2026-07-26T16:31:04Z,5,2,7.218740751,3.5997142540000002,32884784.09984,32884784.09984,0,-3.6190264969999997,-269.54509349656,4.98,True,7
Ao1cUWcnwVJxXXPRbXvDAC7dfJunXezmvVA1vHotbgeV,1785083483,2026-07-26T16:31:23Z,16400.358923441705,1785174210,2026-07-27T17:43:30Z,4,4,23.647852632,19.628367531,7608666.219383001,7608666.219383,0,-4.019485101,-299.37125032248,1512.12,True,8
BaiyK1aJeypxRszgWEUvAanVjNhdkDhk1Zbcu49XVeXq,1785083166,2026-07-26T16:26:06Z,16722.18963726555,1787453908,2026-08-23T02:58:28Z,55,28,202.98210629100006,198.785412435,50215972.53990499,50343005.343845,0,-4.1966938559999925,-312.56975839487944,39512.37,True,83
4pBk4GacSZVDbkxK9Z8RiYw4LxyAJ7RvSCHYaizEkpw7,1785083531,2026-07-26T16:32:11Z,21337.633367789338,1785174983,2026-07-27T17:56:23Z,7,5,36.282074079999994,31.983860167,10873826.508126002,10873826.508126002,0,-4.298213912999999,-320.13097224023994,1524.2,True,12
WGmMkSsnghKe6PFAyDvafxQRTUa7WnUkry8pD6LsfGq,1785083549,2026-07-26T16:32:29Z,24570.5557297005,1785865873,2026-08-04T17:51:13Z,8,7,14.971391681,10.354972986,122755.68702800001,122755.687028,0,-4.616418694999999,-343.83086440359995,13038.73,True,15
suqh5sHtr8HyJ7q8scBimULPkPpA557prMG47xCHQfK,1785083141,2026-07-26T16:25:41Z,8290.80982303571,1785084792,2026-07-26T16:53:12Z,28,8,6.850713374999999,0.940242915,36523837.171026,43388881.219636,0,-5.910470460000001,-440.21183986080007,27.52,True,36
9fwGq3uqfedVbwuRLr14u43DFVRWiLRYtcW6oFvTfwu3,1785083166,2026-07-26T16:26:06Z,18021.904535760747,1787453644,2026-08-23T02:54:04Z,21,25,18.779480069,12.017753887000001,48156819.92306499,66589154.01071401,0,-6.7617261819999985,-503.61336603535995,39507.97,True,46
B2LYQGCRZreTKwgKLMqbzDnZTSDc3ZoxNZiKzw33izDv,1785083404,2026-07-26T16:30:04Z,13118.079028673557,1785095585,2026-07-26T19:53:05Z,6,3,9.042333764,1.642433567,8955701.805524,8955701.805523999,0,-7.399900197,-551.14456667256,203.02,True,9
8g6ABtMuBdx2mm2UFixft2WNcLhYuYGKrrgnFEwi7Rxh,1785083544,2026-07-26T16:32:24Z,24243.004478288065,1786466809,2026-08-11T16:46:49Z,16,35,85.889264734,78.30275226799999,27819202.480502006,27819202.480502002,0,-7.586512465999997,-565.0434484676798,23054.42,True,51
AiZmc96qy4sDHSRmZQYJbRnykikbKGCt25sZQYdZ52Rb,1785083166,2026-07-26T16:26:06Z,19374.531200074685,1787453541,2026-08-23T02:52:21Z,28,20,29.845280577000004,13.029782559000001,51064410.493958995,51064410.493958995,0,-16.815498018,-1252.41829238064,39506.25,True,48
8QNewGMWM2L59efVAoMUHsLBvMsu3qGQwPXFWBxeMP4a,1785083164,2026-07-26T16:26:04Z,13437.64855276169,1787693301,2026-08-25T21:28:21Z,97,65,134.932642009,116.188509427,6220053.442365996,6220053.442366,0,-18.744132582,-1396.06299470736,43502.28,True,162
9SHHN4YyEW6EJVmqt26FAdWFpMQnaoTXuo95L9QA3f6C,1785083094,2026-07-26T16:24:54Z,2626.343403695136,1785783630,2026-08-03T19:00:30Z,12,8,72.00949632000001,45.868032455000005,27670172.914499994,27670172.9145,0,-26.141463865,-1947.0162286652,11675.6,True,20
