signature,block_time,block_time_utc,wallet,side,sol_amount,token_amount,price_sol_per_token,mcap_sol,mcap_usd
39BQ3xcvw7kqKntTgUSeZeJRtdQyvLP2JB42Am3yrtYepxG8JeH8tY6M73UnVcSMWMMMD7r7W8mdvMJx4dnRVBAW,1785083078,2026-07-26T16:24:38Z,8ZatX3uYfVxH1emrDQd3erxwGsX8tdrqxH1mHiKh3GCw,buy,1.461728394,41465925.394783,3.5251314906959876e-08,33.98804605604366,2531.3316149100647
3FbkHQRcvAoZRDkeA164xdsGL4vwUhGWaPg2RnFw8JdRtEMEDBRkfUqsrWutUv39YdPsTCmzfX5thyhxTw7NSipg,1785083078,2026-07-26T16:24:38Z,Anubis512ho5t7S6LNSwoxUWdeQmX2kf3RvZ8ApHHF5w,buy,1.711727334,37770752.306904,4.5318857302376754e-08,43.694807222534024,3254.2631826325114
3rsnamo2om28bvC8eEn5URusvjjWcL3Va2LFpGYnRskeeTgqy5f8w8ZaGmQVf5r4Jm6G5qNjM6EnYnhRg5pm6pP4,1785083078,2026-07-26T16:24:38Z,D9gQ6RhKEpnobPBUdWY5bPQt2p3zGk3iVz6ChpUi2ArA,buy,2.964654242,96449438.144093,3.073791096191646e-08,29.63638480429904,2207.232439401224
4QD9wxZrPut4vWWBXgYapnFkZ7NtR1szrTFY3syv7zBAaGQLHbFkBz26fbcAjBn4TagbS76hBw72c1jYGspVbg5p,1785083078,2026-07-26T16:24:38Z,4zQG6oUwbjRrzVCG3wMAo6xuEBXe2doupdeeekKmPYUu,buy,1.451851851,34859773.819723,4.164834397687829e-08,40.15583069681773,2990.690420926862
5NL4CwHFyCA6vGzBjKr1L9LMHc4ZodmMwaZbqW9mDHnXrABL7SdkiMZSgLy4xE9287uv58KphRWiBCtxjsShWKFp,1785083078,2026-07-26T16:24:38Z,GMwXfLtKhgtWdLqq29pF4JbUUQA6asUeEaXtjQSB7gpN,buy,1.471604938,38334739.5034,3.8388285848909444e-08,37.01260026438617,2756.591686523546
3H5jRA3ke5UFdGwLiBHVqAnFrSZKLANieUiRPN6x15hHTnGuc5bPDGU15ZTsbwC922eeuMFWpp39quozSmfaMkCL,1785083079,2026-07-26T16:24:39Z,9iYFPoMEzVD8fV6r51pdhguw3VL1HKCuv4q281gXV4c3,buy,0.027649427,582959.081376,4.7429447251661444e-08,45.72976190694915,3405.820736693592
4LQiGnA7dcHZfR7FRXxJ1EcPP4PCgkpcH77SsSBSdRsdAdAq34jPcYj3RhAgRzEeTNC2J7D4benMWg1ijtakcd2t,1785083080,2026-07-26T16:24:40Z,Anubis512ho5t7S6LNSwoxUWdeQmX2kf3RvZ8ApHHF5w,sell,1.714098388,37770752.306904,4.538163217063286e-08,43.75533248574993,3258.7709296217486
49Qvs1GGSsEYYjez3ynM1GXj2t9Mpma9sdQFPpd6deR7SLvEMfSNhLp2QFFQW4wEPA6YCAVCAauuCdBDE9BwykEn,1785083084,2026-07-26T16:24:44Z,852hjNqEKrz6wdRJNdghm2Js1nxewZoazaC7vrr1rMTJ,buy,1.450389422,32171568.440258,4.508295654572596e-08,43.46736022366704,3237.3235863403606
coGeCHtzv7fLDJUckjDfQq4D5ivBXnv8DovUySR5yNWBtuEVfRg11rBwHfSCRqCB3CeqKsB9YPzMgPiDnqJ6LB4,1785083084,2026-07-26T16:24:44Z,25E1W48Z1gq5uqNGuFc68vo5F3V8NdSSs1ajMopXdd8E,buy,1.727638916,35324399.028242,4.8907807734216396e-08,47.15514374876499,3511.9790640525016
5nKXMQkq84rCb4JXbxCGA8TANxvCGZkJTPc5fedV1sF5EsyRTKpfCxRDDRpCC5ZhvJbS5kEsys1qGecyewKNQjTM,1785083086,2026-07-26T16:24:46Z,D9gQ6RhKEpnobPBUdWY5bPQt2p3zGk3iVz6ChpUi2ArA,sell,1.471941461,29899325.824668005,4.9229921424703024e-08,47.46571414809441,3535.1094514004976
d6eyjwyLsDLd5uMSk1scaCE8Rw3XxKdD4f1XkHknpi5ED9ppRYokmJvH4MEzeePd4Hp8peovt7Gtpx67vUgdAM8,1785083087,2026-07-26T16:24:47Z,BJhKQNuN3Tpi5EkJ6rV5gdG5Kf1rDNWfkx4jinNmj2T1,buy,0.097777777,2055810.81457,4.756166097922367e-08,45.857237613131645,3415.3147595232854
ErKcUC47SsjFwfjhEjELu95MMcfbbd8eAe2LYHzzYwqwAC5LfdtkqNdtDs67wPdEPqdCbhLYDM1CqhHnmZsvfyQ,1785083089,2026-07-26T16:24:49Z,D9gQ6RhKEpnobPBUdWY5bPQt2p3zGk3iVz6ChpUi2ArA,sell,2.935400014,66550112.319425,4.41081150984504e-08,42.52745326998912,3167.322028057322
SCYEyAv7MkQdqove1FHtMYMuU7AP5tctvwwsi5Y97onMhiFTkKvJ7yHgoVzSb3pD7qJmuWnn8g2XEPc2sgWk5j9,1785083090,2026-07-26T16:24:50Z,BJhKQNuN3Tpi5EkJ6rV5gdG5Kf1rDNWfkx4jinNmj2T1,sell,0.083690049,2055810.81457,4.0709022642973536e-08,39.25017095497713,2923.239496178431
29mUbPDPHpdTUz5A8j8QrHXz9bCm3UC2qk3ssF1fkX1zv3h3mwRsaDPdjvZB31mm9BMLMqEZFfDd68cpAifWKmfU,1785083093,2026-07-26T16:24:53Z,25E1W48Z1gq5uqNGuFc68vo5F3V8NdSSs1ajMopXdd8E,sell,1.379946549,35324399.028242,3.906496888727611e-08,37.66503363698666,2805.1830418477903
4DghuN8mwLee81zwCcezeQYjgbQXo3ED1gWJqVYfQ5FyZ1SnkotMaFJD99FXT8wVTjM5sDn5Qvao8KnJ2WK4sRN,1785083093,2026-07-26T16:24:53Z,ALmjjCJmzJAZApRHSJV7eKLUboVq7wMD5fZW2zJfzz5K,buy,0.217066666,6145916.051128,3.531884656318407e-08,34.05315764260566,2536.180938030599
5JmqSbWyMLXDYVJ8A5CJD72Jow76TDe17DNvi6k7chYoCNGPrL3Mre1EoUF7EZTqE3tRQqt8dJ2ntjQrQQjurfQK,1785083093,2026-07-26T16:24:53Z,852hjNqEKrz6wdRJNdghm2Js1nxewZoazaC7vrr1rMTJ,sell,1.168212188,32171568.440258,3.63119438882611e-08,35.0106662550344,2607.4934170767
2qMCY5rMjrCvu6UWbeowhtF7akmFinZA5Yt6UZFH66aMXBy2yWs4dSJBvb6W5gVtGKXQtnFKckdjjGj4aYp9odp3,1785083094,2026-07-26T16:24:54Z,9yHA2HwcsHfjSLZQXPx3eJUQAnbYU3YdbfBuNxkgFQSP,buy,1.326218668,29491609.549023,4.496935529393428e-08,43.35782999513201,3229.1660909132365
32iwckPGVkPPqU3MCwcwzxQuyjYjz3BpiUsJjoBkeUuaiQek93W7kPDkVj56XLjkxw4LYAYkDdQqg7YzzTN2Lahj,1785083094,2026-07-26T16:24:54Z,DpGxaoQzvNnZsJaHWRrFXsPfiuZj6UdZ1om6eMJ3T4Cz,buy,0.397109395,7083975.425099,5.605742131642845e-08,54.04854322496897,4025.379569616922
3JZCnuyoZKqDxDsqq4jpQf8rm58HcC3gXVYQEjLpoLT3KPWYRVTgXwb71mtidyNSNUottrJybrqeQ4iSEZ5Neosd,1785083094,2026-07-26T16:24:54Z,6YZaSkJPTTEYpRHpkuqqshf8MAAgmZGRKvVVhupWE11x,buy,0.493827159,9043820.668579,5.460382034284544e-08,52.64703360844414,3920.9991767264355
3aJeMypPs6CFrRfoeTDML7VptCU3XNH8May6h7yd8JUrLcQWsfdjooBuHVGguRBrLNXj9vW5AnceyzHhduyK41o7,1785083094,2026-07-26T16:24:54Z,9SHHN4YyEW6EJVmqt26FAdWFpMQnaoTXuo95L9QA3f6C,buy,0.977777777,26733903.335625,3.6574448733681e-08,35.26376395648509,2626.343403695136
3j754V3EoK73PRYDaJRVtfvWo5asmd7HV4zg7Zq4b6MwtjL9zwUPqdMjYMJMu2kk4EaT9DQMjn2dftbyAvpqgkyL,1785083094,2026-07-26T16:24:54Z,Azxu5fAdDpko5LpHeefbCxPUeMagj6KG2edL7heBAu3n,buy,0.177777777,3128809.622685,5.6819621018500745e-08,54.783428679492005,4080.111718128911
3vixLPgEiaTJTMkcH6V25XKfqiHrnVgfwDkw9inhpaet1xJ9SnKmy615xb1dttEKiz4afZ973dA8P68fgJ456rZv,1785083094,2026-07-26T16:24:54Z,CeZbzsqje88U7GCCrAiGUr5BrZrBJ3AkQMyG9aggDiqQ,buy,1.25437453,29886035.026527,4.1971928657870165e-08,40.46781937212274,3013.9264373778
44CmWqeGUup9VP6Ts5QZpTWqsvcxxXDvbwMXMkrR8AfUWP1dVHnS7y83ANS5UC8NoPT7snLpdWNDfAfLTBCuAuCz,1785083094,2026-07-26T16:24:54Z,57stAMFvwctAjkBS76RXGoK4QKyS1QoxbGMbzFFe4DyZ,buy,2.962962962,59107865.990056,5.0128065230750735e-08,48.331672003155106,3599.603494161307
5YpbdRLhBssmFNKPUMZGXCirpYmfHi4728ahEAc6U3oQkYzysPomGLeamQVkLbkYV2tXzARwJwa6teF2JXZnFpiW,1785083094,2026-07-26T16:24:54Z,9Uq8GVrvSTxGxTYBXvmGJdvbJSfNTdUFgq1HwzNW2xT8,buy,0.098765431,1783407.417263,5.538018404766734e-08,53.39557548341737,3976.74841603485
mSeH3QVswaiJzduKgsH86TKetYwfDTsX8C2K35AhVzRPCACP6kuVqRDEtfiamduBq2huLdinQGz8ZtkhkHDM9Uq,1785083094,2026-07-26T16:24:54Z,ERwFALCBpbgvxcd3Veq2hWtVvKqDK7LKwfBxyGCNBgX9,buy,0.009876542,177882.457138,5.552285570430279e-08,53.53313434751694,3986.9934033763466
oqZkP1cxErCBhV88WLNwzcR9W441wvT4KHZ5Mjg2qgQgQ4TCW49xZ2RMip4t6YjCVKq8pXomSMXKbQTsi568CwY,1785083094,2026-07-26T16:24:54Z,42wuKdjT3h1dybTMygQshSsH57EHGseZPU9vTog4VEYm,buy,1.330517913,34054514.369321,3.907023599193168e-08,37.6701119892719,2805.561262874974
2BEVYkpJnnWEsUxTVdJRwik3sYt5rSkvdgAqGSDhguWbTsPbe5mSuVxNZaBRHfVv66fCRZEuSDZU4b4naWTvqv4T,1785083095,2026-07-26T16:24:55Z,2vRhXKm7w5VMhSMHLHKA3Hb6YUneKMDxj68xTPYiwZB9,buy,0.118518518,2071491.634892,5.721409442533382e-08,55.16376570676924,4108.438122650085
2C9nH2jdkaEGgBCTDhepUCtr8K3ubR24oZ96gZLxmtHLwwEAFq6eq6gFBgTamKhRnaXLEmKZBr9tmm1DbvdoQ3ea,1785083095,2026-07-26T16:24:55Z,F5K7wpAkG1UZEt53nu6tepNeXspFd7ZFYk162VrZ2J7E,buy,0.296296296,4421539.158434,6.701202576365756e-08,64.61057761888752,4812.009419859206
2iMrXYJ4Z8jv129DBRM58FoUXAFEZ4usiJeaEBVKzdgiiwsgShrP8pYwQKDhqf7qfTsxg3r42X6AJXZi9ADAWQ5A,1785083095,2026-07-26T16:24:55Z,74ok3XR2RBV2XxHrGuiGVKvHTXJARbDhvTxybK4TiMBH,buy,1.29167926,21105349.152842,6.120151107881886e-08,59.00828898826895,4394.7671252256105
4tBEoE7sJy7BtV1Axb6ErbsDmDQLsYm6CDwVES6oikcWf22u1w65LfZY8DDZpT2Nqxi8wL9g8YahBztDV9FmzLqE,1785083095,2026-07-26T16:24:55Z,3Vggwn3LPougvnGa8zpYJMEN9L38tSRa45gv9odiSVF1,buy,0.074074073,1329557.302441,5.571333620898005e-08,53.71678877807751,4000.6714555223775
5VKD3r5YEJ1ZyT8HK7mqg9pbPbRFYAc61SpRZJzYJ2TzPGwCWxBk2G9wZFb2Ww9YXA3GA2pa62YiRivPC1EHw8cF,1785083095,2026-07-26T16:24:55Z,FhsfqVkt4mQp81LMKpbDT5jgQQsfrybyxhqwCE376inW,buy,1.260779391,19464708.236905,6.477258100430028e-08,62.45138577535224,4651.199040610444
5v6iDfm14JG3axEp57AEVrSpijWEaexkb3ccdaHPaurKpdVHhN634FKknmqw4a24QTH7mZBjP8Eo9aR4CEC4e8G7,1785083095,2026-07-26T16:24:55Z,57stAMFvwctAjkBS76RXGoK4QKyS1QoxbGMbzFFe4DyZ,sell,0.667845709,11821573.198011003,5.6493809902760315e-08,54.46929335612651,4056.7158255234967
66YTKUgajw4dqUCPxKgjqdtwKBeKLfrbBPs1XhJMP61p79SUSFSEQVkkFUWmPbK3tQWpHUhmryqTQN4qdFwqHFiC,1785083095,2026-07-26T16:24:55Z,576b6UzS3DvQRu42kezf5gsLtpyq6UEbBMahYZh7HzVo,buy,1.35865246,23587774.081686,5.759985894789809e-08,55.53570594202876,4136.139158326483
yLzh7g1nHGrWUngexKK5CAJ3N2VecsspjZ4w9FDPPkbaaDiZ6cboiY7bTTF4pV16muVjzTEWp6zze5ZpMdtBRgE,1785083095,2026-07-26T16:24:55Z,4dniuvskLMwsqB83ZVA5EmFcK5zhDZa934H3XRg4WCsc,buy,0.004938271,86064.196732,5.737892396041936e-08,55.32268839787083,4120.274226192157
3Mx2LghqCT3jG9SrJNrWVAjCHWTcwo8LWutt485SvpLWMPK4BFuJT9haCcveJku4nT19cYRj7vaoZGo7M1MSUNDF,1785083096,2026-07-26T16:24:56Z,6YZaSkJPTTEYpRHpkuqqshf8MAAgmZGRKvVVhupWE11x,sell,0.322287294,4521910.334288999,7.127237609205594e-08,68.71825370299001,5117.937283978058
3bm6G3qNeyMWkUzmVfdPooFmG2jMZ3rZLdBsqZdiwcVG4vDnQcHW7H4EJ3xjVATi9eRt2LSWtP7Uj5fizu5VvFzZ,1785083096,2026-07-26T16:24:56Z,ERwFALCBpbgvxcd3Veq2hWtVvKqDK7LKwfBxyGCNBgX9,sell,0.012586552,177882.457138,7.075769135702594e-08,68.22201324998244,5080.978726689296
4jD521aLtUvMCk4J5sQLk9s8FukY419qirxyWN6oFbgAa4hS82hQqnoZiWpBo9a2z2Q26vsn4yibpW6Ze2jvADRj,1785083096,2026-07-26T16:24:56Z,4dniuvskLMwsqB83ZVA5EmFcK5zhDZa934H3XRg4WCsc,sell,0.006092087,86064.196732,7.078538150969424e-08,68.24871109619535,5082.967105252081
5RV44NRPQR3t7ja33Juu8AX3HE1S2E8a9znomRhduP1ELB2zReJ8VQjodEmVh9RePMTbwLfMtpkgfkwMsEgHSt6t,1785083096,2026-07-26T16:24:56Z,2xKDETThQeNxPZAtkicq8UABrRQtyRfHTwCs57mTpFFQ,buy,1.466666666,21083759.196147,6.95638122383806e-08,67.07091807588851,4995.248479026642
3NbwoLFKB8Ponq2m66qwxR3eczpvoKNCopPiBUYZSWzvzuf81K8rREoqEgVKWD6EF4Ga1DNW6RjUrRnzs9uDj7ZR,1785083097,2026-07-26T16:24:57Z,F5K7wpAkG1UZEt53nu6tepNeXspFd7ZFYk162VrZ2J7E,sell,0.31073867,4421539.158434,7.027839375961921e-08,67.75989179839384,5046.56125419307
5zwdbZSMtoHdWJAthMAWCHkcSNx1GpG6Mf7Ru7SbwcJVMNpBff3bgqYPbLh8jk4uRWhZ5MHsXkyeDvBmdCe6yGTR,1785083097,2026-07-26T16:24:57Z,6YZaSkJPTTEYpRHpkuqqshf8MAAgmZGRKvVVhupWE11x,sell,0.102478956,1356573.1002869997,7.554252401018369e-08,72.83537626963759,5424.568694863814
AtrDQGw6N22dcmBY9DXcYTXDwALNk5o9NqZk1C2F7EXi6yp7BXxp1vehKkfPVDzurNMkhzo5w66CKmbG3Xjh2FS,1785083097,2026-07-26T16:24:57Z,6MaZ2ikXBYEJjeB4JjuWR2wX7yfJBCE3Znhww6TJH3sB,buy,1.955555555,26898675.142685,7.270081313026327e-08,70.09550116087601,5220.510701289332
2pQ6wt8by84K4uDgyTjkbjLAG3gnztU3NWQHpefp7wFbHRMbAGNjSyZ5Gn4yKuneAUhgih8e2XYgNk2E9rvHAZtq,1785083098,2026-07-26T16:24:58Z,EP5vZSxiDMn2iJ3yoWHjzW12avYeK8kQaTNkb9EDbVsz,buy,0.962555622,11940928.275803,8.06097817328419e-08,77.7210433521312,5788.4390840426695
3DYMJdxDssXYN6FZEuYcJuND8QEsY3gx3dVr4Ti8NzRVmgDN3ZfrTxLJbUMvWP5YicrtAk1vTwA81TDqUDWQ1XHS,1785083098,2026-07-26T16:24:58Z,EP5vZSxiDMn2iJ3yoWHjzW12avYeK8kQaTNkb9EDbVsz,buy,1.094676256,11852969.334348999,9.235460120762415e-08,89.04497456668015,6631.812811416963
3EuAWA5DU5tPwHFAK3cwj5DXkk4yGY6HVcUi54oKTFpdwvgaNwjkEiwHQvy3VNqzNzcbiJhvU33jr5BTR1HtmiUH,1785083098,2026-07-26T16:24:58Z,4MNb2YiPt6D7WHdgKLEzwqcZiQeCiD96nWncpB1jsUwv,buy,0.771517015,9253029.672888,8.337993525089375e-08,80.39192543418564,5987.3586760325425
43CF2hYX2wVKYPx5ewL6xrNnGEEHe1RgjmekrabLTu9JZyodhm4ChJ3pHqWhHEvNxZzuNDobGG6oc1E6zapgE8Bk,1785083098,2026-07-26T16:24:58Z,ALmjjCJmzJAZApRHSJV7eKLUboVq7wMD5fZW2zJfzz5K,sell,0.287470517,3072958.025564,9.354846848168016e-08,90.19605832064836,6717.542208541602
47YSjYbbrzHvo8rsxkYTTrMXSegeCZrwNLXqRxoYtBKz36cpRmJWJmB5FbhHzJEframwZrezzXJq4AzyVeDeHoEJ,1785083098,2026-07-26T16:24:58Z,57stAMFvwctAjkBS76RXGoK4QKyS1QoxbGMbzFFe4DyZ,sell,0.652201607,7092943.918805994,9.195076324666468e-08,88.6556085741634,6602.813955613269
5fPCaNk93zogvPNmCHikGBCLtBKiLmqE9hYE4dNKnKEBrLFV9KZo9kxajfguwj1kAwq1wDWuWZph48mSLqKZ2gRp,1785083098,2026-07-26T16:24:58Z,6YZaSkJPTTEYpRHpkuqqshf8MAAgmZGRKvVVhupWE11x,sell,0.053522136,633067.4468,8.454412917697982e-08,81.5143992165797,6070.957285013966
5vpiowUfi9hhfQu6Qn3sresVhyJ4LC7Xr3ZnUFUonAsV944hXbiWkjQg44dCxxhE9FkgpPm2NAqQWJGK3sbmGLBz,1785083098,2026-07-26T16:24:58Z,CnL6TwM9cEkRfnnmdzhySW7KZ62usfwhSnsumY3axWqn,buy,0.973733003,11317913.191058,8.603467676084687e-08,82.95153142180123,6177.9907455395905
DkopG5gkKx2XQbJDGKwwcHtrWQ4Lk527q2hkZPRbutsLZsRa9kSi5Zh8HLs2V1bPQyDjojm6ogGEAHUEkTdDMoh,1785083098,2026-07-26T16:24:58Z,4MNb2YiPt6D7WHdgKLEzwqcZiQeCiD96nWncpB1jsUwv,buy,0.864924075,9710770.534957,8.906853188286465e-08,85.87666507672046,6395.846261161908
XKdbFwNAhjJ5YcdHCgdseWmj93ujThqa1nUysWFJrBLyMHQL9AQxEpvif5LpQrhrPNBDZCVxKGEKnfMGeYymBcp,1785083098,2026-07-26T16:24:58Z,CnL6TwM9cEkRfnnmdzhySW7KZ62usfwhSnsumY3axWqn,buy,1.199260697,15530248.928729,7.722095779041372e-08,74.45366156693908,5545.093915061782
yBUEgU1mwwNmQdUD5WZEVbwBhFcPX8dmJD4AXLDr39WDca6E8RS4aqUSpdv6V5hQXKdH9eCt7KmptyyoffyQRBE,1785083098,2026-07-26T16:24:58Z,9iYFPoMEzVD8fV6r51pdhguw3VL1HKCuv4q281gXV4c3,sell,0.054876043,582959.081376,9.413361032213815e-08,90.7602309727975,6759.560160038371
362J1kSzdPRVSymr7PQY6GWCaHLJXt2qQS3QX9C3hae89DsiHsY7nJbJp7BR4KUkz25wEggxi2kyYuhw7kCytKno,1785083099,2026-07-26T16:24:59Z,Bj1xdck5QFew2fHV8dp3FVt45C8WRU6hH154UNYpwEP,buy,0.001955555,21523.120992,9.085833791144261e-08,87.60233147785327,6524.368916179283
3dkyyF4wMD87MTgQUZEHjEHteweEzVYGjU4Mu6fCb31bbVLHfmYVcmD9gERuD6RYpXgrNF8jFEzAQdGdiffmQCLT,1785083100,2026-07-26T16:25:00Z,57stAMFvwctAjkBS76RXGoK4QKyS1QoxbGMbzFFe4DyZ,sell,0.540921524,6029002.330985002,8.971990626376582e-08,86.50469675486434,6442.620248681792
u9CDELXYGijXzGKmSsGwW8dw5RGdyjQXSDf6LGBviS1gXYBUrc23TgWF2Ed6qGED8fZ5fN6ejahessE6LqPfiCr,1785083100,2026-07-26T16:25:00Z,ALmjjCJmzJAZApRHSJV7eKLUboVq7wMD5fZW2zJfzz5K,sell,0.069713509,768239.506391,9.074449884450346e-08,87.4925719565328,6516.194343687008
2KMtsjXT45699WJVTtG8h4agzeD8HV5u5MhhAWe7D5XgqxX2Jzp7YLZaKqUzEBRT8TPVfvUQogDd2KmhToQScMLA,1785083102,2026-07-26T16:25:02Z,57stAMFvwctAjkBS76RXGoK4QKyS1QoxbGMbzFFe4DyZ,sell,0.748018425,8541086.635563001,8.75788359159634e-08,84.4403539698532,6288.873953672844
2MWZT8KdcDoRS69FBAZUS9Ls7WZs3pV3T4u8uF6aHuepRKAvEB3Ms854wgFZhemgxdQ4uCyvWXEr4z1fy7DHaima,1785083103,2026-07-26T16:25:03Z,57stAMFvwctAjkBS76RXGoK4QKyS1QoxbGMbzFFe4DyZ,sell,0.54742218,6405814.976672001,8.54570701766352e-08,82.39462399187204,6136.5138868336335
37pv86gEV9ErUtEgNFm9HEqVKx3QCrDjL6KwYyKnhUJ2yPSdxva8oovv6R5jxNV2Uf9ZnimZVxqcgdVGtxABqxi1,1785083104,2026-07-26T16:25:04Z,6YZaSkJPTTEYpRHpkuqqshf8MAAgmZGRKvVVhupWE11x,sell,0.074846196,886294.4255209998,8.444845622943231e-08,81.42215481218955,6064.087187899635
3RXMAL4Rpz3NaZ88DrPUbvDKama1BeVmvfMpaxSkmVPJvPjb1ckTu56s9LB4VZcCAbk26FgA6goeqmBUFbzwFPhn,1785083105,2026-07-26T16:25:05Z,57stAMFvwctAjkBS76RXGoK4QKyS1QoxbGMbzFFe4DyZ,sell,0.348836513,4804361.232503999,7.260830235660462e-08,70.00630561046636,5213.8676740235405
56tQGRg6y7qgofiKcpLRHdsrJTRygrwb6nan6xd4Q21G5YsgFFrpXPQEzHi1tBCDm9UZzmrbQ7gft3w64kM52Knc,1785083105,2026-07-26T16:25:05Z,ASZhH7wEdrhnuXGBpxbwTF7diTMP7Km1xBw1epAnUbg4,sell,2.058812931,25418999.394106,8.099504229412683e-08,78.09249768610681,5816.1039311932645
5aN2B2q9fAd6qrTf78RNcMmt2tBuJzfwxzVB1bvWV66c7A7HHFXyUXwZbg3BSSEutNywzEE94EjonsRuQBauKobh,1785083105,2026-07-26T16:25:05Z,EB9rURAEFFHHvcuTig6R2jfaPMzWWwmRnzeoPnigGer,buy,0.976922842,12764120.359669,7.65366366402184e-08,73.79386380247692,5495.954081077914
5bXGY4ftpBNdnqVxgepYrSn1RMxJSuikSQRr8EUVNUenRtCAKjDDTqJMDykh1p5KnaytnRXwyHyaRfhcG3LVqjgf,1785083105,2026-07-26T16:25:05Z,CV8yNmoEh4AxuofTLxckgpbA2pzCcwYTJ7a9SvGzago8,sell,1.522052181,20178796.961828,7.542829158146786e-08,72.72523748308353,5416.365875791119
bnZ3C4xPEk7G9J3odpt3Nfo84HbMk7Fp7jgdpnfUUR2TjBiPRR7HsNBjnfa8QtuWGpo7GU2LH4dYTAXTxWe6Au2,1785083105,2026-07-26T16:25:05Z,DRCZi1rVZVtoT3zPN6ZreCAyU6LaePpCrHRowmSKCwiW,buy,0.978632714,13305540.232303,7.355076884620509e-08,70.9149977979596,5281.54444657559
263tJBJbyKWiqCuGdKaHPvCicjaP3kZa1FUwjMqaG8PgFVGhcENjy5sEMoPMTSffW9kSvjuStUrGSXwsB5DsAEKL,1785083106,2026-07-26T16:25:06Z,98e2YHN72vLBhhW9w8k6Rv8nYegSKP9bFGqTgJrJ84U5,buy,1.114129509,14446643.191382,7.712030360552013e-08,74.35661443321013,5537.866124522149
3cvNp9b9iJJKgorA9pj9e16ttY9JUCvJ1ecieugpCENYHrZueru7aFroTe2A32zSQEbo5aKWsSKq2PXrFukvGfva,1785083106,2026-07-26T16:25:06Z,A8st9QNWjLcioTs5WWoE5mUhgBGUPjh9rq6TRSGumtqn,buy,1.819203825,22263699.807715,8.1711658022338e-08,78.7834327175861,5867.562778993707
4hbcVoU3SUoVNfVxy1QchMWnoAneoV1Xr4yvFjMWPndhYD6bTQEQu8QNE3es6DTmRGaLXzDdvCJUfLaHUegFh5hd,1785083106,2026-07-26T16:25:06Z,57stAMFvwctAjkBS76RXGoK4QKyS1QoxbGMbzFFe4DyZ,sell,1.100358529,14413083.697515,7.63444209506475e-08,73.60853636924293,5482.151428519372
4pmdpU6K9DzHuofcMVWAKo2TJb8QHZSi2vV3DyHET8RBkyU5bKAtV9nZ4EbirCvqpsLh4psYksACz2vgPCgkMaoD,1785083106,2026-07-26T16:25:06Z,BiF1EpxvBVmAtW8mJtStyuW14rTdNaS7mMgHCnVdyTcs,buy,0.244444444,3257485.509002,7.504083850088739e-08,72.35166920110365,5388.543587891896
xs776zKC3rVYtqY9BsWSy2hDHtkoXC2uPLFzhgrKZdDBidRPNCKCPW35phs45LyfZ1gAtejvwBHAdigU6qETP6g,1785083106,2026-07-26T16:25:06Z,2Y5UatxnQWGv6URdieEZxwCi2uNE2khoqRU8ZeMyZvyh,buy,1.185185184,13688266.523349,8.658402303742039e-08,83.48119128266534,6217.438283910681
2H2ahsb9GRQshcRJixfPEvg48rTdx1ffRSk16MnwHQLT9dFKMbfA6tux6G4T3bexkeCYPFZxReM1HPuTPSwufN4y,1785083107,2026-07-26T16:25:07Z,6YZaSkJPTTEYpRHpkuqqshf8MAAgmZGRKvVVhupWE11x,sell,0.053813717,493792.6085040001,1.0898040204172895e-07,105.07497191456905,7825.680767424994
4bcwTFVxmJPi76GuT72Uy4mcwCc7jnhSezC3yNbM4X8v5fL6H8BUZZy59ZwirjsWzCctQaqXKWyufaJa6ptAhi2N,1785083107,2026-07-26T16:25:07Z,BAAerD5HTir1y5nHZ7gy3n8dzpeLskNmvhCCshD1CK3B,buy,1.971764888,20008682.064182,9.854546549718542e-08,95.01398256413164,7076.367306508722
4sseEcrznMfgyLRVugV1e9M3HZuXv6KGkPRwhA22ams7qAYM8KCTvN5yCzp4HCT8S45NmpXnotCmD8MT1X8yjNKD,1785083107,2026-07-26T16:25:07Z,DEVA1RTJX6mAXLy9HikaDG3SPRu8mrjXnkedoivGQMvZ,buy,1.939346223,18380777.048841,1.0550947970517305e-07,101.72843381965896,7576.440264861873
RZedaPGwrfo84mUwLwXDNSizPPvJHReveLsWCLvz8ScapsZanevi4wRBfbyFEqeNhYQSqe8sUGdHG87sDAg3m7b,1785083107,2026-07-26T16:25:07Z,GqBXzbDjYviRi959rQmxVzCB7UigT3P466opp5M25H65,buy,1.955555555,21303936.994125,9.179315332838642e-08,88.50364677712209,6591.496279378663
2WGgeZq4Vjr5o4ozZxZ5hzmwCEqTDNYHfrsRjMDP4seCtJ7Fk7dZifonQFzhpv9JUsEDyFv33uZTUk1ySdeEwzUB,1785083108,2026-07-26T16:25:08Z,9Uq8GVrvSTxGxTYBXvmGJdvbJSfNTdUFgq1HwzNW2xT8,sell,0.193545135,1783407.417263,1.0852547383538093e-07,104.63634655065398,7793.013215752596
66RgbAwHnmqNQfskZoMCkZPMCfPpqsZPCkA7rB1N5TZZqyFdo9GsVXFjNVnJYqgYQpkeQE4AKPtkZYU31axcXroy,1785083108,2026-07-26T16:25:08Z,6YZaSkJPTTEYpRHpkuqqshf8MAAgmZGRKvVVhupWE11x,sell,0.037366041,345654.825953,1.0810218227672252e-07,104.22822410107193,7762.617433138965
2JoMYfEcM7m4hLfauNiWDRQD45oxetCvKTKsq25CYAAwdFwKkijK8cxeKqEjm2sTTfbBf61VWTsYnwG5MewtAgXh,1785083110,2026-07-26T16:25:10Z,ALmjjCJmzJAZApRHSJV7eKLUboVq7wMD5fZW2zJfzz5K,sell,0.062181198,576179.629793,1.0791981317065897e-07,104.05239038841619,7749.521845499753
3fATup51dNtTzSi4wdzpf8ueCRNVRgYJzX8Loc6CK63Dq8YqdZ7wCnmjgG1MdeEkKTHkq45TtCGPsYwsgfUYrEfV,1785083110,2026-07-26T16:25:10Z,4Bv9Sprv71JpoXUducon6zK4ZKQrtngqfAqrb2G7MNFb,buy,0.068958513,638905.73713,1.0793221752830936e-07,104.06435022254522,7750.41257944162
5KhgaVdGbN6AWkD2pnyzSCgxg1bGiSx5EGEzFzLgL82rfPxNQU7DMLb6quBVvaGzyvK8BKKFPdGZXtK7zqRq2R16,1785083112,2026-07-26T16:25:12Z,9RjpkA83GJGdxwPMPyhbyUhH13w4EzLDCVkD6wXFstsW,buy,0.097777777,903361.469969,1.0823771020846767e-07,104.3588952433596,7772.349442830954
4WNuB6ugFMDtpcHj98CkQTzdy3g3UhfHmNo8JcqTip69nE4quDae5GC7B5GWZQfCHbEwihmQddWLVnTreDGt5Txv,1785083113,2026-07-26T16:25:13Z,BiF1EpxvBVmAtW8mJtStyuW14rTdNaS7mMgHCnVdyTcs,sell,0.351068544,3257485.509002,1.0777286438568296e-07,103.91070767147849,7738.9697254961675
5sfeVsTh67KcxJCQSXNk199VUXwvw44pSzMWzWCSvLccpFj4ppMNV3kYm3mzBSZmnTmPxuvf82pghq6o84t7FXr3,1785083113,2026-07-26T16:25:13Z,42wuKdjT3h1dybTMygQshSsH57EHGseZPU9vTog4VEYm,sell,3.434942187,34054514.369321,1.0086598651057162e-07,97.25134520677778,7242.999621352896
4gG9odC8TQBTGeASo1Jv2zXuToUvyg2FGPJuksNykcEdyfLjYAQVsv5dPUASx9Hon54myVYumyEuG4GzFbkQaJRx,1785083114,2026-07-26T16:25:14Z,6YZaSkJPTTEYpRHpkuqqshf8MAAgmZGRKvVVhupWE11x,sell,0.026794494,282284.774528,9.49200821928929e-08,91.51851877668643,6816.03524801547
4tvQ9aux3MdDzXmYDdBTSnr2DMM1saCQBcaSghbiUKHX8BPdx1d4hEnJJoYd6kP4g5yqzEN8bu3kTvASEm8R1kGr,1785083115,2026-07-26T16:25:15Z,9SHHN4YyEW6EJVmqt26FAdWFpMQnaoTXuo95L9QA3f6C,sell,2.425054064,26733903.335625,9.071081142006027e-08,87.46009175724076,6513.77531214895
395UranqkE2k52yUCqp91osj2vH1K8f4JYHoqj21fZ8DDnCSZTgZiSaqe9p2YwzMq7mNKtKmthCz3QTLvqbSW4NA,1785083117,2026-07-26T16:25:17Z,DEVA1RTJX6mAXLy9HikaDG3SPRu8mrjXnkedoivGQMvZ,sell,1.547480165,18380777.048841,8.419013847391051e-08,81.17309415175912,6045.5378684495445
3qcoqjErSByQ5C5rK7sV9ixWcByNBRdo3ePUUupYCicTKhg22MUnisrucj84mGsS8KfMtqmV1yTWnu1ZYn5Y7NJV,1785083117,2026-07-26T16:25:17Z,EP5vZSxiDMn2iJ3yoWHjzW12avYeK8kQaTNkb9EDbVsz,sell,0.93047719,11896948.805076,7.821141414032134e-08,75.40862384638909,5616.216750573786
4B6BkuVQ7XCdsDuPh6WQN7w9MGcieT1gd7RAAwerppzau52LAPzNUN8Urn9vcsySsgKsM99sKPdZ6FytoEJG5fKp,1785083117,2026-07-26T16:25:17Z,BAAerD5HTir1y5nHZ7gy3n8dzpeLskNmvhCCshD1CK3B,sell,1.584676947,20008682.064182,7.919946660738672e-08,76.36126838872858,5687.166967712458
4SUNSoefER7RmQMu3oArMCuMT93EUPGch7F8pLaDLAKU3XmNbfZRhs2srXDVGD3Pj9L51vMPGE1XGvmLCu5kdgrc,1785083117,2026-07-26T16:25:17Z,CnL6TwM9cEkRfnnmdzhySW7KZ62usfwhSnsumY3axWqn,sell,0.981047425,13424081.059893,7.308116068600525e-08,70.46221855215578,5247.822754613996
4mY2dmTr34vWkfsNB5dzG7goszt3ebvecHBTehqrkBmGnx1dzMr4DgX3xrwvQvdMsZg3Fj65ftvCEs5Y1pr7kJYY,1785083117,2026-07-26T16:25:17Z,4MNb2YiPt6D7WHdgKLEzwqcZiQeCiD96nWncpB1jsUwv,sell,0.717461324,9481900.103921998,7.566640822373107e-08,72.95482095891452,5433.464590723825
Se6xvmY8sEcp8hxL4cjfqotvLPoKUbqWvK1LimBxVUZtFK1BTChGRhePZgN6KJEqKLWrPgX9qNLN3cNywvpc7Ep,1785083117,2026-07-26T16:25:17Z,GqBXzbDjYviRi959rQmxVzCB7UigT3P466opp5M25H65,buy,0.977777777,12513633.781861998,7.813699793718185e-08,75.33687442806821,5610.873060893963
WhQzpxV9aX2haGGBQRGmUCZuLAY8V8FPWp8FMEQ53w4CbeQV8u7QXsTsfAJgVf5pYREpZTkyAcB4gG47XfwpDBP,1785083117,2026-07-26T16:25:17Z,6YZaSkJPTTEYpRHpkuqqshf8MAAgmZGRKvVVhupWE11x,sell,0.040204431,524243.152697,7.669042655715371e-08,73.94214249203924,5506.997450093233
211fnutkArPo2RmDm8oUCXFPcVim1MFsKZrtBpsMoqDhFztSaFUDHfWj5Pfngt3LPFshGxq3wA1TYCZFpGNhSnkg,1785083118,2026-07-26T16:25:18Z,8SuAiRmz9gVXMMLXsrjTCfNry7qsAGHXXV4qVstpu9EY,buy,0.858872254,10833887.316735,7.927646179901728e-08,76.43550437470925,5692.695849777848
3ABcBfTaNVbEB3PCHYu9Tgw7AbiuXrxMWbYiArWn7AjLTbfAKSVJFx4DpRHF15c8mf3nmk3exVTCXWzMH6qHsqvr,1785083118,2026-07-26T16:25:18Z,4UvPYKxeQV8qFZXpgbrLoZGDFgtmYKSR5wvUo9K3fKga,buy,1.074659239,14676968.36919,7.322079137650338e-08,70.59684542641602,5257.849375811036
3r7MavDNDFJbv2edZPhMabqzgJ6mzHTPae56EXNz6BaQYhc7Sp19ztYNjMvfkyjFgKRrHy2YP3uqNiKeJmqja2t7,1785083118,2026-07-26T16:25:18Z,2x8MqmXwu5MrdJAtP5JZxTaM9VugmS7eeXgU9CrQW5xF,buy,0.99980184,13089101.799733,7.638429705087898e-08,73.64698346645845,5485.0148574003
rR4HyzNfNVS3zjCbMPgatujw77EzDGHs5ZXV1aTrt28ERyEWZcPa4rVMzB5T5VbPDGUqaUL72cPAsv3EcWsgRA3,1785083118,2026-07-26T16:25:18Z,4Bv9Sprv71JpoXUducon6zK4ZKQrtngqfAqrb2G7MNFb,sell,0.05146664,638905.73713,8.055435568819745e-08,77.6676035595149,5784.459042462144
WZasQ7KA63vkpCDRCvfMnUszDTEzsikfyAXtMrhp7LRxv61TuyZZ8ZE6KzuKCBGeTyCAwsxXCyHzbJcw8ZjB9Xn,1785083119,2026-07-26T16:25:19Z,GkmAwmE1Pg7CBEwUvRQTWM8gZ5Tp6Yd77jWwkNGb4Wnm,buy,0.049382715,613060.99125,8.055106376824135e-08,77.66442960905728,5784.222655788892
pAgubMaoNbtU18ScEPL7Kr2wFfXAb9hsdGqEYkHDcs8jVYf4GWWByDc4FgmiMiauNd3MPci4ELnYjSGEQwsDKVf,1785083119,2026-07-26T16:25:19Z,5JmzK7BSzoKyXrjhTKkYGisvHEmXzwssAjunUpvk1hCs,buy,0.195555555,2416094.156248,8.093871445129525e-08,78.03818841221306,5812.059133155643
2E4o4YB48xF5knjj2SZv9Z9tFjVyDzamAFiW5ihDRUfdhd2kSpwig5s16LSyymSd1woztNDvvcaBaxH22nNegWxz,1785083120,2026-07-26T16:25:20Z,CnL6TwM9cEkRfnnmdzhySW7KZ62usfwhSnsumY3axWqn,sell,0.999599435,13424081.059894,7.446315546964473e-08,71.79468806370517,5347.061239666272
2MEyzHvxYPeHxJ7z36qcczJ8opmgS3VRBryGFyYfYTYRLWes2JZLbJS3TuTw4W2rFN2ChS4fx1a82JZDjrZvciQ5,1785083120,2026-07-26T16:25:20Z,AhRrqiGvTGoNnJuwesaviHMfhBzFCdzgSQN9j8Vwbfrn,buy,0.159369471,1777453.845696,8.966166485048476e-08,86.44854248537992,6438.438040695381
3PGphnAqveTfW77LdyctRPshTdhzwbxxfj5RdF2yJMhHmgHeK8Ff7yEcffJgET4Y8kxxjzdMUuKTygKziWKmPuj1,1785083120,2026-07-26T16:25:20Z,rQzGmujNeJhpwgU1gvJicLWoSzTEBXVHJKGg8Bhb6sU,buy,0.03245548,360687.436089,8.998228591469867e-08,86.75767374830731,6461.461245316054
47chrnkegF6iXP4nooMxeub9SnXKtUmb4RvnHP3B9FRidt6kZf2d3mC8CnycDXpKERxAprKcd3wSpmPtjURVZjCX,1785083120,2026-07-26T16:25:20Z,4MNb2YiPt6D7WHdgKLEzwqcZiQeCiD96nWncpB1jsUwv,sell,0.731269775,9481900.103923,7.712270399236199e-08,74.35892879960323,5538.038491854172
498AnddyH3ctszF7JiVQZCLax5ESMaJucjTUsVqGopuoDFBkx7Jnkiwhd3eMURRm63bn7omNU6czhKpnHbdbokWT,1785083120,2026-07-26T16:25:20Z,GntwJ8SEg7RXZS5QDZsb3gzeDEtq9DfApgqhpetSJePK,buy,1.62991505,19014468.454604,8.571972726407433e-08,82.64786847958516,6155.374805669417
4QtvTUiVtHcjmBeWkYaBh7dW6kBRYVwnBxSZvYGCi5vQH2UbtHZYT7MUnp4zffA8EhnErGQoadBrrEfyDKPd2j35,1785083120,2026-07-26T16:25:20Z,7cQjAvzJsmdePPMk8TiW8hYHHhCfdNtEaaNK3o46YP12,buy,1.7875282,23629121.662342,7.564937137925037e-08,72.938394648112,5432.241206485077
4oq7mLrumfTprv1CM8xuNLviBgPbXVo8WTXrHkr22S7DmkfKTqx44frnwLBqTULD73M1xMY22c9sUqAg3QfmHciS,1785083120,2026-07-26T16:25:20Z,A1xGP7kvUDSm5DfnbCNrDc7VZNziZnQGph4JBGT3tPHf,buy,0.293333333,3299318.600107,8.89072467843775e-08,85.72115980351285,6384.264677045346
5C8r21fsD5QeQoqACNedgGeM9p1Fnu2edVa1EUSzkdezWhJxpEecLjtXmaWG1t3gjSyf2KjnL2DWTDvQTP7WMLd9,1785083120,2026-07-26T16:25:20Z,EP5vZSxiDMn2iJ3yoWHjzW12avYeK8kQaTNkb9EDbVsz,sell,0.948688758,11896948.805076,7.974219050141903e-08,76.88454318726507,5726.138965062261
vRyjZcmY6qFbsprM1QNrCBYXb7p4PQkVL7ue48mEKb9Tz5svrVLZRFjnzurYg95da1odtgqg26jThaeAVUfjNDG,1785083120,2026-07-26T16:25:20Z,FQTm2LutmRp4yWKpfFic1Xxgz4oEtYrFsed5xu2TR6Ji,buy,1.471445639,18225242.398666,8.073668414460718e-08,77.84339807924096,5797.551711125024
3SRhzamQZ9CRUwoNeQpePp1LRHiYkCrFj22Utg3h2ocyewJg5jQ9VotTXpgtt8V4a5si2gtT8wn2QJeTEgkvNmvS,1785083121,2026-07-26T16:25:21Z,TA4Dz8tpVUAErZJg7RQwwGLvgHprWEpAGNhdq7HhSzU,buy,0.244444444,2702674.673642,9.044538226667064e-08,87.2041745435472,6494.715336392945
2mzByc3nsPzn1MK8LHEJirgdiogXn54Pb3u9yidq7eabSYwrGVzaFpjoWtuYdXvCxecLMk61svLFzm6BzK3wLERg,1785083122,2026-07-26T16:25:22Z,8HjCkASq2W2U4thveYTpgqTEW9526hLAk8sMK9ihBH5Y,buy,0.488888888,5332708.760529,9.1677402602332e-08,88.39204410305044,6583.184434186966
3BCRUtebPPLHn7c153H5QAnumbaPBVYkhPKAX2wsgQPAoZwNY1cAjh3zSEEPNpmisS1sySb4QSkLnWkY2u1ocbBX,1785083122,2026-07-26T16:25:22Z,2vRhXKm7w5VMhSMHLHKA3Hb6YUneKMDxj68xTPYiwZB9,sell,0.190955203,2071491.634892,9.218246397116429e-08,88.87900605355661,6619.451955377857
54cD9i8vfoMiJjcbimzuEFU8BvF4wAuiKZyfnKUVMP34V7XsrAPSRZ2Ru7HkNiKbB1ZTpqYkTP6cv36gtzCpd5Uh,1785083122,2026-07-26T16:25:22Z,rQzGmujNeJhpwgU1gvJicLWoSzTEBXVHJKGg8Bhb6sU,sell,0.033112531,360687.436089,9.180394903422543e-08,88.51405560721061,6592.271499014232
36vQ3MGgrwp5EheRx7D7jfVS6GsXGeDdLgjPH7CFLrbZ1ZqyzBzFjiXsFXadm1532UvhzYTjit7ULRRHcA5uvaex,1785083123,2026-07-26T16:25:23Z,Ak7Z5nUXctypS8d4ArHebJNCNX43gbGHYzm9Cu4Djx9Z,buy,0.493827159,5333957.679207,9.258175424320527e-08,89.26398732848715,6648.124250065618
3YHoESR1dFG5qBVRvXNTfW8cSTUhY3gMAKoCZrXnjxGdoDoWAuQ5kyXvY4CtLu23hTWb1REeufEdtAqo3MUGHkWR,1785083124,2026-07-26T16:25:24Z,DpGxaoQzvNnZsJaHWRrFXsPfiuZj6UdZ1om6eMJ3T4Cz,sell,0.678773134,7083975.425099,9.58181096443476e-08,92.3843644468463,6880.520935568519
4WmeaH9GnenrQv8FybUmp7AUjy8DZhCn4zEKeJHD7cpd8msXftimxNnRWSaopFFahjgLwmkWbReL53svXzxtcexQ,1785083124,2026-07-26T16:25:24Z,64hP97Bwr5PubotcTeGgfhkFrGiLVVxT2kVo9M9b4AEz,buy,1.038921784,10913853.496807,9.519293843406924e-08,91.78159692047362,6835.6285491856015
4pSCbaMth9Spm4NwuKBqUqhVDeK7QzdzjLm7Cj6ftbF5ShZbS9gCrk5HecB7RJ855iNZHz7nAm7sghGsjAHsyzJB,1785083125,2026-07-26T16:25:25Z,4Lodm2nk8y82NtDUPexvbzvMPPKyDgZ38ZzPwXFJiwvN,buy,0.097777777,1031173.715986,9.48218282566538e-08,91.4237858761153,6808.9798148848795
5MwKocyF5wZrckTJWpdAAzhHT9bse7GAFKAXKEyRsi3mN6JkYCFDnWP8V64VETRzCQ7vsAJCSHahBjQQDkjc2iXS,1785083125,2026-07-26T16:25:25Z,8HjCkASq2W2U4thveYTpgqTEW9526hLAk8sMK9ihBH5Y,sell,0.501954674,5332708.760529,9.412752440472796e-08,90.75436315079493,6759.123141584256
3dVUKhpkfMv4CafrhcVEaeQ3wK9EgLB4mSt7RYjBiaBZG2jqV29sUh9wQx75sij9UHCk6Sh9jBLH6qbQhRUaCfA2,1785083127,2026-07-26T16:25:27Z,AKYENzX6a6r3EH8svE62ZXPyUoBmGAMNzmf1eHmgRzxH,buy,0.391111111,4163465.251357,9.393884358048263e-08,90.57244390717896,6745.574321155854
2MtiAnPEq3WysTMNfMp9ru7Nm7uo9ueVmQwnSdeAd1CxpJcwGJ92JyYqnfByVgEKxUN7FJPnuY24cy35yT2YdzUo,1785083128,2026-07-26T16:25:28Z,GmRYs1sZk8UTmvdr5op8ecDVZSgLLML4ZwDa2nz9joD8,sell,1.879282767,20563880.574577,9.138755499890161e-08,88.11258350078278,6562.3710147725205
2oktVWTwz6T2EumdtHkohsRhd1jFkVZYYFLKFrGYq4rVRWjYAhCscypPhsV9oFUywdZaoADiS69xdRecG94M3m9N,1785083128,2026-07-26T16:25:28Z,8SuAiRmz9gVXMMLXsrjTCfNry7qsAGHXXV4qVstpu9EY,buy,0.438650836,4928557.359673001,8.90018729596572e-08,85.81239494784724,6391.059607382433
3UUMSg8HPi9v1EsdbETSbrbMBR9FW5mbMceM4zWLdpgm9jx54SBysvNQkWv9iQayum1EKKVD4Ztq16XzE2hJwTPY,1785083128,2026-07-26T16:25:28Z,4UvPYKxeQV8qFZXpgbrLoZGDFgtmYKSR5wvUo9K3fKga,buy,0.319430314,3538704.618009001,9.026758333384793e-08,87.03274722705011,6481.947924427198
55mFnHm7vtDznaE2cKJy5XvTk1dePwBudsgbnYPpDerMya7t8NQLm5feNBJoszYpca4S2EC5SZ48kNi6gWYnbi1A,1785083128,2026-07-26T16:25:28Z,9xNbwMQkTVsmhNU8PNqgDNS1Tniq3GzwHNikknc1vcxk,buy,0.036177777,394934.185532,9.160457191434661e-08,88.32182338123981,6577.954597412944
5qJh9sa9aWUBjzNeQjykiTAm7LFYBGDiCFJFCeUqxGtqXbeS3r1Yjp5V9wQCYzTqTXc7FcispCsdgQdq7pErwTcL,1785083128,2026-07-26T16:25:28Z,2x8MqmXwu5MrdJAtP5JZxTaM9VugmS7eeXgU9CrQW5xF,buy,0.219696629,2409665.7390630003,9.117307244673244e-08,87.90578716196298,6546.969420063632
5iiv9nz41iLmK13GEjjtfJARRuQTge2vYv72aAF29gPkhCZ96s9fbrw9VE63KVUQNXiUx1BFF6bf3SeDUTRFPnF,1785083129,2026-07-26T16:25:29Z,3Vggwn3LPougvnGa8zpYJMEN9L38tSRa45gv9odiSVF1,sell,0.121601868,1329557.302441,9.146041902575024e-08,88.18283636672257,6567.603245548547
2BFYZYZUUvWzdS84MMJ2AbU7QjAWu2a6zSmpedjTFZT56MdV8c6BBwMbdS81GUbfoT5zvgyfwZp7hFsdyirry8wW,1785083130,2026-07-26T16:25:30Z,29zpxaxkb7FyF8RG3WjVfWCuqu4g4RSswDNqHgmtCS84,buy,0.493827159,5362607.081393,9.208714185185514e-08,88.7870999050969,6612.6070505893595
5knDSuf6dzUqY9eHL9QXCfnXC3bsx8hPNnPti6NpVUXoep9VsRTK9YU16rxVg4HdKXAqdC7irEpESrBN9aF5RmJ2,1785083131,2026-07-26T16:25:31Z,CTH937xR3V1nQABZkLaqrvaTNnnDaqvXs8C2W7dUUSLY,buy,0.977777777,10337284.769789,9.458748586065682e-08,91.19784139236907,6792.152121584174
2jhvPJsspVvZ1SjhQyigsubA2ow2qoK8HnxrKRQNFAEaD7zMCbEoFVwSyaHSjVRQsFx3TFJ8UguC3jdY5Va4Ne8m,1785083132,2026-07-26T16:25:32Z,FQTm2LutmRp4yWKpfFic1Xxgz4oEtYrFsed5xu2TR6Ji,buy,1.270812867,12904761.577853996,9.847627632120349e-08,94.9472728568183,7071.3989599651995
42iicgsMCTbDt4cCAU5sCWXTzjQygKu7XUo1PuRCDWDQ9eN7Ms3sJZV2CmqbMASx3BMrzTKyN9YPAp88fZXFGPge,1785083132,2026-07-26T16:25:32Z,2QQYeSvojiMxPdtvmYDGHkpQqsqJUkvFL8CvVMK66x5o,buy,0.293333333,2770837.284686,1.05864510565528e-07,102.07074176660817,7601.934373193923
5CNYTc2Stpg3uMAWNjsbmD6fngjXZaJe32sYuJzYBnWkFsCHuyiMHArH6V3sQs49P9Fmrr24MQ5jmnVZaNmFKdmF,1785083132,2026-07-26T16:25:32Z,AhRrqiGvTGoNnJuwesaviHMfhBzFCdzgSQN9j8Vwbfrn,buy,0.114755086,1091592.4989050003,1.0512630502235338e-07,101.3589906144464,7548.925200779454
5ERm1dW3iF7WfiJGnBGUxrtPLVEiLVkCCsibb1FetgvxcFyFPHzaPLV5kRGvVVQut4aiM1Yzup4D2Vc7AkTYAynb,1785083132,2026-07-26T16:25:32Z,GntwJ8SEg7RXZS5QDZsb3gzeDEtq9DfApgqhpetSJePK,buy,1.173631578,11416617.816151,1.028002861179843e-07,99.1163271036644,7381.898092569501
22e8YNVPr4HAY9rfMMS1gwhu6xcti9uzQtoWFX2mLMFWscBv1GDvLqYxR8XF4duqkXhPzhr548iZoWEw3h78PjC4,1785083133,2026-07-26T16:25:33Z,ZhqQU3djMKYk5GpjK8eYLn6Uu1Eo7Muo7xknGwf2gB2,buy,0.004888888,45945.295724,1.0640671526783184e-07,102.59351597921116,7640.869088347587
2wRLyzxruvDX8o2knSv1yEGwmHSunGTMkNyBNBCVf2ugrB4snCYUeuCas7FvFeajQVqn2uTckfwhw7DgLVe4999G,1785083133,2026-07-26T16:25:33Z,4Lodm2nk8y82NtDUPexvbzvMPPKyDgZ38ZzPwXFJiwvN,buy,0.977777777,9037316.12104,1.0819337997080918e-07,104.31615362753082,7769.166170593376
3g7SeYYjgw9VzrJfwKybjGtMWrpY5UJzb6smWhkuDUvWVNjY5RRChHibCeTVkrv8Bk2kkDBemfaeVoMydWYCmqhF,1785083137,2026-07-26T16:25:37Z,GkmAwmE1Pg7CBEwUvRQTWM8gZ5Tp6Yd77jWwkNGb4Wnm,sell,0.067360907,613060.99125,1.0987635481855493e-07,105.93881725830087,7890.017476436614
5kdi2e7C7gtoEGf5ymZJfmM6B9L82bpTbeVxC779WisQAxVAMLVFkZMcu7zQxNnCWBm7k75azwJ3L7oddsiaYWz8,1785083137,2026-07-26T16:25:37Z,ALmjjCJmzJAZApRHSJV7eKLUboVq7wMD5fZW2zJfzz5K,sell,0.18910698,1728538.88938,1.0940279166517898e-07,105.48222475076268,7856.011783742286
ULotCeQAqyXxPqfKkHX5WsxLYvC6JMCpJRbvs9DHhtxkj4GKwPxLa6A4CVYoKGL5iqAxw1UjdrJUgCErShR2koi,1785083140,2026-07-26T16:25:40Z,Fwoyopiszvzi4x89rVjL3XPBXPq3JPqy7aRoeMesBGgX,buy,0.097777777,895116.520721,1.0923469150277975e-07,105.3201486388011,7843.940822512165
XYp3LPT7BUbgdRatzNyznirCoBLbM58SC1JszwXh3fhfBBpkp93sHAbQKgR4jg3ZfUAk9v4sU87cfP7M2EDep3A,1785083140,2026-07-26T16:25:40Z,CeZbzsqje88U7GCCrAiGUr5BrZrBJ3AkQMyG9aggDiqQ,buy,0.097777777,892171.8644530028,1.0959522587046419e-07,105.66776286896491,7869.830127509438
2sTyjbapnWXeQqBubLYUNBugijB4iYoZsmQDVtxcHduXToY8D7wpekMUECAvxFMQuSgUV6ycbwt3bCd4TevBauxK,1785083141,2026-07-26T16:25:41Z,suqh5sHtr8HyJ7q8scBimULPkPpA557prMG47xCHQfK,buy,2.442624549,21155996.490646,1.1545778758660658e-07,111.32023336944278,8290.80982303571
2w5qUuDKYpdR9cwvoWwc9gdgZyA8D1M1KwcCf5uBsyp46KTy9bDmJt31s6oLLwryrne1V7f9Rvsoed5mqR7Mk6jH,1785083141,2026-07-26T16:25:41Z,7NAd2EpYGGeFofpyvgehSXhH5vg6Ry6VRMW2Y6jiqCu1,buy,2.687437517,21436037.883626,1.2537006752786203e-07,120.87729607910278,9002.592281572735
4Fh6CiKBu2Fzn1hB2oChFaGEHekbURFXD9BVn4ZCPc8UUAEdgQ74Ex6n2KdfEoFiN92VpLS24chd4fnex1eDrXN1,1785083141,2026-07-26T16:25:41Z,D4GtdJykHNoEaiUxDMFKapiSsqUzBgx2bZJy4WYzD3ci,buy,0.079012344,441156.987744,1.7910255576831133e-07,172.6842227098494,12861.022714304718
4S4LUa5fYrffpRsXRJpF64bbha6ZJ3FhGMC6PdaFALER4Lv1VVG8RV6txMFJj6u5oGFVDrv9JF6tX2rso3bqDFo8,1785083141,2026-07-26T16:25:41Z,2fg5QD1eD7rzNNCsvnhmXFm5hqNgwTTG8p7kQ6f3rx6f,buy,2.279309213,16836200.602714,1.3538144779722897e-07,130.52990774984158,9721.490951072632
4WRCwUfrbH7EZhQMhPSdCC5tg9SYjrGvs5iW1SjPbsGMPpfpZubEUiyza6kLknEgxEFfLHnkjESv1KqpiNqYrwA9,1785083141,2026-07-26T16:25:41Z,9oZYF8GZYAEzg9SXZHJ2RL9jLAAf5KyPL4gvcKwGgn23,buy,2.617395832,15350366.143306,1.7051031926957626e-07,164.39989826367764,12244.030129788727
5CPAiY1Kno1KMZS2WVAjRwhT9GrC4huoQmx8LRm6d8hsiiCxL3RU8XMcGjGdmfHN6xpoL9juptBedZnThhv7aijS,1785083141,2026-07-26T16:25:41Z,4UvPYKxeQV8qFZXpgbrLoZGDFgtmYKSR5wvUo9K3fKga,buy,0.129939552,1173986.7115859985,1.1068230220805314e-07,106.71588265473534,7947.891065333243
5JiW7RMMdwGvASe3VuwGNRuK8BZcmzy6PKVaXjAvFLsUhp4jj912522ptNhT4f3JiqqTDZkFkyNuMReguyx3x1q9,1785083141,2026-07-26T16:25:41Z,Aqiah4X4siGfz44YphXN7WC1z4XYqorh62MerNTb48nP,buy,0.493827159,3020808.776571,1.6347514706328292e-07,157.61683903338246,11738.847447408532
5mvhRbEY4HBq45Djox5YLHK5r3pfKGFuoSms4hhPnAxVLXBDa64Uok8wCsCVoD4trjfbKhnQN9KQDx324ouat8oK,1785083141,2026-07-26T16:25:41Z,Bfd2zuMMCDS8JQvHhD7JsNE11rN6XMd1nnk9LGkpzDGv,buy,0.138271603,774239.181919,1.7859029383824934e-07,172.19031823798338,12824.238134152085
5mx96AvAwWQcSVjXMjHYTYyGwBZGPdDEF9DtBnsrBe4DfubsfHaf126D7LX9CVMsntxAtPncQDZHGe1zTiHf6tsS,1785083141,2026-07-26T16:25:41Z,G6uX88CngTFquet1wjd2VuqqseLKxHcwrptHhx5fArXs,buy,0.244444443,1510622.052589,1.6181707567492187e-07,156.01818641969805,11619.78441284617
5rTnqUGeGfpRJB3hV7ducui1UbHVtf8YX89rY5AsMTEzrXcKEggxuBzzvBm2JA1fp7c9XNeauWECSvzqqkQbdsKH,1785083141,2026-07-26T16:25:41Z,5aadmi8jRy84baPoBFqh1j2w5pQRACK3GnmnQp8a12z7,buy,0.048888888,303355.250939,1.611605134530234e-07,155.3851528124286,11572.637896075554
6nwYy6Vqrs677bHYYvFvTusBTayjTtKQBfU7z63Bytuwig8AxifdeGzesnM19gBG4GJd2tNVhFHEa6U6VZqYypo,1785083141,2026-07-26T16:25:41Z,7fkCpkeUvf9oyn7jvtDB81EjYBYagrNb3usAPsvVcCDd,buy,0.246913579,1393259.731689,1.7722006413023602e-07,170.8691921878989,12725.844477383886
HcUMKc6sZwT7d97j61XfijoK5kZX5J6Lx7h9owttpj8MXDVvbhyehFZZsTL8qTrQYpxAgWofbWMhUtcbmpEAj7q,1785083141,2026-07-26T16:25:41Z,2x8MqmXwu5MrdJAtP5JZxTaM9VugmS7eeXgU9CrQW5xF,buy,0.18000391,1634791.1252119988,1.1010820111753248e-07,106.16235509535376,7906.665929634763
JMZ5bg4R7FBa5uTB9GSD2EUmkXUSRcWesCUo9qitMLDGwRrgbiNQ2xFVF3NhtupgjssSBxkXtiQfm28r2jPg2LX,1785083141,2026-07-26T16:25:41Z,J3hJBr4CemR7ak3BZg4dMwZbPDNCoLfoVDVwCt67M6ME,buy,2.469135801,15875800.923674,1.5552826675459402e-07,149.95474374285308,11168.196695276763
UGgnXtecM3XekuZ4Wize8Cw7aChAhERuUsY41L7RYVExZKL5R3VNVzMk247NVzLkQuV2zBZz7ezxN1xkLEStPzV,1785083141,2026-07-26T16:25:41Z,FxN3VZ4BosL5urG2yoeQ156JSdmavm9K5fdLxjkPmaMR,buy,2.368406499,16324959.566094,1.4507885850566171e-07,139.8798012971461,10417.844048079423
sT1i4vfAoXdNscqLs1EwpZVEoEqg4jZoXhWJh9r7KicWEmgmDyp7KzhcmCa6D2J8fUYzAuAcEkLYaLe5tbF5akd,1785083141,2026-07-26T16:25:41Z,G61u9wqqHF4fkmTCzctwjBTZaivFyis5RGrcSt4xgCyo,buy,0.098765431,554760.741076,1.780324808284686e-07,171.65249505841894,12784.182615355327
37HxYKHod1gYKm8ByhAZREraxHaeNyube2hEUgSDFe8jToLrzHPcMtP5P1JfW1KZMRXJ9XuPqXrpXg1Tgzpjjn7D,1785083142,2026-07-26T16:25:42Z,2Y5UatxnQWGv6URdieEZxwCi2uNE2khoqRU8ZeMyZvyh,sell,2.425953235,13688266.5233,1.7722866740434752e-07,170.8774871544131,12726.462262558925
3n93QYGX5RvjLm2TyVtZ5ai4sHep23zzCB43nEVcnaohTedHUQVPN9GarsurD8WkDb8L6poUMv9PPtfdzqmNU4vC,1785083142,2026-07-26T16:25:42Z,N1Gv262rmK1Bpnf4c4PRmuzsaYVGohbFiFmZWAqRdN7,buy,0.148148147,815144.509833,1.8174464185540715e-07,175.23162679532126,13050.746021342527
3wj27pQN46AczUBa1gEzV8D4oiNSw6sQCfwHWRC98wNQeJayTKuEAczqsDmaj1625Yoxu1xzc4MPEmSJxdXiZuyy,1785083142,2026-07-26T16:25:42Z,Fn8WJ5afkGJp424indxe9jqNZDjbUDPsMcCm3tP8HEeP,buy,0.098765431,541679.353209,1.8233190985570506e-07,175.79784941408167,13092.916648438359
3yfFCVXzbuKuD2AgVwP57BHCmHboPdigAHrCEj48PnFQLikJCTQ6sHpZ2vF1B8H74GTpX2UyKq2Xwz3bJaqrXqyH,1785083142,2026-07-26T16:25:42Z,EsyZLvAWJpsmxDY4kmnnjABALEjbBetAvbYSbjdFJ4q8,buy,0.444444443,2464508.999176,1.8033792660063263e-07,173.87532269735482,12949.732405056573
8nKHHkdM5x2Zv5zip7r983B3aJ8oiEBzyzjd5NPwMGNVJ5LbEg9HqvDxCU5vWGUMtRQzbzNzfz1ZEmKh9mUmJME,1785083142,2026-07-26T16:25:42Z,Ats5PuDtcjGcGqbX6fLGcFniRsFhd4dd8jojAyufC2os,buy,0.097777777,534947.932733,1.827799885130171e-07,176.22987068993044,13125.09234668434
fbZKbRXemkwZdYB1xPzbz8LDsN7i8vnishbyeoszZ3BkYV2woUQLUkKE1NZhwnhKp7XyT4d7tjGnKBjR3592SkY,1785083142,2026-07-26T16:25:42Z,ZhqQU3djMKYk5GpjK8eYLn6Uu1Eo7Muo7xknGwf2gB2,sell,0.00419382,22972.647862,1.8255710117496597e-07,176.0149707597864,13109.087219872443
2SPumtTpAjsZtvRUU72Vjj7u8PY3fSj81eg7uGyCu66FirHMVZ81k1EEmLUk9tJnajtNKoDZbiQFCRoXs23BEQp6,1785083143,2026-07-26T16:25:43Z,G1F4thH2m8N7qzuNgSGvnAEZU4hC2Kr8vp52zniPmf2U,buy,0.000200001,1160.682988,1.7231320013109383e-07,166.1381709470243,12373.491664336329
32Arwb3LjY9UP1UtVKxcx9eGvCmVtF5wcVE1Ugi3jybDHU63acZdC6HkRHCb9ZSiceZvGX6A6Vu9w4XjmJ2umgGh,1785083143,2026-07-26T16:25:43Z,5KCbUBm486ddoUFHif4FJEfXHHvJY5AkJfD51z4ZfcBL,buy,0.049382715,284133.181884,1.738012951270188e-07,167.57293845543518,12480.349009065634
3RcuZqcCkRDRLQfxwSg2hh9PpNP4EnwXqKMiZsxDcderitYyejnJ35CAMguWXptPWFQzqjytX3kV3a1CsjMG27r3,1785083143,2026-07-26T16:25:43Z,FsxH9k75MdUnN7fe6Pnp115Up8Kr4A9gudyphD7R1sRU,buy,0.296296296,1712711.895962,1.729983289650567e-07,166.79874745103592,12422.68949659518
4byrwvm7Qc77wZ7CBMT4RVzW1jmRVU5LyrG7QYxQ76PzJkHeMvyoQF74Wtpepbio7aGvspCteDpvvSj8G4G3hPkx,1785083143,2026-07-26T16:25:43Z,JD8myE7ZbG3najcZRYy34i29ZSzzeo1txwxe1UAP2G3q,buy,0.148148146,861481.122958,1.7196911464677875e-07,165.8064161367716,12348.783523179685
299UyEG9QEnph95xbe4jsVNXsnAWLf9MAdoHP4qBvQK8ySgz3JcGJhQWGWp59YypDX6Y8wDJX3XgQe7F2N54NQvL,1785083144,2026-07-26T16:25:44Z,J3hJBr4CemR7ak3BZg4dMwZbPDNCoLfoVDVwCt67M6ME,sell,0.49468692,2857644.1662610006,1.7311004842399897e-07,166.90646332279584,12430.711863964105
3uW96mFiDZESJuHXL9oMDqAZRU9AVwbHtNVpQ2zDPKJVmRJxGFSQ4gC4iCaXnKfymLJvaM95u83XTBEuYS4ug5aC,1785083144,2026-07-26T16:25:44Z,79U8GwLhPXcnuUpBVeZ1rSEfVoota888W3qJik48BxoD,buy,0.195555555,1125730.629044,1.737143415615074e-07,167.48910096463123,12474.105034621301
4NSBA5BuJ1kNDaPHEsdpMuPqbYSUeJCQd29741i5fxUiNDqe5fFpnK2aiEAo3MwhzaLFKzLpg4Wx4kmvYQuxJ7wV,1785083144,2026-07-26T16:25:44Z,EqmGx8P4sxfeD3fQRakm6FNY3KN6vco74wuwK2zSk5gc,buy,0.019733333,113269.915048,1.7421513021915548e-07,167.97194332116206,12510.065740337917
5sUYFvsomGpysXasw2A4G6Vivs1sqRmxTzuBM7o1nvZe7t48Ctnj5z8os2q8mWnsTu7YMEVTZrUE32okuHqpChyP,1785083144,2026-07-26T16:25:44Z,9RjpkA83GJGdxwPMPyhbyUhH13w4EzLDCVkD6wXFstsW,sell,0.141131502,813025.322972,1.7358807654858305e-07,167.36736079448818,12465.038177968832
XaNmLTWr4emdyE5RTzgEJPWc55vPLiV9B57S3dzZnpVMtDUCKaXs7P5aGtMMHb9EKti5dcjwvmGrPE8NSkBLGCt,1785083144,2026-07-26T16:25:44Z,6hQSw5JDEjVvqFes2vwGnYFq9b44Yjq9wxeNVBYJpHSb,buy,9.876e-06,56.780252,1.7393371202368036e-07,167.7006100499334,12489.857621091945
2PsH6gq75VqakcJstaQuoL9jNezGaoEbHmr2SsQgMJ2xkpypafyRozV7XavveFcydA6CUzuvNCvptkf5PbgzsDr,1785083145,2026-07-26T16:25:45Z,98FhduSDgonNFyLThRwm3sqvkVQQTvpFaPKRD4wVzpvk,buy,0.197530863,1083351.60409,1.8233310612570986e-07,175.79900281446194,13093.002550371128
2a9pr2c9RUWx68NTFDmSikZxod1EMdg4M6Gueym31ymVWKbyCR3iFXVs4KNh8zELinkQjMzMcTKa9SFKEZ3zqeza,1785083145,2026-07-26T16:25:45Z,Aqiah4X4siGfz44YphXN7WC1z4XYqorh62MerNTb48nP,sell,0.188800387,1074994.2196969998,1.7562921133958812e-07,169.3353493210545,12611.608285790368
3QeHFUbszUZUbNP8GETYuh9Ci6k6ZkvPDzBKoofx5B884t3eAcG9fXDzCPwo3mr7MhfynG4ysKz2W4d3MtSz9Mgj,1785083145,2026-07-26T16:25:45Z,CsyWmiekRbsiUhStj1pDZCBN8YDgRvFzq1f2u78nPC2L,buy,0.977777777,5612102.897865,1.7422663033708343e-07,167.98303131997338,12510.891542500562
5MBBkckbNBupkWGomv1Hmab2QN8X4njYQHmLKSPbdWKFNphTNY2o9yf2piEHKY4WqvUc2H6rz39WHspHbEKTWwNA,1785083145,2026-07-26T16:25:45Z,Aqiah4X4siGfz44YphXN7WC1z4XYqorh62MerNTb48nP,sell,0.041739271,236592.2969320002,1.7641855437075546e-07,170.09640539422912,12668.289546477423
5VprGnAHjdCVhtJvXHgrsgXebgZbzkStALnnLFxqur48cwC1FF1cG9GdjX5ZYRU3xrZfE9hMfkFGBzGZMvWcnSNp,1785083145,2026-07-26T16:25:45Z,SQHK48QT8SY1vYN44iXji7wQ6CJek8AjfX6mBp47TZq,buy,1.417224692,7939857.439378,1.7849497964172816e-07,172.09841972839,12817.393798284314
qV2o15uj1k9trr3HVWEsEa9dG6JWChxZFg2qMwCgFzYMANbxDsNy9P4ms9vugBF43Vr4DYaBehvcLERrHDpBmiC,1785083145,2026-07-26T16:25:45Z,5aadmi8jRy84baPoBFqh1j2w5pQRACK3GnmnQp8a12z7,sell,0.053449913,303355.250939,1.7619577322150242e-07,169.88160784749317,12652.292044886384
4apRDYwvp6iDphSPnspgkpHwNdMWi9Wrproh2hghuaapvor7Ri6uWKwgFqiKonnciXFEZDWZobHqUwmjDediD37t,1785083146,2026-07-26T16:25:46Z,5eCQyHwCQvMvdBcNzfPqHnVGKnuT9zWYEBf2izX1gCUs,buy,1.49207632,7528789.526884,1.9818276426403667e-07,191.0806713763243,14231.137137320733
4qV4J2zV6s5HBaGqobaPMNzJrN4ZUGsp4nCDSFbKkuYyoc5zUo4mnLfHN6gVa9L3VcewvZ7fweboao8zDJVPF37P,1785083146,2026-07-26T16:25:46Z,31iRQFxAApGY6LAXm16QDXmPFHSeY2mP4dW96P22iTBV,buy,0.977777777,5281462.129943,1.8513391802177943e-07,178.49944459852523,13294.123663687027
5fDjFEsCmaMwPGBN4q8YhBNde5LLJegjtfnKaBYFQ6HZEYqACL2y3nbFY9nh11UFDQKxS8WUi5G27kQ79teFx93Z,1785083146,2026-07-26T16:25:46Z,9oZYF8GZYAEzg9SXZHJ2RL9jLAAf5KyPL4gvcKwGgn23,sell,0.462265467,2302554.921496,2.0076197213991318e-07,193.56745055902348,14416.345276502578
oZ5KvMF1na6u7MmAdreWFqxZkTcAKfCUqYE3X78D7SVRkxyCYFyqdzPfz9z4o3Mzcx66hsQUxduFj4RenRJSevP,1785083146,2026-07-26T16:25:46Z,JNRocsoxuUaHVb6X2ZPEtW4QcRQ7yzeDKtyZ6EqLaMk,buy,1.441257014,7546952.059342,1.909720643071979e-07,184.12837462154533,13713.350132366404
2PoM132ccAUBpSZynZ37xgacaJk3tSzuJjfZwACS66JGux1rLzCXiU27Tj9ybMLcWBVZ2XFRMzDV9ze981SrdezM,1785083147,2026-07-26T16:25:47Z,9ERrNvQtSfNEqMKBw1V3zHWMZUPNM5DxH4q5UNnZKz2c,buy,0.098765431,468393.0971,2.1086013353205755e-07,203.30373345750343,15141.475537653558
2frYjEbBgxpCk2ZxfQbW8tcUVY9hPyx4z7AXg3G2Eeem3v1RX5nWUdEoPmShEw1rpNDQWj61TznaKCzknRkq2gR,1785083147,2026-07-26T16:25:47Z,7WrdEx9stVV5wMdYeV8saCDremofiHF7M7eqQerNNf94,buy,0.88,4233734.156213,2.078543355653545e-07,200.40565149950828,14925.634754374134
3LqUGagjJ2DEDA7TZXEodoWK5tGQuHCa8BmmiCUmdNmVMSGPyFdN8Yt6cfLi69nBBNTpFdCuRRW7JznRKZFHvtyb,1785083147,2026-07-26T16:25:47Z,FdVruyvfjeKM2AtgzeSoohrHT6dxoUJ5QEYwwWfPxCEg,buy,1.711111111,8501107.066937,2.0128097405747928e-07,194.06785348367947,14453.613842671002
3aBEJTeLPQ5Bsq4W2Cph38EDQRZmzwaV2GV651FWvc6Uw8c4KYAtPtvyiC7vWHJME3Vd8K4BohRML4pt1J2uB7GV,1785083147,2026-07-26T16:25:47Z,5UqokWafd7zWSD1pc3zUyERz6gzEqvk53yDcYmpXFt5S,buy,0.098765431,469518.14054,2.1035487763349968e-07,202.816583948454,15105.19404764347
3rpWCKWs4ruENRAoYnjcgUMTTcRsAVUjFHYLpj3C2P5zsc5k2ndPHudD6JiThx4GnVzmA9xHSHGQ7vhUVzfoy4P7,1785083147,2026-07-26T16:25:47Z,J3hJBr4CemR7ak3BZg4dMwZbPDNCoLfoVDVwCt67M6ME,sell,0.393864777,1874614.5730670001,2.1010440367782363e-07,202.5750859968506,15087.20797692844
5W3c7EchHqUn8NgXGMBRf1sw1cq1cNmrmXcrHH57yPcXWZ3tXS7SD55q4hEkfsUxNEVQwwPUq2apRFHWy3V5a1WF,1785083147,2026-07-26T16:25:47Z,2DfZvY9U9mt3T6EFDzfXb7jWm83N6y2LUh45TWYJEe7d,buy,0.004888888,23776.577194,2.0561782127469998e-07,198.24928510817242,14765.034806653768
5sUMmUXu6RpdU5KPXbsNy3P95nmij6kQ7YKAWkKzMd141n4xgtTXHq2guLpd7Ry7bGfpN393rHQyk3iusdjY21HB,1785083147,2026-07-26T16:25:47Z,J3hJBr4CemR7ak3BZg4dMwZbPDNCoLfoVDVwCt67M6ME,sell,0.51636519,2603631.351482,1.983250008516307e-07,191.2178107625503,14241.350883160398
2P5ipmrmTBW5Pr1atA1phV8fbu4u9fwmCjfir6auLmfCNeSDJNyjh9MJcSF8ruYpnKQYouN8A4gnh45FAqYBjMct,1785083148,2026-07-26T16:25:48Z,9oZYF8GZYAEzg9SXZHJ2RL9jLAAf5KyPL4gvcKwGgn23,sell,0.479794803,2302554.921496,2.0837496579159598e-07,200.90762438064385,14963.020246371841
3WmHzZbhnjHxbimdxQBWQJBu8kg5Urzze9BRvthSCRAz6M36T4HuoCDDxxrCCMxSaHGKQ85eV6rrtSgSSEfEACDB,1785083148,2026-07-26T16:25:48Z,5KCbUBm486ddoUFHif4FJEfXHHvJY5AkJfD51z4ZfcBL,sell,0.058832235,284133.181884,2.0705865682389322e-07,199.63848676304448,14868.498538068765
4NuGvbjiicoFwNCnW6XPyDFEuiem6Jsm5DQePLCSuufjTgeFoCbNmVyCdLQ3FfCEJNwcCNaVZCBEEpYY1UR3n4y2,1785083148,2026-07-26T16:25:48Z,CPufBBeZG1cWP26Jupo96Exjb4XwzzsKedxH1KoHx7a5,buy,0.009876542,47670.64557,2.0718288753814332e-07,199.7582655357981,14877.41931550229
54rtroLfFK7f7Ax6JToeDFi7HfyE7u1GXBDTkqyN6h5ywAp6syptoDLstPqaPiky16shmz7biWJB9p5a4sKrYLUM,1785083148,2026-07-26T16:25:48Z,J9RY5ZyiK5C1q8Fgs1RJitbKu39ZJp67NG2r5NnxGrA,buy,0.097777777,467054.61958,2.0934976960066663e-07,201.84749504492248,15033.019101925116
2jbJhuHoiuY48949VttBap4AdMasMozJ3PjMmrsDSe8FP72h6s4SDqaGGcdpcXVjRwjq4v4EnRmfpXJaKWby5W2V,1785083149,2026-07-26T16:25:49Z,6gFqpfzzjtNYCWtJ6xxoYTJR1P7NiZPfx8z93Sxh3oUh,buy,0.488888888,2340294.326218,2.0890059960537617e-07,201.4144215403676,15000.765036720779
2sVLDNwAHYVxvSVaVASDDAxNLbU5pchQw6DtNzCnSANkoU6Cn8m2Hzgamv2DxizW8SCJU6HX4JWkfe1uDCam75Zp,1785083149,2026-07-26T16:25:49Z,5XLgwbdpRv99TPc45FeNiRWqPgwDfuvJ5fAwFHcKLnoq,buy,0.097777777,459674.84789,2.1271073988237483e-07,205.08802133533723,15274.364151132953
3CYJnCc8rHN7FHfcNyr424rdmFdFDWYTmZqKwkeRAUF7KPF19tsJYxB1Y2Nm73gk2UWraaWD7TgRFjiJVriCqCLe,1785083149,2026-07-26T16:25:49Z,EQcBffX5pXLTKZc3z9N684H29vZs9rfpUYxuDhRzexKf,buy,0.098765431,469412.759197,2.1040210148729848e-07,202.86211548457098,15108.585105095206
3FPofq5a2K8vb6zmFiFZnCAxMGS4B3c7bbbrpazQnxz46YeY1VmraEnYDqLCNLVm9yNoofchBMDADByivuWyntjx,1785083149,2026-07-26T16:25:49Z,J9R7WdUjPYYj5NhortVQJfunPQGXpVhFXotzVJbZsxRd,buy,0.098765431,476189.053222,2.0740802488367033e-07,199.97533484197587,14893.586011182539
4XdwphYVYF6mC4ovJs4x3jGFKfjgc4XR2K6YdKZ5gZ1GT4K13aBwzUqreH1AMC7C13XGdtthjfX38DK6wHqMAP6n,1785083149,2026-07-26T16:25:49Z,4LmQ98faZpeZrHizD4chtAtFPw28BHP6uToC5FQR1gcU,buy,0.097777777,463610.768621,2.1090488750043022e-07,203.3468836191997,15144.689237208693
5Qx5VyMLZz8FefUop7tS4KWwkAmdUV47tTZS1tJuMX16B8aynHK6GPHqcTnUM6Bj7Wmzg932FqD6izgv3TSapRzy,1785083149,2026-07-26T16:25:49Z,EjjoeDidxi9xYRcyatxC6zUqYSDDN8zQ9Bq2D3nqgRSZ,buy,0.009777777,46300.598898,2.1118035690079078e-07,203.6124812767962,15164.470184498558
5zKV2AzxUfPMGoVib6ZZrTuAc6AtkmThkUAek5X1U687KTEy1NkujSvnGN1bMDBHHPXL1tV5csY6cm7WxJzXmxrG,1785083149,2026-07-26T16:25:49Z,AXAJSuxtNDis9u3dCTaMMquiyFrcxAfbcMWdwh8GEPgN,buy,0.244444444,1153956.770697,2.118315436135042e-07,204.240332012044,15211.230695913562
JibuaVPJbE9txcoF7Xsfa7L6b5Zzxopit659Hh1aqMYaHqSdwTXt6pmeEKxP48HE3RiZ3ocJhw7eVs5gtpW1F8E,1785083149,2026-07-26T16:25:49Z,EyZCZL5qm5yiL5NJyrZVWPp1hKcbvB9bBrmu8z8PCYDL,buy,0.048888888,236140.043787,2.0703345021862586e-07,199.6141834636355,14866.688498443682
4ocXafS8gdjnnVr4sgqKyA8LcJqydUa7bF6GTkSiLzVAeKTRatntk1hxEGyVGPNhJ1sjHKpdHGfegWRPTeJntXPh,1785083150,2026-07-26T16:25:50Z,9oZYF8GZYAEzg9SXZHJ2RL9jLAAf5KyPL4gvcKwGgn23,sell,0.48747023,2302554.921496,2.1170840506305238e-07,204.1216062642222,15202.388344738987
2m82VHVtrF98s9GQiNputJekjnvzYc3JNkCofUMVGRxiVQnWrWVsjddudvMNmke1RS8cJuZmjNUdP6SW4VxcEsNj,1785083151,2026-07-26T16:25:51Z,BJhKQNuN3Tpi5EkJ6rV5gdG5Kf1rDNWfkx4jinNmj2T1,buy,0.097777777,462096.862733,2.115958468571038e-07,204.01308170285867,15194.30574850145
2v1F5uibnfW2gRZznsdbYvE8L6Fots63daK9rEdXaDaCxHWqko4Yp7wgM3ipC5jxVBC1BMkYveXd6kXsbVHpHybB,1785083151,2026-07-26T16:25:51Z,1nWYcNbizMn34vsUjBSH85QZfoLaZpQuXiGZPjKJMFG,buy,0.000977777,4682.398434,2.0881969225432218e-07,201.33641359141157,14994.955229735078
5x6ripew75Fee6uMgaSb78tJNHoGukgHSNDFSizf7tbiHt6NLTug6tcWXyqZzQN9n5Nc15zpTadp1dy73y2WXey6,1785083151,2026-07-26T16:25:51Z,J3hJBr4CemR7ak3BZg4dMwZbPDNCoLfoVDVwCt67M6ME,sell,0.322252116,1537183.9499149993,2.0963796559144358e-07,202.12536322185568,15053.71392209479
zaJGscJrV8ywhdg2KwNQAa3kFGG9VsWLVd3KP2uMBpRk7dRSN9YvjwooyJ8Hko2L3QtCTPE3nj47mbyvngouUhF,1785083151,2026-07-26T16:25:51Z,9HqLLaZFQAwycWXRXNkYPZh9ihWMoD82w2ZjJ7bshwJ6,buy,0.493827159,2350662.884299,2.1007995757216632e-07,202.55151594372876,15085.452547371411
2GdBh5tDTsUiExHm1qhP4pw9PWd4XajYdfyZDL85BnFqkErfBeSfSYwMVHhuk6njTLjrdkpADhqoLMpmkzdMpLsk,1785083152,2026-07-26T16:25:52Z,FAoLSqAkBJyKYwzdBHdTBeXymvXPPcTczKozhZbGtxB4,buy,0.098765431,516166.205406,1.9134424138115402e-07,184.48721432905725,13740.075478531118
2j2DnmN1StEPStzeuEx5PrjgPCKcnZgy48nuMyyZqaiBggzMsDC2XyyaVF6EioWq67e6DX6v3ArKTHSjBNz5DxKq,1785083152,2026-07-26T16:25:52Z,JNRocsoxuUaHVb6X2ZPEtW4QcRQ7yzeDKtyZ6EqLaMk,sell,1.510047654,7546952.059342,2.0008708709508584e-07,192.9167507469266,14367.883031763327
2kKZgnKXurBRnBb8wYgoLztvgESC19MK1VN7m2b1arnc8unhRj5PCN6TjFezgWex1YEdczb1Q6L1zEfkBApvJdwj,1785083152,2026-07-26T16:25:52Z,ZhqQU3djMKYk5GpjK8eYLn6Uu1Eo7Muo7xknGwf2gB2,sell,0.001459977,6891.794359000001,2.1184279796355425e-07,204.25118305033413,15212.038849940218
2zan7Phjuq71HfxjXNB9p7LqKmExGySPsTeM8U3MkPxryXhrKTbJikY11MZuKChcwwX5dTrz7PwUbBwzGv2Zu1aF,1785083152,2026-07-26T16:25:52Z,FT9AgC7PG29RVxp2KRiMYkP8tMCP62ed4S89B5e9d5jC,buy,0.097777777,509727.226486,1.9182372829889543e-07,184.94951831648237,13774.506545769833
38TmppyKjRLSnVptPoA1hN7em4Ckziz4oaVoAzpgWfgZHexhAWWykC87am59TvywBRvyZwo67uqoErKZPNyhj1Mk,1785083152,2026-07-26T16:25:52Z,DEMHeTJ53B617pjwzvBMyFKofwbket5PweDF4A85jf6a,buy,0.092684341,471468.561097,1.9658647181976383e-07,189.5415837917035,14116.510334278213
3C9i95yeR5MXG9RBKknj5JdX3dhQDHHAf3HY5C4MuXRbF7m4b4b5tce6xTfXD95LADnLMpg9it63Xkccgypwgo22,1785083152,2026-07-26T16:25:52Z,4LmQ98faZpeZrHizD4chtAtFPw28BHP6uToC5FQR1gcU,buy,0.195555555,991439.7264050001,1.9724401775697675e-07,190.17556586178918,14163.727489823072
3GiCQGRUSgSs1QdpuDhbSGwKnYbjiujywi73kA3BvsdxvBf4MQZdBW3kmswfk2dZHvuJiVJjcZMXUNqpGEHTLWGw,1785083152,2026-07-26T16:25:52Z,EqmGx8P4sxfeD3fQRakm6FNY3KN6vco74wuwK2zSk5gc,sell,0.011145085,56634.957524,1.9678808790978763e-07,189.73597475191178,14130.988012177571
3cfSAXmrwaoDWhC9SAr7Pw2juMdJza57VU78dQ2atBzMbxDt4efcunxUW4xycK96zchhWs9azUQuXxT5FRZPgaJD,1785083152,2026-07-26T16:25:52Z,2QQYeSvojiMxPdtvmYDGHkpQqsqJUkvFL8CvVMK66x5o,sell,0.544137266,2770837.284686,1.963800866284587e-07,189.34259463609672,14101.690196051346
4WrPreysL2CzzN7M3eJE5qwFkMCne3zK11ubA8RevkgE5AuTEJCkh5geHqkfgmoazKn3MhEgp2YpLUGpUrLtkm6u,1785083152,2026-07-26T16:25:52Z,5eCQyHwCQvMvdBcNzfPqHnVGKnuT9zWYEBf2izX1gCUs,sell,1.564672907,7528789.526884,2.0782529534300632e-07,200.3776519648171,14923.549429808852
4ro9b67757FvDwThRsGWXurBVuWRrhZ1SZkYRhSnsdtepDsYo98XJGK5vvdJDUpeG5kknQRQQZRY3yVFYcPGg7AS,1785083152,2026-07-26T16:25:52Z,9oZYF8GZYAEzg9SXZHJ2RL9jLAAf5KyPL4gvcKwGgn23,sell,0.439761241,2302554.921496,1.9098838290218996e-07,184.14410842210353,13714.521940440041
CQbiyaW22mUwSv5zN3vL5tQtFMo4jEya4qgR32NG3RxTUKVg24Tm2thg9duoqg7cxArfotcAdst3KxT7zYoeNkG,1785083152,2026-07-26T16:25:52Z,AKYENzX6a6r3EH8svE62ZXPyUoBmGAMNzmf1eHmgRzxH,sell,0.80380736,4163465.250805,1.9306210369945685e-07,186.14351520028777,13863.431989000579
2Ck2kx5bZ5bXHSEozTzGMuSKWomhJ1yhuc2ozhKini5MdvmYqwuJ2AjLwdUdvb2qaucDMVcAbdjUexeRcJeVGjvg,1785083153,2026-07-26T16:25:53Z,N1Gv262rmK1Bpnf4c4PRmuzsaYVGohbFiFmZWAqRdN7,sell,0.154506496,815144.509833,1.895449139829869e-07,182.75236776687325,13610.869111603368
2gBfvyd4TkpPfgoWDegX7KJ8kpNZg8bRzikJxz1HdtyhmxTMq1aTtUAut5aLfrDrUMACxkxSSbe2WvLyCCK3MCjy,1785083154,2026-07-26T16:25:54Z,9oZYF8GZYAEzg9SXZHJ2RL9jLAAf5KyPL4gvcKwGgn23,sell,0.431408071,2302554.9214959997,1.8736059972880412e-07,180.64633076745966,13454.017551793328
3CCMSkCisyd7o582vgjDL9N1DP9voaz5atVUkPiKgsJDdPhzHwyhUBf4HzPnW3cgFXpRyjUcR74RSzZdwC3F9Fum,1785083154,2026-07-26T16:25:54Z,9cVAhv6wSJRLXCiMTEXaVssAo8ydwYipFVMJNzg1Cwhi,buy,0.127555971,677308.117038,1.883278345427588e-07,181.57890367971748,13523.47289183007
3WwC6xB12mo8Kd6KGQozzQPaSuHNfbbi4sa8QTSXgWyYaoG8SmjTa4kkH8X6ruF73MEsoBcML8zPQ52AuR1qurEM,1785083154,2026-07-26T16:25:54Z,2ciTxMWCzn3kNoqYYnFT2mzJLX72k1ermzGRcUQ33d4M,buy,0.049382715,261693.456791,1.8870443153433228e-07,181.94200491233673,13550.5156240903
4Cmyxctjuk2CgKKyjdgneKMGf4kyHNUXY41q27havvuL4rBXTutYeqqvX2hpahvtVUsnUduHQ8TKpuk6UFKTu8PL,1785083154,2026-07-26T16:25:54Z,EqmGx8P4sxfeD3fQRakm6FNY3KN6vco74wuwK2zSk5gc,sell,0.010681962,56634.957524,1.8861075326971583e-07,181.85168370926564,13543.788761461787
5dxPUqSbaPnkTozcnHzvyTkuVvfNYcuuFqAYq6vQWcEHu1QfmS36kyh9xtGY7WMykxqESbCs9XPowwHWrpREQVin,1785083154,2026-07-26T16:25:54Z,J3hJBr4CemR7ak3BZg4dMwZbPDNCoLfoVDVwCt67M6ME,sell,0.237721112,1260490.8389300006,1.8859408149431342e-07,181.83560938489765,13542.591592157205
5seoGGZbLtRUg1FyQU9wnSt8rWo9UU6a47wjtT41E7SMEtKWECu9KXT8KoajeQSxjotyoDiTz3kTrWzKn2yVPqFr,1785083154,2026-07-26T16:25:54Z,5XLgwbdpRv99TPc45FeNiRWqPgwDfuvJ5fAwFHcKLnoq,sell,0.086701133,459674.84789,1.8861404620673862e-07,181.8548586403423,13544.025221168715
53djLPdMbgT8fA1ZHDC96HdkXawkRXdejFdLmQLeHs8uChbndLRMH24DQQ4aFNhf5Gerr71PMUkgaMxMen8iBZZ4,1785083155,2026-07-26T16:25:55Z,Ats5PuDtcjGcGqbX6fLGcFniRsFhd4dd8jojAyufC2os,sell,0.098429082,534947.932733,1.839974995269817e-07,177.40375088491285,13212.519556968098
P2H1YQd5W7vBtSDHkerP3ydVDcyoiiwubjRWpD2uv5BWc2ZAPXApQQkseHt3Fdg7yCiy3B6m7drACd481YBpQTD,1785083155,2026-07-26T16:25:55Z,9HqLLaZFQAwycWXRXNkYPZh9ihWMoD82w2ZjJ7bshwJ6,sell,0.435518796,2350662.884299,1.8527488518621747e-07,178.63536005274176,13304.246254601663
eUZzkVC8RbuyFqDKYCimCnwxdW5kmaHdbuLXfYoiF5QtHPYUuQ4nRJCvt6NVGrJz97W2N5KWdAcbgGiW9zDsQ5s,1785083155,2026-07-26T16:25:55Z,EyZCZL5qm5yiL5NJyrZVWPp1hKcbvB9bBrmu8z8PCYDL,buy,0.048888888,265875.126232,1.838791341366023e-07,177.2896272458295,13204.019957575303
4x7XMkEDKCJGYuf9XGcFtJmUYoz9H2nqTqhCV9tDAapcju6w7GmKb1pdEJVMo49C49SndtmXTBJ8JmMosHjQyVag,1785083156,2026-07-26T16:25:56Z,Fn8WJ5afkGJp424indxe9jqNZDjbUDPsMcCm3tP8HEeP,sell,0.099537937,541679.353209,1.8375804137691506e-07,177.172873975656,13195.324510845383
21kDWZnjw83ZfyA873Y4wNJ7p4MJoMht48gqN8c6Q9NmCvRuLA3GgmtY68CaAAeXCT6pM9hePvm3YEMUUYFQaswh,1785083157,2026-07-26T16:25:57Z,EsyZLvAWJpsmxDY4kmnnjABALEjbBetAvbYSbjdFJ4q8,sell,0.447436935,2464508.999176,1.8155216116053907e-07,175.04604385354045,13036.924339244557
2BfC2T9RRwXY2K4W29NYjoC9N6aSkBtNHSH9d3hQevbVabGyAcU4jNP6zrB5BMeEkWGEqtymPU8anQqaHjN4jrpa,1785083157,2026-07-26T16:25:57Z,6hQSw5JDEjVvqFes2vwGnYFq9b44Yjq9wxeNVBYJpHSb,sell,1.0137e-05,56.780252,1.785303805978177e-07,172.1325520530756,12819.935875355312
3HAjNZaoD81PgVdn2FcYbyYNLBNr7jHLPJMdLQbddiseZcFNvkF5MUEFANPTdEFWaN1bkPTHRfgAWbHRmpERmYZf,1785083157,2026-07-26T16:25:57Z,J3hJBr4CemR7ak3BZg4dMwZbPDNCoLfoVDVwCt67M6ME,sell,0.189220131,1033602.487923,1.830685715358846e-07,176.5081120292422,13145.814958911398
3dQkedvtNydUscXPpS7w9NFFQviknqXp3fB8rhN3AdirJG3dHpfNcDHzfyXXkQZAcveZZKuquCpdXyA41ubtwwCP,1785083157,2026-07-26T16:25:57Z,9oZYF8GZYAEzg9SXZHJ2RL9jLAAf5KyPL4gvcKwGgn23,sell,0.41334061,2302554.921496,1.7951389829670042e-07,173.08082433553622,12890.560459192151
3nc5y8NNMKP3YiUw3Ptjxr7cy8ryXFVjM3sZiRs1b4np3w7n9W7piAfCYnRnpeJSxf48KbwewJDNEjJwp77Mrx8D,1785083158,2026-07-26T16:25:58Z,CnVuvZ6VGMdMi33gN6rNESChWRYLcRE3aH6wFop76VK6,buy,0.024857696,139493.956016,1.7819908983833545e-07,171.8131334549058,12796.146499684692
VwzULLTow9J5R8oXfhXKYKByNpZtAbjweZBLYgxQAnxjrYj8bMhZkDFGpB4e4WQqqdHf66xfRSZhNtAjnVJV1Hv,1785083158,2026-07-26T16:25:58Z,J9R7WdUjPYYj5NhortVQJfunPQGXpVhFXotzVJbZsxRd,sell,0.084923742,476189.053222,1.7834039112278464e-07,171.94937105558287,12806.29308313832
2qp9BsB6mN76be4ackjL8xBJtuC8F7EML83LdTNyXsAsuzXwEvNVTaVkyqgb5P2TcSWWzByu3JkQ4mD871rjyRCc,1785083159,2026-07-26T16:25:59Z,8RCLhQfcQ9pmuDfxW1r2WgrEchPTTH7d6JFdqTAouW6q,buy,0.048888888,258315.149551,1.8926063022233895e-07,182.4782716210872,13590.455221431243
5Chsny1ky1rTaozSVwRKkPrJBhBreKtQhYjaEkesrsSNz3uMWTbEmKkEhEkEBnUJuB7XbYzsV5DLPMPXmqVJbdqy,1785083159,2026-07-26T16:25:59Z,HL6yX8pZRxa9nyVXTbPytajBa1eSdswmAdn7oYNjDVjF,buy,0.303111111,1693633.738422,1.7897087435351636e-07,172.5572602404326,12851.566915868649
AQM1AULi13zA4zZdfGpQuYzvai1Xdv3gNhHJnkEJdLJv1EdkFkNHa7gLV15fDmBn1HcNR2F64eCrvndTMzzetSz,1785083159,2026-07-26T16:25:59Z,2CRdWmdefARgG5XXjhwwLKjaEC8hFbZYTFohtigmmHMd,buy,1.975308641,10714760.882025,1.8435396391474893e-07,177.74744098727498,13238.11660424779
HKWV3zkePXcCJTUwdcsQYv29Ma2GbmPrtKKYT2PgANQLhUqmJzKKrZaxzpY7xfmoooed8v8JyxMU4xjzb5Ve3Mw,1785083159,2026-07-26T16:25:59Z,J3hJBr4CemR7ak3BZg4dMwZbPDNCoLfoVDVwCt67M6ME,sell,0.160179823,847554.0400969996,1.8899069017672073e-07,182.2180051678483,13571.071326861434
2Phwg8Y6M59D3JJh3yk2Yk6iR7wKQLU2BwhpWPS6ddoGF2RGsziVF9HPVvaYEtEx3tQzrUKi1Qa6m2N2EkK4CUSr,1785083160,2026-07-26T16:26:00Z,A7UQbWX8GZkNBRQW9AmMgwa5dbdvt53mmmq9c1bgqVmU,buy,0.001955555,10329.449924,1.8931840653550756e-07,182.53397745782283,13594.60403144025
2QLkx1sUvmXoj26tTqdwdpeEKf1PrU24J2v6r1GuDy9p8oYkZtg8ZwJKWmnkyCUceJ5LGroJv49Dk34gVikMJVY4,1785083160,2026-07-26T16:26:00Z,JDMFX2Ecv2xKr7dkzPpbDmrJzfe28LckopGB1Y7LpVm8,buy,0.146666666,776186.665336,1.8895798208090849e-07,182.18646920189053,13568.722619098005
3m1xb7ShaUxUNfK5tEqGbo9m4vo8VcCFKiXsMCfo1SrhsSkNmiUDYQ3HU98uaQdUTMFVGokgnsuz7SjqaXn4x6R4,1785083160,2026-07-26T16:26:00Z,7gsLLbtfS59f4zciTumcYrGbfYCWHmm2hdUYqkuJ95Mf,buy,0.196543209,1045554.710144,1.8797984179415241e-07,181.24338162619918,13498.484177263485
3zDprMDbGAFr7SovXcL9gsmtnsERL8GAjnQr3wdLiT9SmKHwUHmZNgqQJAgcENxXUfrVSAEp3zYRfGDTJDm2PLuH,1785083160,2026-07-26T16:26:00Z,FT9AgC7PG29RVxp2KRiMYkP8tMCP62ed4S89B5e9d5jC,sell,0.086756326,458754.503837,1.8911275044577084e-07,182.3356912756442,13579.836248646236
4LffCbJ6hmEoKQbqm9h7CFVLb1dPeJgo3faARNWUCvZWSxZWpuh7WARFz6EEccXjUwdbrwEKr5mCK8AGGqrSTb3K,1785083160,2026-07-26T16:26:00Z,FT9AgC7PG29RVxp2KRiMYkP8tMCP62ed4S89B5e9d5jC,sell,0.0096049,50972.722649,1.8843215549107874e-07,181.67948617445467,13530.963985858098
5Ct3pVHQ5cKFEMQrjV2NAwnL4pYpGj3YMePzxVHVjLwoj4gWJ4DEQFdU1dwK5SkmMVpJ6nVJpXPu9re3nbWDipmn,1785083160,2026-07-26T16:26:00Z,DjPpp2Jv7sQMWdAanxXi6ExiFUePdiR9RRNPoJpegnyV,buy,0.097777777,518314.990437,1.8864547389910896e-07,181.88516008749502,13546.281985533125
5EQ53E4DJdvpbSjUJUwvm1CKfMwLjqUCm2jr2uXpYgn1BwpdPJAApNaEcZbgfM3YyyGbgkYHJ5ukXNCXkQAkYNaj,1785083160,2026-07-26T16:26:00Z,9oZYF8GZYAEzg9SXZHJ2RL9jLAAf5KyPL4gvcKwGgn23,sell,0.288898095,1535036.61433,1.8820273881616554e-07,181.45829089327,13514.489999462752
2MriBT8KScNjvRTGMtE3MUD43VYUeniLCnv1ot6BAy1WXo37WcQTVRz4V9h3zh4aYk4cZr9LtTvrkuGX63k9mPtd,1785083162,2026-07-26T16:26:02Z,2xKDETThQeNxPZAtkicq8UABrRQtyRfHTwCs57mTpFFQ,sell,0.397401672,2108375.9196139984,1.8848710436455577e-07,181.73246589584645,13534.909762661126
5tPJk51GR69oWh9nzjEMmdFgcBPhJe53cStisjfweWUq2Tcd59FBCj7EEbGiVM3SUMcMhdz8ARbGKYfac5c3o7RN,1785083162,2026-07-26T16:26:02Z,BbrqKd1Cg6grigK2Y4N4eMLB8BM8RZeKWC1m9TGMJUUM,buy,0.004888888,26068.546972,1.8753972000246551e-07,180.81903207312283,13466.879846796712
5ugi4Ngp6eH39eHy77tY3UiJXpeEfmqJxpP2xTQKsqqqGkSYSSgbMYkB1vGrfcdkSgJE3PYX7aunGVm5xm1N8DoC,1785083162,2026-07-26T16:26:02Z,HeFV34V39uxkxMRyVifL2zS8p2N5QeCTjGechERZRjj7,buy,0.117333333,620264.710322,1.8916654623005776e-07,182.3875592300394,13583.699224250799
36uyqyVDBDS352sMAQQzoo1Gu3LYomphn2ouw9x7pvMN5pKHfg2VuyJEEFbNmnD6RDVijJ8odSy1W4gr2WpeRKUw,1785083163,2026-07-26T16:26:03Z,98FhduSDgonNFyLThRwm3sqvkVQQTvpFaPKRD4wVzpvk,sell,0.201976958,1083351.60409,1.8643712460245794e-07,179.75594936725642,13387.704513852108
4znLtc9aQ6SzmJccQLbqFDhbwQdQZcSLZy8JpWLQN8n941ooCTw1rZW6QpCqUyXkAw4UUqLcGv3mt4BvDVbB3VDs,1785083163,2026-07-26T16:26:03Z,J3hJBr4CemR7ak3BZg4dMwZbPDNCoLfoVDVwCt67M6ME,sell,0.130128939,694994.3128789999,1.872374155997673e-07,180.52756107441056,13445.171927705005
4z4Z9cEW6a5vf3Ex5XnXTL2agGQVh8ZMftsK4V23EdM8e4XK2rWsWbYhjtHMPKJgeJzB4RiGt2VAee6y72ds224o,1785083164,2026-07-26T16:26:04Z,8QNewGMWM2L59efVAoMUHsLBvMsu3qGQwPXFWBxeMP4a,buy,0.491358023,2625720.502789,1.8713264510753792e-07,180.42654514565427,13437.64855276169
2ZT4RLycMf1CbFMmfJ1Zav7eGvTQpsYE9noVLVkth5RNCR844YBeyiQmbUpCeV1pf3TVysWka6St41RX29jM4Voq,1785083165,2026-07-26T16:26:05Z,F5ugfa5tqJ8sUKW9grZ3wQwdMXuTQiKANffcDtwTpuAH,buy,2.281481481,10441527.180848,2.1850074624952626e-07,210.67053658592934,15690.133781468281
3aH4g7gYV2KXnXQsE8tS6cw7BKW1Nqdak1bQTbGGUBFExKSiQ1LAQiF94Ut7o6nNCu4Aw2m3XLAT4zA8ucTBHqPe,1785083165,2026-07-26T16:26:05Z,4UvPYKxeQV8qFZXpgbrLoZGDFgtmYKSR5wvUo9K3fKga,buy,0.106669224,562691.2082520016,1.895697363592504e-07,182.7763006065387,13612.651560455528
4C9ZXwmdL3FzeZUenmy8597SUDes9uZr3SU2B6U7C2dubqHAGynRnyuK5moRmpwxS5VxeembDCVLT7AMCbGo1Gaw,1785083165,2026-07-26T16:26:05Z,xyzfhxfy8NhfeNG3Um3WaUvFXzNuHkrhrZMD8dsStB6,buy,2.281481482,11033736.951415,2.0677323485652027e-07,199.36329319939776,14848.00291538042
qwRL8to8qSCYGW7t5BAQxn8EUXXsGBteubcHKMgNmpYYpKxy64Lhh9Z4EG2QwzMyAuzz2a3id29aefEBe4JT9an,1785083165,2026-07-26T16:26:05Z,2x8MqmXwu5MrdJAtP5JZxTaM9VugmS7eeXgU9CrQW5xF,buy,0.204371985,1082390.2506360002,1.8881543406355828e-07,182.0490295463292,13558.48651006452
w7oWbAYRuasPiZKA8kGBfWo76P54pPeokeYy7v6S1CWMBbrEPvM5DVK7Nh34JwBQ4ya9T8tNn566rhYRXvEYB71,1785083165,2026-07-26T16:26:05Z,5ZUp9q4NRz7BgpL4PVWo1FaX6rhusRK5tNmyv3kcotTL,buy,2.281481481,11677799.517886,1.9536912562213695e-07,188.36786250668774,14029.094959150318
2GfrCUDHfb4B4gb8B8B11us3P7phQ1bwodLA2nRpfpSU2z7Z3SwueX7QY6oHJdEGY1wbCEFRV3irMxxQax3oTsaP,1785083166,2026-07-26T16:26:06Z,J3hJBr4CemR7ak3BZg4dMwZbPDNCoLfoVDVwCt67M6ME,sell,0.127764137,569895.336561,2.2418877433001155e-07,216.15472805163364,16098.580539968796
2dTMNxXhn3fa4vN3AYxTvP8tATt1bkMtQYF7mcuhKr5NMYoTtHU1H1PsG1fhZ2WJK2S9BWVUweYquEByiX9bHevo,1785083166,2026-07-26T16:26:06Z,3JD7zrZVXfGozgaSrnn3GzAcGsHCM5ATazX8EqwJqZWY,buy,4.888888888,16650090.411844,2.9362536581316707e-07,283.1029844651335,21084.693532259018
2xCmQn1dF3xw4BDF7J4zbS94SifM4wdD6W8cqAX5et29vwqYfWjhbYaqncZ7JvJhJuhwojEveVBJnVpMYAHDJY7h,1785083166,2026-07-26T16:26:06Z,6xWDFHkSHHUNF2C3JqcJB72h9kMQ6eKLDRSftvkKyqn6,buy,0.977777777,3144497.122625,3.109488540996849e-07,299.80566688386085,22328.66113165001
3R8qUxfveQ859HTS3fZ5MwzUFxTE64Fpn5o5o9TKQH8ukQA6zCK2WPvKYj9kANRNa2jSf1memNRtxYdh7hcGXwXY,1785083166,2026-07-26T16:26:06Z,DpLyDsrVNTqdSkPjcKB1anHJDsCaMm9worDmavpFyXuR,buy,0.128079621,571300.441253,2.241896062938275e-07,216.15553020112984,16098.640281749076
3iUJdozTvT6quzbY3xGxMNwB13NcuM8VU8i3Ao33owNx1RLAUL7pdZZf7Z5sg6wQfrKtMnSqTFjhk96zHr9paDXp,1785083166,2026-07-26T16:26:06Z,AiZmc96qy4sDHSRmZQYJbRnykikbKGCt25sZQYdZ52Rb,buy,3.17007394,11749297.788126,2.698096513651837e-07,260.1407318044298,19374.531200074685
3jNj5MdkQKmP9quJ8wkZbBRfkEPxPd1XYxgtBAimdSQmDmbhLvbQiF7Cxc6isxc9jSiQTdoLzWVDzWpYEjrbf9hi,1785083166,2026-07-26T16:26:06Z,4CRdPC5wqhQxNBLVAY2YN9NYbgwfGL23dNzmQMixhzLW,buy,0.013863488,49656.872732,2.7918568442321696e-07,269.18076461570246,20047.806763408513
3yy4eh3iBze37VcmEJeyzvwGMa9hntAwAtEvvTttzGHXwteFc79AimABLksjjsdbNJDun5xzkWmsvkvxcvgzWRwt,1785083166,2026-07-26T16:26:06Z,G61u9wqqHF4fkmTCzctwjBTZaivFyis5RGrcSt4xgCyo,sell,0.173895067,554760.741076,3.134595765783957e-07,302.22641491739074,22508.95146134126
63GpFC48EmF7129syCdT4B6KGeWqpcBdHgjdZNmpbFhTGrT33azGBfbAgws9oTupKfEqQHDjxZLn6PTuYrm2Njj4,1785083166,2026-07-26T16:26:06Z,BaiyK1aJeypxRszgWEUvAanVjNhdkDhk1Zbcu49XVeXq,buy,3.159849704,13568973.803777,2.3287315236178275e-07,224.52789203972807,16722.18963726555
Rm58cYBJ1K8WmEx5mAKfCpzVMPrvNvfqSHji3X9qEvRfKrirkgfVUb5tk1w7r2r1n4PTEiKA9mVG6NvgbmQbWb7,1785083166,2026-07-26T16:26:06Z,9fwGq3uqfedVbwuRLr14u43DFVRWiLRYtcW6oFvTfwu3,buy,3.447854134,13737949.681386,2.509729773338456e-07,241.97909028241673,18021.904535760747
Vnqat8cGa3ns6cHtyNmU11k9xiv1qWP5UMq9gPqh5mPX2KkbYA5RhDTDHqkn5yw42SU5u6obx6vCduf2nmeJ9az,1785083166,2026-07-26T16:26:06Z,D4GtdJykHNoEaiUxDMFKapiSsqUzBgx2bZJy4WYzD3ci,sell,0.136028742,441156.987744,3.0834543207765405e-07,297.29554129502407,22141.7142194933
2c6QC2Dt3qG9n7LeS9HAYSprdf8uUPC6FhvopsVLo3wnaQjMXyWJYMV6zgkzHoVqJBdwXBJMvpP1SiaWe2DQVxhh,1785083167,2026-07-26T16:26:07Z,4af4XvX2qNeEZbXoT1uCcbjEjgqY5JkLHn1UwNevqNbi,buy,0.049382715,159090.766615,3.1040591513086536e-07,299.28218471797385,22289.673690178195
3oE1GvRfhKrLF6eVAeWKUQYPBzNbSWZFjPbQ4UwWJWm2K8kA4AsZF5nAY8joAz5YU2pgECJwNUgDUteQH3BitspD,1785083167,2026-07-26T16:26:07Z,4LmQ98faZpeZrHizD4chtAtFPw28BHP6uToC5FQR1gcU,sell,0.457670835,1455050.495026,3.1453948613090703e-07,303.2676247475486,22586.49776560623
4CAjQxKru9TDzk1FcVM7XZCtaNwLXYFd6th5dmNtN6fGdNvSry9ttN5Rp8wus3CFtF2dLAk3uD1pmWYomJGMhZVG,1785083167,2026-07-26T16:26:07Z,6eLZ288gwV5pmLPPdiDupFMr5ueuG3Y3L4WDK1kRmQP,buy,0.049382715,159248.073013,3.100992939234418e-07,298.9865516118847,22267.655789336717
4xUVHU6GCD7CAa8Lbm8xqTn841BZ8ZXgwHdrC2eA4HqWyDyt81hDewenZnjcYYdmqSUeW5n3z6D5fSkVyr7X9TAt,1785083167,2026-07-26T16:26:07Z,EyZCZL5qm5yiL5NJyrZVWPp1hKcbvB9bBrmu8z8PCYDL,sell,0.1569413,502015.170019,3.1262262451961394e-07,301.41945593740223,22448.851484584367
5D5KLHarSzQ7imHBMTATBe5Datg36ihqBVpj2wb3Mqhhjb1PU95kzZYMZ7faMs6EMEdxtVrFvyapzdS7d9nfwPqV,1785083167,2026-07-26T16:26:07Z,2xKDETThQeNxPZAtkicq8UABrRQtyRfHTwCs57mTpFFQ,sell,0.585845255,1897538.327653002,3.087396161976929e-07,297.6755994024111,22170.019850865734
5RfdCwizAvJizQS1w9dvFge24tpB8BiF87ocyyBJdEg4BYDmwraxYk85ea43WQWRvGjy27oW5dvEAgEBWdxEUZ3r,1785083167,2026-07-26T16:26:07Z,7WrdEx9stVV5wMdYeV8saCDremofiHF7M7eqQerNNf94,sell,1.32969783,4233734.156213,3.1407211245152694e-07,302.81699990753685,22552.93652757258
5yHXS7ezJBeW7CzjjtU3phQdCFiJUg5jakFbWfWeKKKKwiVRUF5ueKn8fCdEuZhBZfe7M6Eku5N9qtGWbqriPNx1,1785083167,2026-07-26T16:26:07Z,6xWDFHkSHHUNF2C3JqcJB72h9kMQ6eKLDRSftvkKyqn6,buy,0.977777777,3102296.894478,3.1517865963777245e-07,303.88389278312354,22632.395630965628
VNk7t8mmPsQgnNAwDeFJtSgZ2Gev1hcPqZuJEfvGKPMdwHNg6VDa6s1xB4g2VbtFcPKJw8Pa7fCQ2vbY7mrPufU,1785083167,2026-07-26T16:26:07Z,3pBVyQRZmvue1biZonm8w9DZHPZJPvVZnwQQLY5PzGSe,buy,0.488888888,1554783.985112,3.144416797969414e-07,303.1733234089412,22579.474473965645
2k8Gzfiysh69y4BZnZz6z7GKDxRtuk2eK6ebwjewQsPshLrPSYvMAAuzFzUgEEiTzEGg3KYMUwKT7mV9ezNWUW9x,1785083168,2026-07-26T16:26:08Z,9yHA2HwcsHfjSLZQXPx3eJUQAnbYU3YdbfBuNxkgFQSP,sell,2.212596074,7372902.387254998,3.000983815850803e-07,289.34403274256516,21549.508802568846
3tAUGVEjLdFKECbPwTsWiFf8tR553jGvuPfAvc3TvNeeeG6UvKYgtwzPz4tUe8f2eBWs3S8Zb66M3gX1KmBcmMXW,1785083168,2026-07-26T16:26:08Z,9vEY2iFm98uAALpBkZqzWKQh831C9m999wgttzvBHEcf,buy,0.488888888,1657844.647623,2.9489427052224933e-07,284.3264166067953,21175.811228574337
pvt4aJfi64AJdr3USJFiHr1mBu5bYx7BBRTj3me6w7GMnYGUNNZHV3yBZAYVDAAk1WXcvQpp22Eqe6MGTryaLEi,1785083168,2026-07-26T16:26:08Z,BJhKQNuN3Tpi5EkJ6rV5gdG5Kf1rDNWfkx4jinNmj2T1,buy,0.048888888,164872.14437299996,2.9652606379277623e-07,285.8997328073113,21292.987280179343
2p4Jc8xVss8CLsyVkz44J53CwBXxwrVXsbY4iXNU7a6yuizeAFmQi5LUEBLdZzM9x6HfpqdJU41wB1o2sh4kuC4e,1785083169,2026-07-26T16:26:09Z,8SuAiRmz9gVXMMLXsrjTCfNry7qsAGHXXV4qVstpu9EY,sell,0.979789478,3523997.336816,2.7803354666699573e-07,268.06991495733627,19965.073885649148
2y5Kjr683tz2pDZj11VPpAxVUmj5z385iwbHXMLpDswPchJYe7AR69p45yyzxfoLSsUT49284e5fG9NkTGizx26v,1785083169,2026-07-26T16:26:09Z,AhRrqiGvTGoNnJuwesaviHMfhBzFCdzgSQN9j8Vwbfrn,sell,0.078881062,286904.6344600003,2.749382635399619e-07,265.08555463614584,19742.80733879159
33xCNZevLvir4F8YZGMgkKaAuAcndyWyXuvp7bCcjcep4MuEFr9qaFEiM1k1mVPqVzgaU6WDc1hzN1zNvSwA616H,1785083169,2026-07-26T16:26:09Z,CNZfgxuxUkhUgcUQdYSR7LTWEHbBbpsDe3bWDnpgLVTn,buy,0.048888888,166572.717883,2.9349877111532366e-07,282.98092642468566,21075.603001543303
3N6CrRejEGkDbzWASKEAA152R4A88UL6oTeKE6FJVAjxL1EG5gUCn4QFKqAmzNFixiMqedFC2iCYj3tVRdSxZZsc,1785083169,2026-07-26T16:26:09Z,4CRdPC5wqhQxNBLVAY2YN9NYbgwfGL23dNzmQMixhzLW,sell,0.013612901,49656.872732,2.741393134736723e-07,264.3152358063036,19685.436214710935
3mGTqgZu35jSGWZmaWMED5iVFsJ5Mn9PXhhcegzX3LK1vXYHtTqiuoDJh11PcPHSvWebe4E19zwgPznFPVLjQbmh,1785083169,2026-07-26T16:26:09Z,6xWDFHkSHHUNF2C3JqcJB72h9kMQ6eKLDRSftvkKyqn6,sell,0.84856528,3123397.0085509997,2.7168024995761417e-07,261.9442954808402,19508.855419421485
44ahzgjtzTXpK8p1gbgccQqimbZUrRkNmR5S1DMMJRu7jHaWYNKUqxwKmmymSBLW48rjVQSUQuxURAHAeYYUiJuY,1785083169,2026-07-26T16:26:09Z,3xotZWk2hvQRVwDgkb3XB2nn6kL27zx9hiKwY7m2wzE3,buy,0.244444443,837719.383552,2.9179752528052437e-07,281.34064656736905,20953.439689969604
4F7qu8yicek6x9NZ53KtuzWovxruugBBPT7s3xx4KzmvTnbdjJgFeYxkummbEhzhpmrgVV3Vhe62EddVFHqBQi1B,1785083169,2026-07-26T16:26:09Z,GntwJ8SEg7RXZS5QDZsb3gzeDEtq9DfApgqhpetSJePK,sell,0.878811676,3043108.6270750016,2.887874813869865e-07,278.4384708399019,20737.29401455041
4RZYxbkM9WVmSJG1cgGRVxihFPi5iPzB1bLNFGqP6pPCQtGoiLCnEYfewurcDZZwUwYo6FuL1qQbmPx1AnqET77n,1785083169,2026-07-26T16:26:09Z,AXAJSuxtNDis9u3dCTaMMquiyFrcxAfbcMWdwh8GEPgN,sell,0.33704304,1153956.770697,2.9207596727945283e-07,281.609110297261,20973.43409405543
4UyfZUb2tkpvNDXveSC9LjEvDnSnNg8YZPwrt9PMyXuUto1diZ4Y3YJKbd3m3niyHWXBLvT3WzHFBbBqvwE2aJBG,1785083169,2026-07-26T16:26:09Z,9xNbwMQkTVsmhNU8PNqgDNS1Tniq3GzwHNikknc1vcxk,buy,0.009777777,35668.637315,2.741281342948327e-07,264.3044572453826,19684.633458589637
4d6kTgqUbU68nJRv2M8vMjK7rnnz9MWpvnp8vFb36NuUBWJu3CZEsk8ormCXgzAJppJcE13YXU8t7ZaDSvm3EsaX,1785083169,2026-07-26T16:26:09Z,A1xGP7kvUDSm5DfnbCNrDc7VZNziZnQGph4JBGT3tPHf,sell,0.090547593,329931.8600100004,2.7444331383230295e-07,264.6083419845401,19707.265917256125
4hTfnVPhptgrA8dLhtHcNTjNDxhU7x6YTjBncevAymP3ncVxnNqP1zd88k8xF3qNZWVkFApyLT9LZrp9gpw5rPJj,1785083169,2026-07-26T16:26:09Z,J3hJBr4CemR7ak3BZg4dMwZbPDNCoLfoVDVwCt67M6ME,sell,0.137280833,467314.1759800003,2.937656079277065e-07,283.2382008523957,21094.764058683704
4pzFvoQAdb5C5MVWkKqfwqa1upWdrkiPrrJ81XWgDekzeXTqR7fhztgujiEkJ9QzyvB8C81U8XL72JrB1MN65z9h,1785083169,2026-07-26T16:26:09Z,7fkCpkeUvf9oyn7jvtDB81EjYBYagrNb3usAPsvVcCDd,sell,0.411603641,1393259.731689,2.954249172916433e-07,284.8380470774673,21213.91598997862
5ong1cWW9CR9wGNWVhRaB9Kb4cJ3fKKkwAM7U6KR68MHNZmnv4uwEFkJRHHBcKQwgQqPw16YLnZC3Y5dd4kPV1f6,1785083169,2026-07-26T16:26:09Z,BJhKQNuN3Tpi5EkJ6rV5gdG5Kf1rDNWfkx4jinNmj2T1,sell,0.183064016,626969.007106,2.9198256042192185e-07,281.51905077511003,20966.7267206669
5qVFgbXrnKZbtQ1xeEm5DLYyqw3phH8PuZ2xryBiCDaQcBSkJ6FmzhmMvZi6P7x2kLFPbJDv9buRdhDDE6nQjAXP,1785083169,2026-07-26T16:26:09Z,G6uX88CngTFquet1wjd2VuqqseLKxHcwrptHhx5fArXs,sell,0.088636872,302124.4105179999,2.9337871722456935e-07,282.8651747944575,21066.98215406679
662PNfSNeZjhYsiUpGtg7muichLWNgqbR49Vu2ZzmDm892R9ZbMjcrHrSKb1R3EVq9QHP5x5v9zzr6ze9M4EUvy2,1785083169,2026-07-26T16:26:09Z,A7UQbWX8GZkNBRQW9AmMgwa5dbdvt53mmmq9c1bgqVmU,sell,0.00302728,10328.416979,2.931020316235433e-07,282.5984045200568,21047.113873660343
VhnSGmPJitamzX22vdktMtevA8cUxFCbe93XyJQVrAGQpDh6i2ZXEWF1Jd9XARxgYYss3jNkagka8W8GfHPyzki,1785083169,2026-07-26T16:26:09Z,FQTm2LutmRp4yWKpfFic1Xxgz4oEtYrFsed5xu2TR6Ji,sell,0.88264618,3113000.3976519965,2.835355179092628e-07,273.37471713208527,20360.160247296524
2jvPnFj6nNeykefX7JSAw179Jog11jRpzZViLZBNtxXKTqqySxGUubM5LKVZMbHuRvjaGfaG4kTC4QADwkpHNxSx,1785083170,2026-07-26T16:26:10Z,5veTCy9eDaL66LqABfpywN6jr1s7zaXP4uit8sMRAaHA,buy,0.000987654,3583.685778,2.7559726526894173e-07,265.7209403281319,19790.129032046145
31joJyPMcSgU7qVJXP9fLxuoJFSh1vrXHwa8YKXbV43PW18Q38Nw4i5kQzeH1bW3VrVyYggJv7UX6RQxymscT5qW,1785083170,2026-07-26T16:26:10Z,omegoMAe1AMY5MFKQQr3JwXVy8F4eCvmBAfcpo8XAfq,buy,1.094516348,4018173.054558,2.723915404187083e-07,262.6300960818872,19559.93186965614
3AsMXeaGMf9AmVV7xhchwDxDRzqacAbzG57fFApuKfVShgdCFZbKgBjFiZgXqkjxfN94LvLsAgFehsDzyLQvW1gy,1785083170,2026-07-26T16:26:10Z,GvLED9AJquasBJ9Jb4zFsrpkib8pkRBHdeUK7hTtMhGj,buy,0.097777777,368347.423439,2.6544987361963303e-07,255.93719139179586,19061.463637334928
3uvnwB1xpuKReLSR3w6Em4WVmPmL1EkGhZAKMcXfQj8jCT6HaaNZ4BjnHYLrofU9KxEqQZtovP37mXrgkjj6fES3,1785083170,2026-07-26T16:26:10Z,FQTm2LutmRp4yWKpfFic1Xxgz4oEtYrFsed5xu2TR6Ji,sell,0.765869775,2801700.3578860015,2.7335891678933157e-07,263.56280547797786,19629.397374614997
3xc7hJUr9NAJ2eBFRvR2UNDCMTRGzvz7VoyZsucLugZQFH17kSbP8C5Rm2VZoh3M92DkkTR6SqbuvBY6MSguEHkU,1785083170,2026-07-26T16:26:10Z,GntwJ8SEg7RXZS5QDZsb3gzeDEtq9DfApgqhpetSJePK,sell,0.736731146,2738797.7643679976,2.689980091209865e-07,259.3581756345503,19316.24867421273
4CKfyUjrW17DYZt5tUYDVRSg3eiWuBHrTkfzo1joxao8HsyJYrkzkyT19nxTgeP6JCmYt6yiL8QKwKV4aA4ebgFc,1785083170,2026-07-26T16:26:10Z,HZha12tyuyqTiHcyyLFjbM6WwnD1V9PQoMtqWbWMB88M,buy,0.493827159,1848503.84294,2.6714965234509876e-07,257.5760567152226,19183.52159850543
4JbjLSo427qiVtaPKpAQoj4MtYpXgtiwe1nVftwtSb9MjwJETwCW7uMDZd916hHDBFBGuBaP8CY3xsZ1XNFmERg7,1785083170,2026-07-26T16:26:10Z,AhRrqiGvTGoNnJuwesaviHMfhBzFCdzgSQN9j8Vwbfrn,sell,0.068742593,258214.17101399973,2.662231616880274e-07,256.68276784908676,19116.992020889575
53noVZmfoasfu1YDNWxVSsXUhDiyrMdx4TYYA4FEj8iob2htLA37cAedVriV4cXY8tLY4VhXDgYhwm48Pt1Kpfiu,1785083170,2026-07-26T16:26:10Z,CsyWmiekRbsiUhStj1pDZCBN8YDgRvFzq1f2u78nPC2L,sell,0.149055796,561210.2897859998,2.6559704751108145e-07,256.079091148273,19072.03192181725
5FHouCzERqSUjnAEnyTeNXsySC7e4gY4FiVyTvet8fB7qJ4feTrPva6c3dH1NgSwb4WpETpnRTUbQp3YFLr8v28s,1785083170,2026-07-26T16:26:10Z,A1xGP7kvUDSm5DfnbCNrDc7VZNziZnQGph4JBGT3tPHf,sell,0.079178316,296938.67400899995,2.666487154771903e-07,257.09307145970575,19147.5502500846
2CGPjv7Mo4cikaURWt5KgkB3wnXaeyRWjLEGPJvkk1LbyzDvTgXRByH16A5Y2fLvFHPEFEVxSSQmzHwSaY4MPcBG,1785083171,2026-07-26T16:26:11Z,AhRrqiGvTGoNnJuwesaviHMfhBzFCdzgSQN9j8Vwbfrn,sell,0.063889383,232392.75391200022,2.749198584057095e-07,265.0678090697098,19741.485700199304
2NVmv7c21vXyGX3y543B6DHoFSzme4ohF91KnpGPinVrGnqdkmMCgwHxDXt92jiPc1yNvxx839BRtgS27J9dMUos,1785083171,2026-07-26T16:26:11Z,A1xGP7kvUDSm5DfnbCNrDc7VZNziZnQGph4JBGT3tPHf,sell,0.073578303,267244.80660799984,2.753217319127408e-07,265.45528100662153,19770.343492205877
2xLffXuJCspLsUQa3qZ3JM8m2QCAFikYYZaBi516bSPX9cREcP68KRMMZRS98UVPf8rYxogMTeWRxVUXYCLKfeHB,1785083171,2026-07-26T16:26:11Z,J3hJBr4CemR7ak3BZg4dMwZbPDNCoLfoVDVwCt67M6ME,sell,0.107621425,383197.6243039998,2.8085097133749806e-07,270.78637417916127,20167.38793151931
344saqoFoq4aKER3rDFSCYuwcKAY64DHJM2TBtJDeEnCwzs5M4MGyNYr4Tbq4zntse8vVwY4forZN998XuwbR1Zo,1785083171,2026-07-26T16:26:11Z,4w6MKjj8R7gtoPviXhpFvy22xK7w2MFMQKn91mj9LCXM,buy,0.197530863,733915.384213,2.6914664448929414e-07,259.5014844942888,19326.9219046407
4JQ9G5uZGw8w9JXZnTwfh18D3Z9HZDi5rb8gHoXbUXqEs1Udz5bNnke8xKf3Ym82ezEDWPGfsemd3T9UiQgva1Nt,1785083171,2026-07-26T16:26:11Z,GntwJ8SEg7RXZS5QDZsb3gzeDEtq9DfApgqhpetSJePK,sell,0.684109643,2464917.987931002,2.775385008140683e-07,267.59260960593144,19929.525560100083
4Lqx9z1N1VZ5iUkbbDmVYZ7Jwgau9DrZCCsHg6T9EMTQjEd7QMoaJLMfhqz8UMyoDF5t5mT889EF8oBD9rcHdDRg,1785083171,2026-07-26T16:26:11Z,FgDTnHngBNmgWCF7GFaSAuN1jWhrzkg9BmG5rUkgCpVx,buy,0.977777777,3671130.831126,2.6634239474927634e-07,256.7977280651192,19125.55392612002
4c6k5bwEEHYJxkor9e6NgdFjjBnuLua9AeNYNRXERjW162bZ8vZ73sEJmLcrKoceEbK1aWKT89DqhZYcchX5i3kN,1785083171,2026-07-26T16:26:11Z,ES67M5p8yLJuwhBnyusBQhk5BGdg5DymwkTrk49MQUWz,buy,0.117333333,417820.61223,2.808222705284125e-07,270.7587018944927,20165.3269795916
52A7c3WcfFnV3UFB7jywdFmZdaqDopHEaNBsEtfepk51xxry3jmeQMu7p5qwFjfbc4q1D4hRZzFEzCpr4SManv1u,1785083171,2026-07-26T16:26:11Z,omegoMAe1AMY5MFKQQr3JwXVy8F4eCvmBAfcpo8XAfq,sell,1.071284911,4018173.054558,2.66609948465209e-07,257.055693705368,19144.76646277616
5MthCt2Z83wq9yh9QhGWMYkXWcKhq9sQbMPCg6phPa7gXvycuu7jnANXaKGso35irDjzhjtFD3HkxBfqNRmQTPid,1785083171,2026-07-26T16:26:11Z,FgqRy2vsRoCWVDhmBqZJZRZ58uJnsaycYSmjofScgUdX,buy,1.975308641,7108207.782549,2.7789123523505883e-07,267.93270340889507,19954.854765375883
5e6nDy1Afrj2ubdJ1ZzLpb8sxgQtfQ9tG3jo5EUMmnazZpGNCb4k7nRLu26sJkGBLNPXuJZUDF4u1mJaYSD4nyHH,1785083171,2026-07-26T16:26:11Z,ZhqQU3djMKYk5GpjK8eYLn6Uu1Eo7Muo7xknGwf2gB2,sell,0.001301172,4824.256051,2.6971453966053175e-07,260.0490285301913,19367.7014047729
5s8q353gsML3jAxq3b4yq8bm8YzsGkqxCVx7UAoSNVTEc1iUE1KUbhdi3RvynWfxpeR9z5aDahDqjx8LAcixLn79,1785083171,2026-07-26T16:26:11Z,4RMb8vyjiFXZ6WGrggNkVt721Ybd1FLKsTA35Hic2tvb,buy,0.513489228,1897211.664251,2.706546863882583e-07,260.9554840869768,19435.211599522503
i2gRwiz8j9BjyHMVFa3duv5oUqNTMTW4xekW6RPXX5Pjpsiqtq4RZkCs7AqGjMEdoFS763aAmMJ18WtPXosW4fY,1785083171,2026-07-26T16:26:11Z,BxKZUvKm73hfpTTjjPst1Tw5Eh9gVehhrY2fT7fbTfGp,buy,0.977777777,3522384.695786,2.775897187407619e-07,267.6419920830376,19933.20342452675
qC6mpzjNrCnuUcMs2wGoR1tCZB9jujCs5iQwsbVhUM9yL7GXSgft1ZZXbHnp4jXDabqsdvMbHifCz7nHDQwRzeV,1785083171,2026-07-26T16:26:11Z,FQTm2LutmRp4yWKpfFic1Xxgz4oEtYrFsed5xu2TR6Ji,sell,0.710182485,2521530.322098002,2.8164741021599267e-07,271.5542718123288,20224.57873185677
2o3HSH1vwfRq72SiAgXJ6mbq7mcLnYepZBg6kyAPiPMEg6rdH2Evpcug2Pu29JyJdHkeEYTP4nZVHFk5b3d5j3gV,1785083172,2026-07-26T16:26:12Z,EtLkdVe8trKMLquWpqmBAZ21HYyGkBsVxU46k9hvdpRA,buy,0.197530863,732493.164603,2.696692236125625e-07,260.00533643162646,19364.447343323274
2sQoEwHRrpPjKMgJa3iR9VZ5wUtJYCS9vR9G8SzEoz6AS8HWwXJqvi5V17V9tftaWeYUggqTygua12G7fsMTcQpK,1785083172,2026-07-26T16:26:12Z,8SuAiRmz9gVXMMLXsrjTCfNry7qsAGHXXV4qVstpu9EY,sell,1.002552716,3685899.062989,2.719967907062006e-07,262.2494926506469,19531.585624136373
2vxdYfFKtAcefK49zGGxmn8QBSu2AsLT61eD8tSa9KJA6xZBBWM2XJfXdVgUTDHHaammDigoFVvWgfy3rHkJJoeV,1785083172,2026-07-26T16:26:12Z,hiJL4dxyRAekwvwwwvH3mf7fyLcA6aMwRcd8TRjBgBa,buy,0.021118787,75264.138013,2.8059561376165973e-07,270.5401676171859,20149.05117708809
3mAvBaUgZCriSgzX8qiDBtie2HEe4mvQ4v8eGhrLCuaajVBG4EFnXfUXMTMzVpTnSyTkw5E1BGqw71UdFnXn7D86,1785083172,2026-07-26T16:26:12Z,HCyVjs5d6vYKEUd4VQ4HBW8EfRpbWWmCft9jPZunnTfT,buy,0.048888888,174104.285151,2.8080232463893033e-07,270.73947078745067,20163.894702220758
48i8ZHsUUT92es3dv3PDUzabo7HcfhFUeBzRHArbtHVmyWzwLpJGJjfmpLpiGLBxxfCZ6adLBy75Vx51kLAVZHhT,1785083172,2026-07-26T16:26:12Z,6MaZ2ikXBYEJjeB4JjuWR2wX7yfJBCE3Znhww6TJH3sB,sell,1.024386659,3685899.062989,2.779204317573731e-07,267.9608536423747,19956.95131355216
7vT8qxM4t9GZrfyADqCURGnXCoXF9w68KQq5gFWAkY8qp3QP8AcGh8Bh1SM3TkHmJo1DDHcK1AtZHq5iEsXB8jK,1785083172,2026-07-26T16:26:12Z,3mhSQ5wa12rcvt6gmxQVcKKvdpxsQrT1zDY82g8YMP3J,buy,0.009777777,36177.826049,2.7026988815626383e-07,260.5844755142234,19407.57995138172
362A7469AtxjcU19rTBtJWXQioyjtzjH29wbVWVCtc9U8FH2ByQnRXzxqApnnQRbc6938ph8AW7Q7LVsScAG2qFi,1785083173,2026-07-26T16:26:13Z,9RjpkA83GJGdxwPMPyhbyUhH13w4EzLDCVkD6wXFstsW,buy,0.097777777,361361.56854799995,2.7058156016115503e-07,260.884978417011,19429.960540631953
3AoCKARH5XryomxXF8qB5vpkhNQrrrh3peLZ2RjyDQNu7Pdo3PHHRmUJE4KKzSxvSwTkDiz2VeJxyzpuY8gUAcH,1785083173,2026-07-26T16:26:13Z,jnSkoNw3anwkz9TUcNjDuSZqxLNoQKkWBerxRe2Wqdr,buy,0.254720741,964753.700362,2.6402670536990143e-07,254.56502390967376,18959.268561962843
3FnSr2TJV8XovqrYjvVa91McGA7GXAea8uW9YeTzu7sDzWDc2HnzkfhVqqZXBFM58HfxGbnam63TTcEMGGnrcULD,1785083173,2026-07-26T16:26:13Z,CsyWmiekRbsiUhStj1pDZCBN8YDgRvFzq1f2u78nPC2L,sell,0.136610942,505089.2608070001,2.704689103500866e-07,260.77636553329575,19421.87136640047
4rsKscDjhawPD4nNHh5fE3pd7BGLMm2x6d8Fgm7vH4xKjMthhy2oWhTP96cVEFxQKSgQogtdo21hL4GuX6qMeXVw,1785083173,2026-07-26T16:26:13Z,DpLyDsrVNTqdSkPjcKB1anHJDsCaMm9worDmavpFyXuR,sell,0.154038042,571300.441253,2.6962703137802116e-07,259.9646562012695,19361.41759712855
mhN6idYfMDB3x3E6jFMWrVrS3xpkU6T3vMZSoRxkRaR13P6vbtqGBk5xLTxhFYw2NTw7mMvjB8fgzJLRRBta2Z5,1785083173,2026-07-26T16:26:13Z,6MaZ2ikXBYEJjeB4JjuWR2wX7yfJBCE3Znhww6TJH3sB,sell,1.022887097,3842209.7552860007,2.6622364788719343e-07,256.68323662478184,19117.02693395093
5CDDwA9boH9jBtfuXkh7WPmf8q7jkFtLMaRkzZM3Ntsf9kEJ5KhsErW3pabKjhvujY9nwuEmoCCuLVkeWk4xRALj,1785083174,2026-07-26T16:26:14Z,J3hJBr4CemR7ak3BZg4dMwZbPDNCoLfoVDVwCt67M6ME,sell,0.083117654,314222.05192900007,2.6451884420505543e-07,255.03952641941927,18994.608139951306
282KzCkqEs8QbUCdX2oM2K24tMswZRcm1Md1PXB1CZd2jf3V1c74Bm5cCHhdn8e3vK8JmBxBQ1BucYZaAH56MKza,1785083175,2026-07-26T16:26:15Z,4af4XvX2qNeEZbXoT1uCcbjEjgqY5JkLHn1UwNevqNbi,sell,0.042754497,159090.766615,2.6874279324749236e-07,259.112105696863,19297.922095164326
2KHPHkXqNJoAK88btGcrvvbNeUYnE3KCH2QRYmGpyseYa7myhzRKtYZS93zvwmhuShc2biXzDCvcRNxFzb8mykhE,1785083175,2026-07-26T16:26:15Z,EaNHi9dRgzfKUo7bDfcum71RgWS2PXmmrPC96pmDhXpb,buy,0.023386333,86683.924605,2.6978858083048835e-07,260.1204163550475,19373.018164014666
2Nezd5fYj7snEo5VWTVo7YM8uCYfK3PzS373RvJ31iW2eCNUMnL6Tfvd5GhWsUPFPxjxPsTJsTp25tpFpTW552XT,1785083175,2026-07-26T16:26:15Z,Bfd2zuMMCDS8JQvHhD7JsNE11rN6XMd1nnk9LGkpzDGv,buy,0.138271603,513985.06294800004,2.69018718573129e-07,259.3781429411621,19317.73578160359
2vcH5erCPdkfUXoaAdVCUNZNfSFEa8AJ55Rq6iQDHF4mnGhotrEzzMn3paMq6yfQzRF87FLpNtdHrHmifXFcNGhc,1785083175,2026-07-26T16:26:15Z,suqh5sHtr8HyJ7q8scBimULPkPpA557prMG47xCHQfK,buy,0.250907921,937723.1967360005,2.675714132628402e-07,257.9827033760541,19213.807468630563
3mYDKK4kSA7Y5rKtQVu8Lyw2WKD4L41TbkMhS7CwtrLCjHLRVGTa2m5Ds3Bx4QUfYFtNXzJZVTpK6QYUsbCgtZ4C,1785083175,2026-07-26T16:26:15Z,J3hJBr4CemR7ak3BZg4dMwZbPDNCoLfoVDVwCt67M6ME,sell,0.377558464,1431456.014346,2.637583413085158e-07,254.30627696357442,18939.997835901017
47awXo7m9z2hC8qr5CRyGSkhs4vR8bRyYDTurxid9Dn2vJ12nukUNKW67X4LAbsbZvUniwcpJ4UHgAoAwnVaL3zK,1785083175,2026-07-26T16:26:15Z,A4rWFozNza39oA323my8dLffKaHPSTh3G3ewHbQw2cqb,buy,0.050151059,186037.010716,2.6957570865594857e-07,259.9151726842396,19357.732207539866
4sGAu8Ys6H3u1guYeoejjbhbsgBH5QbAtsRWDbSHjKLVimNptfSznFJLtW4heigEo6fkx1aCiuQHtBZyVrqaL2xd,1785083175,2026-07-26T16:26:15Z,7NAd2EpYGGeFofpyvgehSXhH5vg6Ry6VRMW2Y6jiqCu1,buy,0.221217402,840134.9928200003,2.633117342933912e-07,253.87567459202967,18907.92781355407
4ssmc9WZnyWe51C4832zP2T91Vpw3HbmNXXcMQfVJx61eFP1787W5wWHMZczbSPY56GieWxiiRFV6nJrd86EDp9G,1785083175,2026-07-26T16:26:15Z,G61u9wqqHF4fkmTCzctwjBTZaivFyis5RGrcSt4xgCyo,buy,0.098765431,367730.631101,2.685809194199907e-07,258.9560327923794,19286.29823550794
5jvJYATXVinrjdCi1JH3bx3dKB5dthzWrGMccKGBr8KFVkKsYMAusXKtAb9J1dZWsa8EPqY2fZoUkrc2m2MUt9Ls,1785083175,2026-07-26T16:26:15Z,2fg5QD1eD7rzNNCsvnhmXFm5hqNgwTTG8p7kQ6f3rx6f,buy,0.237976517,899291.6310520004,2.646266336556615e-07,255.14345311892603,19002.348300702557
96bBrDGy7aaoT8nip4BYQxtQ1oHMzW2ZVVznXs6HZiWKYj35DKjPHeEgbdGDLZqBi1R5EdUhayPatxhn5V4EUmF,1785083175,2026-07-26T16:26:15Z,3fkWD24JcopUf4mKTiZcf5SpUUyxbRkT3zN4PVVqARwk,buy,0.097777777,369585.207378,2.645608510515844e-07,255.08002790534297,18997.624573776317
9aMXLPsZXwgpKwHYThoGzcNBpvUQArAmJeEJnxi5wM8H1Y9dJR2tjkxx35jKPmxz9pTx8PWrmyf4kKKjNKxdZ9g,1785083175,2026-07-26T16:26:15Z,EbcdAjZJf2V5DyiPqxC4D77uDcJBEWynPzxv59nY4qp9,buy,0.00205131,7613.66692,2.6942470974288434e-07,259.76958497991757,19346.889255341765
sPusqz8y77kGYw9aoHwfTdzhK4BSn6KfvQ47j8khsn1DkCrS8sULJ9UPjdFkLbFZmZwqwXqyKZpz5mXdbFK98Qu,1785083175,2026-07-26T16:26:15Z,FxN3VZ4BosL5urG2yoeQ156JSdmavm9K5fdLxjkPmaMR,buy,0.267675938,1006004.3714809995,2.660783050136633e-07,256.543102269723,19106.59013147307
26VZuqwFVKepVt5A7FCmY5cQspKU77npf49h5xieeeUKMJdJXpHmSn4LYmf2sXoaDAkZYZsSTywZejsMkSqVrBLr,1785083176,2026-07-26T16:26:16Z,92dpPnZkPfjxj6DJpeDFPkrycdXSqWJbbw6xik7WV4Wk,buy,0.380699447,1428056.356519,2.6658573050155037e-07,257.0323436185305,19143.027415673387
27rEdBHtm1KrFVR1eKjFwTx5a5xbLCJCTuN9PoQv89C6hrekm1spFAkf8gjLZDvYWPU83xRPAnxALJGtAnMVTiYf,1785083176,2026-07-26T16:26:16Z,4mBz61bMYB9QVEnjfWsvoMoTizGA7PR9LKrPQ8LWJzzF,buy,0.41255959,1493496.702673,2.762373624673007e-07,266.33809895372053,19836.093225980418
2MrEorxEwGB3WwXvtiyRoNq3KnRnPg3nK9wGop7ewobYBo68oL4zyDsu4NSw4oMJfqnTFSqJdNXNAkSdNuU4jHan,1785083176,2026-07-26T16:26:16Z,Gg5KQdWQZi5Peam7MUwGCpsG5E5XzPa5tu6riW16cELF,buy,0.410980231,1528553.651118,2.688686986547085e-07,259.23349914815583,19306.96312919711
2bpCKMsjM3qRyENh2tXsH55vptFwkvb3vp8ivYYP1N1QuvoJRJYyriXpR7PggRzBgLNPh8YaZ746VpQTTZo3W6z6,1785083176,2026-07-26T16:26:16Z,xrS3uSL35KsqPmuWcCAr3ra2UsDxChuKsWQXjX9VCwH,buy,0.411981665,1518813.074832,2.712523824207731e-07,261.531761038184,19478.131044292273
2xUDCBs1xRq6EjU3jTVjJ55qWkhq2G7tkdi56Q4fd8XsvNsKQejw3edCY8hcXETDqTQ7sgm7XuFPNg9ZJpjzofLW,1785083176,2026-07-26T16:26:16Z,AXAJSuxtNDis9u3dCTaMMquiyFrcxAfbcMWdwh8GEPgN,buy,0.244444444,923162.049605,2.6479039525573246e-07,255.30134614561496,19014.10771780975
3Ab3mWfwQXHkchin3mTag275GXDs1gSHGTpoaiaqvZURotPeq3NRHhv7xE5SGWPf2m2FsK6W4LH9uTCq6gNsNG66,1785083176,2026-07-26T16:26:16Z,4EDbfvj4avEKHHHu7skwKFWGLhrVbw5B64vB1H4LTfDu,buy,0.023386333,88576.78926,2.640232638299177e-07,254.56170570098337,18959.021431352598
3V18JcsTAHtTk3UbWciQavtf7A2ZkwhGUk2Xx5jK5rzwSDSvEXgqg2jkSc87p4WLSbUEBGLy9QXGcF4VYfsynFw5,1785083176,2026-07-26T16:26:16Z,7NAd2EpYGGeFofpyvgehSXhH5vg6Ry6VRMW2Y6jiqCu1,buy,0.049911934,176928.64212900028,2.8210205763976167e-07,271.9926264558111,20257.22612105236
3i9EXAkeEtyGVVsy4gxYbrHkecBhU55HgZyWd546CpDPTaa2RPiv31z9qy2YXBNJKcY1M44N31KuXePcSHy3ujBQ,1785083176,2026-07-26T16:26:16Z,8SuAiRmz9gVXMMLXsrjTCfNry7qsAGHXXV4qVstpu9EY,sell,1.024494257,3838638.8922540005,2.668899799528759e-07,257.32568996295686,19164.875005103517
3oSKNphJTBgfXEV9KRFF3juoEUjv1fnowe45GijwfrxnMPD8RApxyRni8MGxduZzrXFodcUEp39BrUNHkYgLtBg9,1785083176,2026-07-26T16:26:16Z,EbcdAjZJf2V5DyiPqxC4D77uDcJBEWynPzxv59nY4qp9,buy,0.002091855,7411.193364000001,2.8225616270670006e-07,272.1412090016366,20268.29212040554
4QcnNNyfHuKsAuQGAA77DJ2HnuhLGam3Df3CjQPsmUAbw2122WQkQppiHMWvisGfvvLtxTq8kziJUUSarLxQgizy,1785083176,2026-07-26T16:26:16Z,2fg5QD1eD7rzNNCsvnhmXFm5hqNgwTTG8p7kQ6f3rx6f,buy,0.052599192,186837.81997600012,2.815232590851067e-07,271.4345697709837,20215.663669157184
4mP5ChdYhqrRMwiaswgUsJYhcqVKjg59jMDyu4mNPiLRCeqWYRfZ1BbE5cP9LoKVjDiHnqSeZGrfj6XYxtFaM9z,1785083176,2026-07-26T16:26:16Z,DWbqhUVCCUiCJDQx3nWqhG4UxMMZfYtraj5iW9p6B8ox,buy,0.423086893,1518123.593479,2.7869067763477357e-07,268.70349692886373,20012.26124300767
5HgxZhE5amixrGqr5CXPwrxs72qx8gg7viCA87kMqEnDMdWQevkTRojy9F7guz253ddNJxKkfXcjjuqSL4vzHWiz,1785083176,2026-07-26T16:26:16Z,ABuKAMp35w6NGPJSxuCU6BvB7NxFkBzZDyyTSzcDpbn5,buy,0.442451007,1616329.319651,2.737381557215918e-07,263.92845397449287,19656.629819741338
5Rjmva3wWS2FiQpotv3NqcmwfQriSStwcdmfKsWYVBCEWtBWN1LQNk6DV1mvh2KzUJZ6hYkEmiLgaR8XmtD4VmTc,1785083176,2026-07-26T16:26:16Z,GyW6TgKHy3x8o9eN7Hg36TyELvPYMrzLoWxjx79tLGNh,buy,0.195555555,697130.381988,2.8051503714747894e-07,270.46247855279086,20143.265119704516
5RpcgvLMYWfuvTnhHRWXPjCbh7L8PxV8n8dBXdUd7w4CGDZRvEPVVRFkC8mmpah8XFcoo6uYruB1uwCCTLuDuBxC,1785083176,2026-07-26T16:26:16Z,suqh5sHtr8HyJ7q8scBimULPkPpA557prMG47xCHQfK,buy,0.046552829,165188.40647900105,2.8181656323392074e-07,271.71736304960694,20236.725296691835
gJnbNrZT1n9umvoS41EnF9e4aJj9aVnb9zxZapuJohDjT11crz9YZiefBGmzw8znbC8uVGiqwpAMxwTFd5RkM7f,1785083176,2026-07-26T16:26:16Z,FxN3VZ4BosL5urG2yoeQ156JSdmavm9K5fdLxjkPmaMR,buy,0.0464916,165315.04725600034,2.812302979776847e-07,271.1521072404946,20194.626674789353
2KNGTdVyQckW6TubZKjfsLVVQr1G7Krpc634BXdWExqR2psAQ4BHWgpUTo1SuYfGbnb4TumTj8nN4QiyH74YPFKv,1785083177,2026-07-26T16:26:17Z,ERNxja1crsFqm9F4T9oDz3KoLYPVUDwpRyXzJ3PMQ8Ci,buy,0.488888888,1678682.552427,2.9123367446285536e-07,280.7970019512674,20912.950607374372
2oRooKsQgDJztrnFmNPZy7u9wYAqFyu4nasimgaBAX5XtNWbUgKspVxFuevejDmmxBsHjnVV9T8SNrqnb27gok2Z,1785083177,2026-07-26T16:26:17Z,D9XWSKpaGnJAFMzZxBfWMSUy5qSFRyYWV6ZKepoJxyTd,buy,0.244444444,816381.510693,2.99424277495578e-07,288.6940858994178,21501.102636784646
33xkTP8yFRDbB3zAPbgVNawLi26oZV65R4jtHY8SKCamWH8VLyuhdUWbzFapuu1qMhE4xdWA6LHzwHDpatLXiUyk,1785083177,2026-07-26T16:26:17Z,4EDbfvj4avEKHHHu7skwKFWGLhrVbw5B64vB1H4LTfDu,buy,0.005169005,18234.90246099999,2.834676528188314e-07,273.3092840602901,20355.28698088331
3Bhc3QXnt53aJxftV5PosXvziBy3cFaxKB5mtmNoR2tRmgbgVTpvjrohpMVEE1AjguT2Y8FymqwhLzT5rz6nUyAp,1785083177,2026-07-26T16:26:17Z,2fg5QD1eD7rzNNCsvnhmXFm5hqNgwTTG8p7kQ6f3rx6f,buy,0.050870553,179955.29085299931,2.8268439765716474e-07,272.5540976912533,20299.04287882637
3UMdy7uruytTP5xvRFKwPxMQqTYw9Fqm763MXwabd8px2LLtCdjr4LLwMpmWnCGMuCvgLrooPqJ7UZyZp48ALNue,1785083177,2026-07-26T16:26:17Z,FxN3VZ4BosL5urG2yoeQ156JSdmavm9K5fdLxjkPmaMR,buy,0.04582303,162264.04225200042,2.823979321853427e-07,272.2778980182638,20278.4723240168
3bXJvpz672NJFJmcnGaPJ9UkkKQ9kknbcNaqvwcM8fvfNKDEJSxmQmip5tPV4Uoh245RHRMadpW9Qwt3KwLYmP4D,1785083177,2026-07-26T16:26:17Z,7gdo83WqcXvown8aHUrgma716BEwGdjRA9CtdUThBy5U,buy,1.466666666,5085816.654265,2.8838370820348854e-07,278.04916730347657,20708.29981029622
3ny5MeNGRmLeqjaNmb3zNwYG2U9Zf3PAhHA8gjL2HLe7hiP1rrHrcqZ2zyBeSxCpkzcJQVEPMpNerFdUZRNGtM1h,1785083177,2026-07-26T16:26:17Z,8SuAiRmz9gVXMMLXsrjTCfNry7qsAGHXXV4qVstpu9EY,sell,1.060937972,3663199.0780069996,2.8962061558969764e-07,279.24174878080566,20797.119838136052
474zmTFsQ1zE17jxcAWgRY6z72AhZEHRwzC8pFTE8pCYZXMHCEVgpL1j6SfscmxbkJGwxJKkFZq35mTXR1J1qzJJ,1785083177,2026-07-26T16:26:17Z,suqh5sHtr8HyJ7q8scBimULPkPpA557prMG47xCHQfK,buy,0.050279016,177493.52721299976,2.832723918977792e-07,273.12102052472596,20341.265655893858
4N9ePEiyFWt4TxJ8CgnpcAwBpmmMH4xNMRei577hXhShHZicrZW15bpLDdZuVWmoEbYX375FzpjbuKaaPFVHpSPq,1785083177,2026-07-26T16:26:17Z,9PimVMu47aabsrrFnrQRzboVMCpCqEZcpHzhVq4vGWmb,buy,0.493827159,1678559.250681,2.941970376080867e-07,283.6541697853393,21125.744224741036
4aTQa3V7dRDbu3YiD1gjqchSkRgwZjhFFDrfgNNog7tKDGciysQEjQs9wBvCQeyAQJsJdptiGN7iq6Qdx54wauND,1785083177,2026-07-26T16:26:17Z,31iRQFxAApGY6LAXm16QDXmPFHSeY2mP4dW96P22iTBV,buy,0.488888888,1698037.1214100001,2.879141344059905e-07,277.5964211889501,20674.58058585658
58mrbZ2LeudQUPmcDEd3sSGqTXGA5h4QT9ehJLBvWodDxVwbB2WRsjjwfca12tx96vLMWPo7rE88Vk9saKuiWBzS,1785083177,2026-07-26T16:26:17Z,A4rWFozNza39oA323my8dLffKaHPSTh3G3ewHbQw2cqb,buy,0.054500025,188227.49719000002,2.8954337604025387e-07,279.1672771938373,20791.573409188808
5U5TJ2haCRDZjDyB5WBp6mfZJJwYrcXqGwuTS7zkWzTRfJvum3fXbqzQMoKThzUjkFZYWhYmep8b4AFdTYX7AAGR,1785083177,2026-07-26T16:26:17Z,A4rWFozNza39oA323my8dLffKaHPSTh3G3ewHbQw2cqb,buy,0.052525502,185184.46453500004,2.8363881458356695e-07,273.4743120587696,20367.577790105108
64kJziFc75JLhoneQcsPXeiBbebSpKtZWYnGmnnwX1T7LMhH9C6AVPZcBGUwyzN6n5ckN3oF8AfUEgVKjxeQzqEd,1785083177,2026-07-26T16:26:17Z,D9XWSKpaGnJAFMzZxBfWMSUy5qSFRyYWV6ZKepoJxyTd,buy,0.244444444,824615.067715,2.9643460757678497e-07,285.8115540233588,21286.419978745915
863Af8URcuwPr7XKDkjkjwMgSTuZXxMHhyaT1uMNCydj8usc4GNZSAW4AhWtvpy3BeaKM8GxX9vpmjRct59Mhza,1785083177,2026-07-26T16:26:17Z,75wECSqHeZHhYMB4on6rzpehx25ALxrVA56xRE5UBFzw,buy,0.039111111,137758.398804,2.839109000943495e-07,273.73664709211704,20387.115746553554
HqNKsd986jH455TUgi9RH1Up8JnVBU96LvUsT3DRy327ChHECWtABz3xoYrqHMyQn7KUCkAuMgPgYbE5HdpGWKN,1785083177,2026-07-26T16:26:17Z,7NAd2EpYGGeFofpyvgehSXhH5vg6Ry6VRMW2Y6jiqCu1,buy,0.048582957,171683.84649599902,2.829791968875313e-07,272.83833247357074,20320.21186539744
NhL7GWBa1Uvsq3RuckTPTwfNMf19NuFuVYh2W3d7Z7g9AyyKr8HvuTuH1Ryqx1t5SvBbpUWS9b4NNKvjGXxAxc4,1785083177,2026-07-26T16:26:17Z,Ak7Z5nUXctypS8d4ArHebJNCNX43gbGHYzm9Cu4Djx9Z,buy,0.246913579,828770.5226539997,2.97927559258865e-07,287.2510041733436,21393.62607311025
U74XVWbSkBuiAwzzYPFiNj8n5ddtj7ue84PbRthTCKbDzncomh9i6Sp2aRmdVQe5y85f52rqeFAWWLgc9kNnzUm,1785083177,2026-07-26T16:26:17Z,EaNHi9dRgzfKUo7bDfcum71RgWS2PXmmrPC96pmDhXpb,buy,0.005169005,18236.876080000002,2.8343697557218906e-07,273.2797061658341,20353.084104636306
WEz4XEHzT86qPQsU37XhNg3u5EVbz2SuJoPUx427W2CgLDB8kprvTfcfXrCBCdvFuymNh5adPvjuAT51XpFpWbj,1785083177,2026-07-26T16:26:17Z,EbcdAjZJf2V5DyiPqxC4D77uDcJBEWynPzxv59nY4qp9,buy,0.00220577,7533.009091999998,2.928139304043204e-07,282.32062771843687,21026.42585886038
YwnZQHDV2z3sJbXejbHG8dKMvn9CdgaTACRz9nUSeyuRBAgDGsZk2HPeVZNSozAPDU8AXFfNYLCvseizsPtLy6P,1785083177,2026-07-26T16:26:17Z,4EDbfvj4avEKHHHu7skwKFWGLhrVbw5B64vB1H4LTfDu,buy,0.00499913,17253.138301,2.8975192297103703e-07,279.36835062065876,20806.54877792263
xyMMGugRRe6Xnm3ArRwysdtLUVpyp5XuVMUvcssnk5QMpjnmV7APnWEtsBUKyK987rRFJ74wVGK2QbbhSjqVdA7,1785083177,2026-07-26T16:26:17Z,EaNHi9dRgzfKUo7bDfcum71RgWS2PXmmrPC96pmDhXpb,buy,0.00499913,17254.924593000003,2.8972192680737955e-07,279.33942940184505,20804.39480898296
2CJoBarv3KB9m7DJn4s1e5MrWsBXdPCoYDJDTny5DHtJbS961uo47CmeSYJbnxiX63zBTDM9PYyma7GC56MNEZZw,1785083178,2026-07-26T16:26:18Z,8SuAiRmz9gVXMMLXsrjTCfNry7qsAGHXXV4qVstpu9EY,sell,0.313920948,1050710.306342,2.987702186846358e-07,288.06346599067575,21454.135885316842
3gZ7P72kJsFRZkDvdttbHu6LPEMCBB6aiGRKxpigHNVVJRdpaanwkpxTn2zMitCCS8j96Tw5ko1umCELRK6Xmkaf,1785083178,2026-07-26T16:26:18Z,2HL9h6zXHLtYyej6JcpAggFL7dPA7ksHmN8BJcaqtVty,buy,0.009777777,32647.887896,2.9949187007585773e-07,288.7592562267562,21505.956334748735
58kekV8GdDTCetmNSKJmKVcmm1LaiESdEHrfHw1GcdrC3UjJo2jLAV7XGtyie1XPGPvs2YfSvNb7o7WQ56sTGVtN,1785083178,2026-07-26T16:26:18Z,4UvPYKxeQV8qFZXpgbrLoZGDFgtmYKSR5wvUo9K3fKga,sell,0.707465726,2392807.186287001,2.956634910052232e-07,285.0680712449718,21231.047526355775
5cWgAYMbgRqh2q7Bv7ixTgMw3tq9y2HG1fxaGNz8w4DcefLXEPH1vXPdyURaRrBRjyx56Gwn1WLy86BAcjH8heAZ,1785083178,2026-07-26T16:26:18Z,G6uX88CngTFquet1wjd2VuqqseLKxHcwrptHhx5fArXs,sell,0.072497616,241699.52841400006,2.999493481667906e-07,289.20034009739464,21538.806988909113
5e42grvQuMEog3GYi45PhXR6bQGKW9wZ8Ry93U7awXczC2ZudPGXqFht1eP5pDfMGZxLhTh1sdcwAjLxrVeKGtpT,1785083178,2026-07-26T16:26:18Z,37T4YzC82kyM9jYYNfmLi4XxWXoTsYJWM4VbHeDTGoEN,buy,0.098765431,329412.491971,2.998229678815425e-07,289.07848878583576,21529.731854764636
C2xctTxRRTvHWfFcCKTbeYcknjDkKGUmwD74fXufcsTNzUQa4uBWMK49FEw1gEPJkcE8YQEA1FxZAdDp8YCcFBA,1785083178,2026-07-26T16:26:18Z,CzeRd3vZfXFBRvgsdYq8g35Ja1Pzxt6HJy6uAkWP4AFY,buy,0.977777777,3297958.019916,2.9647975234836503e-07,285.85508098340847,21289.661741155353
2M4HpLJfpvzjvpRbfYvJAbFkk3HRFM6JmS15RD9YvD3PKwujR6TAAtVqTyn4ZofKYwyzMX8YtSR9UuNuDVnsTC66,1785083179,2026-07-26T16:26:19Z,CLbNcbTdGRgrG5crCMrcUWr5EU6nohiNcyCd9uYrfmB5,buy,0.029333333,96393.406129,3.043085017739098e-07,293.4032787382702,21851.82973342442
3ATViAU7dq9Yr5xwrV3JNtLwA8ji5t1unbTCpCDjhH1tUJdCtup7U2rSedxLF3AkiHw5wrryUm9HPfKLX2CkvP4r,1785083179,2026-07-26T16:26:19Z,AFCouzi3FVXgUXsrB3K9hDRke98G7o4MskgEe7Ume514,buy,0.661728394,2190101.396042,3.0214509483254533e-07,291.3173998155937,21696.479489013807
3b29aq6K7GWWT1JACUX4QvG8RY5WvY2vDL2x5vjLQbS2y2fSfvXfhfZxSmKFspgKhmfbYfjJCNTAM2JaZeSS5kqF,1785083179,2026-07-26T16:26:19Z,5xAa2zaMR4ynk836GGpCT9uJC86ao3QCcegxtJ3mA7Gj,buy,0.006355555,20892.769044,3.0419878698774934e-07,293.2974956996831,21843.951317893992
6vPpNoaKfatn6MuDcWbQBpAnkLSy9eoieQ42PB9tCtkz1JPNWUtzwtozt86qsweSqNWQH9V5D3ntE44F3dsVK9k,1785083179,2026-07-26T16:26:19Z,2xKDETThQeNxPZAtkicq8UABrRQtyRfHTwCs57mTpFFQ,sell,0.517131605,1707784.4948879983,3.0280846707998426e-07,291.956999403801,21744.115021101847
2Sx8YaFQWM3n86TJzCaziWLa8N1LaivEKyjcFUkS1mVEbqsorx1nKbvtpTaRmZYeo45Yi98Mmp9S6RXxsD1xwBHV,1785083180,2026-07-26T16:26:20Z,4YCD7moMd7ecCEH1qBTozAUcCauStipF9sakUrP5DWL6,buy,0.049382715,163856.616114,3.0137760788153315e-07,290.57741658639327,21641.3676729509
44k9Supoz8JjJAH1TREa6D1TrPFpm6vffcqeYYQacwoJa7dMq3mJtq2qiYByjBR15AcMqRpbs8qH54FikYQQ8Lhc,1785083180,2026-07-26T16:26:20Z,2UcALFkAdPHnjFFnknydJKFggYRFAvD96Ku73e85dWM3,buy,0.098765431,327220.938451,3.0183102422337715e-07,291.01458426509777,21673.926660434227
jjNpL8myBkWS1ks3kKTmqc4THE1KhBgiQVVLLakcEqsE3vvqtAPBhSU2HxMQHQgbyppDPoJXLzsyZqZoXfR6TXD,1785083180,2026-07-26T16:26:20Z,Cc3CgkAqUmZ6P81PSDb69T9hJiH3ERZp2SwAobgqLZRa,buy,0.488888888,1610139.490249,3.0363138781497484e-07,292.75042988760435,21803.207434492517
3swkocTxhJDE3Fh3X28cHuuqFdA3m5asq6tkLYt2oqWRXvJNGTBRfQNHnmFQ41Q7xAv9i6FUDbsf5GDg2ipuo8Lm,1785083181,2026-07-26T16:26:21Z,FsxH9k75MdUnN7fe6Pnp115Up8Kr4A9gudyphD7R1sRU,sell,0.519869722,1712711.895962,3.0353600230469494e-07,292.6584626198576,21796.35797771585
449HN3K7A3WGqz3JGUUW2hcez9UpTHrDS2CLujnxhfCscFsPry7EAZggXc7zxLwbikRygSdE7JgcUuPAYWkyqVeF,1785083181,2026-07-26T16:26:21Z,8NsfpmaZCjGqFRr6kvZgCe3buAqBzA3m8v9nY6NW2anL,buy,0.977777777,3206476.045844,3.0493843179253564e-07,294.01063453596595,21897.06384101834
4yM2KwHijFs4hP2VEwbB7LVunET99xVsQz3bp7fK7UXDfw8jazRynfMQrxNR2u5dTqNvxuBEbvugtessHht1qhEP,1785083181,2026-07-26T16:26:21Z,4RMb8vyjiFXZ6WGrggNkVt721Ybd1FLKsTA35Hic2tvb,sell,0.580861928,1897211.664251,3.0616611680453613e-07,295.19432413280276,21985.221627252136
5M9yvymUn6PYXFjB3key1wx6jK59SDScDmEm52cA3iQFPu6kW9QJtyenrbGfJzTRzy5P8yYPPuYXrqXswPwMB2DN,1785083181,2026-07-26T16:26:21Z,4UvPYKxeQV8qFZXpgbrLoZGDFgtmYKSR5wvUo9K3fKga,sell,1.019868545,3395649.8659700006,3.0034561431694155e-07,289.5824056231014,21567.26212700661
5ocjmfVW3sjRPnvx4kC38j7eD42mxcFfVCiKVJV3Q1DcsCEv2Wjyu3wYw3TEbJpBERDjZEtYsjdffVqp1Hd2YZ1R,1785083181,2026-07-26T16:26:21Z,G6uX88CngTFquet1wjd2VuqqseLKxHcwrptHhx5fArXs,sell,0.146918595,483399.056829,3.039281788503194e-07,293.03658509642236,21824.51944888893
5u36ZTCPGb65J4M9FGowcVp61ffggMj2RSi9XY1Rag7MEu6FTJ5AiTYu1L2dkDGwC7yNM9CdaNij8AJUYkYFAZRo,1785083181,2026-07-26T16:26:21Z,D8donLgiArJinaMx8981QR4LaTvJYDUEj1vNwrBuDB2E,buy,0.009777777,32891.22249,2.97276180688412e-07,286.622968455785,21346.85178474641
FvERxvKJgAbXEddHnyqhF9BevKnxpyNAMgnWGib4Ma1wdDHj2XruStgzH3uASXGgg6mFYKBfuDPXBtUaPh5Hu5N,1785083181,2026-07-26T16:26:21Z,9ERrNvQtSfNEqMKBw1V3zHWMZUPNM5DxH4q5UNnZKz2c,buy,0.049382715,166016.88434600004,2.9745597982118626e-07,286.79632429291325,21359.762827364993
2Khv1U76mgeTjfEvQvi3WjDZ424EgWDimWcPEwhCFsrDo5Lm8cNdSR7fWtbqLng8WYPJRQo4qKeqFLmp6VyiENzH,1785083182,2026-07-26T16:26:22Z,92dpPnZkPfjxj6DJpeDFPkrycdXSqWJbbw6xik7WV4Wk,sell,0.407522373,1428056.356519,2.8536855085563144e-07,275.1420613678352,20491.786947195837
2Lu93K5uGj3yBjv45quGtEYVa2oo3nChxZtYfWaN9pjiQwP8cJjs6P4uwjDrUByRffPNYzC9KaaqkGR96sLxDWyH,1785083182,2026-07-26T16:26:22Z,3r4atS7aqjsnvvtCW2oYmhZASGi4L3oP8WWRJUtu6ij7,buy,0.097777777,328219.707351,2.9790343117768945e-07,287.22774074795353,21391.893480302064
2u95AqNVGtB1wwjYszo9cPyD3ozzP6URqNgEuPgBYLH7qtTHDXtUpvyoNgyJRf8JRHentopxCU7TnoamN4uCRW8r,1785083182,2026-07-26T16:26:22Z,DWbqhUVCCUiCJDQx3nWqhG4UxMMZfYtraj5iW9p6B8ox,sell,0.445362567,1518123.593479,2.933638400147561e-07,282.85083072548724,21065.913849192453
3NtvnB7KodRJnJHzUN5W2CAu6CUnugGinewiLmV6rhEeTgrwuf5D2ioSpkZxEMPZ95rJx2YHNkHLyr2HNZFJ5zcd,1785083182,2026-07-26T16:26:22Z,4mBz61bMYB9QVEnjfWsvoMoTizGA7PR9LKrPQ8LWJzzF,sell,0.446276494,1493496.702673,2.988131766218649e-07,288.1048844839396,21457.220615202983
4rwFfGmoySqLEtkB4TgTjV9KmoekaJ2325JeFihZVmQuyrnPT4nNSFPgTzqAH3Wuwnt21nV52dQkRU7VRqQ4aLMP,1785083182,2026-07-26T16:26:22Z,xrS3uSL35KsqPmuWcCAr3ra2UsDxChuKsWQXjX9VCwH,sell,0.43724982,1518813.074832,2.8788915979562883e-07,277.57234157065943,20672.78720535587
53ceYdiYuhLM9WGuHBnkiVxpsSTkYgJnq1WK5C7ukRroU7WbEqGcsgeFSjyY2Qc4gQbFsWGVpaWQChSks95vnLLo,1785083182,2026-07-26T16:26:22Z,4u9LEbadA8tn4hBuZUbHzExPQvNzm9h2fFNJGvdbCf8P,buy,0.323901608,1082606.343451,2.9918687430512007e-07,288.465190308078,21484.055153504298
552Kj3SUXmLwG9kgi5f2SMwqeUrsourHM8NzPLHpTCg7EW6Bh6i1zsoof7nBibKVgwwWCN4tGXLFX6gdjsHaRpqv,1785083182,2026-07-26T16:26:22Z,ABuKAMp35w6NGPJSxuCU6BvB7NxFkBzZDyyTSzcDpbn5,sell,0.469717689,1616329.319651,2.90607664718612e-07,280.1934259406978,20867.99800742094
5topvp9HfbVELk8siWTyt2uKt22MeHUKQUeyKfZVsptteXVQDAeNos4KVidg8w69xMrmfXkS4gwpwWRFr16afLSQ,1785083182,2026-07-26T16:26:22Z,Gg5KQdWQZi5Peam7MUwGCpsG5E5XzPa5tu6riW16cELF,sell,0.452575398,1528553.651118,2.960808066298371e-07,285.4704319145446,21261.01418821702
2mPWXbk7Vv4x9ZJ5GLV1BiN1rjTKnJRd65UAqwwVUaagsViNiRJ72CMJ4aqdf2prMNRnFfAqZ5HJxpgonaSge17F,1785083183,2026-07-26T16:26:23Z,omegoMAe1AMY5MFKQQr3JwXVy8F4eCvmBAfcpo8XAfq,buy,1.097429286,4007507.503913,2.7384335149178156e-07,264.0298799409156,19664.183733107093
45wpo5LFxM5PPcmS1whrecDNF7eeUzLy1e9W1MUdgYw8EwhYkYjgS7z6FSf6sn9gfhsJmrz2AHvYJQQueUcAaJyR,1785083183,2026-07-26T16:26:23Z,Cc3CgkAqUmZ6P81PSDb69T9hJiH3ERZp2SwAobgqLZRa,buy,0.488888888,1755453.052551,2.7849727299146706e-07,268.51702314933226,19998.373213884097
4sRsk5fd8fnxTS6NivJ9g1NhQBKZ6e1a3zbjQ9qTqfG2TdRKCA2Vyg77fCMu3WmCnaaZ3PYbTaqLsRRcCTiNT8A3,1785083183,2026-07-26T16:26:23Z,6xWDFHkSHHUNF2C3JqcJB72h9kMQ6eKLDRSftvkKyqn6,sell,0.879376894,3123397.008552,2.8154502664638115e-07,271.4555572682466,20217.226757404496
5giXPAKtSFrzgmuPrqtZEUrGgjdpmS9ty15DTmiMyJASqqYFfykAK7ha4HSi3474k2hgP2yGd6nfLSxWo62ivWn9,1785083183,2026-07-26T16:26:23Z,9RxDUDXsyxZ5XC6mpY6vhgWJFR7wRjN9TWGko4ckFhhL,buy,0.098271604,363462.499295,2.703761851377108e-07,260.68696322881146,19415.21294068769
kKdmzszgizmGsrda8Bf2Q1BV7igBUdtoBCTYAG1LSRHceuP275X5Ck11iGJzy1E8bDLCacDFxkfdNDxBGJqXT6h,1785083183,2026-07-26T16:26:23Z,9yHA2HwcsHfjSLZQXPx3eJUQAnbYU3YdbfBuNxkgFQSP,sell,1.517830688,5529676.790442001,2.744881383706833e-07,264.6515601872918,19710.48468431277
2EhqUoDdg4QbFWvsiWD3tMTvN61weSoE7FW5mCupKoxZVSnL9JRdawSWQmut6NQ52sMS9Z4y8VkYbf7FVtn3sfbf,1785083184,2026-07-26T16:26:24Z,omegoMAe1AMY5MFKQQr3JwXVy8F4eCvmBAfcpo8XAfq,sell,0.957955012,4007507.503913,2.390401043702691e-07,230.47384467846103,17165.02703575455
2Ha5rLx9V1MDS9WQFBxvgLeia7rrs9ExsV32UYuziit3NzBqWSMLnZwf5AXzVhCeGazJJsoMhf35EXmhc2wK3hoD,1785083184,2026-07-26T16:26:24Z,JDMFX2Ecv2xKr7dkzPpbDmrJzfe28LckopGB1Y7LpVm8,sell,0.209895347,776186.665336,2.704186458925307e-07,260.7279023567334,19418.261968826133
38go6iWpfekoF5YgF4ZBGbo1yvin9U1YxnNH1nghCYUPGjYu3HhNDNraXCW1ZVfnA4M8xeR5VqePmuVGT5yJEanT,1785083184,2026-07-26T16:26:24Z,FdVruyvfjeKM2AtgzeSoohrHT6dxoUJ5QEYwwWfPxCEg,sell,2.103413374,8501107.066937,2.4742817111205645e-07,238.56131601090627,17767.358568280444
57qiCfTeyzVj1ivW4ZHZaoDNJ6cCcwcHg6AFA5uGQeEYEB8cViKxkCvuT6qZHLEzQs8sjvzggMHfMp2Z9GRjJftT,1785083184,2026-07-26T16:26:24Z,9yHA2HwcsHfjSLZQXPx3eJUQAnbYU3YdbfBuNxkgFQSP,sell,1.523134583,5529676.790441999,2.754473074507222e-07,265.57635640989906,19779.36083894005
5gJoWGaaDAhVZUkpTBgCPJKCENd4ngddVjzUSV7aCmAYU6NjtYMSMCjRMpmdfmTV2aaKeL8x7VgFLtmnHvPVi9ts,1785083184,2026-07-26T16:26:24Z,9yHA2HwcsHfjSLZQXPx3eJUQAnbYU3YdbfBuNxkgFQSP,sell,2.891358368,11059353.580884,2.6144008751087303e-07,252.07110028855274,18773.52832561901
2sxAAvXao7AEMucDeTSu4tCtcVnqw1jrioxw7AsKkEJG7Rg6DR3SzBQK5Wmw3c2mnWNazUnHj57jPmn2yYi2mWWL,1785083185,2026-07-26T16:26:25Z,5veTCy9eDaL66LqABfpywN6jr1s7zaXP4uit8sMRAaHA,sell,0.000847332,3583.685778,2.3644148859303256e-07,227.96835309745796,16978.42525113221
337WcobsCZ5eijUp6DGuZtoZHZRe8YDhPKLWq5UGjsgGuac3wovagn9SbLkuMpgnR1TJmweSn2GxsiDu1GPHMGZA,1785083185,2026-07-26T16:26:25Z,AjDGDqbTDPwj8zwKrvBYWcPyRkzrLSmtvTekrLhqPJ5K,buy,0.000977777,4137.066807,2.3634547026061597e-07,227.87577568543765,16971.53035257031
3kW924UbRcgSsqkYRzLRAked4ASaX1TRtu8oEUEf5KDDp6o7mkgEAVMnQMU3dAWHjPXezWSRSjGHcqwKwuJJQFbU,1785083185,2026-07-26T16:26:25Z,7WrdEx9stVV5wMdYeV8saCDremofiHF7M7eqQerNNf94,buy,1.222222222,4988139.738953,2.450256580535456e-07,236.24489959641414,17594.83855657892
3mxijtsicsgRQVbLXVDhUP2bsXofwq1jkDLDgHJeaswz8VJ1smoYvytBMgTx9CSBT9RnvUDPHWY1wkGUp43ZZwJS,1785083185,2026-07-26T16:26:25Z,hiJL4dxyRAekwvwwwvH3mf7fyLcA6aMwRcd8TRjBgBa,sell,0.017791767,75264.138013,2.3639102857893512e-07,227.9197013723334,16974.801811004916
44NHP4DFQp7sDyHqWVzTxC7m8SKa1pEwFfS7dK5BPq5MJiQD8xQ4UGM68RFYNkEmZduCehJv2d7dt28QLQfFjAZF,1785083185,2026-07-26T16:26:25Z,2UcALFkAdPHnjFFnknydJKFggYRFAvD96Ku73e85dWM3,buy,0.098765431,397134.16657,2.4869537630827675e-07,239.7831095435807,17858.35422572576
4Qo7USoY2gujMb2Qy1LGCz2xiUE7kkVUnzqfkKWZtH8FEvBcQbP7CnwGxGVouDk3m8p7XpEco3n4kfTk5iR2Jfax,1785083185,2026-07-26T16:26:25Z,FgDTnHngBNmgWCF7GFaSAuN1jWhrzkg9BmG5rUkgCpVx,buy,0.977777777,4091162.0053900005,2.389975698131247e-07,230.43283439300043,17161.972708007914
kA9BRuMRpLy4QrugjSy9rd1VqH25ktPtmr4ghehuDFHnHz5YfAWeC8YamrxAwiMG2kSqModqakddKJhUQkVLX5D,1785083186,2026-07-26T16:26:26Z,ERNxja1crsFqm9F4T9oDz3KoLYPVUDwpRyXzJ3PMQ8Ci,buy,0.488888888,1952980.0721340002,2.50329685886552e-07,241.3588518772457,17975.710968728326
2HsaQLYsUUoq1fCzFRVH7LpmXUsPrNRFUkEF1YduTBoXQ5yxMXVs7RnDifUXzTC8V7bBH1eHjcCkBdRrEEwhjsZm,1785083187,2026-07-26T16:26:27Z,H1NMKd5wwDtdzcjwfp5r9LVLaHbTPBiKypQ8YE1aVuLE,buy,0.019753085,78462.476118,2.51751996333805e-07,242.73019229716525,18077.844446893632
CdXeBB63y1tWeeWhFXbL8y2NthYqhEE9eGpyXi3KkDvCdLzeSbSWqeEbUKHrQvCEgJKMrxWEJqwJ9mLQEuQu8rf,1785083187,2026-07-26T16:26:27Z,D9XWSKpaGnJAFMzZxBfWMSUy5qSFRyYWV6ZKepoJxyTd,buy,0.009777777,38826.18933600001,2.518345778253843e-07,242.8098143920171,18083.77447080885
5Ar6qExjmUq2QiDxurn8fvXpxRFWnBe44KqjAch7ABqXYeGqzF1RZUaxEFWwYhTDC8PBCFKSYWqMMfm11vgWKQGn,1785083188,2026-07-26T16:26:28Z,65tWUV8YHkRxKDMQRQG7BwDJYhmN8Bty64GmXWXn781u,buy,0.977777777,3840492.88149,2.5459695074884517e-07,245.47319470547086,18282.135352715908
3mJj8LtDtbbNpKKxe2g83HPNuX1CVL87xKBGa2fDfDGaLVb62FEPQyD65NRC2T2W1dLoxWd2ZWujtagEmC1X3VAa,1785083189,2026-07-26T16:26:29Z,8NsfpmaZCjGqFRr6kvZgCe3buAqBzA3m8v9nY6NW2anL,sell,0.826667257,3206476.045844,2.578117675544359e-07,248.5728050870566,18512.985391575858
4v3cqbNCz6Uzh67iR1pbL7FW7dbPjW16BB9cViNCUNPcPDfnEtLfxdAK33NYxFoQ5uxzaS1Meu6pLyjMDNsDvpSz,1785083189,2026-07-26T16:26:29Z,ByMh4opZhSiZzoya3iKoF7PQvY2xJfQ8t3uDkwi3RxsC,buy,0.493827159,1908451.762539,2.587579988623938e-07,249.48512717658505,18580.93250875924
3Q9VReqf4VchT4k4J64w2rAmNPYGsikzkk4Bb7Wx5x1zXWbymRXYQWkqVqUi5nFP1chQi2sdsbs9bzoEDPMHVGW1,1785083190,2026-07-26T16:26:30Z,6MaZ2ikXBYEJjeB4JjuWR2wX7yfJBCE3Znhww6TJH3sB,sell,0.979083626,3874113.2648819983,2.527245743884625e-07,243.66791696933828,18147.68347514606
3zcwndeYvoCy8pJAmz2Ggr9bV9bhD1sFeWDJkgsMZyMdwadXdeidoYfgo4BS4HQJJT41QCHkABwodD8rAcvuVa74,1785083190,2026-07-26T16:26:30Z,6MaZ2ikXBYEJjeB4JjuWR2wX7yfJBCE3Znhww6TJH3sB,sell,1.356027689,5811169.897323,2.3334848454950075e-07,224.98619018635665,16756.322361038572
4i7NMD4kU4CEkcX4RBcFCthFF4UVhYSrawc7VkLNScedezn5dN9QFzPvNVHjDWC6inT26urWvVKPnCqgu5sHLxcm,1785083190,2026-07-26T16:26:30Z,6MaZ2ikXBYEJjeB4JjuWR2wX7yfJBCE3Znhww6TJH3sB,sell,2.357647472,9685283.162205,2.4342576592910334e-07,234.70234133004124,17479.953267172405
2xAhAwwdSqqmVhDfrLMwgUKZgs7EDDaoW3MoemrLRbEsg1vVHyXrnSF9ZYU2sJY2yN33Tj8qCxAxknHDLadA2pGD,1785083191,2026-07-26T16:26:31Z,J9kGZkJia9261cyAxqm2w5QCsegVt6R4chauotWkwZao,buy,0.097975308,427102.749873,2.2939517019998859e-07,221.17454711602372,16472.4421817315
5vMsdRqVDsVLaGCT7Kvn1fXW8dHJtvjrfiKVLpBr2gfPC8tv6ZxJyNnoTZkD2XoYsKFhaniz1VUZ2jxw1icaJu99,1785083191,2026-07-26T16:26:31Z,G6uX88CngTFquet1wjd2VuqqseLKxHcwrptHhx5fArXs,sell,0.110906084,483399.056828,2.2942966568398147e-07,221.20780641718085,16474.919238528764
2M1U4wwvuPb9snc9VUrXkY3qQnkUoyJfRNd8hPDeHFpXwD1FiXEqDHPLyQ9fGZfgtajHocUehhzWjv574L7E8jn2,1785083192,2026-07-26T16:26:32Z,1nWYcNbizMn34vsUjBSH85QZfoLaZpQuXiGZPjKJMFG,sell,0.001101171,4682.398434,2.3517242616607282e-07,226.7447688899087,16887.296229388303
2RfCfhMTAQMeGG18EscuA9HcLZMtGC1TqNykNg8tu4aFqnPTnU38Cdn38zKZ5mtYwsQaXSZahxQgVYKGQPmqhmmc,1785083192,2026-07-26T16:26:32Z,8SuAiRmz9gVXMMLXsrjTCfNry7qsAGHXXV4qVstpu9EY,buy,0.131938115,561871.923497,2.348188430182425e-07,226.40385677514595,16861.90607861053
2o44UaXN4EZPBhmAHT8EZjnkbxoNwdtj8Hey6tUFKwjDSjhpRsSLM6XZAkoAEkS4N5W8UC4gtAeF6D7AVE6XhrMZ,1785083192,2026-07-26T16:26:32Z,2x8MqmXwu5MrdJAtP5JZxTaM9VugmS7eeXgU9CrQW5xF,buy,0.182104638,781466.1293700002,2.3302947006392783e-07,224.67860792859364,16733.41452185367
2vMv7Z6rZ27D2nDDTz3xbsPQbs4HMNhWDo2nbzBpAvt9Up9tSbLCHyuBRPzbCMXLU5Mhu81xBAaSJHDLsQtA1pUd,1785083192,2026-07-26T16:26:32Z,7cQjAvzJsmdePPMk8TiW8hYHHhCfdNtEaaNK3o46YP12,buy,0.244444444,1061372.389853999,2.3030978225618388e-07,222.05638306374436,16538.118779025404
335P5Z9S11Uyn24tBw7eawjy1ewsTcSNr5mX2X2Cv4iJWvGEdsoUt5veKpRFcNNGUPL41HG7WdXsjEQCZr3tV1ur,1785083192,2026-07-26T16:26:32Z,48uVqq6sFCtoDsbjhcuk4yjRiSq4kSqZCpDp3hi7m3G3,buy,0.264,1116686.021753,2.3641381270768176e-07,227.94166900727785,16976.43789707906
36Uj4wnGg2WbLAvf2Psz29azjzUxMYsaLDQQPa8jd7TLReFDbkG5Wh8bgPMyPoVLB5R9jFVbVBGMPJoQm2kWiKcz,1785083192,2026-07-26T16:26:32Z,kZ3PGs1VzCbC4GFs4nJ2yXNbaQj1v6vBLy8i2fLYvt5,buy,0.195555555,820997.021348,2.3819277039387565e-07,229.65687582806436,17104.18155272808
3AV1ZdFvb8Tg3koGgqquXHxhcj61fidw8R7NLQN9uGHLmS4Z9MhjtvGfHvt2UmPPnWkVrq7Uy6uxnAw1ria8k4PX,1785083192,2026-07-26T16:26:32Z,6oSmdjTSLnP8KYLbWcWuubtDNBAM3rw6euDQ13A72Svu,buy,0.097777777,411876.729825,2.3739573012911958e-07,228.88839835995998,17046.947567957344
5RvLTrgVTxbRqToQd5jUppz8PL1poyJCkZbpPGMfT1asSexAwKxmfrVSAsWbnXmK6M34gDZkfnLZ3dHPsUcsRomN,1785083192,2026-07-26T16:26:32Z,BminQKJvhM1opGtSGuagYLvbegHTAXJtFDZxC25d8GM5,buy,0.296296296,1236978.923576,2.395322105759352e-07,230.9483157280315,17200.364270679936
5ZwwhFsxBAnd1u7Q7fvpHAQQYt7fR4szCnSVFCcaTYVTaewDmbBQQHuQHA6htD3zFZV52SN3Vxc2x74FhJ9VnJxi,1785083192,2026-07-26T16:26:32Z,4UvPYKxeQV8qFZXpgbrLoZGDFgtmYKSR5wvUo9K3fKga,buy,0.174846136,747234.8237140011,2.339908827200499e-07,225.6055673263178,16802.451783522905
5batTFVX2zK6qyA4zdKNh94DLRLTiZnEZjrcZm8XnhDnsUFuixnw1rK6RnSj1xa3AMP4W1ofUkn5qaNVrXSDsTvp,1785083192,2026-07-26T16:26:32Z,7cQjAvzJsmdePPMk8TiW8hYHHhCfdNtEaaNK3o46YP12,buy,0.244444444,1054171.4102669992,2.318830141087657e-07,223.57323645782384,16651.089643701936
AW91HzXFt9M1WiQeCYUTYWUDePUf4fLQX3hRgSTyLpBd4e6brQUhKxGZmLDah1Rc8NeidTzrpGjiRCZsM57K2d5,1785083192,2026-07-26T16:26:32Z,3v2bdKP1HouTL3RfDvmSxk9ofBg5nxG4trhp8rmpexyh,buy,0.097975308,416147.075508,2.3543433023144367e-07,226.9972873409107,16906.103075104453
kzxNCYN3eW3QtM8EQxwU7iHdWf7on7deqoKimmkcwDPvgEGk4oMXyShCw93PPFW38Y5AWnQJiwCzQuTimNL8Pgo,1785083192,2026-07-26T16:26:32Z,ByQb7K6kEZxBEWiLaDT2ZvoE3Q2hu555Z2px8iP3Gtuq,buy,0.049135801,212620.573177,2.3109617411808956e-07,222.81459372598752,16594.588121715282
4a3efcA7WxW4SfWWkVLVbdTwVtQ6iWD52A2aqshufAQxBfM56MhzZTSgUfWUG16BPNRxuCZiEPCqvaSu7JXjCiuW,1785083193,2026-07-26T16:26:33Z,TuouBnypgwNHajm8uUYLSfaVp1UfCfhphJeZGjjate4,buy,0.488888888,2022896.156909,2.416776987440748e-07,233.01691801602811,17354.4278011826
4MMsw1Ly2coPdBFCVL5Mt2nt4giQVRz9cavSNM4SWaxXsDxU7Su34LgnwVWNnERQeZjNHPujgoYCyBXH5gX3o5f7,1785083194,2026-07-26T16:26:34Z,63otb3qfCMz5bghv2vyEEwMoZnhnqyv7mj6rVco1hwnH,buy,0.502961806,2232513.607825,2.2528946933945214e-07,217.21597846947657,16177.619409387553
4uTfmYdyAgDD3EeJkqmUEjCuNVyZ7HzyWQ7dTrZoNHsUYsMyirbZwZNpXVjpKNjUna7SpgrnvEVL2e6b6KAcCkZt,1785083194,2026-07-26T16:26:34Z,AwSEYQTeNMnQY118AqKWQoje2GrpKWsmf2aYXVhhVZP6,buy,0.048888888,201060.323203,2.4315532384099206e-07,234.44159082554293,17460.533321861283
wn56KvvWmrkaGxL1h7u8XFfUaaFxw462H4CwZXXAcFGYkY3h6zjWTzPivRXaJcRQ9zTQAuaJq7KgCTgodFxPZgS,1785083194,2026-07-26T16:26:34Z,2xKDETThQeNxPZAtkicq8UABrRQtyRfHTwCs57mTpFFQ,sell,3.587776712,15370060.453992,2.3342632403688185e-07,225.06124021183996,16761.911870417618
3o44yZfJQ5P6T5mvDYJCFRMt6Z7URsV7odmA1rWZfbR68WYBBrVNL2jhPRNqPMMd5mJuZfJsNANrducDPdx5j7Jg,1785083195,2026-07-26T16:26:35Z,BtvPHwGdPWNECyGmLbyKqytyDRn89CTVDqzQLcjshK5X,buy,0.048888888,215603.470681,2.2675371526061578e-07,218.6277515604162,16282.76419624238
4BBKry9NgBZXpqYDyryCjAagkTKpAGC9uiDcfmC8mrmT1qzRnrKb4JifrejhCG9AfZZZJNf7EPZMpA8q1aSdojNE,1785083195,2026-07-26T16:26:35Z,E1b97kWpeZk2oZYxGEYigj4NoDsczjZDhPtoYpbFRJVt,buy,0.488888888,2142544.514747,2.2818143783478402e-07,220.00431015785173,16385.28630921466
25LqN3p18Zda4sRLvXGr31meYnRZwnwzuNPKGpzDMwiz65mKd1UKZUFWpMFFVfzKWgdpDaZNJUokDqZ3LHiRETtd,1785083196,2026-07-26T16:26:36Z,5ZUp9q4NRz7BgpL4PVWo1FaX6rhusRK5tNmyv3kcotTL,buy,0.977777777,4212788.889529001,2.3209750183074512e-07,223.78003778118816,16666.49160964532
2F7Nz1fPpHWp4PLSSLLBa9iKamFg7rpfTVtFzMzu5oV6WYSjuo17zhmCof6rpMZs8YqRuxaaVRohVWwaH3142Wmi,1785083196,2026-07-26T16:26:36Z,xyzfhxfy8NhfeNG3Um3WaUvFXzNuHkrhrZMD8dsStB6,buy,0.977777777,4028442.8853559997,2.4271854034579224e-07,234.0204599375022,17429.16870828053
2VqacFFpmffuzSWTcUdtMLJcCo6Am61uh2jYHoyWPgLsyRn8JxEnGdxMDF196AVXHGJqBnVCP1V8Cs8H16vxQNWN,1785083196,2026-07-26T16:26:36Z,F5ugfa5tqJ8sUKW9grZ3wQwdMXuTQiKANffcDtwTpuAH,buy,0.977777777,4119069.3966220003,2.3737832089011754e-07,228.87161299979502,17045.69744275794
5dBRcJC5ezw1x38ezZhdq4VMfVBPbvXzmMj9ZpvbxKYPH1Ek3H5McM7UV8TWRkdLV2dbTArLFRyZaavYopGvPSje,1785083196,2026-07-26T16:26:36Z,8F3sqPAR46wgVdPdSz9gSCVNhJ77Urnb6ya6Ep83tuu8,buy,0.493827159,2001067.244982,2.467818911325202e-07,237.93819617076548,17720.9504002844
234UjuVKquMCXv3sMTt4ZyphrjEx5hecuZ1LC3EJzwyJxHnY29dLmyfQU9TR3JFmM7aZWLaUkpF6vaWKuTN14DUW,1785083197,2026-07-26T16:26:37Z,3Ba2rH1FFpzRpAE1hGvaqsCXRkjZD19ujQ1ocNmUnWSM,buy,0.009876542,37306.922263,2.6473751788941564e-07,255.25036369669235,19010.310692098104
3Cdi4eJJbunME3QQHKbTw5sAn6b7ME2sVm9FukLv1pDYiCewrDe8FGsL2xmAXKA1zg5rXV3XEdmPwfAme5UxtGPd,1785083197,2026-07-26T16:26:37Z,AXK7nSEeikjmW3vWmSNy6VkRTLXvTXHYeMYrKCqLW4FC,buy,0.972033152,3711158.848712,2.619217316276707e-07,252.5354841694817,18808.114297325406
VdQaNU8xs1PayD4cYP99aDVnarQe8AtKbp2moFVnCf1ibZYUDBCxuUPd3Rpb661SSucqohKoMEHSvpSCBp2tgPe,1785083197,2026-07-26T16:26:37Z,21rfafknVM3aVpxZLzC2TyWmKsrT7X1QZdwps6f9sxaA,buy,1.05504931,4202004.877809,2.5108236203431573e-07,242.08455506428987,18029.759248449285
v3uj5DpRUYqXZZAJkapQnvxvkBKkddJou8eAQcXbxkvAASg583z3Dc3u9K3dXEEHf54Wi4o9u3JzVCLYvbY4XQs,1785083197,2026-07-26T16:26:37Z,HwWgT4qXsTFCssX1r8jecbkMFsz1RnGeTvyZ6bn7rvcL,buy,0.906250871,3531872.0437,2.565922150595832e-07,247.39695656985324,18425.411586331684
3bUnbehjm8XSymtDTmRM2kbVMgXJN2HFcs5ANSSsYG4djA1gPyyQcQ5hKyGXRCsm9ynHSwgeCLsjKeUmd4xobGMQ,1785083198,2026-07-26T16:26:38Z,DXruXkezDrArp81eBFT4bJd2gFAXAZGGsNq2W6a2CPqX,buy,0.029629628,112117.494559,2.642730121337834e-07,254.8025040052909,18976.95539435551
3hMy3FrgkqweHrmp2tDaGUxN68KERmzKjEtjvdh9uNRXKQFrnLyVC9aoc2MWTbD5xjdVkbnnnWTNrjDXr6qbDvkT,1785083198,2026-07-26T16:26:38Z,8SuAiRmz9gVXMMLXsrjTCfNry7qsAGHXXV4qVstpu9EY,buy,0.138826128,526274.3394520001,2.6379041802523967e-07,254.3372041765937,18942.301205501837
46uwwCSy5SRGeMcmKNFQFJD1dvqqKJcjjiXzdcKfnFbLL876rTnNPedYN1AR5nhpNkHWXsVUTiuSbmxVvkMiTsjN,1785083198,2026-07-26T16:26:38Z,63otb3qfCMz5bghv2vyEEwMoZnhnqyv7mj6rVco1hwnH,sell,0.589658523,2232513.607825,2.6412314842482323e-07,254.65801082381068,18966.193959060976
5HJRrvWNNNYv9RxBuUFbbcZm4pfyW9Z3HQQSmSEAYxDN6X5WuanRkvqN4cH8PkYeTvMd6Sdj3uEUb9yR4FGMAfWH,1785083198,2026-07-26T16:26:38Z,2x8MqmXwu5MrdJAtP5JZxTaM9VugmS7eeXgU9CrQW5xF,buy,0.183189235,690521.3594239987,2.6529119266174195e-07,255.78419693700025,19050.06905172999
UjjqPNvEg4ukdgx1h7jJna7ADeaj6UVqVPEFfVcx1e51hFDo1ss9vY6t7EbWNPKZXNAaFmpxchqQ82fm6crwCuK,1785083198,2026-07-26T16:26:38Z,4UvPYKxeQV8qFZXpgbrLoZGDFgtmYKSR5wvUo9K3fKga,buy,0.166873525,634702.8999679983,2.629159643171849e-07,253.49408745933968,18879.5083047883
2SajmPoUeEYeocp9pKzdSbK4QaUTUtAMjmCrcqh6vvxWb45JctTqV9gThDT9d3tsJhWWP6E34a56DufrStATsqXk,1785083200,2026-07-26T16:26:40Z,Be1XnFTvQxWpVKFPdSLPFchux1LtWVjVMFM711pGb3p5,buy,0.097777777,368393.463235,2.654166991492655e-07,255.90520576431751,19059.081440078717
47Gyjs2t6McfdaLd6wB7MkrusLNHMTv1FcmMhXSV1t4467C7eUAsVm3hhRQAX7DNsLak3NnNvdvhVDjaEQpDdVYG,1785083200,2026-07-26T16:26:40Z,2HL9h6zXHLtYyej6JcpAggFL7dPA7ksHmN8BJcaqtVty,buy,0.009777777,38762.409501,2.5224894752086427e-07,243.20933470300048,18113.52959095678
4HYYLSoA2b6x4d48x6JdgRrk5Lg8e4qHWZfkpjc6gxh6cJ8z3wpNQAmG9nX976Z2nhEZiHx9AUeqKAdC44fy5PX9,1785083200,2026-07-26T16:26:40Z,A8st9QNWjLcioTs5WWoE5mUhgBGUPjh9rq6TRSGumtqn,sell,1.426064484,5565924.951927999,2.5621338705007526e-07,247.03170427023102,18398.208648806893
4ff4ScvgbGFMLaDze6ct81KRjbzybfZw8FH7eSiqB77duCCzAgngbAiJ9bWb5EdqMXTj8mjYLyasHJzueR5q843F,1785083200,2026-07-26T16:26:40Z,F35VF7nWWMRcGrEPXgjsZmNxcz8GLLVGS1S88NkrR5rb,buy,1.097474037,4189049.81892,2.6198638938195903e-07,252.59782484348014,18812.757250872277
4hW4pMt9ncjnN1DnS3KbDiph4p7rSpYmSCqT5bKLY8QHGwA4fDE8qQw837VeJ1MY9sjausPTWNUECv4yJtXSjNc2,1785083200,2026-07-26T16:26:40Z,98e2YHN72vLBhhW9w8k6Rv8nYegSKP9bFGqTgJrJ84U5,sell,0.949754763,3611660.7978450004,2.62968981906246e-07,253.54520510597342,18883.315399635427
4t9iAySKRJUSPSDZ4QCyu9JkFxF2KGMez41m55Hy47dGgVqWRggsDx4QRKQUTgwpKKdXo2jDDNDHDFhsCZAWd1o7,1785083200,2026-07-26T16:26:40Z,8hGRwXvWXz6ungB1WFgj47rLbTL3Gxmk9KHJ4Ten25LG,buy,0.950104991,3708743.463126,2.561797548000751e-07,246.9992772681464,18395.793579243367
5JRpyBRgKpyRZyy6RGqpE2cEPi8W5PbvimifVmLx9Nip8huPr6yfyrt7fKwhLhr1kTeMjny8i99Y77XzzvM4Gj73,1785083200,2026-07-26T16:26:40Z,GcNY3SXi9JfP3Wj9538vwDenhA6CxURAwZF2rCPXgrCC,buy,0.885754306,3528512.036521,2.5102771276736966e-07,242.0318642127062,18025.83498583618
UtFkLwexdB8QyBUq4vrn8Y7Qu7TKSKzhYKdwuhZjybnPvCZEK5JS5KSh9BnKnd2hdzN4UAFgUCSux4LNRNKD4qY,1785083200,2026-07-26T16:26:40Z,64hP97Bwr5PubotcTeGgfhkFrGiLVVxT2kVo9M9b4AEz,sell,2.797663396,10913853.496807,2.563405672266441e-07,247.15432680814334,18407.34122166519
2SKEGyPqqagkg4kh9ktyfCrWKVBmys4UBuWA2PwReqqzD6rxxF8LyJgjFtPYvZPRhZTQAa8gtkohVX8Mh6sqC5Ke,1785083201,2026-07-26T16:26:41Z,D2ax7LUeKon7HGb16u7e7iTx7uzxcw7pPxBoRrCNTWWC,buy,0.88,3589006.768453,2.451931848485518e-07,236.40642288822096,17606.8683453588
3FzWzZHGsg5T8kk9mtHyaGmCeeASa7GBs15L2UBYYtu8PZRN51U4RhEHUb7tEgjYDtfGet7BSHLtb86u9oLnX9TX,1785083201,2026-07-26T16:26:41Z,EQcBffX5pXLTKZc3z9N684H29vZs9rfpUYxuDhRzexKf,sell,0.118266308,469412.759197,2.519452351536248e-07,242.9165061956733,18091.72056853984
3TH6tfuxkTGBY9NRvrKm2a15th2GXeD2tnX2ZAs5V5avAwefjyMp46u89Atw2RwQLJFfDEfjo8AmXKTrmbfaCvLx,1785083201,2026-07-26T16:26:41Z,A8st9QNWjLcioTs5WWoE5mUhgBGUPjh9rq6TRSGumtqn,sell,1.040725162,4174443.7139459997,2.493087063368805e-07,240.37446022978227,17902.396318790263
3h4NEvBegW88VGz6mWwk31Ee5K2dpJHY9vHf9NAUG7b6ALkGe3ZDAUY8UrHnAPFBBw69eeidoxYJ6txKU2rwPKZM,1785083201,2026-07-26T16:26:41Z,3mhSQ5wa12rcvt6gmxQVcKKvdpxsQrT1zDY82g8YMP3J,buy,0.009777777,38770.77594,2.521945141137147e-07,243.1568519756449,18109.620828835745
3qqRhuKQk4c43zfgh2GYenEunX1U2vYEaWusurMdFo5cpDUAMvaMSWrGpYFYeyxMvUHqDoPHR22eQeavfXMebQKU,1785083201,2026-07-26T16:26:41Z,5u2rVJDkeCnxiBja4CEJm4rC3w55x9botTnnULPbqNY3,buy,0.098765431,392096.350113,2.518907176043244e-07,242.86394234149157,18087.805764326844
4uYpwPeBFN2XV78tYVxUXDQNdidJdssr6waBxgqvM9JgRWn2EXGUwHVEBkjtgK3J6nqNQEj1AnpqC5RP5tUH3LBg,1785083201,2026-07-26T16:26:41Z,98e2YHN72vLBhhW9w8k6Rv8nYegSKP9bFGqTgJrJ84U5,sell,0.66254835,2708745.5983839994,2.4459600428894736e-07,235.83064293739702,17563.98591574373
5cQVWvSXXYeZfwqJVAme57FXcSqEMU6VU86TDmLgRQ5M3fbEtEZdHV6n1pBULWz88W3kREFXvNkxiCysMHwJ9R3Y,1785083202,2026-07-26T16:26:42Z,EyZCZL5qm5yiL5NJyrZVWPp1hKcbvB9bBrmu8z8PCYDL,buy,0.048888888,197315.961039,2.4776955570430004e-07,238.89046671846492,17791.872763381256
2DbR58S2GdP171wviLucBoUXfeLUAEUWDDQTd4ZAHbBGhRx2L9HACZVScNAe2VAtuWZkYoQ1N27TX6fG5qmqQSG5,1785083203,2026-07-26T16:26:43Z,CxYpzfELZZSk54ZuTzjpiMJkAa6f1RXY7yWzznNDGn99,buy,0.195555555,787108.845846,2.484479192834036e-07,239.54452040781433,17840.584795222356
2mv3nscqv5WSxc86GhRwcNSJwHugtsfKsXXC9yM28fQxAA7StchPbfwTpUCLsoeMKX1pG38rhygPUuBjtNGukWJ3,1785083204,2026-07-26T16:26:44Z,DjPpp2Jv7sQMWdAanxXi6ExiFUePdiR9RRNPoJpegnyV,sell,0.12887041,518314.990437,2.4863338390299537e-07,239.72333870293576,17853.902665953105
2QrmsvMT8PNSka9AAAnR7GPKuuw8XVfFvwzwdVWbMrm3aYzewyEQif8SebB6DviK6TDSpkYQojiCVqQewFMR3nNX,1785083205,2026-07-26T16:26:45Z,8SuAiRmz9gVXMMLXsrjTCfNry7qsAGHXXV4qVstpu9EY,sell,0.252165285,1088146.262949,2.3173841016243848e-07,223.43381454971552,16640.70590221754
2xGcwukGNo9Gq6psoLQbaL9DKWAsNLaBryB3Tbh13jkxUr5SrtX1Xy1rrE6HBoe7wsUEP4ZtMdB9xx36eeq8pEjb,1785083205,2026-07-26T16:26:45Z,GMwXfLtKhgtWdLqq29pF4JbUUQA6asUeEaXtjQSB7gpN,sell,1.03886574,4417799.10661,2.3515459053935436e-07,226.72757242209053,16886.01548607693
3qnuRnPADTCT4Q2GwcFdfW9TSZLhwnsMxky6ydw2PGtL19n8inJFwYb5b2TpSEg9hZwtWxNTktnDcLNeZSukdJxX,1785083205,2026-07-26T16:26:45Z,4UvPYKxeQV8qFZXpgbrLoZGDFgtmYKSR5wvUo9K3fKga,sell,0.770951745,3366641.510078,2.2899727894762938e-07,220.7909147253973,16443.870348055185
4yY8Vga5e58CoRkB7jPY92nQRb79bLfozmfRB3Zme9DSf4B8Jd8h7B7JU9SGxmoucXijNcNcuJ7Ur2TDySHiRumh,1785083205,2026-07-26T16:26:45Z,8ZatX3uYfVxH1emrDQd3erxwGsX8tdrqxH1mHiKh3GCw,sell,0.999904524,4154187.0007140003,2.4069800512787253e-07,232.0723327761249,17284.077817638332
5H928Lkr1KFZzDT87qPj4M9KzVvqixmsqRuEsQPEKrJCLJFyBy9TeiwY497JQsx49QKC83MHs58mUkWrMRPi8Xo4,1785083205,2026-07-26T16:26:45Z,9RjpkA83GJGdxwPMPyhbyUhH13w4EzLDCVkD6wXFstsW,buy,0.009777777,42074.90887500002,2.3238973681556178e-07,224.06180021045785,16687.476462494116
5kmYkLFH9Ypc3mFcaGc9jL8ZyPpHKLfV6pNEDen9ikfTXidHDiNJLBuCDbY8mF7FwWLhsu9hMWyjoFQ2fb2AHh6R,1785083205,2026-07-26T16:26:45Z,4zQG6oUwbjRrzVCG3wMAo6xuEBXe2doupdeeekKmPYUu,sell,0.873431634,3552704.339522999,2.4584979512178337e-07,237.03950282485224,17654.018312606622
2z1cQzvLv7NTVUUpFYNXE5sPue8B2AW8rfvbxvRNUPa54DtjypBGWHyc5WvckxNiQnKqNEwayHwYFUhXVC2Yyrcm,1785083206,2026-07-26T16:26:46Z,65tWUV8YHkRxKDMQRQG7BwDJYhmN8Bty64GmXWXn781u,buy,0.488888888,2339266.2670070003,2.0899240710443545e-07,201.5029390187809,15007.357563140515
3K7hAoE3UQeBuqcuHrmmfeYfbVBuUugrVsGpCKP5z1rrJtwKRrRNYiBuvCUMKebK5JpAMa1qCsvqMMk4T5RBwqAj,1785083206,2026-07-26T16:26:46Z,Ak7Z5nUXctypS8d4ArHebJNCNX43gbGHYzm9Cu4Djx9Z,sell,1.300672767,6162728.201861,2.1105470246233272e-07,203.49132980052556,15155.447172067328
3Nritra84wtTD6PhsuTHkEK1hmkBP3aLeJKPjgNwdvCqJhNtaS7CfB2MhjrssNNeu57HkraFKNRGSzEe6ddUmjxN,1785083206,2026-07-26T16:26:46Z,CxYpzfELZZSk54ZuTzjpiMJkAa6f1RXY7yWzznNDGn99,sell,0.169108757,787108.845846,2.1484799452131503e-07,207.14868515152443,15427.8364471577
441NUX3USWzki2WxdQ8Mv8ZVT4u4aLSse34YXoyzEGre6Rb2zwkq4bbZ39fo6YHMMuajrbzYsfTEbz9pdAN3SRUa,1785083206,2026-07-26T16:26:46Z,D9XWSKpaGnJAFMzZxBfWMSUy5qSFRyYWV6ZKepoJxyTd,buy,0.009777777,46490.70816099993,2.1031680064194783e-07,202.77987148692011,15102.459809423695
NVA6n3Np2d8HniTJxA2F6pge8qP9LcrBqbPvBwqYVqbyfq4vjq7Nst34txYFMs9fiyi1qhpXGbkF69JxDh39wxQ,1785083206,2026-07-26T16:26:46Z,4Lodm2nk8y82NtDUPexvbzvMPPKyDgZ38ZzPwXFJiwvN,sell,2.22554741,10068489.837026,2.2104083591719405e-07,213.11959940355857,15872.53291459124
jkxq3uCnmeDJUCuqpYhjEhfFabdszfEJS9kkhbQKBwzxb7uiSYiDCKGdGDWSViqeceUN1cshftg3YshX4sN9Wnr,1785083206,2026-07-26T16:26:46Z,D9XWSKpaGnJAFMzZxBfWMSUy5qSFRyYWV6ZKepoJxyTd,buy,0.009777777,46501.75953399995,2.10266817814731e-07,202.7316798481702,15098.87063520224
2J7nkvzwnNQHkzuuKoBKwfGwqduFdqVH9n3QsJEKD6SA1pAGTqG7A1Ft1gUE9MumqijJgqWFaGBsVEnrH3qockEj,1785083207,2026-07-26T16:26:47Z,CnVuvZ6VGMdMi33gN6rNESChWRYLcRE3aH6wFop76VK6,sell,0.02933095,139493.956016,2.1026681612381637e-07,202.7316782178513,15098.870513780792
3jHJovUkDfLBrfXiXK9aEeY5tUA77kSRnVvPdrhQ6vRH2ZDrWqVi41xrmLjS16pLidgL8z9ToLUdPRJqCNNC5jgZ,1785083207,2026-07-26T16:26:47Z,mzVzFvLQ6Zp15nn8dFvKBx99iAQeUhb19t6UvghBKPC,buy,0.195555555,933458.54736,2.0949570342793332e-07,201.98819917625394,15043.498339695963
4a3WTLeos4tM47n5GvLfaYWfd9FRXZLWz4FFbvJnn3vgsc49NoN9o657uVcj3145iPpd8PEcMVggHzbThHaLYgSv,1785083207,2026-07-26T16:26:47Z,48uVqq6sFCtoDsbjhcuk4yjRiSq4kSqZCpDp3hi7m3G3,sell,0.234050456,1116686.021753,2.0959379041261934e-07,202.08277110816076,15050.541784344829
VhUj7Ph1t67Kf4q4LJK4P5deup98EidkyRU619uDUqCPSVztsZfLu3x9TFftd9F8ipWrc77YyqfVCSFYD1hFUzY,1785083207,2026-07-26T16:26:47Z,Be1XnFTvQxWpVKFPdSLPFchux1LtWVjVMFM711pGb3p5,buy,0.097777777,465066.0688160001,2.1024491691885835e-07,202.71056379449806,15097.297972444449
2ENvFWQdAjLQRFP1ipY29Lq2Jg67Mh1fpELAsc6bAoAUHEg9szQS14cggt38TFQyaZUSFQhndTpmekaFEAmxkUu6,1785083208,2026-07-26T16:26:48Z,9RjpkA83GJGdxwPMPyhbyUhH13w4EzLDCVkD6wXFstsW,buy,0.009777777,46445.839251999976,2.1051997676151293e-07,202.97576657133027,15117.049510154218
2j92nDZzShGXvwiFPks49ALuvtqHyBpVuscqNBA2VJrMTG8LKjSz9XU5gxS26y4b6P2yK8Jotf7Wdsokp9JCvwi9,1785083208,2026-07-26T16:26:48Z,GVyKLC54cRvdEy3vjBPL9GDypG2jd7mHepZB9MGxZzQj,buy,0.034222222,162473.61901,2.1063248426745313e-07,203.08424224957486,15125.128465718082
2pWHVkehUtUYmyd4GU3kHeHZ7SdmCUCy5i1JHeE4CqkkjTBvmJEfeRTbeSabnDvkaVv3PsXFj6nXnLvYY9dX4q9Y,1785083208,2026-07-26T16:26:48Z,Baf7AGwsnTWW4ps6B3zs48wVj8aKH4WCR9h7ytcQS3S2,buy,0.049382715,266446.30737,1.853383350943754e-07,178.69653616507728,13308.802474955632
4GV4e2UF1qFEXYiZr7MxW8QGtyurjkobP9U2djx6JwRpVFCLhS66aStZyerhbueYhTDuTRpZVm1LKH7dD9wKJHn8,1785083208,2026-07-26T16:26:48Z,jnSkoNw3anwkz9TUcNjDuSZqxLNoQKkWBerxRe2Wqdr,sell,0.203278444,964753.700362,2.107050161338845e-07,203.15417485842383,15130.336844669924
59VP6CGScfDDvVp6g99o84g7gSodUqu4S6bwWYFSnvYKiRmAs6X9rVM4NQ5kVCXSa6FTDTVrFxjUohbMPYgtFmFe,1785083208,2026-07-26T16:26:48Z,2UcALFkAdPHnjFFnknydJKFggYRFAvD96Ku73e85dWM3,buy,0.098765431,468143.091014,2.1097274080468355e-07,203.41230532718714,15149.561657278295
5S2zyWmoSFNF4EXWzd85WHSadS4mCtdYy9JZcoaGfMzUcvxPCu95yKC78nmWXD75B1V6T7HCALHzHWDvaNFBrcs2,1785083208,2026-07-26T16:26:48Z,DRCZi1rVZVtoT3zPN6ZreCAyU6LaePpCrHRowmSKCwiW,sell,2.704674905,13305540.232303,2.032743396945003e-07,195.98978471536321,14596.75373604475
aArqPA77wy2HcytCi4Yn6gjU8RnT6xxw1SkcmnpQ5dD5254qj9KTcnpmVDgXEwMy7Njc7Ffs4kAURmE96h7iSx2,1785083208,2026-07-26T16:26:48Z,EB9rURAEFFHHvcuTig6R2jfaPMzWWwmRnzeoPnigGer,sell,2.432570823,12764120.359669,1.905788064084881e-07,183.74920954334814,13685.111011231644
khCaEG171X7HGZPaktHoymhYFdh9ZJj4Uf2HQHDqtFw6BffnbApiou64icqEspWHXzwnauKGqGdMpk84XDY7rb9,1785083208,2026-07-26T16:26:48Z,DjPpp2Jv7sQMWdAanxXi6ExiFUePdiR9RRNPoJpegnyV,buy,0.097777777,528570.423592,1.849853352284312e-07,178.35618642966585,13283.454208569485
24t3uGsp2PHJvth5TexZpNNv2hEf8WqE4QExYfb9JE6R1Msz8zf2eV1bPfpZ8yU74X2mwMs1TMy2A1xmaWg8DrfK,1785083209,2026-07-26T16:26:49Z,CsyWmiekRbsiUhStj1pDZCBN8YDgRvFzq1f2u78nPC2L,sell,0.793063032,4545803.347272,1.7446047957088335e-07,168.20850031452122,12527.683822737556
2rSnodjpf7HxfbqfiQXWjgHfHrRs3SLhZuQcmbupYe3hRBF71rmBmvge6Cfi5YdPkTt2UqWaqbFS7wxe9DgaNpHQ,1785083209,2026-07-26T16:26:49Z,2CRdWmdefARgG5XXjhwwLKjaEC8hFbZYTFohtigmmHMd,sell,1.937782628,10714760.882025,1.8085169135699604e-07,174.37067614012253,12986.62490038169
3MUudGf5HyJ9hm71vPqoP9hRptHpQWJwTQdMAgkF33LayX73X82KEDtx1QPFTHTbhVEnKejHbDtf2n9iET51kMux,1785083209,2026-07-26T16:26:49Z,sfWww4FKayU6rUuh9McLzDK6TeLJkT9MYYc6fBVZdc9,buy,0.009710715,52354.463059,1.8548017556892275e-07,178.83329363339445,13318.987776651278
3RDzVTQt2LzoYePJC2ajCyHgh15pZomHMiKqTsh8GHGkyNxwPLpJWNhjz7JNcqayUUjDHRJmnpsHeEF2GK1HrqtB,1785083209,2026-07-26T16:26:49Z,BxKZUvKm73hfpTTjjPst1Tw5Eh9gVehhrY2fT7fbTfGp,buy,0.977777777,5724791.231779999,1.707971063769222e-07,164.67640804603553,12264.623780649394
3ZLYj6QYXWw5sk4Eydr9UrfB3pJ2Vwgtv2g7tUVckqRWTGWf36p45eYEhQWfdkYHxSj6bvWxc9Kmxi6Bh1nWHv1h,1785083209,2026-07-26T16:26:49Z,9PimVMu47aabsrrFnrQRzboVMCpCqEZcpHzhVq4vGWmb,sell,0.288637564,1678559.250681,1.7195554096937495e-07,165.79332888672238,12347.808822552672
4xtc4XkvZj1Zhy8c1VUp8LcYYxFaYBSB26pDsXrYrTaKhEu6FbhUiVbtFYENNmDzTUEBiS6RyTZtStTkqsyFLQGD,1785083209,2026-07-26T16:26:49Z,Azxu5fAdDpko5LpHeefbCxPUeMagj6KG2edL7heBAu3n,sell,0.532092565,3128809.622685,1.7006230137562117e-07,163.96793557366544,12211.858794846834
zGK53Su6x8dvzvZcEYDBVipwyS9vMJfMtfvzKvq5hjzTyB5VG9FeiEi87xRvVdnpnPxa8vzHw2B5yMz8teGdtT3,1785083209,2026-07-26T16:26:49Z,G61u9wqqHF4fkmTCzctwjBTZaivFyis5RGrcSt4xgCyo,sell,0.062036745,367730.631101,1.687015977272808e-07,162.65599420664176,12114.14918677524
2ByBhm63ymQeLvbSDzhiubScmSu6Wwo5rutP4NAjevL5AgVjVKLVitRKCRPox6s7j9vfWfBbpJ7WMab9VEjJKUXD,1785083210,2026-07-26T16:26:50Z,7gdo83WqcXvown8aHUrgma716BEwGdjRA9CtdUThBy5U,buy,0.048888888,263890.9478240004,1.8526170906251012e-07,178.62265610962396,13303.300101569062
2iPLWvsJu8L5GX7U3ATZHp9aeHCy6jUMVUfEcPDJPrkbL56TPF4CB93V5GqNRvdUrzr3e2ETQyxRVT4XKjzTYSqK,1785083210,2026-07-26T16:26:50Z,DQta6PDd18Rrn8pQJhYsxNHC4GEvzzU9xNdQTYV5yjBb,buy,2.933333333,16297245.512542,1.7998951606531127e-07,173.53939782895864,12924.713690000002
2oiNnH6tvBtpU82bDTFGZJiu26sCwmGFRLnbuvxhNC5jDep7DnFkcNkBTt6WV8bZ1PiWURankcysP5H2uHPNeaoX,1785083210,2026-07-26T16:26:50Z,CeCFexogvcqRrPfAMHqkp8FpjhHxij8uFHxyumR1t9vS,buy,0.026165333,151135.548033,1.7312494208369084e-07,166.92082325214562,12431.781350073752
34e6oKhgv6fgvgCzHFafh9U8ZfXJnqUc9WkyrzEFGH3f1cFUeCCTUXsG1PpekUMD1nd7poQRaXkUyrZKuH5JCM9Y,1785083210,2026-07-26T16:26:50Z,7gdo83WqcXvown8aHUrgma716BEwGdjRA9CtdUThBy5U,buy,0.048888888,285032.2993019996,1.7152051932262198e-07,165.37389670939112,12316.570724044788
3EFao1UxH2aQrN311i5hVCPNUFLoDGTGmwTKDFra2V4sW15vSDdvzbXJBHmEkXVqbMW6frkSod3V6sk5MeLxf4X,1785083210,2026-07-26T16:26:50Z,D9XWSKpaGnJAFMzZxBfWMSUy5qSFRyYWV6ZKepoJxyTd,sell,0.330212862,1772815.235439,1.8626467970207274e-07,179.5896842156758,13375.32156503652
3WgfN5WC2Q9Jn5FZ79BLAnZhxgC8cRCTDNPzEyaAf1GdGFDv5PFXp6pZJsomQk4JfyDHWLmoQQgw7mkwUS1cm9cb,1785083210,2026-07-26T16:26:50Z,Be1XnFTvQxWpVKFPdSLPFchux1LtWVjVMFM711pGb3p5,sell,0.079735248,465066.068816,1.7144929150173426e-07,165.30522141420872,12311.45598618749
3b9H83j6moqteN59GH9oL1VR268qJaCNevusPAgVSaa9wgQqJmmYkLU4DeM95AUsjKG8EwEEsKEdKhR1FHz9VH2G,1785083210,2026-07-26T16:26:50Z,Be1XnFTvQxWpVKFPdSLPFchux1LtWVjVMFM711pGb3p5,sell,0.068266322,368393.46323500003,1.8530817946802866e-07,178.66746119809162,13306.637055295676
4mQknnhB2zQAtczsHyggPHeWHorYrNB5syRTt2BUQcrthKnrTb3NLaG97g4fBKdAjJgCf85fCgxk9QeRy7KRSkDa,1785083210,2026-07-26T16:26:50Z,3JD7zrZVXfGozgaSrnn3GzAcGsHCM5ATazX8EqwJqZWY,sell,2.967987517,16650090.411844,1.7825654057041814e-07,171.8685253781045,12800.271930319108
5kktdmF9h8stqFsVF9LxPWENEJM1yCvstwXCbA23d3Y1hJboDumo6pzNWHTbd5kRABSnsRefbEEPwJeJqYiNxWMX,1785083210,2026-07-26T16:26:50Z,XKUUBZQRQs7hgXmjWVJFhYNmGDdqPKZcGedd4NhZuUd,buy,0.097777777,570163.03259,1.7149090946117384e-07,165.34534794923087,12314.444494751084
2eEMiCoYrNcb8hBc8RHFUzwRZxWVo3yg3iFJbkGZUkpG64vZrQ2WZLVfp4yvoF8jP1VXhSgj9XNesYs1EqXCJ6b2,1785083211,2026-07-26T16:26:51Z,GntwJ8SEg7RXZS5QDZsb3gzeDEtq9DfApgqhpetSJePK,sell,0.993698664,5546065.472844999,1.7917182349638873e-07,172.75100815425924,12865.996701528687
2xDor4pM2WeXRDDyemgzzjNcHQoDSddjJohBgcw7PGFRfLyTRNUhP4wJD2JtxqcYcUgGQR6jEnuT2E4w7FFy3VcS,1785083211,2026-07-26T16:26:51Z,EyZCZL5qm5yiL5NJyrZVWPp1hKcbvB9bBrmu8z8PCYDL,buy,0.048888888,278851.78708300006,1.7532212546103658e-07,169.03926819582787,12589.557017776064
39fBAAbGoqVwZzFTS5idZuAfbcm2WkH7LBiYmQwzXCyUsAAVXhpV8dix4V8ucrL8e1CX7GFS98921Wc6qTdRaMj9,1785083211,2026-07-26T16:26:51Z,A1xGP7kvUDSm5DfnbCNrDc7VZNziZnQGph4JBGT3tPHf,sell,0.105758806,601300.8148700001,1.7588335718930436e-07,169.5803875804189,12629.858028413666
3ETJnxESUyT28ijn6z3Fn6BN2wdAVZPSZ2s7LNM96pB7yZVRd6n54ypivS2sbma6FETGdA6iKgWj6YMmCaumWbHQ,1785083211,2026-07-26T16:26:51Z,GntwJ8SEg7RXZS5QDZsb3gzeDEtq9DfApgqhpetSJePK,sell,0.721174353,4159549.104634,1.7337801162067453e-07,167.1648237696039,12449.953804673763
3jZQMs28A38vZUbE3TLWW2v1XggxKaiyo3y4AosDjkauGrocfFH5grUZEMuxLtG3cn1FJHTNYefmy1vKLfNbrmF,1785083211,2026-07-26T16:26:51Z,2HL9h6zXHLtYyej6JcpAggFL7dPA7ksHmN8BJcaqtVty,sell,0.012503155,71410.297397,1.7508896413761844e-07,168.81446245965208,12572.814135109124
5VSSCHjcPAmnSUdjuCJAztpBk7aXY2HXkyAWTg3wBeoUWrLtpxa4i3qd9rYheLbfHZmasuvquRwtBdT7EZwVi2C5,1785083211,2026-07-26T16:26:51Z,8hGRwXvWXz6ungB1WFgj47rLbTL3Gxmk9KHJ4Ten25LG,buy,1.029468339,5913274.8384879995,1.7409445140270714e-07,167.8555891601255,12501.40001810509
5dVhAExUK4XgqbyWkew8EeYV1uaWjaxGRpZBxcLE7pE4rP6WK6ZDpSFqKhVq3MQLyWycYjVfWGYdM8kmGzBFhsgH,1785083211,2026-07-26T16:26:51Z,GcNY3SXi9JfP3Wj9538vwDenhA6CxURAwZF2rCPXgrCC,buy,0.838105508,4811988.835327,1.7417029354829047e-07,167.9287134207064,12506.846102070027
5pEi6T9KyCbPZ2j6gkyJmtJvrJngi9Px53pFRNaUjwASHF65taV9GJbkAKgtwLxhByRoGaMnyv2DJBGAcPFZrs3i,1785083211,2026-07-26T16:26:51Z,FQTm2LutmRp4yWKpfFic1Xxgz4oEtYrFsed5xu2TR6Ji,sell,0.99014047,5673443.224721,1.7452196678123835e-07,168.2677840644443,12532.099105398504
5rihexC38p1RPWN3ecBh1um6NMGqxWPfDwoHSoLJEHtQDuMsxcSPUqGZAYXn32yBVWnVhZNhtunYkALvphffsSY7,1785083211,2026-07-26T16:26:51Z,FQTm2LutmRp4yWKpfFic1Xxgz4oEtYrFsed5xu2TR6Ji,sell,0.75261143,4255082.418539999,1.76873525814862e-07,170.53507244643103,12700.960202973154
62AKHsfUpezgTrWY6dcHgPQBpixNVQLsanSFZap5hSfWnpVu7f19uw4JpRWuEoaCkjrrVBZikNHCLWfNiQuPzidQ,1785083211,2026-07-26T16:26:51Z,F35VF7nWWMRcGrEPXgjsZmNxcz8GLLVGS1S88NkrR5rb,buy,1.065759487,5953940.396884,1.7900069801803293e-07,172.586015141798,12853.708497964595
62UdqUxnvi6QmoSZJh4ijzYKUzWgUw2rpZyAu7Kpz2JchYQ4eiUMptJDqhvDUDLS9c9R9sW7ZoF8qyBkZTXdR8ND,1785083211,2026-07-26T16:26:51Z,65tWUV8YHkRxKDMQRQG7BwDJYhmN8Bty64GmXWXn781u,buy,0.488888888,2754384.268979,1.774948011089325e-07,171.13408367095082,12745.572830830979
B125edjTpF4euuhduu2xn9qyKAa1E4Cj7imEeWPxq1qB6Tx8nQ3HnhziTx2bEfeqpkeFhPjDTGdKbYNkHB27hCr,1785083211,2026-07-26T16:26:51Z,AhRrqiGvTGoNnJuwesaviHMfhBzFCdzgSQN9j8Vwbfrn,sell,0.091725336,522883.696303,1.754220616334672e-07,169.1356230478441,12596.733249170962
EZVr64BnewMVFnMg25FtQxBZNrxUpaayQUWRd8LqxYqrVVVMW2o6a5hLqaTZfG6azbGedxrRpjNFUA3xBcbQcss,1785083211,2026-07-26T16:26:51Z,A1xGP7kvUDSm5DfnbCNrDc7VZNziZnQGph4JBGT3tPHf,sell,0.077357518,450975.6111519998,1.7153370622946374e-07,165.3866110492181,12317.517651394293
cJMLD2WZkvE7U4tnXLJq9Q5tuNRGEKXaXBcKnLuzpKDV5K1BDAGUKyhCjJncRUrbVxxq8XRve8BjrjZo35E7tci,1785083211,2026-07-26T16:26:51Z,HSSzaFvvryQDXMmeh14ofRXC4G5TytnFMEJY51PvEh56,buy,0.195555555,1111788.364001,1.7589278799092025e-07,169.58948041909775,12630.535236805674
3NqFiBtQxjdeMKLCPK2f1X8q7xTxo5Svff4pxG7fGAEiKiUZ4wp9pyASJe4379hgqAPJuWANqRa5XuBJ7bM1QgNs,1785083212,2026-07-26T16:26:52Z,DWbqhUVCCUiCJDQx3nWqhG4UxMMZfYtraj5iW9p6B8ox,buy,0.292138597,1684641.977049,1.7341286812272204e-07,167.1984311513447,12452.456785508688
3PP9RvDUknyekdSvF4XZzdn4ocrom8iGhXHFjHCzVBor1mPQySHbu6N4LAqm4C8Gy4hNX65x1PqoyuQ43VH9xee,1785083212,2026-07-26T16:26:52Z,AhRrqiGvTGoNnJuwesaviHMfhBzFCdzgSQN9j8Vwbfrn,sell,0.070244532,392162.772228,1.7912085739530738e-07,172.70186847832312,12862.336920232687
3bP26MJyDQHNeVRMacAvsrDojxRnYckerb3KL7ATXojMYgwfPN4QfAWYNfhD3ahigFXw6MPwtesuafQPGtbWBpGh,1785083212,2026-07-26T16:26:52Z,xrS3uSL35KsqPmuWcCAr3ra2UsDxChuKsWQXjX9VCwH,buy,0.285632775,1599175.363943,1.786125408383798e-07,172.21176799289432,12825.835650015415
3dyNpj6c4Pc7YfnxrGFQFJgjGBYGwpTrHzxQAFQrdq5NU8Yws33JUxRKA9aUjurvrvHKCZfAbwKPKQww38zh6M7s,1785083212,2026-07-26T16:26:52Z,92dpPnZkPfjxj6DJpeDFPkrycdXSqWJbbw6xik7WV4Wk,buy,0.267072896,1517085.169282,1.760434426541782e-07,169.7347362101763,12641.353469062968
3gibUjMygXRKaUfPL33dvsLvUcx1yQRvE3y7GFd9NJ3rNJ4352zpoT5AkNjiFZVXEYriKcEaMpGAJfpeWHnptxD8,1785083212,2026-07-26T16:26:52Z,4UvPYKxeQV8qFZXpgbrLoZGDFgtmYKSR5wvUo9K3fKga,sell,2.118688684,12179190.068384,1.7395973559029273e-07,167.72570103399735,12491.726325197666
3pzRQZyPnioQvpuPyxs2rQSLjL1PKTpkUVFVXybXV71L3G6ccZ64RQ5bHkmUPGhgipeFQ325KVZ9oewznurjAnCE,1785083212,2026-07-26T16:26:52Z,2x8MqmXwu5MrdJAtP5JZxTaM9VugmS7eeXgU9CrQW5xF,sell,3.18555476,19687936.403438,1.6180236946741274e-07,156.00400722498009,11618.72838733048
4UPWpEedh9i98DAHT4h4cjCM39v3ojrUsc3uAoR1Zqrv4681dp2Lpo14Uc4HKtWfe4KbaitWw3ec9KRyY6UNiTY2,1785083212,2026-07-26T16:26:52Z,ABuKAMp35w6NGPJSxuCU6BvB7NxFkBzZDyyTSzcDpbn5,buy,0.270963155,1528241.293326,1.7730390886787728e-07,170.950032259029,12731.865212658451
9QQdgwz3JuDVX4hngNjhqkp9Csep764ytKqLxtVQQnonoTUZ1FwcjjsKGXwyspZRak9WwwWp2GiBR2WbSDqd1ah,1785083212,2026-07-26T16:26:52Z,Gg5KQdWQZi5Peam7MUwGCpsG5E5XzPa5tu6riW16cELF,buy,0.298657147,1735931.723259,1.7204429356202307e-07,165.87890093458725,12354.181981802714
hUwjpigvG1UBjZKikpNUwVBute8G5bqGgdosYn7A7AQCdErNYx1JSqNHK4AhXWf3weLnsgq3rniebGopRfqPYzP,1785083212,2026-07-26T16:26:52Z,4mBz61bMYB9QVEnjfWsvoMoTizGA7PR9LKrPQ8LWJzzF,buy,0.284920327,1630400.032675,1.7475485849477735e-07,168.49232985250146,12548.822627879517
2tioJrnKWS7nRMRs4TihFY9t77thcVbpSBAY9Qs5erxrNf2h7u4u2udYWfVBwRy3zWtT2dZhc9oYHA4gyVmSXoHv,1785083213,2026-07-26T16:26:53Z,6eLZ288gwV5pmLPPdiDupFMr5ueuG3Y3L4WDK1kRmQP,sell,0.024937328,159248.073013,1.5659422138165702e-07,150.98249873735168,11244.740922198964
3MQteQF9zXchTmqvVRNBhAyFErZrUkv82EXjbm5UDaGuFgRazkD9gb35hJHC2HoTK7s1d2MpLUsXwN15QFtWVt92,1785083213,2026-07-26T16:26:53Z,5qYdgFseMacDt3KYbW6nCX5rknHQNJxcNKdX44d994J7,buy,0.196543209,1305722.148573,1.5052452714752406e-07,145.13031853583857,10808.887424301083
YvyKdS6GbVDr2Rxv4a4F2Nq2JLCxeHtEgMDeczwU2fv4JhqkkaH7xCNSnQ4WxTm5Wsv5BXixd167BSXj3b12XuX,1785083213,2026-07-26T16:26:53Z,FgqRy2vsRoCWVDhmBqZJZRZ58uJnsaycYSmjofScgUdX,sell,1.083574975,7108207.782549,1.5243996913824464e-07,146.97711859904524,10946.431764999707
aCaGJRFQk3BDSkPNZbYKKQuDtonKSwbm8mHkJWqYS7LMk5ndJ15EqXFGmr8QnobYJCThqcvwghphoNEdVrmjHXJ,1785083213,2026-07-26T16:26:53Z,64hP97Bwr5PubotcTeGgfhkFrGiLVVxT2kVo9M9b4AEz,buy,1.303700011,8478065.480681,1.5377328872615412e-07,148.26265724294828,11042.174974425003
2LDx7xxYvZ9YSQ9aNTyMdsyujMZqxo31sN5G9GsRQeqjJ1tuVUv3xp75933P3BtwZaZaxGCM2EAfPRepg9Nvt4jt,1785083214,2026-07-26T16:26:54Z,CeZbzsqje88U7GCCrAiGUr5BrZrBJ3AkQMyG9aggDiqQ,sell,1.117179174,7694551.722745001,1.4519093694537554e-07,139.98786328521484,10425.892193192487
3gCgbCXzb8mC26yU3PdJCz1WiRyrA1jhSngrY6srFMvkfyMmn7RVY8D7YQp2T9ZKf78juJHH84SJ8fMwrkVgqpMy,1785083214,2026-07-26T16:26:54Z,FQTm2LutmRp4yWKpfFic1Xxgz4oEtYrFsed5xu2TR6Ji,sell,0.958880895,6382623.627811,1.5023303126035336e-07,144.8492687178544,10787.955644684951
3uTvSdERL2tJ2gf4rnMbUU3TtsHK7GeKznsWrhhENTG6gHWktaKyaH1tNpEg41NU4cAgvkhe7XQhzBgrJFoaf4Sj,1785083214,2026-07-26T16:26:54Z,AhRrqiGvTGoNnJuwesaviHMfhBzFCdzgSQN9j8Vwbfrn,sell,0.087176866,588244.158342,1.4819843897083996e-07,142.8875882351896,10641.855341774528
4DHiVXz8yM6JiKwUDsvLJe9DrpTFqnkj7Kmjq3RSVWrdXobBJFLn11oDya4uKfYWKJgFzMx54T3WSHxvNy5aLxYy,1785083214,2026-07-26T16:26:54Z,A1xGP7kvUDSm5DfnbCNrDc7VZNziZnQGph4JBGT3tPHf,sell,0.099979344,676463.416728,1.4779711885025825e-07,142.50064985352785,10613.03728742367
54YJJqH26FY4uYGUiwyZRfcTChzLXg7TU2L8ma72pCEf1XEwLnDwEtRCB6Tfb9aRDH7drn4NhmTinLzEH2pqqV9j,1785083214,2026-07-26T16:26:54Z,GntwJ8SEg7RXZS5QDZsb3gzeDEtq9DfApgqhpetSJePK,sell,0.963442887,6239323.656951,1.54414635298918e-07,148.88102047026385,11088.228883620626
6MCvnBR8wECcVXv48qUDDdoZQtRxv16YCiSLKoGZ5KsiENq5mpPuFZUCw5XbAEuwim3USUfd7Vm1peUjPdx6ycA,1785083214,2026-07-26T16:26:54Z,GvLED9AJquasBJ9Jb4zFsrpkib8pkRBHdeUK7hTtMhGj,buy,0.048888888,329705.119966,1.4828064545992352e-07,142.9668487661642,10647.758437455277
3Z7wuCj8KsHqtTthaqDJUoqWjvHtgFFgL6cCrzXgc1SEQ1TcRbQ5UCrdojVutuzMToY8iATf8nDBAwA2xuwidPiu,1785083215,2026-07-26T16:26:55Z,8RCLhQfcQ9pmuDfxW1r2WgrEchPTTH7d6JFdqTAouW6q,sell,0.03340975,258315.149551,1.2933716840871467e-07,124.70223162557141,9287.462446153664
3aiZcsfSZsrxJgtAGwP9wYMQ9cFLWVJiaSQkDkwSanNyPY2RrQDuLRiMBKZLZU9iByNXSDMHPi84PYLZn5P6ArAY,1785083215,2026-07-26T16:26:55Z,436h85qXhByXQG4pkxdrD4CYQFRuJ3UPR5YdfUuL6v24,buy,0.024691357,190932.673444,1.293197049757013e-07,124.68539401349592,9286.208429382708
43LkmFWkewa9mrWcXdCeS351X1C69fNEiWQjpW6Tu9soXNH5wdMEedsTB8rciMMUV39YnbipvB1vgHSQuJH1qZ8x,1785083215,2026-07-26T16:26:55Z,3r4atS7aqjsnvvtCW2oYmhZASGi4L3oP8WWRJUtu6ij7,sell,0.046849724,328219.707351,1.4273891223082057e-07,137.62370951821882,10249.816841198499
4RkXE43ej1JhyUDFgi3LquxREwDiVTH2tCnYvPNVeJdwHvSANSZWC8hHUxePqBbx2uacGTpLTts4PEA8gYiesgW1,1785083215,2026-07-26T16:26:55Z,4YCD7moMd7ecCEH1qBTozAUcCauStipF9sakUrP5DWL6,sell,0.021191038,163856.616114,1.2932671565276774e-07,124.69215345539608,9286.711853114477
4vKJjcvsUDKtpsHpWoTX8McYnwPqowoz98GgxWWPtjBnKNzoLgYCzysjnU3hFvEoeumW6xRUugS34oc4pTAaGJ82,1785083215,2026-07-26T16:26:55Z,HeFV34V39uxkxMRyVifL2zS8p2N5QeCTjGechERZRjj7,sell,0.08835937,620264.710322,1.4245429173961827e-07,137.34928870898065,10229.37877102911
bMZVuFnCRcdy5UHgKbjjZwuxci7iTVDhgBr7NkA1fmrTnkUUZqWgGxpmBRiwAqYdHQqDqVH3K3y5KLLwKTUgnAT,1785083215,2026-07-26T16:26:55Z,CeZbzsqje88U7GCCrAiGUr5BrZrBJ3AkQMyG9aggDiqQ,sell,3.132081998,23083655.168235,1.3568397098177073e-07,130.8215896901143,9743.214580483194
24GGK9YjaFyghUPyQE2j8ynxhBdJ2ANnuh4S1T5y7qZMjLUx96hWveRcGrcH2UUXWnfESaEXtq5aP1yhajVtw7PF,1785083216,2026-07-26T16:26:56Z,2DfZvY9U9mt3T6EFDzfXb7jWm83N6y2LUh45TWYJEe7d,sell,0.002071257,23776.577194,8.711333776514645e-08,83.99153744681774,6255.447393870603
25LegoL35gFPchCE9qFqXLaZUAXeATm9ddB1cTuUw6X21EYg1cyYftYqgT8kec3Be4AtwYcRixxQhTvktco5kqL9,1785083216,2026-07-26T16:26:56Z,7gdo83WqcXvown8aHUrgma716BEwGdjRA9CtdUThBy5U,sell,0.510851558,5634739.901391,9.066107166257853e-08,87.41213447756004,6510.203592314845
2K6PsHSwrsp4PN5xrZwc12w7hkpav7ALnZFKd9uEaYok8BkpLySzcEFwBKjS4MfacJk9TFqHiYPghf6cRYTuyFqw,1785083216,2026-07-26T16:26:56Z,8hGRwXvWXz6ungB1WFgj47rLbTL3Gxmk9KHJ4Ten25LG,sell,0.895267697,9622018.301614,9.304364936094827e-08,89.70932993702091,6681.2920827379985
2KMkX9qBAm2FG6cQ5ta7BFzuTCAAbgNs4mnFTZpr2vnbKFX7gmQrL8g2w1v4qvSpiYgkXReKJB91oBQ23hnD4hTd,1785083216,2026-07-26T16:26:56Z,DEMHeTJ53B617pjwzvBMyFKofwbket5PweDF4A85jf6a,sell,0.044626723,471468.561097,9.465471652269618e-08,91.26266277119716,6796.979830869934
2NHGiLv5nPxTpDT5UVqG3kVAhSNSNTb2KcUManABkG1itHJJ3CQNF7sZc924MGbR9emrDN2PNw9J8Jwydk5YkeuZ,1785083216,2026-07-26T16:26:56Z,F35VF7nWWMRcGrEPXgjsZmNxcz8GLLVGS1S88NkrR5rb,sell,0.911018184,10142990.215804,8.981751580323167e-08,86.59880835131487,6449.629408873939
2duY1emheMzUsCSiNVgKeXz8toRvJdmRk3LJ6g6a8zbRt4df57nygxpw92dgYRG6wUeU6hREMU3a598s56WGh5ug,1785083216,2026-07-26T16:26:56Z,5ZUp9q4NRz7BgpL4PVWo1FaX6rhusRK5tNmyv3kcotTL,sell,1.713668576,15890588.407415,1.0784173197767514e-07,103.97710731911084,7743.914979689172
2y7T8DMbUPAW7um9UjkRqk1xdYzXq5rFhbWxoPnghr285uFC8i3YcNTqkDk1DV9Ht745b1wBgP3f9i8HKrGahsYF,1785083216,2026-07-26T16:26:56Z,CzeRd3vZfXFBRvgsdYq8g35Ja1Pzxt6HJy6uAkWP4AFY,sell,0.289655795,3297958.019916,8.782883021882056e-08,84.68138945751328,6306.825581407582
3FR9xiSkQ2GaH8zaUzwEeQgM5KxnZGWYzTrfvkS3pQ2HQKm3aVTSHZ2JHwPMzDb9n6WcQ82mYi1akffsra7XT6kZ,1785083216,2026-07-26T16:26:56Z,FAoLSqAkBJyKYwzdBHdTBeXymvXPPcTczKozhZbGtxB4,buy,0.098765431,1044453.2941170001,9.456184547103e-08,91.17311985373054,6790.310932707892
3XYRYrpNwkHc9HWXMnMnFmDNWFjDh4cgdxGudjtPZQQvdMDBvDNawvAEvMkpD8YQZTD4k3M71aLsHGJ1pC5DLgcd,1785083216,2026-07-26T16:26:56Z,9fwGq3uqfedVbwuRLr14u43DFVRWiLRYtcW6oFvTfwu3,sell,1.565179245,13737949.681386,1.1393106550104146e-07,109.84822301476743,8181.178738562052
3eFDM3aTs3Bk7gcqegEM6GCpb68xJ3nHNZsUCu7Vu148Dr9YXZ137cDhcvrFRGMWN5cEB9pNM6ivgXR49n1VX7Bv,1785083216,2026-07-26T16:26:56Z,xyzfhxfy8NhfeNG3Um3WaUvFXzNuHkrhrZMD8dsStB6,sell,1.45940198,15062179.836771,9.689181750686517e-08,93.41959483125328,6957.621907964633
3jfBWYneSs3gzF3VjTh6h68nfycHaVJNeNfbvPzDyr6aKad4p7Lzg5BwJVDD2vNJaTeuZqn5zuoM5gdEr7W5G8ZF,1785083216,2026-07-26T16:26:56Z,EtLkdVe8trKMLquWpqmBAZ21HYyGkBsVxU46k9hvdpRA,sell,0.033478095,366246.582302,9.14086209066508e-08,88.13289448903049,6563.88371858011
3oMxQMrV6x9GU7hBNdvABN48ttgzwn1bUAz4CPyhq6Fev1MdWGFEqLVwwDuCbnwFvyZ2n8SfVkvZosvCYbg2JSLU,1785083216,2026-07-26T16:26:56Z,FoDtXWikLJVhHJbrt7oP7r4tUtUc7QQqHMxr3daTcqzC,buy,0.068444444,784875.379308,8.720421840769845e-08,84.07916128362533,6261.973364441697
3xPn3zveGXdEzUAi21nuhyJowmcyLdMoxApE62rSFaw5r6jQ9UG6phB2pJDGuPbLD9Asoqk5XEfTYDmfMnJi5JW6,1785083216,2026-07-26T16:26:56Z,TuouBnypgwNHajm8uUYLSfaVp1UfCfhphJeZGjjate4,sell,0.176765502,2022896.156909,8.738239053758399e-08,84.2509484232664,6274.76757499712
45MHSyhrbSRtzJgUG5Y31GqKukZRXYuCxXfWffGWYazefnNhVDTgQ5rYEqvFw8t6mYwpeyC87rcBK72BibeDy6pA,1785083216,2026-07-26T16:26:56Z,XKUUBZQRQs7hgXmjWVJFhYNmGDdqPKZcGedd4NhZuUd,buy,0.097777777,1117297.5275390001,8.751274802815402e-08,84.3766344127093,6284.128304887372
4MFxKQmgcLXk87efGqNC2p5hXP7rXMrVbUmEiGNPPrFueU8xaNhg5du3UqYu9QEiGuqycQU1z8ggiNpjTGbKo2CS,1785083216,2026-07-26T16:26:56Z,F5ugfa5tqJ8sUKW9grZ3wQwdMXuTQiKANffcDtwTpuAH,sell,1.486191914,14560596.57747,1.0206943830169874e-07,98.4116700063211,7329.417264891598
4VL3V3DyhUxAEi2troVdjQd9DUFibYv3eRE9xFeHvtkQ9PYrnehsHusv4xjBHnAZg3bfRAm5o4DLcimXS7h13Awv,1785083216,2026-07-26T16:26:56Z,BaiyK1aJeypxRszgWEUvAanVjNhdkDhk1Zbcu49XVeXq,sell,1.628514893,13568973.803777,1.2001754270810765e-07,115.71658475329602,8618.237390653192
5DMyhSeB173KKXugcsqKemqPyDT6sYDHKGduMoDZ3iFGUH5KpdAJNuQg43b91aL7R97xefMYtKiG3bszQUUXHYvr,1785083216,2026-07-26T16:26:56Z,3Ba2rH1FFpzRpAE1hGvaqsCXRkjZD19ujQ1ocNmUnWSM,sell,0.003414636,37306.922263,9.152821494971039e-08,88.24820275070148,6572.471545245603
5rk9AJWcK5uqgBK4n6juTb17z73s46xB76whCEN5rHcQqWu7ethGKJxVoqEuqusThK6xLxW6fVeTDB5xUmzRdFHu,1785083216,2026-07-26T16:26:56Z,9ERrNvQtSfNEqMKBw1V3zHWMZUPNM5DxH4q5UNnZKz2c,sell,0.055205818,634409.981446,8.701915104514954e-08,83.9007260094126,6248.684020003214
BbNBJxQ4evsXWYfAWxGg1wG7ZqhiQfspqTeQ6qHyeYQfAE25xitS2PNFj4ygRaduubaTX1cDp6yyeMXoj49VWyB,1785083216,2026-07-26T16:26:56Z,HZha12tyuyqTiHcyyLFjbM6WwnD1V9PQoMtqWbWMB88M,buy,0.493827159,5448668.1736240005,9.063263595139201e-08,87.38471779072171,6508.161676576131
ENUNAd5AdAmhbTGFQQhu4NftV3fpxWB42Z4n25wAEY8VzMnTdvvVFXe7WfbEzEdPSba6EUNPyNv7C3s96PZjtQR,1785083216,2026-07-26T16:26:56Z,AiZmc96qy4sDHSRmZQYJbRnykikbKGCt25sZQYdZ52Rb,sell,1.481611137,11749297.788126,1.2610210105469762e-07,121.58309639578101,9055.158252928522
fv7mRQCtENkLBeAi1AHBpwcmeUpzyGej9bA5Bo6eKZqv4PfVmDtCjsURtoFXsq89PNzRsZFS3j7NxZhHDM9EP4v,1785083216,2026-07-26T16:26:56Z,GyW6TgKHy3x8o9eN7Hg36TyELvPYMrzLoWxjx79tLGNh,sell,0.060801485,697130.381988,8.72168055946909e-08,84.09129739520995,6262.877227019899
gXN4pGfXV89T7i15ktFEB94oYDuRWsUtXW6dEexKV4YmE73BfvQAhsBvztTFAFc7GyuWBADtWNfdN8gaJXteBYi,1785083216,2026-07-26T16:26:56Z,3v2bdKP1HouTL3RfDvmSxk9ofBg5nxG4trhp8rmpexyh,sell,0.053756429,416147.075508,1.291765151404184e-07,124.54733554023903,9275.926232592545
2ZhtzQV9wnqJLo7B3dkjdNxcfqJn93oLDgA1X4MzwJDMFtcpTuYLGhfD65hcvGDLUGXVsMWWntSh5smypY9dPsh3,1785083217,2026-07-26T16:26:57Z,FhsfqVkt4mQp81LMKpbDT5jgQQsfrybyxhqwCE376inW,sell,1.730599717,19464708.236905,8.890961508063042e-08,85.72344322931784,6384.434740011629
2cAfcHkKLqhZA5KZw6LGimyKHYDPtVGkN5mZDZLgJJF8VDAPaAezSquhuh5svJXufnbMdEgy98wUfcB9m2ySBjWq,1785083217,2026-07-26T16:26:57Z,2UcALFkAdPHnjFFnknydJKFggYRFAvD96Ku73e85dWM3,sell,0.094988235,1192498.196035,7.965482490106181e-08,76.80030842732795,5719.865403159009
2groFsUmRN3TMFUEkzKmZPqHKhUmRE9Pm1dB4GCpuQqmwiEAJQsx8ErWSziUkJcULezxAHk1yzwunMPFniW2vb1E,1785083217,2026-07-26T16:26:57Z,ES67M5p8yLJuwhBnyusBQhk5BGdg5DymwkTrk49MQUWz,sell,0.037398437,417820.61223,8.950835814536856e-08,86.30072969122054,6427.429370225567
2iveoepe957KGjA8BjnvqrqbwidcEf4RfXzQpgxuGxx7i5f1eGzvsT7XJdkLUso6wPU2sL2uHv21964M5fzfoR5M,1785083217,2026-07-26T16:26:57Z,E1b97kWpeZk2oZYxGEYigj4NoDsczjZDhPtoYpbFRJVt,sell,0.212367612,2142544.514747,9.91193464305115e-08,95.56729785588891,7117.576633126935
35x3wBfkhM214LBngnWB4wfnZ5oGpfdPrWepcBpPw5CvftEGKXJnPD7oNV8dmgNUfXF6sP9r5BiuqJN6M8HXpmbf,1785083217,2026-07-26T16:26:57Z,7BRgNPt3Wh9VjDLLrZAiadxJ8wSuNKi1i7PwqKJV8hCo,buy,0.977777777,11043940.440127,8.8535227286028e-08,85.3624720247159,6357.550646093009
3GYQPRNHY8Cvi9mjg3q9r9TSir9ZdTes4waCAdSaHgtR9JgcPpvSZxwCVy3eHBZiqADc3mz74oGhTiuxoAFvBeDx,1785083217,2026-07-26T16:26:57Z,436h85qXhByXQG4pkxdrD4CYQFRuJ3UPR5YdfUuL6v24,buy,0.098765431,1239825.334655,7.966076207620243e-08,76.80603283740045,5720.291740706314
4G3fJoA65GwdaHUWyUAqhfLCUTHk61awGvKfkaGSWQTbzkea45YerHpV1FaHcfy35vTGpTtdPZYUfQaGVamhVrei,1785083217,2026-07-26T16:26:57Z,8F3sqPAR46wgVdPdSz9gSCVNhJ77Urnb6ya6Ep83tuu8,sell,0.179837376,2001067.244982,8.98707309566789e-08,86.65011648240211,6453.450690453613
4Hrcz46xVP8b8pzt2THfimdKPtvNAdtvc5XeNpHQuJP9aN6KmeQ7eiQxfRt5xCu2pfpr7Ju7SBP3KZ9Z4vAvZN2b,1785083217,2026-07-26T16:26:57Z,F35VF7nWWMRcGrEPXgjsZmNxcz8GLLVGS1S88NkrR5rb,buy,0.959570147,9810982.335236,9.780571549433106e-08,94.30074229966682,7023.247229306004
4Qs8WHzUfAX2XHGrKDoia4pa5R7xZAdesAyvp22LygsMpQ9qtDzrkRWr1c3Xbh8VRR4WvDpA6mUvT9TxbSq5Pwj1,1785083217,2026-07-26T16:26:57Z,576b6UzS3DvQRu42kezf5gsLtpyq6UEbBMahYZh7HzVo,sell,1.955016848,23587774.081686,8.28826340810985e-08,79.91244558762287,5951.648400357523
4U4pGxagoAyBFRvedWkRTC1mu9nTmvq1wmZ1DC6y2pdWLMtqtGoWBwptbLW4FCBnFeofUTcnPWGFhZHR6hMVNdc9,1785083217,2026-07-26T16:26:57Z,HSSzaFvvryQDXMmeh14ofRXC4G5TytnFMEJY51PvEh56,sell,0.088652727,1111788.364001,7.973885126928731e-08,76.88132362011461,5725.8991809893305
4UtYaXCsMzshByhCb2Fgz7gMWZ6QgfHJNfyvMUF9hQVqifeAeid46D5DZ9PsRu1cCKFHnaJZByMZv4F72jPmNyFv,1785083217,2026-07-26T16:26:57Z,74ok3XR2RBV2XxHrGuiGVKvHTXJARbDhvTxybK4TiMBH,sell,2.009805022,21105349.152842,9.522728136100815e-08,91.81470913162318,6838.094651143456
52he3PFeenJZKT8cHxxd66MaRgSvgjb9wNVGigkkFpLyEfobvXoRXXy5n5hMXrb8iW4GXZod269a1Si2WgoSbCRe,1785083217,2026-07-26T16:26:57Z,Baf7AGwsnTWW4ps6B3zs48wVj8aKH4WCR9h7ytcQS3S2,buy,0.019753085,247385.490597,7.98473869762172e-08,76.9859698330458,5733.692929024641
5AnpyvC9HXJgV2dHMYgJd8HZYCkcPZJr2MF1LJvipjJKiP1pgPqMsXjT8rp81pjMkvoKRxbYC3wNXfW5mbSs1iTb,1785083217,2026-07-26T16:26:57Z,8hGRwXvWXz6ungB1WFgj47rLbTL3Gxmk9KHJ4Ten25LG,buy,0.984586232,10424890.432675,9.444571512367997e-08,91.06115116250146,6781.9718276142685
6XG2taeAf51Jfs2ysc8fGgnMcpY5eESFLDQEPZAjmDQDY3LrPonVSicRPx5gDXEy5w134rXeLwYqwJAGtnvEqRd,1785083217,2026-07-26T16:26:57Z,GcNY3SXi9JfP3Wj9538vwDenhA6CxURAwZF2rCPXgrCC,buy,0.989176956,10858750.223087998,9.109491752529685e-08,87.83043300634438,6541.357259949524
28Enosa3RfzkmRsT9udNarjCovvrc5dkG3vWiqZuBzpKbuG5xukdLWKsfhyuycvJKLQoUVqNp3N2ur3VNU4AN1cb,1785083218,2026-07-26T16:26:58Z,D2ax7LUeKon7HGb16u7e7iTx7uzxcw7pPxBoRrCNTWWC,sell,0.25213569,3589006.768453,7.02522191421445e-08,67.73465517653796,5044.681703404773
2EN6P5NhVNUYXFkabbWgiamxBf41irJu98TvV8rqPUZJw2xK8iRBJZrhhegrLNF4PyNZTWNrwkfmQ2DY1jjXDNME,1785083218,2026-07-26T16:26:58Z,FAoLSqAkBJyKYwzdBHdTBeXymvXPPcTczKozhZbGtxB4,sell,0.124076817,1560619.499523,7.95048485796338e-08,76.65570666896902,5709.09588137179
2KxMcd77E37RBW8LwxE7V49mD7HbMFXpEb9vL1WtHD7y6NdttfEJdaubtiwycH8wafGtnX3JCQGgCJHshZpUXgX2,1785083218,2026-07-26T16:26:58Z,4A3HGpsSR5VuGBE3EBRds2xYfSF8GKTRHTytXi5YTMLe,buy,0.058666666,736170.359302,7.969169806785593e-08,76.83586020446133,5722.513196953202
2U6mTZfMB3fBt4CndCgGP4p9oMDMYfBk1PrpRi8jtYRoVRUcPvNEUYwPErJbew9vTKFq7cDHwizvfpjC5jVi8r3C,1785083218,2026-07-26T16:26:58Z,CR4Y5YQ2Dy8kdKCCYd32goMmG762FqFaBb5uVbQdxaKc,buy,0.010755555,134979.0208,7.968316065899331e-08,76.82762874284386,5721.900141439659
2hGLUm5fjPxHPSyexA55YXihcbV3mpfLDRN8fNMTbP2c8BfTw4MWSF3iLYyyhceKQxz8HAsNHpwZRSVw3yNqoQsc,1785083218,2026-07-26T16:26:58Z,8hGRwXvWXz6ungB1WFgj47rLbTL3Gxmk9KHJ4Ten25LG,sell,0.789192191,10424890.432675,7.570268446432921e-08,72.98979720134531,5436.069520353783
3BFd9oPg877E9j3gYdrDbvJtnQixo5utkKXE15JUR2XsKJ1qAQ85tbZhdtz22WpWhiEgpUV7tcALoUDNmwjaZji9,1785083218,2026-07-26T16:26:58Z,5UqokWafd7zWSD1pc3zUyERz6gzEqvk53yDcYmpXFt5S,sell,0.037432393,469518.14054,7.972512618351324e-08,76.86809038757723,5724.913608007756
3Rbkztj3zcVj1NoFbYhqRGQKHoKaR96XLUaZwXtWMjFLRvxZubyVdTzVK5t17X738R28HLmyXLMpb6acCfUtJV6x,1785083218,2026-07-26T16:26:58Z,CeCFexogvcqRrPfAMHqkp8FpjhHxij8uFHxyumR1t9vS,sell,0.01055911,151135.548033,6.986516499542814e-08,67.36147153219733,5016.888062207244
4QbmaqewhwpPGV7NEQzX3QJf9Bav5MiVTExBhHnY9JVDrz9vLz2EPbB59qBhytdhKLWQFh1vMeVNSEQbnECHnHzr,1785083218,2026-07-26T16:26:58Z,GcNY3SXi9JfP3Wj9538vwDenhA6CxURAwZF2rCPXgrCC,sell,1.389790232,19199251.094936,7.23877314343043e-08,69.7936390848189,5198.028884735189
6ojpRUhR6g5BM9XRtX1JaBaQ8C3bKehEMWKEsiyG8gdpgZHymxK8U9PcfkhuyWQZkzFoYmrJgCQAt31H2dwdhp5,1785083218,2026-07-26T16:26:58Z,F35VF7nWWMRcGrEPXgjsZmNxcz8GLLVGS1S88NkrR5rb,sell,0.766308869,9810982.335236,7.81072519362116e-08,75.3081944070923,5608.737055673395
zftzUbXC1397nT9hSRmNtxzAYEpG6Q977Qx26CcwSUAKcVH34nNmGz9HqqZLqqDF5ysTd2dGH7FrjqqkBrmode6,1785083218,2026-07-26T16:26:58Z,D3bNu4WV8DZJ8rP46z8ePpD9szjMGW1LspEZrk3o7Xd2,buy,0.098765431,1401337.650566,7.047939585445995e-08,67.95369076659799,5060.994842235855
1e27ZdUzzYq8ehrzjvL9xkqFHspw7qVqRhcJEsAaZyPcgFQ7oRe35nNdwzZaxCPgmi15gLLCcuZGFwDDtYNT9iP,1785083219,2026-07-26T16:26:59Z,A1xGP7kvUDSm5DfnbCNrDc7VZNziZnQGph4JBGT3tPHf,sell,0.041653041,676463.41673,6.157471338413141e-08,59.368117186867025,4421.566091354629
2BfUn5rPnkeredWdoRnYe7oqBmSH5VoUXuxNHDHPWMgP7t9JbFbHkpgqu2oaKyVbWbvFmRRuebEQDaRyfiJ4WHF2,1785083219,2026-07-26T16:26:59Z,5u2rVJDkeCnxiBja4CEJm4rC3w55x9botTnnULPbqNY3,sell,0.023974105,392096.350113,6.1143402617981e-08,58.95226290673367,4390.59446430783
2umpoBGFzUuN8yS1mpXCZtPuFDvJ8SRZUsJTp2tTnzsvYvL3NrmwUR9SPZRHLGS9DxHoB1FnH4Hwh9ExwozFDiQk,1785083219,2026-07-26T16:26:59Z,6Ga5A5Zuig8VysUKRCsGPV9zU91q7RoHnujmJeqWAfPV,buy,0.195555555,3215058.54715,6.082488145460086e-08,58.645156292431146,4367.7220496756345
2xYD6XtYc5tShoS6TiUu9F1iagK1a93LpJpVGdHnKTPuAVQVoiXoutFpHjugyXRGQJaxNqwH8wrDyemoDXX7t7jS,1785083219,2026-07-26T16:26:59Z,7cQjAvzJsmdePPMk8TiW8hYHHhCfdNtEaaNK3o46YP12,sell,1.732550482,25744665.462463,6.729745564284548e-08,64.88577881082077,4832.505610680323
32BGe5QUocbbAgeTVRSJWyD8GsEoFgY5nRGxgHSz4ZEdRXTTkSMjXuhKFRpGwStF8mGcgauFF132gKt3sC1AApWg,1785083219,2026-07-26T16:26:59Z,D3bNu4WV8DZJ8rP46z8ePpD9szjMGW1LspEZrk3o7Xd2,sell,0.085420524,1401337.650566,6.095641829469055e-08,58.77197936813298,4377.167466469964
3mzxNqyxwLverkYC3c9E9V79n3RDtp5EbupAfG6JjLKdAWtUhUf1GL9FXnmhWAfcVCEpuw6aKHz1rwbQ98fQnZsz,1785083219,2026-07-26T16:26:59Z,BtvPHwGdPWNECyGmLbyKqytyDRn89CTVDqzQLcjshK5X,sell,0.013171695,215603.470681,6.109222156023832e-08,58.902915977339795,4386.91924737222
3pNJ2eTcB8ARfU88uEs9YPDcPM9mw8S7cW8W7vJNv3CC8wHUTtvMXNU8aSkKewjGYmBNZ4whXNZ5GgP7WESZrU1w,1785083219,2026-07-26T16:26:59Z,DjPpp2Jv7sQMWdAanxXi6ExiFUePdiR9RRNPoJpegnyV,sell,0.032492394,528570.423592,6.147221363464079e-08,59.26929062633687,4414.2057742404795
4A4caq9YbVTrgjN7rgWu4hLNaqYR6K4AHif8ZbFVVzkZTZakdoa2DRFajQW1FZgLHRiSSRb5okfk5KXYu1VrsqDo,1785083219,2026-07-26T16:26:59Z,FQTm2LutmRp4yWKpfFic1Xxgz4oEtYrFsed5xu2TR6Ji,sell,0.402988651,6382623.627812,6.313840114964554e-08,60.87576851652205,4533.8516128207375
4JGhAnsJkWGqq1MAQ8DTYQ9iDBN8MZuuYvMqoDai5BesthpDJT36B5ou3FgLtsiS29Fx4A7sW85mJwqmaSDiCGLS,1785083219,2026-07-26T16:26:59Z,HL6yX8pZRxa9nyVXTbPytajBa1eSdswmAdn7oYNjDVjF,sell,0.102799603,1693633.738422,6.069765892582e-08,58.522492920043966,4358.586435583457
4noYXxmMvaEr6mpSvKSXMWatx7eqz9CTufxiVGdXafzCeYrHyRdzHFvPPfCr5URFZyrWAhosa7agsFEwqNK5kg5k,1785083219,2026-07-26T16:26:59Z,kZ3PGs1VzCbC4GFs4nJ2yXNbaQj1v6vBLy8i2fLYvt5,sell,0.050755581,820997.021348,6.18218820290774e-08,59.60642827711165,4439.3148138297365
5NAw92boWwEPe4m5zBFVwLfoy8SMBuPHU4RfD6DvZq4b28A1Ugc7YaLHTY8r4TeKrS5rBXxQW3Ves1vurk8Liuec,1785083219,2026-07-26T16:26:59Z,CR4Y5YQ2Dy8kdKCCYd32goMmG762FqFaBb5uVbQdxaKc,buy,0.010755555,175051.6296,6.144218722543101e-08,59.24034024585281,4412.0496334237305
5hJ4DdCcti4hk1Zg1fY19n4P4opoEsFV2FcuoiCwyg6UL2NytdUVy8mta8fe5KwkDXP5vfwbFJGiToNomQ2T7XNS,1785083219,2026-07-26T16:26:59Z,9vEY2iFm98uAALpBkZqzWKQh831C9m999wgttzvBHEcf,sell,0.101653381,1657844.647623,6.131659027626595e-08,59.11924419868444,4403.030749192125
6FuyRvKSAMzNpppisxmPZ1bsNPfFDrQrAvhm1qyYTX4EFAYFH8Fp7YE8RWZCqaqtJfX2gA3DaKN3FsoDuLXJ8Ci,1785083219,2026-07-26T16:26:59Z,EtLkdVe8trKMLquWpqmBAZ21HYyGkBsVxU46k9hvdpRA,sell,0.02236429,366246.582301,6.106347766986094e-08,58.87520215524395,4384.855201856761
EeqA3VsyyxeZHXhJ44JsfUMyoRy73nyEjovTTM1DMKkEePtuyPPXrc1cd4U9RoFAnKdVZNxmyWQsq19mGPbntrT,1785083219,2026-07-26T16:26:59Z,GvLED9AJquasBJ9Jb4zFsrpkib8pkRBHdeUK7hTtMhGj,sell,0.043064214,698052.543405,6.169193767268428e-08,59.48114061673731,4429.983750339334
aGxj5eSztxbrKXFAK4E4gN9o61iqVV2ifWnwdfcq2hv2eELU5LeMTWRPRZ4sUzUmrvaRkiV16BXwY79H2UHeX58,1785083219,2026-07-26T16:26:59Z,GntwJ8SEg7RXZS5QDZsb3gzeDEtq9DfApgqhpetSJePK,sell,0.400997814,6239323.656951,6.426943624783163e-08,61.966271753340635,4615.069147802564
mWrTur2K66Fg35evuA18tGoxQwSSwvhx2VUoVafpbBLapfpw2Mi1p5boDZKrtWecwzHus9u22sBhVcVDx9Scfyx,1785083219,2026-07-26T16:26:59Z,Cc3CgkAqUmZ6P81PSDb69T9hJiH3ERZp2SwAobgqLZRa,sell,0.209280804,3365592.5428,6.218245415587031e-08,59.95407891324561,4465.206830238636
zcvbWng5uR6aoz2VDwr1ajZYQdeRi2P3bKWj9Tv1wx69AWEi1mBvnWk7kbTKptgC7uRW3sPppqb3kWoTnKMebSG,1785083219,2026-07-26T16:26:59Z,AhRrqiGvTGoNnJuwesaviHMfhBzFCdzgSQN9j8Vwbfrn,sell,0.036780111,588244.158342,6.252524649571848e-08,60.284586920256665,4489.822113086861
21xQxX1aFx9outecGzgndaMvzSkG2iqXTM742hhMcZTB5Es5RSKeBB1R1vws7J4AdGi7tJHtZth49YCrT1U5UvFB,1785083220,2026-07-26T16:27:00Z,ABuKAMp35w6NGPJSxuCU6BvB7NxFkBzZDyyTSzcDpbn5,sell,0.098591339,1528241.293326,6.451294009038976e-08,62.20104937333957,4632.554707607816
36GJmGpFSA8Sar2szvYaTSyZFf4z9VL5ATcvBjx9LTofEU3utqEta5zV3mnDhgob8buRCdSkbQzD5fLPf3t9PM9M,1785083220,2026-07-26T16:27:00Z,4iB3E4ohRPDJFM1Auwer8ygmScR52HDm1hARh8WZeSWq,buy,0.296296296,4612853.797284,6.423275243938062e-08,61.93090254869012,4612.4349514801725
393JDdnhbDtEkpKXRrVCiALQnqn6deaqjj1S5fSp4Eb38KJh2VDr9xpCWrX5HRP42GZqrJxk7vSwhJXmr2EAxbFB,1785083220,2026-07-26T16:27:00Z,436h85qXhByXQG4pkxdrD4CYQFRuJ3UPR5YdfUuL6v24,buy,0.024691357,404334.32504200004,6.106668534123389e-08,58.87829487625717,4385.085538795341
4BKK3naffqyGshVDB6E7ZrTYC1TZwAtWP7FjVu5L8kQEXXdBEzKDszqmE7F34akqYVZyktbJQnsaSD6JbLLFi9qT,1785083220,2026-07-26T16:27:00Z,EQuPjBNXsiQaZxvsW6fvcvq9K3PTtiTVTikSCQ71Npi9,buy,0.999967474,16023165.121261,6.240761213108587e-08,60.1711681098248,4481.3750072985995
4JqZL5SL7567qRqdSwGQCMV6FLcv8Scfk6iRb2RFfHsTEzzZMQQqcdSbEXnwLBLrQR31nKkPwx5nw61MxEsSRdS6,1785083220,2026-07-26T16:27:00Z,xrS3uSL35KsqPmuWcCAr3ra2UsDxChuKsWQXjX9VCwH,sell,0.101789478,1599175.363943,6.365122943679122e-08,61.37021904945545,4570.676862026285
4fAyZ2WR993cgvknoFcx9t4LotNvSRk1vVjbHkMFVaigchRH5hL6dD1BncA8xR6TnwsoTta99w6GEAGdGLN4digy,1785083220,2026-07-26T16:27:00Z,Gg5KQdWQZi5Peam7MUwGCpsG5E5XzPa5tu6riW16cELF,sell,0.109977837,1735931.723259,6.335378029357631e-08,61.08342931677166,4549.317590122951
4scYKa8C9ASfApPJxtz4CfUbHQM8TX3K1WGjo2XMYFUSQcLRbyKjrjJTZybVJaDKXW6a49Wpaaevxam7KZioB1JY,1785083220,2026-07-26T16:27:00Z,92dpPnZkPfjxj6DJpeDFPkrycdXSqWJbbw6xik7WV4Wk,sell,0.096988868,1517085.169282,6.393106330734385e-08,61.64002477175224,4590.771213834781
5kuhLtFwnmkh5d3NWiy1HkLbopDhfhriNNoqc2KGLaZZVvj487WHUM8dDopkqWaXVz3ZVedq2Hxdb8AikPVn8HLL,1785083220,2026-07-26T16:27:00Z,6oSmdjTSLnP8KYLbWcWuubtDNBAM3rw6euDQ13A72Svu,sell,0.025151684,411876.729825,6.106604762713e-08,58.87768001532529,4385.039745727005
64mxrSWopozRhnfRso754yL6fYXoJDj37CmKUfisoFd4yb2Abq43cJq7jvBEMUWuvHTs212Tioxdo3SJiqgaUDvm,1785083220,2026-07-26T16:27:00Z,DWbqhUVCCUiCJDQx3nWqhG4UxMMZfYtraj5iW9p6B8ox,sell,0.108188591,1684641.977049,6.422052428582764e-08,61.91911260419482,4611.556870428094
679gCpzLiiMNWMS1oPCgDXhvNh5eP7yaMjs6DpY8SGtM2NodW4aXHY5Qn9iZ7DBiQCArFYGgzCme3BRgkLdNZU1n,1785083220,2026-07-26T16:27:00Z,FgDTnHngBNmgWCF7GFaSAuN1jWhrzkg9BmG5rUkgCpVx,sell,0.473856116,7762292.836516,6.10458953275826e-08,58.85824989514509,4383.592646431784
PJKhxEknRJYH5NhZLyDGPaaMoHUt6jWuSvVE7ykJzUuEEyjhUjVzCwBS3P1QPepz26iR9QonTRwK3fjrxBWaCzR,1785083220,2026-07-26T16:27:00Z,4mBz61bMYB9QVEnjfWsvoMoTizGA7PR9LKrPQ8LWJzzF,sell,0.102805901,1630400.032675,6.305562986976037e-08,60.795963434632775,4527.907960558889
QynqK9yr9hRcCHoYScVSxCR2xuS6qYfCaXqUgq8nmGfecU4evNqzNFy68iyTARoVa6cVebgwndvnhjujVdPPdp7,1785083220,2026-07-26T16:27:00Z,31iRQFxAApGY6LAXm16QDXmPFHSeY2mP4dW96P22iTBV,sell,0.434850639,6979499.251353,6.230398820025701e-08,60.071257654205894,4473.933964805272
rL4nJX1bbrtvfcsj5j7RFmtsGK8wWmYgGqMSjczAV7QpqUD9n2CyvrCFQfpcnegXEkaBBAx4Km3pesvKD18FXKc,1785083220,2026-07-26T16:27:00Z,AjDGDqbTDPwj8zwKrvBYWcPyRkzrLSmtvTekrLhqPJ5K,sell,0.000252489,4137.066807,6.103092161160742e-08,58.84381277841519,4382.517411628751
2jc7bQU3jfEjTLz7xU7XmYhh3myFmGDVVxXbYzfBBX8VfT9eZXmpgtQ4vUZzfGa8hVUwx9FDhDydkw4Wd1XH9cN,1785083221,2026-07-26T16:27:01Z,8hGRwXvWXz6ungB1WFgj47rLbTL3Gxmk9KHJ4Ten25LG,buy,1.41264374,22663285.735787,6.233181527466388e-08,60.09808751541935,4475.932175464434
3GggLg4NiD3RKPooJuBdQHKiNdtAK4wEYWGzpfaCDBN5WDKE8uNWQ8XXVaG4A25KhfetW4GZ29rXVP8fmjpCgoq9,1785083221,2026-07-26T16:27:01Z,GcNY3SXi9JfP3Wj9538vwDenhA6CxURAwZF2rCPXgrCC,buy,1.149365771,17426883.76598,6.595360286064119e-08,63.59008444098936,4736.006032087101
4qV6uhKgVJ2vn5rZ3fW3RQnLFwryaJHEaLvoayWdLCPAmsBG35t3vY9CKWBAV58c2EtKgot4WorgmWUQfcUkfsSN,1785083221,2026-07-26T16:27:01Z,9JRyxXeHdr8GqceEJLmuruKyFBy5ncz8kh5NCGadjMgr,buy,0.009777777,144569.781432,6.763361542881689e-08,65.20989194866944,4856.644622122499
5CbLp9K1pY7sRpvnk8rjEX4SnGxGbKbNP3ePGTfvsQw1w8jBsb3z5gEcZvZyh4Y1gLSCoVgX5E829XuU8ysFjNT7,1785083221,2026-07-26T16:27:01Z,EeY4X2ebEXuCUYJz5CYm5zGc6hxoUvs3aR6HvZwfJk9q,buy,1.955555555,27745192.300692,7.048268160502985e-08,67.95685876875602,5061.230785896914
22YXTCa6trSmsNwH4Nq5g7oxDJp5dzmVk2qhXTxw5CgQhDciu89Xt6hDa1qZLrd5B3RviCTaJgXx9EQJFPnNujh5,1785083222,2026-07-26T16:27:02Z,6gFqpfzzjtNYCWtJ6xxoYTJR1P7NiZPfx8z93Sxh3oUh,sell,0.17456555,2340294.326218,7.45912802694797e-08,71.91822137329109,5356.261644171247
2BVrT5gq3fJqYh2ZJLa4Vz1srLs3Zdf5MXneUQDs8MGVYB61bPJMGZkNenxGD7sNaKqMQJafeaGXq2zsWLrwwEj3,1785083222,2026-07-26T16:27:02Z,7NAd2EpYGGeFofpyvgehSXhH5vg6Ry6VRMW2Y6jiqCu1,sell,0.970187008,13406958.585528,7.23644368564887e-08,69.77117929329786,5196.356144259089
2Q9vfjwbpBbBib7nU2qx6ffXxQ6no74B3CQQyuYzWvjGKD2y2Yda21AcKeE9du1uqqHZqy6Ld7Z6r99tJicpEQFE,1785083222,2026-07-26T16:27:02Z,2fg5QD1eD7rzNNCsvnhmXFm5hqNgwTTG8p7kQ6f3rx6f,sell,0.706886376,10880247.31789,6.496969741098551e-08,62.64143830322254,4665.353604585624
2ZRqmqYzkxg2hwrbcC1ECyxJj1Mfiy4k9ozPHCZZPMsm1h8kGBAxiYBGuWfURkUcu3Yh7HZPzapLAKZJA1myPm51,1785083222,2026-07-26T16:27:02Z,Bfd2zuMMCDS8JQvHhD7JsNE11rN6XMd1nnk9LGkpzDGv,sell,0.075369155,1288224.244867,5.850623856856639e-08,56.40960447241951,4201.224599677065
2i7bN2paJNiDoKFVZW4KR7KUwau6QdCcV8tEEjEtrnw7Y2mLaEftuhVXNTxR9TeoLsHnuBQPDkKhynp7RhGJgv1K,1785083222,2026-07-26T16:27:02Z,EyZCZL5qm5yiL5NJyrZVWPp1hKcbvB9bBrmu8z8PCYDL,buy,0.097777777,1677403.1123369997,5.829116226198815e-08,56.202235657019614,4185.780368564084
3DHgfinXB4idoEAEBusyf3naS6ceEvM6rAF5HFL4q9xRZzP1JWRUozYTzNV8fidAnvcp8L6ZYUrqrhDE6qKyHtK1,1785083222,2026-07-26T16:27:02Z,Baf7AGwsnTWW4ps6B3zs48wVj8aKH4WCR9h7ytcQS3S2,buy,0.098765431,1702060.59803,5.802697689748129e-08,55.9475176596941,4166.809706983437
3E88veEKMramEPNKA9vpqf2kvNy2WbS12E9Jafg4Xum3mT63pUCqmHhy1inR3z2cwAjMgAuZN3cn9wG9tGrT5ZiU,1785083222,2026-07-26T16:27:02Z,suqh5sHtr8HyJ7q8scBimULPkPpA557prMG47xCHQfK,sell,0.961864637,13840457.935829,6.949659046396194e-08,67.00610526618367,4990.421407944458
3FWu2WpJxHEyAQCGJbvVGR7omqMBga7PAuTah1AWsLivFRtf1Ze1jqNoruyuwPgfcR1VZ6Whq8efrFe9uR47GPdm,1785083222,2026-07-26T16:27:02Z,ERNxja1crsFqm9F4T9oDz3KoLYPVUDwpRyXzJ3PMQ8Ci,buy,0.488888888,6593259.112605,7.414980659039195e-08,71.49256837915547,5324.5602371748
3KQB4uxmoiZ9i8Ymp8zapcby9Rrrj7Kw4BSqfNSu8FSanbw5UnFh7kWisrCjWhjR7JEKVv3Lkj8VyFQXUCHgvkA1,1785083222,2026-07-26T16:27:02Z,CNZfgxuxUkhUgcUQdYSR7LTWEHbBbpsDe3bWDnpgLVTn,sell,0.012472382,166572.717883,7.487649933622715e-08,72.19321930747482,5376.7426969415765
3SJEhMv7Qx3cMbndZKb8W6YJnAtDYsEZmzzqrMFi3heULtKmoLoj2hy9oso3Ytkvgk99hZMh4b47NVEcfw3XTCu7,1785083222,2026-07-26T16:27:02Z,AmMAXw6L2NHWU4kU164Z2GrR1ceJq4L7achaJT7Y9cr4,sell,0.608447953,10238244.618789,5.942893295237249e-08,57.29923310883281,4267.4815739429305
3cWaRPkEm2YGQCZ4NUjwDMVUFUkPvBkrUWDtX8Gfq9rFGL73hVKoAP4gMb9mPe3HRTQHiwmKjF9JyScozWkaZjQv,1785083222,2026-07-26T16:27:02Z,DXruXkezDrArp81eBFT4bJd2gFAXAZGGsNq2W6a2CPqX,sell,0.008232108,112117.494559,7.342393827457487e-08,70.79271233651625,5272.436978200238
3vWJeGN4HurB1XJaoSbUxuUS4RoTh3Y9ixUSkeLtEKE8aCCcBPVyKZ1zHNH1TipV8bbWgBGi6RNPYGnNJRsCp8Uk,1785083222,2026-07-26T16:27:02Z,FxN3VZ4BosL5urG2yoeQ156JSdmavm9K5fdLxjkPmaMR,sell,0.733096124,10936621.139286,6.703131750322845e-08,64.62917801818516,4813.394723936834
4GVmcJtNT7wQ43s18VJUYP7zkyihNseAbqaPuLRPTa6Acxjy6eVx3aZYonXRsHZxqzidK331A4cXkKXi8PYZAwxw,1785083222,2026-07-26T16:27:02Z,EaNHi9dRgzfKUo7bDfcum71RgWS2PXmmrPC96pmDhXpb,sell,0.007136684,122175.725278,5.84132730438973e-08,56.31997046749184,4194.548917583712
4xi1bySjpcj7shunQwQBWH4x2UaUCL6njUiLpU8zU61e3m97wa8emXEW7vT8vrLYm87oFmUUQBeGMWBuUxHSKRmB,1785083222,2026-07-26T16:27:02Z,AFCouzi3FVXgUXsrB3K9hDRke98G7o4MskgEe7Ume514,sell,0.162241597,2190101.396042,7.40794911565312e-08,71.42477277462788,5319.511016139568
51d3KhCiNtHCisnFAWR4iYyXVQWaLCGFgcAm9U1evHRXRoazyw9P6CWLCCFjw6c96hZ9fZgMcA4qPkvJkwACkZoM,1785083222,2026-07-26T16:27:02Z,3pBVyQRZmvue1biZonm8w9DZHPZJPvVZnwQQLY5PzGSe,sell,0.090616943,1554783.985112,5.8282657827526016e-08,56.19403598812946,4185.169680881149
5V8Rg76s9bBjLeDkjkvJvVNarshXhihouXCojkEKyhnVBKF9FGVByxXx31BeA7cHEjJF9parP4nqnraderq7DFY4,1785083222,2026-07-26T16:27:02Z,Aqiah4X4siGfz44YphXN7WC1z4XYqorh62MerNTb48nP,sell,0.099181955,1709222.259942,5.802753528576535e-08,55.94805603753237,4166.849803811614
maULHjEgEsywtYjJ3dfqf6ZZxtNwV1cq9VPjKWUSqqJ7o4HZoQL2Wt3qeTXx7tb7mzBUCQnG2YCFGzu1yzjB86S,1785083222,2026-07-26T16:27:02Z,CaR6eeSYZVfXg7BQyAKXQUPNhi4cChZs6b48cHeTeQdD,sell,0.685189957,10874782.308286,6.300723431290409e-08,60.74930218469981,4524.432765281355
ovekVPXHyTMYJrafNeRd4MMyBcqyweNUSTUw8sHHwYVA8puyguQpauwYy1cChonywpFwQtmQYdvvMN2ceeYn7ZX,1785083222,2026-07-26T16:27:02Z,5tisrrQvKTLQwWhp1PCtJrajieJmzGfbwRU6XdqJBdkH,sell,0.650945689,10644703.452215,6.115207360375532e-08,58.9606231583903,4391.217111731931
pUAKsGiTzvkXUqFYpcehwhH37ZjofdShbsSTERoLrDKRrgU82wBbBXRYkg9ztRNyutvPzKDRoiFmdkfSsWdcwoe,1785083222,2026-07-26T16:27:02Z,4EDbfvj4avEKHHHu7skwKFWGLhrVbw5B64vB1H4LTfDu,sell,0.007244629,124064.830022,5.839389776067347e-08,56.301289518418066,4193.1576143911425
2Jy5KsFCpWZa6wgBRb9rae1ziJYHzztZCByZWVHw2Aj3CGVxTsVG5npvCX7wSgS8pYiwTFYahd8zZQHnAknVVSmL,1785083223,2026-07-26T16:27:03Z,G1F4thH2m8N7qzuNgSGvnAEZU4hC2Kr8vp52zniPmf2U,sell,6.7725e-05,1160.0,5.838362068965518e-08,56.29138073731266,4192.4196369611955
3D4BcossnCsaSinGKdaDdLjrMa11V2gVnfkhrZbixBDGsrdVL2iQ6G5Fi1AZFPvGveSRFw5N77hswRmh7iUYFdSA,1785083223,2026-07-26T16:27:03Z,AwSEYQTeNMnQY118AqKWQoje2GrpKWsmf2aYXVhhVZP6,sell,0.011717859,201060.323203,5.82803151478529e-08,56.19177726090653,4185.001457394002
5S69fd1SmcyvVr3HEsWysNf7zP5yFjoPRLvNJEicVtxf1CHKnMKrJXUqw7DQYxWUoHXR489tRNFPD2EA3KCw7x8B,1785083223,2026-07-26T16:27:03Z,A4rWFozNza39oA323my8dLffKaHPSTh3G3ewHbQw2cqb,sell,0.032638257,559448.972441,5.8340007056572176e-08,56.24933004576231,4189.287822770562
2FoYhVD7vpeYszXJVENL5uMEn2CoaMaVuuJiRWALZ2EbDbbG574ApVV11nmpaXpAgdwaLFh7ZEioyhiK8gMtExZL,1785083224,2026-07-26T16:27:04Z,GcNY3SXi9JfP3Wj9538vwDenhA6CxURAwZF2rCPXgrCC,sell,0.928411269,17426883.76598,5.3274657791222766e-08,51.3655030289536,3825.554476375337
35mnyjztKgUJJqkAfHbrAouK6TpG2tNWvNKATLpeE2CP4Zt6GCZTauDnDpUCBg49AYL4DVgwxz1mhFwEt6ANw9Hm,1785083224,2026-07-26T16:27:04Z,7gsLLbtfS59f4zciTumcYrGbfYCWHmm2hdUYqkuJ95Mf,sell,0.054524228,1045554.710144,5.214861304817861e-08,50.27981131252363,3744.6952895508425
3xSoGp8KwJBYd7URLZ6vdfBNVRrBd6t61tVFpjWSPAnSHPrfDDoyprsLYzPCquWMaaL5AMFwswLrtfeCbRLEDti6,1785083224,2026-07-26T16:27:04Z,8hGRwXvWXz6ungB1WFgj47rLbTL3Gxmk9KHJ4Ten25LG,sell,1.272264176,22663285.735787,5.6137675305880335e-08,54.125921226239875,4031.1424599164297
4fmch5eCirDavuzHJuSXrhLfgqfRUMRZJMdqHXsUgdkzkfHBAUTHeUW384CDHYAFYM8KS5kb3Udo9ccVmkr4N48q,1785083224,2026-07-26T16:27:04Z,mzVzFvLQ6Zp15nn8dFvKBx99iAQeUhb19t6UvghBKPC,sell,0.048556179,933458.54736,5.2017498942321753e-08,50.15339582191791,3735.2802285185912
5VLGPzvyQKJeFfRYUE4xztrpwdTxNeJTmjsE2g1e7U977SkfsgyUp6jdqEmwvFvM6fBgpPpVYfMAdzHiFyiMzeY8,1785083224,2026-07-26T16:27:04Z,TA4Dz8tpVUAErZJg7RQwwGLvgHprWEpAGNhdq7HhSzU,sell,0.156899625,2702674.673642,5.8053463308097404e-08,55.97305490124823,4168.711647059574
guAU6cNzaN72cCuDkVGJVpudWu9yc5v2oumCWtZFfhxaskmxAvj8g8VWxppjVev6o1Qb3K55f8Mhg3YnkYoT7op,1785083224,2026-07-26T16:27:04Z,4A3HGpsSR5VuGBE3EBRds2xYfSF8GKTRHTytXi5YTMLe,buy,0.048888888,937362.6112379999,5.215579052745782e-08,50.28673157909955,3745.2106910404827
2HQshT2RiX9Gw934AjrCP5sXXMNpjUpv8KnoAKFFNL1SEdv7Dv2Pfyu8BY7Vp8J1dzY8veZcT2qgNiS2Q6gLft3k,1785083225,2026-07-26T16:27:05Z,8ZatX3uYfVxH1emrDQd3erxwGsX8tdrqxH1mHiKh3GCw,sell,0.650859258,12462561.002145,5.222516125601929e-08,50.35361633286013,3750.1920745383877
3hsEgWZJhqi56nmidCi6d5e3mwKDPLnVnzXyLGYh87Bj3QBKB8f3YFoAYzV9MRcFXqVyFntnomfWxMq76JVNWQD4,1785083225,2026-07-26T16:27:05Z,3kTB2Ju7yWCaLqcCzmJ7VPCBxJf847xQ9NyuAvkuavpa,buy,0.058666666,1084932.421683,5.407402786340684e-08,52.13622681332656,3882.955760301145
3iYHdH46dGLLknZZ85n42a34BSNPBCnyrbNFD168zXdPAN3enZ31V2FjJaiPLLZk1KPfok5wrk5s7Jq4Pkt4it8B,1785083225,2026-07-26T16:27:05Z,4zQG6oUwbjRrzVCG3wMAo6xuEBXe2doupdeeekKmPYUu,sell,0.540575077,10658113.018571,5.0719585733242505e-08,48.901994731111415,3642.0794855612553
4yzkDWF85vsTGbwkPHcaYdMbaxQNTD1N5bkemyKKf3nQUE9AfEaEPECw7j6WGb8ZWpPp5AYPzwc8oxLzNkKh3yNL,1785083225,2026-07-26T16:27:05Z,GVyKLC54cRvdEy3vjBPL9GDypG2jd7mHepZB9MGxZzQj,sell,0.008775103,162473.60704499998,5.400940595582135e-08,52.07392070142571,3878.315380839593
5mBXLZFg4ThHXK7JZwavoDgZqAykBt1uWMWhnhcUmc6si7ZQVidCFy4R3kg4BbCJduuQ5hKr69xeweH2zvhfMVkU,1785083225,2026-07-26T16:27:05Z,FyJDX7YDDBczz8BamYV8QcQXmZ2afbqtk6qkFkh9A5om,buy,0.293333333,5379245.573283,5.453057106314187e-08,52.576409295600556,3915.739281656637
g2HATm7WeVwAo2FsHtwki6mjTkEbquCajstR8BTBR3hKanuNuo2VZdm3HTd4aYnAKCiqEyiJnQaa5Av6wV1eQxJ,1785083225,2026-07-26T16:27:05Z,GMwXfLtKhgtWdLqq29pF4JbUUQA6asUeEaXtjQSB7gpN,sell,0.715409025,13253397.319832,5.3979293590593756e-08,52.04488744525036,3876.153067680453
rGFg3sFvJcBDDpuUHTMSnnLQSuz5NnAsfAJ5buRrtSeF4R3FLwVRQdP7FCWvgYuTjgwFnyb9CjR6M8QQ9k31EHK,1785083225,2026-07-26T16:27:05Z,xrS3uSL35KsqPmuWcCAr3ra2UsDxChuKsWQXjX9VCwH,buy,0.382725675,7150412.815245,5.3524976094248956e-08,51.60685090588755,3843.529369961951
y3Tbn3hGNd7Vw58BJkKtoUY1YYkMgeCHRX72LPDDiHoS3YMWWAG55EUwjBkyRgCJDQAdHM43sZbpXM5boDZV8ax,1785083225,2026-07-26T16:27:05Z,4mBz61bMYB9QVEnjfWsvoMoTizGA7PR9LKrPQ8LWJzzF,buy,0.422048483,8040243.65976,5.249200159346888e-08,50.61089415931239,3769.3533848073007
2NKAfqW9iuSFdZp9Kp6efhpt4WRTauQrdFcT5PDcguP6EXiN4cpE4a62UoqMhdNs5RmHiPwBVtufPusZUf1zBdXH,1785083226,2026-07-26T16:27:06Z,Gg5KQdWQZi5Peam7MUwGCpsG5E5XzPa5tu6riW16cELF,buy,0.272031602,5056260.734443,5.380094427230267e-08,51.87292946694117,3863.346133553898
2a9zeuk1h4hPGzm5hBb83wzJzHotx773QD322CoG7AgGqwFb5tznyKA2JUGWKkRmqLiENjRgRXYBaKtfPwRoPXJg,1785083226,2026-07-26T16:27:06Z,FoDtXWikLJVhHJbrt7oP7r4tUtUc7QQqHMxr3daTcqzC,sell,0.039119317,784875.379308,4.984143729223648e-08,48.055315685642306,3579.021272919557
4yA9X1ynUxLwmnTzLeWEk82ASNpCWcyFC2VXa8DmgfA3hQbEDQBcWWexQYN3mCTK4v4CxwfsydapUxCeeCPgBK3A,1785083226,2026-07-26T16:27:06Z,ABuKAMp35w6NGPJSxuCU6BvB7NxFkBzZDyyTSzcDpbn5,buy,0.2832562,5485714.932395,5.16352387046721e-08,49.78483429174744,3707.8308290496784
52MBvXXwq6nZxdDM9uLZC82vmUv8vnHWuWZuP8DYQHaGHb9bWVyXbwk98bm9cjBw86UeMvGY4BRtWJUG1qnBZQA1,1785083226,2026-07-26T16:27:06Z,7BRgNPt3Wh9VjDLLrZAiadxJ8wSuNKi1i7PwqKJV8hCo,buy,0.977777777,17642412.659361,5.542199901333759e-08,53.435891964739646,3979.7510712508847
5dgB84E3pJm9CWCuWxAFha6RcwLwJNVkAAKmVZ1xHsuE4s6jdgj316MkjRomLafwxzNVmQE5jJEvsPCFnepg9J99,1785083226,2026-07-26T16:27:06Z,92dpPnZkPfjxj6DJpeDFPkrycdXSqWJbbw6xik7WV4Wk,buy,0.297798397,5611778.845909,5.3066666591306554e-08,51.16496541778471,3810.61901364549
5i13Nd2SKLiKh5QXMoq5riBczsR4ttVrM5Ux5FZpJpHXUkM5N3uF9sTdbMAyQoHAUaN3YZzBhvC2kxYeHnrCQQxm,1785083226,2026-07-26T16:27:06Z,GJAKp9f1PzL7dSeNMrDhDJviMU7UPL9UbXDZ2VnQC1hb,buy,0.592592592,11727585.36235,5.0529804191615363e-08,48.71901421550697,3628.4516246569146
VFTLw2scxKy7HR8ySSMMxk9jk5rhgncPXr2bvDB7tTC8gQWUeU3sQ7hgUE2VFZdRTVDqFK9kSZwHZWExqz29C5g,1785083226,2026-07-26T16:27:06Z,BminQKJvhM1opGtSGuagYLvbegHTAXJtFDZxC25d8GM5,sell,0.061808232,1236978.923576,4.9967085794249187e-08,48.176461438206495,3588.043859065643
kxj7rrjwDF8pkGuUc29S7dk12zbRgvGxc2BMhsuvdg8TnhCZBfSm7atmR2tH2nqoBPne7qg6v1PpfFryVLJteqG,1785083226,2026-07-26T16:27:06Z,DWbqhUVCCUiCJDQx3nWqhG4UxMMZfYtraj5iW9p6B8ox,buy,0.270733888,5172667.202647,5.2339320778544926e-08,50.46368482589587,3758.389658352634
ohcnMSR8hVSQnBX3DnyBeACGZs7rh5RWskRT2CdD2cmVFAG8bP6KP4MYubyhGhgzxtp3nShCCP87xcjaGcQsGaQ,1785083226,2026-07-26T16:27:06Z,ZhqQU3djMKYk5GpjK8eYLn6Uu1Eo7Muo7xknGwf2gB2,sell,0.000563334,11256.597452,5.0044785060685494e-08,48.25137626771365,3593.6232994384254
2b8XdQfuDz7q6BCqAiTL9ZBFZ4mCqw9oUWycq6KoaAoBihBKNAYTbB728G3en22fuECqeEpUT7gMHQMFVgLdtyrz,1785083227,2026-07-26T16:27:07Z,29zpxaxkb7FyF8RG3WjVfWCuqu4g4RSswDNqHgmtCS84,sell,0.302016751,5362607.081393,5.6319015437086184e-08,54.3007628384606,4044.164158777446
2gMExHZsf8m9oPQD9CEr9bRPHdRDYnCsNL6vELUds3Bn7BXmJrngFKn3WwAGpSdo7ozBaTgcNSazZk7yHqg3FqxX,1785083227,2026-07-26T16:27:07Z,8QNewGMWM2L59efVAoMUHsLBvMsu3qGQwPXFWBxeMP4a,sell,0.036674442,656430.125697,5.5869529085154256e-08,53.86738431424535,4011.8873765887843
48RazPVnVKK3YipfD7rexooxux19gHJWkgkjoTNXeAq8hAXr1iTN5KUELgydFbYTApReGseUBfNvbPBvVSoMBhMA,1785083227,2026-07-26T16:27:07Z,5xAa2zaMR4ynk836GGpCT9uJC86ao3QCcegxtJ3mA7Gj,sell,0.001168311,20892.769044,5.591939476952751e-08,53.915463008091734,4015.46813899967
5aEK9aDe68xEnSrsUaR6aSdgbjoyUcHGdmLyvD3Fd5e4x4ART96XT5ooABhxF39Mz9ee8WxygZB1TzEmgoBQYCko,1785083227,2026-07-26T16:27:07Z,AXAJSuxtNDis9u3dCTaMMquiyFrcxAfbcMWdwh8GEPgN,sell,0.051469476,923162.049605,5.5753457393555786e-08,53.755472176775754,4003.5524834560097
37Wm1MGYBGychfyUJg2bKvL2GXWvzczCThFmUepYHh7AK6JHd7HpkTjWAYzEN8FbWJ2mHGvaAdnNfRWEyuovTBxJ,1785083228,2026-07-26T16:27:08Z,HwWgT4qXsTFCssX1r8jecbkMFsz1RnGeTvyZ6bn7rvcL,buy,0.608135987,10766209.213652,5.64856185619037e-08,54.46139556079518,4056.12762051232
4CQCe3kb5GPV8C66SWr7qiXkN4qfvyNDd9LkRv4mWViYu47HkYetdswLveXTamJ1rvJaXGrj5UzEMw53yLUpZib2,1785083228,2026-07-26T16:27:08Z,EyZCZL5qm5yiL5NJyrZVWPp1hKcbvB9bBrmu8z8PCYDL,sell,0.123039556,2153570.860459,5.713281056086357e-08,55.08539473716089,4102.601278933513
2S82jKM4mJMVcA5pR1LvjUP5xkop4GgtqrYdBGKniumVpBFd2cyLMuf2fP5Z8LUd3EPypbTpjYYX9x8Zx1mYm63A,1785083229,2026-07-26T16:27:09Z,8QNewGMWM2L59efVAoMUHsLBvMsu3qGQwPXFWBxeMP4a,sell,0.037205851,656430.1256970002,5.66790729790085e-08,54.647917330427234,4070.019223800136
4B388mT8RCwwfM5bWU33yCyHkdKTQXoiEUUyK9mt7aAoYKEyjQjNqj9tNLARjWTTZ2E3z5xonFstjcPXBvuxBuTK,1785083229,2026-07-26T16:27:09Z,79U8GwLhPXcnuUpBVeZ1rSEfVoota888W3qJik48BxoD,sell,0.064035992,1125730.629044,5.688393861538709e-08,54.84544138599549,4084.7302456029406
4QSeqJGuMzycYSnNKFjEUmVyVQyQzYUs4nuhaAvuVPVUN8hYiaHVC4rRmRwRzdk2Qzevkqm4rXKGn2KDNQvKvgyD,1785083229,2026-07-26T16:27:09Z,J9RY5ZyiK5C1q8Fgs1RJitbKu39ZJp67NG2r5NnxGrA,sell,0.026511729,467054.61958,5.676365865696979e-08,54.72947178948268,4076.093164626376
5DHtCdbjDHxkwtQUP8QW7oP5fiEBLcQuNq11jBzC6QmDL6JN2vC9VdvR9dxGKbbX8zqHvoA57SaNnfP1c4RcuAYq,1785083229,2026-07-26T16:27:09Z,BbrqKd1Cg6grigK2Y4N4eMLB8BM8RZeKWC1m9TGMJUUM,sell,0.001476203,26068.546972,5.66277438318897e-08,54.59842761859959,4066.3333728407856
2saSrS1nH7oBXyq4LXGrNAW3fAR2zVn7G7obPMJvbWQkCQFfWa1sfS3vMocDX98dagtxreba9AXYghjfRfJ75njD,1785083230,2026-07-26T16:27:10Z,4w6MKjj8R7gtoPviXhpFvy22xK7w2MFMQKn91mj9LCXM,sell,0.041518139,733915.384213,5.657074356674125e-08,54.54347001936718,4062.2402894023567
2ik9pQSNAmNtwgJSenECyECNz3B7DGGSuhN55f2g3o3f2CeqA6ibTvCMEao4YMtPNzgxDVkgMcWZDPPqVhPjwE72,1785083231,2026-07-26T16:27:11Z,CR4Y5YQ2Dy8kdKCCYd32goMmG762FqFaBb5uVbQdxaKc,sell,0.004275466,77507.6626,5.516184924921218e-08,53.185064947707794,3961.0701986570507
51bZgLcL7cEhGYUhEWfHJabF2mDsbmP8sZ3Qq6NMkzGhZDJkYE7mQB2CNcDSAqyU11rqkG7skhfF8PY1j8pKF9sY,1785083231,2026-07-26T16:27:11Z,CR4Y5YQ2Dy8kdKCCYd32goMmG762FqFaBb5uVbQdxaKc,sell,0.013137159,232522.9878,5.649832356059206e-08,54.473645262166656,4057.0399429301397
5f8LosyHtaNeTsFvQsM7zscKpbkUYoLMZxxVEZJWf7sLcrgouDDmiANue7DgdZVXrUEphNK6Z1tae5nbAcXUUBCw,1785083231,2026-07-26T16:27:11Z,6oe69JHBfZNoPX6m9VtDUniUnCwP9aN14syGmuE1RV7C,buy,0.019555555,354383.746368,5.51818620363392e-08,53.20436055504551,3962.5072798238325
Gcbsf4LgmQpwfWPYeqNzimnrHhBu8vf9Nu7ZuoSggGnPssTJqpoqXZEtYvwxvR1z81mkShYDKkVNeRnoorE6FZV,1785083231,2026-07-26T16:27:11Z,65tWUV8YHkRxKDMQRQG7BwDJYhmN8Bty64GmXWXn781u,sell,0.498706807,8934143.417476,5.58203269968203e-08,53.8199454357592,4008.354265780065
62b5n8ru3QdfmJNekGtromRviCKj8cKGNBnpgZPPTzaATCv1p3GoBySCiLwTmKrxq9xBSJkUSajBMnqZ5w9TfRMD,1785083232,2026-07-26T16:27:12Z,8QNewGMWM2L59efVAoMUHsLBvMsu3qGQwPXFWBxeMP4a,sell,0.027162373,492322.5942729999,5.517190012396237e-08,53.19475563853209,3961.7919333520495
2GddLqzYgTyaP8uXCzrwWAqrrqjBh22XkkaGUnUTeHkFofEZHSQYV9X2jGqdq25AGvSh6DyMsT3vwpLs2aPeow7U,1785083233,2026-07-26T16:27:13Z,CmanNPFBABbPeDAw81kGMBL6Yptbg4BgsPxZUgrzhTAx,buy,0.977777777,17332526.840807,5.641288116732984e-08,54.391264789126154,4050.9044829653385
3KSmaLjZFhXbBRrGsNBPwjMryTWyzbZuY5MrsehpJ6qKYyGrkLJdmHZTGYkjP19CE2RzYFcJgoQGV8BqTSM5AKmY,1785083233,2026-07-26T16:27:13Z,7Ut1gh36seBkUiYuPx3rNQbuLE7QLT53YJRo3wsGAZRZ,buy,1.053497941,17815751.462008,5.91329500328167e-08,57.01385705610355,4246.22758884415
3h9d2sT54GPABMwLFiqF5FAkuKxiHvj6ijzjhygjwNizPy6VbvB9NADPsaz5W6a52RKeeZwX7FGVxNGUHgK7HSxn,1785083233,2026-07-26T16:27:13Z,7Ut1gh36seBkUiYuPx3rNQbuLE7QLT53YJRo3wsGAZRZ,sell,1.05349794,17815751.462008,5.9132949976686584e-08,57.01385700198491,4246.22758481355
5RKgk1EeeiRW6frvsm3b4gbKFEhLK1TDy22cr2d8zdpcTnMHSNsJPUGvfwK24Feepc4d5TroTyAxJXpAWAs4n7qR,1785083233,2026-07-26T16:27:13Z,Cu2iW1DNKFUL13bRnxk5XgnR4yvatVoWoLURRAB1DqJt,buy,0.977777777,16563646.351894,5.90315535738418e-08,56.916094248484754,4238.9464969779165
BpzHaxhpsuyoNWdroiLebLkzXUdUiGAzcM3hVv3eMsu5ivjTBvbcqJf5oMRKanaYFRQdxiPQBSze1aht2bWEn97,1785083233,2026-07-26T16:27:13Z,Bj1xdck5QFew2fHV8dp3FVt45C8WRU6hH154UNYpwEP,sell,0.001186672,21523.120992,5.513475487319325e-08,53.1589415278461,3959.1246017116887
47jNTpmJAi7SqFq6ki1dvsAuDyhkwdVkJuiWmyVagrJsztcvNEbuLw3paKgPcJHMJJapXm8aBLWzFqqE3vc5FRYL,1785083234,2026-07-26T16:27:14Z,G1F4thH2m8N7qzuNgSGvnAEZU4hC2Kr8vp52zniPmf2U,sell,4.1e-08,0.682988,6.003033728264626e-08,57.879085466953306,4310.6673047045715
5c4NAfaCDhomXMzrU2VTgHR1QAvvwzhkqRYVL1B1JUVF3NNjEZWLGZBm8Bz99SGohpH8LyVid7o2Y5T51pznXkX,1785083234,2026-07-26T16:27:14Z,7ikPbksKsuAC3x6YLHDtrwc4XGn6jorn3RJ5zTqDbnCe,buy,0.097777777,1616041.575466,6.050449350092054e-08,58.3362497862702,4344.715584290504
65yCza3rth92FKtuPyb1n1zz5mDgNYwPWttoc9AuvGJYyPikBv2dNph9ZiYNLXGwZgYpBV4WBs7tGoCcbNqPvwiy,1785083234,2026-07-26T16:27:14Z,CaRaMddDSmNLbJYY9VZ4vd31PNq6L6akpzpzVn1h4V6y,buy,0.048888888,805341.375292,6.070579446172612e-08,58.53033691025533,4359.170633344527
5HhxXvYFkaX3FgvE9wZPuPoDJh1qZ9oGZDRMwA2fBZXZa6ikRyGsbyFr4m82QHSNUHaAR262NvRJmk8WZCTNwjZX,1785083235,2026-07-26T16:27:15Z,8QNewGMWM2L59efVAoMUHsLBvMsu3qGQwPXFWBxeMP4a,sell,0.019981329,328215.06284800003,6.087876901997508e-08,58.69711273883949,4371.591615910039
5bds4TLgzb2rjaaPjfTsA7RtFiCGzmKgLQ89qDENqUAGpurpuj8HtRB7L3HoRYYcsECZb3sZA4LaHgPTiABArPtm,1785083235,2026-07-26T16:27:15Z,39LPT5YAse8Z2D8kHtNoQ6YQXeC2M69mfxucWaCUiXyY,buy,0.048888888,803578.001957,6.083900739061804e-08,58.65877601031128,4368.736406970528
5vJ2nYpGxa3cwJbYjaV5zdZ5HhVag4zVBenYj8Nk2VjgCZppW6veP3BbmQ4GXNZufVT9DJmDHVTCVbbi8MpBgnKC,1785083235,2026-07-26T16:27:15Z,3mhSQ5wa12rcvt6gmxQVcKKvdpxsQrT1zDY82g8YMP3J,sell,0.000413234,6799.714863000001,6.077225417915291e-08,58.59441497210168,4363.942982525953
4AcN3KwxtzD6HK2atgRoDhFwFfxtkeFHpsdXDyGKp39rD4A7mD1ukJHD3sKYvuLD4boXdnPfWDDx1AvpdGw6LQPA,1785083236,2026-07-26T16:27:16Z,7BRgNPt3Wh9VjDLLrZAiadxJ8wSuNKi1i7PwqKJV8hCo,sell,1.679365679,28686353.099488,5.854232056531346e-08,56.44439343193691,4203.815581015946
WWsG8k7nVMAJf4P1V16m49zceaDLgAx2DXF9wSddSmbMGnEKfVcjRCvSWyVNuxqd8JDcRkktnSDBbfxcwNhBimZ,1785083236,2026-07-26T16:27:16Z,Baf7AGwsnTWW4ps6B3zs48wVj8aKH4WCR9h7ytcQS3S2,buy,0.019753085,350560.90654799994,5.634708443251742e-08,54.32782595119786,4046.1797413371714
4yxvPPR4whaTaGLhm6inDdnD1FqmHwkwfAUxi2V6EDZ7ij7g8fQKo2aWDohm3Zqm9FYoFsMS5hdQQAN95jNXLE8Z,1785083238,2026-07-26T16:27:18Z,8QNewGMWM2L59efVAoMUHsLBvMsu3qGQwPXFWBxeMP4a,sell,0.01156095,205134.41427999997,5.6357925317298456e-08,54.33827834119235,4046.958205188868
2Lq4rCDmCFHW6jjSoLgZBRR4heRGFWvqfxeqAffLYfwPwhLBqSe9RpGWogj6PFF8cDaohB9ixSxMqvucaUMWG6LT,1785083241,2026-07-26T16:27:21Z,64hP97Bwr5PubotcTeGgfhkFrGiLVVxT2kVo9M9b4AEz,sell,0.472378112,8478065.480681,5.571767675968177e-08,53.72097378046814,4000.983142426721
34XisxfSuGH754Ywo1KapXqDXvEeCYXLV4aqyUXEngoN6VACoZBmQ4bbcMyxSznnbvEGeSFFb3a1iBgM4kGASoX,1785083242,2026-07-26T16:27:22Z,3mhSQ5wa12rcvt6gmxQVcKKvdpxsQrT1zDY82g8YMP3J,sell,0.003754645,68148.87992600001,5.5094742629328766e-08,53.12036316585135,3956.251396608702
3rXX9SZu7Ve7ohFwC1BdotbxpLdEvu5zQbYjpBnzE7pXbtW8MFJ85Wds2NDhKQev47B7rQomjs3ceBEtoLGie8E,1785083242,2026-07-26T16:27:22Z,5JmzK7BSzoKyXrjhTKkYGisvHEmXzwssAjunUpvk1hCs,sell,0.132682842,2416094.156248,5.491625467363647e-08,52.9482715183616,3943.434507187214
3GVbhGGUcRHht2etDjefu13VzSuz6inVEr98HTKz7dH9uN8LSZ3BhX9SUvdTrYhgTFYQHATXBPkKfQC5SQX7ZAia,1785083244,2026-07-26T16:27:24Z,9cVAhv6wSJRLXCiMTEXaVssAo8ydwYipFVMJNzg1Cwhi,sell,0.03704531,677308.117038,5.469491516210722e-08,52.734863946708344,3927.5405269302637
3TSSUcS2LFb8ZHoucGig1SomV4xABPyaCtDjKzPAAZEv8cBjrwjnEvec7PPBoYahCF6T2vVoYH7RNr5294PVibot,1785083244,2026-07-26T16:27:24Z,CmanNPFBABbPeDAw81kGMBL6Yptbg4BgsPxZUgrzhTAx,sell,0.925228323,17332526.840807,5.338104083137376e-08,51.46807371823929,3833.193645397406
4Ys6XfgffKbfYhbkN4PzBFECCRwsYKSB1rDu295HUP3YjruaXkUNCuAJ7cTdd4LBmQ5HjLVvQ12TkBEgsZpAe5ju,1785083244,2026-07-26T16:27:24Z,3kTB2Ju7yWCaLqcCzmJ7VPCBxJf847xQ9NyuAvkuavpa,buy,0.058666666,1122216.2252040002,5.227750649331004e-08,50.40408572217364,3753.950889050521
zMPbRu4Yj8mH52XYGGFGsT9Pjus74FkNMoq1Y1859EUDCLsfE3wpHPJfbwd7bbrJXWwZ5xznk2BmfLkPrrDHGyU,1785083244,2026-07-26T16:27:24Z,J9kGZkJia9261cyAxqm2w5QCsegVt6R4chauotWkwZao,sell,0.023326752,427102.749873,5.46162533651124e-08,52.659021079962315,3921.8919690213133
4swfAeKsp9Na3mNLxceG7tDWucZ2zQN64ACQhnMrXK5P94Eq781fa2cwAFbXmmCMmE6G9jJmqYhnhwSzWBs6DSgx,1785083247,2026-07-26T16:27:27Z,Baf7AGwsnTWW4ps6B3zs48wVj8aKH4WCR9h7ytcQS3S2,buy,0.019753085,377129.1048600003,5.2377514080576826e-08,50.500509429798406,3761.132248612496
3LwhnPfcJAxP3oE7GtWKmQqE8tKJ58XDrdk2Cso6WhK6f3nNjfyns9342Q462Ye3AaBURvPg3i94nPqxdGSxURRn,1785083249,2026-07-26T16:27:29Z,436h85qXhByXQG4pkxdrD4CYQFRuJ3UPR5YdfUuL6v24,buy,0.013279427,250340.81022799993,5.3045394348231334e-08,51.144455488459684,3809.0914932804067
9HUb2nMwra4M3gerR8jEabgSzBwvYkcJhVZaYJCKPxF8XgczuAk1JfqNGnXUwVD23GD2EJdDLkSQD5eTL1fgkbM,1785083249,2026-07-26T16:27:29Z,H6Q4HhDmGzh81pnXCbRswT2xtdLJGLTBtHLMjo29HciE,buy,0.406600563,7588029.0,5.35844766803079e-08,51.66421922433667,3847.801996812728
DNzgQQPfR724EjZnU13XNYbBwfWFBrC8brpsz1uHkyQNKJBZsh4VVBvMNQA59a2UcW3LdRRSTWiR9gBob6Fd61o,1785083249,2026-07-26T16:27:29Z,6KEqpWHUD6ntSQjvaBUCXNwb8rEMi1cmqxu3P1hxotTE,buy,0.244444444,4637129.516552,5.271460353381718e-08,50.82551891928777,3785.3380177389004
5SAoxwTkzmsDm4duDKtv451mF3pVkuLRU64UbhmSFzc6TmFAkjc5TSmkZkoD71AbTspjPYE4vdFGqU5NSD4Y9f1W,1785083251,2026-07-26T16:27:31Z,sfWww4FKayU6rUuh9McLzDK6TeLJkT9MYYc6fBVZdc9,sell,0.002832794,52354.463059,5.410797541381772e-08,52.16895781669197,3885.393471003019
4Ueudz9Fh5bhrABNntMcvDEXLSN4555ZyrUXMqrTrjodm7jAczZcgTUybVzZ6jaUKq3PgyuCjSyY8uhs24jRh7TL,1785083253,2026-07-26T16:27:33Z,EeY4X2ebEXuCUYJz5CYm5zGc6hxoUvs3aR6HvZwfJk9q,sell,1.449012992,27745192.300692,5.222573252677942e-08,50.35416713151706,3750.2330964333046
26TWqJXBWGsFx8ft8HWfEcQxqPtovRC28wdryTzBVAkexLXZcDTXc1nQnLuMGVCaL1wa3D17nsXQNQCsiWPeC4vB,1785083256,2026-07-26T16:27:36Z,AXK7nSEeikjmW3vWmSNy6VkRTLXvTXHYeMYrKCqLW4FC,sell,0.166160396,3711158.848712,4.4773183464692666e-08,43.168688194754914,3215.0793552943055
2vVaMP376UstEKDTFCMAqG3JvnaBnFL6oa5RyEwMj2tU9TcshQ5xVQVJHXJN9p8Jh1p78gEmW5vavrwUh5axzaGB,1785083256,2026-07-26T16:27:36Z,Gg5KQdWQZi5Peam7MUwGCpsG5E5XzPa5tu6riW16cELF,sell,0.247282285,5056260.734443,4.8906157729470957e-08,47.15355287371739,3511.860580268623
2yA4TFzUaonDR8W2kyN44aTZz9PdCBHcWwTsT8hY9wDA9vLutKiJZF3uMVmv2TyXjkMUc7R3h8AS5moq2bqSDUpY,1785083256,2026-07-26T16:27:36Z,ABuKAMp35w6NGPJSxuCU6BvB7NxFkBzZDyyTSzcDpbn5,sell,0.271806103,5485714.932395,4.954798168510237e-08,47.772376376371064,3557.948769443537
3VY57qs7e67xX3DXXAfzzQ1gKA5rLNSb7ZUdd3pKg2BfcC46f4wro388bSN84JmJokadEMaEvemgxrRZ73YaktAg,1785083256,2026-07-26T16:27:36Z,4mBz61bMYB9QVEnjfWsvoMoTizGA7PR9LKrPQ8LWJzzF,sell,0.355055736,8040243.65976,4.415982288907378e-08,42.577308056223394,3171.0350687052405
3Y6onfaxpDo2GZW7XpeFSNNrbhMdtUtNQxAeUcoftgPuB5BCEXdZWoXMVgLoNXoYhK2aNCjJkwaGSCxA4LikLQwB,1785083256,2026-07-26T16:27:36Z,GqBXzbDjYviRi959rQmxVzCB7UigT3P466opp5M25H65,sell,1.423270811,33817570.775987,4.208672528337336e-08,40.57850213686439,3022.1697703765317
3aSUVNaD8YrJDuhyZU5yryWMQLgGXkrsBrE2FzcNgXDQGj21RDfMLqAF13NDawrLQuQY67QgZrxHeuAP4Gnt2JqG,1785083256,2026-07-26T16:27:36Z,xrS3uSL35KsqPmuWcCAr3ra2UsDxChuKsWQXjX9VCwH,sell,0.324291766,7150412.815245,4.535287323671655e-08,43.727604159216575,3256.7058038576283
3ryJd173udJjHoKJNRpi2XfrCavzKFyaTKKekv8tde39m5JHxSdCu5mdoEpbwh5RTEnQaxsdDcTRrjktuXdpEDwa,1785083256,2026-07-26T16:27:36Z,HwWgT4qXsTFCssX1r8jecbkMFsz1RnGeTvyZ6bn7rvcL,sell,0.682921517,14298081.257352,4.7763158196408014e-08,46.05151396043675,3429.783901384272
4r4oHp6rDUZPrjYUub7c4suUo8nNP1wgvC6tdQZ5HoBA14KXULReYfMdRGEkzsjRFahzbAdSyCGVxSaGurU7vjwR,1785083256,2026-07-26T16:27:36Z,DWbqhUVCCUiCJDQx3nWqhG4UxMMZfYtraj5iW9p6B8ox,sell,0.241290075,5172667.202647,4.6647129139977355e-08,44.975479007699164,3349.643922459871
5i2cToUsASfeEtCdT45UGV6gTUzuPyCx3XhfPRphWjREEAs8rX62xtSh3o54v4nyDNDApKpTmaWV5U5fNYAe64ja,1785083256,2026-07-26T16:27:36Z,21rfafknVM3aVpxZLzC2TyWmKsrT7X1QZdwps6f9sxaA,sell,0.210724994,4202004.877809,5.014867905386053e-08,48.351547107703574,3601.083734608499
61C4YhfzbmViZvxZNuA2TULtu5zRmjMs1mn7fnKb14AXvm9bgxhw3urJ3Ci3t1P1jd3YwspYdydHgGRQ4MYyc1dF,1785083256,2026-07-26T16:27:36Z,92dpPnZkPfjxj6DJpeDFPkrycdXSqWJbbw6xik7WV4Wk,sell,0.258408193,5611778.845909,4.604746553552804e-08,44.39730499461767,3306.583189994718
5RCjngxbwsNCVzaZqAdWz7JHtt17ChW8qjd98x4Kj1extmwPSZHsRUVYztWvYo1Ujoz2QnJvbQqHHgSjY1ooRJ8g,1785083257,2026-07-26T16:27:37Z,CaRaMddDSmNLbJYY9VZ4vd31PNq6L6akpzpzVn1h4V6y,sell,0.032031946,805341.375292,3.9774370202183987e-08,38.349012791436486,2856.12383599475
63nf1TiqJTVqGrRAFcqcAcFmP5btQsMezTuPzQCxkQ9hypj53LKfxpUTBmQwD7n6DEua3Lt6ujsdUQQuQn6xepFm,1785083257,2026-07-26T16:27:37Z,H6Q4HhDmGzh81pnXCbRswT2xtdLJGLTBtHLMjo29HciE,sell,0.304650165,7588029.0,4.014878764959912e-08,38.710012586210645,2883.0100592269146
3HELU2sLJ2rZr7FyPd3wusjiHUpoBGc7pLkZGLV3irnYE8kcYDrUGqBYT3QYCVPo56tbAeaqSsu4Hzo5siYfrvuX,1785083258,2026-07-26T16:27:38Z,4A3HGpsSR5VuGBE3EBRds2xYfSF8GKTRHTytXi5YTMLe,buy,0.048888888,1195015.31698,4.0910678972341756e-08,39.44460071250956,2937.720063590562
3TKXNyS5chvD6Gp8hyscta1axuQzjxuk7SHi96hhqawiVT7J7XWSZcTk8MEMTq6YB76jN4aEzRQamVCGhv6MnroH,1785083258,2026-07-26T16:27:38Z,EQuPjBNXsiQaZxvsW6fvcvq9K3PTtiTVTikSCQ71Npi9,buy,0.499099361,12386652.172401998,4.02933217186816e-08,38.849367121200565,2893.3887829558225
2YUN9K77UND85J6ppSM4i3hPHs5U2zvVweugmv8Tfp7ueaLgEqSvV8zd2rKJVfMX4KNHRQG5PQpYEyvRQCYHWsNK,1785083259,2026-07-26T16:27:39Z,3kTB2Ju7yWCaLqcCzmJ7VPCBxJf847xQ9NyuAvkuavpa,buy,0.058666666,1352152.9693279997,4.338759543541621e-08,41.83275420539746,3115.5828459298864
3efuaqLwVARzpy815YuRdmG2S4Qn1EYuhHUxTQC8RwUSCfVk2zBALEW2u78VZNENx5SotTvqNFhbTkyA94jv5QkU,1785083259,2026-07-26T16:27:39Z,Cu7AJiu9eEjBBxGHRh5yndV6AmD1myaCj2BepKwhzHbu,buy,0.393086419,9170648.921025,4.286353369157925e-08,41.327472778796704,3077.9509430110684
4wMedK7mnTLhSzMpbGBduQHjdK2eBosP76vektzcAWkpwGFP1fq5Arh2WAFunb2vDpHcmCoW7vioKWYSgr68wemQ,1785083259,2026-07-26T16:27:39Z,FyJDX7YDDBczz8BamYV8QcQXmZ2afbqtk6qkFkh9A5om,buy,0.635555555,15247427.423562,4.168280571828594e-08,40.189057464591535,2993.165054731595
29cYZMCpLETSGinN7TKJ2L4EaKKRJphVxPKVjEDWVw6wFp396zUnVf13VhPTzbFnAbdsvozhizPw7kLsuqBbX52m,1785083261,2026-07-26T16:27:41Z,5qYdgFseMacDt3KYbW6nCX5rknHQNJxcNKdX44d994J7,sell,0.056655195,1305722.148573,4.3389931818126414e-08,41.835006861315925,3115.7506172437925
2W7JDc3sG9BSD8B6djzYdjZiDvNFvbwcS8H6cthQtHTXYByptrdfE82hVF5H36Pah8UqoaRkT7JPwzKxRz4esAC7,1785083261,2026-07-26T16:27:41Z,3cZgVv8pVtFGzhXp48gcwvFrUx5a4Ly1Jthaw2DhM9X4,buy,0.803339851,18167187.677242,4.4219274071040854e-08,42.634628741029516,3175.3041479397093
3Ns5As1jocZe5vtkXjbndUpoKZsojH4b7AQwMmZQfuTXWLwkzNSDYoLDrnnXkDLaB1Z5CfdEL7nH7mauMmpEEy9g,1785083261,2026-07-26T16:27:41Z,96hq1rUo5qQk26NAP7wK6VtcnZXPKbkHpdVsdGwe3Cda,buy,1.152215704,24759764.603702,4.65358101113661e-08,44.86814921641792,3341.650309251159
3RqsidwruAuMMSgbqKWFGriHcrywoKJjY3vad4oNxJgYRz2k4vkJRP3qXVQNTneJrMSnPRiD4rVmbnvtAAWQonvm,1785083261,2026-07-26T16:27:41Z,9RxDUDXsyxZ5XC6mpY6vhgWJFR7wRjN9TWGko4ckFhhL,sell,0.015740086,363462.499295,4.330594223759175e-08,41.754027137893566,3109.719481069395
1tSb8fUZCD2VFWjL4C3us6qDyHtRUxKADoP3pUdipB65Mwq8FGuFajns9PrAEJ3GCuctT9FFeXGehQ4cx9kpC6P,1785083264,2026-07-26T16:27:44Z,CLbNcbTdGRgrG5crCMrcUWr5EU6nohiNcyCd9uYrfmB5,sell,0.004620745,96393.406129,4.7936318318456504e-08,46.21846870294175,3442.218208942442
4YbnGatCXxJCyjsR73yJPSqQTcFSGQrVrBaE4rwfZbQHNDEpD93gxLqJ5EawEKLJt9F3ygUmtzG7oSU8GT4stw33,1785083266,2026-07-26T16:27:46Z,HHYrTocnC6Xx1pj45x7cKsh4nXNLTYKRpGwm6LcMXjTz,buy,0.009777777,203947.522289,4.794261234585917e-08,46.224537177091,3442.6701713895604
4rtGzmq9b7uHStyateDNoGyoFd3CZR9FctP7roDvxpzgob53K76c1v39EuYs4my9U7WVTiwr29BCepRaMmihxsnS,1785083268,2026-07-26T16:27:48Z,Baf7AGwsnTWW4ps6B3zs48wVj8aKH4WCR9h7ytcQS3S2,sell,0.035257871,735895.601851,4.7911512055943524e-08,46.194551399573214,3440.4369171888547
4jGEaUBZWJgiTfgVMNHJNm15xknp34nWYSx5cWBofkC4hg2QBJAvyDkTjDA53PesUcm6ru4ADExsedfGGrrtJcg7,1785083269,2026-07-26T16:27:49Z,2MgWYfXrASJFJG1SpwbK528JH2KunFsihS3LtKctbyX9,buy,0.118518518,2468464.913445,4.801304541720022e-08,46.29244620343304,3447.7278397543114
2u1Uy4AMRKnmBgPBCEDcRkWAJJnjvWT7zYsgs6sRb2daN3au3RueqVESBmCWLDCKS3vFGxDqYRy8vDFPmWjpHuHf,1785083272,2026-07-26T16:27:52Z,2MgWYfXrASJFJG1SpwbK528JH2KunFsihS3LtKctbyX9,sell,0.118518517,2468464.913445,4.801304501209015e-08,46.29244581284052,3447.7278106641074
5Q82qGd8wi6jFMTd5EztwBmrQk1rZRiEdp3yGyKWbpZLamDbn6bSSLfSmNwNhdqDYDCGTqkoU8G9v8sH3yAp8qaY,1785083274,2026-07-26T16:27:54Z,SQHK48QT8SY1vYN44iXji7wQ6CJek8AjfX6mBp47TZq,sell,0.376424559,7939857.439378,4.740948585967164e-08,45.71051585294853,3404.387346116396
n2gQrXkykqY9jGzbD1VVcHyQ4RYc1H3cCCRfGgtWt8wfi1Qw1iyoAECFfyPt6jrr37QeS3mfabYdMW92xbub9uA,1785083275,2026-07-26T16:27:55Z,BhEfHT7yPchfZrgiEChxHGijtviMFUU9nVQWkgQyQWRd,buy,0.001733909,36925.502535,4.6956950642892586e-08,45.27419772324292,3371.8916305915595
49hgaTDwwkRo9uvm9JavUgw7ajAy79EMKMxT62r4HRzDaoer2qV45Br2m9BdGry2w8f9Pvnxb3p3DbLR2tuyeyKE,1785083276,2026-07-26T16:27:56Z,Cu7AJiu9eEjBBxGHRh5yndV6AmD1myaCj2BepKwhzHbu,sell,0.369531895,9170648.921025,4.029506506925549e-08,38.85104799692828,2893.5139697307045
58CDYPvxPWAixgPLZEohLuz1M8vCoxJMbQuWUvcGvEMExT8d9u93nLiyTk3cNf2WPqF3y3aEofR7LTsLH7i4146i,1785083276,2026-07-26T16:27:56Z,Cu2iW1DNKFUL13bRnxk5XgnR4yvatVoWoLURRAB1DqJt,sell,0.71326465,16563646.351894,4.306205498757466e-08,41.51887985025506,3092.206389484836
6nrxAKNCCefeHB5B1HAXDjZ8KABHkS7T7FMawKT8bZCg4eyPKCNDnZt59dzVSZpRSDGuAm3jmR5G2H3g5R1sXit,1785083276,2026-07-26T16:27:56Z,EQuPjBNXsiQaZxvsW6fvcvq9K3PTtiTVTikSCQ71Npi9,sell,1.289838739,28409817.293663,4.5401162762412664e-08,43.77416317773024,3260.173385233989
KxmJY2oo42iVXjT3Jnd7YxggJQyKXXHq6GkzsgCoEqhzpSxDVVziXF8iRvehimTwNREJsB9uR45ihoCydonVaZn,1785083276,2026-07-26T16:27:56Z,DQta6PDd18Rrn8pQJhYsxNHC4GEvzzU9xNdQTYV5yjBb,sell,0.675858151,16297245.512542,4.1470698252651007e-08,39.98455109852099,2977.934010586511
31oaYU9De3YbB3j7QDe1DACdoQhDt6LJYJqqr3qP8zHfoQJTkXp9LJ9tYeeXJDJbWLZfnVQsvSvvA2T8UaVHa6gR,1785083278,2026-07-26T16:27:58Z,ERNxja1crsFqm9F4T9oDz3KoLYPVUDwpRyXzJ3PMQ8Ci,sell,0.385419321,10224921.737166,3.7694109637931083e-08,36.34330060586239,2706.744178882885
3rZNWH8mdQebnXdgTRrUDXYjLTcZaYgXD2BWoHkk8rzsMjjZJXVbuFe7R6WqkXmAR8uSa4ibACU8YmoA1GzHC6Kn,1785083278,2026-07-26T16:27:58Z,FyJDX7YDDBczz8BamYV8QcQXmZ2afbqtk6qkFkh9A5om,sell,0.804204472,20626672.996845,3.8988569418005946e-08,37.59137202501374,2799.6969375014323
3Af3waY8ZXYiVvmnLvjv1aE7zDcW2W9R4JpG75D2oGtkQdtCRNDvRpVSJDubdfFqEMaYWUwBHqtijJsDA2aNP9DQ,1785083280,2026-07-26T16:28:00Z,6Ga5A5Zuig8VysUKRCsGPV9zU91q7RoHnujmJeqWAfPV,sell,0.119236046,3215058.54715,3.708674173467143e-08,35.75769838581936,2663.130214993577
3K13tEj6yuEK5q3Q9ZYuX8wDbyst6s6Jk6bXae6Tixz18axT4yFk58DKs5qqvTwgxgVesKxYeuopj3qBQjPPk9PT,1785083280,2026-07-26T16:28:00Z,39LPT5YAse8Z2D8kHtNoQ6YQXeC2M69mfxucWaCUiXyY,sell,0.029930974,803578.001957,3.724712962165137e-08,35.91233860006083,2674.647372014031
4jTUjiqV3XkVA35xozSDS7VXxP8mp5RZ3Cffd2KSmA2pz4jucF8qDrNhNj8Gtu9q6LB2Yi1jCxnjAy9dEgPF55P4,1785083282,2026-07-26T16:28:02Z,BxKZUvKm73hfpTTjjPst1Tw5Eh9gVehhrY2fT7fbTfGp,sell,0.338413004,9247175.927566,3.6596362678813615e-08,35.28489259178289,2627.917003496108
2keQpTkz6LwmRHKpLJ7JkDFUpxptNyJNrMteCxrdr2TfA5yKzktXyPVoeBLYiEpfJxxbJg1c1kHMmvA38FAZHPpr,1785083286,2026-07-26T16:28:06Z,6oe69JHBfZNoPX6m9VtDUniUnCwP9aN14syGmuE1RV7C,sell,0.012740692,354383.746368,3.595168269023766e-08,34.663315405202454,2581.6237278866934
3oF1c7TQ9xV5beYqyUTfj2stuZx2pgYiPUzvE3VWutRERz58BYF1pVsxG7BgzMbY3rdXy3wJWWKLJfx6ALtUvcux,1785083286,2026-07-26T16:28:06Z,9RjpkA83GJGdxwPMPyhbyUhH13w4EzLDCVkD6wXFstsW,sell,0.019403415,540218.463672,3.5917719042977794e-08,34.630568881835984,2579.184861299916
PXDM3z13MLU4j78LWB6A6USuDPN6S5WGQiFuphfkiokQ1jZhxbpxJbBDj9qabLt5vijJgx7qX8MpvCTnhihzxWx,1785083286,2026-07-26T16:28:06Z,3kTB2Ju7yWCaLqcCzmJ7VPCBxJf847xQ9NyuAvkuavpa,sell,0.128494247,3559301.616215,3.610097172282977e-08,34.80725450446144,2592.343896735916
4tfnVQcHnjNBLXgYF8pR37B3NtJKRA1zV6BWAb3JS3yqcxprYEHf7kGGrCy7NrYZnLUQtF8Xmv6p84LDhCM3mdpQ,1785083289,2026-07-26T16:28:09Z,9JRyxXeHdr8GqceEJLmuruKyFBy5ncz8kh5NCGadjMgr,sell,0.005188862,144569.781432,3.5891746868557305e-08,34.60552744826935,2577.3198475722843
42Cp5mkGRp7vBct1S9mrnG2kD9SaV6NWP88hLkddzpD3Ly1ZckWKifuTJjVyxSEjVJdB85q1WWBwgNMkRb6ajos2,1785083292,2026-07-26T16:28:12Z,3cZgVv8pVtFGzhXp48gcwvFrUx5a4Ly1Jthaw2DhM9X4,sell,0.607795015,18167187.677242,3.345564683968029e-08,32.25672768868211,2402.3880177538676
m4rKxz54EBg4PtixpoUJ4pWKjN3YPj8FFXWisi2zTKN8Lk7TSmfe1nvZEwtcoJtsuYuG9v3tUV9gue6MvTDJ5aS,1785083292,2026-07-26T16:28:12Z,96hq1rUo5qQk26NAP7wK6VtcnZXPKbkHpdVsdGwe3Cda,sell,0.865898731,24759764.603702,3.497200982559154e-08,33.71875017320101,2511.275234473229
2wrws1oRoDJvwKtopxF2QWSrt19vAUHP9ywtfg6PG894NyRMxn8ByZhxvQYSX2mh7csVVCdUfTvYTjb4VnPjeYYx,1785083293,2026-07-26T16:28:13Z,Fwoyopiszvzi4x89rVjL3XPBXPq3JPqy7aRoeMesBGgX,sell,0.02937062,895116.520721,3.281206336840091e-08,31.636207724519497,2356.173481020051
2eK9bWzTNqSUzWz1Yz5ws5vpS3oiAzhhiJgbyuMJEWpXRdwrDaVp2vwwqjveq25hCA27Mj8pfAkWD84NKsaNcFKE,1785083296,2026-07-26T16:28:16Z,XKUUBZQRQs7hgXmjWVJFhYNmGDdqPKZcGedd4NhZuUd,sell,0.055225003,1687460.560129,3.272669258461262e-08,31.55389629475027,2350.043163198905
2nNqVLc7kHPAG46KNogY7mJjvML5tiLvfAty93pVudfEvkwJEpKQ8rx6fe8QNBFf8yjYEpMSvV85LQKJAtA3XHA9,1785083297,2026-07-26T16:28:17Z,A8st9QNWjLcioTs5WWoE5mUhgBGUPjh9rq6TRSGumtqn,sell,0.404052707,12523331.141841,3.226399609046847e-08,31.107781028002123,2316.817785171832
3qAV7aC1UcPRKPBCPSNSsABNkxUWVYxpiJtULcrk2UiihXCirYdCiUCfztQy9AMgxLU53r9AjZ96A2Nui6mvWnMN,1785083297,2026-07-26T16:28:17Z,4A3HGpsSR5VuGBE3EBRds2xYfSF8GKTRHTytXi5YTMLe,buy,0.029333333,953880.3511350001,3.075158531685546e-08,29.649569123995484,2208.2143694955184
4GsdfU1hcK3vEQc8zvznLxyNaqe7uFMyXcTGEfY8sv6ccrGGWLmazRVZa7Nsw7iA4PgDvNFPfPvwupWReB5EA8wW,1785083297,2026-07-26T16:28:17Z,98e2YHN72vLBhhW9w8k6Rv8nYegSKP9bFGqTgJrJ84U5,sell,0.256841719,8126236.795153,3.1606477324558966e-08,30.473825155506912,2269.6025807479323
5jWJvwn6Bw1EhZtRdDMgKh41GGtpVqBaRZprTrRdHTEDTiLiC94bKwJCTomnXwiAqpDRVqqkVXZpEYVfWfQofgni,1785083297,2026-07-26T16:28:17Z,CTH937xR3V1nQABZkLaqrvaTNnnDaqvXs8C2W7dUUSLY,sell,0.320831729,10337284.769789,3.103636362399918e-08,29.924142093670778,2228.6637721352804
4MBHjTw2J7FnSZxb9D7yKbXfBce4sTW8jmWV5jBEFJbBKa9EiBUc4ZeiNULRR6E1oZtudAVQQpFcRK8VCJwwctGW,1785083300,2026-07-26T16:28:20Z,75wECSqHeZHhYMB4on6rzpehx25ALxrVA56xRE5UBFzw,sell,0.004239669,137758.398804,3.077611990853726e-08,29.67322449214978,2209.9761530700307
m9woKpQZVNuVVuT6KL5dYnGVatvW91xD1iZTdYvuFoyLS7kg1RiCVmuLqxgqHt5bGyHKgAbDhstYJPcLHC3SYhy,1785083302,2026-07-26T16:28:22Z,FCwWgvAS74FNvQiVZdZmjZkUt25vT5ovtEDDZyRBjJ7w,buy,0.98765432,31119343.464865,3.173763357556376e-08,30.60028128094378,2279.0206681451764
5cy7NvLi5HRMZkBCvkDYkBM7TA6f4ZNcTyPdpjajdgceDHavNMshS8jAfQsShi4FfXShEXdbnxKVZL16WVBUjszJ,1785083303,2026-07-26T16:28:23Z,46zGJ2ATgfXdiUXGJE3qZrWs9jerrmvgAodAKY79haGU,buy,0.977777777,28997319.955098,3.371959127650683e-08,32.51121339223032,2421.3413787641475
644T3GJk8JMuQnYeAviuR3D9nTaT7MTZNoGZeQw9qufviDbmTaqGgBzKWkiRDN7aaMUctbYbFkHT7yeoCNUKw6mp,1785083304,2026-07-26T16:28:24Z,64hP97Bwr5PubotcTeGgfhkFrGiLVVxT2kVo9M9b4AEz,buy,0.657958875,17898623.798145,3.6760305284934274e-08,35.44296013797467,2639.6894183123864
PaaA9qbrrCUfwDRBKZcHQk4Q2xzTi6ub8wAusTF7HcPn86GCQ9SiqkmrNA75FPTVsVeyoYnWuaVMuWHNsmKmipV,1785083304,2026-07-26T16:28:24Z,SQHK48QT8SY1vYN44iXji7wQ6CJek8AjfX6mBp47TZq,buy,0.633492289,17898623.798145,3.5393351809855607e-08,34.12499291348769,2541.5310217614924
3N6Re4n1z1ZtaqBkpoSjH6CkGuzvtMQbm4oXhX54ZGanWTFRuqqdbi2MXdio5asJ3EdGULToTyjBEz828ZLZV6RZ,1785083306,2026-07-26T16:28:26Z,JD8myE7ZbG3najcZRYy34i29ZSzzeo1txwxe1UAP2G3q,sell,0.033440451,861481.122958,3.8817392637900356e-08,37.42632954925618,2787.405050053732
3hTw5DWczf35KtYrRy3WfvTiSqJRzvhSvnnyghKQkW9bVoFhnnEAkXriXFkd4aBiEiprbCt9VYwdYnvXVwFvbnbY,1785083306,2026-07-26T16:28:26Z,32WzQNeftH6kLqFqUtbR6cQFgKUvm2qV3FPvbjtQdrgH,buy,0.488888888,12759054.079353,3.831701668159958e-08,36.94388510447521,2751.473979656272
5wnMum4jkweCh2cceQQNasx6259HSMW5NctC3AywvgYJPYy5swLC6DBmMNueSzmSo3Euqf2QnDP4izGuq9JTr5Gd,1785083306,2026-07-26T16:28:26Z,Yxt5EEncm2EhVisiq4uvTtcTg7RChipSVbtq7kP8UF7,buy,0.146666666,3897763.267671,3.762841812802976e-08,36.279963221997136,2702.026993260639
5ibMp5uReEdaPnZbLLFYVDVLAtgAGHquRgGNch9M83oprpuBS9hriXeZURMaBWNaK4RCvmATksK6TQmRvrarL5mH,1785083307,2026-07-26T16:28:27Z,39gT82eGG6ERqn8LH9K8kuK51f2awTxXrN95vJAEExbF,buy,0.246913579,6322735.140875,3.905170365333851e-08,37.652243776999725,2804.2304899746464
66a6yuTLnxJuBU7s8wMf7rCUUCDXfwwZJKChACMRkNAeb6irR3ZhWC1EJghL4BnPXen4XUyMzGFtdkACxedn7hLS,1785083308,2026-07-26T16:28:28Z,32WzQNeftH6kLqFqUtbR6cQFgKUvm2qV3FPvbjtQdrgH,buy,0.488888888,12263621.06931,3.9864970161501155e-08,38.436366003595374,2862.629651222761
4xtrrp75m4j9Nx3J2eAFKn31zM7qcsuUVYHjpdohLvDVCgHrCMWfRkUMNXLeQigrRh8pTnaWR8Nt5c49J6HcuuH9,1785083316,2026-07-26T16:28:36Z,GJAKp9f1PzL7dSeNMrDhDJviMU7UPL9UbXDZ2VnQC1hb,sell,0.467796995,11727585.36235,3.988860285782322e-08,38.459151796781896,2864.326671362393
2sigCEJPC6fiuEUCYV4QUpee1rQytLtmLSHYAmhq7FSYagGW1vZoZxBPxaiiEEkJSzeNUv8er7fHQSgmGWT7YKwL,1785083325,2026-07-26T16:28:45Z,SQHK48QT8SY1vYN44iXji7wQ6CJek8AjfX6mBp47TZq,sell,0.691012813,17898623.798145,3.860703598181755e-08,37.22351125059107,2772.299728298939
3xsdSkgtffB5weaJVKGiTSCAP9M7rw74AA77nsLfLRzLrEoi5drP3nx94mFWN7shJ3EJvRusEALzLEvEA615uA8G,1785083328,2026-07-26T16:28:48Z,32WzQNeftH6kLqFqUtbR6cQFgKUvm2qV3FPvbjtQdrgH,sell,0.922272772,25022675.148663,3.685748092562671e-08,35.53665338488184,2646.66742103748
542GByoQbmf1KQ19bjARgTJrq1YHNnpsNMwoNXHCZJ9wTtoB122QmdRJdTuVKQEQZX19pPAH1acDN3wrkWRxsosy,1785083328,2026-07-26T16:28:48Z,46zGJ2ATgfXdiUXGJE3qZrWs9jerrmvgAodAKY79haGU,sell,1.0096216,28997319.955098,3.48177556258091e-08,33.570023838867634,2500.1985261668146
g2iuqaDBey2wQvHXSdgzMM5cV8XEge4MbL3nbkofpnoNBGJcdsTWMGbGztfxrQeijuDdh1HEi7vkN6L8AmymRgn,1785083333,2026-07-26T16:28:53Z,9xNbwMQkTVsmhNU8PNqgDNS1Tniq3GzwHNikknc1vcxk,sell,0.014540833,430602.822847,3.376855010810412e-08,32.55841773134705,2424.857021757278
3JHqiWZiQLoQ54ywWw4CWfp6PQcwtgmWjpcHp9BWrwKkhsXHKG93zNLsMg4YsQVBDbYDD68SEs8DcXz32jPgrbLS,1785083334,2026-07-26T16:28:54Z,ByQb7K6kEZxBEWiLaDT2ZvoE3Q2hu555Z2px8iP3Gtuq,sell,0.00717516,212620.573177,3.374631105912269e-08,32.536975642647135,2423.2600768512275
42N7yZJoL4N62xeBf9K93n5KGwkodC5AfXTBy2piHwwaMJTs1aCsQmVFUkgozwvyVJmXyHhWGVrhiKGdUbuGVe9x,1785083344,2026-07-26T16:29:04Z,HZha12tyuyqTiHcyyLFjbM6WwnD1V9PQoMtqWbWMB88M,sell,0.244373416,7297172.016564,3.348878379806475e-08,32.28867714845974,2404.767521344073
Zw3MiMhyhT1jFin6bFrNe58f49zP1SCrvDupsvETs6m5jbZFxigJNvx1H9qHq7agvbxyZ9hmErWnnhCLVDvCmbY,1785083346,2026-07-26T16:29:06Z,BhEfHT7yPchfZrgiEChxHGijtviMFUU9nVQWkgQyQWRd,buy,0.009712563,292104.303659,3.325032489537833e-08,32.05876367747658,2387.6442293244686
2ANb2FFfunzCrMZC4JpZ4EckbNYDqEtQyZhYH3GUnxgs7nPveMmR83BqWCHrEL3NHbaimXuBr87sqCaxwknohdc4,1785083362,2026-07-26T16:29:22Z,AiZmc96qy4sDHSRmZQYJbRnykikbKGCt25sZQYdZ52Rb,buy,0.325869151,8747063.944832,3.725468946554715e-08,35.919627528805314,2675.1902303983975
2xMChfa3M4jFvGQTpkBq1y9rvWQ78uwknq2ZFbanGstResaJe32b5jQ1rqmCKyUMsKQQP9CK5GDzE8MVcaBdz4o3,1785083362,2026-07-26T16:29:22Z,BaiyK1aJeypxRszgWEUvAanVjNhdkDhk1Zbcu49XVeXq,buy,0.308654942,8438895.985355,3.6575275075749826e-08,35.26456068569555,2626.402741788171
3EVUA6BUg4zc32B67uRmgwcUELMrUkMeyYeBLjgoPAeSb552Vv1rXwkHTuWzGpH6EXMFDZ73BgUDm3bo3LytamMz,1785083362,2026-07-26T16:29:22Z,39gT82eGG6ERqn8LH9K8kuK51f2awTxXrN95vJAEExbF,sell,0.208952486,6322735.140875,3.304779993853786e-08,31.86349642067325,2373.101287382823
4FBQC9AGWr5r1kW4Joc3DFi2qW7HJbhKi7oWonx1rT4wKYgus24WKDKFNDbGaEA2GCjqihn4wTzQdU48TLJiU42w,1785083362,2026-07-26T16:29:22Z,AiZmc96qy4sDHSRmZQYJbRnykikbKGCt25sZQYdZ52Rb,buy,0.350743395,10567422.108089,3.319100830954012e-08,32.001572765402024,2383.384815188653
4FX8pjbh237vwJcddmMe4dtkCZtPwdFvRCPeD8FLrPF9aeH3NTKxJeYWqCJU6ePcvwoRCiGM7cMmUeFpdhXw8VuL,1785083362,2026-07-26T16:29:22Z,AiZmc96qy4sDHSRmZQYJbRnykikbKGCt25sZQYdZ52Rb,buy,0.329461226,9363863.942396,3.51843243373417e-08,33.92345616566616,2526.5211462162615
4tVnhqsh6ztCmktqXfDVMoxduhsoENXAkV3n2nxitXTJDP9fuLPnSptN5KVETvTegxH163M8fCEEPfxRHJkezq5C,1785083362,2026-07-26T16:29:22Z,BaiyK1aJeypxRszgWEUvAanVjNhdkDhk1Zbcu49XVeXq,buy,0.307105818,8895930.108527,3.452205831806507e-08,33.28492316274312,2478.9650503230955
5GMuKEeTwpMZMTjuvt59csub758KuZfF7G6qPV54q4r7a2twwNAKUngYDC8FVz5No8dMy6Ng1xsTT6cLN3igaK6g,1785083362,2026-07-26T16:29:22Z,9fwGq3uqfedVbwuRLr14u43DFVRWiLRYtcW6oFvTfwu3,buy,0.33966161,9464672.073018,3.588730886602098e-08,34.6012484863356,2577.0011628322427
5n1Zs7HZfioEPSDNjw8Wbxzs8VkPDfSy7qLentTvHM6Mmg3rvAd9H5QER7NwHhC3U9uEx2YhpeuV3S5od2xAbUbG,1785083362,2026-07-26T16:29:22Z,9fwGq3uqfedVbwuRLr14u43DFVRWiLRYtcW6oFvTfwu3,buy,0.319928565,9444192.764575,3.387569197020696e-08,32.66172004938235,2432.5506803778726
62FJZaeZgcNWuxq9UQkmSF1spu4YzYnWrHSy6Ks4DDVxeGLK4T42ivuq1dF6Bgbaf6yQV9h6Y8uUtrZ9xWbWzvJ7,1785083362,2026-07-26T16:29:22Z,9fwGq3uqfedVbwuRLr14u43DFVRWiLRYtcW6oFvTfwu3,buy,0.293602598,7585439.044170998,3.8706078354899944e-08,37.319004333521704,2779.4117776185426
zaLEssc3C6Mj2LdCP7Rd6AcutxF8Ai1nwfVP4wg53XX74VwuvPuCQx4xY4TDx1PcStWQriHo3E7g5hRxJywFqTR,1785083362,2026-07-26T16:29:22Z,BaiyK1aJeypxRszgWEUvAanVjNhdkDhk1Zbcu49XVeXq,buy,0.358306029,9430546.991231002,3.799419369132788e-08,36.632630823882735,2728.2926588047985
3qAwNxDMtBG2r2iHAhXhcr9UnaVDx1yrj3hrejWHqSBXv6ZGShcbqsqphfDP74EgU1KWbQJ2R9jpf8tELkdok6qP,1785083363,2026-07-26T16:29:23Z,BaiyK1aJeypxRszgWEUvAanVjNhdkDhk1Zbcu49XVeXq,buy,0.346604113,8490996.275243003,4.082019373987778e-08,39.35735811584347,2931.2224866853294
3yQovW3a3nHisNFS3zja2PdzcZt7J4x5kRpCqQAAWEV5Vz434ZtoCxbju1YXeRM6xm8He1nniqEC1BCixoiKLH1Q,1785083363,2026-07-26T16:29:23Z,AiZmc96qy4sDHSRmZQYJbRnykikbKGCt25sZQYdZ52Rb,buy,0.315908377,8022616.742484,3.9377224057968276e-08,37.96609880720043,2827.6055071537917
4NviER9psaLJUVNbKyYXi2A2MpLKCcUwULQvn4HRdw3F6Xnpgth33jMcgb6JxoTEWhBpaCVd1v5XahG2TYe6GUjq,1785083363,2026-07-26T16:29:23Z,9fwGq3uqfedVbwuRLr14u43DFVRWiLRYtcW6oFvTfwu3,buy,0.315265287,7866211.0051460005,4.007841727024058e-08,38.64216400521638,2877.9568926572806
2VU6qgfviQSKR9LNrPJTyvdv2qNwYm69jbKp5LeQ2y4oUYkNQ5wWs1ioGADhr9rVuAijtMoAV4vGVRTmaNdkhejg,1785083364,2026-07-26T16:29:24Z,iNyUtaMtqWNyJcwy3CyENdou1YK7F7eGcXaqC7FioxQ,buy,0.488888888,11705553.298678,4.1765551403299674e-08,40.26883786882917,2999.106869073144
2mNCJUbfk8v4XPvMWH961CpUovmtYBFbUeSF4HqwKyGeTiJESQzLCsYZmGbbotrAL3pUJfhqtPATZqcwP6d3AvB4,1785083364,2026-07-26T16:29:24Z,H6Q4HhDmGzh81pnXCbRswT2xtdLJGLTBtHLMjo29HciE,buy,0.409870231,9577270.0,4.2796144517174516e-08,41.26249856806464,3073.11185124602
2rbpFDYjfLozFZGHmA5N3BqUJC5toFoNhS2pwZ6kx5SG6kYDbkERxW9qiXDSBAL6HKeVCp4MWvg1ScQDGe6DrG8M,1785083367,2026-07-26T16:29:27Z,SQHK48QT8SY1vYN44iXji7wQ6CJek8AjfX6mBp47TZq,buy,0.707059746,16036325.398163,4.409113237880515e-08,42.511079144400234,3166.1025304227333
2HsDT2yhar3juYtwdfjqVjvB3ppTNpED97xePJiFU8yT5zPQsGrerSQbuQfcmxzottuwLjMcj64LWVMC5xcXEnvj,1785083368,2026-07-26T16:29:28Z,BoduAmZsXFZZMPXWC53uJJACJENzNt2HtZGbQtQhMWfE,buy,0.098765431,1557568.316113,6.341001545696226e-08,61.13764923248758,4553.355733021285
2iCYhZHPfCQqmTgrGmE9tSipx6LFgQYoSELngGmYNLmDcfpgpxR6xLirPLBJoXnYzHig3NwfUg4JU4CCXoH8NYeL,1785083368,2026-07-26T16:29:28Z,ByV1UsQzksXJ8MG3rNFwDnaTTbHk9iThWc12nEVKjdHL,buy,0.118518518,1878104.628454,6.31053862518623e-08,60.84393674317249,4531.48087417617
2z7eytxD1ffrHhJ1joTuJV3THqQXuLNkmBVdNL7xhbnxxoBFqxX54pjWnkjwUf14dHeSoKdb1qisUWnsGYjKjP4F,1785083368,2026-07-26T16:29:28Z,99xnE2zEFi8YhmKDaikc1EvH6ELTQJppnqUwMzmpLXrs,buy,0.977777777,20180659.854764,4.8451229248045544e-08,46.714927244582626,3479.1930088434274
3QfJb6o9PcDMUS9J4CfCTw5K1LkqFraQH3c2CNPUGwSWmG3Qn7ucgF59SSn6w1dNdGYAuDRW5GhCgQsW8xuefbAz,1785083368,2026-07-26T16:29:28Z,BU99XYHSueULuTN3V3GuTfmXXWgNCrQXWwNsw9Ku1MPk,buy,0.977777777,19217221.348145,5.08802890535672e-08,49.05693907480387,3653.6192932658073
4EYyAkyUHhxqJ6b9d2Tn9jesTWeC7bEM5XspnbzbskCF9PsGUqQPk9xGVGAm2GwW389cgFeLuL2GBi3zjx5mpXsa,1785083368,2026-07-26T16:29:28Z,HwLUyAPykbPgkotArMazDsNUn7uMyCSBMjm3drDHSBfw,buy,0.395061727,6332411.871729,6.23872443868899e-08,60.151530265687136,4479.912437322309
4GVP31nYzD7UtampFgKCQwgcAg3dXCUH34YZLiP38CEbx9i3qyyEHvCproBd7DjLfUNmFsy5PmHBP6FGVyYmNpTc,1785083368,2026-07-26T16:29:28Z,BZxtqKj99iYqDZFPxiXtEsCq9ffWPLkFuTkbW4LW23EF,buy,0.977777777,21218412.923491,4.608156983868939e-08,44.430187133329845,3309.032156821194
4pRoyiEwR6LNGW7xy6ZyyqfjVnrvrx6R2EgbB2mPfL7i4Zb4SC19WPwUSdEFVD11RdfYRYoCnrnTDN5yF4VBYLxu,1785083368,2026-07-26T16:29:28Z,niggerd597QYedtvjQDVHZTCCGyJrwHNm2i49dkm5zS,buy,3.654320987,64365338.513227,5.6774672073682045e-08,54.74009052854073,4076.8840176764106
2NpT5dqfbzRpf6gVsyaKcTynmHXpzb3AyNSpi4YKPTNWMECtNtCtMoEeZGrG512TXr5SboJVzrdsdV9Etd55v5E,1785083369,2026-07-26T16:29:29Z,F35VF7nWWMRcGrEPXgjsZmNxcz8GLLVGS1S88NkrR5rb,buy,0.445445559,6748914.318245,6.60025506318525e-08,63.63727811608097,4739.520880854407
2oqeksohPqeRRfrvsVwJbYQtskuuSJjEVfPmz9XxVyjaYP2WBsJ2Wn7SBRMrzF7mW2LvMoVgXxeGb9dcivTBf26j,1785083369,2026-07-26T16:29:29Z,GcNY3SXi9JfP3Wj9538vwDenhA6CxURAwZF2rCPXgrCC,buy,0.378483702,5633198.091251,6.718806899189794e-08,64.78031214836763,4824.65075793161
38eUVDecN9N9E2cyq47yDojzd372GKuQTM29fWP52Ma725QW8iaiknsjfr3yagkS85DmXpG96BBMMndHZePTNAuD,1785083369,2026-07-26T16:29:29Z,8hGRwXvWXz6ungB1WFgj47rLbTL3Gxmk9KHJ4Ten25LG,buy,0.642737405,9972362.920662,6.445186663516783e-08,62.142164551188586,4628.16913593643
5WpRa21opzQKG9k8fxGUv5pNeJ5e9oKkcpuYMNeCuqgEz4X4NAM9QTWRXvm4n5Jj6FXvMCvcq2CabKXQwxTGfrwG,1785083369,2026-07-26T16:29:29Z,niggerd597QYedtvjQDVHZTCCGyJrwHNm2i49dkm5zS,sell,0.771814391,11585760.932379998,6.661749672763622e-08,64.23018695595391,4783.679020709084
WqQo6aLoVpwLY9AJ8BJrNMUwJUjzQRDWBckKLmzAmgGvpkNXrv7dnw8Y1X7D9pgPwBshyJv6Mw4UaYDpPnRzSTS,1785083370,2026-07-26T16:29:30Z,H6Q4HhDmGzh81pnXCbRswT2xtdLJGLTBtHLMjo29HciE,sell,0.619010467,9577270.0,6.463328975793728e-08,62.317086180880814,4641.196794267875
62pYKwxywG21Keeiv96gUNPf7oJsiaxXXLqDmHsCVdxdeVdt7gTjcUoFH1pKRZRRhhPWnjUHZDXLFENpxKovdC8t,1785083371,2026-07-26T16:29:31Z,niggerd597QYedtvjQDVHZTCCGyJrwHNm2i49dkm5zS,sell,0.607357323,9654800.776984006,6.290728695799438e-08,60.65293655094071,4517.255730893353
3Jws2bzPrJt5MgtHoeZB8sj8NrVFKWmGRqNHVVhZ3nFQ7Wj7w2cqjTtq4a9ijQRCQeWGhHPRX28E2G8FnoE6iugD,1785083372,2026-07-26T16:29:32Z,H6Q4HhDmGzh81pnXCbRswT2xtdLJGLTBtHLMjo29HciE,buy,0.411558237,6320526.0,6.511455486457931e-08,62.78110463389139,4675.75554995717
4pnjbmw18kWe7f5N3Xt619y3yMBDAdXy9Dv49F163zQr5d4i9LF3hi2o6FV86TZJr5LZHCVsFAXHD7121BVqP3Kv,1785083372,2026-07-26T16:29:32Z,F35VF7nWWMRcGrEPXgjsZmNxcz8GLLVGS1S88NkrR5rb,sell,0.445900568,6748914.318245,6.606997021647665e-08,63.70228164724946,4744.362156320971
5BimdL8deqT4CfJwSh16pmbT7ihiJt2PhLs7Eg8W5AkFLAR1fk3kafA9zSrWssBfZzNXJYaCQJ1diD7gfcCnmgF9,1785083372,2026-07-26T16:29:32Z,GcNY3SXi9JfP3Wj9538vwDenhA6CxURAwZF2rCPXgrCC,sell,0.365667119,5633198.091251,6.491288129347391e-08,62.586658252498005,4661.273744447835
5H6cuTUNL6YyKRnTVn8pHXM3Z4m6wMii6nZaoLKRnWGmKiJT85LqcnYv9Kj9fsMU9pBDXGmFoesPfCH7PSx7ARdJ,1785083372,2026-07-26T16:29:32Z,FHKhfxRcGcVpoFcPaGkEQTTbfrZWzRGAjKwdL54xTBwb,buy,0.351904217,5315349.141145,6.62052873020106e-08,63.83274949922707,4754.0790255371585
5pQJjMy5jvFMszXA3CJmkc52pDykzhediZqks11t8tXkbqRiHwsdXvYJXLTU1PyZQWQkhGz8P4TzJXDkiByWVcui,1785083372,2026-07-26T16:29:32Z,D2ax7LUeKon7HGb16u7e7iTx7uzxcw7pPxBoRrCNTWWC,buy,0.88,13905159.209116,6.328586294956523e-08,61.01794586396018,4544.440571476988
x4LYztCadmUi8TA2R8jsMLgV2s9RQybeK4nqu7AHk9rqBmhtbSLPQ6wUPdGiyF9ci5XdgLYL3F3dWJUdQKpaJ3R,1785083372,2026-07-26T16:29:32Z,8hGRwXvWXz6ungB1WFgj47rLbTL3Gxmk9KHJ4Ten25LG,sell,0.633245381,9972362.920662,6.350003364678619e-08,61.22444152348985,4559.819772459806
3CDbkusFNMaR7zDHpi26AoVGEMu2mCdpfx1bxja1J9kkrvDbJT4zJNnJPpFh4ELAzHzRZrDxFCAZpisGx4yHuqXW,1785083373,2026-07-26T16:29:33Z,39gT82eGG6ERqn8LH9K8kuK51f2awTxXrN95vJAEExbF,buy,0.246913579,3921677.689163,6.296121164732906e-08,60.704928790932385,4521.127962930579
4pCfLcotLF8oFTKBKuKSNSbXsKTcaQcnuWUYfBzQDgRTEx2vREq5tbj2DmDvJ2eKWe2vMYDukUTpmDfocCSpRzih,1785083373,2026-07-26T16:29:33Z,Yxt5EEncm2EhVisiq4uvTtcTg7RChipSVbtq7kP8UF7,sell,0.245416082,3897763.267671,6.296331130100714e-08,60.70695320125866,4521.278735171266
ux7ekxHAGX8vZZaf77P4i4aAfj2r7BCicaraTSmLe1EjWrL9FbyerSiqDLA9d1f7Aju5vqVg9WZS1d519fE9wRh,1785083374,2026-07-26T16:29:34Z,niggerd597QYedtvjQDVHZTCCGyJrwHNm2i49dkm5zS,sell,0.596560066,9654800.776983995,6.17889565802471e-08,59.57468274721542,4436.950498348762
2GX5S7WG8Q8j3wggdv4EDQ7a6diLnaRnuCbJCiXBjpgKggT2r9z2ELhAGvih8cjv1m79YEfbjfYSbjSKAt9EkgyH,1785083375,2026-07-26T16:29:35Z,4kUFYuryuD8JSyLN1DVSfYt1YeQfjThn927BZckbF1H5,buy,0.197530863,3225530.751189,6.123980152016405e-08,59.045207250392835,4397.5166908795945
2HXGckc8jkZQeVCB1dgJXybiyh55fsCgmAEDvtUbdHxR55PBfRD4kvDqeg9hbQrWDW3AqRvGcNRzjfYS7N3TaAVd,1785083375,2026-07-26T16:29:35Z,niggerd597QYedtvjQDVHZTCCGyJrwHNm2i49dkm5zS,sell,0.586589441,9654800.776984002,6.075624495519012e-08,58.5789794559286,4362.793389812769
4pE7GJai1C5DfG7S5sQS3E9zjRNpxiev8JWreGesTUFNWKnFDVt9JYkKb24vftWmvsZXePnHdrZYGUpPFRsbT3nY,1785083375,2026-07-26T16:29:35Z,Baf7AGwsnTWW4ps6B3zs48wVj8aKH4WCR9h7ytcQS3S2,buy,0.019753085,320978.7353679999,6.154016706855432e-08,59.334808875730275,4419.085384435476
4MiDSFbSzCP9QNLLfnrfYRdeMntoZXM3PsQrpRZjJ6zQkPnEVRFkxQjVxMAN6T8xF96aDz67SB2qB7arnBKnWLHc,1785083378,2026-07-26T16:29:38Z,niggerd597QYedtvjQDVHZTCCGyJrwHNm2i49dkm5zS,sell,0.571332158,9654800.776983999,5.917596553229706e-08,57.05533104881335,4249.316452168913
24MawAMY3QnaA7mZ7EgiFJZQ3maqxaRRyc5e3KffpZKiTJA11suUyK4WNDTvcQ3HZp1ruUMGAu36GSpUirCTszXf,1785083380,2026-07-26T16:29:40Z,niggerd597QYedtvjQDVHZTCCGyJrwHNm2i49dkm5zS,sell,0.556662499,9654800.776984,5.765654950923722e-08,55.590364936021544,4140.210002508139
2VAmbyoqc8Tva7dZKzQBW3uedccsisbCU9hM2AgrSyNwnMy7snnBUGVTT4irYFxkKqu9ny985qRAXNJAt1R9ezPz,1785083382,2026-07-26T16:29:42Z,niggerd597QYedtvjQDVHZTCCGyJrwHNm2i49dkm5zS,sell,0.254913582,4505573.695927,5.6577385967616006e-08,54.54987438264978,4062.7172679030887
3Y9arbk1JDuGwfMxNHcLsjE9hUEeVUWxctyBWDMEEYHM1FEAJWAx6QmaiUCcyBsNSQvSQP9PUUYGMsrz2Vnh8mCe,1785083383,2026-07-26T16:29:43Z,436h85qXhByXQG4pkxdrD4CYQFRuJ3UPR5YdfUuL6v24,sell,0.058562127,1042716.571685,5.6163034702100576e-08,54.1503718411733,4032.9634711767685
8CCpUUQcsCzmv5L6A491LQKb439m3jpTK5Va2ZEiGTiESwmbquap9CDcnDPznwDPC6Z8qKyQVanWG8uxZiSmJzb,1785083384,2026-07-26T16:29:44Z,29zpxaxkb7FyF8RG3WjVfWCuqu4g4RSswDNqHgmtCS84,buy,0.493827159,8703705.81597,5.673757471144084e-08,54.704322590245674,4074.220124822519
266zh5FUyJZLd2e95av3a49WanytCJ2eVvKobRL1DMQbDiTBgtTn235JaBuP4PxCFBSp6qYyNi4hmzhxuP34bSZ3,1785083385,2026-07-26T16:29:45Z,39gT82eGG6ERqn8LH9K8kuK51f2awTxXrN95vJAEExbF,sell,0.222993769,3921677.689163,5.68618297256329e-08,54.824124792126675,4083.1426471898585
2h4VXKLS9yDoHHve379sc3uZagT9hv66WYFm7dieCFeHn6R7JX7qYqnFP7F9Lbv9ZPVKSyb5F8unGTBCu2VnFnqK,1785083385,2026-07-26T16:29:45Z,ByV1UsQzksXJ8MG3rNFwDnaTTbHk9iThWc12nEVKjdHL,sell,0.106459059,1878104.628454,5.6684306820346815e-08,54.65296361142204,4070.3950562501336
48Y9D1k7Krrg2VTvThexyy222Nrg6bnLwWkYvjDvHNAPMM66gwbReP9TKGA6ESJeD91UDpYXVuZs4RYZjUxBGzTA,1785083385,2026-07-26T16:29:45Z,4Lodm2nk8y82NtDUPexvbzvMPPKyDgZ38ZzPwXFJiwvN,buy,0.097777777,1724602.276097,5.6695841328288086e-08,54.66408476784348,4071.223327895921
4ZzXsYD5qseZKU79YSpXJP8Pj4BWfqtxYicDkjfBrfSGtvFH8Eva5kXHyTVj2ukHKqneswSfbB14VjLvc4zQrFh8,1785083385,2026-07-26T16:29:45Z,BoduAmZsXFZZMPXWC53uJJACJENzNt2HtZGbQtQhMWfE,sell,0.089214181,1557568.316113,5.727786067364226e-08,55.22524682286515,4113.017058804194
2ico7EpG7moiUA8Sdys7b7bZZu3EXSc8XQKa8EyZfSY8x1QdFxgQumniSZZ3kLKo2ZYntPm8Fezct6JiSDgRFJma,1785083386,2026-07-26T16:29:46Z,CR4Y5YQ2Dy8kdKCCYd32goMmG762FqFaBb5uVbQdxaKc,buy,0.097777777,1783585.285418,5.4820914816576796e-08,52.856348267802765,3936.5883286837134
2qz5eMqAhFtRnuhZ3csLLR253LyU5RoCPYa3Vfu8CvGpmKUFJQ1WEhHwSVx1dAQHpEkxDbukLHbWtSwQ5idsoirP,1785083386,2026-07-26T16:29:46Z,H6Q4HhDmGzh81pnXCbRswT2xtdLJGLTBtHLMjo29HciE,buy,0.406684411,7296484.0,5.57370386887712e-08,53.73964185396731,4002.37348668364
4zELvyGQx5wsNPvprjtRhczxzkgbCYmeGqwrAS2ivAtdNa2Snuvks3VxSjyNsYHKQjZsRuT3fRcNxuczCwLzhByz,1785083386,2026-07-26T16:29:46Z,HwLUyAPykbPgkotArMazDsNUn7uMyCSBMjm3drDHSBfw,sell,0.355074886,6332411.871729,5.607261390959563e-08,54.06319137519087,4026.4705215856084
5QZS8rMyfv66Ghu1dCCd2EH38bPSQLxc1gHN6JFgXyqRYjgUFpJ41EnQK4E46weZYMk8nAhDxfgcTrxCkmhqvYqC,1785083386,2026-07-26T16:29:46Z,H6Q4HhDmGzh81pnXCbRswT2xtdLJGLTBtHLMjo29HciE,sell,0.348563171,6320526.0,5.5147810641076394e-08,53.17152942822033,3960.062112215531
dBCT4SRJLSG8bgnhZRfDBSDBXfkVXVnU7EbgHc11uzrCVoHB821tSLE9trsciUaUpzNEL7VVfVXwG8rsrZwguuw,1785083386,2026-07-26T16:29:46Z,4Lodm2nk8y82NtDUPexvbzvMPPKyDgZ38ZzPwXFJiwvN,buy,0.097777777,1775311.2673439998,5.507641324570815e-08,53.10269063544162,3954.935197528948
3mkQUgEgN9mvA4toCkvGtzZDvH25KyRdJyEGVrdYfFGVD3ct9gFvsih6qp9jgfLPHoUu3V61bxHrLcKJptb4yPst,1785083387,2026-07-26T16:29:47Z,CR4Y5YQ2Dy8kdKCCYd32goMmG762FqFaBb5uVbQdxaKc,buy,0.010755555,191077.46570499986,5.628897662168733e-08,54.27180049637663,4042.007127095245
5vqXSy35FFivHGUjXYawz2wcY2FrhnR67n4UcSE3bJeJzUxJwUV9UBAZYs5KTstJFgYW1gbP83TkqmnvmsQ54qWd,1785083387,2026-07-26T16:29:47Z,CR4Y5YQ2Dy8kdKCCYd32goMmG762FqFaBb5uVbQdxaKc,buy,0.010755555,190980.94165100018,5.6317425744264955e-08,54.29923011399442,4044.0500058811076
4M7YeB5TD3kL4bjWCE6EggVt9NuoZiH6gN258MTgY5x2SSyDduR49n9ScAGJYaRr8TX8vJTfUvm1soamSQuM219D,1785083388,2026-07-26T16:29:48Z,GqBXzbDjYviRi959rQmxVzCB7UigT3P466opp5M25H65,buy,1.955555555,33190806.362124,5.891859130098148e-08,56.80718010038261,4230.8348854440455
2hzMcm9goH8XQKGhv5jMxVKxnicJp7FC2z267ToVDkdJJ8grXW99eaQTihykAFGQUhPidCr5eRXgdV4GWYDHj8b7,1785083389,2026-07-26T16:29:49Z,CR4Y5YQ2Dy8kdKCCYd32goMmG762FqFaBb5uVbQdxaKc,buy,0.010755555,174407.85890499968,6.166898136086042e-08,59.45900696908173,4428.33530011741
2n8oQJCbQXutvdwQPgvFEZads45xsS6tPZUxNGAHZ8qAJHkWKAwXBuXqDs4Nq7xvRfSuiydX9JzFaYERgyuMNERw,1785083389,2026-07-26T16:29:49Z,CR4Y5YQ2Dy8kdKCCYd32goMmG762FqFaBb5uVbQdxaKc,buy,0.010755555,174492.09384700004,6.163921105463263e-08,59.430303513853374,4426.197549581328
2wTeFYBYrvNMH7S8Evrva2hS2vM9eqsdXC7X2NEYfnaDaHpKz17q8GCmpQ4a6Bkf5he5p5RrLSvoA9XJPiy56sWn,1785083389,2026-07-26T16:29:49Z,7MUrpzoaqifpVyxPXiiBfENHKHFoFJkwGEivZ8bxem8T,buy,0.493827159,7918024.895887,6.236746732843912e-08,60.13246193943456,4478.492283395044
4hkbN6GcQpUfTjVCvwqfNChf6ntYYWaYne7UBUmHroRP2D157RdTTstqudwVhHRm1kv7CrWr94s3xffXSKZ3qwkR,1785083389,2026-07-26T16:29:49Z,B5LJMjBTY2YnkRtpTmWe4DGzdkuv12XFLAg6bo97Lcd2,buy,0.097777777,1547227.071922,6.31954926166967e-08,60.93081404933873,4537.951245298835
3BqqpbszB69ZstRpYwXJKZ6uXV6knjgbjowDa2dxMZhvc6R7yanNb7UXxBYUUvupR8UdsuiuPNtDBMQEcTnnmTxY,1785083390,2026-07-26T16:29:50Z,4Lodm2nk8y82NtDUPexvbzvMPPKyDgZ38ZzPwXFJiwvN,buy,0.977777777,15111519.295967,6.470413449830632e-08,62.385392123647684,4646.2840238228455
4tU1CKN8FHnHMk4CBoWMUyfapujeYNUzWnXD6DfxNNygiht6VVaTusgy3H7cGVAfqaAnTdyYTwwNtTAHg2jvweA7,1785083391,2026-07-26T16:29:51Z,CR4Y5YQ2Dy8kdKCCYd32goMmG762FqFaBb5uVbQdxaKc,buy,0.010755555,162665.37441699998,6.612074043752945e-08,63.75123246272889,4748.00787183502
28XtpetYCSL6jvsCuK7GkW6Lk8S8KmoqiQT65FXXMoUQ5NJwvj6oBkRijPDw5xHV4FFH2W6g4vuEFY9vRwhaxdbb,1785083392,2026-07-26T16:29:52Z,9Lmv1xqRFfaB1ZW9DKXLvULp9ep5UQge71RePVWS9L6i,buy,1.601204372,21564045.384942,7.425343173865272e-08,71.59248000857829,5332.001367089657
3k3dvqWnkuCS2sng6Xyfg6ybLQsiDwWLMghXnLQAS1VfLnYehgu9qfcRZb8tewCjbgr3HoobXYp5ygCXjGdEzGJX,1785083392,2026-07-26T16:29:52Z,EeY4X2ebEXuCUYJz5CYm5zGc6hxoUvs3aR6HvZwfJk9q,buy,1.955555555,28366381.72418,6.893919619410078e-08,66.46868582054263,4950.395958085546
4NECQqhTaGqvMtvERDT8hTNXJ3HNNaaDBdxKohGYosSTpAChejyzdoyjYNsuGetBrEt1qawpDzzMSNHznRYRMUN2,1785083392,2026-07-26T16:29:52Z,2ZMuJqNAxjrZQ5DDJYWWxwWv1AUZGWLXcerWJuiBmgAN,buy,1.587257648,20047210.261691,7.917598644800733e-08,76.33862966615904,5685.480900968081
5DreV9NBfJqmayZyyRHEZFNSK8evxLp96qmXM1mhVGamaK4AyzmjSbHTihs8sfnwxr2RFH1LXveSEbf4TUW9BffZ,1785083392,2026-07-26T16:29:52Z,FMWh9MigG2U18hXTXPjnbe7TdM8XVxVpFmukFCqwd6p7,buy,1.798204647,21263010.456446,8.456961683216706e-08,81.53897349418186,6072.787506313105
QR7joSFTyp4VegTPCQESkM4WBJWDEHcCcJUY888QmEcvrskZLVEiTpHFzm77GpsEMWetmHxXa3ed42YHyq3GAwJ,1785083392,2026-07-26T16:29:52Z,rQzGmujNeJhpwgU1gvJicLWoSzTEBXVHJKGg8Bhb6sU,buy,0.034218161,390656.849756,8.759135036636959e-08,84.45241995144549,6289.772593171541
29Xddhi6m75kERAdTcgX6sac6EkwddgZ34uqAxwwob7encZHPxeNXJzpqsR9ocfGs29qvvBmYBfi1rdyKm6CYats,1785083393,2026-07-26T16:29:53Z,6AhH7XGofKCU3NGrYNGA8DFmFdw7CtY34CzfTs3u99sm,buy,0.792179535,8905397.732142,8.895498649552831e-08,85.76718871067783,6387.692777257825
3RNUXP4GNfADouED1rPSfkLqce5xpUih393kGHMV7ZkaVje1o8bYEYj5ieuYgka3Cjca8XdKSemDpCPWfzefy7fH,1785083393,2026-07-26T16:29:53Z,RuAjtSKGsaAGPoeeEvazDBkdPZvPNH7gqEs1haJho6T,buy,0.678221994,7418953.015054,9.141748069084699e-08,88.14143677331413,6564.5199232691075
5USBvEDcLFWJFyr9aWR3192rkwxKrm7oswUaecSuSr2AfLXbazPgUYUSKDjztUsK2gZ1y1FXVKwFHQiwvk8Bh7WZ,1785083393,2026-07-26T16:29:53Z,GXWhH8CdRJ5ZHrComffE1fzbG5bJtKMgEKRfZMUxYgKm,buy,0.669733917,7147387.680386,9.370331468627297e-08,90.34535544466188,6728.661427616667
4BrTqyMd2EeYw1AQuNsrD6jWuS4DTJGQbcRmTbt9EprrozedxHKUb1NCwMb7GFwtGnxUJCzrUhL5W9wTJ41J4VBF,1785083394,2026-07-26T16:29:54Z,8bpe4gWuAvniwHt8mxtzrKn7ixLviePa8ymb6PP8ftXc,buy,0.004938271,52006.879645,9.495418747882466e-08,91.55140186295037,6818.484285412867
u49oLoLwCS7D1XRr4GmRFrZyvwwxZKzmGi5mFq2sgotWGDYiszwB75pQCuGfesPtTsrR69dD6CJibVA3zAZbbEe,1785083394,2026-07-26T16:29:54Z,CAgFLkrTYuzjRarpJLUXPQhv214KGdP7eGqxQF1qtpRp,buy,0.027000001,284512.058947,9.489932026055058e-08,91.49850087055935,6814.544372118685
2Q75ksVToPUTFE7v4oDTShKqtohrgRz9ez3Cp3YcJinG5BRCTqBrKfWxhD4VoXBD1msDy91XF6Vthhras8oL1xot,1785083395,2026-07-26T16:29:55Z,BaiyK1aJeypxRszgWEUvAanVjNhdkDhk1Zbcu49XVeXq,sell,0.191095162,2203910.9050849974,8.670729908323137e-08,83.60004959855198,6226.290508372267
2akMnYrQ4MVYaLwuZRyokQJW5PEaBEtRDyjLGV6fMt2EgS6LCmCUb9vyRg4Zm8K3pcxuCJT6gUyvWt6W1virZide,1785083395,2026-07-26T16:29:55Z,AiZmc96qy4sDHSRmZQYJbRnykikbKGCt25sZQYdZ52Rb,sell,0.201827601,2294214.131745998,8.797243387494972e-08,84.81984692190052,6317.137493906047
3XSi9XBoX4ZnzkZw6uSLXe9sRSzRih9QB7gq3xNguC8H5PAuwyfR9k28ZpN5UFSfkxooYHiyc6fGtVQEGGsb1Et4,1785083395,2026-07-26T16:29:55Z,BaiyK1aJeypxRszgWEUvAanVjNhdkDhk1Zbcu49XVeXq,sell,0.209415405,2362176.7471430004,8.865357143714297e-08,85.47657518566677,6366.048720333578
3erBQNZHkQH9cNxk1Wet8M71FBhmWngcCmPeR34HrLffHofpKzLXeb6GrjUn8xtiet5k5TAQLP422gtGr3waTufz,1785083395,2026-07-26T16:29:55Z,AiZmc96qy4sDHSRmZQYJbRnykikbKGCt25sZQYdZ52Rb,sell,0.232527739,2458964.7714319974,9.456326568866851e-08,91.17448917633978,6790.412915905339
3yy25DFkTVA2xUPGpBQApcJ8tcAtYE8dfEhu1Nk6YS1ZF3VYutcR6GCoFZTF3r4N6RhMRaesNegNd7WA8RPY7JC2,1785083395,2026-07-26T16:29:55Z,9fwGq3uqfedVbwuRLr14u43DFVRWiLRYtcW6oFvTfwu3,sell,0.205683221,2302154.4974220023,8.934379566198885e-08,86.14206448173917,6415.612443171736
4SNrqoQgTyCJaDq6tmUPp7ku5z4x8pucAaQLqFdtSNa1m5AwrKJnYGTqtqSUPGGoXikKjRDpSZdpe6qnNfLSAZfD,1785083395,2026-07-26T16:29:55Z,BaiyK1aJeypxRszgWEUvAanVjNhdkDhk1Zbcu49XVeXq,sell,0.21980973,2362176.747143004,9.305388780321141e-08,89.71920147367423,6682.027286308604
4YuS6AZxcziq2FbbTe3J7pWLDWbrxRqjwShQMgDvBaFRUsfcYfW1XE6wCpc5zhdz6rukopnw5hKY5LbhJZF4aWLM,1785083395,2026-07-26T16:29:55Z,7ikPbksKsuAC3x6YLHDtrwc4XGn6jorn3RJ5zTqDbnCe,sell,0.139248019,1616041.575466,8.61661117597464e-08,83.07825630590169,6187.4288493067315
4mRjqaRzeMZpUZVnuPcYF18zq3ct7CoFbBAapKRmygG3Gwx4LeKYbTrh2M3Cate5orB3d9CZ8oZD5trKmbQ8wQzb,1785083395,2026-07-26T16:29:55Z,9fwGq3uqfedVbwuRLr14u43DFVRWiLRYtcW6oFvTfwu3,sell,0.187576797,2147910.1460949965,8.732990872128594e-08,84.20034734940147,6270.998952999507
4zLidt4bryPsH9km4cgZWZNkik7Fg8hSdFcuVWsSgYfXKXtVSFwSEZtnZ37ji1kmKBatH8MQqtc3cFKK33ybDq4Z,1785083395,2026-07-26T16:29:55Z,AiZmc96qy4sDHSRmZQYJbRnykikbKGCt25sZQYdZ52Rb,sell,0.221446386,2458964.771432005,9.00567541970267e-08,86.8294733795029,6466.808674705922
5xQNGPxcnEooWEucHowNUvBz8L9sgCnwPUJVphkzfsc7VC39M2CZ9mf8mMh72vs5YWWxitiAPFjZP3kcWWiXVs6w,1785083395,2026-07-26T16:29:55Z,rQzGmujNeJhpwgU1gvJicLWoSzTEBXVHJKGg8Bhb6sU,sell,0.033551083,390656.849756,8.58837699145827e-08,82.80603248496622,6167.154404487829
JLsDd9nyWkt2teiAsuDnfAFc6mEDixYN2M7fGeFA4HrT3TjTF4d5jzDguq7dDftNwuzGMYFDUWELAXhyBLVhta9,1785083395,2026-07-26T16:29:55Z,H6Q4HhDmGzh81pnXCbRswT2xtdLJGLTBtHLMjo29HciE,sell,0.667974735,7296484.0,9.154748163636076e-08,88.266778994877,6573.855050319424
n5JF8wf2MroLvQrbB5bXbKPVjVJZvb9HVUkT7nRyyqYL5e3SZpdu5swmqKZmbhKM2qShs18sDMAdnsTANRtwpTj,1785083395,2026-07-26T16:29:55Z,9fwGq3uqfedVbwuRLr14u43DFVRWiLRYtcW6oFvTfwu3,sell,0.215933434,2302154.4974219985,9.379623923668322e-08,90.43494994368743,6735.334167424406
2KnqQJUBd98xY2PE8hi8SSK4EgqZdTRwfjasyTJ3ThcnooikzTF3yMxrh5LHRqL7P7RdkzZgzgSXAJeMZ2fchRYw,1785083396,2026-07-26T16:29:56Z,5fHJszey2UdB2nETS1y6NS2wSG4ic9byKtbgJzaYzGeV,buy,0.426073804,4832150.207778,8.817478465677174e-08,85.01494624543484,6331.667928662304
2cAQJgAeUeMCdgx6Ct5G5pJE1qYLHFfV82wNYwNULeuCnccv9qHeEhCjthKHugUkbHDHgG2XG4fpNKtwhxcEaFZr,1785083396,2026-07-26T16:29:56Z,7GZeuQXMP9dKhMmAGwX47J8TQL54yfuUNWj5V7faEY1n,buy,0.55198486,5928884.128140001,9.310096943540163e-08,89.76459588484721,6685.4081310901165
3A7ZjUpbWQpBvgby6YzS1GtvkAmFjyMKpKCN6pLEWauijWiat8ZUqS9r3iMPh6FznPTT24Gaq7kpSkxT1KjDCA3X,1785083396,2026-07-26T16:29:56Z,ARC5JvKVCcnitPgTmmqV9xc1FJUPB43AEWPU1iMdYM7k,buy,0.500844517,5780299.647363,8.664680856614201e-08,83.5417268243175,6221.946796408196
5GGjzRWqpXAmQfRxpWEMRzmUwGa2dMusfrkP8VUJnhYf8gC7rcP4oaX4V9337SbMzBVA6zHkrCMFrB1Ws1Qg1zYj,1785083396,2026-07-26T16:29:56Z,5fHJszey2UdB2nETS1y6NS2wSG4ic9byKtbgJzaYzGeV,buy,0.475188452,5009541.918813,9.485666747601442e-08,91.45737659451292,6811.481554682079
F7KxTPAeRZZTr845xgionGiZYbZqrtP3FqeZAKzyVHUZNn7G9XB9nNJbyxHWcJJxioVPh1XSa7WoapgNavgUAKZ,1785083396,2026-07-26T16:29:56Z,7GZeuQXMP9dKhMmAGwX47J8TQL54yfuUNWj5V7faEY1n,buy,0.539748346,6011921.328868,8.977967549379603e-08,86.56232409013856,6446.912166358439
YxKNDLYMKCLUsJsgE4XiWUg6yV5aMxPGC4G6wev6gjAgNPnF6ZtCcFinDuoT7saR8QdS7w1NTiGpLBSNtFemBVJ,1785083396,2026-07-26T16:29:56Z,ARC5JvKVCcnitPgTmmqV9xc1FJUPB43AEWPU1iMdYM7k,buy,0.439493356,4807236.542834001,9.142328489226086e-08,88.14703297491664,6564.936712219449
3LY1afqJiyGUVv91He4enTbuyy49HD8SMnwsioAX7y7gCbew4YFs5AiaZteRJmUSh6aGP8zKZkcW1CFsuKziCBFF,1785083397,2026-07-26T16:29:57Z,5q5GLnij1RPYMpyTis2eAv7KaWRyAMsXyBW7jKkWSpKs,buy,1.955555555,19743652.506895,9.904730415595943e-08,95.49783729386675,7112.403410860902
2LpCdVeksy1gEE7NCxzUA2nGATqcSsBjgAZEdK9bdw6Bar5gV61tc6pCLTdaFR9bZ12mtJnu8s35U7sFVFsVkxY7,1785083399,2026-07-26T16:29:59Z,8SuAiRmz9gVXMMLXsrjTCfNry7qsAGHXXV4qVstpu9EY,buy,1.206552146,11524897.573173,1.046909214020733e-07,100.93920943529939,7517.661109623202
3QzQKxEPMM4yfV2GUCdiw5ESxymye6NBGwsi4JaRsJD5LgRGunpbGyN16XxTSmjssmdwQXvd7UBa5ircYMcKPmz2,1785083399,2026-07-26T16:29:59Z,4UvPYKxeQV8qFZXpgbrLoZGDFgtmYKSR5wvUo9K3fKga,buy,0.685844108,6124217.162437,1.1198886156530137e-07,107.97562004967547,8041.712672172256
4L6QHu7tgpndn6p8osfGRv5RztsABi3CBemGXWARhPQrTmp8TGAEcFhYG91Sm21EC7Mip24sVyv6zuXTj2tDavaS,1785083399,2026-07-26T16:29:59Z,2x8MqmXwu5MrdJAtP5JZxTaM9VugmS7eeXgU9CrQW5xF,buy,1.04093708,9568632.387655,1.0878640100574542e-07,104.88792311473472,7811.749912448191
2F5VjjnBpZ6ww1tGakAekWCNSvrApJQBZypWNDJtHYtHAbzTt5dw8rVwwxw8kMwgmJKauenyWdw4Uv1bLvtVfcDD,1785083400,2026-07-26T16:30:00Z,436h85qXhByXQG4pkxdrD4CYQFRuJ3UPR5YdfUuL6v24,sell,0.058999381,521358.285842,1.1316475176895919e-07,109.10937096093245,8126.151169176928
EzxdrCa1ycVxhyHstk7tNXjsSwRzc9S5f3e2DSzdUZQCnbBWKi8hrFkWKyZssHMuzaKJSsMfeBBj2o82XJx8nCJ,1785083400,2026-07-26T16:30:00Z,CxYpzfELZZSk54ZuTzjpiMJkAa6f1RXY7yWzznNDGn99,buy,0.293333333,2582070.782285,1.1360390854212564e-07,109.5327900779668,8157.686203451596
2GENYMawiDH5pb7PDQzJ1Nd1KGW5puJ1wwwbCpvarBao6tQ2JcsBb3NY7CEmXV23qebT9JLQS1mMknJY6PLYobhk,1785083401,2026-07-26T16:30:01Z,CnL6TwM9cEkRfnnmdzhySW7KZ62usfwhSnsumY3axWqn,buy,1.17483471,7647716.728035,1.5361901490065537e-07,148.11391198620728,11031.09685683226
2PvdpxQMA37f1hkS43qpMb23UR2NgbGTjWvX1Z2FZQASXhvLTxn6DFtE8SpUE4DQzZMxpa55GWrMMcUfrtoZywaw,1785083401,2026-07-26T16:30:01Z,2bhy5b5JFXkdaFxMfQmfYXPMMbbfN1JkkpxXYoS3tf5P,buy,1.067952796,7430027.830842,1.4373469660058802e-07,138.58380888219637,10321.32227194565
2Qh9vcg74seQE1VZgi2djqmcyLzj8vYd4GjYDu4wUUvBqB7ToazMAWEkUJdJyAMxq6LbLCfV7iLfyJB1C9v1jhnA,1785083401,2026-07-26T16:30:01Z,4MNb2YiPt6D7WHdgKLEzwqcZiQeCiD96nWncpB1jsUwv,buy,0.935441427,5485614.744100999,1.705262710995034e-07,164.41527844259218,12245.175601142542
2r34njxL9kfDF7mikZzbXxxBVBiwN5RqYCw7tWLqEaLRvnBQtHtAUSg6QxJcMmQbrSnPJAudTQ51od7p4XgffL8L,1785083401,2026-07-26T16:30:01Z,56S29mZ3wqvw8hATuUUFqKhGcSGYFASRRFNT38W8q7G3,buy,0.12091331,801748.939143,1.5081193637654926e-07,145.40742814547508,10829.525748566964
2tQkd7XuaNxAdwR9nG3sbFY4AKfoov2eTHMZXwU8EhPASL8Eu3LKVmdAS9HdaWBZYp7ouUEcnJU6q535b5tNgBiK,1785083401,2026-07-26T16:30:01Z,EP5vZSxiDMn2iJ3yoWHjzW12avYeK8kQaTNkb9EDbVsz,buy,0.840134149,7045095.980341,1.1925091600516926e-07,114.97743094425275,8563.187347410716
31iZ4Uu35SScDG5b8tjfbvqP6FfEgQjnXKM9K5c6gH3nvNpmrcNjDkkj6cY7GjoqUpPQ3QWaP318thn6EdYuYotC,1785083401,2026-07-26T16:30:01Z,EP5vZSxiDMn2iJ3yoWHjzW12avYeK8kQaTNkb9EDbVsz,buy,0.768205691,4865162.431544001,1.5789928945007563e-07,152.24079828540417,11338.455442349967
3JuAr4cELRPkUR9BSDdrneoRw9865zaiw4r2TU5z1TSRhVKQJqwSG5CehcMRLNB1ESRF8sfZsHzBg67yvcSYkxbQ,1785083401,2026-07-26T16:30:01Z,814g5NDkNMPcMFCugzG3jtqEn8cKBNc2VQLnavW4RzEL,buy,1.011343456,7470948.488465,1.3537015514984408e-07,130.5190197866429,9720.680046985313
3n97SMwCxDGtMQU36Z5vcoFrUpChdD7zgaBzmNZJs65qAkukbNJh5j9XU4o9pPsNukmdhi553ebktuGKYwgv58yJ,1785083401,2026-07-26T16:30:01Z,2CRdWmdefARgG5XXjhwwLKjaEC8hFbZYTFohtigmmHMd,buy,1.975308641,10813727.254517,1.826667710871748e-07,176.12071053252834,13116.962413087544
4YUz5SCbzKnzgD8uQx5XRxwAP2WgA3W2DhoSJ8k6WuFSz9nYFkbGhsrUnDPSaFMkySEpwYoMTwWgyDaW5iZsFGnq,1785083401,2026-07-26T16:30:01Z,9KKUXi2XroSMT2jUfWMDzwPXiertNKMo95Rxm5LEkVsv,buy,1.057985377,7135896.964484,1.482624233877939e-07,142.94927970162254,10646.449944214879
4kkmBfYD5ArYYG9DREQo6K8pxwUPCZq67JhTh8u2c8AvHUG6oFnM8bMrbfcS6y4gxWaUN1QE6y8QfXqFrw6iNMdT,1785083401,2026-07-26T16:30:01Z,EP5vZSxiDMn2iJ3yoWHjzW12avYeK8kQaTNkb9EDbVsz,buy,0.954130006,5740697.297219001,1.6620454913416436e-07,160.24843004028313,11934.84075347551
4ss1MakJKsizfNGvCDuzQQQUkqqLhFsDRGmmxDFBxWvZKzLBwL4AZd5qgofowPmDG9nCZPgsqpxHJ7aQUQ5NscnB,1785083401,2026-07-26T16:30:01Z,5Hxba5RLWyYwJTvjK6SSFFo4Wet5LU9tP9HnZvh5X324,buy,0.969385037,6950827.383403,1.3946325862078975e-07,134.4654424846282,10014.598224121375
5Bb1dfBZAGNGVRmvti3ExNb9Ppvyw8PkmPfcf4QLx73hybgx6wYZxeWtRqVQ7syc3k4Gtsf2eEPXTpK9K7dE3xKP,1785083401,2026-07-26T16:30:01Z,4MNb2YiPt6D7WHdgKLEzwqcZiQeCiD96nWncpB1jsUwv,buy,1.173937351,9532284.026475,1.2315383676561694e-07,118.74048633408147,8843.44885644905
5fcDEN3xqN28g6ycwCEuZh7QkWShhUQZFMyEw4pAzdWSehgpz5tEUvej9ithUBN4Nbp8KsdT9Hck5WtrLRFKgjak,1785083401,2026-07-26T16:30:01Z,6xWDFHkSHHUNF2C3JqcJB72h9kMQ6eKLDRSftvkKyqn6,buy,1.955555555,15120386.366221,1.29332379982612e-07,124.69761479787738,9287.118598146537
5nviXkbHjoFQPcykPoH6TcnD9DfseURtekRWvTXJbAUTaVVw4ATuVgPK1Rc36gBJez6ux1E2uATDRsuo8r8hs9Vb,1785083401,2026-07-26T16:30:01Z,CnL6TwM9cEkRfnnmdzhySW7KZ62usfwhSnsumY3axWqn,buy,0.919261834,7932368.728369,1.1588743104091839e-07,111.73448008765368,8321.661723508332
5yvEr5UvV7A3awWU4WGC5acHMgF4QdiUHst3VozkC8sgm95ndXexTLKgbgxk3D933E1ixZVQdNFzDQeVw2oeMmnw,1785083401,2026-07-26T16:30:01Z,CnL6TwM9cEkRfnnmdzhySW7KZ62usfwhSnsumY3axWqn,buy,1.043761901,5960589.700734001,1.7511050976574833e-07,168.8352359769838,12574.361286748495
66Qr2RyF7wN9V8kLYRasNvSJDJEUqZm6om9xYTt6WvN4tJ8VvvjgefdXY8DGxD7ALsnccsuozvvboL3bnZTAAway,1785083401,2026-07-26T16:30:01Z,4MNb2YiPt6D7WHdgKLEzwqcZiQeCiD96nWncpB1jsUwv,buy,0.990292933,6119907.832886001,1.618150076833758e-07,156.01619253685718,11619.635914204522
vCeU4j1qSxfExJB7ERfQ1BVSSRzmoxWEYywbbM2cZYKb6G3kFWLNQtBrVTp4xcr18V2XnnfvDQjqDUNm4gVmSpS,1785083401,2026-07-26T16:30:01Z,138rfRUFWt9EfUnVoCjN3f9wTMxocWZhMVXkWUofvqF9,buy,0.097777777,549957.350902,1.7779156299962536e-07,171.42021077954715,12766.882752403946
2hAckq8bL9aTgibiWEKF1gwTruAyZzQR8GAQq4wy9gQJraixFQTvtfrAip3MRmy99YXWDy21UPDnKsc7MwntiYwt,1785083402,2026-07-26T16:30:02Z,G8K8Uj1mxxMfzEZEUxngWY9m8JRztMhLF1tM4Kb4nDew,buy,0.195555555,1054898.482322,1.853785537443859e-07,178.73531353643142,13311.690501701565
3331hPmKMDgpMXJDY6Sj6duD9LkSwN6xNzYxboMKpkjeNt3Rw2tkNrciZVLcdmRhcX4GP3ZXTXsxVCp5JhcTSLG8,1785083402,2026-07-26T16:30:02Z,CnL6TwM9cEkRfnnmdzhySW7KZ62usfwhSnsumY3axWqn,buy,1.115885517,5726148.138439,1.9487541887175147e-07,187.89184826964242,13993.642792073892
3kWC1LUigCSh8EWYzwhMfCRZ5RMLbp7GW5pZeBG13C59YVDjydrrMqxmYX7QFhunhg5n7gSAADJxmXCx4W5HYttt,1785083402,2026-07-26T16:30:02Z,H1NMKd5wwDtdzcjwfp5r9LVLaHbTPBiKypQ8YE1aVuLE,buy,0.074074073,398191.134771,1.8602642432659897e-07,179.35996697828833,13358.21288792899
5EiXtBQbRgkBnxadaDmwcRirjo5vCPYNRsoMTLKLL43abc3J3551gFc2YQdMt8oREpny83Eb2mLCtBm3opmnRJfu,1785083402,2026-07-26T16:30:02Z,64hP97Bwr5PubotcTeGgfhkFrGiLVVxT2kVo9M9b4AEz,sell,3.45797286,17898623.798145,1.9319769491766073e-07,186.27424736109572,13873.16854317592
8Yo5cvTcFd6dVYoqn98oTwKpESMSc48LUzhQW31tavP1ZrNbaiFeGjzmNcXhQYikHkxUtcKXSBu9YY3qWo4BuXi,1785083402,2026-07-26T16:30:02Z,4MNb2YiPt6D7WHdgKLEzwqcZiQeCiD96nWncpB1jsUwv,buy,0.971090668,5117022.138564002,1.8977652269304403e-07,182.97567652926068,13627.500503981315
yPZphhmfa2NKGUinJN7D5s47xxR9CybZ2g69ps1AwZ65cLekRoy2yCYbetCRYG8ifvBxD1qTVok3SSiUfneBE6R,1785083402,2026-07-26T16:30:02Z,EP5vZSxiDMn2iJ3yoWHjzW12avYeK8kQaTNkb9EDbVsz,buy,0.846357148,4237345.377271999,1.9973758866568587e-07,192.57977697030825,14342.786197048465
2ZzptWS7uRSdoBfRpeGUBzSw2NpX6zgPx3tvf6SxuaU89kcV9Vv5xnow4rwkYWkp65gW9Gsz9oLFQjp1WFW9touo,1785083403,2026-07-26T16:30:03Z,6YmahBmiUXyLJXvvpnZHSwmgghA8qM7jE8tDSDf5ir28,buy,0.488888888,3415996.570633,1.4311749964942342e-07,137.9887298487703,10277.002502336132
2xieidXj9DUricG24UhGpTamtF7DXMJvE1MorUgDbWdmGRkQ4KmqRTNAG1mV5ZsxAfUG3hyXqfY7sk8k91mFDiqc,1785083403,2026-07-26T16:30:03Z,FHKhfxRcGcVpoFcPaGkEQTTbfrZWzRGAjKwdL54xTBwb,sell,0.833475887,5315349.141145,1.568054825501938e-07,151.18618913429242,11259.911195317327
3b3f517faDAh2oRnBjrA5KVxnerUz6UaQ4ko1ZpUEFmqi56D415aPcFjTCg1HFRP3V4Vb8HRH9HXMqSbCM6ne4sD,1785083403,2026-07-26T16:30:03Z,BU99XYHSueULuTN3V3GuTfmXXWgNCrQXWwNsw9Ku1MPk,sell,1.393420562,9608610.674072001,1.4501790209483915e-07,139.82102932498233,10413.466881149516
3mJUWKaeHPK4vijRygLViwPrK2ZW3UmK55CcbjbjGWxScm6EMJix6XppBoWXvESWrG6P2cNupsSrFcipPQveNGoG,1785083403,2026-07-26T16:30:03Z,2ZMuJqNAxjrZQ5DDJYWWxwWv1AUZGWLXcerWJuiBmgAN,sell,1.134729775,6615579.386358,1.7152386944973084e-07,165.37712678108548,12316.811290465845
4gx7hdAThQCi7fsy9MVj9gRkP6W95cj1mdTwZ8p1cyDigy6BupNuAuPd9tDNmfs774oc1EYe7RLCyr8KUqzgbukW,1785083403,2026-07-26T16:30:03Z,BZxtqKj99iYqDZFPxiXtEsCq9ffWPLkFuTkbW4LW23EF,sell,1.60677625,10609206.461745001,1.5145112462404824e-07,146.02371039343706,10875.424672423947
4vyygyybco1R414QK3cMPikeCNUqanMtEF3goi3Sqa6ziPEhYMonRUYAwbTrNymrmnSJtKd5u6fWYCEFFMtFA3Gr,1785083403,2026-07-26T16:30:03Z,D2ax7LUeKon7HGb16u7e7iTx7uzxcw7pPxBoRrCNTWWC,sell,2.276408868,13905159.209116,1.6370965867888966e-07,157.8429466725714,11755.687292055909
5ANHULjReVpF2cZXRsYJiphfRsq1dQsubqAVYX1GVp4ea8Je7sjbPNYVckHZVgaMV1uFbk5611RscWAk3tpWXHKD,1785083403,2026-07-26T16:30:03Z,FMWh9MigG2U18hXTXPjnbe7TdM8XVxVpFmukFCqwd6p7,sell,1.284875314,7016793.450626999,1.8311431326016694e-07,176.55221454955085,13149.099587388435
Fw52DhgHFVtjSwi8uW3ZvSrgUVdFDFmt9N1dZofpzdiwPcmvToaegUpZdJHp779cMqL2172g7KuDH1osgRSYWkH,1785083403,2026-07-26T16:30:03Z,9Lmv1xqRFfaB1ZW9DKXLvULp9ep5UQge71RePVWS9L6i,sell,1.260229425,7116134.97703,1.7709464886035244e-07,170.7482713093392,12716.838639204894
2vafs5wqadfmbkViYqFMZPZsiRrrmsMNz83MkAcyiKoH4XgZoyoWbSpP8tfDkRz4F1TokRaXpbGHUdbwyij17aDw,1785083404,2026-07-26T16:30:04Z,CusLVeFnzn8e8swmzqRFTTBfiJrmMxH58bmDsYzjzpDv,buy,1.83555026,10835041.165018,1.6940870201086593e-07,163.3377586463612,12164.92503535852
36cGppMJhAy4tH2BRyR4wDzd37QwNv53QVbaqZ3atQ1hbJ49GSF4dFL5GbMsbpt5MbPUdFThoBDNQKt2MKcpQPEU,1785083404,2026-07-26T16:30:04Z,FxN3VZ4BosL5urG2yoeQ156JSdmavm9K5fdLxjkPmaMR,buy,2.611875498,14531488.983271,1.7973901373815537e-07,173.29787252259794,12906.725581981567
37QTGjtS1AoiKyULvskwxKD3ursaAGtEXC7N8gdVXzUdtdqE4aTkhGkDCLdzod2opsAEJuXpyJWQSRvG6xuoq2DF,1785083404,2026-07-26T16:30:04Z,B2LYQGCRZreTKwgKLMqbzDnZTSDc3ZoxNZiKzw33izDv,buy,1.466666666,8028509.039053,1.82682321071784e-07,176.13570326668486,13118.079028673557
3y8E9fmVMKgL9g5eCFSwFK8pTCm5Ykr6vv2Tuh38quKi6Ug1yY2FKqPNHPgfULgdL9CZv1dVipphKKY8kJZk9xRs,1785083404,2026-07-26T16:30:04Z,Bfd2zuMMCDS8JQvHhD7JsNE11rN6XMd1nnk9LGkpzDGv,buy,0.138271603,746661.230739,1.8518653079542799e-07,178.55017193674288,13297.901689489358
44wX7YCzJe1Lr2BXV7KMfkFHVgYnTa17XrjkmaBojmyBrriQ9pvVd1WrqixGNbfypnV9y4x1AvcKfXkpVR2RscrQ,1785083404,2026-07-26T16:30:04Z,2pUUZYtokRgDV2YzL6M5pjb1jyoHE367yU1sdQ7ac3ea,buy,1.466666666,8087915.994029,1.8134049204798666e-07,174.84196013169742,13021.724772422212
49WnQRNEe4NKJC9W1w2kBWhFcJiW8wk3oCDj5HkzE5nxcoFmD6RJ8xjb3eaKzStHBw8Ea4zY4LrLMwBNGwDXw1hp,1785083404,2026-07-26T16:30:04Z,Fn8WJ5afkGJp424indxe9jqNZDjbUDPsMcCm3tP8HEeP,buy,0.098765431,522314.167704,1.8909200076680904e-07,182.31568518378455,13578.346252642006
4DjsmfctVErpRibknz1F14kaPKv82y5EQCZpmVo7Gj7LwnrPwdRVu8Aa3W8PXWPW2KyyYs5T7JX1rQeRkfqTfHvz,1785083404,2026-07-26T16:30:04Z,EsyZLvAWJpsmxDY4kmnnjABALEjbBetAvbYSbjdFJ4q8,buy,0.444444443,2366882.991,1.8777626299651753e-07,181.04709829412178,13483.865560966799
4V9HkUDDeScek4xZXTM9t14XmsUmyFnrXDszPKHm5wXREgtCTuJG4k5vUCZEvaNxrDjqpTRv6YAivRg3weZCcZ61,1785083404,2026-07-26T16:30:04Z,2fg5QD1eD7rzNNCsvnhmXFm5hqNgwTTG8p7kQ6f3rx6f,buy,2.519666642,15793231.820871,1.5954091414464148e-07,153.82359359028587,11456.337470300963
52j83948p6HLyVb81edg44wy4Dom938aUN9TMrb52fmiiGiWYaz4AVgM6eSptXitG8GT56YLWcK6PHzUuRzsL1QN,1785083404,2026-07-26T16:30:04Z,7NAd2EpYGGeFofpyvgehSXhH5vg6Ry6VRMW2Y6jiqCu1,buy,2.332632564,15662959.530424,1.4892668013787907e-07,143.5897320953707,10694.148990799265
5H7qk2EUw69CdYrwY3w6ZzHyQ7avE9SE2786VhL21aWA7arpLwpkXDH9dQZiHQ4Tjidqw3yWLYcRZVs4WQXnpFbw,1785083404,2026-07-26T16:30:04Z,BZxtqKj99iYqDZFPxiXtEsCq9ffWPLkFuTkbW4LW23EF,sell,1.924420797,10609206.461746,1.8139158700878844e-07,174.89122404952704,13025.393806896005
5MsXeDfu5iSyQsiFDamwLiekBbc4sCPJm1rJWBtkjQCH1HHdJaHzJjLU3gK2oxAdrvyPz9vEPpgHhZRn6Ea1NYXy,1785083404,2026-07-26T16:30:04Z,AYHoGxsLVQaJobtGGxa8sRYQtfnj79t8eB6XdLRr6CFG,buy,0.497711927,2795392.96999,1.780472128044954e-07,171.666699098212,12785.24049126053
5XB8UReCbhtWXAYD2KNw1gtsw8RV2LFbyLvsbXivKSN13UYY3wkUQe78rLKkgMvTrUa15sKJtbro8iK94MVvzvL7,1785083404,2026-07-26T16:30:04Z,BBeft5QozTYdDPagToAjvcvCwBXXjzehxqs24BtCLMRD,buy,0.312455898,1643732.163809,1.90089300969782e-07,183.27724605945147,13649.960532563327
66uj2ac9MDsuMTJC6p8Bhnjz7HMNzUCjJuUFBiBP6rx3kCLzvgBkGBwxFwkMQeZpMMh4YLhLkoMfkEhjk71Q1U8x,1785083404,2026-07-26T16:30:04Z,BU99XYHSueULuTN3V3GuTfmXXWgNCrQXWwNsw9Ku1MPk,sell,1.748803104,9608610.674073,1.8200374261377986e-07,175.4814423988518,13069.351566776708
K9z5gafiEfqA2DodCFKZQn4vctk6mPZcQek8MPq6PR2otuPYaX1vqB9kzr84NZ1FHGJ2hWTwEccM31GGWZoKPix,1785083404,2026-07-26T16:30:04Z,7fkCpkeUvf9oyn7jvtDB81EjYBYagrNb3usAPsvVcCDd,buy,0.246913579,1326698.946847,1.8611123464506302e-07,179.44173802761208,13364.302959773551
ZJiTsuDC95wqXDPAxot8T3Z6JBTcymZLU5qE77YYXkoh5KhdfT1TyqCT9fu7rAJipwvBs4uqCDeUyUYbGPjoD5W,1785083404,2026-07-26T16:30:04Z,436h85qXhByXQG4pkxdrD4CYQFRuJ3UPR5YdfUuL6v24,sell,0.03755672,260679.142921,1.4407259276351748e-07,138.90959617206394,10345.585969400274
24rFv6JJ7rgGQcBUe68Lso72kKGhEKqYKREQDdMLqEbFoWxc9Kx2uDPc4ZM9Adu1Q9biWJWyY1PwjmeP9urU91VZ,1785083405,2026-07-26T16:30:05Z,3JD7zrZVXfGozgaSrnn3GzAcGsHCM5ATazX8EqwJqZWY,buy,4.888888888,24926374.153411,1.961331743602585e-07,189.10453073506096,14083.959883515376
26AoN2GxFvru1nJcuyYxNFCKYEXo3C4x6eXa93Adzme3zWd8XKLA6UeVYxXzQCX2nrsnJYCTQaSMPa9GRH67quWn,1785083405,2026-07-26T16:30:05Z,ontrU64W3C2bdTEotmXSCZHYC7nw89zWE81TCJRiKHF,buy,0.148148147,774789.484182,1.9121083858851087e-07,184.35859216922216,13730.496071140893
2q36TZzpQNH6beevRkT7fXeMb6mfhcKPiVJia5p64BB8uA8gMMzuHsVoP4NwUxTkfKLYgq6BBxEKQLK21v2SiDsn,1785083405,2026-07-26T16:30:05Z,Bfd2zuMMCDS8JQvHhD7JsNE11rN6XMd1nnk9LGkpzDGv,buy,0.138271603,610407.709583,2.2652335615888635e-07,218.40564762529564,16266.222535923353
3iUUFYk89Wv3fX6wVBm9yk5zXd29qN7ffiw6RhxD59J44FXgAVbQXKtMMXuhgxvXQj3c9LxgniFvEhxK28TeQbfu,1785083405,2026-07-26T16:30:05Z,2fg5QD1eD7rzNNCsvnhmXFm5hqNgwTTG8p7kQ6f3rx6f,buy,0.707650221,3231773.859432999,2.1896650315878048e-07,211.11960259451467,15723.578922234512
3wTiGKroQSuGBgDsVsyNQN5CuRq7Y7FJvKmMdLVFjF9tT1Bv1asMJ1FZCuXeHBuieVwoN6WimAdL7AQHfrutFZBb,1785083405,2026-07-26T16:30:05Z,HDp472dUvzYGtVSarR4EGLkcMJP74QFRMTsT9YA6ibCd,buy,0.244444444,1083967.919,2.2550892855344735e-07,217.42757312608381,16193.378368962129
4WZ6iVbMf9DZsfHmkupPYvsj3mSi4AfCF7aCCCRL5pJxdQcbF5MFPTYwH2L1YsGTAoYcPrLasTNVPMkTvnadEcsd,1785083405,2026-07-26T16:30:05Z,suqh5sHtr8HyJ7q8scBimULPkPpA557prMG47xCHQfK,buy,0.768302782,3447897.91602,2.2283223016268195e-07,214.8467971061371,16001.169616522497
4sgBGkSuPSC8V4WNvy7HAy3juG1vARSA1ukanCaRgSjpR6xjwcHsXVfyhVrHh35gHB48TVtpsR1aJ5QTXrcHMSQB,1785083405,2026-07-26T16:30:05Z,FxN3VZ4BosL5urG2yoeQ156JSdmavm9K5fdLxjkPmaMR,buy,0.795678019,3699758.9359600004,2.1506212506614036e-07,207.35514209756283,15443.212764871376
5XUJTS2QeTqixSihRAj5tF8jzkLg9NLFFxdYAB4Y7BVB13jaV5cKBrjrW94Q1mT1CUdgMQscyByUTf9c45tFyTni,1785083405,2026-07-26T16:30:05Z,4A3HGpsSR5VuGBE3EBRds2xYfSF8GKTRHTytXi5YTMLe,sell,0.431447087,1911214.3193269998,2.2574500548526992e-07,217.6551899866955,16210.330616066973
5i7YELVP4fokVtN2z9ya6DEg37b4RNXgeexuq2FXQx5BbLMqwaQJrNssojxaa6Dqi2RgNjZZSpiHJYiSFWvzGLca,1785083405,2026-07-26T16:30:05Z,CR4Y5YQ2Dy8kdKCCYd32goMmG762FqFaBb5uVbQdxaKc,sell,0.372108669,2007906.7649569998,1.853216869897686e-07,178.68048466323646,13307.607005407031
5k32HMbruYXqJHWCwThWQ9xE2oJGA4gyEfh5kxKytSUiNTNVpxdc7241o2mZtRWHn78kMenX4DHFFHBsC6BbwsGF,1785083405,2026-07-26T16:30:05Z,iNyUtaMtqWNyJcwy3CyENdou1YK7F7eGcXaqC7FioxQ,sell,1.105446012,5852776.649339,1.888754822251498e-07,182.10692581735174,13562.798457299825
6319XeKjwe6R52BwD67WVGFwATNkZvTgWfnrpphbMxU1X9CVjFvXb2v5RuQjiSCguRGUi2qFYTkjhSmj9A8yRgCq,1785083405,2026-07-26T16:30:05Z,7NAd2EpYGGeFofpyvgehSXhH5vg6Ry6VRMW2Y6jiqCu1,buy,0.661702311,3131383.224442998,2.1131310464809105e-07,203.74047186554404,15174.002554296283
DwsGEerG8V4r68jdphVvu8WTV3bNoRZSA2FP26uyFpGQ56YNnS2NMHKbF8111uGbdC12F1V61tC7qYxmxCfQCq5,1785083405,2026-07-26T16:30:05Z,7DgesX2Hbc2D3XFF28eKSF1xt5yZ1gjs7TSBBW6Q5Nsx,buy,0.205333333,981983.789547,2.091005321938385e-07,201.60718932910675,15015.121825491957
3HwjA9Mp9cJf6Yo4M6dBuCsEWExb1dFp3LGk6hykBwtkxBLAyUC1Vx9H2YJ6VKcTxuWsDvY6qTbhsQUhKLTsMeaV,1785083406,2026-07-26T16:30:06Z,HMendyGrAAsSVnSiUN4mVDw6GGdwvMuBjtkuWQWhQqii,buy,0.002116625,9422.845739,2.246269395284218e-07,216.57719112806154,16130.04437109727
3eGFSjG5KHzzJ579jQ4KvBpjRpxWkK6AenDPrMDjUEhyL74wdG5qNkn9oXQfGUtRoo5j7TXY12NFvicPUVoVKt1K,1785083406,2026-07-26T16:30:06Z,6xWDFHkSHHUNF2C3JqcJB72h9kMQ6eKLDRSftvkKyqn6,buy,0.244444444,1082075.42691,2.2590333161713258e-07,217.80784233103572,16221.699722272178
3m895XQoLLxrgzA45vSZCK6ui1G9VzxKRxahKpzza8MgSwDfBJuc39fUWcV9981G7L95y4mBR2KjVWVW2y4QjNth,1785083406,2026-07-26T16:30:06Z,CusLVeFnzn8e8swmzqRFTTBfiJrmMxH58bmDsYzjzpDv,sell,0.366623987,1625256.1747519989,2.2557919957199602e-07,217.4953259069699,16198.424400616086
3mAN6jY4FbkPv9ZmTx9pTgYNr98LdC2kao2jKdwiDXTDjPBWfJ6XuxffVUa4wMnhPaiMArfzeeosS9iRAkKubErB,1785083406,2026-07-26T16:30:06Z,EbcdAjZJf2V5DyiPqxC4D77uDcJBEWynPzxv59nY4qp9,buy,0.002000049,8904.298318000001,2.246161267931589e-07,216.56676587881688,16129.26792861032
5GmraRVCSepSbRnkLDB5SameD3Cu9DmxmRYHKaQ16H5DhGKY4mGDEqgCJA8LU6BHgDMMbDcQZrPSd9hqAK5y6mTk,1785083406,2026-07-26T16:30:06Z,EaNHi9dRgzfKUo7bDfcum71RgWS2PXmmrPC96pmDhXpb,buy,0.069541921,309365.267212,2.2478903862321666e-07,216.73348122714216,16141.684406780634
WebDUUJR7L4udeHT1U1oKWXVcfkCm58LSWuNwh6o27KecLYkbmoYBTRwQgwMk7jK8qL5etZRpfbGo9EyFn7p8fU,1785083406,2026-07-26T16:30:06Z,A4rWFozNza39oA323my8dLffKaHPSTh3G3ewHbQw2cqb,buy,0.053662093,238376.621638,2.2511474754219622e-07,217.04751801607782,16165.072960825986
26sHcv9Do5rLYKA1qKPZqaDHLRFMUERDLG9zvndZk7CuKzu6bLb6RmnpdgcSPMFfJRCA5MhUVCLGFbePhvynX7R4,1785083407,2026-07-26T16:30:07Z,BaiyK1aJeypxRszgWEUvAanVjNhdkDhk1Zbcu49XVeXq,sell,0.428605405,1897983.0323850028,2.2582151562304277e-07,217.72895830124605,16215.824667313478
2QfNU6wQQWT3z6KFoUMUmg8Kz8fnpbSRNHXxdu8j8qTz5HCG7QbmTDfCDEFT91objaTEdBkJX3rW8U7Fnxc1NESb,1785083407,2026-07-26T16:30:07Z,9fwGq3uqfedVbwuRLr14u43DFVRWiLRYtcW6oFvTfwu3,sell,0.397462546,1849755.8149800003,2.1487298095305485e-07,207.17277616756144,15429.630676529676
2VpixWVqsM7Wz8B7keCp1LnTbVFqGhJxnJy8YL4whnxJUjWYuuk2u8aphhTwASvSSmmyY4pbfSwZ3WtdGuF55Ba5,1785083407,2026-07-26T16:30:07Z,BaiyK1aJeypxRszgWEUvAanVjNhdkDhk1Zbcu49XVeXq,sell,0.403904996,1897983.032384999,2.1280748516094708e-07,205.18129964261448,15281.31125035151
2kjwMcQjn6XaAQJYCctp51ZKvxanCgG6yuTtKK1g3Td1HuVEgj4KYBi1q6vJZz7w8cuBXhuz7CCfKs2MgVtJLz8C,1785083407,2026-07-26T16:30:07Z,9ERrNvQtSfNEqMKBw1V3zHWMZUPNM5DxH4q5UNnZKz2c,buy,0.246913579,1096006.562761,2.252847632389981e-07,217.21144101720287,16177.281473032735
3S6xFF1qR8b9tCQw8ncKYBNnED3McNsbu7uU9ufWXD34Uyn1KP1wCX2Ykmgc91wrHkbDK8hyQpwcdWnzpUpQVJUN,1785083407,2026-07-26T16:30:07Z,BaiyK1aJeypxRszgWEUvAanVjNhdkDhk1Zbcu49XVeXq,sell,0.411207896,1897983.032384999,2.1665520132879036e-07,208.8911287558945,15557.608619870038
3X4v651WANQN5M82Aikzw9Z7HYAQ3t2V1WbvSCiKmd8hW3NzHrMGz7QhR99few551TLnDMNxCGxJMe7v26FzBNLh,1785083407,2026-07-26T16:30:07Z,48uVqq6sFCtoDsbjhcuk4yjRiSq4kSqZCpDp3hi7m3G3,buy,0.488888888,2151476.381443,2.2723414127005252e-07,219.09096098617388,16317.262697915921
4EP7FiqTJHqSCcsFLFgzCvw1UcpomURgrcztDTuAw4KGbavR54gWtCgq88aBKrafNK9RwF8QYi9BrctJKjXjHfwP,1785083407,2026-07-26T16:30:07Z,AiZmc96qy4sDHSRmZQYJbRnykikbKGCt25sZQYdZ52Rb,sell,0.441624598,1975751.1452330016,2.2352237986323876e-07,215.5122145485786,16050.727987909524
4MX5KSVrvrTA5P98eJoGqJXKiVL2LPYtDYPnT9SfJ6zisb5BBEikDdenrVksF2ePKPubwRSYmS4nM6AAjWxVS93i,1785083407,2026-07-26T16:30:07Z,AiZmc96qy4sDHSRmZQYJbRnykikbKGCt25sZQYdZ52Rb,sell,0.436592809,1975751.1452329978,2.2097560720305856e-07,213.05670823067422,15867.848961475536
4moRJDe22cTcWAA8cr6ZrVLEkr1ah9G9MYzVwwk2ygMGjJdx2svcT3D8rQgLKmKHywvSWGncQJ8i7VJakpFnfQv9,1785083407,2026-07-26T16:30:07Z,9fwGq3uqfedVbwuRLr14u43DFVRWiLRYtcW6oFvTfwu3,sell,0.421892015,1849755.8149800003,2.280798425302215e-07,219.9063556304912,16377.990938615176
59eLu9RsricNKE3hyu3ivMWgerTZTRt3dSy1yc5RFxZx1xGY9a1CL66pkZJxGBLS9y7iPLg4WMuSC8XYWXUf8zap,1785083407,2026-07-26T16:30:07Z,FAoLSqAkBJyKYwzdBHdTBeXymvXPPcTczKozhZbGtxB4,buy,0.098765431,434362.522637,2.273801855657308e-07,219.23177162716237,16327.749868218743
5DjbjJczSysSKEkDmjeUNuPf8f5uRHz91ozQ7ZdycFcqZCy4KJowzf99Br7yPiUHNyWM1inPTSbVqwkGUB2VstCi,1785083407,2026-07-26T16:30:07Z,6gFqpfzzjtNYCWtJ6xxoYTJR1P7NiZPfx8z93Sxh3oUh,buy,0.488888888,2254437.771093,2.1685623540763164e-07,209.08495856191806,15572.044504624646
5KfyJTusnn1SijduqosBq3Ev72FREUoRMpqDTDiiPkWyXorW3mkJyiKbaNxomZEUZtTxcnvnsfMAh2Kvxwdjy3bd,1785083407,2026-07-26T16:30:07Z,iNyUtaMtqWNyJcwy3CyENdou1YK7F7eGcXaqC7FioxQ,sell,0.266683185,1170555.3298669998,2.2782621051351834e-07,219.66181279038022,16359.77809338859
5MoscGneGycoYLnFJbquwD5LcPGYPbUxc8mWHmCs8XYGRu1KB8VaMn2NSDCDYAwovfnHK9YDbJN3RC7HeLZs9W2R,1785083407,2026-07-26T16:30:07Z,CxYpzfELZZSk54ZuTzjpiMJkAa6f1RXY7yWzznNDGn99,sell,0.14329528,645517.6955710002,2.2198505321104556e-07,214.02997965334612,15940.335409152918
5fu4a2Z4BPyMWhJ9z4e14KtvqLe79BKASfnut5TvvtB8gUUiuf2Lzp7ENmMHtxwsTfjS7edhzFLmTbKew6op8S6,1785083407,2026-07-26T16:30:07Z,9fwGq3uqfedVbwuRLr14u43DFVRWiLRYtcW6oFvTfwu3,sell,0.404684225,1849755.8149800003,2.187771065362892e-07,210.93699320405415,15709.978701660197
5ox6Uv7B1i39pChB4b8XVHKqQCiAVp3FQqEA4qq1g1i8iWwDdbpbUSp22E9AfFHtabBKtD46XWntcJpstqMSJFg1,1785083407,2026-07-26T16:30:07Z,8GvD3GZVYQBXqC9WGJtwgpHGTT7XybgGFUZDy2qXB9TA,buy,0.003133419,14866.133744,2.1077564980636973e-07,203.2222772971519,15135.408917831193
5pAmRzHS6d1QxHACS5rNBzv3pLpyMspmsjoPdn8zVteBV8sC3U4BFFpoUSkwEDoAphpvRY1kGHqUSNFcxkaHNEvE,1785083407,2026-07-26T16:30:07Z,AiZmc96qy4sDHSRmZQYJbRnykikbKGCt25sZQYdZ52Rb,sell,0.42876319,1975751.1452330016,2.170127503327023e-07,209.23586460601314,15583.283551425659
5pcYnokKJbTozffBxckVZj3ouuEnv8k1jeczcAuT2fKpxkWbtCjsHa4NiM2nR9t9FXDGMsEWXJsdv7k3urQaFLR6,1785083407,2026-07-26T16:30:07Z,6KEqpWHUD6ntSQjvaBUCXNwb8rEMi1cmqxu3P1hxotTE,sell,0.195936289,927425.9033100004,2.1126894159490232e-07,203.69789144294944,15170.831287265746
L5TcJuMipECLPzURsrnhKvaPtWNacpgrgNiuybDe87HKZkYFVBRoutLSBP7AtcynJea8niq4sgB65TQBmyjfMS3,1785083407,2026-07-26T16:30:07Z,7ikPbksKsuAC3x6YLHDtrwc4XGn6jorn3RJ5zTqDbnCe,buy,0.097777777,440707.193943,2.2186562494064107e-07,213.91483122368854,15931.75948631467
TSheyRYjeX75hN4YSuHai13Aq4ThH36Hmw8bKeRr3B3dWbqLyxs6GDRuJhUWqxJGuPt6ZH3bgbtkCVre2VTtvN2,1785083407,2026-07-26T16:30:07Z,3wH5bhr4LeT2fVHwdnR5Gbq12iNXGm4VWQ2ESe9ndrmb,buy,0.293333333,1284167.85919,2.28422889500616e-07,220.23710914308862,16402.62450601119
2fDkFgEQjVYDKusSc9Fh4bjCsqCQyZGfosbWrJppaLVfUM3nhCHsresGRJ2J1tWeke946YEXV7rxKSnjCVGeBnTP,1785083408,2026-07-26T16:30:08Z,CusLVeFnzn8e8swmzqRFTTBfiJrmMxH58bmDsYzjzpDv,sell,0.289021585,1381467.7485390007,2.0921341472188595e-07,201.71602659013732,15023.227710698557
3UnezNLGh7k29crowmYwGaKMMichGrTPTe1x9njMCszb5tb3g2qYzPgj1pwPrUCHPxS8qoMEvVkbxNLoewMi7BRj,1785083408,2026-07-26T16:30:08Z,B5LJMjBTY2YnkRtpTmWe4DGzdkuv12XFLAg6bo97Lcd2,sell,0.162742885,773613.535961,2.1036716323459512e-07,202.82842928179716,15106.07625389714
5FVZRCnDeWyCNYRK2smygP9x7Yo4Gcj2cdS8iBCbNRgsGJwm7DSR89qt1kBQ4dTpXry4D9evELU5Fhwzx6TVDgNq,1785083408,2026-07-26T16:30:08Z,6KEqpWHUD6ntSQjvaBUCXNwb8rEMi1cmqxu3P1hxotTE,sell,0.154386726,741940.7226479999,2.08084987502763e-07,200.62803777622582,14942.197442680752
31RAgUrPcupcpRmdkWf2rz7fhDzGRmyUfjBBDu5Vb6RRJTMq99tF1y7h3U5Te4TR6GhrSWKQEMsK9nnB5e5F8KDG,1785083409,2026-07-26T16:30:09Z,436h85qXhByXQG4pkxdrD4CYQFRuJ3UPR5YdfUuL6v24,sell,0.027807946,130339.57146099998,2.1334998794530065e-07,205.7043612551758,15320.267370224921
3VivYHcoXjfrLh7VxZUNVGHsEnRixeo28wpSp58zpozyrDhnT9d7CpY9sjWK6LDbybwUGwqP4s6b1wD4vxrpnEQX,1785083409,2026-07-26T16:30:09Z,CR4Y5YQ2Dy8kdKCCYd32goMmG762FqFaBb5uVbQdxaKc,buy,0.010755555,51779.06392600003,2.077201514374861e-07,200.27627600443756,14915.999240748928
4VRXCDr9r15Yehs2SoHyGQiyaW4AbGtrocXDgJTkQXRWKYs8SGHLu9MLqq5NjVScsHBsFzwGKVJaRzirm8k5oPDf,1785083409,2026-07-26T16:30:09Z,2fg5QD1eD7rzNNCsvnhmXFm5hqNgwTTG8p7kQ6f3rx6f,buy,0.220263641,1024268.5406000018,2.1504481712478715e-07,207.3384544049363,15441.969913668463
4ZZ1ScMda4BMTednJojjy13aQ7uuVmQ9cFN44j73uSnNa46nkvVd1tkTJcoqesQcAZBuT4edKuALSJkpTC5i29T6,1785083409,2026-07-26T16:30:09Z,suqh5sHtr8HyJ7q8scBimULPkPpA557prMG47xCHQfK,buy,0.267599849,1228726.1650550002,2.1778640075433058e-07,209.9817904312194,15638.83795489472
4kLDEeHNqHzREtsMHSTYZ8BLEuZ9yy1wRFkNJDDVotLf9zjPtQu5aYJoEhKcig5ras7NCMvQGHNeGjaNTyQZh1G7,1785083409,2026-07-26T16:30:09Z,7NAd2EpYGGeFofpyvgehSXhH5vg6Ry6VRMW2Y6jiqCu1,buy,0.230307205,1076796.7288689986,2.1388178365094087e-07,206.2170994887257,15358.45463461246
4xjMATNJ4fChXcB1hMvvmDvAQSD1hNAoW6guUy7kr6FGgK99LGGcHfACXmqSiTifCp85d287e5mYFt1Xdu4vTWWU,1785083409,2026-07-26T16:30:09Z,suqh5sHtr8HyJ7q8scBimULPkPpA557prMG47xCHQfK,buy,0.267939217,1274357.9258379997,2.1025428693732727e-07,202.7195980282595,15097.970816111281
5CkXXQDNRYYZujqqZY9GtJuNtBoU2tUdqS7b6mfHiy9Tb8koM88iesQ1JdaFqwyye1pioFc7rVSEajTj1ct1xzWu,1785083409,2026-07-26T16:30:09Z,2JVXDvyaipT1x4YT1mRoUUZFurAZLheAi7mMv5apZLV1,buy,0.120706666,580169.548033,2.0805412212557945e-07,200.59827849308925,14939.981057128125
5FzWzJrhw7Hj9Tydy5vjNrUkajiix2E4CY4c6pKE46owAK4MEKSfq31Mo3HXqSsBbGx6bQkKLQrRfWxYWFX4YKy1,1785083409,2026-07-26T16:30:09Z,FxN3VZ4BosL5urG2yoeQ156JSdmavm9K5fdLxjkPmaMR,buy,0.259607082,1200291.1173369996,2.162867643109546e-07,208.53589507556217,15531.15184020629
5dLCgDT6kcend1FhzVy96JcmCJBjQi9C8Rq3juVWPb8ABPpvxeTbxMHasLrT6n9uTzFCdNQLqtnSVzSGJbvcquJE,1785083409,2026-07-26T16:30:09Z,7NAd2EpYGGeFofpyvgehSXhH5vg6Ry6VRMW2Y6jiqCu1,buy,0.226580976,1084158.4485680014,2.0899249210230936e-07,201.5030209706644,15007.363666680369
5ii4hejDSc6x7uJSgTB92e3RzAdtiNKNek2qZE1jV8rsAzz94MfDxhXXqXxMZpzXUB2tUqmvNRRu7xRcjzg8xZXU,1785083409,2026-07-26T16:30:09Z,2fg5QD1eD7rzNNCsvnhmXFm5hqNgwTTG8p7kQ6f3rx6f,buy,0.256142529,1203891.967813,2.127620549419485e-07,205.13749746446211,15278.048990491787
65ft8SubfKFqJGytyMLrWPdGhYxvMWhbLjVUV5wkzG39E5oMoTZUUbDDiKGy2DKvsdnpmf5UHLtW5EGs2a4H2VBK,1785083409,2026-07-26T16:30:09Z,CR4Y5YQ2Dy8kdKCCYd32goMmG762FqFaBb5uVbQdxaKc,buy,0.010755555,51612.975633999915,2.0838858577482996e-07,200.92075627710392,14963.998272134731
DudcRN2QmuBv938C8RgSdw5kH4j5bjENmQD2PKDL6Gfi8cJVynVDrnDPC2mv7CkKxLTM7KHKGjKHTRXNbrMQ6yi,1785083409,2026-07-26T16:30:09Z,EbcdAjZJf2V5DyiPqxC4D77uDcJBEWynPzxv59nY4qp9,buy,0.0020472,9598.480673000002,2.1328375497579122e-07,205.64050181549086,15315.511303391355
itMKiFk67vebzhTkwsumKsCQ7gyMjASn6g8zE8VrsVWbwSbimkH2maDCcV4y7Q9U2WTLvnE6SFweZqaPZF5SSMM,1785083409,2026-07-26T16:30:09Z,EaNHi9dRgzfKUo7bDfcum71RgWS2PXmmrPC96pmDhXpb,buy,0.025171536,115983.910829,2.1702610146601682e-07,209.24873728708027,15584.24227157392
vvbXFtxNwaUkkjaT1PQ4gZ9BdyfJnDjG1nXMNun4X1TALKoQ7Er15p8TuvnPYKqEwZAR6hWCoSqWZe6kHRs8WUY,1785083409,2026-07-26T16:30:09Z,FxN3VZ4BosL5urG2yoeQ156JSdmavm9K5fdLxjkPmaMR,buy,0.227115055,1073720.5675019994,2.1152156517629256e-07,203.94146198611347,15188.971718620794
2HSJDLdLaX4APiZwcQkiCmq3egHKuHFJKqB3xeQPbrA1HoKfKbwaqxiGTYkEGECsXv8KNBZkH4seoKGG59qb2RiS,1785083410,2026-07-26T16:30:10Z,EbcdAjZJf2V5DyiPqxC4D77uDcJBEWynPzxv59nY4qp9,buy,0.00209916,9595.960063999999,2.1875455775135667e-07,210.91525247912466,15708.359515189333
2JWxypxf2w23XuP3H9hEZ4pfpfydqDud4ZCqx7SbVjWHjSKVmzmcdKuJpa8zhZCJ4LEG41LPo9rPZjvioa5ziy2u,1785083410,2026-07-26T16:30:10Z,EaNHi9dRgzfKUo7bDfcum71RgWS2PXmmrPC96pmDhXpb,buy,0.021645661,98896.22814900003,2.188724626321238e-07,211.0289321114539,15716.826046240041
41gF8MNSHk783Lo6nGgPBaArQDZ8TbfqW7rYM6h856mfvfnpss3iHfZnCDHAXysrigA6YfQJuzgRPzLhFEBePf2p,1785083410,2026-07-26T16:30:10Z,A4rWFozNza39oA323my8dLffKaHPSTh3G3ewHbQw2cqb,buy,0.052652946,239758.50082999998,2.1960825504716268e-07,211.73835661252667,15769.661936393777
5NuTpaHQ8tRcLNZHiF1qtknpKAFSbttwaoeu528kkrZ9PAvdwC7gF3xR8SbpXwnwzENKdzwZT5xiJE5jkNnTqPz9,1785083410,2026-07-26T16:30:10Z,CR4Y5YQ2Dy8kdKCCYd32goMmG762FqFaBb5uVbQdxaKc,buy,0.010755555,49159.717267,2.187879751542022e-07,210.9474723333339,15710.759156976717
5aaACtTtA8Vt3dJHfSCQF93Jkqcu3HMpT5Bfj7NTtQ13B1A2vjV7cKyqaz2jLDPFp6ywnje3SoSgiUrv7EfUvq6o,1785083410,2026-07-26T16:30:10Z,DpLyDsrVNTqdSkPjcKB1anHJDsCaMm9worDmavpFyXuR,buy,0.05092552,232944.819038,2.1861623800138087e-07,210.78188956642066,15698.42703020248
5icJyrxEM6mekawbHKmFMLSp66D1Mu93GUvu4iYJKjdtVa5HX2QTyGmdCmBDZU9ZSXSSRrBkmoxSG4k2Ro5rTty9,1785083410,2026-07-26T16:30:10Z,8NsfpmaZCjGqFRr6kvZgCe3buAqBzA3m8v9nY6NW2anL,buy,0.977777777,4398450.191153,2.223005227993016e-07,214.334144049007,15962.98869582897
612RQiZVcY6iMYYbdaoKzxsuwquUVs7uUqHPZWgsMqzZb3gtmrUGaMQX3AMM2LHfHyoBBo2z5NCYKvcCRpKgRqTq,1785083410,2026-07-26T16:30:10Z,3igBk9uCYvoNA7Ga2EQSTr4yELvPGBzHnZdqvt7zk45y,buy,0.029629628,135052.502287,2.193934025526909e-07,211.53120358868523,15754.233776813511
61nMpNPAm97gsHPdqgDTTvBiii39BcvV9LT5Paa5Gt3BJaKeXHE2dCdWChQzvTVnWvZPCu7SCGQ5Xk62Xpoykwy7,1785083410,2026-07-26T16:30:10Z,4EDbfvj4avEKHHHu7skwKFWGLhrVbw5B64vB1H4LTfDu,buy,0.021645661,98845.24149,2.1898536210455668e-07,211.1377857096496,15724.933148191565
666CU9fdYiHS2SCC52p1AMDmVdL7UbYMjiucAyo1ioqNUFSvUBYTfQ3kWZejBiqnW1DmgKtp4yBUhuhoTifMSeWL,1785083410,2026-07-26T16:30:10Z,5VqL3BXB5XLidG2HvgzCVnVLVtPuZX8SeeRcvdqFtXbt,buy,4.888888888,20558227.443518,2.378069267611622e-07,229.2848593176531,17076.474836298436
aVqpzeGHpFdxmK4e2tf1ZGz38xCnio1kurYx8Vy84CFfDYcXa4GzM1yoBw8gusXdZkUc8raeyLqZg7PH3JBKYr9,1785083410,2026-07-26T16:30:10Z,A4rWFozNza39oA323my8dLffKaHPSTh3G3ewHbQw2cqb,buy,0.052550004,239758.50082999998,2.19178898008127e-07,211.32438604559187,15738.830602871503
2w8ysydYkQYStxJrvcLKcW99SkYwR8eLkf9vpZaJza7NdncCMFNDFmU4LWwkxHBkoyzEG7zx1k54p4kuWMNuzzYx,1785083411,2026-07-26T16:30:11Z,7xQ19LQvvduTTkcpTqirW81gRY5XCWA1L44M9beBug8R,buy,0.087813663,397217.986401,2.210717188202808e-07,213.1493755845387,15874.750558646507
3A9H276SefijMPKgHpmaomRK9u1sdo2s1Z91jLFbWpLjkQSvLLdz2N43PNo7YSpTq1L3NqxrzZaBSc43Vm1vtY7E,1785083411,2026-07-26T16:30:11Z,4A3HGpsSR5VuGBE3EBRds2xYfSF8GKTRHTytXi5YTMLe,sell,0.432051876,1911214.319328,2.260614477563737e-07,217.96029220806625,16233.053749296274
3d2iVYUNXmVvhSxYFwomC8fPR4RJ8AtuprxDRMU1WQ7RTq4G5VoKMCGR1DMmFoQLuuqxbNjiAQmX5S3wfz1dnHUY,1785083411,2026-07-26T16:30:11Z,9fwGq3uqfedVbwuRLr14u43DFVRWiLRYtcW6oFvTfwu3,sell,0.975057328,3919889.329093002,2.487461369797428e-07,239.83205115169312,17861.99925550168
41VUpT8PKhHC66xHFMUJz2bDP1deTxQf2dxkzbDSTfhNZin5HxDPfADqdhuK4ETRbNED2qE15qEi5MHq7cccRNGV,1785083411,2026-07-26T16:30:11Z,CR4Y5YQ2Dy8kdKCCYd32goMmG762FqFaBb5uVbQdxaKc,buy,0.010755555,42762.785798000055,2.515167054552143e-07,242.50333332072097,18060.948644815082
4A13RD3EMDgVV8oYajngF7GSfLgVp5BdpRJagriLBzPgRrZh8emUducQbutsrE7LoBWJSAncRLwFWiiz2yLb1yaq,1785083411,2026-07-26T16:30:11Z,FCwWgvAS74FNvQiVZdZmjZkUt25vT5ovtEDDZyRBjJ7w,sell,4.463793635,18671606.078919,2.390685416205199e-07,230.50126284920967,17167.06906201062
4q2fhxJgGBLiQu4eq4UcPTBPdoJ2sgQup3L9hyj3pGyUc4A8QuuG9f9SVc1UGZEUiiDSWiFU2he8p5238w6SBBFo,1785083411,2026-07-26T16:30:11Z,DU4D99x8BBKxSUY3QoiNrBGY79bM4oLDBSZKNauh5Yy2,buy,0.977777777,3930707.124124,2.487536583428124e-07,239.83930297861326,17862.539350649207
562sMX44p8weA3sp2LeaQqomXuYXHnFFiCzTLDB4Sg4gTZumFjDN6kvDTcyzeJsvtWs636HrVUXi9b1Lv6E6Urjx,1785083411,2026-07-26T16:30:11Z,FT9AgC7PG29RVxp2KRiMYkP8tMCP62ed4S89B5e9d5jC,buy,0.097777777,443264.542621,2.205856043026702e-07,212.68068150442656,15839.843575739847
5mqzwd65HkiVPPkTDspxuGKdtainZ8bYuXcQrubVfUMq2UoX7s2qE5njK9Sg47HvbwjzJXbThtiGDo1Tsw1bN44A,1785083411,2026-07-26T16:30:11Z,9fwGq3uqfedVbwuRLr14u43DFVRWiLRYtcW6oFvTfwu3,sell,0.872617397,3919889.329093,2.2261276371338517e-07,214.6351954735131,15985.410137394321
2JoVAL96A36GAHeX1j5cs3sbVi1BU2VoqN9k2fvtMxHnFRoH9jG14tHFroUa7inCAqSngoz5DNUqK3iDqawVBJBA,1785083412,2026-07-26T16:30:12Z,5KWw4YnmhgmCJi8TK9Cxdujqvi4LiYJAapvughyYvcKR,buy,0.098765431,431552.887701,2.2886054945930357e-07,220.65908508560364,16434.05205681121
2iEDBC72BAPYXKM6r462zXL5KwFKdzzEaHHV3cBk3dN4e3WNv6mmgR1xz2szAu4Ub3ZKhSwp77hx1N9hkjkGEtgs,1785083412,2026-07-26T16:30:12Z,CR4Y5YQ2Dy8kdKCCYd32goMmG762FqFaBb5uVbQdxaKc,buy,0.097777777,428217.36543500004,2.2833678615689367e-07,220.15409140545987,16396.44158441836
3hU7LdZEFw5JHeNPp77nEQhPChjKRBYm4ymNLiVHB7wafrU2FtYbKRgXLqMqENTXsbgHV2SYrVATXFqmzsCFuaVr,1785083412,2026-07-26T16:30:12Z,CxYpzfELZZSk54ZuTzjpiMJkAa6f1RXY7yWzznNDGn99,sell,0.107004917,484138.271678,2.210213966954649e-07,213.1008568072847,15871.137020093061
3j8VdwbEBxLMBnSrS6MmSDbcCqkoYFTMw3CEihFdrCEwhJReVs4NZVyB5FnDbsbeDT4RBccWCYHtdB4v9mps2gSt,1785083412,2026-07-26T16:30:12Z,FT9AgC7PG29RVxp2KRiMYkP8tMCP62ed4S89B5e9d5jC,buy,0.097777777,442438.91379,2.2099723589505377e-07,213.07756183518813,15869.402077777188
4A4PdAxY7esq7us4BVmSYuqwDeLrZNBq4R7KCtSdHVNXzBkKiUSHHwF6d2a6jfqao1H18LHpTjsKiNQSaNdZZBFw,1785083412,2026-07-26T16:30:12Z,B49bjwLPGKUCU3TRXm6zWV3cPduqG9P8VUzTtS2CVS6x,buy,0.048888888,220835.219054,2.2138175336989788e-07,213.44829971202617,15897.01356526715
4gT81CHhowDYoPja5wAqKC3Ysu2giXkNaZh6nr7BkM5s8EgV7ZBycH1sWAoN9BNWY1d7DSi4NhN51c9sQZJF8ZLX,1785083412,2026-07-26T16:30:12Z,GoJmdBv5s96u7PD66NDkuGPTc7mWoh5b74urHGVN279C,buy,0.049382715,222702.251514,2.2174322290987524e-07,213.7968156015762,15922.970023254227
4iNRBj5LVme9YtenHJ2i9KE7Ro9v9yGGocrzeqPj3JE6T3Ktvdxr93HUyoxPTjWXs5Nz2ekvGderYXLjD8WCDqg6,1785083412,2026-07-26T16:30:12Z,9fwGq3uqfedVbwuRLr14u43DFVRWiLRYtcW6oFvTfwu3,sell,0.806840925,3554812.4107109997,2.2697144934256134e-07,218.8376829069395,16298.399277280545
5mL7EVFYfYbgFeubLLN27D9uhakFzMWccxhktcgA8LR3zF6T9nphf988xTEb73hRugVn9r6uzzMEgzdU657QTwWR,1785083412,2026-07-26T16:30:12Z,aKmaJt9FWsQB3TqgR4sCJo5XksrkE7JDb7renvns816,buy,0.197530863,876508.151855,2.2536112480181174e-07,217.28506608113796,16182.764855386677
64wHQ9r6yASz6FgTbRawjhq5UqtnhLidyBKBCi5LZgfCPDZ5RxgHnS9Xh3pG4TcMvNDiX2dFWsvkoFDtQVMuB5ai,1785083412,2026-07-26T16:30:12Z,Baf7AGwsnTWW4ps6B3zs48wVj8aKH4WCR9h7ytcQS3S2,buy,0.019753085,89153.83196299989,2.2156181697493172e-07,213.62191054376567,15909.94359914872
JHmRmGH8wqC25G7gzVCH4BsTbkkg2u58R5C4LToricCQB2RfafSwHQmd3X5Hffz6zQr5cqjBwKSnKvnquMuwUET,1785083412,2026-07-26T16:30:12Z,FcYgLYimwomLtUhb9eohxDLzmVbEf5Boem3yJ6HpggSr,buy,1.173333333,5215897.204681,2.2495330850212952e-07,216.891864317953,16153.480322449795
227M8ag3zSP8Y5vBAnUmsUzVo5AR8XxWFbLahv8gt8rWnYf8oo6yj3J5xP6Sex2iaPvE7Vr8NmwWk3nDakymyrBb,1785083413,2026-07-26T16:30:13Z,9fwGq3uqfedVbwuRLr14u43DFVRWiLRYtcW6oFvTfwu3,sell,0.75883424,3554812.4107109997,2.1346674657530668e-07,205.81693571387498,15328.651591132082
2X3ZxQQ8QkvHXGe41R6wfXp6ez2ZqLknQRjUGX7XayvyUhk3UvK33NTyMhGT9k9qyR41JNWCTJV124sQXcC8mqL4,1785083413,2026-07-26T16:30:13Z,7MUrpzoaqifpVyxPXiiBfENHKHFoFJkwGEivZ8bxem8T,sell,0.417589548,1979506.223971,2.1095642082008313e-07,203.3965701868187,15148.389749419455
3nvEtFpUMjX4JvNfNy4KDHoewk9n5iV45XqJr7R5SfFjMKwL9vZBsEMVstSMor26YPj23HChccjwrbjc5m2RPjjA,1785083413,2026-07-26T16:30:13Z,CR4Y5YQ2Dy8kdKCCYd32goMmG762FqFaBb5uVbQdxaKc,buy,0.097777777,461701.1321429999,2.1177720865911992e-07,204.18794420929282,15207.329003503204
4dUf5Sq86QvYaJHaqPMkZpP1DqDY4CX6bj7HZdxzsD3geTEPjJMNfexMpNAgzTvXoiusHhm21Lk2PFY73gBXdE48,1785083413,2026-07-26T16:30:13Z,99xnE2zEFi8YhmKDaikc1EvH6ELTQJppnqUwMzmpLXrs,buy,0.000977777,4622.533346999437,2.1152405544779712e-07,203.94386301605553,15189.15054040392
5VS9bowo8pWUSrSrF59rDi3NsQbHkqQj7d3htYmdPD7882JizK3mmp1RExjz4Qqn9DRfUj7pHKizGbjd2MXFbZYP,1785083413,2026-07-26T16:30:13Z,4Lodm2nk8y82NtDUPexvbzvMPPKyDgZ38ZzPwXFJiwvN,sell,1.014576757,4652858.209851999,2.1805451858638783e-07,210.24029997188364,15658.090999684653
KsC64BsoNe8nh3S2AkMzZdaqMUMKhD7CpRFAoPjFpa6Vjfs3tHGEoLRqa231p9apMzvBhZtdL6Loz45J6kbFoac,1785083413,2026-07-26T16:30:13Z,4LmQ98faZpeZrHizD4chtAtFPw28BHP6uToC5FQR1gcU,buy,0.097777777,465298.744618,2.101397825181613e-07,202.60919699832613,15089.748465908267
hUvyvW7U6hzKHirjGxjQiyV65Avw2uPR5SC1GSqewkAQTJSFQqJ2Sgbkp98H4zDJ8jWaw1aU3TU9YDTmrMjURJx,1785083413,2026-07-26T16:30:13Z,8NsfpmaZCjGqFRr6kvZgCe3buAqBzA3m8v9nY6NW2anL,sell,0.98209828,4398450.191153,2.2328280128654928e-07,215.28122152831668,16033.52429417413
3rX4eRYRV5U6TDw36zyad1pYe4Mc7bTmA9E6sfundurkPNV4xq1wTV1ek75DBPmq4UjBc3YvrPbGrvi1QVmYHXsL,1785083414,2026-07-26T16:30:14Z,B4FARCzHz6cYrAtZ5SLBzswf73AKAduPVqhknQXMPvge,buy,0.391111111,1882186.208807,2.0779618359221793e-07,200.3495834649844,14921.458968918796
3xU7NNXJjB6Z5fjd4TTNhRQKvEnULrREkPLJX5P2rs4ckFyxTkfxyKryzC3kLTVXq9iXj22BLqwqkTvxS3F5MiU2,1785083414,2026-07-26T16:30:14Z,9fwGq3uqfedVbwuRLr14u43DFVRWiLRYtcW6oFvTfwu3,sell,0.729754888,3590360.534819,2.032539297719272e-07,195.97010620435603,14595.28813731734
4dAcXCLXRFMsby6hWAhzwQ6VaCYNnAd8dLmreVZoT7ehWzn9Uh6CxKFzDm5sx1d6Hwne2AFQHN465Ee3Qg5T2Z12,1785083414,2026-07-26T16:30:14Z,9fwGq3uqfedVbwuRLr14u43DFVRWiLRYtcW6oFvTfwu3,sell,0.73435144,3519264.286604,2.0866618139344981e-07,201.18840395763752,14983.931899218645
4vnLrpKmZkvY3JKJuFeCAyumk8XDR6kakejVUXqvXME2G7fsva8SpUc4df7s35qUTRXG7dVph6XNTJ5QG9nJihwR,1785083414,2026-07-26T16:30:14Z,EqVjkrxV7i3xVMFBZWJFPWrp9e1fBPYZTtSJtdQc6PSs,buy,0.488888888,2439666.750938,2.0039166735048243e-07,193.21041604070368,14389.75437562093
4yfT1qLXpHWhge3JAqegx3hMqYkNMsciXE23KC6QPfJ7H8KdGGrvDrq2KQLDU9TEDLVAZVNjkhjq2vgieqrxofXa,1785083414,2026-07-26T16:30:14Z,EqVjkrxV7i3xVMFBZWJFPWrp9e1fBPYZTtSJtdQc6PSs,buy,0.488888888,2410234.6702619996,2.0283870862535406e-07,195.56976495494675,14565.471876043854
51GYhpegPQ6GdduaZzJXzyKqvxHGuvCujPvRJrHK81XE5L74dfnxmgfseDbmMJDvcoj6kxf6sKPzdYpnDs82JCDh,1785083414,2026-07-26T16:30:14Z,7eDUBD4AQ5GyhDh7RSLrBbebRGAxNpfPF5SSvgMn76vg,buy,0.078222222,374219.344089,2.0902773529899758e-07,201.53700118942683,15009.89441534103
56TqmHeLEr4jEniCLyujq4m9pnf6kNeHhfzA7D22z3AtykXS9tGu1ba7VXbtxPCf6j8494rwWh1b4UibZvognzeh,1785083414,2026-07-26T16:30:14Z,Baf7AGwsnTWW4ps6B3zs48wVj8aKH4WCR9h7ytcQS3S2,buy,0.049382715,246453.35960600013,2.0037347057855945e-07,193.1928713697085,14388.4476991415
5VZps5AAz6u3MmNZVENtGs6FmyMdjmh9kKP5PRw9NjLxHrncdbEd1LbXg1JpuEHqZjrWL6xv84T1X7Cedsran9b3,1785083414,2026-07-26T16:30:14Z,7fkCpkeUvf9oyn7jvtDB81EjYBYagrNb3usAPsvVcCDd,sell,0.265120952,1326698.946847,1.998350512224947e-07,192.67374685138364,14349.784802688318
9fPq7CksrVDnexaWapTbRV8QA9Ab4AqJrLFbrSQKhbwohE9xFz6z3pXBMxiqzWFyQxtzqDvRbEJHwAZXVoDjXfc,1785083414,2026-07-26T16:30:14Z,FT9AgC7PG29RVxp2KRiMYkP8tMCP62ed4S89B5e9d5jC,buy,0.029235555,138906.37561800005,2.1046949695382837e-07,202.92709576194312,15113.424648686107
EybvoHaWCFXREkGyGsJ73JuCLEgQ7CNQ7iKNtxS5PdGAYASzq58udEUCZMNkybYuqCPxCM3bQ3f4jE2Mhi748xP,1785083414,2026-07-26T16:30:14Z,99xnE2zEFi8YhmKDaikc1EvH6ELTQJppnqUwMzmpLXrs,buy,0.000977777,4647.40017100051,2.1039225459887616e-07,202.85262147000472,15107.878018280497
rzfR1EMH2ziwMD3GGmw9wHRVDYgXdT6KkUHmHA9yYCLycKRRwd6hDD3JkKbB5oezFRd19paEjPwbccuk5Unwa8s,1785083414,2026-07-26T16:30:14Z,GZTdqMLviYuUALdSnwAHxUeVyh1bRezw4X1ucc4LJu96,buy,0.007112729,34063.099968,2.0881038445361496e-07,201.3274393457713,14994.286853810445
sdm9hBmzwyVp99Xe38rkZnp9TFVjnDJx5CjRij2qTzpzMadWCAVRriyvHisEqBXSZsbjhHEdgtZaXiny4eYe8Bs,1785083414,2026-07-26T16:30:14Z,CusLVeFnzn8e8swmzqRFTTBfiJrmMxH58bmDsYzjzpDv,sell,0.235834138,1174247.586259,2.0083851204781852e-07,193.64124757686176,14421.841465487141
tSCnoA9cooZaZNXbQEzcBtD6mg3SvGECkBrQRrxyzxtYPKZHRCb8wiKiBJbwuLtNKcvVo4kZf18ucqNsNQfRJgC,1785083414,2026-07-26T16:30:14Z,DU4D99x8BBKxSUY3QoiNrBGY79bM4oLDBSZKNauh5Yy2,sell,0.814250925,3930707.124124,2.0715125784942945e-07,199.72776933105843,14875.148046154678
2b3dBsMgWENJuyU6NfbR57SHG2BcUqbZEDW6FCKWDsQs9u5bCK34bHwyAGPp3Gg1UJQ2TKE13Kmpw1YBWeXuFkqs,1785083415,2026-07-26T16:30:15Z,3igBk9uCYvoNA7Ga2EQSTr4yELvPGBzHnZdqvt7zk45y,buy,0.029629628,143757.17821599997,2.061088591727955e-07,198.7227261341251,14800.295328391716
4i84TxhnEYUSLDWhmA37hobAxMRTqVJKKEGD1mumyzPvTesBKS2Dk2pt2D2omUPM26t9dHrM59bVjpcFmmx1BmgP,1785083415,2026-07-26T16:30:15Z,DRTn6u35QdLS5j7RukrP2QoiBde73nSmkj22sNhpKpme,buy,0.684444444,3350155.347892,2.0430230031889994e-07,196.9809072632202,14670.56968402551
5U6jF6sQ89Mu1AyPa4JsbGxwz7sVjk5EXt1dqZEDaj1y6YFUMHxmfP56cA5MypEQLuRaugn8wsfft6WFMzLWYMoA,1785083415,2026-07-26T16:30:15Z,CxYpzfELZZSk54ZuTzjpiMJkAa6f1RXY7yWzznNDGn99,sell,0.29531384,1452414.815036,2.0332610005267692e-07,196.03969018533581,14600.470551471275
2GWXJ1WNVJpcgdgeF8AmGu8WeDMQQd2cGpMBpEUyPa1ZfETgDPim4EkiSTHjF8BEEKN8gKY4P9uAgydznJ34PHrB,1785083416,2026-07-26T16:30:16Z,iNyUtaMtqWNyJcwy3CyENdou1YK7F7eGcXaqC7FioxQ,sell,0.465242768,2341110.659736,1.9872737158544397e-07,191.60576210758651,14270.24438010099
4L12Hgh9ZmErMxQUW6TchPVZrpDL77rFEC2k1Y9HSyuT6YkpfgvXh9dXtdjo4tnZdmjgpxjcZK93yzyevco3tbd5,1785083416,2026-07-26T16:30:16Z,FAoLSqAkBJyKYwzdBHdTBeXymvXPPcTczKozhZbGtxB4,buy,0.098765431,499270.59280499996,1.978194438513121e-07,190.73037094204616,14205.04777159071
4zxBp3dVj2fR8FSU3ykwsp8MnCseqcG4YEjXbuusixofgv4KTazZAcvyYrFzx5ExkGHn9bPfCg31bmVTKdrDftep,1785083416,2026-07-26T16:30:16Z,CusLVeFnzn8e8swmzqRFTTBfiJrmMxH58bmDsYzjzpDv,sell,1.352486098,6654069.655468,2.032569792666043e-07,195.9730464171057,14595.507115880439
5MgJBiQFNcTeEqzXmLW2FYVBYRLBsXtdqnPvKSvU5b1s4VognvZ6aDrtHSggq4AS477PASNggzdztBHYskzj6Mww,1785083416,2026-07-26T16:30:16Z,G6uX88CngTFquet1wjd2VuqqseLKxHcwrptHhx5fArXs,buy,0.098765431,498037.004189,1.983094231337869e-07,191.20279128900953,14240.232276102186
q5qGnH8jqkyGdjDrXhau5iGFBCeC41tXzvmqrBX9X5ogwm9T7961nr2axv421rLixP4uLGvLwQ1rFENERdMBm15,1785083416,2026-07-26T16:30:16Z,AnUqXY5EtSmMYS1Dq29we5p3GEnUFWgd8QaYiuiYpMVP,buy,0.097777777,473646.213895,2.0643631075593442e-07,199.03844313697238,14823.809019921795
xdEicjiRTVp3nkqanz2wCJoyPmBUk4GXXrWKrVqiHiUwLwh8LkPHHPC7shqfVF3awVmKdg614vKJMFqSCzCh2mP,1785083416,2026-07-26T16:30:16Z,GCN8CBHMH46uucpMWp1p3ZeKbkbTcLMau8z1qywbk3Di,buy,0.000987653,4790.098929,2.0618634701270907e-07,198.7974371138068,14805.859586617604
32x9QEstrd95KYeZWV4Vq9JNLp8kFLkvawMG9eyq1hnK3ub7nrCV4TKRzBDrnBjKXGNyT2U7zwiUSgqCHUbFZvta,1785083417,2026-07-26T16:30:17Z,xyzfhxfy8NhfeNG3Um3WaUvFXzNuHkrhrZMD8dsStB6,buy,3.25925926,15753031.454917,2.0689727366618605e-07,199.48288694467465,14856.909912501282
3A5vQcv23vVAwRUFrdUzwjPtzEpVuqtJtKKtegq1fUSdahpXdoVCT7h3CUjYRf84q3cuTuszssiuuWZck4RCyATs,1785083417,2026-07-26T16:30:17Z,5fyu4QvFMBcfzzBc9TgpvCHq4E1atgQdy6Sa6Ee9mzrB,buy,0.024696296,124341.890275,1.9861605727064776e-07,191.49843686119564,14262.251105382602
51sNhUHiNnP7absECbWj5S9e7Uuq1Z4nyA3B9YGz5RtUtmicUg9M6C4MQhNLPNSnttRzrbxgvdTvNTZpq9UdTzpg,1785083417,2026-07-26T16:30:17Z,5ZUp9q4NRz7BgpL4PVWo1FaX6rhusRK5tNmyv3kcotTL,buy,3.259259259,13508442.611137,2.412757231031882e-07,232.62934760533787,17325.562675133096
5JHdfQXrogHunKDhFUs3BZtdpLX9HCmyFTcknBz6n1pb96PvXk16fwY2eBC9jeRbLw9w1Gbfg32HR4DVsjnWb312,1785083417,2026-07-26T16:30:17Z,F5ugfa5tqJ8sUKW9grZ3wQwdMXuTQiKANffcDtwTpuAH,buy,3.259259259,14566098.927048,2.2375649618497607e-07,215.73794105967986,16067.53944723648
5fJuMLvgVQCXTgpW2w72fj2LokPNiwcpeZjYx6fSkz6zAgtbVAFYwTNdhRjCVXtMRhJ3DunnjkYNxWxCib2gYXXU,1785083417,2026-07-26T16:30:17Z,5qZrtvrof9PvJMGoCYH2XcuzuSV25TvdDMoM6XnwfaNv,buy,0.0242,121768.64434,1.9873753322266804e-07,191.61555959159207,14270.974068444033
29czHtwXkPEb3rsqyZwsnxjeH6EMHiK99kWANZ3vijsPMqaxFdLXZtpTkFve1wZtTc4sRh8JxsmzB62KgoQdNHXF,1785083418,2026-07-26T16:30:18Z,2PSYPF2UgeSaNGgrtrWBQbocLpv35ZL51HxYawvyiLEL,buy,0.488888888,1860255.4341670005,2.628073967803881e-07,253.38941055719917,18871.71227110922
2VprcQfEVEJXY8A7v6yuCYM9nGmZzLHnPFbnhSWh7SNEdJkDjEX5kUKeyh8kz2XuAaePtbGFfTXwuFsvhCv1vonu,1785083418,2026-07-26T16:30:18Z,EZRLgpJZdLgT8ZCo1ntY1fLw8x65H9xcDRuPGvPP1m8G,buy,0.493827159,1859129.410271,2.6562279972108895e-07,256.10392050008835,19073.8811403079
2bYxSiU1axZsMk3sC5avoUXiWmfktoA3aQLoGqtLnSpCF2JyEeEowPYSPtXTGWk6nVgYeXSZqNaBaYsEhsTi7mCK,1785083418,2026-07-26T16:30:18Z,DLrGWqkLdPkBv6pFnLcVPdsTi1XZPTHUwtwbuMFK54ye,buy,0.488888888,1904537.504363,2.5669690771645686e-07,247.49789745256766,18432.92937206231
3jyAo36ENfDQfVBWZtCUGrKF1Sn8ApRhocTdBXhcmHuqpgGXHKpyDts7TsmT32SdY6QAhpVvRMjEfzmMnX4gMEto,1785083418,2026-07-26T16:30:18Z,HZha12tyuyqTiHcyyLFjbM6WwnD1V9PQoMtqWbWMB88M,buy,0.296296296,1166840.224274,2.5393047808610946e-07,244.8306058086895,18234.27718554941
3panC3Vksxqwehu1eeMRm6taegeUR38eqbmwsjdmWFHemdToZasFZKXp8ocLna7dBJioJhfnpvEdppjeeh2UyXUV,1785083418,2026-07-26T16:30:18Z,92PeAJL5Y5vaEUA7zy2NMcRwkRTbchZFMaHXqKUGZccM,buy,0.098765431,339391.004083,2.910078046024059e-07,280.5792263806287,20896.73131115464
4aHvC5exjjEeG1EtjbZJRvFDGiNx5UyHurZaKNvkVSZgpjeiF6XkbucKsCL946j8sMHEiuA8JksoN92sgPXpG8Xs,1785083418,2026-07-26T16:30:18Z,H1NMKd5wwDtdzcjwfp5r9LVLaHbTPBiKypQ8YE1aVuLE,sell,0.127113522,476653.610889,2.6667902874568045e-07,257.1222984195588,19149.72698973482
4ga3HwGTXhVtyMYgavRZUsbrZ4uRUX2RJiaQb2vDPVdoLxHo5Ck4Fbsf7nCpB9QsniQJbayBSH6WpoknoBZZFAgx,1785083418,2026-07-26T16:30:18Z,xrS3uSL35KsqPmuWcCAr3ra2UsDxChuKsWQXjX9VCwH,buy,2.194254382,8048624.324837,2.7262477330800724e-07,262.8549708193034,19576.679891336396
4rvxvdJBgE81CnSfmyfJVjU8dURHNtt3FLA3Wms87Xy1MyBr9LYwUnRTN2BTkgJgYu42h1c3SZiPUcJBiAuHemu9,1785083418,2026-07-26T16:30:18Z,HuWAWix6CctFR1QUAzT8X9K5PuJcWiqjuQ2PDb2sma96,buy,0.098765431,337336.246513,2.92780369796976e-07,282.2882697916163,21024.015933823244
52mnTRrZsuHk4NpbUnMrpNmhSqXQC58s5g2ECC9ntLNiSb2ubwMVdyj6FcRVa1kK4zHYjr5QMDmKi2L8GTjoQ4JF,1785083418,2026-07-26T16:30:18Z,5KWw4YnmhgmCJi8TK9Cxdujqvi4LiYJAapvughyYvcKR,buy,0.098765431,387251.8033849999,2.550418878277215e-07,245.90218698473203,18314.085460034687
5BKBLfkjHm4ir4WCfEvArLzpadeDqLgegdpc7TEJo53XniZp8Px55ajvsZ2qv2kZHt7KxKwjnmSyjvA5XnDTpBXX,1785083418,2026-07-26T16:30:18Z,Fn8WJ5afkGJp424indxe9jqNZDjbUDPsMcCm3tP8HEeP,sell,0.152394155,522314.167704,2.917672244463472e-07,281.311431596232,20951.263843204364
5cMphNCeajLWLvuA3vwTCcMaR3zS9wMBGL8JNYZV3neAnt6SSCFVGijLGzNbnTkTpdZEdSAf26Lun48CQMWqELHR,1785083418,2026-07-26T16:30:18Z,5tyMwUMhWypAnAejQ32wczDdvYzQf3BUF6QM9yLZWsua,buy,0.195555555,669955.862443,2.9189319171998127e-07,281.43288469689304,20960.309319750006
5huu3jqGnsswCJTDPFM8AM4Kk9ZoVEMsQ4XcwRmh9tJva19hn6Vqe5q9PF2MazYJrKeuCtpv7ksR7Z3H8hkiJQmy,1785083418,2026-07-26T16:30:18Z,3DVjos26KvVnf7XUcuQbuMKFCvgBHJMGAoc4bZz6n63r,buy,0.097777777,378458.39798,2.583580586978206e-07,249.09951929872145,18552.21354649277
5rs9mWWuxirFVgnW14YeqigAkRqAy5CCtPjLVW8ifXb3u3dRq8GKnR6BavCZRturgxDBzJ4VZm22e6mvbYfFxQuD,1785083418,2026-07-26T16:30:18Z,6YmahBmiUXyLJXvvpnZHSwmgghA8qM7jE8tDSDf5ir28,sell,0.099408825,341599.65706300037,2.9100973301523626e-07,280.5810856867075,20896.8697869073
W5vEnLgLsPdhEJ7HnZRfoG5QLJDjQeKRxNBsa4TEVg8tJv3EqAiT7PZxQqgti4Edoe9LyMD8dCG3pKGqdvRuEim,1785083418,2026-07-26T16:30:18Z,2PSYPF2UgeSaNGgrtrWBQbocLpv35ZL51HxYawvyiLEL,buy,0.488888888,1942125.512404,2.517287811099521e-07,242.70780901587216,18076.17740467858
ie4L6UpHdDvUYydtUfa3YhsKEq4Rtg28Mo2q6w7VjtCAqKFKanUxL9xj7PGAK9KEXpuQtCS28rjr8zGMYvetxEt,1785083418,2026-07-26T16:30:18Z,2PSYPF2UgeSaNGgrtrWBQbocLpv35ZL51HxYawvyiLEL,buy,0.488888888,1880190.0755079999,2.600209916903797e-07,250.70285929577938,18671.62568384572
jc16zbAStgsWEk63VsMQ59ANSnZKkgvYTZoQ2uU9hqyFcjJ5m5oPBLpqWCGGdL4pdWmsYu5Kzq1xoDepgLQshTk,1785083418,2026-07-26T16:30:18Z,9kr7KJhFiJJf3ML9tm9kWqSRoPczvZgtAwx1k7sGz9vH,buy,2.205745617,7723726.934534,2.8558047632908456e-07,275.34639226360986,20507.004922819517
2LDT4E1Cid21BPkRS3c9ziUXSuWyikGzG2tkLxn72C3n8XGay5vBpxPb9HhUJPSkM6aAYALhSZph5iaHGPZx9r7T,1785083421,2026-07-26T16:30:21Z,HuWAWix6CctFR1QUAzT8X9K5PuJcWiqjuQ2PDb2sma96,buy,0.098765431,379406.48299299995,2.603156124820941e-07,250.98692203398605,18692.781857067763
2LMYPbjo2SwRNhKtKuXXWsycvQoWcu8koSYBo4KAipzVS71pH2rXm6zHZWML8smYSWKtnq2SumiGaFMqKUxMW6Bk,1785083421,2026-07-26T16:30:21Z,9Lmv1xqRFfaB1ZW9DKXLvULp9ep5UQge71RePVWS9L6i,sell,1.232730506,4767810.43461,2.585527513953762e-07,249.28723497369015,18566.19406840565
2SuvRpYDJgp4nrb3LmhVbiMWpffchk1p1GTzFAjEhQ8hePiNNQKxB7H88WKhGG69oaWoCtpm2GcKaawAS85EVKCK,1785083421,2026-07-26T16:30:21Z,omegoMAe1AMY5MFKQQr3JwXVy8F4eCvmBAfcpo8XAfq,sell,1.042354247,4139702.133588,2.5179450437815954e-07,242.77117701995041,18080.89687080595
2yoYJtDK2pdh91HmcCfGW8uZYuhpgorBtd2kXQx2nXmHTuaGRDb1xBLaiUZ3JVKGuP2kokZevMphRbziXwWcC1GR,1785083421,2026-07-26T16:30:21Z,AXAJSuxtNDis9u3dCTaMMquiyFrcxAfbcMWdwh8GEPgN,buy,0.244444444,966318.314152,2.5296472230738385e-07,243.89945892883975,18164.928052292325
3389zWsconEDfGot2qsuHQQ8pVhkB7hX1PSzFr3T8DJ4FwJjQfPzsmqAKbyxgVhZLq9eFvPFnm5CxrGbrr2Wicee,1785083421,2026-07-26T16:30:21Z,Baf7AGwsnTWW4ps6B3zs48wVj8aKH4WCR9h7ytcQS3S2,sell,0.072594168,286427.2732490003,2.534471217651525e-07,244.36457108228214,18199.56826363446
3WDkQSstpgRJpr2YfVqY7cdpH68nXuioN5ZxkkGwaS9GtcjoqKmKkxrHpfimVW9CUTnE9sNo7ewn4p3XKRnQukFZ,1785083421,2026-07-26T16:30:21Z,CnL6TwM9cEkRfnnmdzhySW7KZ62usfwhSnsumY3axWqn,sell,0.392316701,1363341.1647780016,2.8776120837214103e-07,277.4489754242925,20663.59925068518
3dmo3LPbYQEuj4xstQr1i3yamZuMKEmXtR4mb4yDphrXwuVfB5VFvRMjAzSZiHo3mGvfUb4B4sjLLwNeMsGsC1do,1785083421,2026-07-26T16:30:21Z,gCmdrQdpXKgXhTK9H5ff36Eqc2w9JvyAaKRV1n7iKBu,buy,0.024444444,98184.637678,2.4896403936597923e-07,240.04214477114172,17877.646422159163
3nS1mVJNG9m1uyKv3AjSWVwa4NBQbaNDY629KJzAsVr81CXBoxZfZQXX9h5jdL3B9RinCtbTv27VyuH7woipXjVF,1785083421,2026-07-26T16:30:21Z,EP5vZSxiDMn2iJ3yoWHjzW12avYeK8kQaTNkb9EDbVsz,sell,0.310197333,1094415.0543179996,2.834366466142079e-07,273.2793889964167,20353.060482773126
4FY8e4qWAUMf7HRM9vDrUpFEir6iLqkiSR4czps8pTo9PajJJmFDhibhoh3Peib4UqnJCryr8wMCjjKW2gxH64Ap,1785083421,2026-07-26T16:30:21Z,FMWh9MigG2U18hXTXPjnbe7TdM8XVxVpFmukFCqwd6p7,sell,1.183544389,4701251.611920001,2.517509137352123e-07,242.72914849465957,18077.766707494375
4dFdYjDmeNrgeYYzAa9tsE9brNk32bbqbVBuG8gBA5m4V6eXfdMPysTN4oDtpDCsKJMu9XJPQg45usqiThqkDAUF,1785083421,2026-07-26T16:30:21Z,EqVjkrxV7i3xVMFBZWJFPWrp9e1fBPYZTtSJtdQc6PSs,sell,1.065545844,4143334.6908059996,2.5717107680546084e-07,247.95507418137777,18466.978575871493
4oGp7NR4HUoVCY4b1RsJbqmyYXRkDM2Gc5rHerZLEZtHqyTQ6rVT8QdRocMzxxMJ1tfmWn2v9j7JPsJTzA66HRNu,1785083421,2026-07-26T16:30:21Z,GToA8mjkg2z3PxY9g2YPXnBdxK6uxiynH1h8Ah1jW1Fv,buy,0.488888888,1948449.541742,2.5091175189628554e-07,241.92005892437842,18017.508050519227
4sXawP5DNuYoggug3CfxAwz3JAupVAVQzA34SvhzjKFgdd7Up2sfN3R94VpsAgRinKYhUfRbQWMVeEAw43SAvcGz,1785083421,2026-07-26T16:30:21Z,5veTCy9eDaL66LqABfpywN6jr1s7zaXP4uit8sMRAaHA,buy,0.000987654,3965.924007,2.490350289760355e-07,240.11059039203448,17882.74405453798
4z6BQwWpiuAnmxqeWGQgxgxMkUsq3JwcwGMCXy82tV7gqswK3YEaNjh4MehFDGZCbHwAx6qhQcFBJJWCZfNuEHkY,1785083421,2026-07-26T16:30:21Z,EsyZLvAWJpsmxDY4kmnnjABALEjbBetAvbYSbjdFJ4q8,sell,0.688763226,2366882.991,2.9100011644808847e-07,280.57181373960475,20896.17923903661
5Ea6pFFS916jxGN17hqFPzsxwCn3fpMxGJnsifwHqnp8FYe266V8Un1iuMxy8b1ob3Lop8hvHF5KmGWXaHB9VXhf,1785083421,2026-07-26T16:30:21Z,A1p52kTKMokAirBKjii9svbE79p1Y27rZG4fGRtm9HnL,buy,0.097777777,376784.338537,2.5950594809661463e-07,250.20627284412612,18634.64135757603
5LC7sPFXBtoxvzraiRHZXGBcjA5eCHzCABRQMfAprZVSXxqNcfurK6Ytn9tj1Gj946TGSgwBYbbibJdTk3dbWLhW,1785083421,2026-07-26T16:30:21Z,6xWDFHkSHHUNF2C3JqcJB72h9kMQ6eKLDRSftvkKyqn6,sell,2.235098329,8101230.896565,2.758961394308244e-07,266.0091040124042,19811.590631899948
5LJRtXbgve8XkC5wkAjC36S6KErLFo5pQ5MGKrPj7DvLQgzr8FhpWbY7r1kBKssGMRsMHM1GVo8LnanEo6QAaqTD,1785083421,2026-07-26T16:30:21Z,A1p52kTKMokAirBKjii9svbE79p1Y27rZG4fGRtm9HnL,buy,0.097777777,384268.6043710001,2.5445164108592755e-07,245.33309237088653,18271.700935030607
63XW5877Vv1MpURQMgd7cwPpw2oPTNhGJuTY5PP4o3tdDLtM1nStVoH4DJ7FrD9ErefdJRK3TNvtU55ZggNJsi14,1785083421,2026-07-26T16:30:21Z,A1p52kTKMokAirBKjii9svbE79p1Y27rZG4fGRtm9HnL,buy,0.097777777,392243.458965,2.492782856290402e-07,240.345129680784,17900.21186411936
QLwWBRqwYrzHeP6B9TfXAzv91qwnQorZ5XU6wWtaqnpZQyM6ycwnKCL7vL5rZigMee6MHLAdK6nb88Rs1pY7cpo,1785083421,2026-07-26T16:30:21Z,ontrU64W3C2bdTEotmXSCZHYC7nw89zWE81TCJRiKHF,sell,0.104258835,387394.742091,2.6912816223899424e-07,259.4836645753419,19325.594728487915
YEXoqhpwktuf1pbBquGq2G9cW2Z3HgEEhFCks4fyWMzoqJW13NPQr4xqgT1UxnATFs6WgywX1GsPyCQdUv46Gzh,1785083421,2026-07-26T16:30:21Z,4MNb2YiPt6D7WHdgKLEzwqcZiQeCiD96nWncpB1jsUwv,sell,0.374751483,1312741.4371010028,2.8547242618286185e-07,275.24221421079477,20499.246041999013
b9VkkQk39t4Uekw6d4ZtmPL4abBXi3tJ5gp1evu64FCfvjbjV32vrBCHcSrEYipaGRDpnfNdHNnMNUbrhzNUP2C,1785083421,2026-07-26T16:30:21Z,2ZMuJqNAxjrZQ5DDJYWWxwWv1AUZGWLXcerWJuiBmgAN,sell,1.176488725,4432438.188859001,2.654269895871581e-07,255.91512743328087,19059.82037735914
fAYDChTug2a4F9aqTXtdx2tqRqnQ5g2cbB4NqWTVfuy67N9rxtPJbh9BhfcD5mnuuaLRf6ZDvxzHVBrrcGgiWa5,1785083421,2026-07-26T16:30:21Z,DHNYm7spbcsnUNpxVBbnotx9uGyA4ansoMLNbtmbv3pR,buy,1.955555555,7684611.96708,2.544768120208771e-07,245.35736127826195,18273.508413236254
gJALDMaszinqQgicK6JBjuRD7EmUSWdR1pJQSHqgtHYZi7J4CnThEZhZAMfctPrgCtaQvnTDVcN7FUF6WxTDUt7,1785083421,2026-07-26T16:30:21Z,omegoMAe1AMY5MFKQQr3JwXVy8F4eCvmBAfcpo8XAfq,buy,1.060668341,4139702.133588,2.5621851688171775e-07,247.0366502688295,18398.577012513328
m7hUsRQbc8Nzpm5eTBXkmVWB8b62W6CP2UPKqbWwoaDtbGnHPUeeNNfibGU9FRFoyhWhW7NFS2z5Js5GVSR613e,1785083421,2026-07-26T16:30:21Z,CNZfgxuxUkhUgcUQdYSR7LTWEHbBbpsDe3bWDnpgLVTn,buy,0.073333333,282059.909711,2.599920459278942e-07,250.67495083587988,18669.547142268173
mqyaiTqtqkuR2Xy6iBW9Hu3Pgu5H2c6gMaVYofSvwFgQc4hGpcACkA26ruSXbaahvjNEfst7tgs6Xreradw8gbW,1785083421,2026-07-26T16:30:21Z,A1p52kTKMokAirBKjii9svbE79p1Y27rZG4fGRtm9HnL,buy,0.097777777,393101.157641,2.48734390879855e-07,239.82072598595056,17861.15578983022
4mPZWwhhJeqPDinjjEBoyeshbsYYbuaK7GUCoigLDL7iMrLE7aRSU2P87DzhrMEHkaFGeq6xkmViBd89eGkvppRw,1785083422,2026-07-26T16:30:22Z,6xWDFHkSHHUNF2C3JqcJB72h9kMQ6eKLDRSftvkKyqn6,sell,1.027634846,4050615.448283,2.536984463522945e-07,244.60688918205636,18217.61541661913
4mUDBqRH3RcezoPS2C2W9rnGFwAToDjkCbN3Hd56Gz8mETLWSrSzio4AwVMFMoXirrhzhdjZ5eferXm3hnZ4vhxx,1785083422,2026-07-26T16:30:22Z,6YmahBmiUXyLJXvvpnZHSwmgghA8qM7jE8tDSDf5ir28,sell,0.078957511,307439.6913569998,2.568227630319675e-07,247.61924260724524,18441.966809102527
4wnTbAH3MyeXAYw29JGfgwyhSb5cCdo3Qb2qmQfNHN8KJyBJwk9jJDPdDeCzdv6RhkQNn6SFUxWEurPdAs73frde,1785083422,2026-07-26T16:30:22Z,4kUFYuryuD8JSyLN1DVSfYt1YeQfjThn927BZckbF1H5,sell,0.62611221,2419148.063391,2.5881516698996825e-07,249.54024662271257,18585.03764608749
2Bio4FSWsHNJNTmNEoEdZHWL11VYsS9hGVsfqgAN9o31Uxjg6KeDBstYgZffCLSSu61v3LvkykDTbC1Gp3E8zb4K,1785083423,2026-07-26T16:30:23Z,ERNxja1crsFqm9F4T9oDz3KoLYPVUDwpRyXzJ3PMQ8Ci,buy,0.488888888,1938538.545067,2.5219456649137867e-07,243.15690247629885,18109.624589978757
2ejcHK6f6wbyAqrTFV29HVCAvAPGCS1yHBnLdzaWgAMxcjJHxUqGJYDf837oq75CYSVgHqzzp8SfujLTWadH4ViF,1785083423,2026-07-26T16:30:23Z,7ikPbksKsuAC3x6YLHDtrwc4XGn6jorn3RJ5zTqDbnCe,sell,0.111702998,440707.193943,2.5346306921063646e-07,244.37994703387474,18200.713420149532
3JG6h7gbobaH42szpcKXgDddh7V255qbQmNNvbsPHgUKSy6pCw2ywqWFJat3fmVkWcLcLJ9z2gFP1CmfsEoFjkeo,1785083423,2026-07-26T16:30:23Z,EDSgD6RufFXh5tr5Dc4UXoQ9sRMnPm9ro5vqS9HR6hs4,buy,0.493827159,1956602.39446,2.523901434436763e-07,243.34547071778823,18123.668608586446
4RLc4AQH9N22CLC3dUAV95kiR81uY1N5RFNQtuXw499uasVaY8tVaxhTtH7woihF28m7umSVNzbZftAugMEDoY1T,1785083423,2026-07-26T16:30:23Z,85rqTn6C9DbSuM1wDLacnNxtkw9zu7jzgspm5wtLWRF7,buy,0.266939263,1066623.28241,2.5026573805595127e-07,241.29719568605458,17971.118993486216
4XfvKKWWiSxT2F5XJu1aQhpTZdrpiy9y48MEkPG7vHtyA1Q2PrJ2uoRSFGGgpM2nFhhxG1xXvjRG8tqobipZcRjF,1785083423,2026-07-26T16:30:23Z,9Lmv1xqRFfaB1ZW9DKXLvULp9ep5UQge71RePVWS9L6i,sell,0.315894393,1258412.9965289999,2.510260096417562e-07,242.0302221204341,18025.71268754118
59daZ3L54YBNam1u56knzF7QhkJt5UwLWCzjbKDFXNJtHobXGVk2VNWKfFGRGYbD7pgGbRR6L2M7LVc6rsBmikGh,1785083423,2026-07-26T16:30:23Z,8V8gGuCZpkKbfymsJLh2KkfQWV7ynXnwofDBS8Kr6uWo,buy,0.197530863,793384.008833,2.4897257923127416e-07,240.0503786011626,17878.259654064557
64uSoyKkeB1ZRHssVDgCDwHy4Bpk6fVYXj3K9kF4kQbySs4LdDSkNNndBpjLkVwhF4g62v1YpR3hzUoBNQikMsZN,1785083423,2026-07-26T16:30:23Z,2ZMuJqNAxjrZQ5DDJYWWxwWv1AUZGWLXcerWJuiBmgAN,sell,0.295675584,1169895.049240999,2.527368452339614e-07,243.67974807586762,18148.564621827678
L6NaBMh2Nj1YzBNx7WK4we7J52MWVS76FuKViejUSP4hFYeLXwecsxscLMcrCT3zB6m89AFFzNAycntiXAgupFJ,1785083423,2026-07-26T16:30:23Z,xrS3uSL35KsqPmuWcCAr3ra2UsDxChuKsWQXjX9VCwH,buy,0.0966568,379761.93572199997,2.5451945260452964e-07,245.39847379065657,18276.57035455001
Md8gCA59D6ivJ9s1Lx3HV9L4WmxLyM7MNkPanJCzrRXPDSsmgpn9Y6PDYNQuUdtm3BGrXLaZavQX6tUYXe6GTGu,1785083423,2026-07-26T16:30:23Z,4ewzo1YFLZjH6dh7sE8x7d8wQ8uPmmKn6Tmpq4qBjNWx,buy,0.195555555,770819.581405,2.5369821903532085e-07,244.60667001123142,18217.599093408397
nFdsUoVGqUSPkrPneBde5fAkj941EYKqNw97S1MHMsHXrTrsRTTRfjC9uRGBmMdGQwYpp9RLJsCtykFCjQCFNyi,1785083423,2026-07-26T16:30:23Z,xrS3uSL35KsqPmuWcCAr3ra2UsDxChuKsWQXjX9VCwH,buy,0.089754323,351917.14935000055,2.550439021394052e-07,245.90412911138625,18314.230104024868
wp9ZM93E7AuQyQJxDgRekswVmYmb16gzZbqJCbY8KoQHYgvtkoNZMdkP537EspBLmCfxcK3C3RusuTaTAUUCMWT,1785083423,2026-07-26T16:30:23Z,FMWh9MigG2U18hXTXPjnbe7TdM8XVxVpFmukFCqwd6p7,sell,0.309321858,1240845.5012059994,2.492831361352922e-07,240.34980636391828,17900.56016998699
25QqfPSbKDkUARJfgioKt4WT8CyqrNHGA3PxL7GZ1J4N8NJPoGENVxBy3uY121813cy3dDUS5UyCoBukPVpkHJh9,1785083424,2026-07-26T16:30:24Z,6xWDFHkSHHUNF2C3JqcJB72h9kMQ6eKLDRSftvkKyqn6,sell,1.018764848,4050615.448283,2.5150865615540974e-07,242.49557247624756,18060.3706395087
2VDv5Z3GCvpzVw46RMJtLDJN7z1Rbyok7VniGYnSdmAKT1AhLVbXTBKGMwGLqSdCBv3XjHBVjmXLKzP2L4oNfLPW,1785083424,2026-07-26T16:30:24Z,AnUqXY5EtSmMYS1Dq29we5p3GEnUFWgd8QaYiuiYpMVP,sell,0.119568724,473646.213895,2.5244311152987815e-07,243.39654063555102,18127.47214872496
3TT46KfXA1BG73jHej7R6FWS5Lc4gTGkxBmEGdz5TjfS3gjUeXTjeHrJHtXYMVkYMZ5VfGAuVKph198CNMduY38L,1785083424,2026-07-26T16:30:24Z,Baf7AGwsnTWW4ps6B3zs48wVj8aKH4WCR9h7ytcQS3S2,sell,0.164230772,644461.3648099997,2.5483416224402926e-07,245.70190547114353,18299.169070713786
3uQxAbJAJW6WbQ6oE7jZkQhYhDJXnteXbD6MgJFfidDBx11xkyakbJ9qmbVLS84Cipg5VkwnNMPHMXvxXqBUtCRk,1785083424,2026-07-26T16:30:24Z,7WrdEx9stVV5wMdYeV8saCDremofiHF7M7eqQerNNf94,buy,0.048888888,196488.52361499984,2.48812943883649e-07,239.89646395821734,17866.796535500976
4qgsbQyVbYjN6Y3zH8nCVEEFRhUyvgd7SSpHWKKts4ezR566XRBUDUQ68EgrN1He9Jgz3sbFPFmm3PCZ7giH7Y2b,1785083424,2026-07-26T16:30:24Z,7AuNf2QqJG8SJtXYVYmuAzmVfErB6ijYpPSxbp2BMm2T,buy,0.489310292,1954819.894478,2.5030965429716053e-07,241.33953814144294,17974.272537405766
51roNBXhtLPfYWnL6ySdmwYVu5Hhrk2SBiAZSRvQ6EGHvbTgxFD9L8bvV53rmC8ghT6nrcw1GvnB5pUrAdXL6Y31,1785083424,2026-07-26T16:30:24Z,CR4Y5YQ2Dy8kdKCCYd32goMmG762FqFaBb5uVbQdxaKc,buy,0.097777777,388082.13322700025,2.519512459565022e-07,242.92230159495332,18092.15219315852
5upBojKu2Xr2fHs2esUHWBHNdfD5Vt2RDPm324veByQen2UoHyfDNSmyzBb81W4M1andKs9RiLfXbyhBP6Q2iJCA,1785083424,2026-07-26T16:30:24Z,4qm3n6CUu27JbQgXXiHsskYJ3XCcQXgYyi1uZc14h2ZS,buy,0.098765431,391148.038795,2.5250140919602766e-07,243.45274914202173,18131.658396125633
26dKjKi3HAbkFdSHSrLRQCUGVokaU1LoKWkRVYdH9icPkSj6P4YgLikQoRTsBArFiGGLky58Bk6pyyswA9z31YsW,1785083425,2026-07-26T16:30:25Z,8SuAiRmz9gVXMMLXsrjTCfNry7qsAGHXXV4qVstpu9EY,buy,0.19282332,753621.7805150002,2.5586219106914735e-07,246.69309377567274,18372.989916061786
2EdH64roYM6CPR9oT2vdJeRbxn6MPJGWYxSHNmGHY2WiyNfp7X7wAqUnAVT2KAxWTLaBBaxNqnsfWWnqutATBqfY,1785083425,2026-07-26T16:30:25Z,8SuAiRmz9gVXMMLXsrjTCfNry7qsAGHXXV4qVstpu9EY,buy,0.21402065,846910.7550809998,2.527074413874113e-07,243.65139794783954,18146.453186082126
2sRPQV13B9sfVvh7wFe1xuxZTkzPefGhsisbkepeXg4fkNJTsmAhP4qgQkDMMb1DraYVanx5rsYkWZB1zGfyBwds,1785083425,2026-07-26T16:30:25Z,2x8MqmXwu5MrdJAtP5JZxTaM9VugmS7eeXgU9CrQW5xF,buy,0.112632706,438730.2420570012,2.567242811252715e-07,247.5242899057842,18434.89500583578
33vfhuEKDsZMPaUYgJCjmxaRDuUa7YThuGMSHizmAe6LxrDs1cek4J6Emvzs6ebp5gvYJLVsD9FgSZSnN6KdXF62,1785083425,2026-07-26T16:30:25Z,xrS3uSL35KsqPmuWcCAr3ra2UsDxChuKsWQXjX9VCwH,buy,0.195555555,759158.496785,2.575951607314789e-07,248.36396060298142,18497.43125691724
3SHGnhey8fJXu1GdeU4JMtbXhMMxqzSTLrG7EsVRAC7YRYd9def4bC6ERnGMPyDkLpgTUsdShvWsR9kbxZR5s68o,1785083425,2026-07-26T16:30:25Z,AiZmc96qy4sDHSRmZQYJbRnykikbKGCt25sZQYdZ52Rb,sell,0.216071285,839427.8250120003,2.5740305308191457e-07,248.17873733802395,18483.636362511406
48PkVwstQyAVc4TCU9SPdWb6gEczNGMSWwHqbLFqwpTsNknfTCtuRbzvSmz6RRoWZWRReLbQTfX4zecFaWuZcdB2,1785083425,2026-07-26T16:30:25Z,4UvPYKxeQV8qFZXpgbrLoZGDFgtmYKSR5wvUo9K3fKga,buy,0.141006934,543530.3253779998,2.594279057050521e-07,250.13102718575132,18629.037278023625
4b6sbzp5q3KFvTEqBeZ5nUvQzjHFoXsSCx7zwJjiYxNefPqhaGGy9pfX371Sr32EfjarMCNAMc7yEDWvthaEUFyu,1785083425,2026-07-26T16:30:25Z,2x8MqmXwu5MrdJAtP5JZxTaM9VugmS7eeXgU9CrQW5xF,buy,0.155058636,599635.7193860002,2.5858805769404967e-07,249.3212760331102,18568.729348302968
4uQG4UmwW3EccyAtaheFojcJZQ5Dqp3zVWcGYBEkkcuGS8ySm5PgQfjTcsGcP9XuEUzFLpzz1uMdwyikom4yx1qm,1785083425,2026-07-26T16:30:25Z,BaiyK1aJeypxRszgWEUvAanVjNhdkDhk1Zbcu49XVeXq,sell,0.261359879,1020719.3990329988,2.5605458194250554e-07,246.87859011479424,18386.80514824354
5WPJ6PMWir4QCn1NKdHDX7ESZLLnWB92zqRb8RCXMSAAb8Hv98Xed3XcXLDhB4x3C3WA3DAx6w6t5uZ7tPkEs9e4,1785083425,2026-07-26T16:30:25Z,xrS3uSL35KsqPmuWcCAr3ra2UsDxChuKsWQXjX9VCwH,buy,0.195555555,770339.3215729985,2.538563844835082e-07,244.759167430169,18228.95666121657
5vvsPEgkzZBFcTbi36ApBBSR9ZRfpfXv1pnoKjLXDknHkrMvnkJ5AXzkzH57FkexcPfZ86H8ctZy8or5JP2ePxDm,1785083425,2026-07-26T16:30:25Z,4UvPYKxeQV8qFZXpgbrLoZGDFgtmYKSR5wvUo9K3fKga,buy,0.162235532,636561.6816849997,2.54862233571077e-07,245.72897083194133,18301.184820702576
62GoVKgNG9aKo3RE3C3TJzkRMZQwXXSwsQ7qQ6vZVsUn5vJgKe3rQgupJu16NnhiiacBwPKGHmhJfhAz5uCcYGcT,1785083425,2026-07-26T16:30:25Z,9fwGq3uqfedVbwuRLr14u43DFVRWiLRYtcW6oFvTfwu3,sell,0.319757572,1234966.3838719986,2.5892006144933425e-07,249.64138207610955,18592.569922881215
2GJfA9uZSrB1aF1JoHywNCPnXfyAGr9LTL2Smasdo11kJDMAR2KcbHC9MDL1Pv5Emh64n7tfW9piEHfXw6UHuQ3V,1785083426,2026-07-26T16:30:26Z,J6af5Zu4fe2R51hjj4b7E8VbwLakzoYeBPnfpGBNpoAT,buy,0.368086136,1431556.307986,2.5712305827344356e-07,247.9087764451925,18463.530454049156
2wHNbQAVfSsz5B9uJjZDmPW1CFswZDcfYjgTY6QgAFNRzbjFsRDUk7R9eaUkJhH8HPLreyuiH5QJz3Q2qEPCM5an,1785083426,2026-07-26T16:30:26Z,DpLyDsrVNTqdSkPjcKB1anHJDsCaMm9worDmavpFyXuR,sell,0.059436131,232944.819038,2.551511179577008e-07,246.00750273531446,18321.92907330265
36sp7rQwA9ypUfRiGshjZTgN9rpuTj8DrREg3StmSS7zZCbKTXRzGnXA1LXJk1CFU9Gk4njjZyXe6KLiqYL81yEi,1785083426,2026-07-26T16:30:26Z,3DVjos26KvVnf7XUcuQbuMKFCvgBHJMGAoc4bZz6n63r,sell,0.097811767,378458.39798,2.5844787041868986e-07,249.18611251980647,18558.662759778173
3AoZa53DRgh5mr2y9nSPNnU7g5GodEHFE76XFqtTEsgs3qSFN91m2SZdKRtxBPJzncH4ofdxhSRzh67eNhCJviaJ,1785083426,2026-07-26T16:30:26Z,9kV5yvFCL6mTu7AVMNzVdQ36wwsvfUcTm5M11p1poLB5,buy,0.097777777,378334.933209,2.5844237054891663e-07,249.18080974379234,18558.267824319122
3mVjMcu8xjmCdgSzbGVQK6j15X3kUzyJWJ9VHcUSsqES7D98jjntLZmsN4b6vmyCDMU8QgtG3VzhXNPq2ohyDCr2,1785083426,2026-07-26T16:30:26Z,9fwGq3uqfedVbwuRLr14u43DFVRWiLRYtcW6oFvTfwu3,sell,0.312330784,1234966.3838720005,2.529063042353806e-07,243.8431343313888,18160.73315877036
4NcxANC49MSFLUTsdjxRDJG38VdMAxBdjmeVSDhfDebrQtRMN2TFhLwdFrcU5jheNqRS3Vds57WMxupyiBfG7k2f,1785083426,2026-07-26T16:30:26Z,BaiyK1aJeypxRszgWEUvAanVjNhdkDhk1Zbcu49XVeXq,sell,0.242540402,952331.199298,2.5468072680889364e-07,245.5539685601437,18288.151156379772
4X2qn6j1HFuFLmACgDGma2jmh2phcdKq1wJyhiAhY4rjs7sokN2KWnpMMEYZm26f5NEG1HscfL4YTvXFsmBiiPWZ,1785083426,2026-07-26T16:30:26Z,AiZmc96qy4sDHSRmZQYJbRnykikbKGCt25sZQYdZ52Rb,sell,0.201748376,783186.1607360002,2.575995160721516e-07,248.3681598653285,18497.744005861998
4cy2iGjn427TJ7KoJYqYSQgfkixyLDoMA5F7Tza68eyTFQq2kgQmgR25vQrz1WoQUCTu4L6jHo4mbEq9YoXptcsb,1785083426,2026-07-26T16:30:26Z,BaiyK1aJeypxRszgWEUvAanVjNhdkDhk1Zbcu49XVeXq,sell,0.256521669,1020719.3990330007,2.5131458189490766e-07,242.30845307597423,18046.434526414883
4eKjqwLZHneTw3wSZZ1ukYnMHu48NvxJBXhv81BzLp4G89TEa4iQZvoPLFspgfLA2ECcycg5Zh3Ui8BtiYUvoZuU,1785083426,2026-07-26T16:30:26Z,GCN8CBHMH46uucpMWp1p3ZeKbkbTcLMau8z1qywbk3Di,buy,0.000987653,3817.424041,2.587223712619774e-07,249.45077632961622,18578.374156779024
4yinhLF2GPmV39VKmVV7gNYWdGuzADg1GrkKAPdLddJDEHDSMqbBFc1fmoT4LoSfMQtfDSy6614pc8Po6WUzFnZK,1785083426,2026-07-26T16:30:26Z,9fwGq3uqfedVbwuRLr14u43DFVRWiLRYtcW6oFvTfwu3,sell,0.295194269,1152223.6361529995,2.561952903392812e-07,247.01425607456642,18396.90915753175
5MAreAttbMpWnq91qyZj1DuhSHhiFED9xs4AjaWsMewLcEkagfCgVK9C6VwcvmMR1drjtPzdT24RBpK4catTPLxs,1785083426,2026-07-26T16:30:26Z,AiZmc96qy4sDHSRmZQYJbRnykikbKGCt25sZQYdZ52Rb,sell,0.213536042,839427.8250119984,2.5438284940929595e-07,245.26676591810602,18266.761132179003
5mDZVxcMGRQh5tHntcxT9vZuh2UmmikSYv4mSNFUicT4raVLbVGEmQ3YAaDerq2uVVyK3qKrQc7TRatfvqx5LPuN,1785083426,2026-07-26T16:30:26Z,8NsfpmaZCjGqFRr6kvZgCe3buAqBzA3m8v9nY6NW2anL,buy,0.977777777,3859745.5809,2.5332700213157723e-07,244.2487560651979,18190.942695287777
2RG8UybTvFJ1fiEFEy3KkKtPKrankzY5hLTQRMR7za9uTutTWaBrNYxA9s8fphLRSYsM7grMLfdtnTx9iY9jpg6j,1785083427,2026-07-26T16:30:27Z,ERNxja1crsFqm9F4T9oDz3KoLYPVUDwpRyXzJ3PMQ8Ci,buy,0.488888888,1914413.074714,2.5537272726422254e-07,246.22117043356596,18337.842427038173
5SUKXLFTbz8dujQmbkX71QwLgNBRT9FeZu9VgzvZ8vn5PPF8YbojmuKWDMJkuTxug6XnKfVesjDRCcSczEsDuwj5,1785083427,2026-07-26T16:30:27Z,BvHrVQGLu4GMvDB5wvNz3gfwskV5tRTo5M4PJEGXcG3u,buy,0.977777777,3767713.320572,2.5951490832947913e-07,250.2149119773918,18635.2847752978
ZG8zZhrHVfxasmTCpWz3Gix7SjELzYGyUEoeA4w3g3KVkcpL5KuZ15HDM9fKvd2myajjoU7wqRRoRM4GdWzVJYA,1785083427,2026-07-26T16:30:27Z,F7u8ejvVkXFWZu3n41nDYvN9xdLSZgcr9gmcHeCo5wpK,buy,0.097777777,372365.941394,2.625851779944112e-07,253.17515522084548,18855.755151783178
2LrTkiVAGZSS6g2cQuLcyHfkXPLKYmdgMYupKL6fEX2tWqVDLF24BZBLtw74qaGBhbQUPU7fuuu9JDbHU7rNV7pu,1785083428,2026-07-26T16:30:28Z,FK5rsybBkML9siKVXABobqffxGZFDYGzsH5MGz6o3GcZ,buy,0.098765431,375244.690688,2.6320274064082427e-07,253.77058684443676,18900.10118129098
2UkwaBhF9A8F67YGBf2Ld9LSUwc25bSA2bNL69QoYhxpSpvEARsZcKAuTzBL4wpcuRrHhWcFWPoXtEULxvC23jcy,1785083428,2026-07-26T16:30:28Z,2GZv3gHApNq2fkBK9v7gNMyook3MMQ5h6GwNwzq9EX7E,buy,0.009777777,37193.057323,2.6289253166486725e-07,253.47149454136516,18877.825649438015
3AWspAZXcpdyReEthK7QD24UMigQ1PQ9ivFKXb7pnQdNV7T52mmiDFcAXMWWHz14eDxMQQx6kvUEioib3xZinaXz,1785083429,2026-07-26T16:30:29Z,4wfMGwXy5kN9nb2RbYdUNk468xjYrAJFkL6ERuL7zXMv,buy,0.015644444,59339.729122,2.636419854198471e-07,254.19409081354283,18931.64253510315
4a736TnSWEDdXDLoKGJy6SzFPLwQGdgC83XzA5sYgYxjhc3bcQpkbyLcdvzWBMaTZpFjcWNag3ZMqsKdP82hV6PJ,1785083429,2026-07-26T16:30:29Z,FcYgLYimwomLtUhb9eohxDLzmVbEf5Boem3yJ6HpggSr,sell,1.355133098,5215897.204681,2.598082448373096e-07,250.49773645541129,18656.34872647348
53zS7kKUxM1t5vhURzvcXrAvQqq9R2J2jtE1wPiMy5zaJmuYtYfjRbMCXsYLjJaETMZHQPasZRaZsGeb8QheDewi,1785083429,2026-07-26T16:30:29Z,6YmahBmiUXyLJXvvpnZHSwmgghA8qM7jE8tDSDf5ir28,sell,0.070775221,276695.7222210001,2.5578718901722305e-07,246.62077950308947,18367.6041576661
5UFhDUt6qUMipqGa2STeAbXq7X2gZJ8Ds59pUqQYUSjttDb3H6HiEpj8tLqExrDm7MdA5GLDuYuim1FTdHa9TXam,1785083429,2026-07-26T16:30:29Z,FQ31GLz5DoZkJzjhbNhhRAKDH3y7vbiWc34kDYofW1fn,buy,0.019555555,74203.011825,2.6354125687134803e-07,254.0969719811083,18924.409404650778
2xGBs2qYKm3yJdV6SWHaqFZLFfz6bXn64MHRaXJBip5U8Y177BBkEBDjZBwBm2uMTyVjgxBLLSfo6kygCrzeCPj8,1785083430,2026-07-26T16:30:30Z,4Lodm2nk8y82NtDUPexvbzvMPPKyDgZ38ZzPwXFJiwvN,sell,0.75687401,3489643.657389,2.1689148930647654e-07,209.11894909931382,15574.57602178735
3DQHVoPP8ceXzF4jtgxDPHW82TiGtRLHyV7V1M1jKkSyKDiNGY7xd7yowWuWuaqBhTC5Dmk6KgxM7gu525g7jRyo,1785083430,2026-07-26T16:30:30Z,2ZMuJqNAxjrZQ5DDJYWWxwWv1AUZGWLXcerWJuiBmgAN,sell,1.751152531,7829297.637233,2.2366661891511452e-07,215.6512846386213,16061.085526999383
3qt3Xoa3g9BC9UhGeKy3dwHqUDsgtRLLumBMuyDd11JEJvwj5aLuf8976uSa6hvcjgZwYRsszPMyAS8DUmchjiSo,1785083430,2026-07-26T16:30:30Z,9Lmv1xqRFfaB1ZW9DKXLvULp9ep5UQge71RePVWS9L6i,sell,2.058097956,8421686.976773,2.4438072344367956e-07,235.62307691317187,17548.526997086392
4B2iLpNtwLkbUSm6YyLfSWuX3MdoCdBQPpUJu8hZ7fGaJc8V9xr2LsKg5LxiWRZzBNCSETr2FjfXLoKCH1vqSang,1785083430,2026-07-26T16:30:30Z,64hP97Bwr5PubotcTeGgfhkFrGiLVVxT2kVo9M9b4AEz,buy,1.393777055,6377755.019446,2.1853725186218732e-07,210.70573398062805,15692.755181881133
4E9oSKAgiGSTnV6mvjs9ivnKU61qSFF4npHRLeBSy8CWB2eQ69D4BtVMoPgwLQWSukJUXKK2YQCBNT1WgYzZZ39E,1785083430,2026-07-26T16:30:30Z,HHYrTocnC6Xx1pj45x7cKsh4nXNLTYKRpGwm6LcMXjTz,sell,0.044660735,203947.522289,2.1898150317665713e-07,211.1340650705891,15724.656045728363
4eYrFfuKCB7EjuyjJrhG4wr2AozuuU6WDc84VFmYTeVS8dLbPH4Dq4S9KzdG8nEVdTr2h2XhdjFdvxZFkhKEREJF,1785083430,2026-07-26T16:30:30Z,8NsfpmaZCjGqFRr6kvZgCe3buAqBzA3m8v9nY6NW2anL,sell,0.975889975,3859745.5809,2.5283790201851746e-07,243.77718338166633,18155.821322303193
66WXS3Kh4Bq64xUZCoZqMAQap9KB9x5cWpcwZcU9jPmRXfnDzLgpyVChhj1z2Zeh9iHaNTWyJ1YxuysLH7M2BNsX,1785083430,2026-07-26T16:30:30Z,FMWh9MigG2U18hXTXPjnbe7TdM8XVxVpFmukFCqwd6p7,sell,1.93896669,8304119.892693,2.3349454428110371e-07,225.1270157101068,16766.810639766543
336RthE22yg2NoxRxbsZi29NCuxSobjbB5obAPYxn37YvHeYcKmnx3e26qtuUWpYcRiu9ovBQfCbkRzHpijT9po,1785083431,2026-07-26T16:30:31Z,4LmQ98faZpeZrHizD4chtAtFPw28BHP6uToC5FQR1gcU,sell,0.099241991,465298.744618,2.13286608115557e-07,205.64325270991907,15315.71618207205
36e7TZJMbzDy8g9bWqEtrGRdnKcCauC4bFaoC2JJsWfDGeHGffqbZbAhJz6jRVcraU86hY42cYEYcSjUymA3uLeP,1785083431,2026-07-26T16:30:31Z,3JD7zrZVXfGozgaSrnn3GzAcGsHCM5ATazX8EqwJqZWY,sell,2.749682533,12463187.076705001,2.206243488184049e-07,212.71803756869494,15842.625747634496
39X7vsG38HTfvuptLsVNSb1aYYNdZZv1NUVJgqZLViM6TJY4gTer5RWV7swXN992sXFxhZywfwnWBsTCf1a7Q8Bm,1785083431,2026-07-26T16:30:31Z,9FN5a85fCj9nmagX1HQ2kx6T6S4ZvAPx83SJHxnkQ6Jb,buy,0.097777777,429450.436245,2.2768116818076328e-07,219.52196820589404,16349.36287218699
3TTXHScQyybPWRS5CDB7Rrdq391NxwKx26HGwm1sZkEmy3xabzfoQAwy3D4kyG2rEvtBSUcUSTbhrbiE3V5Z4cvY,1785083431,2026-07-26T16:30:31Z,9oT5cdy1XZ76dzy4z7t29jXPSadq84RbeeqeeJfsEkog,buy,0.357380348,1587495.407148,2.2512213036385933e-07,217.05463626637206,16165.603107571784
4yXgj3yki4DfRWR9h9aWbGsxYucGsfGw7YWRU8YcFCS8GFUXVr4DGuLqthoi6nfuKh65RP7EQQhX7szNWwNC9Ecp,1785083431,2026-07-26T16:30:31Z,GToA8mjkg2z3PxY9g2YPXnBdxK6uxiynH1h8Ah1jW1Fv,buy,0.097777777,457685.389954,2.1363534678226722e-07,205.97949395076225,15340.758459635741
5GM1B3jnD74tXDkPyjVXUXuX8Dwcq76m2DyguhBPMSPR7iLwK8WeGP32KXZukMgno6ks4Ro8h1jo5ZaygFNBNcAA,1785083431,2026-07-26T16:30:31Z,9B4UcQwAgb129HEGDmrhLRdCxmB5TkXkiX3Rwma3gT5E,buy,0.093293361,411145.16464999993,2.269110013233863e-07,218.7794011076608,16294.058617012968
5aESpN3NZ8guDRFxGqG1WWEgL5VjU2KsFpdbH5xvC6SS2sivHq2sf4eqERn7JFvoY31HNK9XwHkFvc3uNRVnoUrY,1785083431,2026-07-26T16:30:31Z,HuWAWix6CctFR1QUAzT8X9K5PuJcWiqjuQ2PDb2sma96,buy,0.049382715,217267.41883700003,2.272900155225219e-07,219.1448329246048,16321.27492446998
JtVJw2dJ3Xxyr8UrnZLXJD3zks5YSRiyParAG6Yo1qRi3UTZ9pgm3jDq2RERGXyytPy7jqpwkWC6YnnRnabFGto,1785083431,2026-07-26T16:30:31Z,9B4UcQwAgb129HEGDmrhLRdCxmB5TkXkiX3Rwma3gT5E,buy,0.375952985,1684476.230807,2.2318687442676955e-07,215.18873231091274,16026.635964092819
WAbfKbn2uvCrbRbYnTWqGhwJj197fAKEfx9Vtx2ADFNgaHdBSWuZWLJVwTRM9G6ADCt2NaEGd5r68LyGC4FYADx,1785083431,2026-07-26T16:30:31Z,9oT5cdy1XZ76dzy4z7t29jXPSadq84RbeeqeeJfsEkog,buy,0.112039972,494950.23554699984,2.2636613532707538e-07,218.25406097138887,16254.932799267119
g2XXybWqfDKHWEmrMJizoVrdpLBtQjnHxMtp2KGZD8YdmnNobCUyXuqWgEAsRCvekYRNa6kTPY92xZPMD6rCnX1,1785083431,2026-07-26T16:30:31Z,CM696NQZpEEmrymG8ghouWPupVDavbtBn4ZYvzqmZaXa,buy,0.068444444,321022.863748,2.1320738093511076e-07,205.56686472084675,15310.027025024912
5ChQumbuC7EWF5eVn9n4aPohxyu3rjfWLGSy5bDMTzgmDCG1x5nPfjMfCkuyJsoKvDFuJsCTQcMU4fD3M1HBCzfQ,1785083432,2026-07-26T16:30:32Z,DuVC73CThrSLPfzP8SFvVYBH6HNuFgbmMW5rKdXyxsCi,buy,0.095119283,466972.967416,2.0369333909485936e-07,196.3937688207631,14626.841306722796
kzRvXoCBxcR3vZs8Txt2jd4hL4ZadyKhRgZxody4UR4jf6xRYsZRTbzUgRVF17qdnKZrrYLddXvpuBRacNyNich,1785083432,2026-07-26T16:30:32Z,8SuAiRmz9gVXMMLXsrjTCfNry7qsAGHXXV4qVstpu9EY,sell,2.049040146,9822556.699879,2.0860558086931086e-07,201.1299751185746,14979.58028785215
1d8Kb3NQdA6CzbPTgQHnyy2iRff7G1RgqFgN9wn89AjPBN2duuzNTLCJrVJ6PFoKnkm3RmAe7tfGRbDFPc2okBY,1785083433,2026-07-26T16:30:33Z,48uVqq6sFCtoDsbjhcuk4yjRiSq4kSqZCpDp3hi7m3G3,sell,0.436393317,2151476.381443,2.028343516870541e-07,195.56556415222514,14565.159012376444
2zfV58DtCvCgeEuncjLmfYEk753JWDTMFUUUbiSjaGNYC37MHxagGQfC5VXyUfLg25uskn4k7NtdHi2HvUSdWt1s,1785083433,2026-07-26T16:30:33Z,EUdEcw8Y738nwcDxMwixjz2rPxXS7qcSSTwzqvw13fy1,buy,0.048888888,258708.456154,1.8897290303838452e-07,182.20085545077896,13569.794065410959
45n57e5gPFeBJFgSuywgQU3PhqyvMRN4rr8gBYPF2Xyx8TPSjUtCy2F8RuAdZGbqjKsid5ikBEDwSzUDsedrJJ1r,1785083433,2026-07-26T16:30:33Z,B4FARCzHz6cYrAtZ5SLBzswf73AKAduPVqhknQXMPvge,sell,0.189411631,941093.104403,2.0126768553910168e-07,194.05504117367553,14452.65961878536
5dFzprQGmKqsHQZKQzd8VqvWWG27tP2zaJ6RERD4CX1jJBUCPoqDQGcys8Tmz29BiyhJoT5KTcJELUDXuaqr71SS,1785083433,2026-07-26T16:30:33Z,3JD7zrZVXfGozgaSrnn3GzAcGsHCM5ATazX8EqwJqZWY,sell,2.426994555,12463187.076706,1.9473305985562165e-07,187.7545908422391,13983.42025486789
2B5tueCwWX8LEoU6JsxWA3ywd3osBFSokDbWeTqJFbhD2hDXScrYAFe1P5KrNG8NjF8ZFw5DLatJzfn6K64YjHrL,1785083434,2026-07-26T16:30:34Z,Bj1xdck5QFew2fHV8dp3FVt45C8WRU6hH154UNYpwEP,buy,0.000977777,5158.026623,1.895641630929209e-07,182.77092706421297,13612.25135452575
3CzWSG8EammNDawF33EXgHHQPcTeVYLB4eosJXYhApRB3FGXaFhSbBvmW6W8HpySdbmMUfaiFMaYfXo3D47xxS5U,1785083434,2026-07-26T16:30:34Z,HuWAWix6CctFR1QUAzT8X9K5PuJcWiqjuQ2PDb2sma96,buy,0.049382715,260992.720263,1.8921108201882983e-07,182.4304990308361,13586.897256733027
3DX74XDA7HhprBZf61w5kRetyLayes8KtLGftKSKoXeNLKnX4g9DEbyrC8vW6EcxDZvQTDapuLChas56L3n6iaRZ,1785083434,2026-07-26T16:30:34Z,suqh5sHtr8HyJ7q8scBimULPkPpA557prMG47xCHQfK,buy,0.702051174,3538131.7042630007,1.9842426248692698e-07,191.31351525019716,14248.478677293364
3g8ZkQDgvuKCctysdr6ZRcb3zDizTyJnefPpgoGvMxSb7abBihEeX4rZYa7Q8B3aDKnWXe47C5oHz88tkxfhx8Dx,1785083434,2026-07-26T16:30:34Z,FxN3VZ4BosL5urG2yoeQ156JSdmavm9K5fdLxjkPmaMR,buy,0.777334075,3846029.247625999,2.0211340708857516e-07,194.87045538020823,14513.389316421979
3nEsBSqYNrXxra2kAJjp7jB2sEwdLfia2ht66WTtYYYaHo2XVxVzEZ9hQoyc66qUATD2LuB8aessefeiZTPGMr96,1785083434,2026-07-26T16:30:34Z,7XLv9c3YCn7B9dh9oe6GqfD8ABCudNkj3o11dC9mGQsf,buy,3.842327682,17976220.860619,2.1374501970085896e-07,206.08523662215012,15348.633868733627
4H3F7SKoGLG8ufyS1hmuteJaVFbpwqCF7BhSpaAAz6wSUygnxgykNHLwBvARr51DsjTF6dnNNXKh311f7y71p6Kg,1785083434,2026-07-26T16:30:34Z,9FN5a85fCj9nmagX1HQ2kx6T6S4ZvAPx83SJHxnkQ6Jb,buy,0.097777777,436243.229603,2.241359185997728e-07,216.10376646343693,16094.785067903835
4UD53mkF9vSNASdVVmbmBAyyAi57FmbSQSyxcW29mV9BW5EfC5LF7nD9CHarxGUSckkdaB5DgaHFJNkSgcShmBnr,1785083434,2026-07-26T16:30:34Z,HMendyGrAAsSVnSiUN4mVDw6GGdwvMuBjtkuWQWhQqii,sell,0.001783994,9422.845739,1.893264571461961e-07,182.54173956620326,13595.18213087878
4bjmRuaPXSHQSNyf8hhgsEdg85zLiEcVZR1WhkYPYMgeuUGZGZ8TCKTwDy2WyHWf5hgvfH8ow7NEZ7ghDkWzpyLL,1785083434,2026-07-26T16:30:34Z,Baf7AGwsnTWW4ps6B3zs48wVj8aKH4WCR9h7ytcQS3S2,buy,0.049382715,260674.6502390001,1.8944195361813415e-07,182.65309709762874,13603.475718553425
5NV42kv2NKJRhzDKiD1QgnsAMigjkxgJW7wy1PX3jy61UaMTnQWiwcCjyXwBXn3FfFqMYhnPK2kt7XNYN4C7qawc,1785083434,2026-07-26T16:30:34Z,2fg5QD1eD7rzNNCsvnhmXFm5hqNgwTTG8p7kQ6f3rx6f,buy,0.693098321,3624072.0449739993,1.9124849406932047e-07,184.39489822530538,13733.200041455179
9mdovM6iNbVp3Wxa2UgRTbpQhkoThsFBehD7vhhMmpp81sXwCRbFZPkgV6mbDFDed4j21fPU9ZDoLWQJxTDATSH,1785083434,2026-07-26T16:30:34Z,7NAd2EpYGGeFofpyvgehSXhH5vg6Ry6VRMW2Y6jiqCu1,buy,0.760849763,3905636.6000740007,1.9480813012290596e-07,187.82697088561147,13988.810911682198
2nrJnEhaJpWFyHK2G2Ww4JVEeUqCDKTkCyejQn7V7EDftnHPHF56eXwJbBtmLzxDzRDVnpFpcxkNbSu18SP9jAdL,1785083435,2026-07-26T16:30:35Z,9B4UcQwAgb129HEGDmrhLRdCxmB5TkXkiX3Rwma3gT5E,buy,0.227301003,1106255.638597,2.054687859383684e-07,198.1055906136951,14754.332855263001
2pFnpdSxLtQEPjDVS5uBnPxpNKRTGpWNGGup34be49NaSqk2Uqy2RuC73weJpTVF4w3oDibV4dS5zep3ge7CJkAT,1785083435,2026-07-26T16:30:35Z,6YmahBmiUXyLJXvvpnZHSwmgghA8qM7jE8tDSDf5ir28,sell,0.56095208,2490261.499992,2.2525830319498657e-07,217.18592919737762,16175.381426293625
2stcNNj6JqeM5FqknBjzxJwezmpErJzHSFwrvmhL9aD16omhXNtes4L3PM8qLgfRRXEdbVKtTzN1DMxwmPUPxrkJ,1785083435,2026-07-26T16:30:35Z,9oT5cdy1XZ76dzy4z7t29jXPSadq84RbeeqeeJfsEkog,buy,0.261587886,1265508.992238,2.0670567147641733e-07,199.2981510258164,14843.151314226929
2yCTyhQmtMm1SRouSfrwaiXXCDWtBW3dCQaBSh7Uc33QQGNo5E773rENqKyKb9xyv26Q1sFsduv6T1Rwn7LoVYVm,1785083435,2026-07-26T16:30:35Z,B4FARCzHz6cYrAtZ5SLBzswf73AKAduPVqhknQXMPvge,sell,0.210564473,941093.104404,2.2374457108933103e-07,215.72644331268586,16066.68312821131
35Mk1wuwc6vpBSJ4JnpsiTWJtvACmZn4FDFwohhd92Pyyd3AMm4nFwEiyNGwAPS7rvNYfe9f58cMTC7HMNp6t4xx,1785083435,2026-07-26T16:30:35Z,B2LYQGCRZreTKwgKLMqbzDnZTSDc3ZoxNZiKzw33izDv,sell,1.683092769,8028509.039053,2.0963951847260157e-07,202.12686045384422,15053.82543161379
37GmzVT8jFDYa7jPv4DEcXdLvtU8QHZhoe5Ch3nFmE736eE9csW589VbwUegtBKfuVgwYQCUh9aHbxXNaxHNzf24,1785083435,2026-07-26T16:30:35Z,8V8gGuCZpkKbfymsJLh2KkfQWV7ynXnwofDBS8Kr6uWo,sell,0.162886713,793384.008833,2.0530627185137296e-07,197.94890039410654,14742.66301975855
4EcbLs7YAf4pp6oPcwx2hQEowVL6JECNVAm5yGUuE1HjtdtgsTzrkyBBNLbtxStDCa8KTgfYvXE3nDcqW8Gi5nJ5,1785083435,2026-07-26T16:30:35Z,EaNHi9dRgzfKUo7bDfcum71RgWS2PXmmrPC96pmDhXpb,buy,0.068111883,331347.71950999997,2.0556013815554388e-07,198.19366912574145,14760.892688734142
4LELfpZEvhdzsawbMDfsp1vzLzsLD6wnWUheHivR87UdTHTeuWFVWDKXkvoeUUd6kCF1e4eq5R7zMYFd6nDB3b5n,1785083435,2026-07-26T16:30:35Z,ontrU64W3C2bdTEotmXSCZHYC7nw89zWE81TCJRiKHF,sell,0.079621643,387394.742091,2.0553103681850354e-07,198.16561066646895,14758.802975636043
53eNucTeN9oU7BmhyGNXGfr9LfWbzGzgkdpYZeo9Y2vHowdpjhBhDgDra73CiRWeoR419x5NuTmXka5BW2DnF287,1785083435,2026-07-26T16:30:35Z,4Bv9Sprv71JpoXUducon6zK4ZKQrtngqfAqrb2G7MNFb,buy,0.022568621,109737.001318,2.056609960992082e-07,198.29091271632603,14768.135110813606
5PD2ihgKAY8XnnAd9VohMgWDxYSWGoXKPew2Lwj8DkknW519JYHWygHZcATUJtV31yYb8d7vjuHbCZuhd7hvgPcK,1785083435,2026-07-26T16:30:35Z,A4rWFozNza39oA323my8dLffKaHPSTh3G3ewHbQw2cqb,buy,0.054229087,263931.003332,2.05466907318141e-07,198.10377931584767,14754.197955024909
5VQ8viYbKyEqxTTNeqN3jCv9Cw739svavywSp41en4h9zxPViBB2gZysRTePmTfBGuam7GHxo3ubALQBfpPwP4wQ,1785083435,2026-07-26T16:30:35Z,2pUUZYtokRgDV2YzL6M5pjb1jyoHE367yU1sdQ7ac3ea,sell,1.767500906,8087915.994029,2.185360119102224e-07,210.70453846367778,15692.666143227736
5mJZXsxyHS97FmwvVf869achjXwDx7ZFrfLoihbNB4hQAc6g7kvjksx1eQ8oaatdZMU3qukcPbm33v755D8XyM6J,1785083435,2026-07-26T16:30:35Z,Fn8WJ5afkGJp424indxe9jqNZDjbUDPsMcCm3tP8HEeP,buy,0.098765431,440838.992166,2.240396896715738e-07,216.010986002561,16087.875046848963
91YtKNwwvWvLKaurV9nmQsvFKBp62TgSyQ9M3QatR1MfdAsi2mKpLPtjShRaQAydeSgydHEzGcga3UqnmV8qkgy,1785083435,2026-07-26T16:30:35Z,EsyZLvAWJpsmxDY4kmnnjABALEjbBetAvbYSbjdFJ4q8,buy,0.444444443,1970338.812094,2.2556752182517363e-07,217.484066644787,16197.58584325162
2T85MTfCb5QBMM4XnEj4EEe8iF5AhqcU9i3DiMbPDrNdqX9jhxTR5N4LoA99sfdTX88v67b4vHCnxHjjV1bYeDsA,1785083436,2026-07-26T16:30:36Z,HRxU14Hw4DZootnTn4JBn3U6YbQJmkDvScNeyapRLxHv,buy,0.977777777,4659383.281551,2.0985132965376496e-07,202.3310811531165,15069.035200119884
4DPnZ987fbpedU4TArwmVCqLg5PPd7VMxKjkpUUMxu6XxmPX7Ab8YNWawZhrguGx4ppsUfuHts7GQSHMBaxgBriw,1785083436,2026-07-26T16:30:36Z,56S29mZ3wqvw8hATuUUFqKhGcSGYFASRRFNT38W8q7G3,sell,0.164138437,801748.939143,2.0472548074145222e-07,197.3889225593782,14700.957486161255
5eYR5x9e1XGfh1AQrHCZBdEUBoJZdk92sbFHZGGJpWtWDFqtY9yq8HWpa3FitBoRmoZ9qGsVfdSX9VrRRaKHRwd5,1785083436,2026-07-26T16:30:36Z,iNyUtaMtqWNyJcwy3CyENdou1YK7F7eGcXaqC7FioxQ,sell,0.074548124,351166.5989600001,2.1228705754128814e-07,204.67952210743627,15243.940307157132
5vYLpgDA5bzr7p4pfRNgQoqjPBhN32cZhCno9JUQ8HwSHjrF3iXAZvgu34ohAsaDZuqBjwHT2EGULZw8zrsDRPnw,1785083436,2026-07-26T16:30:36Z,9oT5cdy1XZ76dzy4z7t29jXPSadq84RbeeqeeJfsEkog,sell,0.692652967,3347954.634933,2.0688839680584907e-07,199.47432819619212,14856.272481606251
6yYwcZzzdRQg6RG4mDaDbLq21Eub4R7ZsLAViMy31YYkkKH2yz1xG5xPqUoKHGryd7C8Nf7ZuwPEYNVmKF2yX8n,1785083436,2026-07-26T16:30:36Z,4Bv9Sprv71JpoXUducon6zK4ZKQrtngqfAqrb2G7MNFb,buy,0.022547374,106144.92041700002,2.1242065952304245e-07,204.8083363182261,15253.534017948403
dQTLQaC8iCiKaPZCrtLsSbF1FK2sAFHFG6gTsM34U29Yv6R6MACtng5Ku2SQC9xGwz5RJMtmNz4K2GLcqn8A7yD,1785083436,2026-07-26T16:30:36Z,9B4UcQwAgb129HEGDmrhLRdCxmB5TkXkiX3Rwma3gT5E,sell,0.673568416,3201877.034054,2.103667345235845e-07,202.82801593410753,15106.045468953722
2ELznSvn8ne7oQRsWMSRT8bdBiYnUtTrtKEVhwdUQtj5uQdodHHqr4PQaF8iguKGE3pJtEFqVKw5qu1SsCgETB3o,1785083437,2026-07-26T16:30:37Z,DLrGWqkLdPkBv6pFnLcVPdsTi1XZPTHUwtwbuMFK54ye,sell,0.439533995,1904537.504363,2.3078253591388766e-07,222.51219508475998,16572.06634333523
2KZ5DUHnZJga3cHeVTJifRPjTQDJ33ih7ZY2jvWXt6J2DdcHK9Vbpqn7nAzM2eHeCxcnKqUkfVdZmFA3ip5hL2jg,1785083437,2026-07-26T16:30:37Z,7eDUBD4AQ5GyhDh7RSLrBbebRGAxNpfPF5SSvgMn76vg,buy,0.000977777,4224.842270999972,2.3143514888393011e-07,223.14142096586875,16618.92927164667
2LfcMzZNNg3KdNufJMV8Lrkaczy52Yv9y9P4Ef7DXccASRc7gShM1BLwkgMN7Wyg5qm8kseqZkGmSEgdfRqiExb7,1785083437,2026-07-26T16:30:37Z,9B4UcQwAgb129HEGDmrhLRdCxmB5TkXkiX3Rwma3gT5E,buy,0.521704907,2183093.8347,2.389750265002661e-07,230.41109894404724,17160.353914476542
2sXk1g5o8qk1C7zn4Z5V1CGLmHJrHuTCL5DD7WQ3qGXyMpr4M6LqReXDZ6AqYYRdoRxd8sFWQbiowhnSFFCM5MqX,1785083437,2026-07-26T16:30:37Z,N1Gv262rmK1Bpnf4c4PRmuzsaYVGohbFiFmZWAqRdN7,buy,0.148148147,644110.284864,2.3000431833079732e-07,221.7618657672435,16516.18398046296
2w2S26rKzSKcpj5ar3BKihAUsQ3rXc4wvKSezwq3zvS2WLN2gQMuTnwvpFKcF25tmwyqE3CyasU8zc6Z5JiaUA3e,1785083437,2026-07-26T16:30:37Z,CN93KGat8NehMA1e3EzbtrpvUWYCxVbxgEg1iyBH3urW,buy,0.098765431,429209.214845,2.3011022965960104e-07,221.8639816494663,16523.7892767671
33cjKYYpRBp322AQeV8pycZv2CTe335SyRMQ9GbbSc4vKDBNUTEsxfxbn4keTC6ZiMkH2C1f3Btmwyg6QKrFXxcg,1785083437,2026-07-26T16:30:37Z,351eupK2s6KN6LyhX3VHtStDpp6PpMEJDizFCAzLq1Xu,buy,0.029629629,144968.539124,2.043866150479454e-07,197.06220048310612,14676.624168512079
3CYMwzVHJcjCbtJGNCbD1t6VRUYaULZMJ1GP8zqr3kUeEcE3xAt2GSniFTZCdGK58KnTDfwpKccpUfzkweaHPYs8,1785083437,2026-07-26T16:30:37Z,7gsLLbtfS59f4zciTumcYrGbfYCWHmm2hdUYqkuJ95Mf,buy,0.197530863,855471.625452,2.309028810811018e-07,222.62822755324214,16580.70810683469
3R6GHHGzFDh1GR3DxfFVKTatoLwnxTMHjMmsozzCzQU5cJwvuHwE724VufyYMADvG9LT5VeFw3aE5NF1FYs69ocJ,1785083437,2026-07-26T16:30:37Z,9oT5cdy1XZ76dzy4z7t29jXPSadq84RbeeqeeJfsEkog,buy,0.456072871,1929905.117117,2.3631880497902772e-07,227.85006598294538,16969.61556810105
3sG8kwksBN9sVozSRPEo4sNpSoDbVEhfsfPsCadHZ19pDY12uPTqam3fCbmSvho449bmGgvGJsGYF5w5md7haw1F,1785083437,2026-07-26T16:30:37Z,DuVC73CThrSLPfzP8SFvVYBH6HNuFgbmMW5rKdXyxsCi,sell,0.107459073,466972.967416,2.3011840191655193e-07,221.87186104478423,16524.37611139836
4tW6pcH34qjrYAw2srinAcoUfqpiRTTP2QjKPjzL3gU8SZD8h5ycUFk6yHFSVB4JVyTWNjn9xpQ7oRLALSGH3N3o,1785083437,2026-07-26T16:30:37Z,8NsfpmaZCjGqFRr6kvZgCe3buAqBzA3m8v9nY6NW2anL,buy,0.977777777,4206510.164978,2.3244393538868668e-07,224.11405651931904,16691.36836161891
5NXgrz3R5E2gZcngy1dZvK8LCTUG4Hix3WJiZi2oDwed944VTBRkbQwXct7mhgeXaGfSJFzkx1N1MaTr5dFqoBWd,1785083437,2026-07-26T16:30:37Z,AnUqXY5EtSmMYS1Dq29we5p3GEnUFWgd8QaYiuiYpMVP,buy,0.097777777,422001.720066,2.3169994895923126e-07,223.39673164516492,16637.944074470608
5dmN8fFL4sJSggBFzHNyZza5tuMZ5y5Gpru4Sqppm24eLDHP6omfTDpSscigExL7ezB7R6sH52kULAmYDZNwmWWA,1785083437,2026-07-26T16:30:37Z,9HSUFUHiVXiWuGmwHfkrdya6F6pn49pyx1QVHXyJbKoM,buy,2.13948838,10195159.729773,2.0985334577466563e-07,202.33302502415245,15069.179974026585
63d82CLUWnHsmKaNZt5pXTx6VfHuo9cUGppqYSnNrLP7Uspn3eXNRJ616UxpHFgpSgXtjzDCQxM1WTv2h6eEJzAX,1785083437,2026-07-26T16:30:37Z,7eDUBD4AQ5GyhDh7RSLrBbebRGAxNpfPF5SSvgMn76vg,buy,0.000977777,4243.763341000013,2.3040328157639294e-07,222.1465317350737,16544.832791987545
ouUquDvNpDCHLJUvD3rrJfwYtrGuESLu7UvGicav3Ze3x2Qx1LgWMhLQU1nTUgTMkPTheKG931P7CQGnhgz4Wgv,1785083437,2026-07-26T16:30:37Z,2kv8X2a9bxnBM8NKLc6BBTX2z13GFNRL4oRotMUJRva9,buy,2.749400509,12356881.464459,2.224995454482473e-07,214.5260345068925,15977.280143529264
51KMi8fJZYEc9ZsHXcdHGTjzqcU356cTHzqTqDHpfYEALKToKa1rSBd4i23NQzFcDiSaucJ2jnRF4JqqoAqxS1Lf,1785083438,2026-07-26T16:30:38Z,ABQgTqPzm3278pvFGxyWDr9cxKRKbrka1oQWzFAaxcvB,buy,2.933333333,11808104.827431,2.4841694546830877e-07,239.51465657275588,17838.360622944216
5ECFzFKxCvoAi6jnFv54tm45exoeE4bdck1QKAKJXv7pEAc4HEsmhGeMc6hXsf58BmraRYsYVAYXyoZGLyqhzw7h,1785083438,2026-07-26T16:30:38Z,7XLv9c3YCn7B9dh9oe6GqfD8ABCudNkj3o11dC9mGQsf,sell,0.684362706,2696433.1290920004,2.5380295866282175e-07,244.70765618133,18225.12025201274
61mkm8AXHMj6MSQniLR7zoNvuTK9MbkoXZS1XabRBcQpw4akqHJRqZ1isFXHENQ1ByCT5Js9uk1WsuG4ez8y1DpJ,1785083438,2026-07-26T16:30:38Z,5tyMwUMhWypAnAejQ32wczDdvYzQf3BUF6QM9yLZWsua,sell,0.171653221,669955.862443,2.5621571602353775e-07,247.03394978242014,18398.375888076447
2LJL917rzD5XxVwRMjsowr85ZaWAvYt9F37k7jffPrgjk3zjqB6UApuoYtLnXMxSz828TGqAz8Fu1dbRwG4MHsWB,1785083439,2026-07-26T16:30:39Z,RuAjtSKGsaAGPoeeEvazDBkdPZvPNH7gqEs1haJho6T,sell,0.464775962,1854738.2537629995,2.5058843804889224e-07,241.6083313770582,17994.291482127242
2voB7Bptt8wBd2t6Z1s1RZyEbSUtMkAkLmRGfk4tyo3hSFx3WTrEXK4ftjJZjRAf49aY5dNWdLQ9fxCvsmpPpnGv,1785083439,2026-07-26T16:30:39Z,7gsLLbtfS59f4zciTumcYrGbfYCWHmm2hdUYqkuJ95Mf,buy,0.197530863,789810.3775880001,2.5009909796733614e-07,241.1365273245599,17959.152877449516
4sSBXGCRWiLgzYJTAASizvpQnxSU8fRepJNBiCBiJrbQydzzQTDVxyTW9yJjn9QKaAWR88sdAcwZg5kkEeQb4jo2,1785083439,2026-07-26T16:30:39Z,GVupKobi6VFsXB7Hj2PVx5Zcuy1njpbQLw4Gm2fTvor8,buy,0.488888888,1969833.761128,2.4818789161174903e-07,239.29381110793807,17821.912689862656
KKnCyFSxPvoC3JGynL1VpgtxUxM8PBmTmtuZpVPkHkWEqRJmmS8qwpMgr63Skixsvx5MxR8e1rN1rh2bzwoXw4k,1785083439,2026-07-26T16:30:39Z,GXWhH8CdRJ5ZHrComffE1fzbG5bJtKMgEKRfZMUxYgKm,sell,0.443247938,1786846.9200960007,2.480615060053303e-07,239.17195466589843,17812.837173614775
2RFciHdQGvnz9c7KRTJ6K5u2vg2LRpAHHtep19cfDVWWJLX3wJfGetEVgMZvLZ7jAh615ncdCxKk2ufqoptrTJuM,1785083440,2026-07-26T16:30:40Z,4UvPYKxeQV8qFZXpgbrLoZGDFgtmYKSR5wvUo9K3fKga,sell,1.256730103,5179864.197666,2.4261834964056997e-07,233.92385967415117,17421.974199357424
3x7WYhyHJpa9NqG11JMoXrbtQBsXig39qE2nrz7bZ5vmb9UY7BDiBrCACTgX7fuMtpMxb6qdeJQ7Pni1Z1VfjyD1,1785083440,2026-07-26T16:30:40Z,64hP97Bwr5PubotcTeGgfhkFrGiLVVxT2kVo9M9b4AEz,sell,1.532321163,6377755.019446,2.4026027314123834e-07,231.6502873868623,17252.645094644904
4v9NqcSgmuTPac9bBisYfu219sssD35pUsBahS7nhATp3uH7TpJpfDvXYPEP6m4SEhDGwD6M5y2EuhU7MPfBNgdz,1785083440,2026-07-26T16:30:40Z,35AzE1iVf6raPYq2MkKLdQUcojLdviaq3E2DnqrM2EkM,buy,0.737037036,3055687.474165,2.412017073838363e-07,232.55798431903654,17320.247743452102
5AidxxL9eUrCLYMXopHFVYQA5ToN5zvzyRnXUQELYgWMBZveJCgDwgKs4176us6z6JaRyBry4dpard8Ew7wwfZm1,1785083440,2026-07-26T16:30:40Z,2QM2EWyLhwiFSmQv1whR3twumY6J63DCBrsgWUYbKizF,buy,0.296296296,1214119.331231,2.4404215333560677e-07,235.29663982971132,17524.214904879613
5FMWz2a4UvQW4mCtW5neU2TgSgwQtuSY37cqY5bjEVnicTvsuHafYioxs9GrPXtsLa86iqSoUdRbbbQJ9sKx9pEG,1785083440,2026-07-26T16:30:40Z,8SuAiRmz9gVXMMLXsrjTCfNry7qsAGHXXV4qVstpu9EY,sell,0.820305856,3302873.40889,2.4836127651519075e-07,239.46098257655288,17834.36313855623
5UerVUX7QF3UYwdrj9exKU1PJeTJMyL8MViqWoUaMcPfoUw5mCUjRZzCQgwBxMNf9dpfBNQUanDLDn1f9NDDyZ2A,1785083440,2026-07-26T16:30:40Z,3igBk9uCYvoNA7Ga2EQSTr4yELvPGBzHnZdqvt7zk45y,sell,0.068216699,278809.680503,2.4467119964030803e-07,235.9031435823231,17569.385554613826
2KgzTuHwLMX4MeVAbD7PZzxPpEp9ozeJGGhVfhgppH6vn5XReUT678DVYdoZa5xdaDCuF2DG2r8Hd6wh8QkXjrjP,1785083441,2026-07-26T16:30:41Z,CN93KGat8NehMA1e3EzbtrpvUWYCxVbxgEg1iyBH3urW,sell,0.03342961,141639.040898,2.3601974277751577e-07,227.5617209976466,16948.140465469845
4CRPa6Wj8uKdJiVPMzPVzfVPGb4zSgnc6HCWtiq7jiSeX98qqDQvgfs6NHPSNtxeXTCbbqjYtib7ZGZAcrS1g6XF,1785083441,2026-07-26T16:30:41Z,436h85qXhByXQG4pkxdrD4CYQFRuJ3UPR5YdfUuL6v24,sell,0.007655069,32584.892865,2.3492693475209924e-07,226.50807492525746,16869.66794576199
4xGDLhChwohcsBJjSQjdVqRc5cf1XxWASbgYT7mSdQsFSk7G6sm1RszXeAPEYQwmyXZgtTepXRvmi8F9RKmoD3Jf,1785083441,2026-07-26T16:30:41Z,4ewzo1YFLZjH6dh7sE8x7d8wQ8uPmmKn6Tmpq4qBjNWx,sell,0.181480167,770819.581405,2.3543793045476313e-07,227.00075854634846,16906.36160047105
3FBNLzTRarMmcnAZZKki6cDjtPZ994uNCeoC9QN7z2KH3xVNWA6M5tZBxDRiaM6Lf3sHTWPCzMAJ5EbPsB11Cn39,1785083442,2026-07-26T16:30:42Z,xyzfhxfy8NhfeNG3Um3WaUvFXzNuHkrhrZMD8dsStB6,buy,0.244444444,1037687.1117239986,2.355666185290511e-07,227.1248349448405,16915.60245267094
4JjR5aHDfg4wvGcpto8G8oCNfifydUE2VdRT2dEqUkYCehEAi3GDrzBhtDSSMuHguRErvoWi6mKtx9HhQnbf7BUy,1785083442,2026-07-26T16:30:42Z,Baf7AGwsnTWW4ps6B3zs48wVj8aKH4WCR9h7ytcQS3S2,sell,0.130108567,548514.6861670001,2.3720161060626063e-07,228.70123531935508,17033.008204657537
5ky1SXNPNbJKpXoKiFssWFTcv89j4QSF3D5Kzo6Un4yc2sNBKgR2eHPpJxJBJu8Bfz2hcmyKYQU4t1ZL1UR5GCAS,1785083442,2026-07-26T16:30:42Z,xyzfhxfy8NhfeNG3Um3WaUvFXzNuHkrhrZMD8dsStB6,buy,0.244444444,1031885.6964280009,2.3689100919430754e-07,228.40176464365413,17010.704492702742
2jY9NQ3WAYL97RuEZUGJ5Ykm7MmguLuAe59XpZs35Awhaj5xMFruA27HzWMHxPfLHrXQw5LuKPnF7vnk4GFHVTED,1785083443,2026-07-26T16:30:43Z,4Bv9Sprv71JpoXUducon6zK4ZKQrtngqfAqrb2G7MNFb,buy,0.023306462,99378.87076599998,2.3452130035647105e-07,226.1169768752439,16840.540091312912
3D6c89KUFL34bDz9xQD5gHd3JzYWE9QGygRqTqnTgnVyY8Ya6RYM6GXgmw6uhJ9je784tf9SjcujGiNyjFYXb75,1785083443,2026-07-26T16:30:43Z,8NsfpmaZCjGqFRr6kvZgCe3buAqBzA3m8v9nY6NW2anL,sell,0.975701201,4206510.164978,2.3195027772032088e-07,223.6380896053863,16655.91971903138
64bDvd9TNW15ZdR65yTRoWmxftcm3WrR8yX1utX9QRL6pbnTDsppixcffpXE16zVPGhzRrTso7YV75U2hvPpv5Yz,1785083443,2026-07-26T16:30:43Z,7XLv9c3YCn7B9dh9oe6GqfD8ABCudNkj3o11dC9mGQsf,sell,0.539495585,2291968.159729,2.35385287840905e-07,226.95000243727728,16902.581431898547
65HoVbRRziMFpEUexhzuR1c6UJGVaw6mLjeHNcfxPCGMhRJi3LyJFyj32r67zftrN2CEJc61tSzrdRmmweVfTb5n,1785083443,2026-07-26T16:30:43Z,4ewzo1YFLZjH6dh7sE8x7d8wQ8uPmmKn6Tmpq4qBjNWx,buy,0.097777777,417506.687531,2.3419451692672578e-07,225.80190408179354,16817.074378640173
26qJ1eYi4iVcdb7n3ApwVxSZvcFgnLMt6S1qqj7keqRD4GAm1usGi6yAEN455gNoY8qButi9BqVv3v1ccDcsv7VG,1785083444,2026-07-26T16:30:44Z,436h85qXhByXQG4pkxdrD4CYQFRuJ3UPR5YdfUuL6v24,sell,0.005668552,24438.669649000003,2.3195010536230026e-07,223.6379234240011,16655.90734232124
2UuzndfErxuyYH5zbjM6Lb592iLxQbX6P2sbxHgSGzKYGdN9iwz3Ea2Hy2Ry5QiYwmrtMwmFMpE2UUFuUCk6gUjr,1785083444,2026-07-26T16:30:44Z,EyZCZL5qm5yiL5NJyrZVWPp1hKcbvB9bBrmu8z8PCYDL,buy,0.048888888,210878.757495,2.3183410496507296e-07,223.52608002599206,16647.577568705176
3B9TrEkKA3AMF68bG8Q3UxMaZFYSo5XRwqLYQR5y2RvobsRdpiy9GX3QgWJejNLMFFywRXpr1w4HeKGegZKyFR6M,1785083444,2026-07-26T16:30:44Z,iNyUtaMtqWNyJcwy3CyENdou1YK7F7eGcXaqC7FioxQ,sell,0.046132218,198994.40607699985,2.318267076419695e-07,223.51894779393217,16647.04638063781
3BFNyx5yKHNzZLovCx94bBXNcn4yWe6XMjgHe4tRopEbMo1uLusEALssKPq2uUBwHi1HCDAuTov7LU9oRPhnqpxZ,1785083444,2026-07-26T16:30:44Z,HL6yX8pZRxa9nyVXTbPytajBa1eSdswmAdn7oYNjDVjF,buy,0.488888888,2119639.366532,2.3064720146233393e-07,222.38171048909263,16562.348227097336
4FsCnHph4CofNSFy38rCRgv4StEmBucr8hhTxMsCXVXkTMtYhkquAC5wnAVCnKSWqhFi3Cp3zkKgAkzMtQEg4QLx,1785083444,2026-07-26T16:30:44Z,351eupK2s6KN6LyhX3VHtStDpp6PpMEJDizFCAzLq1Xu,sell,0.001662402,7248.42695600001,2.293465892794737e-07,221.12770714513857,16468.953675833058
4LUB11CdPGRnAuwa3CFVFpEDLNjnVGtqsr5MbwbYMWDZaULsgGirQNBtPvuLXJ9RK88DtDmipPt8NyJhuZnaxDes,1785083444,2026-07-26T16:30:44Z,gCmdrQdpXKgXhTK9H5ff36Eqc2w9JvyAaKRV1n7iKBu,buy,0.000977777,4263.280132,2.2934852266939893e-07,221.1295712499527,16469.09250898168
QnSMpewfCSoaA8wg89y7p1ET58RVi62N1BKtVGBYrbMRgibvfN2tTrooZjmQrKWyxkyonwVpsAuvJbwc4qEpB1s,1785083444,2026-07-26T16:30:44Z,351eupK2s6KN6LyhX3VHtStDpp6PpMEJDizFCAzLq1Xu,sell,0.001681309,7248.426955999996,2.3195501730320547e-07,223.64265934021162,16656.260059697506
33uBqCndJmS9Essp5K7nzyqjrFJmAn1f3BngLK4xyh1MD9eujB29CjhXjYSi3QaQTpSufrtYsvnPaNzM2jd74KKJ,1785083445,2026-07-26T16:30:45Z,CN93KGat8NehMA1e3EzbtrpvUWYCxVbxgEg1iyBH3urW,sell,0.033714141,143785.086973,2.3447592312776396e-07,226.07322578841882,16837.281636587846
WafpFKdkCWPPKiPBLNPiY3m3VHqSeg94zZ6oqjD1Dsu4nBsCtJhCJHYWRg2atxe59XEMtjy7tEVgT9QnmJFb69p,1785083445,2026-07-26T16:30:45Z,TuouBnypgwNHajm8uUYLSfaVp1UfCfhphJeZGjjate4,buy,0.488888888,2096011.732241,2.3324720967916196e-07,224.8885446101142,16749.050000227035
26j2NTaXV35ZmrgCHmDWv13zM6Zs25fTLTrFbusB4hYhDJJs6cA2bESvM8WWyf39JuEQEAb4Ma1BkqQvjeMmfiSn,1785083446,2026-07-26T16:30:46Z,5q5GLnij1RPYMpyTis2eAv7KaWRyAMsXyBW7jKkWSpKs,sell,1.500728511,6515405.327274999,2.303354028823966e-07,222.08108554721204,16539.958548727536
2CdpZ96YoqywDBHWM9dqfUkQxSj3H6ziwWPCj7vcNP6tNEMi4c56uS1E2X9ApbN9ccoUMSYFg43GFHkNzJNZYxGi,1785083446,2026-07-26T16:30:46Z,BZxtqKj99iYqDZFPxiXtEsCq9ffWPLkFuTkbW4LW23EF,sell,2.626226127,11942666.508646,2.1990282698580922e-07,212.02237224836782,15790.814601567527
hmUGJnAD3xtwdhgF6e8DY5JFUMqUkoNwsB7A7LvAj2quQrZL2PKHGbS7yHaptTt8sNiYgZRG2mTV8Ea5PPGZjT6,1785083446,2026-07-26T16:30:46Z,Edn91PmYZDwQoF6wSnNrLLQoU9er7VtEBHkizUrpQ6X7,buy,0.097827159,431688.358101,2.2661523565366073e-07,218.49423451938003,16272.820232222008
2mxwaekUnjufjRAnvSLdRuxmid8Ei2ZhQ1WwGyyBDqzzj8Xv3CMYQVqSH43SYTu7GkTpXjfDPwsA4yxd6QHxBM9a,1785083447,2026-07-26T16:30:47Z,7GZeuQXMP9dKhMmAGwX47J8TQL54yfuUNWj5V7faEY1n,sell,0.622948109,2985201.364252001,2.086787566359335e-07,201.2005285527577,14984.8349040838
4qexfiZt6DVzeTiXW9dpmMHcSe5hVouhtMvYtqV33R6dAoqXqZUnJKTpM5XT3CAFQRtXdDRPvE5WFqZik1E1SrCW,1785083447,2026-07-26T16:30:47Z,5fHJszey2UdB2nETS1y6NS2wSG4ic9byKtbgJzaYzGeV,sell,0.506390082,2460423.0316470005,2.0581423417298442e-07,198.43865933862344,14779.138852994045
uNy5p1Rnzu3ysTvD4vrFw2vFKPejLUDcLtsYYXTG8qdKTFaWpbJBxTkBpXKogdpELJvdVBYHGK1TTV5Zcb14gYE,1785083447,2026-07-26T16:30:47Z,ARC5JvKVCcnitPgTmmqV9xc1FJUPB43AEWPU1iMdYM7k,sell,0.560353437,2646884.047549,2.1170305420778977e-07,204.11644716262316,15202.004109735872
26w3spXbyMwv7iDfW3CUYyanL2Rism1atBt5goxSka2Y7gTLCwaAx8fgTVniKHFBZyonmgiwMEii67zLVyPDjdXT,1785083448,2026-07-26T16:30:48Z,A4rWFozNza39oA323my8dLffKaHPSTh3G3ewHbQw2cqb,buy,0.055508813,242586.8962399999,2.2882032731513715e-07,220.62030434531044,16431.163779156417
2EZNQgRBxss5svEpfgEYpExCcJCtdfBn1j2nwjzjiPNADUXtXKtttWVeqAVbQjUYnYWNKcU1oYau4kGFeZcnKo7y,1785083448,2026-07-26T16:30:48Z,2fg5QD1eD7rzNNCsvnhmXFm5hqNgwTTG8p7kQ6f3rx6f,buy,0.045529709,197604.58235700056,2.3040816390454023e-07,222.1512390997314,16545.183382926527
2EZvBaQP61qFvDUUUj5wEFcgC1mDndQcr4bo7gE9fuTqQaKe1seP5cBS6Vr9wP2asEZRXEyfn8gaTcG1T4HQMJna,1785083448,2026-07-26T16:30:48Z,GBeHpC6j6KKGHHDmJDXMMdSKjRZouCNsc7JPwyLNadgQ,buy,1.303703704,5999910.255476,2.1728720072273334e-07,209.50047977061323,15602.991325471638
2aQoSWVV6cHHqmqjPxtFLz3WSpCqpVPk8gygrEWMC4dfRH7SqxG1Et8UxXgDyYZYWJctH6VQ1hZExqwAJKxMLZJL,1785083448,2026-07-26T16:30:48Z,A4rWFozNza39oA323my8dLffKaHPSTh3G3ewHbQw2cqb,buy,0.05563488,244303.09785300016,2.2772891743467008e-07,219.56800631384007,16352.791657647098
2eA3EA9kES3Bx9AWepCmsv4ajSZA76v5ZXyR6rmZuShX2K592SiuiiuXdmZRdycidQsHFb2d6izcV1EHTM92q1Bs,1785083448,2026-07-26T16:30:48Z,Fn8WJ5afkGJp424indxe9jqNZDjbUDPsMcCm3tP8HEeP,sell,0.101989702,440838.992166,2.3135363207979411e-07,223.06282540423854,16613.07570096426
2kkvHnZpj6y6kCn8sHRG2hhfGc8bynUD1zH1yrMZjnbRA726JT5uU1J9z7wMQakaKzqexzg1LEMiMskVHA7dSuRg,1785083448,2026-07-26T16:30:48Z,DjPpp2Jv7sQMWdAanxXi6ExiFUePdiR9RRNPoJpegnyV,buy,0.097777777,475254.114398,2.0573788640179203e-07,198.36504757207197,14773.656460990873
2kzdnMqbtjS5u7RCToJbSvqGayZgW23apnpCWQ5N51ucAjENMTbs6azWkv6WWTsPichebqiQMBGF1b3zoPRz7wo4,1785083448,2026-07-26T16:30:48Z,7NAd2EpYGGeFofpyvgehSXhH5vg6Ry6VRMW2Y6jiqCu1,buy,0.04713723,230088.153926,2.0486595765882011e-07,197.52436533505656,14711.044873342044
2vsHHDDw73vmJuu1WSqnCpAgSxAXENgXSWD7ZFW8pCLZSVFG4mBGNmaxkHDTt33WrCypNo4CA7dNwtH86dCAozuQ,1785083448,2026-07-26T16:30:48Z,EaNHi9dRgzfKUo7bDfcum71RgWS2PXmmrPC96pmDhXpb,buy,0.004850278,21181.978140999912,2.2898135234177137e-07,220.7755588666202,16442.726687995044
31EMDe3u7cKAGP2tD3wseVdTCbNUJ7ox4TDEFibhteT34nf6dHfbm3B5x8MHmEgp4Bp9EBawknaoHgByhkzc2er8,1785083448,2026-07-26T16:30:48Z,D8donLgiArJinaMx8981QR4LaTvJYDUEj1vNwrBuDB2E,sell,0.006726939,32891.22249,2.0452079584591932e-07,197.19157276761268,14686.259443023728
33pmtZabXjQmnXshi3C5LpZR6r4Xeut3QkgprPPGjyze2Estpp23EfCUyt9ka8xVVgXTB7xXeES32Mehik8NLqBU,1785083448,2026-07-26T16:30:48Z,7NAd2EpYGGeFofpyvgehSXhH5vg6Ry6VRMW2Y6jiqCu1,buy,0.050774667,245135.97663000226,2.0712858103499476e-07,199.70590516470196,14873.51966612246
36BbPUgHQ721k1yej3NNuAeALyDHbyA57F4npsYqtRrib4NcT145TJQvvmH7na7rnoSZBAwqXqtmduZ1knC3bPXJ,1785083448,2026-07-26T16:30:48Z,EaNHi9dRgzfKUo7bDfcum71RgWS2PXmmrPC96pmDhXpb,buy,0.004570154,19986.657293000026,2.2866024733413605e-07,220.46596100290532,16419.66873229386
3BGH9dB1i9oQdZhYWrvEMm1ghezJfadFQEh7My5eQzEw9poDoDMnyjs4WZP41X7k1fKRxmfmyU64DFBMyjgFDhSZ,1785083448,2026-07-26T16:30:48Z,8CCAxR3ZsLGER5qxEYM8rBdUzQ6AW9Kw7wdRCWpF82fR,buy,1.303703703,5817131.723951,2.2411452325073423e-07,216.0831378397834,16093.248707527597
3kYjee5bTRbafBWpa2kfGGnFou2zXDeVXuBZAowPAuWhCcRhdMcbZAXDRfBFkaTKVZp2aXB5img17NMdMWG7pwmW,1785083448,2026-07-26T16:30:48Z,2fg5QD1eD7rzNNCsvnhmXFm5hqNgwTTG8p7kQ6f3rx6f,buy,0.045582595,198950.01268900186,2.2911581851092712e-07,220.90520629572484,16452.38245448257
3q3LWaMVP2dB1r8KftmuFY2NCG8EuNCEciiS3KsSoFu7X6iVSSdfrEX3RQYz7EG8LJthWgb2aaUskE7SLvid77ad,1785083448,2026-07-26T16:30:48Z,7NAd2EpYGGeFofpyvgehSXhH5vg6Ry6VRMW2Y6jiqCu1,buy,0.048074694,232961.64023499936,2.0636313322444328e-07,198.96788800116673,14818.554276958206
3vvEevwfZUYrHem18K6DC2XuXqScy4ZTKudpG4toDpHhXk3pwXYedHaiYuiPhZ6w8DHbHnkgcLuyKver2KEt1AR7,1785083448,2026-07-26T16:30:48Z,EaNHi9dRgzfKUo7bDfcum71RgWS2PXmmrPC96pmDhXpb,buy,0.004740127,22900.50872000004,2.069878472114567e-07,199.5702146893628,14863.413830985548
3vwqnN11cLa1MezWCBVhdUpArA4AtJmXtKhiNfLxL3UsXZHVPas9GJ4UfpEXWHHbVLKRoZiBgxpKvN2WYJ6S7pcZ,1785083448,2026-07-26T16:30:48Z,FxN3VZ4BosL5urG2yoeQ156JSdmavm9K5fdLxjkPmaMR,buy,0.052664851,256454.13254100084,2.0535777871148228e-07,197.99856145038825,14746.36163195851
3xkgBuYZGuV3i2uHKjawxPiioo7SctKuN9t1svRTLHERaG6yCFtr7pYw2tPBbVWu8yrM1V9WxbLLxgtSV9Gk1Yew,1785083448,2026-07-26T16:30:48Z,suqh5sHtr8HyJ7q8scBimULPkPpA557prMG47xCHQfK,buy,0.045078277,197486.83034900017,2.2825966126620869e-07,220.07973036833013,16390.90338890416
3zxAjJaH4ngK7TWEsV2SQVGtfrUqSvF6xkTJRtKHn2KsQafUqdz79TKNrzKzzYkCuoUZ5cBtoPw2ymsGf5Vi9maJ,1785083448,2026-07-26T16:30:48Z,2qJ5eezwqYYvUrfFX6DguaNd4CQfqxY19NxU9DKubveW,buy,1.303703703,6191440.827892,2.1056547889901617e-07,203.01963809071017,15120.316934348517
42PqCNtyFLjBKAnojQMZGpxbsYmpG8f4t8QoMkjyvRY9GBvfbgA6nhR2qFubFkx29Ww7wxrtdZB9AUSEkcfWAK6h,1785083448,2026-07-26T16:30:48Z,CDti4ccEey6aDYQb1bHawW17hgCGQ1NfmP3WJhr3w6bR,buy,0.101066589,436844.260861,2.313561103007337e-07,223.06521481546062,16613.253657418638
47QvbEy8QEBWSc1EZEAbgVvwZBrf9to177FnKyDPQkk9TaWUCAU8hXcohKZa78aPjnV2zWC63ABbNVcHcghWSQDM,1785083448,2026-07-26T16:30:48Z,FxN3VZ4BosL5urG2yoeQ156JSdmavm9K5fdLxjkPmaMR,buy,0.050346756,220322.57262600213,2.2851383496444409e-07,220.324795478232,16409.15513127803
4CfLFMs4p7Ga2xgBEWfdV2xEUxzSTLBn95D3iFcfFf4QwvGRu6NDhGR6LXHbvwdipyQAFvH17Qg4XdRsrLZmumSM,1785083448,2026-07-26T16:30:48Z,suqh5sHtr8HyJ7q8scBimULPkPpA557prMG47xCHQfK,buy,0.050347948,243683.08002600074,2.066124081927556e-07,199.2082299324104,14836.454250611958
4FtZumpgDMxcM434TbPj1F6UhxHrduWNXWjvjBH497sokRzFGzeNvigT2Bcr2M3ucB9X3JYsoPdLoLSkMWD2cA33,1785083448,2026-07-26T16:30:48Z,2fg5QD1eD7rzNNCsvnhmXFm5hqNgwTTG8p7kQ6f3rx6f,buy,0.046505349,224817.8967289999,2.0685785996858827e-07,199.4448856793962,14854.079687896807
4jUz8M81UUoXgZYnSLhQZ9ogNocpPikK8khyWzTzp7yATSTvQ15ofSdB9BZD3NFwNP5tkP1koVXhmJRi6hkZdvMJ,1785083448,2026-07-26T16:30:48Z,2fg5QD1eD7rzNNCsvnhmXFm5hqNgwTTG8p7kQ6f3rx6f,buy,0.049355855,216465.20691599697,2.2800825917096868e-07,219.83733753804407,16372.850670206568
4mxCohJuiUQLn4Rq7duN1bjPXC1F4N9xKFAemEBJAmNr1fj8xob3gBsncQtu6jF39PigHpYpzr5zVT3YVjz11xPt,1785083448,2026-07-26T16:30:48Z,FxN3VZ4BosL5urG2yoeQ156JSdmavm9K5fdLxjkPmaMR,buy,0.05060008,219365.69676299766,2.3066541736773113e-07,222.39927360789335,16563.656277516104
5HVUhLk9bCkfbNyhXbrLQC5oZNFGo2ZcKqbF3kQEioQTDGrxQps3NXCqUscdrLTMPHVNhS2cSqmP9khUb5BtnVon,1785083448,2026-07-26T16:30:48Z,2fg5QD1eD7rzNNCsvnhmXFm5hqNgwTTG8p7kQ6f3rx6f,buy,0.048234979,235723.2904850021,2.0462542713007372e-07,197.29245447696536,14693.772821693085
5WtGkRqbcMGAPwUzx2bpnPjmYLxYKCt6ErvTckPGHCw7UcqB158Moi31affJbuU5QUJSoJreskNBK6zCU6TKg8Ht,1785083448,2026-07-26T16:30:48Z,suqh5sHtr8HyJ7q8scBimULPkPpA557prMG47xCHQfK,buy,0.047518495,231679.07533299923,2.051048198103357e-07,197.75466760401264,14728.19712191299
5dS8tWFk61BkFBgCeh4iodkc6XKQk9heoevA48yap4aucFks1Ah7w6ZDBzU5JWKSoUNm86iuLSQUe9dQpZMkuyL9,1785083448,2026-07-26T16:30:48Z,FxN3VZ4BosL5urG2yoeQ156JSdmavm9K5fdLxjkPmaMR,buy,0.050754962,220766.93898599967,2.299029113377285e-07,221.66409280303142,16508.90213216296
5x1u4VAGeB9fmz3sHNW56m3rnxXzqaVNeWsAGTZMHBbvR9cqTmpzYeVhXsBhH8z4wEeSctk27C22wfBVJSE7QDsq,1785083448,2026-07-26T16:30:48Z,FxN3VZ4BosL5urG2yoeQ156JSdmavm9K5fdLxjkPmaMR,buy,0.050627565,245629.78526499867,2.061132974788878e-07,198.7270053887366,14800.614034929551
SaaarNYmo1nSS116HLRsATaj9QA1n4p9mbC6wihHWR3AsLPSBXcQbCH1Rhjz69vgXdAQxHVaJa5U6g8kyFxQZB4,1785083448,2026-07-26T16:30:48Z,7NAd2EpYGGeFofpyvgehSXhH5vg6Ry6VRMW2Y6jiqCu1,buy,0.046334426,201311.83366199955,2.3016245571432732e-07,221.91433612725095,16527.539533000083
UZGGSL47Bd2Kzd3izpmF4adVSXhAjnNsphobfYXr52EEiAFcLZuseSvDgVK2uXpr5FhMG3dxK99chHGeLMCgmnd,1785083448,2026-07-26T16:30:48Z,suqh5sHtr8HyJ7q8scBimULPkPpA557prMG47xCHQfK,buy,0.053091342,229889.30606400035,2.3094306955374235e-07,222.6669758286649,16583.593966599594
iscDUgkqtaTt2TNjDYQdd64sRnJiY23658W5Sxag53vg45FPPFrzi75vRuxBDg6g19AAvzwV391VhHR3NezEhVV,1785083448,2026-07-26T16:30:48Z,suqh5sHtr8HyJ7q8scBimULPkPpA557prMG47xCHQfK,buy,0.053358229,232371.4142399989,2.296247547251673e-07,221.39590423237877,16488.928221143444
trABxDqfzw5ydpX44N8uAFJ9Jnipj7aXLUWbTYdZVxqnZmRVGKkRDJrGQtxhHk6tFygKPebEwi65UHcQBrrtcVX,1785083448,2026-07-26T16:30:48Z,7NAd2EpYGGeFofpyvgehSXhH5vg6Ry6VRMW2Y6jiqCu1,buy,0.045859769,199946.81201199815,2.2935984094234074e-07,221.14048392038887,16469.905253192766
2Vv8n4wQaSzVjBzUTc6GpL5xNEn41vqx5KmANk6jFgVvCy4yNzdhGZjdnC7d9mkuDqWYVBXgKdQprzXFmD4k9zUN,1785083449,2026-07-26T16:30:49Z,39gT82eGG6ERqn8LH9K8kuK51f2awTxXrN95vJAEExbF,buy,0.098765431,425277.417494,2.3223765696750974e-07,223.91517030761787,16676.555890357136
2YJKW9e425q6KHoQ22bA9cm1STPxq78fXe6mq7jgj26UyRKR2SFcrC6fcvX7RGaj3C7RhXTctrzdK3tyTNpkBPPJ,1785083449,2026-07-26T16:30:49Z,7GZeuQXMP9dKhMmAGwX47J8TQL54yfuUNWj5V7faEY1n,sell,0.506977523,2238901.023189,2.2644034629002124e-07,218.3256125045196,16260.261751028878
2YMg5ite2gPqspjFEci6kHJuzLij1E5GJbfxUzUPk6sBTC1BzUyJRysEG9mQSrMUv65pkAc6JVwqhYQnH4DFwg9k,1785083449,2026-07-26T16:30:49Z,AiZmc96qy4sDHSRmZQYJbRnykikbKGCt25sZQYdZ52Rb,sell,0.301892158,1345922.0278740004,2.2430137240332166e-07,216.26329105166886,16106.665999007704
2ZfaxYHi5X2Nmts4fPKxEkRVCeeNawuzSyE9ZT8hHpMy6qprfATqp98gg31KpVX2263s7gjoVH5ctL655CZqTKfJ,1785083449,2026-07-26T16:30:49Z,EaNHi9dRgzfKUo7bDfcum71RgWS2PXmmrPC96pmDhXpb,buy,0.004474277,19334.249729999923,2.314171515565718e-07,223.1240685921274,16617.636916911928
36oear7mvBLEkgUki5b36V91ML7VfLbxDodHBefRLdmWUtfpCnqm1uKai3PEf3bCdCvUdNBtMEUowGuJgHkEA92J,1785083449,2026-07-26T16:30:49Z,A4rWFozNza39oA323my8dLffKaHPSTh3G3ewHbQw2cqb,buy,0.050667719,218549.35453299969,2.3183650717371243e-07,223.5283961488967,16647.750066857112
37RCVj896kiATUoyBMgQKy2mhFM3K4t5wcvFEz8uZNQArMF5kYpx4Z12zMSmz7CTWivKtmYb3xB7NCntmTuWHT9z,1785083449,2026-07-26T16:30:49Z,A4rWFozNza39oA323my8dLffKaHPSTh3G3ewHbQw2cqb,buy,0.050608337,218549.35453300015,2.315647973801649e-07,223.26642336855232,16628.239089967232
3KkR1S3e1AZKeyNkQKxfbLTdVujkHcQfman44M7qEj85Kuj9BkQMWu8LAELj7UmUWL6A5q7wvtuNHmB6A3M8R5u6,1785083449,2026-07-26T16:30:49Z,9fwGq3uqfedVbwuRLr14u43DFVRWiLRYtcW6oFvTfwu3,sell,0.436508277,1980120.7563170008,2.20445281232191e-07,212.54538706236787,15829.76723601911
3UJ17PxQKFLwBj33omPxKfxn5pBwhh147RXMtfHbLigQhdSrYtAWAXtKTiGb3kNgDsMvdTj3kBKdk3MkVz74pHKj,1785083449,2026-07-26T16:30:49Z,ARC5JvKVCcnitPgTmmqV9xc1FJUPB43AEWPU1iMdYM7k,sell,0.454598926,1985163.035662,2.2899828267676923e-07,220.79188248482197,16443.942423985154
3iLxRsYMvgevnwbnDTjg1KSnkUPdDTEAxVQFE9pvM8yGgHQ7qNUVa7pDesFvJJcWiSdhzwb5qpFDz1CZA7iFpaM6,1785083449,2026-07-26T16:30:49Z,A4rWFozNza39oA323my8dLffKaHPSTh3G3ewHbQw2cqb,buy,0.056099358,242586.8962399999,2.3125469211040525e-07,222.96743105525474,16605.971005064166
4tHBxxZY66Wa9DNhP7C9yti1hgnY7tL9xvb9NNQ8nVJiBtxbUPbTpa5yFzrBSPBpYZG5yw8Rtd94WNqXJPJxK9qo,1785083449,2026-07-26T16:30:49Z,BaiyK1aJeypxRszgWEUvAanVjNhdkDhk1Zbcu49XVeXq,sell,0.364219341,1636601.364049999,2.2254615509954622e-07,214.57097385111797,15980.627096237393
5KNtZ1KDdnsbkGn2MwStfm12orsC8f3QRdaenYPmbezNUMUz5FnMQJN11Mrvm33Ku9pcsw2ynKQqjAar3SZFFmix,1785083449,2026-07-26T16:30:49Z,EaNHi9dRgzfKUo7bDfcum71RgWS2PXmmrPC96pmDhXpb,buy,0.004479473,19383.902314000065,2.310924254279125e-07,222.81097937416195,16594.3189352187
5pG6V3i1wtk2b9DBHR4395fBKwWaddjPaRqyoRCubSEHXAgkyUR5s3ptQ6HwA35xWQNtJTJesmHBpaAoVNZJndGt,1785083449,2026-07-26T16:30:49Z,5fHJszey2UdB2nETS1y6NS2wSG4ic9byKtbgJzaYzGeV,sell,0.426924698,1845317.273736,2.3135571539719836e-07,223.06483406371896,16613.225300127386
27QmDy5HmNJjpu69W6aPaSbVjyRUMDYaqoisd3igFmUy8fxbz2uKqikzxSdgfrobkPBWvrSELBi64PrGm96KzMYJ,1785083450,2026-07-26T16:30:50Z,DWbqhUVCCUiCJDQx3nWqhG4UxMMZfYtraj5iW9p6B8ox,buy,0.222595461,964737.735394,2.307315789913533e-07,222.46306425844773,16568.407221133686
2H1TpkXTGRrxp5qLj9sCkmov8uYqvwCnBACBfeEd39PiyXXKzwD9k6srxNDYYwYVPR7GVxzfgJ9DyAhusjzAmfct,1785083450,2026-07-26T16:30:50Z,5VqL3BXB5XLidG2HvgzCVnVLVtPuZX8SeeRcvdqFtXbt,buy,4.888888888,19625225.123647,2.4911249971391346e-07,240.1852848825504,17888.307084698372
2JCrg8nBdbY2LswDxowzZ1UsALCdESs5WZtVf8DPFnQTFdDBVqdYXaLUbYfjvrzcCaseCzRpAojHJBb79AKsaQXy,1785083450,2026-07-26T16:30:50Z,4mBz61bMYB9QVEnjfWsvoMoTizGA7PR9LKrPQ8LWJzzF,buy,0.199727788,892052.16819,2.2389698172614e-07,215.87339215011124,16077.627453676087
2eYUSf8Qy7NKNSAaLQDkUPCkHqu6b9f9TKDbQvjFNYpe75h9hEnrzQmJUjJ2FDts4VxiZvhnnJyE2jSEtkcduKEJ,1785083450,2026-07-26T16:30:50Z,AXK7nSEeikjmW3vWmSNy6VkRTLXvTXHYeMYrKCqLW4FC,buy,0.220054148,948843.786132,2.3191820531075998e-07,223.6071665451782,16653.616658719955
2xtG9Vf7NjwfPs1aB62kvHDyDHsy5K5yjReTwmFEsndwpo7y8ZabcGHwQmwLeT12FCAHYSkFMRMYTgMYrMkGaibR,1785083450,2026-07-26T16:30:50Z,HwWgT4qXsTFCssX1r8jecbkMFsz1RnGeTvyZ6bn7rvcL,buy,0.234305686,888332.714963,2.637589295692651e-07,254.30684414336596,18940.04007781558
3oSL8LyavqyBrqLt1VGeyQYaccQw2h9aJCXF9gn7Am54SoZ8g6KfhEzFJgiLffzWpjmGP8vvxiuJxrUnv437xDgC,1785083450,2026-07-26T16:30:50Z,HwWgT4qXsTFCssX1r8jecbkMFsz1RnGeTvyZ6bn7rvcL,buy,0.205948973,901175.155147,2.2853378926808688e-07,220.34403469790416,16410.588012854158
4C6PoaCE2acFSWQxGDgALGAYgKuXQ37ABhYBeGR6jWqdbxKr3XDm67srFx7LsZZnYjZqSAtNq5nA2cZZZopEZwtz,1785083450,2026-07-26T16:30:50Z,9cVAhv6wSJRLXCiMTEXaVssAo8ydwYipFVMJNzg1Cwhi,buy,0.127195218,582327.229755,2.1842567460483394e-07,210.5981552145099,15684.743025744858
4WBsJf8X5XRNeaGknjwJgerTkoVLetjnyLcgK6FofxGq3LABXMUjVfsrhTvksogt72zMXGRjoPpxoGqpTvnoPQh7,1785083450,2026-07-26T16:30:50Z,21rfafknVM3aVpxZLzC2TyWmKsrT7X1QZdwps6f9sxaA,buy,0.197172637,858731.451472,2.2960919465802177e-07,221.38090177700445,16487.810881549172
4rvFGwSJMnWgXDpSYvmJXHZeSuqRJ3gKG2sLeziijhfVLBxuaCTtDDsNmdAgUQ6EoSbiahcz3UKx1tMFWGfSmiSj,1785083450,2026-07-26T16:30:50Z,4UvPYKxeQV8qFZXpgbrLoZGDFgtmYKSR5wvUo9K3fKga,buy,0.624483471,2666590.8458239995,2.3418796024818321e-07,225.79558236889096,16816.6035557013
4wT1QrwXUZEFM5JvTyXAJ6Puwft8eh3zXDXYihe5MdrCAJrhpbL6g1GtbNVSsPMgZ1KFtWz3R8rVc3mmZg8stwhd,1785083450,2026-07-26T16:30:50Z,8SuAiRmz9gVXMMLXsrjTCfNry7qsAGHXXV4qVstpu9EY,buy,0.878790713,3975562.263171,2.2104815742441832e-07,213.12665853668295,15873.05865846078
58fkhVxZpcFNcBhDVB5XQRABPnpt7rr1e4GcCwN67rU7ovqnoytsT6yh1SeTJdx6NWg2hnA3oPen2RGExo1tpcjK,1785083450,2026-07-26T16:30:50Z,EsyZLvAWJpsmxDY4kmnnjABALEjbBetAvbYSbjdFJ4q8,sell,0.429896088,1970338.812094,2.1818383993721518e-07,210.3649869527679,15667.377326299593
5ST8Hcazdt22sHgPeYvosXaPxqiP9hgXuszPRtWUwiMSEZ3h9d6qHsP9BnqEvvvn4p2ifH5qdonk7QiHhFXKwmER,1785083450,2026-07-26T16:30:50Z,Gg5KQdWQZi5Peam7MUwGCpsG5E5XzPa5tu6riW16cELF,buy,0.209983646,928348.670271,2.2619049579583323e-07,218.08471567199007,16242.320449928244
5qBsxNdVNvu8ReSNraxJLB2wQzR8JZ6xDDXSm9DvBwviCyrdJNksr61aKTLfT2kVFisAjrEH5p146GfMRPPhDXKb,1785083450,2026-07-26T16:30:50Z,ABuKAMp35w6NGPJSxuCU6BvB7NxFkBzZDyyTSzcDpbn5,buy,0.228860549,1017028.54451,2.250286388080327e-07,216.96449508118016,16158.889652155563
8XoPN97fUqjYpiLU3R67Dk8mQRPJz8atqVBf7n6F7ZnXrv3E8hNswb1a1yHxYDe8XQX2W1Q4gZcyow5sLG5fV8j,1785083450,2026-07-26T16:30:50Z,HGX7UUFYW5y2tqp4b8sXTYw21hkNKVwaQokTNYZdJTjL,buy,0.00148148,6632.494157,2.233669513958684e-07,215.36235602780152,16039.566957623134
KaHNCytgcriFdADegXViGnvSD449eL2R4p3jSeGQybT8mzSqxuBPRAixkLNsfW9i6q5c7Rrm8LKe2XfSE5rWzKJ,1785083450,2026-07-26T16:30:50Z,2x8MqmXwu5MrdJAtP5JZxTaM9VugmS7eeXgU9CrQW5xF,buy,0.452281372,1702054.197589999,2.657267745295078e-07,256.20416925922075,19081.34737867091
b51TYwU6LkLBvTJYcR3GR1NFVLEvnxxjRJw9azxcbSo5gy1tdJ4Jb1sgrxq5Tt4zEYF6b3aVFG5uKNFmhvMSQ3G,1785083450,2026-07-26T16:30:50Z,92dpPnZkPfjxj6DJpeDFPkrycdXSqWJbbw6xik7WV4Wk,buy,0.232889741,1024294.898989,2.273659092023859e-07,219.2180068726799,16326.724709016136
stdCHETdAGVFJrKBqAWZFC2d2hJRDGhnjiBJxhKTxGXCubBjxRpZqj8QbdZEfkQkoTpznLVnC7YgGkq36gAiwpt,1785083450,2026-07-26T16:30:50Z,3KVdcRx6H4QYLs3A3fT45cy1VSTbWbrMfXJtcUfTJSyd,buy,0.197530863,907852.1318,2.1758043637387866e-07,209.78320700625554,15624.048034315607
122ZEjA5Gzf4KTFiGWqeB5VbukMb3MoNchRPcHJbGRfA8FKpEfFkCGgVP9euzTsdfLQvcVZ6RGcSSCBbyqeSrhvL,1785083451,2026-07-26T16:30:51Z,CN93KGat8NehMA1e3EzbtrpvUWYCxVbxgEg1iyBH3urW,sell,0.038854837,143785.086974,2.7022855998289964e-07,260.5446283804804,19404.612251819322
268EKmC969Tv38z7TaF52rdGp2vtMNeem2Pi9VRBUJYtuFkwhJ12nnGGPQzmPSe5bvTwB6oL2Z3sCAGA9K8rdZcG,1785083451,2026-07-26T16:30:51Z,9oT5cdy1XZ76dzy4z7t29jXPSadq84RbeeqeeJfsEkog,sell,0.519495829,1929905.117117,2.691820568754447e-07,259.5356278394268,19329.4648024832
27tswPyX5CvWQCx2uC29PPsaP2JLBgi6PtixesBVGE2YztXC7osaoa3UAQspcajtvRc221JmAXHetsnG1QY5n8Cb,1785083451,2026-07-26T16:30:51Z,HwWgT4qXsTFCssX1r8jecbkMFsz1RnGeTvyZ6bn7rvcL,buy,0.206426439,765270.955697,2.69742941977968e-07,260.0764130199804,19369.74092256827
2EnN7fWoGVaQPZ4Wxp9fFEtjqQBpFedxDu6PLFxXdEXVJHbWnmEjZGw9Gb58LYQ3fUQqN6ZnnuxBVeY8Ptuz1XzN,1785083451,2026-07-26T16:30:51Z,9fwGq3uqfedVbwuRLr14u43DFVRWiLRYtcW6oFvTfwu3,sell,0.451233958,1715378.6111979987,2.63052107012611e-07,253.6253513345894,18889.28445952127
3amnJFbVLS6ggVJdXGzmLeE3UJa4n84F9RRiYhw2zuYfwYRrTjBXCzkux9xFMHr5MX3quPYkHLPitWvdGUnmRshC,1785083451,2026-07-26T16:30:51Z,Baf7AGwsnTWW4ps6B3zs48wVj8aKH4WCR9h7ytcQS3S2,sell,0.104974192,411386.0146260001,2.5517199969822575e-07,246.02763615616885,18323.428552403064
3ovAiSAUDotu1Bwr1es6Wfe1X9MM9Nkf3zrWdRpUjxELdQB6VZbm5AmdTgpZS2meHE1eSnUjJgzrH62QDQveBPmt,1785083451,2026-07-26T16:30:51Z,8aQh7Py8R1ET14WGTDBq2nXdoR1EfeL6Jz148p8mhc3n,buy,0.098765431,365253.922844,2.7040210884246337e-07,260.7119579296729,19417.07447389826
3zCCRx9rXK9S1Haq7WD168fWvy4fWicx4GJTHB9MP6WyqzufUUL66coFyGoTdva4zRSjPPqipa8tTmECUJVrpwfg,1785083451,2026-07-26T16:30:51Z,9B4UcQwAgb129HEGDmrhLRdCxmB5TkXkiX3Rwma3gT5E,sell,0.580723372,2183093.8347,2.6600935001944286e-07,256.47661835201546,19101.63860108798
44DhPkQPBJBu1A4WJaWv78Rodojhm9g72ni9etb2F1Vp7B4Q7RWZ2a5ZxiE3NBjVEi2FJoac9xdtsdgo2HcbXV4u,1785083451,2026-07-26T16:30:51Z,5qZrtvrof9PvJMGoCYH2XcuzuSV25TvdDMoM6XnwfaNv,sell,0.031399423,121768.64434,2.578613170097152e-07,248.62057888421936,18516.543446161373
4GCVHMP7brvxcNNix9FbJzapDg6eQEXdGUwkjY7pxUjFZP81QFcsZqDoeEmHMY5R2Z9aNzYLYxAtpLBuamCwgLGd,1785083451,2026-07-26T16:30:51Z,8bpe4gWuAvniwHt8mxtzrKn7ixLviePa8ymb6PP8ftXc,sell,0.013267707,52006.879645,2.5511445967467444e-07,245.9721581413575,18319.296709913713
4tjTyRo3qZBgVNedSBx4aa2aJFGmbju3b8YHLc63fDKwBcZf295TmRF9q2bdtmcLP3vWkVQ1pz82er56FHdENbCk,1785083451,2026-07-26T16:30:51Z,Bjo8rLDTMp8KA88RUoXz1VoihSKoW6nRHw3mH3zodtL6,buy,0.146666666,545793.399228,2.687219490148715e-07,259.0920084397765,19296.42530943701
5LDK4PCH5XAfAhNnY9qkhaYkpKaf7TSuuFXHiTKw2tSMCJk6pjD6bHjhNH2eBNYVTbY4KA3rDdZf59Ke8dzU1xLq,1785083451,2026-07-26T16:30:51Z,HwWgT4qXsTFCssX1r8jecbkMFsz1RnGeTvyZ6bn7rvcL,buy,0.220054517,822132.0682799998,2.676632204122396e-07,258.07122051733796,19220.399969941875
6WU5wpFZabh6vKPFZgPtQiMuVBfi2JTLyarNfKX3kgjsJpVwnWAT1iVA2h8eMDcpLgi3H17pzhiYNxYumVWUPeB,1785083451,2026-07-26T16:30:51Z,5fyu4QvFMBcfzzBc9TgpvCHq4E1atgQdy6Sa6Ee9mzrB,sell,0.032040641,124341.890275,2.5768179114164593e-07,248.44748651906093,18503.652026174987
DhGvqREx6CqPPmJcba1vBDNW9jieBo5TWbAyKCtb1BkzaTMHtbD3CMQwk19smgW1Hm68E9vBVY7rhGRA8q6g2UW,1785083451,2026-07-26T16:30:51Z,HDp472dUvzYGtVSarR4EGLkcMJP74QFRMTsT9YA6ibCd,buy,0.048888888,191710.46577699995,2.5501418402930685e-07,245.87547598178278,18312.096101596137
MZEAm6qgpAwX9yFn9Zk26WV5p2zTfF1nnxB1tNtu387ywXhpf9Ni9rWczhnVNeVv5AQWBiCLXoPsfEEViZ8xME3,1785083451,2026-07-26T16:30:51Z,7AuNf2QqJG8SJtXYVYmuAzmVfErB6ijYpPSxbp2BMm2T,sell,0.376098424,1466114.920859,2.5652724670426454e-07,247.33431642554703,18420.746329100264
ZpbToyjXNHyixHHQ3ZNpJwkUyQ2Mh8gdypQWgKNbQp24FSTZyxcCRFW9gK83n2jSvyWpcmhJFWSpddd1fAgECXS,1785083451,2026-07-26T16:30:51Z,BaiyK1aJeypxRszgWEUvAanVjNhdkDhk1Zbcu49XVeXq,sell,0.369633269,1417787.7616770007,2.607112848560542e-07,251.36841506211147,18721.19435719705
jhmtxy5FrtTuss8WSVjP58hiiLN9EkGBcUsXumRfitPPmEAPYuCKtRgm97MSAsgAnMaSR1FNdJv7LscrRxHgRtV,1785083451,2026-07-26T16:30:51Z,AiZmc96qy4sDHSRmZQYJbRnykikbKGCt25sZQYdZ52Rb,sell,0.301758775,1165972.2527470002,2.5880442205126594e-07,249.5298867404657,18584.266071945953
3MZUxpA1BT845LdESssZ9CuEYMQ5MEKoG45XfU6mXi2y2MpWfD5jmFZjHQbumqrg3hM88eBe6YUJtJPuHSVUDsfR,1785083452,2026-07-26T16:30:52Z,7eDUBD4AQ5GyhDh7RSLrBbebRGAxNpfPF5SSvgMn76vg,sell,0.097509897,382687.949701,2.548026324742809e-07,245.67150560466558,18296.904976361973
3a45YmTnc4jSVmdZqmqtL8XeUS8FdWWiFN6PQBEzPA5PBDJJ3aKici2q9dSid5Y2pzPUZZQ1YRkGjKkCLpU3Kivv,1785083452,2026-07-26T16:30:52Z,7XLv9c3YCn7B9dh9oe6GqfD8ABCudNkj3o11dC9mGQsf,sell,3.189292973,12987819.571798,2.4556030789997207e-07,236.76038968954003,17633.23077152858
5bH1eHN5pAEDFMXLEQHgbo5wRdD5t6Ssco8FFuRDp2X1GTNQskCYC2ZHPySHV2vnuYT6GuQmLjMhQHomPaQdMdc6,1785083452,2026-07-26T16:30:52Z,J9R7WdUjPYYj5NhortVQJfunPQGXpVhFXotzVJbZsxRd,buy,0.098765431,416422.357792,2.3717610054293155e-07,228.676639436631,17031.176374271246
2LSgQrKYKgymmgdrw6Dyapd4492io9BE6nsNmjVTJKfU4189YehztSSgTj7wYs4mCQphuk4dJqBaMDnQvb2tZ494,1785083453,2026-07-26T16:30:53Z,N1Gv262rmK1Bpnf4c4PRmuzsaYVGohbFiFmZWAqRdN7,sell,0.152673259,644110.284864,2.3702968666652488e-07,228.53547245923772,17020.662665061023
2Xj8srJ7YPxNg42hEMj2tLaZyn33C9345Ap7XWUJgwjQnjEFJuxVD2xtVG6qqGRUqegVFP3aszSFPMuup892EXZq,1785083453,2026-07-26T16:30:53Z,138rfRUFWt9EfUnVoCjN3f9wTMxocWZhMVXkWUofvqF9,sell,0.129934838,549957.350902,2.3626348077153682e-07,227.7967243780385,16965.64283925785
4ubhE8DXspMqqKEQt11EFeJez9cUaRBSaDNsSj3ADozm8LJGEi4JZUnQ2uWU4CoUJr2cPq8vtuGZSqUHGLz1c6zC,1785083453,2026-07-26T16:30:53Z,8Seb6smpmCc4ron7zDuMmgj1j92LC9kUAYtj2Cx8b2rw,buy,0.488888888,2240430.252014,2.182120543857685e-07,210.39219030615791,15669.40335357854
5WfPMvzffUeBCvt6EZ1ioApG5r3sm1KvoJxkkuQnKWySBu5UGMX2HX3N61mQ6V7yMBwQApdegK2e8QcDFwHcz4EP,1785083453,2026-07-26T16:30:53Z,HDp472dUvzYGtVSarR4EGLkcMJP74QFRMTsT9YA6ibCd,buy,0.048888888,225485.65244600014,2.1681595910723425e-07,209.04612560614075,15569.152338111237
CAcNuK5M4mN8UfaLiBNb4dSLN4m171rraUmiSw8ZpWyQMeUwSXnkFer5aHPGqPxQimj8R7XU6Hu7oJ4bd31Gp4f,1785083453,2026-07-26T16:30:53Z,SQHK48QT8SY1vYN44iXji7wQ6CJek8AjfX6mBp47TZq,sell,3.625752648,16036325.398163,2.2609622578594838e-07,217.99382392947984,16235.551095168308
X7PyBxSPiPkeSaScvqwhquxkSFbKdGHD6ELMxuy1Z4jzUevmYSD21dFkuVxwz9Q8qGhGhLWsnDua4eSCYHgPFTG,1785083453,2026-07-26T16:30:53Z,Bjo8rLDTMp8KA88RUoXz1VoihSKoW6nRHw3mH3zodtL6,buy,0.048888888,222610.45362699998,2.1961631721894286e-07,211.74612986769458,15770.24086601288
2C2EFZPHYt8KJpxKzafeLCXc49UEU5Wwtiqewi3eJSYNvMdPFzPCsZ6rgbCJufVQBNvrKt6Xksj3YPr8ZMf2xypM,1785083454,2026-07-26T16:30:54Z,7NAd2EpYGGeFofpyvgehSXhH5vg6Ry6VRMW2Y6jiqCu1,buy,0.04455427,199619.67172900029,2.2319578834137146e-07,215.19732678578066,16027.276055785964
2UTGo9Ks3SEoNwxxj2TK1aNdHSZyjxtWydZTUkd7BJDzjkQegQQjTaedtcC34U8Mv8zreqizDGAFSDU5qej4b4Cc,1785083454,2026-07-26T16:30:54Z,8V8gGuCZpkKbfymsJLh2KkfQWV7ynXnwofDBS8Kr6uWo,buy,0.197530863,881388.032643,2.2411339351598445e-07,216.0820485902956,16093.167583368226
2tiddU4jtkiaKcH2kLvB9GZeDxKcvWRScPvfHghP2X9Xqe6NqWX8AAzHQbFqakdiJMd1VfEho4dttneZ7dWxioaW,1785083454,2026-07-26T16:30:54Z,2fg5QD1eD7rzNNCsvnhmXFm5hqNgwTTG8p7kQ6f3rx6f,buy,0.051748546,228924.73226900026,2.2605048168929324e-07,217.94971912181492,16232.266296335576
355BK4TRTeUVuvK9HwiJzZT4Jywfm5uJTakPYx8LDmHkA8v5yVtEGbqLhCeDkdtAcVnyhN1H5j8N56VmUKFWPi28,1785083454,2026-07-26T16:30:54Z,FfJMgsayZYWd8MVS3fKLkZJdPQ1ZnvtHPz7wQmhULNcH,buy,0.537777777,2431742.660711,2.2114913131587816e-07,213.22401391994887,15880.30940653663
4Gyp3SGUs7KTAUmYUU3DmYPgGHXzYrdeNS8m8z5RE2YfF975BExNnCGEuqZCJZxbgeemHgxD8iKB6jEApbQiQbb8,1785083454,2026-07-26T16:30:54Z,2fg5QD1eD7rzNNCsvnhmXFm5hqNgwTTG8p7kQ6f3rx6f,buy,0.050720965,227504.40868099965,2.2294497629327053e-07,214.9555028576587,16009.265707280272
4PGmiyuEd5nbY9rkaNQxGW2BW3KHNBYkU7N4EycPo3xnEahiMZ4qiyEJsUibR3nsY8hLe7ZQgS4mESHBizuLCJ32,1785083454,2026-07-26T16:30:54Z,FxN3VZ4BosL5urG2yoeQ156JSdmavm9K5fdLxjkPmaMR,buy,0.053071189,237505.01184399985,2.2345292247920515e-07,215.44524624473812,16045.740381842706
5LUUyUQ2kuKdErdbZGREL9mB9ucxDVR2xCJyMtTWwbUhdJu3hKgeyypmzR31A7wxS744YCnEKr9AmmwK33PbZxqD,1785083454,2026-07-26T16:30:54Z,suqh5sHtr8HyJ7q8scBimULPkPpA557prMG47xCHQfK,buy,0.052798587,234356.52478300035,2.2529173040472513e-07,217.21815850703933,16177.781772295832
5Uqeb8xH9gsfboBLH1xg1hFnXbiLrtXSHFD5rqMWXYj7CgPtCSAqcq7EtXP9dx6kgKm52oKr5GRXxhwJehu94TQm,1785083454,2026-07-26T16:30:54Z,BcKF9Hi4auwcjpb2KCjk2UBDas9ekgvAKxWJsDNShieA,buy,0.097777777,434773.690474,2.2489350009518854e-07,216.83419920971482,16149.185591551766
5bNHEEkXhhLMVMoUSSqyWtvpqT9NoCzmDCgp5nHU9rG44MHFJgw2rBVxPw3WWSqomzccRXUb277i7ofXbNY5pMgr,1785083454,2026-07-26T16:30:54Z,suqh5sHtr8HyJ7q8scBimULPkPpA557prMG47xCHQfK,buy,0.047209131,211997.38251199946,2.2268732962930746e-07,214.70708923949792,15990.76457767171
5n5X93VD3PoKwNFmT93gF4sbCutDFVTtT3HzkHAawvwSQPUURCJ4BAeTjpyeTymjzL4TtWiBUqykbEz5ARrrmgGT,1785083454,2026-07-26T16:30:54Z,7NAd2EpYGGeFofpyvgehSXhH5vg6Ry6VRMW2Y6jiqCu1,buy,0.04617952,204738.50805499963,2.2555366080715325e-07,217.4707023512818,16196.590509227273
uBVAR3xXzWt1dNxVDAfEYJLywhvMKXu9iMjTMr3yqZdvsoiQeNPZcVaJtxHmT81JVS7MzyBwPeKmBdUaadu76J5,1785083454,2026-07-26T16:30:54Z,FxN3VZ4BosL5urG2yoeQ156JSdmavm9K5fdLxjkPmaMR,buy,0.044828902,198538.38755200058,2.2579463121840125e-07,217.70303732821125,16213.894148023724
2gU5Acebs583XM7y5ycbYsTAzrScUZB9u7G7wbggCWLzEBhkoxnLrmCv35RK4Qkswqb7G2qd2AUc4yApvEvcZefd,1785083455,2026-07-26T16:30:55Z,7NAd2EpYGGeFofpyvgehSXhH5vg6Ry6VRMW2Y6jiqCu1,buy,0.046691608,205823.3353030011,2.2685283926267807e-07,218.72332334706425,16289.8821071878
38ywqTrTuzK5FPGpteVA7BS3XV711HyvAvjpZjGv5CMqWas21uRVZT2kxcjkYG2HK6XWbSyTXfDdebqYuX7TnD7E,1785083455,2026-07-26T16:30:55Z,suqh5sHtr8HyJ7q8scBimULPkPpA557prMG47xCHQfK,buy,0.047567319,209452.49867999926,2.2710313459985582e-07,218.9646490811557,16307.855351639386
3eqPkudHT21UUfwy354L6dsxN7eFYQG8ai159JTYnSUjPeNBLqW8zf933tM6XVp73atkwCW1M5PR8Wg5bMWpABAX,1785083455,2026-07-26T16:30:55Z,FxN3VZ4BosL5urG2yoeQ156JSdmavm9K5fdLxjkPmaMR,buy,0.053145692,234547.81852299906,2.265878759166063e-07,218.46785524798145,16270.855580192308
4AmPzC7txXe3rCzcmmgnhcwfVp1eruJytGu51jAKNuWiSLfCkrHLTQoAuykMXAZa7cENVa3zChCiS5KwqkQugedy,1785083455,2026-07-26T16:30:55Z,9AE6Ung1QfbWmuiMLAfLxVAUXLYw4N3qN7xvW2aAmWbY,buy,0.148148147,640197.117656,2.3141020619153293e-07,223.1173721217279,16617.138183115854
4sP6463abQ4fXrndJMuxC3NpcHymN984c93uAU5JuWGqzH36aJ7FQxkX6fsKAaimhtM1FaXHX7qBLuD1PE1ZcS91,1785083455,2026-07-26T16:30:55Z,HZha12tyuyqTiHcyyLFjbM6WwnD1V9PQoMtqWbWMB88M,buy,0.098765431,428750.85091200005,2.303562332061035e-07,222.10116939382544,16541.454335681505
4uTAaCyd9cs1SPH5V4GVnbdjQ6XgH6A5mh7pWX6ZYbcYQ1DyTTZyCrHXm4CtJo7Qubo4F58ZyACobeFWG5cAmKS3,1785083455,2026-07-26T16:30:55Z,DseHez8pmHoPimNEf1Th94ffBG8GLqWcKETDhd6CCiwR,buy,0.049876542,215039.21533,2.3194161085204515e-07,223.6297333236733,16655.297367277224
5iJWTL36snZnMHtAdW2wguedux12uHzWt9rVM8LKurQqfE8ngLqzC1xj8xhK6Ydk9qQp5TyqkxWWdXyNZfEES9ef,1785083455,2026-07-26T16:30:55Z,Doujx7cveDxFHnR11YfXFGyzdNRNdLJG6CHKTxSv8oXS,buy,0.048888888,216019.274253,2.263172495558972e-07,218.2069270744924,16251.422402607328
5xuzVSR9tT5NNudM4yxMfZc3G3dFCZxbcmWPwZNNrGK9pp5ufxkqsv1HdauxDh5KbJvCs4jSjeKms7CKQhEB17Nq,1785083455,2026-07-26T16:30:55Z,ERNxja1crsFqm9F4T9oDz3KoLYPVUDwpRyXzJ3PMQ8Ci,buy,0.488888888,2136891.292438,2.287850999861682e-07,220.58633942563048,16428.634169927278
67mB1RzfADajeoTLk758ZyQPCyM8CBKyHPbHdBuh38zEp7QbBCPuvvv7nH1ubxJWw2J9ugdYBJnyvTL3wgHEiFh9,1785083455,2026-07-26T16:30:55Z,2Ffd7JcUMupQGaZ3AKb5xaoWBS2fL1HnMne5qXBLooZp,buy,0.073333333,317712.180892,2.3081687580914068e-07,222.54530437286738,16574.53222759334
fdBdRzNLHjjQ5UFDzCXECpef5oZaTzcipK63pzNU2fZYDQTetRbgPCkwJL8Y6VA7xpKZYAaardSCkS6kWPR44KC,1785083455,2026-07-26T16:30:55Z,2fg5QD1eD7rzNNCsvnhmXFm5hqNgwTTG8p7kQ6f3rx6f,buy,0.048150937,211785.17679699883,2.2735744648528364e-07,219.20984742616307,16326.117016979526
2B286hirv6oY2cQVWTH3DcYNsFDvo7Bcqs3acCu4eZ9xyGSXKa84UMa6Ee2pNhVEPbhmaTLHiZhsptGCUVb8eNr4,1785083456,2026-07-26T16:30:56Z,9fwGq3uqfedVbwuRLr14u43DFVRWiLRYtcW6oFvTfwu3,sell,0.350591053,1486032.4908800013,2.3592421777560621e-07,227.46961923710307,16941.280992057687
2iimNcBUTN9kZkpM2mPJh2VPx81eddHZiazNpXTR6FwKeeZxKN2zXR6FyqT2Ve29bpemvApCdQqkgWrQ6jZRTVC4,1785083456,2026-07-26T16:30:56Z,7TGZdM98t5jyWnoAVjtmaj1wpCYWo1oepQwaVZGVhSet,buy,0.098765431,415637.076195,2.3762420788867086e-07,229.10868837282635,17063.35413258004
4CxA961MsCC6LbqNSyKSomNZL8Fw4f3r34SDUFrjENaymKs1QAWaDskRbAiGci4cZj1mMJt7tPxvPWFffch4ySbd,1785083456,2026-07-26T16:30:56Z,7DgesX2Hbc2D3XFF28eKSF1xt5yZ1gjs7TSBBW6Q5Nsx,sell,0.225909435,981983.789547,2.300541387798413e-07,221.80990084681738,16519.761494608654
4h4kxabHerDE3zaGiFdarb36mfS1e2gdr7oKpybftTFiKuVhC61zyLrbBkmk1CMgWuSPWWB3NRsSeabA5xcMKuqh,1785083456,2026-07-26T16:30:56Z,BaiyK1aJeypxRszgWEUvAanVjNhdkDhk1Zbcu49XVeXq,sell,0.287651136,1228229.5379400002,2.3419981942662897e-07,225.80701656089954,16817.45514133451
4h6rK5NaQ8fSD2uW5BRadxSfAbXkRjXE9QLiB4kAXP6NBJHRjsk74ZGLusdGrqGjRDA3QZS1VNsJqAP6wohX8pgX,1785083456,2026-07-26T16:30:56Z,29zpxaxkb7FyF8RG3WjVfWCuqu4g4RSswDNqHgmtCS84,sell,1.004065639,4351852.907985,2.3072140999014225e-07,222.45325967435159,16567.67700399638
5TsA3G726aY9b5aeWvLdJg7o1FjBcMGQb6gZouYjuqCWMP8adrwty1soDHurKwFToswSRVXgQPPcB7BtDpMiiRBq,1785083456,2026-07-26T16:30:56Z,A4rWFozNza39oA323my8dLffKaHPSTh3G3ewHbQw2cqb,buy,0.052588251,220925.9320790004,2.380356642840601e-07,229.50539978496667,17092.900054045796
5UHFBiEhUNa9XXjE32nckSDNYaYwRzXMwosQFNvW4PDjSm4UmpUw6nQurK4uWdxWShmYrGrGdK2rowQ62FUzQ5GF,1785083456,2026-07-26T16:30:56Z,Htc27SzjE1V7uNtoE2v9GqqX5Gdiz3DNioDqrzQBVgnX,buy,0.493827159,2149790.632162,2.2970941989051662e-07,221.47753533030604,16495.007869811754
5YtzTbeJduLHtnEQjFSBmRX716XTV7c6E2JdmvCfuuuMEX6ervE7poJuTj4TeRdrmhraLGi4eb13Uzr2WQtNnw5N,1785083456,2026-07-26T16:30:56Z,AiZmc96qy4sDHSRmZQYJbRnykikbKGCt25sZQYdZ52Rb,sell,0.239920772,1010081.7625550004,2.375260903564091e-07,229.0140869880491,17056.308494366356
5vDfBztmVeN4vk8hiHexeE4RYc7q1PPzLFqgfqCZssHisjuQMLj46d3vp3BaAA75w7UjFsMXEskPAb6gfnPchhm1,1785083456,2026-07-26T16:30:56Z,9HSUFUHiVXiWuGmwHfkrdya6F6pn49pyx1QVHXyJbKoM,sell,2.150036805,10195159.729773,2.1088799606750955e-07,203.33059750897726,15143.476294704673
RJT6cGuGHuynejaGoEjWPM1CbdD6s6qbfoeacZK7iJYcST8eghbsJqmqXRM21DGfA4Y1P6Y1KXiG5F6Q7xg36vr,1785083456,2026-07-26T16:30:56Z,9FN5a85fCj9nmagX1HQ2kx6T6S4ZvAPx83SJHxnkQ6Jb,sell,0.198176239,865693.665848,2.2892190022653594e-07,220.71823728199038,16438.4575417443
UbBHHsKczrYzuT6mX39P8a46RWsv7zj9Xzo7SME7gpsrcwLZi6eVe2sjN5w749VWRid81MosYtU2zJq7eT5mppn,1785083456,2026-07-26T16:30:56Z,AXoLu2c3X26Ro2rGGtsuqWdWn9gDbqLSkLXduATWrHnw,buy,0.488888888,2131626.337332,2.2935018180151887e-07,221.13117092528552,16469.211648185414
fCmhgNUzNfVsVdJaLuJPCkmVDPeupJozbb99MXcX8rb9LVVRdxLjHfqUwKANadFSG8ipp96XUKsEvqjvKibRRmx,1785083456,2026-07-26T16:30:56Z,2kv8X2a9bxnBM8NKLc6BBTX2z13GFNRL4oRotMUJRva9,sell,2.763360676,12356881.464459,2.2362929384311153e-07,215.6152971507891,16058.405282729365
zFZU17YhqXS9nSp9g6ZojkuiD2PW7SzgqZ5mUeikjtGoipCd1t2GmCNkLLyF9APoLR6yi2wDU48L1AZgU8uGTPk,1785083456,2026-07-26T16:30:56Z,9uL8xmtZqNcuryCPsGfNpNfBZqunwF5THNET4QExFMvr,buy,0.977777777,4166058.544755,2.3470092090544583e-07,226.29016052831554,16853.43831015971
2ezpCHACki66WcuzwHySjyCtxoN4D2YzeW6V7JVZxRapHY3EuMY2m3FPwuCN2mwdDXjM5eLfefnYz1rmmaWSVcfk,1785083457,2026-07-26T16:30:57Z,AiZmc96qy4sDHSRmZQYJbRnykikbKGCt25sZQYdZ52Rb,sell,0.179280938,875033.8309009997,2.0488457893724985e-07,197.54231929991045,14712.382032847261
3PM6WpBj1YvaGmqqYy9vxBDpWDjiCBMbBiZAJBmuqhTa7HdhgCX9A6GByh7dGk6P16rwSYfkYJjyrx3RJN9TzdHQ,1785083457,2026-07-26T16:30:57Z,53KgptJLhUkAdUa2EMpVCkFKB9CAat9mc86hPvth74kZ,buy,0.097777777,474193.97676,2.0619784685600822e-07,198.8085248478309,14806.685369059662
3uqWEPz4QgS7XhNkwVM1g3VcDepN6odxXtcwxAVhNQiAVfHbcwoijAGfjA6aUd7nEJy82SWjyqu1F4pJBZySCunz,1785083457,2026-07-26T16:30:57Z,3TofRdzMWUKnB1R7AXAvEvfqw6gdoEzXVqKBCtMGKHVp,buy,0.097777777,475334.242545,2.057032047101958e-07,198.3316087362616,14771.16603297059
UCjsBEywq4YekKb3ZuyHdMjUjXstmjgytqpaS7Qe6KH9S8zinCTNTo1sdBR3WsT28YiK327XqkdCibqxxwFDHgo,1785083457,2026-07-26T16:30:57Z,BaiyK1aJeypxRszgWEUvAanVjNhdkDhk1Zbcu49XVeXq,sell,0.21907082,1064015.248718,2.0589067709692304e-07,198.51236284801996,14784.62807773964
sKhEAfw37jJo6dZYYAWMhg28LPC2fArh31QUNsqwCYvSKBYWcp8wSDAdq6NeTLhTADVLiEP6REJFPixqojB6DdC,1785083457,2026-07-26T16:30:57Z,9fwGq3uqfedVbwuRLr14u43DFVRWiLRYtcW6oFvTfwu3,sell,0.26232548,1287349.946849999,2.037716944346648e-07,196.46931621254336,14632.467858508739
2mGxD925iyVAgxB2QVcUG6JgwsKGH45gRWozCjGSj1EN82ZxnyHia5adcUQgXgusFsYBi5GYWpEDwVAT2knKHYxx,1785083458,2026-07-26T16:30:58Z,AiZmc96qy4sDHSRmZQYJbRnykikbKGCt25sZQYdZ52Rb,sell,0.176822841,875033.8309009997,2.020754338354325e-07,194.8338429395059,14510.66252746518
2mymQQMyXabisDor1dnQt3w8vQgzA1WRrCrghCBRgxNHa8w34mpQMoCMAUkadRZrhHxdBSmiSvhdU5hq4sw1Epos,1785083458,2026-07-26T16:30:58Z,3TofRdzMWUKnB1R7AXAvEvfqw6gdoEzXVqKBCtMGKHVp,buy,0.097777777,545684.8399070001,1.7918360535114748e-07,172.76236779355844,12866.842734691189
3EFcb846aEe9maobmcZVj6SJ4LSosMjJAMide6fzcotntzHc8vJrJrW2STu1sBBEqAJXNhTNAqpAndF9Esr3hX4U,1785083458,2026-07-26T16:30:58Z,4UvPYKxeQV8qFZXpgbrLoZGDFgtmYKSR5wvUo9K3fKga,sell,0.849967123,4791035.817658,1.7740779976374484e-07,171.0502001127068,12739.325425416613
3TwbGgA2ZBZubvnRWfbUwresWSAd8ZZcsc1LU9PWZkLt5X1JFiJHKFjeBNcjTnjtyJ7ktsttrk66Du7N5rEFhZ5V,1785083458,2026-07-26T16:30:58Z,8SuAiRmz9gVXMMLXsrjTCfNry7qsAGHXXV4qVstpu9EY,sell,0.690994507,3975562.263171,1.7381051062921773e-07,167.5818237101836,12481.010757205382
44y1vRDY3grHa972SKcUjki2be5QDjZuVHo8U2q24LnMCkfwDfs4GjFRT9voqpXebg5FWroFYVdMeHn5e3o5tNcv,1785083458,2026-07-26T16:30:58Z,Baf7AGwsnTWW4ps6B3zs48wVj8aKH4WCR9h7ytcQS3S2,sell,0.123435493,617079.021939,2.0003190614410797e-07,192.86354726478126,14363.920589904925
4AKE5xCtZdSkHXfwdxttLpKbdoYtxUQCbP96o1VyLAC3r7FoPiyPoET8bWr2HuxuCxQuacpboqUofA25TLzskHoi,1785083458,2026-07-26T16:30:58Z,BaiyK1aJeypxRszgWEUvAanVjNhdkDhk1Zbcu49XVeXq,sell,0.216059879,1064015.248718,2.0306088588516383e-07,195.78398025326828,14581.42601345277
4XKhNWL1HQB2KwkPkew6QzuFLmybb6yxqbT1QjauNKebdJAbHsbkPbjgwNX4ifvUxHW3UtoK1C7CuNYGod5FhLMw,1785083458,2026-07-26T16:30:58Z,5k6UhoEWk64XSosduGovHVqGy9S7kE36fTmuSk7sJCAY,buy,0.097777777,480815.128879,2.033583619300098e-07,196.0707959235342,14602.787217112393
4d6qXZVPn1qnpoP4MhnkKdVNQoph52dmjSYanQGV92i4ZMtHeAeGBZyNNWph8vWHpMuSEDupeGbc2RYEuxzVs5eb,1785083458,2026-07-26T16:30:58Z,9fwGq3uqfedVbwuRLr14u43DFVRWiLRYtcW6oFvTfwu3,sell,0.258738449,1287349.94685,2.0098532619906792e-07,193.7828004848175,14432.383917692248
4kqJxzHNL8CSV91zNYFriAYoZdridARpyssDagyeWRy7jZg2WF6kBr5Uoi27FcbN5s4R4ZKqbY4S6t8vKcPfWL9b,1785083458,2026-07-26T16:30:58Z,9fwGq3uqfedVbwuRLr14u43DFVRWiLRYtcW6oFvTfwu3,sell,1.313452682,7053945.931657,1.8620112696149695e-07,179.52840895603288,13370.757960477134
4yLfmfoubCCE96r5ZrkwVEpsd7c2RNZcBUs2ZFJhHCC3HvhRu9L7QNc5ZVLExLSG98wRz4q248i5YSZr7RKp5MVG,1785083458,2026-07-26T16:30:58Z,HuWAWix6CctFR1QUAzT8X9K5PuJcWiqjuQ2PDb2sma96,buy,0.049382715,253585.70391499996,1.9473777203368184e-07,187.7591341543214,13983.758627644345
5CZic3ACepEhAY1fyacLQ1ePaEKtA8aRSvkNZqo1CRz2UPFXJywQS7jRbbEfReCYv1zQnFy7hLXXUuWxALLrfGNE,1785083458,2026-07-26T16:30:58Z,4Lodm2nk8y82NtDUPexvbzvMPPKyDgZ38ZzPwXFJiwvN,sell,1.031995035,5234465.486083,1.9715385224026983e-07,190.0886315235215,14157.25287111403
bTmnkadoqSsGkTVEFMGyfncMkiJdtXbEadVqawtuRy52Cz7s1SfmeASHm9Nx9eXMibkwVg8tWqfXnsihTGvNmFw,1785083458,2026-07-26T16:30:58Z,BaiyK1aJeypxRszgWEUvAanVjNhdkDhk1Zbcu49XVeXq,sell,1.120002478,5830198.737555,1.9210365348020595e-07,185.21941207731766,13794.607454434685
fZZhDiFsaLJupA75hjhJEaPxYQcasm4a76baV9TtF3Mg7TLXzzm6Lch91KkgtcbdgZ2RJdV6kHeLou8SQ5GnwfP,1785083458,2026-07-26T16:30:58Z,2x8MqmXwu5MrdJAtP5JZxTaM9VugmS7eeXgU9CrQW5xF,sell,2.061089314,12309052.546688,1.6744500083839337e-07,161.4444288211771,12023.915292225949
yi3BMzKhvhAQNF7CxWtTreWUyZDLqZoDEn1KwudCduS8UtQRHsPewx1BTYSPNJVqek3tp8yUyB8FY5aBMJsQFaz,1785083458,2026-07-26T16:30:58Z,AiZmc96qy4sDHSRmZQYJbRnykikbKGCt25sZQYdZ52Rb,sell,0.867834954,4794687.991913,1.8099925489703207e-07,174.51295158171033,12997.221164807206
28pA8PUu1AwGTJnpRRVPUH8fFhhtxL9kQnyWnrxnz1EqqB8yFJReGEw933Rf5R25YbSnmCY4Y2aY62885CjkuyZM,1785083459,2026-07-26T16:30:59Z,9B4UcQwAgb129HEGDmrhLRdCxmB5TkXkiX3Rwma3gT5E,buy,0.491625277,2892166.231667,1.699851383426999e-07,163.89353776116755,12206.31786040931
2E7Hp3qAq6f3Yp8BSbKpYs8ujxnBgCGzLNpCvKkZQhamNHXsPK7Rjdwfv5FNtFAapHRT2hV9TxA9pf7DgXsDmEwX,1785083459,2026-07-26T16:30:59Z,2CRdWmdefARgG5XXjhwwLKjaEC8hFbZYTFohtigmmHMd,sell,1.805416981,10813727.254517,1.669560308399548e-07,160.9729815894691,11988.80326253126
32f4a2nGCSTQWeMJFKuPvahg7sjNiRwgU52jQGhoQAXDa1Vy4863vUSXmuTcyXEb6Q2uN3ho1i1P2KHkwqZMNeKs,1785083459,2026-07-26T16:30:59Z,5veTCy9eDaL66LqABfpywN6jr1s7zaXP4uit8sMRAaHA,sell,0.000659122,3965.924007,1.661963262121578e-07,160.2405017955464,11934.250280680466
3a8edRYHukMTLgtmGHRy15GTALrgYqXoXpLUYFQ1jKWguuozYZrqNKtZWMVEF1rTVWLyQwHg61UMzu4jekY5LsUD,1785083459,2026-07-26T16:30:59Z,5KWw4YnmhgmCJi8TK9Cxdujqvi4LiYJAapvughyYvcKR,sell,0.133660723,818804.691086,1.63238833943077e-07,157.38899444845265,11721.878240053456
3tSJXrekSM2FHKxuuqxSnbGv6ADRDze65PoYWgz18E9CCWP9P3SsJNHnraZgxFcvG97X2RFGcfVyDtfF6vQfuoc9,1785083459,2026-07-26T16:30:59Z,2WvcP2my7LYGSMnEdr78tGFKjLPojiQraoNDp7d3oxb8,buy,0.064963513,398657.218474,1.629558176537492e-07,157.11612035278637,11701.555364648642
4M7fcpzXYR9U8PCq6Muqcujvr38d8Aq61apoHB3VFEHFmNazw21xXeWzqWYPx5nYn2PhwRHV8DtDWoD6DzALXU39,1785083459,2026-07-26T16:30:59Z,AXoLu2c3X26Ro2rGGtsuqWdWn9gDbqLSkLXduATWrHnw,sell,0.345573506,2131626.337332,1.621172998043029e-07,156.30765169392882,11641.342951364997
4esi5xscSxFNeghn3pNEeGZgxg2gqVA3zFrTuJ9jJtfYWpcCBfAKvSDZGoEiekXXtQ3NVWuG7UiLLRHGuSur18dK,1785083459,2026-07-26T16:30:59Z,HgkLMNZFL6514kyZAZY5AxxXe1TP6i4NP11TZ98hj6iC,buy,0.684444444,4157150.061853,1.6464270806113675e-07,158.74255922489965,11822.687839575572
4oYVxa1wy9cdDSHboXNHBzxhVryVGRjhC8fNqy67MTTjosgCDqGp1Ybo9EGoT5bbJK1bKwRuctaM2Gc3voji28h7,1785083459,2026-07-26T16:30:59Z,9oT5cdy1XZ76dzy4z7t29jXPSadq84RbeeqeeJfsEkog,buy,0.486152501,2898152.046062,1.6774568527575443e-07,161.73433790775547,12045.506884608032
4y4dPPE7dJLdCUxLXqoKe9KMvA3bsQqX1SKH6JPTzUwYFjoNx8jPfE8nFtuTp5tU6NG7kkyMrB7MDDD97fW78ycb,1785083459,2026-07-26T16:30:59Z,7u81QU4PCGsvEJL3nSd4gDW92im2RdrYqCa7946ehx7B,buy,0.097777777,628915.505676,1.554704505097262e-07,149.89899940541375,11164.045017846418
52waWG336KRPRcHQiJforhni6sCqTRJL6QPSCj4j8cRzZDKTyAhbciQrzpA5rQQuyJbkaGsRCnKaPjPVzXxCv3Zp,1785083459,2026-07-26T16:30:59Z,DRTn6u35QdLS5j7RukrP2QoiBde73nSmkj22sNhpKpme,buy,0.151555555,915806.2759270002,1.6548866172225342e-07,159.55819722510475,11883.434204719268
58Wy7ELFrNg68JuRjo3jqSNHuZJPTKsNK1aFwV2NdarQZheMAi3ed5jyVyrW8SvbMXFoqVhAFvEdP9a5HrCrayN8,1785083459,2026-07-26T16:30:59Z,GBeHpC6j6KKGHHDmJDXMMdSKjRZouCNsc7JPwyLNadgQ,sell,0.943958658,5999910.255476,1.5732879623298824e-07,151.69074930742408,11297.48938135858
5PimkiWyv5WU7NDoHFC9VqAyUvEVnTF3oNRSh7PGBa4sL84ucztnLaJxbv9TEZrgpbF8LDa5ziXn4smjUUpeJXrP,1785083459,2026-07-26T16:30:59Z,2qJ5eezwqYYvUrfFX6DguaNd4CQfqxY19NxU9DKubveW,sell,1.027505102,6191440.827892,1.6595573317460495e-07,160.00853066871915,11916.97374038992
5S1Tsi7m26VZT7LYKJVm9gmPXDBGWFB8h1RwYzcqswKjmeBGbYyFWAtTWbZQQbCC5ZGEZPRGtGGztpaTfqA33awL,1785083459,2026-07-26T16:30:59Z,8CCAxR3ZsLGER5qxEYM8rBdUzQ6AW9Kw7wdRCWpF82fR,sell,0.939586552,5817131.723951,1.6152059066007054e-07,155.73232626479913,11598.494373214424
5SF1MkQjUd9vj59d2PS7hMvw3W6rfa6dQux4Pwb1v8fDKRPZ3GnLrN971kPfe5vc4vtvzHU1nuTwAgyGT7bHurdV,1785083459,2026-07-26T16:30:59Z,FK5rsybBkML9siKVXABobqffxGZFDYGzsH5MGz6o3GcZ,sell,0.05837198,375244.690688,1.555571109959656e-07,149.98255431975716,11170.267946811202
5V2CR6YS4EE2Cho8Hu1aQoABV7bVyqtkosbziPa1uZHW6zqAXnBFzbc93GdfL41giNDDrir71y2RWBkveSyHbNJf,1785083459,2026-07-26T16:30:59Z,pFFv9ZfgHZpL1rsgvhEHpWRT7nGvSKKWywrhJgLtghU,buy,0.488888888,3009692.450715,1.6243815473034687e-07,156.61700843799562,11664.382949170424
5X1Aeng8zApPDSoj4viSxCoxKQRGAT1TohqM2zfL4AT8y5qggxbjQnTW1iDRaAJQV7ifgxr7YGk6ZSMB3HMZwEKt,1785083459,2026-07-26T16:30:59Z,3jxTmdfoNWb91irnjacPXWJcYahWqsv6C7y1BfjdcRhp,buy,0.488888888,2980338.512695,1.6403803994664938e-07,158.15956004378938,11779.26774251622
63Sc8EBVEsMWkR8FSn1KkvasER8L2FeoLgiBimnThFe5yVqdvqVztAVUAFVTpWiDVX9kzjoFJ9kGE9uPEeY2c2rT,1785083459,2026-07-26T16:30:59Z,HuWAWix6CctFR1QUAzT8X9K5PuJcWiqjuQ2PDb2sma96,buy,0.049382715,317497.451562,1.5553735866870946e-07,149.9635098384302,11168.849568785206
KrHDvAHKwDAtpNuiFsV8Yf9vP26BFGf2ZaZysNwNgpNxUFwt5UZDsheJkzE79keEEu6uxDyaejNCW27mKzozN1r,1785083459,2026-07-26T16:30:59Z,4Y9bXvngCNKWuQ8VPLRaZGqXy4zaGMGi8jPkPqjvy7Gh,buy,0.097777777,587546.455526,1.6641709958485684e-07,160.4533635165644,11950.103607556877
SxcitBq5StzRsrQMYdFLgaxFkxPt9ZcaJZW6LjZr96Vv7xZzzX7EtH3MWBuRAya8BxcgCjhqUFWux4kMXz6iUiZ,1785083459,2026-07-26T16:30:59Z,9tjQNViwKtV9DgN5Ua82AaSJLycPYs6LmEWerXjjNEb2,buy,0.542666666,3248249.154957,1.6706435994045036e-07,161.07742859993013,11996.58217454129
2HfWPgBHdZLqjAQp4wMbSvNjbtuwUGtqGeVYcZsTjNVpTco1VYEFX6MG6Ysc6bHViQUCcyprxXUjXgpBVtASHvms,1785083460,2026-07-26T16:31:00Z,EyZCZL5qm5yiL5NJyrZVWPp1hKcbvB9bBrmu8z8PCYDL,buy,0.048888888,317603.55980099994,1.539305416810573e-07,148.41427486878166,11053.467017780975
2qiwgz2Um7djCrcHnLf68GW6N4PDN7PtVR6Aa2iZkRsdMUCMynCehrXhop1pjJTNFx2TTR5mDK8AAMmdjKUYGaDC,1785083460,2026-07-26T16:31:00Z,8NsfpmaZCjGqFRr6kvZgCe3buAqBzA3m8v9nY6NW2anL,buy,0.977777777,6308855.01101,1.549849814734394e-07,149.4309276751067,11129.184385757766
3YECA1pLKXAeHKm919DVcgCSVPbrSi3BxoienHNXjNT2kGqJTr4AQu6oUduN4PUxTKszCpVYSjFUTEMgerexLBwP,1785083460,2026-07-26T16:31:00Z,FfJMgsayZYWd8MVS3fKLkZJdPQ1ZnvtHPz7wQmhULNcH,sell,0.376058634,2431742.660711,1.5464573619399632e-07,149.10383961576935,11104.823810745747
4HzDyQMzUUF6ugNs97BxANUQTPXDxWph77LBruRwHzc8ptypjkkrR1qGo3rstbEuGy6f9PiV1Evj4uCDfmj7xKwC,1785083460,2026-07-26T16:31:00Z,8V8gGuCZpkKbfymsJLh2KkfQWV7ynXnwofDBS8Kr6uWo,sell,0.137297279,881388.032643,1.5577393147520903e-07,150.19160480351553,11185.837423731919
4mHzchdRwxciN1FDt9mwyB4HKds8H4okXU7BSKDT9oueFuhwbRzLWbfSdogrTGZtffx51CRFf6jdJ5TiLzzvZZuN,1785083460,2026-07-26T16:31:00Z,2838bUY5PTfmz2S9HNh1zc2cAgohSZRVfbBzQJ6hFtD7,buy,0.493827159,3120817.686585,1.5823646511705641e-07,152.56589089907166,11362.667402325345
4yTfoUnpMGkbnzE6Z7fXWAobP7hPxREhQg7dwjQ8Er9js9SzjbV1XrtAXxxZFczFFB7wNavTcp9mAYAkzPRC3myo,1785083460,2026-07-26T16:31:00Z,3TofRdzMWUKnB1R7AXAvEvfqw6gdoEzXVqKBCtMGKHVp,buy,0.097777777,627339.790402,1.5586095206450064e-07,150.27550691623028,11192.086211029735
5jWoFYeKqUxenjWTatEGe4EyQeyMN1BdBFxn2tHCb3QAaBeWsny6SAUanC31cFFeSGR43CnmNrLSmRw6eugaSBfe,1785083460,2026-07-26T16:31:00Z,HZha12tyuyqTiHcyyLFjbM6WwnD1V9PQoMtqWbWMB88M,buy,0.098765431,640279.8318970001,1.5425354052989772e-07,148.72569870586156,11076.660966710462
5mSPsXFKAG4ZRCt76d9MoYDAkxKdY2sMvZhRqEJHdNxib4HWGLTpd9VhWxDEtZNN3HMxAXf8X5fDACgsRofFDird,1785083460,2026-07-26T16:31:00Z,GToA8mjkg2z3PxY9g2YPXnBdxK6uxiynH1h8Ah1jW1Fv,sell,0.36972663,2406134.931696,1.5365997356573545e-07,148.15340285339366,11034.038022689345
457Jt3KhyKrt478V9EJ9R7p5xDfcaJAHEPfb1ogVgdbXxxvotyKrX7JJyXHu1uV4pnPNzQzTbJtgiZWfjtw41nTT,1785083461,2026-07-26T16:31:01Z,ERNxja1crsFqm9F4T9oDz3KoLYPVUDwpRyXzJ3PMQ8Ci,buy,0.488888888,3155789.3479649993,1.5491809943374657e-07,149.36644242536772,11124.381710396832
4Z6U7jGfH8pGkgHvKG8JbieE7Djc18cs5rzHfhMdqmWsszuW22wJYKcyQsJLLQfuq62XN58WF1Nyaj8DdXp3zFmj,1785083461,2026-07-26T16:31:01Z,7eeVaXQuT9sJGmW6WwPQ2ko2y5AN4r7hLeH442kftXrn,buy,0.097777777,625583.75896,1.562984581993471e-07,150.6973345473473,11223.50271602471
4dm5B61Fo8DrwxtA7kR2t5WjD7czsuBbHZyWMevJXKHs6VUr9dqqKo6FfGeAc1qC2EpYudqixMnpRawdBxarcfDB,1785083461,2026-07-26T16:31:01Z,3TofRdzMWUKnB1R7AXAvEvfqw6gdoEzXVqKBCtMGKHVp,buy,0.097777777,627312.0489420001,1.5586784466344646e-07,150.2821525114665,11192.58115579042
4skm5B9fifpGWLJN2ovtQhwMEaGsa2wSkgDPQa5aJzMFbVcCXfAq7urip8U247oBHsvhEZvNcMS7rPExjSRscQuj,1785083461,2026-07-26T16:31:01Z,G6uX88CngTFquet1wjd2VuqqseLKxHcwrptHhx5fArXs,sell,0.077605862,498037.004189,1.5582348569936653e-07,150.23938319865857,11189.39582076174
5AiawceiJbjs3JV8EmyYudZDwFYwBLjCzfXToynJQ2BTbEqFczpvveHGg2r6rZDcxnmbya2eLBbYGsSL5JCMbvpw,1785083461,2026-07-26T16:31:01Z,8hNhf7JczuDzFbUEFuW6vT67Jc6dTDRjtkLgsXXgwH78,buy,0.097777777,620940.832556,1.574671399809769e-07,151.82413535814632,11307.423589598278
5DumK9xwubUXDmyp61yXso4bmdV6YCLr4Vc7dnfdXm1tq4jT4pkN6wWCxRRH952w9MhRZaCzz7nd1z1xhmGrcHNP,1785083461,2026-07-26T16:31:01Z,4mTSjV6re8DPPdanrjg2KkX9J84f7b4JUm75LJfUAp9R,buy,0.049382715,314430.215378,1.570546104821172e-07,151.4263892983546,11277.800610560398
8rZDDYtykvtwihAhkntR9y526sB4iiLmCUnJ9fSVQ5GYUbHNM4p23Qd6QpPDR9MjFUZzUZj6zQWUeooRrXJnWSk,1785083461,2026-07-26T16:31:01Z,EUdEcw8Y738nwcDxMwixjz2rPxXS7qcSSTwzqvw13fy1,sell,0.039824638,258708.456154,1.5393635983933126e-07,148.41988452708515,11053.884808947581
KGgwxmbMg3YKUg7SzAaKbjmhAhbDELDXoMUEoMymZX66A2cUzC5seXc2zF1WtY96CiWs9LkyuqtRuMT69DVLa3v,1785083461,2026-07-26T16:31:01Z,DHNYm7spbcsnUNpxVBbnotx9uGyA4ansoMLNbtmbv3pR,sell,1.203846701,7684611.96708,1.566567975269463e-07,151.04283239905237,11249.234399260118
dizENQYb9YDRphi8V8s6y1EcbHurADGsroyq7XdQ9F4R2jfMRfywT6jviTych1Thi2MWg34YAbpeJoMwbVsXaoe,1785083461,2026-07-26T16:31:01Z,53KgptJLhUkAdUa2EMpVCkFKB9CAat9mc86hPvth74kZ,buy,0.097777777,623862.6014970001,1.5672966573950045e-07,151.11308930069842,11254.466930603903
wDypqNanTm523o3CFt2euFYdkN4ZYAdfgXaQTjpGFwPqNQKnhcQSm2KvVFqtbG3ZU47jGxkhghTmPMVQiSRqv1o,1785083461,2026-07-26T16:31:01Z,7TGZdM98t5jyWnoAVjtmaj1wpCYWo1oepQwaVZGVhSet,buy,0.019753085,125649.85942500003,1.5720737842759426e-07,151.57368263990696,11288.770593698659
2BuyhJL31yTNfgK2eqUgc9PoBN8JyTXNmw3NZWNzrHw7rLmpoYNgUVzDvcmcZDPncyCSe3rpHcFvsQjhmtojvAs6,1785083462,2026-07-26T16:31:02Z,HDp472dUvzYGtVSarR4EGLkcMJP74QFRMTsT9YA6ibCd,buy,0.244444444,1542785.1045959997,1.5844361166814044e-07,152.76561413030933,11377.542212387398
3VYYCChiTaRrzmrG8DvBnCy8iZriy1qtpYg4BErUToZJRUQ6EroQRPpGmXvsEYz4QoTABxr48yQKviBVFuC9UWBY,1785083462,2026-07-26T16:31:02Z,5T19jxWiuHqUJH9UMEunrajMFteyZY2FDg4KZXoRbYtr,buy,0.071180368,454538.577214,1.5659917896581036e-07,150.98727866113538,11245.096917132318
3jz8ZBfn85yTHMyA1Azehq8HoUqYjKf3kKSwHL8zoFguGBkQE4HnU6hDKdjZa1mr4P9Hspm6P6oASxhMtLCKnaKC,1785083462,2026-07-26T16:31:02Z,HuWAWix6CctFR1QUAzT8X9K5PuJcWiqjuQ2PDb2sma96,buy,0.049382715,312959.153006,1.577928446114284e-07,152.13816801223794,11330.811835692375
3podpnpaer7Wg7qRrWqFfCe3Ja2nkKGjA4vQVATNZ9NHJjy5ZpzNbos13xtL6JgT88MRrWCH1tc5sNsLVsBx1fxE,1785083462,2026-07-26T16:31:02Z,2iacW5T4gLVmjuMcBYPyP13qgLDSeEFAqyMMHjRJL6f6,buy,0.174506243,1120534.75957,1.557347877962893e-07,150.1538638805049,11183.026588668463
5cxz59NPhkX9RFtTV2bzN56ZacF8JufYpQ2cB2bHpgCwMyX3wpLMSWTLaSU71qgHbTLtiX1nsqQkGAegEWedWQEp,1785083462,2026-07-26T16:31:02Z,2Ffd7JcUMupQGaZ3AKb5xaoWBS2fL1HnMne5qXBLooZp,buy,0.073333333,469241.454058,1.5628059363854865e-07,150.6801101823331,11222.21989501066
HskDfc4ofMamLzXPRh56uBPnVyHyoxaPg7iEBzsgCS76nP9XyeCyrFXYcMNfaSJN3wF5A6YnXsuWo7MgybfM65r,1785083462,2026-07-26T16:31:02Z,4Lodm2nk8y82NtDUPexvbzvMPPKyDgZ38ZzPwXFJiwvN,sell,0.822641439,5234465.486084,1.5715863275572634e-07,151.52668382171106,11285.270257310785
NUeQVHzTkshYCSvRmpxBxqvD99B8SQUubJUihYZmFs2r8hPDXdYi78SuC1eBjZ9ns2UzEWrd22woXFAeFrrdKrR,1785083462,2026-07-26T16:31:02Z,4qm3n6CUu27JbQgXXiHsskYJ3XCcQXgYyi1uZc14h2ZS,buy,0.098765431,629182.54987,1.5697420569023512e-07,151.34886589882106,11272.026891417763
3M3cnpa3zJVXwQfDh6Ek2FKKRipXWzbtM4dMtwokCqyQk3totFcFGWutuK4qQw14KGwU4Ggwi8GxVLXC77o5rAtM,1785083463,2026-07-26T16:31:03Z,8yGmi4AJNsvk9sGvuAUiDmCVvqS99E6wmMnEgFgfQhNe,buy,0.059713255,383268.006728,1.5580025974455434e-07,150.2169895709617,11187.72800797638
54uLi79vPTCd13tFU341AGnSFF2ed2TjWXayfsa2Jac1wTortunkF3XGqLxWLd3aFE7vR5aVZJZhfAajbKGhMQde,1785083463,2026-07-26T16:31:03Z,8Seb6smpmCc4ron7zDuMmgj1j92LC9kUAYtj2Cx8b2rw,sell,0.350443717,2240430.252014,1.5641804367039504e-07,150.8126345441939,11232.089927149927
5iRUV9APQtDAsrtB59HLpac3up5BhUuyZKFPqSyQVznsHbnhfgWJ1Aa8xJgh5QUuHVsmekHCKZo8dp6hY8ANcz6w,1785083463,2026-07-26T16:31:03Z,3TofRdzMWUKnB1R7AXAvEvfqw6gdoEzXVqKBCtMGKHVp,buy,0.019555555,132782.1828119997,1.472754445352644e-07,141.9976702996853,10575.576821346991
5onNbXujK1B19XgXukHeFf1gfKYLrnPbZGxzbWLv6e2s5azkUiCczKkqRR2YDHHtwGGUwLNxkdAZfkwkgpGk9zZt,1785083463,2026-07-26T16:31:03Z,5q5GLnij1RPYMpyTis2eAv7KaWRyAMsXyBW7jKkWSpKs,sell,2.004347341,13228247.17962,1.5152025160884374e-07,146.09036013825215,10880.388553133593
5p3HgqNqb669vSGA21bjjB34gSSmerrncndohEMsDj3C64ANz7VwzHC6fTjCRcEdvycNqnsc8KAjT84Q3248fbk7,1785083463,2026-07-26T16:31:03Z,9HxrbwX9RZdEjNzBQLW3vbMmK23UyYG9tmxv6Wjy9ek,buy,0.004888888,31407.842108,1.556581946377887e-07,150.08001552036382,11177.526575857308
jFnp2Jdaz8jhZLi5TncmU6kwQDTXSbBrqLuvuapnpE5qBov33PdkVesNerNQwb4NaipLku52S6mtL73AZ3dfiUo,1785083463,2026-07-26T16:31:03Z,BvHrVQGLu4GMvDB5wvNz3gfwskV5tRTo5M4PJEGXcG3u,sell,0.550611254,3767713.320572,1.4613937079385019e-07,140.9023089848475,10493.997470729826
2DChf51Friccw1CeFfQ4nucjQ7k78jAa8Fix1tepdPNesV29ghTVoBQzYX2FVjE35ncbBdLPZJSb7cTa9L5268ue,1785083464,2026-07-26T16:31:04Z,8aQh7Py8R1ET14WGTDBq2nXdoR1EfeL6Jz148p8mhc3n,sell,0.053061683,365253.922844,1.4527341030821084e-07,140.06738112623273,10431.814452582923
2wN9F6HiBpf3JHmszppMQMVEmED3KeYFXeGVMamfaYQYuAJdVGUZSwVS3oN651RnpKzgg3CSL6fyrQ43Dyurcvss,1785083464,2026-07-26T16:31:04Z,F5ugfa5tqJ8sUKW9grZ3wQwdMXuTQiKANffcDtwTpuAH,sell,2.050984642,14566098.927048,1.4080534893192967e-07,135.7594375434448,10110.971242932717
3DpCibmpBBbDw5vHgZvHvXPkJJYxQeyxJjaVsg6x1xbpTteWWepF29k2iNKwLsLbkboAEfiaNdW4wrHRTc6w9o1J,1785083464,2026-07-26T16:31:04Z,7DgesX2Hbc2D3XFF28eKSF1xt5yZ1gjs7TSBBW6Q5Nsx,buy,0.097777777,673500.94168,1.45178382016958e-07,139.97575827618434,10424.990647042785
3nHTSAf16cZws4pEype42nt5p6H91eLvCbpGWrwYnwRzYQXfceC5R8VMGHP5F2sQkL6Fx6jfJw1pbygUbSJfXfHb,1785083464,2026-07-26T16:31:04Z,EyZCZL5qm5yiL5NJyrZVWPp1hKcbvB9bBrmu8z8PCYDL,sell,0.06543032,528482.317296,1.2380796454037808e-07,119.37117273524971,8890.420560080925
3suw9TjN6jWV6qoQaobk2bMjMMEEjQNxzaQZEwX7ha9npeXqRh7uTdmh4xUU9SaAo9c7ZkhqMHq2i1nARRrddvEa,1785083464,2026-07-26T16:31:04Z,5ZUp9q4NRz7BgpL4PVWo1FaX6rhusRK5tNmyv3kcotTL,sell,1.795044189,13508442.611137,1.328831339535825e-07,128.12112367456893,9542.091662476418
4aHgYDyCAnSymL7zCstKavjYshDZHLEApvFRdTzr1kK2PShimoqHKtiL7nK9sAjVxgef2f64gFoVZ6K8DRMuUSaN,1785083464,2026-07-26T16:31:04Z,64hP97Bwr5PubotcTeGgfhkFrGiLVVxT2kVo9M9b4AEz,buy,1.180020815,9608847.624103,1.2280565382679347e-07,118.40478090601744,8818.446484675333
4pKhNKNgUGv62PA3b6e67iwQ7gmj9Sc3uNP2R2KxwYP79ENeWhpaLoR7yvDCo7pXXLeeeKmJxUSQeh9bagiKyTag,1785083464,2026-07-26T16:31:04Z,9oT5cdy1XZ76dzy4z7t29jXPSadq84RbeeqeeJfsEkog,buy,0.247810368,2007372.7153700003,1.2345010276495835e-07,119.02613532212723,8864.723168982786
4whu6fqrDGPJLCRDpmrw17WPwnXZts6ctDD1k7T9p1As15b1NiL7iZfVrh3xsFsmwJLYoxU1ZcUuyHjGXqPayr3c,1785083464,2026-07-26T16:31:04Z,HZha12tyuyqTiHcyyLFjbM6WwnD1V9PQoMtqWbWMB88M,buy,0.098765431,789555.9423400001,1.2508984570148347e-07,120.6071163037951,8982.470071375128
5RDQQ55MwYgskpDLneazeeftaDVWcafBkEYXWDsLoXM4rCBDM5M4fmgPEFzguxkr4kmpg6jm6odPQbyCso2Q4r5s,1785083464,2026-07-26T16:31:04Z,5k6UhoEWk64XSosduGovHVqGy9S7kE36fTmuSk7sJCAY,sell,0.060108478,480815.128879,1.2501369942360248e-07,120.53369880982511,8977.00214823335
5c1ZJkyijJesg4XRQA3KvsS8DRKpMRiFrH3N4FX85rEKpHLUdn2zaJ4h9beNDXqmFKe6rVEq8zysvRozJRfNGqFm,1785083464,2026-07-26T16:31:04Z,xyzfhxfy8NhfeNG3Um3WaUvFXzNuHkrhrZMD8dsStB6,sell,2.224745065,17822604.263069,1.2482715949711075e-07,120.35384374258504,8963.607061706285
5gSrmupr4MfUUaQyy52bjd4XnV6kctaVS96gNNnH3JCBERRq5fdVFiayYpQ5jTABouW7x3Yq9aYtds16hqrLd8jV,1785083464,2026-07-26T16:31:04Z,9B4UcQwAgb129HEGDmrhLRdCxmB5TkXkiX3Rwma3gT5E,buy,0.241078521,1968075.0300130006,1.2249457836900023e-07,118.1048531724198,8796.108732367002
5wEmVesumsj3GvFKwN1n45MntgBkLCCyKMc5Lq9UNrwXeSTJ4dro99VpCNGVyyY4PEM6Xd7oNQvz2rBMeXwuStgV,1785083464,2026-07-26T16:31:04Z,8NsfpmaZCjGqFRr6kvZgCe3buAqBzA3m8v9nY6NW2anL,sell,0.779413055,6308855.01101,1.235427115759983e-07,119.115425396643,8871.3732361313
JgFqVggftc8mdbiuHeQDDiZTH4Wk8AMKnkacn1gDdPQ2xz8WMxyfrpcVcVSvrzdbJYegx6RtSzcs9ZYeghSCRYW,1785083464,2026-07-26T16:31:04Z,J9R7WdUjPYYj5NhortVQJfunPQGXpVhFXotzVJbZsxRd,sell,0.052128521,416422.357792,1.2518184968838254e-07,120.69582322869472,8989.076707222615
2EwJb62ewHxSbdA1Pe7oM3CS1DYbTYeXjAxVHwwxJcQbrJ9kixsqrXe6wgwZgyMGAt21cHRawVYAwADHzJ449iF6,1785083465,2026-07-26T16:31:05Z,HZha12tyuyqTiHcyyLFjbM6WwnD1V9PQoMtqWbWMB88M,buy,0.098765431,823264.1821989999,1.1996808938801416e-07,115.66890364621112,8614.686239357265
3ACNtoxizXDHgGRRJ5K9HgcAZrPcX4SeFZ2YUtkLJ13NALvV2o2LmiDnCxCjVo1k8189X1hngkxxnUnDV2wMNhpz,1785083465,2026-07-26T16:31:05Z,HDp472dUvzYGtVSarR4EGLkcMJP74QFRMTsT9YA6ibCd,sell,0.366750288,3043949.141819,1.2048502485190595e-07,116.1673141707867,8651.806417315765
3Ezix7VKBiCqnkwvqKLb1F4Yxtx9MrCXjpTes9y3uG3yPDiaa65m7KzYzED3V3Xin99dccFWc2SLHSPLX2su1dQA,1785083465,2026-07-26T16:31:05Z,2JVXDvyaipT1x4YT1mRoUUZFurAZLheAi7mMv5apZLV1,sell,0.069634484,580169.548033,1.2002436914534369e-07,115.7231665577986,8618.72758446407
4t5H85b9PbCDALs86D4EwrzR81N7Y9qhQK32mVRU8AMVAARwFTAsdpgCgxuEGMb7qWXZvaw8pUcV2VGSAhJ89RuP,1785083465,2026-07-26T16:31:05Z,FAoLSqAkBJyKYwzdBHdTBeXymvXPPcTczKozhZbGtxB4,sell,0.115260541,933633.115442,1.234537840331782e-07,119.02968466813407,8864.98751403353
56S6cAXmJ97dfSFT3DgD6bBd17rHZrvvr9KFNuShYMMZzZKfg92JWR3FdAbvxiHtyCxjbgp7ZWgbBcXQPi9t7GVt,1785083465,2026-07-26T16:31:05Z,9HxrbwX9RZdEjNzBQLW3vbMmK23UyYG9tmxv6Wjy9ek,buy,0.004888888,40774.909814,1.1989941908642575e-07,115.60269421886836,8609.755152222646
aH9duH3YkHeV5LkH4J3txU2GSJRCz9V1bmTgpMbqhX3rqMtJPVhGJGyksBpZpkmJ5p8Qwf1gUw7nok6JTFzvqpA,1785083465,2026-07-26T16:31:05Z,DRTn6u35QdLS5j7RukrP2QoiBde73nSmkj22sNhpKpme,sell,0.521335668,4265961.623819,1.2220824141715711e-07,117.82877741375725,8775.547406339008
2NdoY1xCsKADjyGWtMbhYA3zMdLAtbgHdo1mQ4v1EAHRcc5rNcv8HxyKdfDsexfJbhDb7q4n6MxSVMV9JPgB2JLn,1785083466,2026-07-26T16:31:06Z,D9XWSKpaGnJAFMzZxBfWMSUy5qSFRyYWV6ZKepoJxyTd,buy,0.244444444,1771755.537547,1.3796736559854864e-07,133.02315640057614,9907.180917569367
2V82WTVmTEe42MdDdfcTibZLFWfJByjB3TM5WiZBCtK8FLCFn2puAfpxut1Br6ivqMzg86Sef8Yw81QQrHmbVXnX,1785083466,2026-07-26T16:31:06Z,HL6yX8pZRxa9nyVXTbPytajBa1eSdswmAdn7oYNjDVjF,sell,0.282743795,2119639.366532,1.333924060216927e-07,128.61214542940758,9578.661546181476
2WEqAmTPeJKQRuKeJ6fZcG4AK815FmJp1G3CGSFjA9MMMtzMjx5PYSWKtGbfK3Y3AHREQgHvH1HSMhxAB3c2GJka,1785083466,2026-07-26T16:31:06Z,8vqaSN7ygJjWAjRqpUjNt3uwBfQuaDNiuweoVcxyGQLu,buy,0.8945493,7384430.063444,1.211399244510949e-07,116.79874473722278,8698.833544229878
3REL31ovwZuxQir9EhZ5sx3WxpLho8evSGSgHWEt771knKnMJp3YtRYSabPeaMkBRTSdX1FioBD2UMZFjiJ1skZK,1785083466,2026-07-26T16:31:06Z,6QGy8GDvBC6EhFeBmt592d65o3TXWaeY2johmeR3qWt4,buy,0.931210119,7467171.712002,1.247072057420702e-07,120.23818865959952,8954.993404789862
3Sn5SmYjb4oGDB2WNBSkqyVMSgRKBJ3Ho2SCfFmcs6UgM3WR8NaUYdbcDNcmVMHcjhzM8sPkuXHtBG8cQVFEjjZz,1785083466,2026-07-26T16:31:06Z,69xWoewjXMGFcmHdLE75dc7oujePHrGpmLGFmiwneYTR,buy,0.818282935,6384053.196427,1.2817608341014032e-07,123.582755358922,9204.087083497085
3j4uadwwU2dDwLFKULa64ojaubEsKqp42EA21kPZw85dMPzt5mtN4bm4oji5DhLVQnF6ojeEhFW7RC9yuR5J6y97,1785083466,2026-07-26T16:31:06Z,HuWAWix6CctFR1QUAzT8X9K5PuJcWiqjuQ2PDb2sma96,buy,0.049382715,413861.48228799994,1.1932184345107845e-07,115.04581662871762,8568.2805158973
4KqYMT4kScUqcUbkJyQnkiEdTMwdiND3EhnZLgUpjovtom8HSwTywZgFfqfN6MAWXvjKy7b2NHJiqXjqFB9K74Y7,1785083466,2026-07-26T16:31:06Z,HwLUyAPykbPgkotArMazDsNUn7uMyCSBMjm3drDHSBfw,buy,0.395061727,2956593.976383,1.33620554650289e-07,128.83211810608137,9595.044476520061
4e8U3fbyaG4e1MuXKUs9irros3U8rt2En62eFfZ5C6xjwn274rVTp8H8sk62Tzus6QK2bFUtTdgUrA1G3ekKg5me,1785083466,2026-07-26T16:31:06Z,9FN5a85fCj9nmagX1HQ2kx6T6S4ZvAPx83SJHxnkQ6Jb,buy,0.097777777,714475.220029,1.3685257971022603e-07,131.94832006567802,9827.130208243643
4v6WtXiSPn4Xc3djQRBDoEF4QvwPiskUtVzJe7iUGhbxFmQHKk7tJDArXSKXo4rF7XKX6EEnUkE7qeobyZnGkXEN,1785083466,2026-07-26T16:31:06Z,HZha12tyuyqTiHcyyLFjbM6WwnD1V9PQoMtqWbWMB88M,buy,0.098765431,719559.7850799998,1.3725813066251245e-07,132.33933766263186,9856.25207078094
53fn4v4uJdJmeS3ejCSoZ7nNmVUaAFMvsYUCc4BiZ2tRMmCRvx4YuyBueGJi6vDqSFurTJ8pYpuHsGw2xzcHKj41,1785083466,2026-07-26T16:31:06Z,FGMJAT3Yrouh1eTWpAzNUfToupBggySqTUe8VfnJquVg,buy,0.246913579,1850017.981522,1.334655022092626e-07,128.68262213633906,9583.910447988785
5itWtkAtuaFhu3JoT4fJe2yj7byDq2zBW5u2tRwxHPEMnaXhGvWhqMUEWgCWW28r7xX2BiJfozhcNTxxjULfPcWM,1785083466,2026-07-26T16:31:06Z,BoduAmZsXFZZMPXWC53uJJACJENzNt2HtZGbQtQhMWfE,buy,0.098765431,723801.790623,1.3645369806972892e-07,131.5637327785397,9798.487256629995
5kkDj7k5SocBa9ec9kAQsndWW18SyniYUf7YZx1E3tvz7TeZAfvQiut5boUu2XnUcFPugWApeiV7UmhVwPG3bu2p,1785083466,2026-07-26T16:31:06Z,4kUFYuryuD8JSyLN1DVSfYt1YeQfjThn927BZckbF1H5,sell,0.096291867,806382.687798,1.194121208913171e-07,115.13285887961666,8574.7631716278
5uWgvhd6shRRYZdy47y62ny1eoDXkNb8Z8BbbhVZnDsasacnP4wMkWpQBu3cD8RyjNWhmPpbwnehpny5axhrr4f2,1785083466,2026-07-26T16:31:06Z,aKmaJt9FWsQB3TqgR4sCJo5XksrkE7JDb7renvns816,sell,0.11999252,876508.151855,1.3689835028465345e-07,131.9924504022557,9830.416908396148
66iANVjZRN6ffk9qgThpQ29UgvkJRBmRwjNUg99Vs6cn1ePTxWHFXNwWYgY7kAfo3jigaD1nmhcfktyG2QWZf8pW,1785083466,2026-07-26T16:31:06Z,7DgesX2Hbc2D3XFF28eKSF1xt5yZ1gjs7TSBBW6Q5Nsx,sell,0.080653886,673500.94168,1.1975318965228858e-07,115.46170507405714,8599.254687470087
BVJ6GHrpvKPGkGQW51YUFyP44711SHnm7xk9Qx8HCDhyAVDvQ5w5T9LPCHTF49QEZwdQrfaYECwNfzS3T7oZT6P,1785083466,2026-07-26T16:31:06Z,EsyZLvAWJpsmxDY4kmnnjABALEjbBetAvbYSbjdFJ4q8,buy,0.444444443,3284004.540545,1.3533612317303368e-07,130.48620738238898,9718.236273780105
K85uBAEcfaUNcUAUXFqDN8tRc9CDfNRscfuHdqNZNvL3VVQesrhB9b2UnGLE6DQaUbKnhabAL7TsPCAeo7rxGLw,1785083466,2026-07-26T16:31:06Z,J898BLdjUWFPsvqwraj1rjg33rE9B6zJY6HvWFKx71fo,buy,0.778179869,5923027.327872,1.313821169350541e-07,126.67389721815732,9434.30641124402
xt4MGVGXMrdeQNJ6KMv3ex8hxffbZA9j8urwNkRhzRUEBLhHbs4ti1zi7inBa7uLG52AerdFp6kFKX6qoSc3J9s,1785083466,2026-07-26T16:31:06Z,ByV1UsQzksXJ8MG3rNFwDnaTTbHk9iThWc12nEVKjdHL,buy,0.118518518,865721.77611,1.3690139403971842e-07,131.99538508107847,9830.635474808332
22BWC8cACPtg53bUG9da5tdwKzR8sNjmKm3VtyJdwGmyJ5q5wAQsEsGN5geYJTEYgFN7JnspP2ZJNHKnwVbe1PBP,1785083467,2026-07-26T16:31:07Z,8vqaSN7ygJjWAjRqpUjNt3uwBfQuaDNiuweoVcxyGQLu,buy,0.456579408,2894717.116010001,1.577285066906077e-07,152.07613571013016,11326.191848794271
2744gxAbvUD5eMmn6xaaJDSHJUqwkQUU8P82qk5udBX8KmnToBRHNCYtTjRrouKLCW2qoabjJsrHwz67geKs5v91,1785083467,2026-07-26T16:31:07Z,61GQNncGerBzXZAT4V5L3ZKrycGSJDwp3DXTVKxRa6rz,buy,0.097777777,597363.479741,1.6368221412262044e-07,157.816485621546,11753.716549315539
2YhYaArqi9kPUVaGi6Ptpsy4B6HXoiERZe1eA62UUnCNTke5gK6Yoi7tbDHaXDUG4XobAgDYHt6SCUe3j7MZeQP8,1785083467,2026-07-26T16:31:07Z,J898BLdjUWFPsvqwraj1rjg33rE9B6zJY6HvWFKx71fo,buy,0.519013984,3245967.818275,1.5989498758364733e-07,154.1649784261116,11481.762827979706
2rjjVZfXZjdcBcjYEt3AML7Uyq9i2TiJ5wKG5vshpy9BYC7Ed46Hu7STdUm79BoBTqBhyzP7C1ZLjZ5MHtCdmyQt,1785083467,2026-07-26T16:31:07Z,814g5NDkNMPcMFCugzG3jtqEn8cKBNc2VQLnavW4RzEL,buy,0.855361332,6000451.374373,1.4254949813494298e-07,137.4410832805496,10236.215365892684
35PJY3X7eezkQz1kWax1heXUR4rUuviS9VT1xCNvqFpvSFpVLmX3voiJ9dCzA2aoHBu5wPsqXxKFbNFotwNnt5su,1785083467,2026-07-26T16:31:07Z,3uQtt2nXFDfNnUb1mVvHPXxAgfu7UkwY6ZCPQgtrVja7,buy,0.293333333,2109056.080388,1.390827563703455e-07,134.0985759422975,9987.275062456736
3jKA3Ddv3XYCz5zYYQfHNSVv8mmcwpTuPXZuofKj15WCngrimmMFs4U3ByqKKcqXpFQW3VC6iSUtDgWoouAfdYqr,1785083467,2026-07-26T16:31:07Z,8NsfpmaZCjGqFRr6kvZgCe3buAqBzA3m8v9nY6NW2anL,buy,0.977777777,6109725.182014,1.6003629424747497e-07,154.3012212133913,11491.909797716535
3nAKobdFK6Meba49cCiv3sajhbZPBa2PGQiSmcSgaXgiY8ifggNkd8PqWHzSaRyDKD6gYK1ncgec1djY2YdeGkaQ,1785083467,2026-07-26T16:31:07Z,5BLYuvsfQ2yEz4NjYK4x8DzvVQ75jDL8naei7ybWUTP2,buy,0.098765431,702685.236258,1.4055429928477534e-07,135.5173845308875,10092.94383287919
3pXy3ZvhSzrqi61pbt2TSJ9qQCdiW8u6va7AH2eEsKWzh7wod1nY4UWg4uFoRi1zf6qFKGAhPAWECRSjeYJvCJjv,1785083467,2026-07-26T16:31:07Z,5Hxba5RLWyYwJTvjK6SSFFo4Wet5LU9tP9HnZvh5X324,buy,0.805083848,5239107.282238,1.5366813554848426e-07,148.1612723426966,11034.624119549191
4BkPG6GDL6GHqxBrhwuJKCVWPiLPCd1ih48uCdqvoCooVEeTMsee6eKGXVwmT8vZ4fjBQMCybvdQkm48xCxojntK,1785083467,2026-07-26T16:31:07Z,64hP97Bwr5PubotcTeGgfhkFrGiLVVxT2kVo9M9b4AEz,sell,1.545644715,9608847.624103,1.6085640812149813e-07,155.09194542311423,11550.80065562128
4Tzw5vNFiXg9aes9SzbfQfviSYfybLxH8M8aSpyZyFVq58PEuu9g1uq1XmX8WyHno4PGkAPUxxTRuvZ1SHYGNM5y,1785083467,2026-07-26T16:31:07Z,D9XWSKpaGnJAFMzZxBfWMSUy5qSFRyYWV6ZKepoJxyTd,buy,0.244444444,1501684.8414880002,1.6278012352963697e-07,156.94672241691183,11688.93909509691
4Xo452Hh1ArS749jJJToq6NgEWtjSwwMjPPNvzPVvhmDrjH7ndQt5LG5jsH9EwtL1CJFYeBRtXWGa5kXBDN3r4pK,1785083467,2026-07-26T16:31:07Z,9KKUXi2XroSMT2jUfWMDzwPXiertNKMo95Rxm5LEkVsv,buy,0.821378636,5470942.4839550005,1.5013475985333645e-07,144.7545189725896,10780.898957010175
4g4de3NkGS3GUDWiryX1CW6dpe3SPDn9k3bzxtxZUnQY3RPDibcBstcqheeXdfKSfzB1A1xDjwiFL59r9vvMSzLn,1785083467,2026-07-26T16:31:07Z,HZha12tyuyqTiHcyyLFjbM6WwnD1V9PQoMtqWbWMB88M,buy,0.098765431,601766.9581169998,1.6412571289897463e-07,158.24409114140562,11785.563374794881
4s5BoFzHZmVgiE6apEjAkTADPqheLF2pMQdWEgF9pdk458UcxvP7Hw6MziGnGDex9b7p9oT9ReghRKJkc9THpebG,1785083467,2026-07-26T16:31:07Z,6QGy8GDvBC6EhFeBmt592d65o3TXWaeY2johmeR3qWt4,buy,0.44414445,2851813.4001400005,1.5574106285432146e-07,150.1599140650715,11183.47718896023
5NWuoYckwcDTZWW6jqtNnoDJVDr6Udcsms1jnsQw9LQJST5zAghs5GgPf8ahGCM5CKMehQTMb2oSm3vGEAcLrwcB,1785083467,2026-07-26T16:31:07Z,2bhy5b5JFXkdaFxMfQmfYXPMMbbfN1JkkpxXYoS3tf5P,buy,0.940398406,6425576.566733,1.4635237728995473e-07,141.10768216366213,10509.293072587338
5io4XYsS22UYLPS7JoJ7UWivkUpHv8yK3LFZMtaQUVe8NVYHtaxwuQcmbTGv3cZQwmozhcAwVibs9AVyehj6kK4H,1785083467,2026-07-26T16:31:07Z,2iacW5T4gLVmjuMcBYPyP13qgLDSeEFAqyMMHjRJL6f6,buy,0.156846566,1120168.0698030002,1.4002056497431141e-07,135.00277716450648,10054.617360870827
5sj8FKF8sov4esj54oEvrKMV1bJAsLgGBsKMPbkZjCtataKcDJqKsxi5mUUDbR2aacaZFY9kcPPfSY327sbmWYRp,1785083467,2026-07-26T16:31:07Z,61GQNncGerBzXZAT4V5L3ZKrycGSJDwp3DXTVKxRa6rz,buy,0.097777777,620203.307286,1.5765439469820634e-07,152.00467960082784,11320.870003923954
5vrPQxPXJycqH7wXi2XshxMNiPnpXJ8T8s48aFNVJabR3Wuc5829KkCVz9t7Hgcw78kqMEqa39LAun8BRZ5jb7yH,1785083467,2026-07-26T16:31:07Z,FGMJAT3Yrouh1eTWpAzNUfToupBggySqTUe8VfnJquVg,sell,0.042974461,277502.69722800003,1.548614173097265e-07,149.31179156633357,11120.311472083426
Fn6eRL6ZJbqxrR4f2tzc4ku7QHuMrtWrdY1AQQDD4cgYhtg8Bnm9Jip6MHLrFf99sNY67h91HbFZWtU3ebq4typ,1785083467,2026-07-26T16:31:07Z,69xWoewjXMGFcmHdLE75dc7oujePHrGpmLGFmiwneYTR,buy,0.535817714,3302330.0779719995,1.622544389412012e-07,156.43987630209696,11651.190658714024
eoAPtDWPPQkArivnBYiPwXpyzubstkzcNpNizLVAnfHRxqhztSQj7ckigEUhNBaFiC13WdAHWKUSd8qZKDkkBhg,1785083467,2026-07-26T16:31:07Z,EqVjkrxV7i3xVMFBZWJFPWrp9e1fBPYZTtSJtdQc6PSs,sell,0.109656539,706566.730394,1.5519629538579131e-07,149.63466892573112,11144.358446311777
3gWJcZJo7qRsed7DhhH8J8DSjDf8XETbMeDQ21mjTw77AgZW679SsviRdejdWZKoVyLeBhzkrfTmTDUayw6fLuHe,1785083468,2026-07-26T16:31:08Z,881BBEiWCFWCB2AHnQpC1TkH6rYw2yWJQzFhrZf2nEz7,buy,0.019753085,120906.22763,1.6337524863027604e-07,157.52052056835709,11731.673926011736
22WYwuPpoUXq4NbNmanyteQqmTUZTSPfm78rVjmPJSoZVgjXUHkjcq7LZS2SVpqwq37gkwvdbkAfg9DmW3cjdowp,1785083469,2026-07-26T16:31:09Z,1gqtDt2aDkVJ2PzLrN2uuBGKzQxz7hTMv5rCQjf8gXS,buy,0.009777777,59824.214562,1.6344179479141524e-07,157.58468197611228,11736.452482556
2NLeAghKBGeExnH5rZ16xXZWwMCFPaYVmdXPe3bKCt67rLgpctE2Fy2Dho1csrqP83ANwMnbbww5XJ9EJambnAwb,1785083469,2026-07-26T16:31:09Z,BBeft5QozTYdDPagToAjvcvCwBXXjzehxqs24BtCLMRD,sell,0.267699143,1643732.163809,1.6286056140658835e-07,157.02427771587554,11694.715190017076
4kcVDrUXq54pa5fXRfQnxjzU5cJdtReCexFYqwufo8VNexQaQMEmrSBSU9jhtY6XBBGLdXYEiiJTt45AqLqv2xPT,1785083469,2026-07-26T16:31:09Z,GdYSLnFAEshk6DkHDsmSh1zdn8VpCTVJSpaEr3A5M28y,buy,0.244444444,1501424.47453,1.6280835176642496e-07,156.97393906442025,11690.966112483446
56QXkoyhbiwYeueL78LBvSKtBTceHh7Nejs872MoM6oFoTrvnqYAzH7nH8xH2aqShyn5xtzphd6G8tFEYid1Y7cr,1785083469,2026-07-26T16:31:09Z,4MNb2YiPt6D7WHdgKLEzwqcZiQeCiD96nWncpB1jsUwv,sell,0.976059066,6235521.826230999,1.5653205829446506e-07,150.92256333136632,11240.277106074524
5BxMSXuXGsEuvtczNnsMVfJ5gF4pRJPPjsDGER1pLh4MPkCKiegvPMw9GkAgJCXeyTBTEAAaJoYFU2xeJHQztpm8,1785083469,2026-07-26T16:31:09Z,EP5vZSxiDMn2iJ3yoWHjzW12avYeK8kQaTNkb9EDbVsz,sell,0.793580196,5198471.508014001,1.5265644810721978e-07,147.18583981092377,10961.97671870076
5FbSkQ3jBtTBdqKh2DaGYYZVH3mfngd3fYhfCQCkWGWdtG1GNQTFxJjEFmKECW94UiChEB7tSrwuNYKs156cTnQQ,1785083469,2026-07-26T16:31:09Z,CBQcSSyjVKKFwQfQiX3D4EJ6y33Y18uGFNQojGwsMoQY,buy,0.493827159,3248705.533377,1.5200736229444322e-07,146.56001468759996,10915.367069017975
5Uqd1zzA48X7BSfsLJ49bSfEz4u1MojMjm5mBGrUS7NUL7cdcJqnFCMFSxCzgBsxfxyFffMh2ZF7iTFdBjoXSscE,1785083469,2026-07-26T16:31:09Z,GCN8CBHMH46uucpMWp1p3ZeKbkbTcLMau8z1qywbk3Di,buy,0.000987653,6045.821889999999,1.6336124648885416e-07,157.50702020875954,11730.66845817738
B9JyuXJ8mP4Cnmpm4Wozuw2VAMrcnbqn5M2GUC1R4fgs4qSeoouc1M8uBgtzDn4MGCarsSYBo1RHezfuAL5iPKD,1785083469,2026-07-26T16:31:09Z,CnL6TwM9cEkRfnnmdzhySW7KZ62usfwhSnsumY3axWqn,sell,1.042708973,6475870.532699,1.6101448720059912e-07,155.24435956809467,11562.152021425372
59WAzxss36VdjUM4wFdq1oCbnozqdWMgEVWhpo8XFncVtuMyYEGGqeqBFtVFNKJrNKtnR93fKpb6LvAXGrRhomVQ,1785083470,2026-07-26T16:31:10Z,FGMJAT3Yrouh1eTWpAzNUfToupBggySqTUe8VfnJquVg,sell,0.048139545,314503.0568579999,1.530654279832177e-07,147.58016345241344,10991.344805897164
5C9kRFi7gfDae5DmP2vkdUa67S7GsKq1ivJGoSEM1hTDeMsZSLiXyTanJUZuXEm6gnMB7qUBsD2Vsbgmqz7ofkF8,1785083470,2026-07-26T16:31:10Z,Baf7AGwsnTWW4ps6B3zs48wVj8aKH4WCR9h7ytcQS3S2,buy,0.019753085,128997.75963600003,1.5312734931008377e-07,147.63986576181466,10995.7912616605
5Miit7wMNo8DAfZdA7AXDQDmB8bPtgRcr93Hbwa2SF2Y7XJsyQBaF9oGTbKuJptMk9x3RxozpYcr8cnp6zBoLYpq,1785083470,2026-07-26T16:31:10Z,HuWAWix6CctFR1QUAzT8X9K5PuJcWiqjuQ2PDb2sma96,buy,0.049382715,322619.1654040003,1.5306813821231117e-07,147.58277655752724,10991.539422427244
541jGgNkmNvYQp8TVZxsaruCtFiUJkfzm2Ngqiq8BCMHowQdDt8qRnhkMoN2jhQ5UCRd6TiwXikrbQ1MLqzR6zGy,1785083471,2026-07-26T16:31:11Z,EP5vZSxiDMn2iJ3yoWHjzW12avYeK8kQaTNkb9EDbVsz,sell,2.316579174,15595414.524044,1.4854232764563252e-07,143.2191532888011,10666.549350403979
59AiM4o3A1yBgi14tdNrGWoU2AZoGuGaV1Rffe9yadJT33L34P8ks3ghthyc5HvmqCW1NcudewMWqq6kLpoeWG1D,1785083471,2026-07-26T16:31:11Z,4Bv9Sprv71JpoXUducon6zK4ZKQrtngqfAqrb2G7MNFb,sell,0.038762188,315260.792501,1.229527709186262e-07,118.5466258983543,8829.010690482484
5ahxEc9hP5hFQYYuNiL499y5zcEduvZFqK5C9ytxHnpZoyDYwThi24zL78ZdZze7LdNWXZDaTcjfajsj6TC9T7pQ,1785083471,2026-07-26T16:31:11Z,4MNb2YiPt6D7WHdgKLEzwqcZiQeCiD96nWncpB1jsUwv,sell,2.388802521,18706565.478694,1.2769861596030266e-07,123.12239846959247,9169.80103050716
PSQKRD3eNuutpvGjmhitnUv2B4aNDcDk98WBuDikfed6RhXbVRS6sdyDsNB2fDbhAFcFC5UbjUa4fWwhhsEgKnj,1785083471,2026-07-26T16:31:11Z,3wH5bhr4LeT2fVHwdnR5Gbq12iNXGm4VWQ2ESe9ndrmb,buy,0.097777777,637449.0938800001,1.533891536418227e-07,147.89228805324692,11014.590945689317
gmv81ibeYLntmkkUc8AFFx54WAzYQnT1vFbZoc6Jbm3XSELXh1qYt6yBzPDsvUNpLH6US4pyvqH8nUnUERsS3c9,1785083471,2026-07-26T16:31:11Z,CnL6TwM9cEkRfnnmdzhySW7KZ62usfwhSnsumY3axWqn,sell,2.68073191,19427611.5981,1.3798566522001978e-07,133.0408002353951,9908.494979484307
3ZuEh2nbnW6WFP6e3ZGE4dEJDpTN37uescUcpi23pAR9YuRPANCUdQyD7Y1J9m6TJum9RAB4XEANbFBMz4itWnQ,1785083472,2026-07-26T16:31:12Z,GzYoXxQnmuMZ4aroSbAfa8FwDQTBjUTgt7zqMLNsevvn,buy,0.293333333,2376127.816282,1.2345014901554734e-07,119.02617991527653,8864.726490151896
5w31BDh89Bbqv8VrxS4eLuoWFon2S4oYEYGtqDUQB46ueLK5KLXrXzxuuP3Y5gFaaGad8CscuFi4Gf3tsasNc9jZ,1785083472,2026-07-26T16:31:12Z,CNZfgxuxUkhUgcUQdYSR7LTWEHbBbpsDe3bWDnpgLVTn,sell,0.034963385,282059.909711,1.2395730054591473e-07,119.51515712412716,8901.14410197027
2Gbjif8rjzcgwRyzc34L9fiGwTkJPW4KQ1RFnq7UUyUPkYziTyGx4K8Va4YqDLyua6K9CNYWiQ1oYe54i74CKXo3,1785083473,2026-07-26T16:31:13Z,3wH5bhr4LeT2fVHwdnR5Gbq12iNXGm4VWQ2ESe9ndrmb,sell,0.36114926,1921616.95307,1.879402965419426e-07,181.20525352071,13495.644505966045
2Heks77Xy4gMGCbRCGq4QMPis8MtmDtsAV7fmU1KUVUGSaUYWRtBmiJGYJK9Q2FZKEt13va1QDbP9EECPpqdq6X4,1785083473,2026-07-26T16:31:13Z,Sq4hqLzhr4V1TLddaxsGh1pF8aKdGtwm96vYT7VWjEm,buy,0.100130012,542695.20701,1.845050604955038e-07,177.89312285926079,13248.966569781816
2wCqAnGfNbv4zTmoZGMGCcijRGeNiCnuedSVPzYPGJFLpYiA1C2Km6bvBcnX2aLT5KoDtSVg2oE54g2kS9oQpaLJ,1785083473,2026-07-26T16:31:13Z,GaB7tX3irT3KTKr2rQPf5GbWMBpPoHj9wH7Pyu6XogTo,buy,2.407407406,16185992.569658,1.4873399920576308e-07,143.4039560920595,10680.312930035496
3H2MTHZifWkf3nWoQ8mM9VCLNJV1iZCQczP61a8nRRjzD1PSroBZVLxVgpqz13tCi59xjn8umyrgtRWSWXENB4aZ,1785083473,2026-07-26T16:31:13Z,8zws4rkYZGFX7G7uJ8x7WHFh5JLkSb5KePgwSVNkzsxu,buy,0.977777777,5257667.453677,1.8597178037880313e-07,179.3072812552374,13354.289007274207
3k63V19Sw95CJTVB1cY9Dxhi2E4RvbcjjwmANgoSxdqxKWUnjkhL4CQmcU9nqwUqzHKxXFjzFG8eAsdvpvaxqvrp,1785083473,2026-07-26T16:31:13Z,4srvoJDnqZyPZdaTFovFHf6PT5H73rKhz5zLe69SiXCf,buy,0.142222221,818459.733472,1.7376813444037993e-07,167.54096611773068,12477.967801593439
3ny6FjAD9cYDZng5QWsyjHYXUtg3z5SfqcmCqTEa7rrAhx21hVfFnCTf4X1zoRdyemVhRqNAJQyu35ZGbw23BnXX,1785083473,2026-07-26T16:31:13Z,3PPcSduPGrffHnBW7TCU3sk8gcm1EeHNuXMstiB3Ebqj,buy,0.98765432,5849672.372839,1.6883925407273113e-07,162.78871748863625,12124.034033912178
3rdg9zo7XnWWKQJ1seEWb9vkGCnwana7mbdchs2fw7Ryae4E4u8Ti7Lq27zddtzt3XhbQStGaf5Yesr4zabrgUce,1785083473,2026-07-26T16:31:13Z,4mBz61bMYB9QVEnjfWsvoMoTizGA7PR9LKrPQ8LWJzzF,buy,0.089297234,539650.9090649999,1.6547222009635182e-07,159.54234480258222,11882.25356202395
3yidda6oj9WzKW5Qd8Tjb2JVRoi5yyzNrcyTv3Et52FtndspDxcMT6gyxJVERrrwtVyEPZKA8xxNExjaWhXeNBkF,1785083473,2026-07-26T16:31:13Z,5gX8PCN9ZsS58TDKpGZM4Gv2vnDy9gqscxjBap84aKXd,buy,2.283950617,17841060.471083,1.2801652798060147e-07,123.4289177701123,9192.629703703218
48fUHA9PLyoLbUEi91NqmtRDy9LWmT6TwcfGNWPqrhSiAnMM88svof7HVEnZfM8oDLsJk7TY7Skk2QkwdzXDzvkn,1785083473,2026-07-26T16:31:13Z,xrS3uSL35KsqPmuWcCAr3ra2UsDxChuKsWQXjX9VCwH,buy,0.107193921,646065.6918320004,1.6591799000506926e-07,159.9721400663298,11914.26347331067
4gqwENjVHdUdTnEtBN5qjnG3EzufqCyPP1wJgo6ThUbExzFA67puHCdv2dSfXGrhqHNiAnofnnMEbzg14SMWtQN6,1785083473,2026-07-26T16:31:13Z,4mBz61bMYB9QVEnjfWsvoMoTizGA7PR9LKrPQ8LWJzzF,buy,0.097622729,530466.2689370001,1.840319257162683e-07,177.43694337461417,13214.991637840885
4jpWeTMCVW82Ev251JbWiFXGPY6hFPwfpVd8pwTveTvN2h1a7Y3YUzr1cjhbhHTmSAvoQU9zSs6XxQYmW32r8A9q,1785083473,2026-07-26T16:31:13Z,CkzAKX1nggTXvWf74wtr8XXbNxXCacX13TgurcTyqwAG,buy,0.98765432,5599081.04224,1.763957893356145e-07,170.0744561686504,12666.654831479727
4sWWtxdtgTkDmS9DJRK7MPS1s6WENhy9X9DLYz12QsgcwyPUnk1vqCb3qXib68SU9gFNUqTwNx8QBkVS4kG4EFAu,1785083473,2026-07-26T16:31:13Z,AgNaa6DLja2Nc5KEu3oEJ9Aan7shFFDB96fg6N7unxWS,buy,0.625057723,3455313.65037,1.8089753528831394e-07,174.41487720476752,12989.916868156597
4z9uatD9vAgmyhYcN4gAxFCyoLL3Ev8Ya752H4hPWeXnKmKHchFAcv3qHz7PvVS889KGRXk8isHhWMDNZcx2KJRn,1785083473,2026-07-26T16:31:13Z,DvdkAF1wtyphLQzNVwMwHFV48SKHTv1QdDddNikWmw1j,buy,2.530864197,15863980.532509,1.5953525609878734e-07,153.81813830660113,11455.931176510589
54iMMZ5uXezfao3bGgi7Bp8G8CZBjbMUrU3qcdPpp3ydQw4XHjd6wVFt1VhXLkHY4gexyJRsGSdn9qdq4tTfUK7H,1785083473,2026-07-26T16:31:13Z,Htc27SzjE1V7uNtoE2v9GqqX5Gdiz3DNioDqrzQBVgnX,buy,0.098765431,523744.020182,1.885757683031478e-07,181.81795246666886,13541.276555827646
56BeuHqcRkVj9TH6C4JfhkrVo9BXqZxeRdxn6Pf6WcV1GjZTwJ45yszsWHVD2NV5DRJBQGtdZSHMd31kVziCrizW,1785083473,2026-07-26T16:31:13Z,2SpPHM6DVFkcwcNtt8Ls4qCsviDAt77Cz65F8MqHxssV,buy,0.296296296,1618303.81682,1.830906489377429e-07,176.5293982636178,13147.400296237012
5eXeQm1MjWD8tFvugQmkDHT7eCZt697v1tt3eEvD6fTVcYx53J1e41TY9THjwa5BdWDxnEVWJLjgMM7Bu4yxvazA,1785083473,2026-07-26T16:31:13Z,4CRdPC5wqhQxNBLVAY2YN9NYbgwfGL23dNzmQMixhzLW,buy,0.012885491,75289.415776,1.711461148581194e-07,165.01290943227286,12289.685433091523
5gAwjn1sVBVkP9cYLpcvQfqU79n1k8uQAuQbY2ow63BeviL6nEuss5uLvbaNEBPgLYLRNZzNNJ4RdsZcTB6x5D42,1785083473,2026-07-26T16:31:13Z,FzczrxtQeuejaiq4wXdzj9kSDQFH8KGAt6ZQjnLjAXfv,buy,0.488888888,2837375.531055,1.7230320154985622e-07,166.12853067571822,12372.773684741587
5hTg5Rza7aWYkeLAn1CwH64jCWnwieQJR48FdHrDA7BwEE463HGA8LZxcGoTXGg1m8wsXAXhEAXKymwZkRYyEfdf,1785083473,2026-07-26T16:31:13Z,9B4UcQwAgb129HEGDmrhLRdCxmB5TkXkiX3Rwma3gT5E,sell,0.877909521,4860241.26168,1.806308522010572e-07,174.15775099327803,12970.766849732703
5k7SqiwZpA4X6h6Pgmy6iJHZNqmp9CLQ2vURzGQV1Y7VR36P98mjCD5oToysjmd7ERi9zPywm5A5hoFxppWuD1CJ,1785083473,2026-07-26T16:31:13Z,9FN5a85fCj9nmagX1HQ2kx6T6S4ZvAPx83SJHxnkQ6Jb,sell,0.088391518,714475.220029,1.237153025354921e-07,119.28183137314669,8883.766673180879
5zEFuAnDf35RBA4Ebr1uwPi9YPHewJfAzRWnw3zVmGDcgeTirWEQouUhZzad9i6VBA9rezVNVbMjExzWcd1519zx,1785083473,2026-07-26T16:31:13Z,9oT5cdy1XZ76dzy4z7t29jXPSadq84RbeeqeeJfsEkog,sell,0.906949628,4905524.761432,1.848833044592047e-07,178.25781204298676,13276.127568059243
LZ8HztfYkmzziLNEaju9iXugxEz8viaZeMNZwTXvRd1SDhVeVN2Nc7iLQNiZPHD2iJkzi9PLgtr3w48goEB1GrQ,1785083473,2026-07-26T16:31:13Z,FGMJAT3Yrouh1eTWpAzNUfToupBggySqTUe8VfnJquVg,sell,0.231713059,1258012.227436,1.8418983054899453e-07,177.58918951752648,13226.330491335628
LixtyjLuN9hdGs1WW2qRbn854ukCqnH6wneqVbMGJM7AedEb6hur5X7ZtRiezRaKMSDFr1bCtzDsmsykiyb4pAC,1785083473,2026-07-26T16:31:13Z,5gG5eAkNkqmYD2Bfiet5DAtDzSUKgH35oMdp3esP58ww,buy,0.579847202,3222647.298071,1.7992884370159983e-07,173.48089972477172,12920.3569199669
TASgSf11e28RGrg7BQjqzBsL4dFAK7JMzWEbq1LkWn5UT9Bd1hjjw3MkMvkt7sdw94kgNuxrX7NJVyeK5z2dN8f,1785083473,2026-07-26T16:31:13Z,6FWPZ1BiXS4WU35oaggD8vNFkontnGsgbE1ei56STrqS,buy,0.148148147,827310.158838,1.7907207522760478e-07,172.65483447216008,12858.833963146537
fMQQK7P8rCYLFfywif57uT6ezxpUsqgC9x3anH3we9QNcRvgAbytASpg9CWd9MJVeRCPDkpRiH8Lv8zv473QDaa,1785083473,2026-07-26T16:31:13Z,AXK7nSEeikjmW3vWmSNy6VkRTLXvTXHYeMYrKCqLW4FC,buy,0.094763685,569572.5947659999,1.6637683391163193e-07,160.4145408071234,11947.212204161035
za5wkPeCcwsEgX8cCevqjUsZU8HhdgbhvN3qNdC6hYJzhSNMFqMrvTLtyRj2t7SqkVXeZQhgAfCy1greKNUvL2E,1785083473,2026-07-26T16:31:13Z,831yhv67QpKqLBJjbmw2xoDUeeFHGUx8RnuRj9imeoEs,buy,2.654320987,19228460.386873,1.3804126454201545e-07,133.09440709578203,9912.4874637904
2DKhQHUmdpBv9C64jJuJmwvVyn6RbbWcty2tREUWQNQTLsXSUdySZt67J4Uy53yAUNiT73j65MvGwCgJToMmmLpP,1785083474,2026-07-26T16:31:14Z,GBeHpC6j6KKGHHDmJDXMMdSKjRZouCNsc7JPwyLNadgQ,buy,0.977777777,4861471.546276,2.011279440170745e-07,193.92030743965347,14442.62503898155
2Mg9x55PQKvq9FrKok2swFtmxuo72raJ2jW1dEM1y2EY1vELA8Qm29DTngS3TNSPosrWYeMgYWSX4GewZLD397t5,1785083474,2026-07-26T16:31:14Z,62YSi9Kg2z25q1zHhR8LDeUjr3Dh2gb7FkfScuwhgMWD,buy,0.000977777,4803.055301,2.035739625559643e-07,196.27867026876058,14618.269098628398
2dBHbuAUqmYSRdpBnMcoCh1EVzh1zjeWSFPi8rm1AZdwYYEELYP4a7RpKpcqFAFr4F1poKbRT2UzFXsNSQajoUVt,1785083474,2026-07-26T16:31:14Z,4CRdPC5wqhQxNBLVAY2YN9NYbgwfGL23dNzmQMixhzLW,sell,0.003065471,15057.883154999996,2.035791464474278e-07,196.28366838988813,14618.641344270425
3cVd6GLJErMn6EdTu3SBsP7f81maFQHWxJmNK6hdFH2p9qMpLuiXbDCrgmY19YxR8k3seGnuy7NL3wVufgsBYMHZ,1785083474,2026-07-26T16:31:14Z,8CCAxR3ZsLGER5qxEYM8rBdUzQ6AW9Kw7wdRCWpF82fR,buy,0.977777777,5106682.938759,1.914702339514375e-07,184.608691819835,13749.122771582286
42HgHr5cnq9cBMrwaCo4G1aL4Nb5X5VMnbanFXdtfthrvwpTKc9ZZUCBQafUdLSJByTD6gBBvBXmTXA2xAyUgGBa,1785083474,2026-07-26T16:31:14Z,3JviceZKAh4DMLyPXun7Jvc1Zbf7HThgQ8dPRZo88sY8,buy,0.019753085,97006.642778,2.0362610677296602e-07,196.3289458415637,14622.013478245997
58yxzqtoYUvjvxMkS4uQWysUbxQwL7cWcyfZ5TGWf9A9Y9sfZZ4E7YuwwJeAx4ETkQg1F5EryD4H4inPjANeXrpQ,1785083474,2026-07-26T16:31:14Z,2qJ5eezwqYYvUrfFX6DguaNd4CQfqxY19NxU9DKubveW,buy,0.977777777,4981814.958749,1.9626938878627742e-07,189.23586377036045,14093.741189089327
5M192Vkk39jqTds8Dnf6QcMj1HVYbVUgfZiTk6dZ68Bkv8DW1m7Rx6J7qPQm4fRCAZDeaokzCwuj1G1z9PcEdrdq,1785083474,2026-07-26T16:31:14Z,8NsfpmaZCjGqFRr6kvZgCe3buAqBzA3m8v9nY6NW2anL,buy,0.977777777,5236305.179274,1.8673047951257232e-07,180.03879158809414,13408.769786461698
5cdc2FG1Q5y51dwtQPJH1QXCvsGyAcrwj3XKWBBcwbCZWuJuwKEsa9nWvjyMiLDV7wczD5Pfna886UV1QXHGrrxS,1785083474,2026-07-26T16:31:14Z,2Ffd7JcUMupQGaZ3AKb5xaoWBS2fL1HnMne5qXBLooZp,buy,0.073333333,359723.555756,2.0386024719977444e-07,196.55469559390485,14638.826668513451
5qQCcdZPnsPiWez2tq5mfcLq4YdGik1GwWQmhNV4VNjAdNoSavj4Pqg4k2dLBvz4Ji9vBeieVykzJRTwNWsVtfzM,1785083474,2026-07-26T16:31:14Z,BGgGo8bAfF8CfW7CZYZsZfrbzU3q7coHncXEvSk6QuVX,buy,0.647279496,3540119.790612,1.828411280647939e-07,176.28881923999504,13129.482664626878
24tpdbimSe32GkoxqELas5phfwsDfJHhr7xvVnnognKhYjmf3pvB2NRz9oSz7JHeJ4xmduhJKwpEfHi19DZGSYX1,1785083475,2026-07-26T16:31:15Z,8XaSwG4qmvGrvsniBW4VgpW2NRELsianbLw98XpivjUP,buy,0.097777777,477755.502167,2.0466070313476296e-07,197.3264663280187,14696.305926235518
2iBAShL3ZbFcxyVb48mUc1QbFUFwTQNYqpfTDwp8zdnvrLUsHXoiJM7DsjfgcrdtzhEhy6NX3gGcXfV2yqVMLDjS,1785083475,2026-07-26T16:31:15Z,5T19jxWiuHqUJH9UMEunrajMFteyZY2FDg4KZXoRbYtr,sell,0.095026614,454538.577214,2.0906171393074253e-07,201.56976216029324,15012.334357935923
3s1tUSZ9YfRUuRJefVNGBCBnFywajoCQmAmKZer4qr9rQk7j2aUgw6T3CZUTa21MBaN1TLyLhj5EcLUpjyZYYePB,1785083475,2026-07-26T16:31:15Z,3wH5bhr4LeT2fVHwdnR5Gbq12iNXGm4VWQ2ESe9ndrmb,buy,0.293333333,1426389.151717,2.0564747891338297e-07,198.27787993341883,14767.164466742192
54U7eo8cJX6syBVszpDmT5nYzTKipLsmbyoTwmjuFhF5SkgtH2TEAP6BZXJ2cp56ZWREEwSq58FpVQQYg2qhxcQL,1785083475,2026-07-26T16:31:15Z,2Ffd7JcUMupQGaZ3AKb5xaoWBS2fL1HnMne5qXBLooZp,buy,0.073333333,359073.150318,2.0422950848609822e-07,196.91072400417585,14665.34263737024
5MYQ7YbqghJrQ2ZtP4RYjgowZo5yhbvfG1AaPaCYUVVRcK24Mo1BeZCA9uj5espguhD9dkWAnRsbkqntqYkyE6mv,1785083475,2026-07-26T16:31:15Z,AXoLu2c3X26Ro2rGGtsuqWdWn9gDbqLSkLXduATWrHnw,buy,0.342222222,1641893.916476,2.0843138437013774e-07,200.96202113863586,14967.07155997271
5g3wT7kPQNznz1DTvLR5W8PGfbF1k9cwCWAB8deYKnMLvgEB4WCkyMDCUkT76SxNE65kxiM7AXhRuAaCScjFPKMh,1785083475,2026-07-26T16:31:15Z,3PPcSduPGrffHnBW7TCU3sk8gcm1EeHNuXMstiB3Ebqj,sell,0.401131595,1930391.8830360002,2.0779801164990665e-07,200.35134601225624,14921.590238354664
C2NwyXw9uK7W6Y9tDdZqvrq2YToWvahUwE1PjSSR1ynqKFSFG9DLAW3etimA3dVqNJu3meoZwHxP1UitVCudRZd,1785083475,2026-07-26T16:31:15Z,EDSgD6RufFXh5tr5Dc4UXoQ9sRMnPm9ro5vqS9HR6hs4,buy,0.098765431,477958.1748859999,2.0664032166320205e-07,199.2351430935683,14838.458665210661
HCoNcniyHdv6VnM11vK2MdS2smFfNu9JMT5H1WtTtjqWynEUcWHHXAB1LfKdiSLvHanbQVVAT7SWyrDQPrK75tv,1785083475,2026-07-26T16:31:15Z,CBQcSSyjVKKFwQfQiX3D4EJ6y33Y18uGFNQojGwsMoQY,buy,0.493827159,2393635.672963,2.0630840548457745e-07,198.91512148882492,14814.624379350114
ytD5xtY8LxwFg4eJowxKouZVtQRN9GaM1TRMUCNgZz3PVD8sVt9VG9HcgALp9M3kRK5PqV5qXKSFWHNhhkWBThL,1785083475,2026-07-26T16:31:15Z,3PPcSduPGrffHnBW7TCU3sk8gcm1EeHNuXMstiB3Ebqj,sell,0.3614647,1754901.7118509999,2.0597432754153597e-07,198.59301558882171,14790.634861191798
2LNHwPiEmzw7avaqf9ynwf3qs2uXLqjykxpkJuUpVUvrtNHo7pe8iwwgMpveJgLcYsqiY4KMsjZsDNSg9qPZp1qH,1785083476,2026-07-26T16:31:16Z,6YmahBmiUXyLJXvvpnZHSwmgghA8qM7jE8tDSDf5ir28,buy,0.488888888,2249631.061023,2.173195847401227e-07,209.53170327184753,15605.316761763923
2eJEUiHLwQJnYVfzRDvvVmrRRWLQjuCwPoU41D3mj6ViS9HRJV5qm67mNqudv9BsKuupWorPVSSom1QppjNutCEp,1785083476,2026-07-26T16:31:16Z,8NsfpmaZCjGqFRr6kvZgCe3buAqBzA3m8v9nY6NW2anL,buy,0.977777777,4579329.226112001,2.1351986911632584e-07,205.8681545514003,15332.466222384875
2tJmnUA673exoVyJvp1E5jLW33kEvmnYJPb5TVNyfUTfZc4hxweXWDZ1DTzr5XdyAY1pcKzoi4NQRzKKsEfgfA2r,1785083476,2026-07-26T16:31:16Z,2QKPVT9kiQr4xr2te69p5g9wgFNmUwdjXfKkNQ52xiqs,buy,0.098765431,451290.839013,2.1885095477675968e-07,211.0081950132602,15715.281606992998
3q9HSqMQp2eBT2kd282oYif4MoP3myDLBajfKDBMnDQTZj9xqqshX5rnoDEhYXV1AKphDwfpCT2ANzS4H19Q5jYH,1785083476,2026-07-26T16:31:16Z,4CRdPC5wqhQxNBLVAY2YN9NYbgwfGL23dNzmQMixhzLW,sell,0.003992852,18822.353943999995,2.1213350954293375e-07,204.5314766670419,15232.91430986692
4My4ht2bAsfzqDdEb9CCyq6gfFnrc1LHYzjLgkNCoPTgszme4oi7xTKz8fQLWDRHB8Too7oKnMXb8ZkXjq2BszJZ,1785083476,2026-07-26T16:31:16Z,CNZfgxuxUkhUgcUQdYSR7LTWEHbBbpsDe3bWDnpgLVTn,buy,0.073333333,354323.450493,2.0696720157236326e-07,199.55030890899076,14861.931305891514
538pC9hfDQuBZ1K9cVnwQ9sWJvXirKtiHJATwVQUYRZ2z1ssPsKyVUBZsxyPDQhJH6tfgRtXiyUa8TFVFYYSUnHs,1785083476,2026-07-26T16:31:16Z,4qm3n6CUu27JbQgXXiHsskYJ3XCcQXgYyi1uZc14h2ZS,sell,0.215870452,1020330.588665,2.1156912710266263e-07,203.98731947960687,15192.387052437543
5cN6jEdyLwtPX7M7R9mVm9euWXfooLyEywuzhVX2KnK74kK8tg5d7NdrCRgwpCnmVwPQJXdPG4Vvqqo43hXnWPbg,1785083476,2026-07-26T16:31:16Z,8NsfpmaZCjGqFRr6kvZgCe3buAqBzA3m8v9nY6NW2anL,buy,0.977777777,4664221.387731001,2.096336549487113e-07,202.1212070556502,15053.404382826324
3LeU8dGybWozWQjTi9mjHuUtWmFjHM19gKiGvuSpppBDbr8zGG6aHTSrPNey1aKcX3STfNnvfwvSjV434JVnuan7,1785083477,2026-07-26T16:31:17Z,2iacW5T4gLVmjuMcBYPyP13qgLDSeEFAqyMMHjRJL6f6,sell,0.049471398,224070.28293700027,2.2078518111172023e-07,212.87310626349196,15854.174816650566
5f97wdocYyknApBfK3Q9t94Ymdxm3cbtDupHKcmGHGeDao4bMVyUU4m2pXnVV73mmwcJGta2jFeefsHNbgDoMy9Y,1785083477,2026-07-26T16:31:17Z,6P93ebg2C4VU6jcmZHFp2w9T9VXMe9QSXGqdnr4yneFe,buy,0.296296296,1347526.191388,2.1988166010695813e-07,212.00196390742641,15789.294647212173
m98KKkGazULk6WWSh1VVjVyLXB5XL4pfMAntWsQUrhqMXXQz2C3ocxKxCWgkeZaPZJFjayh9mQA4wg9TVfWMD3n,1785083477,2026-07-26T16:31:17Z,8yGmi4AJNsvk9sGvuAUiDmCVvqS99E6wmMnEgFgfQhNe,buy,0.049135801,222549.37526799995,2.207860657475643e-07,212.87395919745742,15854.238340711603
21WZ6UtmxDPn3J4NAhN1TPgavfecsfyGbJKHiGSkAvaAawuAKFBhi4xfTkpDzJdfDTueyDWwJpYPaqCVRdQuRDgb,1785083478,2026-07-26T16:31:18Z,ABuKAMp35w6NGPJSxuCU6BvB7NxFkBzZDyyTSzcDpbn5,buy,0.020139964,89791.96586100012,2.2429583545566976e-07,216.2579525265018,16106.26840105488
27EZWTjpsohV3PrVXLqHHwTuyYGyAwAWkwbDs6swNVfRRmQfTbyo7CT7ee3uJGeGtGMYQK2gX7tFxHyyeKCmmPeB,1785083478,2026-07-26T16:31:18Z,HwWgT4qXsTFCssX1r8jecbkMFsz1RnGeTvyZ6bn7rvcL,buy,0.018715453,84798.63168400014,2.2070465794474893e-07,212.79546873096808,15848.392597212081
2GRXLjpHJBFEY436VfrGkHg6PBNBXwN9YeK7DTp2DLboQFUWZhyEoifCU4TSs8dad8bZyuW2hFbomF5ZNLw8CAop,1785083478,2026-07-26T16:31:18Z,92dpPnZkPfjxj6DJpeDFPkrycdXSqWJbbw6xik7WV4Wk,buy,0.018092606,80734.22022500006,2.2410083295010842e-07,216.069938145831,16092.265632403074
2KMGQE2JXb5qhvigxLm9sbKjMZ81XenH3RemhfKx7Z6UxEBP4H7iFfJ2YDUGpqcThoz4VzePDv9Uv3H4Ry2CYBLe,1785083478,2026-07-26T16:31:18Z,AXK7nSEeikjmW3vWmSNy6VkRTLXvTXHYeMYrKCqLW4FC,buy,0.0211617,95120.3117180001,2.224729883427775e-07,214.50042910391093,15975.373126986657
2RRFWgVWNFtNaLZyV1i47GUr85HK55Sg3vvy229yFZi9nFDqDkY2o2fphwCK1gF7S5YaUuDxA3BQGaR3QixhYjtU,1785083478,2026-07-26T16:31:18Z,FzczrxtQeuejaiq4wXdzj9kSDQFH8KGAt6ZQjnLjAXfv,sell,0.632087682,2837375.531055,2.2277195072764144e-07,214.78867784959883,15996.841061969293
2cjRsmscm8Qt5SY6XmgJuKHSQx2JkqMbi4ayYBzejWoUeWr6dXEDNQTBWT2qNWaTZ937vLaxCzTp6DnjhZ1ETfHk,1785083478,2026-07-26T16:31:18Z,ABuKAMp35w6NGPJSxuCU6BvB7NxFkBzZDyyTSzcDpbn5,buy,0.017851525,80810.19110000005,2.2090685292291045e-07,212.99041783423394,15862.911843996128
2cogEN7igh6i2mr18tX7BiLUUjtLmL3caC8Gaj7kF8FPacujmQjUShRRWSQHZUkDDWTxEoGQAoV9RUigQh2eXLYo,1785083478,2026-07-26T16:31:18Z,Gg5KQdWQZi5Peam7MUwGCpsG5E5XzPa5tu6riW16cELF,buy,0.021181987,94391.80988199986,2.2440492481794567e-07,216.36313255394316,16114.101906054855
2diNp8BGCAFPmojKU4wUAPLgZkqE9UfRjbrf8a1hA8kxBkSDi4EpJnew5dYwwKku28LorWPdFiFLw8WUHbXBSPAc,1785083478,2026-07-26T16:31:18Z,ABuKAMp35w6NGPJSxuCU6BvB7NxFkBzZDyyTSzcDpbn5,buy,0.019090373,85730.72221399983,2.2267831772543426e-07,214.69840028690982,15990.117449550535
2imYwSfDPZLvNAw8eVcbvWfdoCjFuzsNwR71uAT3Q9ZJpRFiqPLxL39332PLew2XEk4oSDDEfifcBUXMrpbknf7M,1785083478,2026-07-26T16:31:18Z,2fg5QD1eD7rzNNCsvnhmXFm5hqNgwTTG8p7kQ6f3rx6f,buy,0.044879508,200532.65493400022,2.2380149514686697e-07,215.78132743528766,16070.770739322272
2wJkMSw9Cm5GTYMvAH298YUAubpWaoYSoPB22bmiNT72utTpBeHVSCpUew8nsv2KhMyR4HABipaYWoCkr2Gd9Amn,1785083478,2026-07-26T16:31:18Z,2SpPHM6DVFkcwcNtt8Ls4qCsviDAt77Cz65F8MqHxssV,sell,0.199316761,890067.0992510001,2.2393453388820568e-07,215.90959858998906,16080.324004862789
38mzx4smftU9goqhcdYoYRrRrbWL2QisTrQ7V5mQ3RN1vt1WF6zG2dNnWMTD2FhuuCAgr5L3f9hzDfrMgqXvTDpD,1785083478,2026-07-26T16:31:18Z,92dpPnZkPfjxj6DJpeDFPkrycdXSqWJbbw6xik7WV4Wk,buy,0.01952726,88314.68231099995,2.2111000672838067e-07,213.1862914041988,15877.499942392837
3AzJGcoK82wqESJaR2u9DFnVnLMV5rxgyK22yEuAD3fJDNtnKBGjFupC32dSrokAyQs7p5YdhfvyvQJhJzDNsY6k,1785083478,2026-07-26T16:31:18Z,DWbqhUVCCUiCJDQx3nWqhG4UxMMZfYtraj5iW9p6B8ox,buy,0.020317208,92013.47574600007,2.208068745939446e-07,212.89402233640737,15855.732585418538
3H4vkupEqVpNTZxopPMmTcsuVdBCBZf1Vca8Dq2sQZnAR2Vaa1XjdVAjrHxVswJDYmoJyEmrV1Bk2qB3kAPr2a8K,1785083478,2026-07-26T16:31:18Z,Gg5KQdWQZi5Peam7MUwGCpsG5E5XzPa5tu6riW16cELF,buy,0.020579396,92548.54094300012,2.223632678625877e-07,214.39464057534613,15967.49430257853
3oZQFMDwvg1sSWTh3ngsVEghY8EPUBLx1VechgfpvhnKrSfCAkvEenMpwcySqUUEkPfDJmtg8BD8PpPiH7uC7g9N,1785083478,2026-07-26T16:31:18Z,21rfafknVM3aVpxZLzC2TyWmKsrT7X1QZdwps6f9sxaA,buy,0.020076705,90842.261314,2.2100622231985227e-07,213.08622622177162,15870.047376293212
4ETtAmN6AKM5xgcH1hSjRT1UXe2P3mpRNNUAhs7yUbjtP5Hc9SQ87pT67KXKm1iVZTW1kUeJL6mnmvhpU5cpYYiw,1785083478,2026-07-26T16:31:18Z,92dpPnZkPfjxj6DJpeDFPkrycdXSqWJbbw6xik7WV4Wk,buy,0.018916804,84989.41040199995,2.2257836488714898e-07,214.6020293662778,15982.94002141149
4NzixsaUHsU4VYLwKEfvWgW6c6apeJw3z2CJKHCbtZ32xR4fcBDXndaPqKFaFpDjSLZYcr8ysdKAKzL2y4WA2uvX,1785083478,2026-07-26T16:31:18Z,DWbqhUVCCUiCJDQx3nWqhG4UxMMZfYtraj5iW9p6B8ox,buy,0.019308877,86919.66570200003,2.2214624094620397e-07,214.18539105234478,15951.910001789225
4TBALwYZQiCHLkr6UGXwXeM5Kfgaxv784KDikoJWeTqhGidxyBdosUUBtPwVvpvjpCoRfpmbW8KsCch8piTWAvVC,1785083478,2026-07-26T16:31:18Z,suqh5sHtr8HyJ7q8scBimULPkPpA557prMG47xCHQfK,buy,0.052809693,235440.6067189984,2.2430154991500294e-07,216.2634622020278,16106.67874579267
5DfKjvQcYk5WhczRwUCXNhiAaeK8qovoV4XPUTqmc1Mun3wSZk9fsUuNz617b8Mo8gpu1gcsMmiqnHE6yYV1TXa6,1785083478,2026-07-26T16:31:18Z,AXK7nSEeikjmW3vWmSNy6VkRTLXvTXHYeMYrKCqLW4FC,buy,0.021135628,95542.68929999997,2.2121659077059292e-07,213.28905589242032,15885.153545000536
5cYXtvUzCEh9srsHirfJTdv8uP7EYQ9QkWuDvtpT8Y7toj6mWRwVv2CprhKg4qoveFWRkaFzdbj72Hg8nJENUdRU,1785083478,2026-07-26T16:31:18Z,8aQh7Py8R1ET14WGTDBq2nXdoR1EfeL6Jz148p8mhc3n,buy,0.098765431,445409.412921,2.2174078080724693e-07,213.7944610143268,15922.794660388863
5f2qZxMM9FP1WkH8MVDqHzMFyAfCAbgARJKPsUwmCL9oYW4frZWgJ7S4Ry2Y3H6ScPpe2Cs1bFz9pajFEdbFTEGc,1785083478,2026-07-26T16:31:18Z,FxN3VZ4BosL5urG2yoeQ156JSdmavm9K5fdLxjkPmaMR,buy,0.045927257,204994.8811319992,2.2404099432330103e-07,216.01224390068788,16087.968731472425
5uXBP43QTicz6LjSpYfDYG6dReJooriWmHHzz1xDdwzGMuzETvxC19fY6MBwvFkFSiJNi28VpTjcHTswk4q67MSN,1785083478,2026-07-26T16:31:18Z,xrS3uSL35KsqPmuWcCAr3ra2UsDxChuKsWQXjX9VCwH,buy,0.020724001,93592.77771000005,2.2142735269823832e-07,213.49226493930493,15900.28796855541
5z4gNkmDGF4PnnTmY1aH34FXeveSFKJT1YH9qeFEz2HjBe4qNCUaxs68eonJz1rNniJyYahuW9icvzTYkaRPfDru,1785083478,2026-07-26T16:31:18Z,21rfafknVM3aVpxZLzC2TyWmKsrT7X1QZdwps6f9sxaA,buy,0.021352945,96074.91521899996,2.2225307148412869e-07,214.28839320283933,15959.581304797366
65ZD4A4NG6qGusZm7yfYVi3i9Jz9wJAkix25ied7Nh55vPDhJh9q6nVsQFe1oYADFDptSQ1UsRjsKGbG5cF5wu3N,1785083478,2026-07-26T16:31:18Z,FmtfLdh9urwekvhn3SVUtV1dxJj9sMt82wxKrZsJioPU,buy,0.296296296,1327067.852457,2.2327139901054962e-07,215.27022786516275,16032.70551785909
7R75tc4Unqgwjs9YzYLbZBrW22ufRpKdamJJV4BNQEfHikWULHvSvpF5bUNzyWsrcWbGjv2N7wYAxG7haGar5YR,1785083478,2026-07-26T16:31:18Z,xrS3uSL35KsqPmuWcCAr3ra2UsDxChuKsWQXjX9VCwH,buy,0.018156107,81766.64840000123,2.2204783191284293e-07,214.09050861272422,15944.843431421652
ADh5nr8HgfhyNwz61EXD8wXVyTB5KYLYpjpnhVsxmekQ3tcJ5hKYymg3Kpuzn6Y3LQRS2U2ZoLjspQBj16TbdT4,1785083478,2026-07-26T16:31:18Z,2iacW5T4gLVmjuMcBYPyP13qgLDSeEFAqyMMHjRJL6f6,sell,0.044892347,201663.25464299996,2.2261044571293832e-07,214.63296054110978,15985.24368607669
FjV5JjPGLtPKmKQ8jQ2CWH5Q8eBtFMArzKm9gRdGHunr5eZ9np6JNvVQiEZfse4TpwzFtJmN7RqNW9Zxaax4hr8,1785083478,2026-07-26T16:31:18Z,AXK7nSEeikjmW3vWmSNy6VkRTLXvTXHYeMYrKCqLW4FC,buy,0.017828731,79523.10044800001,2.2419562239852771e-07,216.16133071223612,16099.072287081826
M4Qx2nWhKAj6HLZKkXmQE64Gc6T72RFFqMBG1Coyuh8udTjGjobFhoECpQowg3RqzMCqV4QbKqhouD63gj2uqmT,1785083478,2026-07-26T16:31:18Z,7NAd2EpYGGeFofpyvgehSXhH5vg6Ry6VRMW2Y6jiqCu1,buy,0.051939098,232341.59463199973,2.2354627496753257e-07,215.53525334606448,16052.443851079455
uy23FjRJDbBMbj7mjXj1psdyQtNkvtqU3RSWi9yS1ukAyyBsGVE55rzWXc2uZTUoYF3Sgv26DqtdATaHVYEDEhM,1785083478,2026-07-26T16:31:18Z,Gg5KQdWQZi5Peam7MUwGCpsG5E5XzPa5tu6riW16cELF,buy,0.019259456,87019.87395799998,2.2132249937865402e-07,213.39116915140124,15892.75864593319
2ogwdTzB1AiBi4VSJ7u8tDFLHBHbLe6nXtkaiX7tAMd5irK5U821mM4vFJkGRX5ujQm1SJkBJhA8h5oV6vh3NGD7,1785083479,2026-07-26T16:31:19Z,AgNaa6DLja2Nc5KEu3oEJ9Aan7shFFDB96fg6N7unxWS,sell,0.760664241,3455313.65037,2.2014332647299527e-07,212.25425317730645,15808.084424179548
3oRqGdz19Hk2yBv7Y5yA2MxUGUBQz9qDUJTs72ugUhNMcLm4dodyzjAfjeEH9YJAd1xP6hxppWKrEYgebALBu5Gn,1785083479,2026-07-26T16:31:19Z,4mTSjV6re8DPPdanrjg2KkX9J84f7b4JUm75LJfUAp9R,sell,0.066472227,314430.215378,2.114053413094819e-07,203.82940312679438,15180.625898067961
3tDCtB8MjzSeny88mTeQFrr3dHBbmqtpEVg87wMbS5NWARSBuSb7pWRpRLADEABtjz5jXLkTYUU5UyCUJSAMv99w,1785083479,2026-07-26T16:31:19Z,7NAd2EpYGGeFofpyvgehSXhH5vg6Ry6VRMW2Y6jiqCu1,buy,0.048178462,217764.03944000043,2.2124158848217176e-07,213.31315778407117,15886.948584356853
3zqY6SLoXCTro5MUH1sBdzVGLDw6AC5cBW94NJ5guPTHYKXiF4vTzxUYqhdqqtoqT6QcbczNRikEhKdS959cYuMp,1785083479,2026-07-26T16:31:19Z,HdrwHwmMX44HU6Hmyaqa3oyBjjmgx1gbGwsiUpqA8Yrd,buy,0.000977777,4621.458464,2.1157325281978342e-07,203.9912973472094,15192.683312540452
4m5EsdyqFw7t6UbHubNHd3UurinQ2dMv9soG5oNDUohA1hu39pgE7myTCWSdcAHrhkYpFWKJi7dbz1qmyTFqZBsA,1785083479,2026-07-26T16:31:19Z,7MUrpzoaqifpVyxPXiiBfENHKHFoFJkwGEivZ8bxem8T,sell,1.275840974,5938518.671916,2.1484162035788694e-07,207.14253941311057,15427.37873029106
54acEFRDQF2ZTABKedYsYQiqGb4v3tjzPvhiiZdQGNUZSFzwuK7Q6EkrfuQV5B3mccoDyLNbbZa6XgYVXgYyFxx2,1785083479,2026-07-26T16:31:19Z,suqh5sHtr8HyJ7q8scBimULPkPpA557prMG47xCHQfK,buy,0.053496732,240975.15069499984,2.220010314163486e-07,214.04538526244653,15941.482774473612
55HxCpjB7aWucWSK4LhaRqBSPxX8r1hJPDK5MDAA1dAbP9YJfeYS1fM67MXwu6Z69CAvWrWkEWwrp8KNv19YUvZ,1785083479,2026-07-26T16:31:19Z,ERoEVUWTjLA55iYoEzggXgfmTe5icpPpexTeWChzdL1k,buy,0.097777777,462337.890235,2.1148553701774453e-07,203.90672493544523,15186.384603303242
5VvJxw6YH1VkcMh5MnawKD4GEuYfRBhXLUE37x6F1FT1Dv3u2GcJUnfse2GECMy7qw8Esb8JC7eAzJmRcyeQCeET,1785083479,2026-07-26T16:31:19Z,FxN3VZ4BosL5urG2yoeQ156JSdmavm9K5fdLxjkPmaMR,buy,0.046869289,211608.2493130006,2.2149084051384612e-07,213.55347760063603,15904.846910973127
baiApMVVCUbZBQgQR6AWspwVSsz4iQ6XNxriLa9CJUBtb2w2is3W8953E6SC7iHsxqjTtNUdXez2mKLZqoj55si,1785083479,2026-07-26T16:31:19Z,2fg5QD1eD7rzNNCsvnhmXFm5hqNgwTTG8p7kQ6f3rx6f,buy,0.047011071,212012.58881500177,2.217371678859173e-07,213.79097756592574,15922.535223201685
2fzUQLtvBGW4BG7WJgBfpBcKVezeGAJSDgAV2JmTdgzfjgrYGNQ4Anbr5ZrdZ1bZRUaAZAzJb2gyc5zGEpYBM4Kc,1785083480,2026-07-26T16:31:20Z,D9XWSKpaGnJAFMzZxBfWMSUy5qSFRyYWV6ZKepoJxyTd,buy,0.009777777,46173.559894999955,2.1176138513545315e-07,204.17268773864558,15206.19274558424
32nU7kgFGuEGGfqJ28rmApv1JmTJVsBtxgQbFjq1P1o6pZgFM9qbBzBY6A4vU7DdDBhpEBL4YA79dP6kxPk8jRNC,1785083480,2026-07-26T16:31:20Z,EyZCZL5qm5yiL5NJyrZVWPp1hKcbvB9bBrmu8z8PCYDL,buy,0.097777777,458851.195438,2.130925624083107e-07,205.45616083966482,15301.78211933463
36qYUYBLSSvis7QmH7VTX6T83zTXiXgCGPdiwqBvWTdF71mGuz1R6cTuj4GgVimDMJyKzPE6jnagaH4acYFU6LJ4,1785083480,2026-07-26T16:31:20Z,HdrwHwmMX44HU6Hmyaqa3oyBjjmgx1gbGwsiUpqA8Yrd,buy,0.000977777,4583.04036,2.1334680107421092e-07,205.70128858904522,15320.038526916143
3W3VAgYMiQHCR7pWDh3rcZ4V4LqPsdVT33iajjh6BnajkBoWnqoh2hDtTssnck7EJzbZHfpxBfC3MenGyyKdnvqn,1785083480,2026-07-26T16:31:20Z,7DgesX2Hbc2D3XFF28eKSF1xt5yZ1gjs7TSBBW6Q5Nsx,buy,0.205333333,967124.910471,2.1231314670614834e-07,204.70467633896416,15245.813721751498
25Z1SnhfNtUZQ4FMLXjqAbxSUpHbs9fnrXEkj4sBPs47uA2T8ZeRrwF5dLaQm5ux8e1VQxKzL2f8xTPZjppeEVf6,1785083481,2026-07-26T16:31:21Z,351eupK2s6KN6LyhX3VHtStDpp6PpMEJDizFCAzLq1Xu,sell,0.001368866,6523.584260999996,2.0983342059111649e-07,202.313813881024,15067.749183510432
3gLDDbLabXVP829WK3yCLjXE38et714YTMJ25Kw6Gv54LjYt5sH1YzHLT5JS1horG5JtQFgmUxU4HkwxFSouEQRS,1785083481,2026-07-26T16:31:21Z,8FxeeUfCd25SwgUoGhpxBXeUoZ5fQQCY5kNWbZyT2SMu,buy,0.009777777,46602.565985,2.0981198767353668e-07,202.29314903513838,15066.210125406848
4EQhJv5GKctSRizGmh74Prjsn5aiZR9QMfAqgbbSwniWoT2WgxVhcSw1KUGpfkiCsPhkMof7cuEc1PeooogQjMdq,1785083481,2026-07-26T16:31:21Z,n37YdrtNez7JA5YG3wW9WxLdTrtKkPGkkRavAAPKA2u,buy,0.097777777,444061.084306,2.2018992534059095e-07,212.2991821242743,15811.430602529925
4hxUGUM6NfzhDxuTerHMCrAnD5FHNt5oFxGBigZpgT88Jrce8nfoyemnJsfjob3CHbMWePaqMW98u2aVk4r4iXiE,1785083481,2026-07-26T16:31:21Z,3PPcSduPGrffHnBW7TCU3sk8gcm1EeHNuXMstiB3Ebqj,sell,0.157158562,714244.996724,2.2003452977736368e-07,212.1493553284849,15800.271935029092
4pMj68FotV5Nie4EW1r1BCtr295yAwm5GeianPGMHv2WcZK7i3ZumFaCqTAW8Eos4AaoD7PFvzNi1PkLG4S3A5mV,1785083481,2026-07-26T16:31:21Z,3EV31uA5e7rtYEWScX5DiCbhcQxJPFKA17TmcYGAtyj3,buy,1.955555555,9103111.856277,2.148227535676778e-07,207.12434873465642,15426.023941039814
4rsWnz6k6FbTFqvE54hBga6yrmegqf52hYouTyFYLC3WM88bDo46Erh9chi8U4DpHsPyjfaZRTpHcu4wurvHiTjN,1785083481,2026-07-26T16:31:21Z,EsyZLvAWJpsmxDY4kmnnjABALEjbBetAvbYSbjdFJ4q8,sell,0.694766216,3284004.540545,2.1156067460390885e-07,203.979169885253,15191.780094161604
4HGEycAQLLwWkFTNt419ked5yZyLtKbFCa7rBwZQ3uKgGSoAEVnM5x43gRNPK2JxGHVTMXPgeUECRMZu1MtAiAgF,1785083482,2026-07-26T16:31:22Z,2QM2EWyLhwiFSmQv1whR3twumY6J63DCBrsgWUYbKizF,buy,0.019753085,90112.02656999999,2.1920586798317748e-07,211.35038952252785,15740.767266813793
4ye8c7GX2S9B1AEpsibtoz85VShjG4uvJvAYZUFRxZW8rj9KR4vMceQ7EU1AjDM6EsJJR1oHCDz5zaCBGeKCsEpB,1785083482,2026-07-26T16:31:22Z,Du7PeEa9ShX6PesoumcNDXX1CfFJYX6HuEyFNf4EVgoT,buy,0.037857658,171877.388929,2.2025967601613053e-07,212.36643320920365,15816.439269316417
5AQiSAbDESjWJAkeLg1Hv4DxFPZfKbrynCZf85H89kViGPdxVodyNQdB391yQ8QVNEwmkewu8kW1vY1qBQ1BKuC8,1785083482,2026-07-26T16:31:22Z,7C3gHCsjgcci5hqTWdj18sLn5K6th92BEepPMwUUbaSf,buy,0.244444444,1111639.771838,2.1989537455630282e-07,212.01518688470233,15790.279456411461
5Ld2HVCkwgc2KozVpKcnWvpRS2Mzwpwd8MfnThECyHcpM1GFbG1eSN5T3aS6hAWSTvdMBin3SU7s4G3MkpDGpQ8v,1785083482,2026-07-26T16:31:22Z,8yGmi4AJNsvk9sGvuAUiDmCVvqS99E6wmMnEgFgfQhNe,buy,0.049135801,223596.222252,2.197523755326349e-07,211.8773123851206,15780.01096144986
5kPPAyZjiAdxUk4T5MpyEizYhKg7iEAxrZcJjnseXDhnGdFAw2BNQ4ZY644ZZWPM6ur8Lw3M66EqQzBGrtRtyoiK,1785083482,2026-07-26T16:31:22Z,9tjQNViwKtV9DgN5Ua82AaSJLycPYs6LmEWerXjjNEb2,sell,0.071574472,324824.9154950003,2.2034785075192813e-07,212.45144810834083,15822.770933736592
5t7FDqoEreJRdoVPzQaDx3pr2sDvZqi31MJ11ULbyVja3avF9RJX92YAHrtDC7Xv6SS4KZahMjHnXkDubQDzGQov,1785083482,2026-07-26T16:31:22Z,FFuQV9SEeeSsV5auYzzsb6vZ6PH9fhmmUvetW5jnXWc,buy,0.019753085,90154.421538,2.1910278678538352e-07,211.2510023505208,15733.365196974204
isNdbmGjmCfk3Z5MmxkBJNokYB5ebHyg99n513PRw9Vr6WwGzmjJvNgoQbCDe28ZmLB3dBFRxLJmpsTLdCtdZnf,1785083482,2026-07-26T16:31:22Z,BoduAmZsXFZZMPXWC53uJJACJENzNt2HtZGbQtQhMWfE,sell,0.158849613,723801.790623,2.1946562589085738e-07,211.60083872571212,15759.42000092225
27rHzxmW2d2Du6AwTvwHMPuQqypsKwhxBt37SLK6vr9s8PWDe4cTQi2LFAZbiUohrZqca56QTSKiyLgaBmF6HXFS,1785083483,2026-07-26T16:31:23Z,69xWoewjXMGFcmHdLE75dc7oujePHrGpmLGFmiwneYTR,buy,0.242207563,1022194.0172389988,2.3694871904476185e-07,228.45740639943844,17014.848530147367
2PyPmyqTk5vKZxKhAoVyFKGp9YCPCr5rcA3FwF8ED9w2DRmYrQbJZvqmiGjZJUTqy3gG5V7geMGP757jYfxBRYJS,1785083483,2026-07-26T16:31:23Z,J898BLdjUWFPsvqwraj1rjg33rE9B6zJY6HvWFKx71fo,buy,0.2517026,1074655.9335729983,2.3421691737479488e-07,225.82350178567089,16818.68291331569
2QQCXVjVKVg1yz8CLZLKdhyHRpmpdYMVQqEhj3yYAZ1N7sSfVRZFLcaKR1A8BpDNTEgA3Qp94tfTjAEP9kxRWAjR,1785083483,2026-07-26T16:31:23Z,3PPcSduPGrffHnBW7TCU3sk8gcm1EeHNuXMstiB3Ebqj,sell,0.15,632379.779711,2.3719923503650065e-07,228.69894488069698,17032.837619394184
2Z6VTxRNSCDRRjK4KDeNxvFyNJawjUYnh8A9eZHB774C6JS6xYjTAH7UuQPiBWvLr4WSNSM6GWt81oh2YcXaeFdQ,1785083483,2026-07-26T16:31:23Z,Ao1cUWcnwVJxXXPRbXvDAC7dfJunXezmvVA1vHotbgeV,buy,1.474074073,6454159.248839,2.2839133900595375e-07,220.20668929439637,16400.358923441705
36gRDf1ECMFuCHmhhHjgJ2qxr2xZ5UcGpTJFxbi8NYbXZaUC9yVwFS1wQ8bhfcFw44mX3BEMxwsmDZrW554r7RST,1785083483,2026-07-26T16:31:23Z,8vqaSN7ygJjWAjRqpUjNt3uwBfQuaDNiuweoVcxyGQLu,buy,0.257942688,1094862.7014990002,2.3559363895294367e-07,227.15088706272994,16917.542739251116
3FQXyjWS7eiq4TqE23sEUnZkJmcpZoskoLZb9z5z7xtMZUUnU3i8n2ifLXsgwnGcb1u9EYxQv9EfDkGwcqWJpTZV,1785083483,2026-07-26T16:31:23Z,4CRdPC5wqhQxNBLVAY2YN9NYbgwfGL23dNzmQMixhzLW,sell,0.005247768,22586.824732000005,2.3233757122864625e-07,224.01150403355481,16683.7305483426
3HiwzPQaWtszv9nNGrqy8fnwh2xkhZLwa8YCW6Z11qTsEDMnBQTqtF32ZJXyBgDJt9CZdDS2hwcwoFC6XWECewes,1785083483,2026-07-26T16:31:23Z,69xWoewjXMGFcmHdLE75dc7oujePHrGpmLGFmiwneYTR,buy,0.248990263,1118950.1170260012,2.2252132531321248e-07,214.54703386693012,15978.844115281818
41HzrfrWAiDyogMLtb8bMZi8cnS6fxXtnzYpFkvuNNp4mAgR2pdLR68fESiRvQbzyuMfo3Hbv7MGoXJ4mc9Xq5LC,1785083483,2026-07-26T16:31:23Z,ByV1UsQzksXJ8MG3rNFwDnaTTbHk9iThWc12nEVKjdHL,sell,0.190338217,865721.77611,2.1986072460283744e-07,211.98177864965268,15787.791307447555
4utyUEqjS32MCyXQitii1ucJoM4GAJL61emHDG6kBdinhvkqryKXVJmhamPCHBaYakT71UFjKbmSEwfVhrxKV3ow,1785083483,2026-07-26T16:31:23Z,6QGy8GDvBC6EhFeBmt592d65o3TXWaeY2johmeR3qWt4,buy,0.225924927,969924.520392999,2.3293042113056237e-07,224.58310852047475,16726.30200145229
4xbUtaJdWHfc23fHBfX9ygExtfeeYYhMiZT5vUsJXj2RDX9fq86mbNwao8pwTR4TvLneNDHwkip4qXSQhZib5PW1,1785083483,2026-07-26T16:31:23Z,J898BLdjUWFPsvqwraj1rjg33rE9B6zJY6HvWFKx71fo,buy,0.250584883,1119498.4129480012,2.2383674697682598e-07,215.8153159779383,16073.302107922114
5hp5X5EEPvDMXmZLiN7V53UpPvz3KGow44MUYbkd5GjkdDpk4e9NTcbDBYntEgSwHseki7m56RYbP6PtNHEWhzL3,1785083483,2026-07-26T16:31:23Z,6QGy8GDvBC6EhFeBmt592d65o3TXWaeY2johmeR3qWt4,buy,0.229527968,1037343.9838939998,2.2126504955318095e-07,213.33577810232282,15888.63328040073
byYH9BRdV6jFyKSeoETHnmw8ukuz1YjBa41DNVexx7gayDnSpbAGEcMD6vXMPjxk7fbJPeiR2aNv8q9cEVwxXor,1785083483,2026-07-26T16:31:23Z,8vqaSN7ygJjWAjRqpUjNt3uwBfQuaDNiuweoVcxyGQLu,buy,0.248674663,1130272.526101999,2.2001301213399475e-07,212.1286087930501,15798.726792923559
2X9gk6gbuXnU8T2pCyxEFv2CAFrDGmS4Qzduh95nFvhRmSe9LzSpSkdwMYzQFEg7Synh3K6p79Fq1XAcBkG435kT,1785083484,2026-07-26T16:31:24Z,8vqaSN7ygJjWAjRqpUjNt3uwBfQuaDNiuweoVcxyGQLu,buy,0.259629758,1073240.7697680015,2.41911941209728e-07,233.24276615054208,17371.248318670452
2gsrY97Xmxfn9CJkwuX8YmzK1PwLPyNmJQ6yei17YpVh2MaZaYhPoLZ6VudCh5ShkcQRttaQi5roiNjgyfZcke7E,1785083484,2026-07-26T16:31:24Z,8vqaSN7ygJjWAjRqpUjNt3uwBfQuaDNiuweoVcxyGQLu,buy,0.267062906,1102259.1472409982,2.422868584656066e-07,233.60424784260496,17398.17043222241
31DFBBBaWq6CoHLsWJk67uWnt236SvrWipVG9acsgtV6dka1sQqdmphp2WBixkwyYcVEmczjCJtF6BWADBmDqiEF,1785083484,2026-07-26T16:31:24Z,6QGy8GDvBC6EhFeBmt592d65o3TXWaeY2johmeR3qWt4,buy,0.22584811,954264.48453,2.3667244633046995e-07,228.19103421553086,16995.00989837236
38b1NC2ZRsJkFXy7WzAQBDHVKR7JvEmd3sZEQZ46xhcQP3Ti7n3AcPYWxtZQQHDzQbdvgcahqJFFFTz42hgbcK5X,1785083484,2026-07-26T16:31:24Z,8vqaSN7ygJjWAjRqpUjNt3uwBfQuaDNiuweoVcxyGQLu,buy,0.263912559,1127697.5808499996,2.340277779092835e-07,225.6411403366928,16805.101158707675
3otQKpU8qQa9uc1XQZfNbWp8DVxUpaFJvJJ5XHYoxGVX9M7RjCER4Y81Pie3B1UDwcKA2BHooQHXPBidmAQDJDBB,1785083484,2026-07-26T16:31:24Z,69xWoewjXMGFcmHdLE75dc7oujePHrGpmLGFmiwneYTR,buy,0.25966033,1065342.6045299992,2.4373410853549333e-07,234.99963414691015,17502.0947784845
3vVkag34YhbdJGnqS1bCkFx7FjZWQpgqP2hjeeNZ2FfB4hNUvNTCiVqU9sXZ4UogJAXhMk63ny21FK7evPp8c1SL,1785083484,2026-07-26T16:31:24Z,HwLUyAPykbPgkotArMazDsNUn7uMyCSBMjm3drDHSBfw,sell,0.691435574,2956593.976383,2.3386220073609145e-07,225.48149679990178,16793.211368658292
4MYzdgAf69gu5wTfjmx55unkt38wK2GJJDpFvo2C8cARP2yxHXhm5aGUjH1byWrSdowwmNnZ2yQRzGRpCLLpiVGy,1785083484,2026-07-26T16:31:24Z,2SpPHM6DVFkcwcNtt8Ls4qCsviDAt77Cz65F8MqHxssV,sell,0.176335688,728236.717569,2.4214061684316585e-07,233.4632469462711,17387.669092250348
4hbVXripMLXS6WwmX2p3sErWRsC9ULZL8HQuYcmPq6ZkJBc5vwUroNQPCGVj9B5EVQNzSU6dj8MtJAMm4J3T69xB,1785083484,2026-07-26T16:31:24Z,J898BLdjUWFPsvqwraj1rjg33rE9B6zJY6HvWFKx71fo,buy,0.260879052,1096158.4410720002,2.3799392699550848e-07,229.4651581971198,17089.902976679743
4nQvGrHdsSU8gQtQPQcY6R7LwNehEg3AhP4EEiiBZMfRtpdU7wcP4CREHrCXBYdZszfKckoG9TzodRV8edSKSbr3,1785083484,2026-07-26T16:31:24Z,6QGy8GDvBC6EhFeBmt592d65o3TXWaeY2johmeR3qWt4,buy,0.229615306,936890.1817189995,2.450824125178721e-07,236.2996202033619,17598.913989515713
4o3Ki6v5gPLwq3jm5M3eoCcCSwwayaPuFfydFUsaB1JfqVGuckdbokAVb81zQFoQcTwwKijaAgnwcS4aSNyVLGoE,1785083484,2026-07-26T16:31:24Z,69xWoewjXMGFcmHdLE75dc7oujePHrGpmLGFmiwneYTR,buy,0.243882619,1048233.0975290015,2.3266067401888394e-07,224.32302808718,16706.931961111255
4xNBNwN3wATtpND3RtCMdMRZbeMvmttaowKiCAi1yN1h18GKESfM3EwqxD3i7iNYHLPAHDKvNBJL9YwqsjRQ7kct,1785083484,2026-07-26T16:31:24Z,6QGy8GDvBC6EhFeBmt592d65o3TXWaeY2johmeR3qWt4,buy,0.229137343,952460.8895140011,2.405740178128665e-07,231.95278868014117,17275.174518253585
598J29BojZu8EtDPvqtB5EA5aQgPjwv5b7uy72b5CReVYbyGAdb8XRy2K9pThoG4LBLWwYrEp59N4H5xcG5EkoFb,1785083484,2026-07-26T16:31:24Z,HuWAWix6CctFR1QUAzT8X9K5PuJcWiqjuQ2PDb2sma96,sell,0.169770794,703881.4561950001,2.4119230945184535e-07,232.5489231720642,17319.572895366968
5XHn8W7Jioc8bNH3Yov8vcgd6YeHga1J2wL6Xm8FsdfoHQfZTsPdonbgXsLFi95eVgZS1dLFpLvTseYF26WbaRLj,1785083484,2026-07-26T16:31:24Z,9tjQNViwKtV9DgN5Ua82AaSJLycPYs6LmEWerXjjNEb2,sell,0.070318803,292342.4239459997,2.405357458929362e-07,231.9158882756973,17272.42628258809
5gdqsPj3YWEXAcxNKtiNwRjkeq4cHiW5tZ4UCzXqZH8H2x1NYkUodGa8rqPVb3EBLsbP3MB5ecHmfXjJTQdvEWQh,1785083484,2026-07-26T16:31:24Z,69xWoewjXMGFcmHdLE75dc7oujePHrGpmLGFmiwneYTR,buy,0.228131624,953227.1183369998,2.3932557059224087e-07,230.74908091079536,17185.525836283647
66hFsJQuMrWDzdzHAbuotuz4yuJAgPzSKQzJe7pFpwS8Wz3saZSp1mFhS9pfjibMgrvwgFvTMbJbbXmt5vb3mdRG,1785083484,2026-07-26T16:31:24Z,J898BLdjUWFPsvqwraj1rjg33rE9B6zJY6HvWFKx71fo,buy,0.221439234,919030.7022879999,2.409486793517447e-07,232.31402381909783,17302.078269241498
Si8U51UeH9HTPGy18k2WwuX7EHku57w11mwUJiwRMHmacMtDB9aw2M8dV6D76KAHtD64uCsENa59kRmm8PmpqMa,1785083484,2026-07-26T16:31:24Z,6FWPZ1BiXS4WU35oaggD8vNFkontnGsgbE1ei56STrqS,sell,0.195462175,827310.158838,2.362622686448535e-07,227.7955556892209,16965.555798686375
UwRGATJGvvgSisoJcgwfPZKypCbG4z6Z9DkLbwS4gfFLN8fcM3cTWdpA3qLo3fCWxp6obQFF5WqoRQYc2DCsdhn,1785083484,2026-07-26T16:31:24Z,J898BLdjUWFPsvqwraj1rjg33rE9B6zJY6HvWFKx71fo,buy,0.244134489,1037106.091914,2.353997251616225e-07,226.9639223810515,16903.618149151884
2CkHS2XXHFUqgmpKmuYacdEr23MKBnWx9NmQ7RFA2kKJ8UM9jMaknqDpwneuYiHoCypaXMZxVY8SSPXNgvZQMCYn,1785083485,2026-07-26T16:31:25Z,9Ze1EXNGv7Ff24F19uPtuLyPioXYXNwG4FXnvrezyuZ9,buy,0.195555555,790458.113176,2.4739521518005905e-07,238.5295410902401,17764.992063859714
3WC6oyVXtyD9WLsn5Si7BAMbTcViastDJUKufiFqyLUPkGqywrwnT6e6fu9iQtwGz7eGy5FMBMuLsvpmqKmvAKHe,1785083485,2026-07-26T16:31:25Z,EyZCZL5qm5yiL5NJyrZVWPp1hKcbvB9bBrmu8z8PCYDL,sell,0.057030294,229425.597719,2.485786005005884e-07,239.67051852277996,17849.96877132106
49kWZeysDhsf4tnC7n69omGUFghavHA5cinivG8kjny1XHZxYXNnNokUrjmoudJUJkaae7mfGghMBc6VVitLmMJp,1785083485,2026-07-26T16:31:25Z,ED1HRm5bpbEBR8zpxcSF399acHoc9yxoCUXFftq5P1PA,buy,0.009876542,40190.353791,2.457440920117428e-07,236.93758769964884,17646.427968106105
51S7TKQbdKHtJsbA7eUW94Tph4e1BaP1KsYBiAEKgpGri3bRZmr7GnBfU1giXJuTQrWHhiBH28C3HWoxwt61nQNg,1785083485,2026-07-26T16:31:25Z,4srvoJDnqZyPZdaTFovFHf6PT5H73rKhz5zLe69SiXCf,sell,0.100463389,409229.866736,2.454937851953273e-07,236.69625089769053,17628.453899351724
5ZrvAh6TnjA4QBt8LKuggxwkkrosFETH6sHcqUweEiqHr23nawcKWDDAHizRvE7GrhJre54Vki4tCBcFBGnqAKKX,1785083485,2026-07-26T16:31:25Z,4CRdPC5wqhQxNBLVAY2YN9NYbgwfGL23dNzmQMixhzLW,sell,0.002799977,11293.412365999999,2.479301126406775e-07,239.04526992403663,17803.402059525757
5vE2o9M2FMBCwQravyG11TCP7tANfyUsSkdc1dm2f8qVLMRhEWurJHHFmC8QCcAaCNFJmME8fyYDPNjyJQxvoc5H,1785083485,2026-07-26T16:31:25Z,4ghRtYKP84X7CS8YMVsVj4xuZJSYvnowmqbrrMNrN6Ch,buy,0.266666666,1083503.371851,2.4611521563097744e-07,237.2954117041243,17673.07766763896
65vQGBTgafXEuwZF4RCj5a8GZSjKqfHMAxrsSzwEtkzAG9qkbQcsfJdzng3c6bZAzBvewqVHcSVsqzPbMb7XgnR8,1785083485,2026-07-26T16:31:25Z,6YVGVTZ2CE4r83DpwXcpKtA47JLubu55G2n89VmAQtCq,buy,0.195555555,785479.049953,2.489634255830264e-07,240.0415529837623,17877.602347542448
8mH2Rk7Ae15by1Adhghmaa6rYPBUih8qWn8bbKQQmwuideijdML9rzFfWPot567hoZSquHPSaMP4ETVqVvfYLcP,1785083485,2026-07-26T16:31:25Z,5oiHrztb8HUZhzzDR9xK4DUeJTvnfewfjrZM9r5yexX6,buy,0.049382715,201362.692253,2.452426238816554e-07,236.45409022030566,17610.41847073245
PUDpqjfKhALHake637j4jhMgZ9b3PAr9Ux4yr5Vmcd3YKadJ2RYanSkGi1yW9m6MixMVhYto4XP5Gj4bF8PnyJC,1785083485,2026-07-26T16:31:25Z,Sq4hqLzhr4V1TLddaxsGh1pF8aKdGtwm96vYT7VWjEm,sell,0.019957189,81404.281051,2.45161418322665e-07,236.3757947500159,17604.58724998731
x1AmxD4VTBcChpSeTfvEFKNtJdXrjj8LyNKQP1mtFU5GYgc5rZZfLpbj7SQP26tufpDW49AVydrGFRCwvphN69P,1785083485,2026-07-26T16:31:25Z,5eWFPsoyqrbV9W7AsdUjLA1ZscphwecuZNaa5kQhEu8J,buy,0.146666666,590613.300967,2.483294327436674e-07,239.43027996089188,17832.076496318692
2b5bioe188Wqd8fifwATtDo9DPHcqQvZR5a26FRs26K3ynM56udb7vq3AbA5magMSjkPBbjysNpGXta5SXiEVoD1,1785083486,2026-07-26T16:31:26Z,Baf7AGwsnTWW4ps6B3zs48wVj8aKH4WCR9h7ytcQS3S2,sell,0.048483958,186519.19539300003,2.59940848971835e-07,250.62558857790276,18665.870783703904
3DiGQbq4QtZYoDgFBdmnf9gwKtWQTVi2JNcC228gSLR3o1Eb6YoEAJznJKGb5x15532xGit7gpmfMUwiNs4zYpYb,1785083486,2026-07-26T16:31:26Z,53KgptJLhUkAdUa2EMpVCkFKB9CAat9mc86hPvth74kZ,sell,0.274342286,1098056.578257,2.4984348842522956e-07,240.890077825799,17940.798029787387
4BEdmHeyxv2kDL82Yf2GBL3eeP9QaktcSGVX4hBm23nw6p7vbh8sXRZXrxwDZcN3hnN1Wm1C1zg5q2tSmgvubub,1785083486,2026-07-26T16:31:26Z,5t18EExL9usqNwvKhvUXf1puQiecE5nGG6qSyb9bdRQz,buy,1.955555555,7683304.730863,2.5452010866427643e-07,245.39910633979548,18276.617464984975
4gXQbuZxDaVZ37fUqa5KCrg9TwJhsiXMqYn1E8WTq1yJhxgBrtNH2wnU3eykKXRhuWPfCiQDKgRqcLn372ott1Df,1785083486,2026-07-26T16:31:26Z,6YmahBmiUXyLJXvvpnZHSwmgghA8qM7jE8tDSDf5ir28,buy,0.009777777,38739.895060999785,2.523955468801329e-07,243.3506805162775,18124.05661934768
61c9i9cFcigFG5pgjjnsaLTxRdm9Zmd3T4EWbLufo31HkGeTsAF1fZCpD6jKvwYcdrMWkXEE6XzEH5fQ7YSJdPXG,1785083486,2026-07-26T16:31:26Z,8NsfpmaZCjGqFRr6kvZgCe3buAqBzA3m8v9nY6NW2anL,sell,1.318035113,5147395.243782001,2.56058656966778e-07,246.88251910618132,18387.09776818693
VcQoZu4AHBQAhTUf6qTkYZxL9dwWUMT7R6JAAwHPB3ER84BH3hQkG96wL7R9U4gV8K7MDaz3KQrieRX8N89MFdZ,1785083486,2026-07-26T16:31:26Z,9tjQNViwKtV9DgN5Ua82AaSJLycPYs6LmEWerXjjNEb2,sell,0.06636564,263108.1815510001,2.5223708213397344e-07,243.19789452503315,18112.67755950663
awfNW4G58DvWDS8fU92HKYGJDzyQkeaMwU55UcXZhzdm5DUTUkaFhDizNhhL1QiFnTTpnkPFstnZRLJKDyjAd54,1785083486,2026-07-26T16:31:26Z,EDSgD6RufFXh5tr5Dc4UXoQ9sRMnPm9ro5vqS9HR6hs4,buy,0.197530863,789940.7839330002,2.500578106836345e-07,241.09671961515437,17956.188114098037
3mTnLG4EENqYL8y1bQ58nPhGJwMBsiYgiys3Q3wUXtyBBP9pavKN4kkgaxPT8qs25oMZqsTMsy4cfPrgCGTdanHn,1785083487,2026-07-26T16:31:27Z,2iacW5T4gLVmjuMcBYPyP13qgLDSeEFAqyMMHjRJL6f6,sell,0.228153392,907484.645896,2.514129501053255e-07,242.40329615558574,18053.498165362536
4iDvfZ4CgKSNyybGxmo8PEkpPEgZjnCLnJZe4bAsHkSXi5hyo2AdFknTbgAu6RxQJ73bvEzxfn5A2qM58sDqpvWf,1785083487,2026-07-26T16:31:27Z,7ZGKVUKaqNgWsc1WzXVwvab1N8S7z8oseLuUKK6KNh3C,buy,0.461412344,1842588.127113,2.504153463329589e-07,241.4414425892615,17981.86208668547
4pLYX3198G7i7ARZuUc8Xc2SznozLtaMBVkYTE2R2tHEGECFJvS6nKPq8cYXWoFJskDLAkjZkZeHus4otRte38mQ,1785083487,2026-07-26T16:31:27Z,6YmahBmiUXyLJXvvpnZHSwmgghA8qM7jE8tDSDf5ir28,buy,0.009777777,39251.70694199996,2.491045042817646e-07,240.17757597532722,17887.732947528548
5VvWAG9ovogVpLSrZYEJcLj9ASMrQ9gHszsP974E67uxVCkmYFUNi4KPqjuRJySo2Yg4nd2roAQguFe7PpcJucQQ,1785083487,2026-07-26T16:31:27Z,GzYoXxQnmuMZ4aroSbAfa8FwDQTBjUTgt7zqMLNsevvn,sell,0.304842952,1219736.364143,2.49925279725661e-07,240.96893804685416,17946.671311540227
25thmfAxoDL5V3KSrkHAvAeqpioeeeFbLoMH7r435NKxUDGj7cCEVKDNnzCtgYbwkh9iUtkHzAeDYAgx2uEAdxC2,1785083488,2026-07-26T16:31:28Z,51BZmyr1QSppyKZ8Xd6Z8AC4NfJuiocivpg6V8hyzJu4,buy,0.07348148,292384.657606,2.5131783795242507e-07,242.31159244916228,18046.668337872852
4vV2SBHVVtjoYo8u4PmTHgop9epxNECEjjPHVcZaBg6jaH3NUZAXxwjVZbVS6Zm4bUgDy4uCmyqSzztxRLoRyqVo,1785083488,2026-07-26T16:31:28Z,AnUqXY5EtSmMYS1Dq29we5p3GEnUFWgd8QaYiuiYpMVP,sell,0.106094998,422001.720066,2.514089231281024e-07,242.3994134894303,18053.20899558875
5E32KfX7nUH9nCn2tfNyGzNp3cY7pypXwwQZoFivTssctH634Vfd6UxLXfH1EwyHQNN7QHdErcWsbY8mLhMuWecY,1785083488,2026-07-26T16:31:28Z,8NsfpmaZCjGqFRr6kvZgCe3buAqBzA3m8v9nY6NW2anL,sell,0.956296841,3860546.432837,2.477102290147165e-07,238.83326606472363,17787.612623714205
TjcympGxq3ofhhNaR2rEDavN4H8wbZRht7GWREsrnUsR6FKPYxa9qbwRPRZtwpGsFKmvCJNSarkiKgvhVHm8UQs,1785083488,2026-07-26T16:31:28Z,3PPcSduPGrffHnBW7TCU3sk8gcm1EeHNuXMstiB3Ebqj,sell,0.205215039,817754.001517,2.509495992918524e-07,241.9565500177468,18020.22580187668
5ADiFFrXYx6X6TdrKdSKVaCRCmx4jGtxFDbBdcLJr4f3N3ZBoRUvQQg8JYPkQqrNPJLsnEM3rWrkqbaMPXRcAD6S,1785083489,2026-07-26T16:31:29Z,5BLYuvsfQ2yEz4NjYK4x8DzvVQ75jDL8naei7ybWUTP2,sell,0.171091256,702685.236258,2.4348207016716317e-07,234.75662784506568,17483.9963701951
5FEBKYzXYvLmHESpYHRhfBbaTgpL1bkkMYCeNNeGnQQks5NdiFsK4mwKjZvPUoyNvzEzdAud8iYUjWRn39tqRT4Q,1785083489,2026-07-26T16:31:29Z,8zws4rkYZGFX7G7uJ8x7WHFh5JLkSb5KePgwSVNkzsxu,sell,1.259481753,5257667.453677,2.3955142924057884e-07,230.96684567112067,17201.744327382425
bQuoex3PYJknGeS8v3cEtRrgFsdC1JUpkPW95tjfAGk4SZmF23r7kkZxJweD6sFacKV7anjAQfKpTvW6j5iuxvT,1785083489,2026-07-26T16:31:29Z,D9XWSKpaGnJAFMzZxBfWMSUy5qSFRyYWV6ZKepoJxyTd,sell,0.202921107,829903.4847320002,2.4451169411046523e-07,235.74935410500007,17557.931758024682
31EePo5QBDMXzuHSFnBfEnpvEFSuwJmJfomWCMQ1KqpTdPk3Kt6iXBpLuWSBsLRpYak3d8ibU9wZnioWt9UHmZrj,1785083490,2026-07-26T16:31:30Z,351eupK2s6KN6LyhX3VHtStDpp6PpMEJDizFCAzLq1Xu,sell,0.001457253,6197.4050480000005,2.3513922177319656e-07,226.71275441222693,16884.911883452172
52Rhgkm2WH9bdRPAXmfSLEFLepHSbb5L9CMeZroQXMWCeawb4SdXzEcCQRHMtQpzkCD9Fa38dtmwYd1gJB5EtNHj,1785083490,2026-07-26T16:31:30Z,351eupK2s6KN6LyhX3VHtStDpp6PpMEJDizFCAzLq1Xu,sell,0.001457302,6197.4050480000005,2.3514712830820927e-07,226.72037760803863,16885.479637083346
Pw3RwLEqGjoz1eikddzdRTZ5qA9aHfUP9EwvurwSg5BnzBtXPnfbHXo627VFG19SGddU4n454682S6TtMLhrJPR,1785083490,2026-07-26T16:31:30Z,G8K8Uj1mxxMfzEZEUxngWY9m8JRztMhLF1tM4Kb4nDew,sell,0.248769867,1054898.482322,2.3582351398631062e-07,227.3725242765993,16934.049639517845
x2rey8eTQmNX2t7mJBJo7Ub8kAPrfLR8waqtDJZSfaD7qPh8y7AD9QJ4ZHE5gobWwxxg89HFt5VbLGE7RfEbJbQ,1785083490,2026-07-26T16:31:30Z,Crw9sLFvqdJsUmyRf4kB21HyGKq6G3Cj6oPWs8b3hZPP,buy,0.066000001,279283.609177,2.3631892037807185e-07,227.85017724654043,16969.623854692614
2QzX1fMiGwpG7XWLTXkqR3Gfuh82EdzwCWcwttjMdmyJCVgQygqxHYqkxA3GfSSVLPxmvtWovDipiEu8swn7X4qF,1785083491,2026-07-26T16:31:31Z,D9XWSKpaGnJAFMzZxBfWMSUy5qSFRyYWV6ZKepoJxyTd,sell,0.146108967,622427.6135490001,2.3474049643605295e-07,226.32831782714305,16856.280155692762
3F6DfNnk8eYWYqvM5EmkTDs7EPjzzSAMu43zuDUun2CkxkA5Z9ToRqVMQ1a27BM9YkZnhp2Tw1muMrqZmCzydoJv,1785083491,2026-07-26T16:31:31Z,3jxTmdfoNWb91irnjacPXWJcYahWqsv6C7y1BfjdcRhp,sell,0.6938887,2980338.512695,2.32822109651076e-07,224.47867849955503,16718.524354774283
KwtrJwL96hMBAiZabzNEi9ZJGF2WHW6SbkmxmECrpeXN9GXHoZS2GMJL8v5psMoiPogVGnT19mg7TFzmq8svdhV,1785083491,2026-07-26T16:31:31Z,2y2apdSDfQzTesAiiieY3YFL2DWfeMF5JPh1QTjRy7Xp,buy,0.064734818,276030.016982,2.345209361930423e-07,226.11662576200396,16840.513941411762
2MpE4ypXQ9bCKNCWpr7QKtBQTsYFatRjqaK3oV1N4neo7XEFm3BvpgTDSFZ8VThhfQbagpgfvCeMzKsBmXotMF7V,1785083492,2026-07-26T16:31:32Z,7gsLLbtfS59f4zciTumcYrGbfYCWHmm2hdUYqkuJ95Mf,sell,0.378332655,1645282.00304,2.2995003549601337e-07,221.70952821633063,16512.28603066454
3UKc6GWXRBp7apTV3HR1z3DXrLNQtLbLH153joDnBYe86TRNUfK8iyc3JF26Xv7fr9rfbLDEESRBB5dFxEbwHw3Y,1785083492,2026-07-26T16:31:32Z,2iacW5T4gLVmjuMcBYPyP13qgLDSeEFAqyMMHjRJL6f6,sell,0.204946908,907484.645897,2.258406342483304e-07,217.74739178999732,16217.19754037515
3V91fWm3fAxWpT24Cmr9KV4Ndnf8uDVbQ6yGF4XnGu8DNSfsvXaZKYjmF1tWfSo2vt7Vyh8fB9wkxPMVg56tNCFr,1785083492,2026-07-26T16:31:32Z,ADogYmtymE6EyMdFnpACZ2goHkfTVEA3fbV2uApppdWw,buy,0.098765431,439240.014761,2.2485526746405473e-07,216.7973366861111,16146.440177141958
42Pf8ZKjfgTW36Ye3PcBshfX9Ry4DxgQk5c2r6ypTsqVJjCP1vuArEisvaEmCuv2Hs2xT2fVJPuecWCDhZez6fn6,1785083492,2026-07-26T16:31:32Z,9tjQNViwKtV9DgN5Ua82AaSJLycPYs6LmEWerXjjNEb2,sell,0.133166628,591993.4084910001,2.2494613299739893e-07,216.88494595516562,16152.965062748834
4aJ7guQnQFWTpYjnt1tBTWLKrYpiHrzS6x71ZjXjioMAFafzz9qu4NFuiqrGav3d9EkdcRSTqvWee1NkQRRkwXKX,1785083492,2026-07-26T16:31:32Z,HuWAWix6CctFR1QUAzT8X9K5PuJcWiqjuQ2PDb2sma96,sell,0.480734881,2111644.368586,2.2765901690250515e-07,219.500610742559,16347.772229933971
UhzxRzwEnBY5frC3bZS1Lqa5kS4bWVLJnfd7p1Xq5xJkouuQgojVUjtdjjw3c2Cq6PazN6TrjAcVZsqtuptAhDw,1785083492,2026-07-26T16:31:32Z,Baf7AGwsnTWW4ps6B3zs48wVj8aKH4WCR9h7ytcQS3S2,sell,0.125730183,559557.586182,2.2469569907520722e-07,216.64348660240353,16134.981866764147
aTrmQ7WJc2sBLqD6aSGxTt36JGft8rtvs6jqkq7srgynWogsMaxPmWmMf7vLW821mSJbtBi7uteX5Lq9af8z4Yx,1785083492,2026-07-26T16:31:32Z,FQ31GLz5DoZkJzjhbNhhRAKDH3y7vbiWc34kDYofW1fn,sell,0.016701041,74203.011825,2.2507227926795816e-07,217.00657163820415,16162.023392732051
4vrKFC8iJFVZyab4gpqMghJxDCABbvuLKaZ1jK21LWj4R4uNUL3g8emUi8amrmQP6nhQ5KzdrVkMfG3CVFZhj8Lr,1785083493,2026-07-26T16:31:33Z,62YSi9Kg2z25q1zHhR8LDeUjr3Dh2gb7FkfScuwhgMWD,sell,0.000538536,2401.5276500000004,2.2424726194595343e-07,216.21111970084127,16102.780427312153
5AXUrgwAzwchQxaLQ4f3t5ER2rNyuJfK8sJRG248q3Nz9i1N7phGzAE6gW3DxVafDsGKKAiLbV7jqzP2PcHGxtaY,1785083493,2026-07-26T16:31:33Z,3JviceZKAh4DMLyPXun7Jvc1Zbf7HThgQ8dPRZo88sY8,sell,0.021759202,97006.642778,2.2430630910293434e-07,216.26805083933192,16107.020494260885
2UzwZb1Dafi98NhZhpDFLZNkG8cCS16YqQi8gFexMK5LZ6QCavBwMeny9V7o8kCDyXbxSU4BFnueRpQAZDQxHiz8,1785083494,2026-07-26T16:31:34Z,DacRsQhWbr33YQf9STvE53q6Y61oB6NMDoMatcUTB4c8,buy,0.098889548,443693.321287,2.2287815311971748e-07,214.89107436452798,16004.46725898778
33X2TuxEPWQR41q6SebbKw8uo3syrjT3FoVA2FJUf7FTzfLaFDB2nFaHr4uDJsAT1C3FqLGqEgoY1cbGCeniptA9,1785083494,2026-07-26T16:31:34Z,3wH5bhr4LeT2fVHwdnR5Gbq12iNXGm4VWQ2ESe9ndrmb,sell,0.31873564,1426389.151717,2.2345629845566726e-07,215.4485012394463,16045.98280445793
3NjQNBx1AQRurMyZJ69V5SkXxAV36mUg8FYsPdVoWHxbDSe6YwRiE7yCSsdjzqTKDT826iUDc3q6k3v33BFna6Ek,1785083494,2026-07-26T16:31:34Z,D9XWSKpaGnJAFMzZxBfWMSUy5qSFRyYWV6ZKepoJxyTd,buy,0.009777777,43941.60699800006,2.2251751057818665e-07,214.54335583704412,15978.570186227005
4EguVmNtHTqMfd6wLUV7Cc2sLhQ3GivDsLZVW8tsDnxmnyXL4gRoHTYs8NV21u8pjNM28hQxp2WdZLyRMon9UaEK,1785083494,2026-07-26T16:31:34Z,GSd9FrhvNhs1Cfm67hV3bBhapBQf5b8uXZQ9xqs2wmQz,buy,0.008706705,39015.273826,2.2316144797112261e-07,215.16421703969942,16024.810137419287
4JLecGx9aDJYJZzsf2whoioT8pbqJQLk3XqfLipmMZFzDLrxqyK1BY6CZeatoTfUaDFisLgowWvYjKAfuja1xVZX,1785083494,2026-07-26T16:31:34Z,EyZCZL5qm5yiL5NJyrZVWPp1hKcbvB9bBrmu8z8PCYDL,sell,0.05102633,229425.597719,2.224090533371823e-07,214.43878527812745,15970.782072684435
4UjR9TRvZKVVq6saB7WXSXs1C6D6bywaDnP2w2ATHkYTkEFZKWjvNZRahjCGicbtjCYziFi461qURYc5uxnqv3CV,1785083494,2026-07-26T16:31:34Z,D9XWSKpaGnJAFMzZxBfWMSUy5qSFRyYWV6ZKepoJxyTd,buy,0.009777777,43597.87913700007,2.2427184976761693e-07,216.23482639142352,16104.546033233035
59LvtfsFyQ8EwQHct3VdWM1Geo1eksEfESdmBCgB2KDTBWrh6SDHUD3n38Sm1U3wN5bAZofCZFxX3F8ugcmczmJj,1785083494,2026-07-26T16:31:34Z,5eWFPsoyqrbV9W7AsdUjLA1ZscphwecuZNaa5kQhEu8J,sell,0.131610977,590613.300967,2.2283781415778452e-07,214.85218099275875,16001.57059286559
5CaTcGLxoG8F5AtGZKvt7kxCGMrLjyoqLzpbJaNq6vfCw1QhKAG7iPc6f7ZK8agEvB1PHecgHwoydfAcHpUcg6G2,1785083495,2026-07-26T16:31:35Z,4ewzo1YFLZjH6dh7sE8x7d8wQ8uPmmKn6Tmpq4qBjNWx,sell,0.092699585,417506.687531,2.2203137762462076e-07,214.07464398164902,15943.661879468553
4soLn1RwcMGK9KY5hiWGBy5BPgTAWzikHNQYGDunfJ56EB3boGYXLsYc97GiwkqNquPQVMgKrUi2NW7uzcpSvibX,1785083496,2026-07-26T16:31:36Z,2AF5w9P6TsZk7Fddrr8QLWEHGJQgnZDUFebggRS4w1r8,buy,0.537777777,2409247.152031,2.2321403453632903e-07,215.21491910868272,16028.586281241945
wkNkNkqayBpAhq4JK59j8GnZH4aPSuwuwXMUDLin3sucDoMwWw5qLL7sADTWqTJtAXkcQscXqmqGytLC9euhjTb,1785083496,2026-07-26T16:31:36Z,yMnjSf78zif5FUNP6aVMTdXYZnQdRquthjirvL9Kr4X,buy,0.002730888,12312.654826,2.2179522114380435e-07,213.8469504227674,15926.703920097838
3EmTUpgz89mikGbRNaBcnpNHgKvkTQdhN8mdcK6sJc16n8Ncw7xLrJW4tRN2wAULXFmZitE7Bhx22zAoC7Wpy7Bc,1785083497,2026-07-26T16:31:37Z,64hP97Bwr5PubotcTeGgfhkFrGiLVVxT2kVo9M9b4AEz,buy,1.406770471,6718692.436985,2.0938158491316286e-07,201.8781702214163,15035.303700572644
3k942Z7utvj8QsXGmVRdiDPEYstcQ8GhmYGJSEqp3QY6bYLgDsSL1d9CSv5oxfXxXbDL8yDpgxYW3pFHuP3J1Wvh,1785083497,2026-07-26T16:31:37Z,8CCAxR3ZsLGER5qxEYM8rBdUzQ6AW9Kw7wdRCWpF82fR,sell,1.102846095,5106682.938759,2.1596134089891395e-07,208.22213356211665,15507.783787885275
4AZ7b2K8Q4aQ7AWBgMZTWGU8XVq1p8zf66RiVLHf4xkNPtoYvjNdGJC9T39YiUmWMLGU3vGHUoykGbDkX2JDsLki,1785083497,2026-07-26T16:31:37Z,4srvoJDnqZyPZdaTFovFHf6PT5H73rKhz5zLe69SiXCf,sell,0.084960626,409229.866736,2.076110101094095e-07,200.171045873446,14908.16200418108
4Vbb4PD6qSwvfU8wBh1HjHys3WxsYhYJbFUcwjeSoPo3g9CEXuFvodE2qj4qS87JG1FgiQK3zNdHVCKWHPjR4w8d,1785083497,2026-07-26T16:31:37Z,2qJ5eezwqYYvUrfFX6DguaNd4CQfqxY19NxU9DKubveW,sell,1.104552101,4981814.958749,2.217168060528221e-07,213.7713454210582,15921.07307769059
5hzLHCvKfBzGPCmVaM89cjCMt7SVgbHLDFetFVikihRNmsudbZnK6PA29SDQrrXBBv5b3KH8yJHtvHaZwNPAM8iS,1785083497,2026-07-26T16:31:37Z,4CRdPC5wqhQxNBLVAY2YN9NYbgwfGL23dNzmQMixhzLW,sell,0.001565177,7528.941579,2.0788805220187245e-07,200.43815986402893,14928.055883577163
5pXinc2TbiA2ytbwge9FvVwYQETBjYc9TzS8ehmuoRiq3GqEW2YPhx35YQtpbHyDDZ4cTqT48SJqwV2AoKfaU6N9,1785083497,2026-07-26T16:31:37Z,4ewzo1YFLZjH6dh7sE8x7d8wQ8uPmmKn6Tmpq4qBjNWx,buy,0.097777777,470892.445224,2.0764354576444276e-07,200.20241557822587,14910.498329291644
5qPv3JVTX4w2CixxwHzF3EKXwBtiZVJLq6kE5wwgriTamQCGxkJ4g4gft3JdCk2DT4xQNhzUHuPtjDUJqJsBAcMC,1785083497,2026-07-26T16:31:37Z,HdrwHwmMX44HU6Hmyaqa3oyBjjmgx1gbGwsiUpqA8Yrd,sell,0.001894554,9204.498824,2.0582913162638476e-07,198.45302292573007,14780.20861152287
Jc3bsT2gkHLxpM5Usnv3LA1hN5QA5BUu5ds7PCctQZhcXpuYnH8BUApSKkgudMynkXVH1KrcjPS7ooDHWquCsbF,1785083497,2026-07-26T16:31:37Z,GBeHpC6j6KKGHHDmJDXMMdSKjRZouCNsc7JPwyLNadgQ,sell,1.023294,4861471.546276,2.104905871111941e-07,202.94743013079622,15114.939093813733
UcwADpQNPF2FSZBUrPpDPo66e5TXpQEvFsPFHNtEoLfxBEsmy89y4pqedyV37nKGM7cD4Zggwc1Hz8ZtCZ8rF43,1785083497,2026-07-26T16:31:37Z,1gqtDt2aDkVJ2PzLrN2uuBGKzQxz7hTMv5rCQjf8gXS,sell,0.01243497,59824.214562,2.0785847488415873e-07,200.40964248136328,14925.93199118873
Zy6NjGrZVSKksfQQeLqNpSGdMZTEEk7sc5fYizWoQ6xHLkKB57HqcFGJNR48F3DaZnhiaStLSHzQtLgeADr6vsh,1785083497,2026-07-26T16:31:37Z,D9XWSKpaGnJAFMzZxBfWMSUy5qSFRyYWV6ZKepoJxyTd,sell,0.404367644,1954822.326784,2.0685646897907619e-07,199.44354453749202,14853.97980351697
29uJYdbVdQpzA8EqTgKzKgindwGXPuUg3GziQVt62cBKjLHxqyN9eeiuxDyx8N3xvMUN69Vc1MySMCvMEQMi64ss,1785083498,2026-07-26T16:31:38Z,EbNStzCzohpLTeL8NtpBKLMjo7sgCwTaicQxaSFECh2G,buy,0.244444444,1144247.030644,2.1362908310316774e-07,205.97345473735203,15340.308676444049
4mYQXDP24sQRTLWYNkY3jcZUjkbPU3ZwcabZcMgMGwxx5uFMiJVMZwr5GRRaXfoX6rjQQpJf8fEbt6NMnfvXUcNf,1785083498,2026-07-26T16:31:38Z,3EV31uA5e7rtYEWScX5DiCbhcQxJPFKA17TmcYGAtyj3,buy,0.977777777,4510412.411505001,2.1678234444946077e-07,209.0137155658464,15566.73853181292
2hmrQ6dseKp9S49cQ2YCHYASmGqpdAJHfNnUXDSL7Cs2BSxVUNBR45rjCxyYZwixTZa26mA27asJvYzdwJTJfJzs,1785083499,2026-07-26T16:31:39Z,31iRQFxAApGY6LAXm16QDXmPFHSeY2mP4dW96P22iTBV,buy,0.977777777,4316502.465632,2.26520842924351e-07,218.40322445522773,16266.042065207528
4NLUozKjbceGC6scLSakA31cLSdFEYTzW1erqgrrPxTTcU2Fgsff5JFBHJFchCYjYtLAEkfUmBVFvBcZdqq4ajHb,1785083499,2026-07-26T16:31:39Z,39gT82eGG6ERqn8LH9K8kuK51f2awTxXrN95vJAEExbF,buy,0.246913579,1074526.439889,2.2978827680173835e-07,221.55356631915046,16500.67043851186
4ZpYb48X8SqG469PzAs2QvXzLTKF3Qfbs6SSfVVPe6m31wUoftnYLVDuf2479ZXYZVYQBJNPpt2gnSBj9R82Xo34,1785083499,2026-07-26T16:31:39Z,8aQh7Py8R1ET14WGTDBq2nXdoR1EfeL6Jz148p8mhc3n,sell,0.099863135,445409.412921,2.242052639729736e-07,216.17062677047352,16099.764630680265
4yNqQtfC373WRWBJG4SMJXGf58kcoo5cgSqYZ4d3irsbeNMkqo1em2z7mx1NRHRVW2K79hR7geJeRdg3Uym9eA38,1785083499,2026-07-26T16:31:39Z,3DtFSKgWaEiwNxSPC11fGxtRthqViCgEkiPhFNuNcuxm,buy,0.977777777,4406648.158941,2.2188696300068994e-07,213.93540461136504,15933.291732874695
2RzuD1LVN8NtsxGGpdMaWRY9aqCY2qCCyRc45qHhdUvQ4mQRKbpmY2LSLjz1mtfKPP41G9192LZ9YpjjVcH7mutb,1785083500,2026-07-26T16:31:40Z,GXWhH8CdRJ5ZHrComffE1fzbG5bJtKMgEKRfZMUxYgKm,sell,1.217863233,5360540.76029,2.2719036893100967e-07,219.04875727606276,16314.119487344338
4Fk1YRw9x1xyR7XJjjDRaenAXikYSd7vNxrQC5yhiNGdZqegWu1m2Yakj74YNnd4oS3TUoyZoFrtgshVRqbi2673,1785083500,2026-07-26T16:31:40Z,RuAjtSKGsaAGPoeeEvazDBkdPZvPNH7gqEs1haJho6T,sell,1.22823392,5564214.761291,2.20738050684986e-07,212.82766480638003,15850.790468023246
4JUJNJkJeAuvJw6sCSg7kg7CGrjchuyjnEVUJ5ZHkBfBEiUpRwTuyE6Qf3i13sMKpVsWgefgwEJWqpyUeb9FxHwN,1785083500,2026-07-26T16:31:40Z,Edn91PmYZDwQoF6wSnNrLLQoU9er7VtEBHkizUrpQ6X7,sell,0.093806404,431688.358101,2.1730121333976898e-07,209.5139902304196,15603.997545540407
4LauCUPTWyycYsFM34uZdrkveGUcByad5kydiC9LazaEiqUe3LucJ5YE2WXkyZe1qFoLRGGUjHPMdVnSxdQ7h8ei,1785083501,2026-07-26T16:31:41Z,5t18EExL9usqNwvKhvUXf1puQiecE5nGG6qSyb9bdRQz,sell,1.615699167,7683304.730863,2.1028700846784225e-07,202.75114694747293,15100.320488595822
4bN1TBASNPUmd2MyePcPAZWUi5CLmiFgueM4JJ5Dwa9fWQYghtJakrzgTRXyC8sC3ou4kgTV2R7eU9vmTVXv9UgR,1785083501,2026-07-26T16:31:41Z,7TLF6eMqbwjQeJeQVW13TFdURgaNc6896M7wtL1a7YbB,buy,0.177777777,860293.919738,2.0664771994917935e-07,199.24227625399635,14838.98992242021
Yop3VSrwmdspHS7ayPApfk1Bf1YuoGu9ALcePd8HuTnDVRhKiRgznZQcnxUgsBYtzkSPEn5fuhU5MxfZUkEQVgw,1785083501,2026-07-26T16:31:41Z,6YmahBmiUXyLJXvvpnZHSwmgghA8qM7jE8tDSDf5ir28,sell,0.502192886,2327622.663026,2.1575356434583333e-07,208.0218029056827,15492.863738547025
4SCcyTqAeeLzCT3tGh9CztdG3FvEAAd4zuK6KJs9Qi7tv4ThkajPh9aGDrurLPWKiewNBn431XgzrWm3bBQX9nMn,1785083502,2026-07-26T16:31:42Z,99xnE2zEFi8YhmKDaikc1EvH6ELTQJppnqUwMzmpLXrs,sell,1.672999803,8247263.279636,2.0285514676498108e-07,195.5856140161291,14566.652268396254
5vTuNrWkhQxJ4pFwgz4gBEukqDFM8Pw8mi1Ukw8RZwnxxCjR8te2iWDomGMSXsickgppoQavZfeZnsxko82D7add,1785083502,2026-07-26T16:31:42Z,45DbwvGupCdoYe6Zp9uYwxEH8bKgCGD3Es4mLVnDrkgT,buy,0.293333333,1470877.920764,1.9942738201389103e-07,192.28068690810997,14320.51083208928
2GC3ECU2AAWravHhev2XrUpPxV4kpgJ9DwUk5JuV92M2Y4opTWXHxKMFG5kGg2Y7MeR4zhsi4BNMmQqY2bezi6rU,1785083503,2026-07-26T16:31:43Z,TuouBnypgwNHajm8uUYLSfaVp1UfCfhphJeZGjjate4,sell,0.377452941,2096011.732241,1.8008150202310047e-07,173.62808737084097,12931.31903121051
2o8Bff2m7CEcJUuBWieJL36u4E65Uz4CLvkR3TDMKHub4QZeA7rU8tZhSVMx1tv5Xc5dE5RYFPrJHsK845NA5E7G,1785083503,2026-07-26T16:31:43Z,75wECSqHeZHhYMB4on6rzpehx25ALxrVA56xRE5UBFzw,buy,0.007822222,40825.345698,1.9160210076024427e-07,184.73583303946944,13758.591882818873
3WvgVXiH4cjv9USpFcypogQfAn4shSgsD4irs26FgYgcMeJ5ebx7EqAPCqHuDFE6fm8tjQbW5ViVNpux7eZ7gswB,1785083503,2026-07-26T16:31:43Z,4ewzo1YFLZjH6dh7sE8x7d8wQ8uPmmKn6Tmpq4qBjNWx,sell,0.09414274,470892.445224,1.9992408235646465e-07,192.75958745874195,14356.17796347464
4j25QNtkMsdepfxr6evWC5UJaH2Q1fDfje4SdoUE3bkQFATdETE4CCBYJTzNe5CNVYRiaYoUZjbYo5U6LzqUthED,1785083503,2026-07-26T16:31:43Z,Sq4hqLzhr4V1TLddaxsGh1pF8aKdGtwm96vYT7VWjEm,sell,0.057413522,299839.10187300004,1.9148110316951956e-07,184.61917152777616,13749.903269995839
4vwiCsBKsriuKA9L3cvDve1Thjwa4rBQFLSNtEHLPas5iTZYMrynVLycz5YsFeiGPuHUoQi2FVobdRfifsw3VPvr,1785083503,2026-07-26T16:31:43Z,GAYeu4sM42VJANeJBJ4ckKyGD2gBcmrjMEtwwCe1yGBh,buy,0.095480169,498981.582948,1.913500863817457e-07,184.4928498677551,13740.495197194832
614fSthPwW1esEjp8moEDKtEg7kmJ59m366wFm4huubU4arxLb6mbQKB9FznMm3tLVant3YYhvCUiYqcqL13wXRP,1785083503,2026-07-26T16:31:43Z,8NsfpmaZCjGqFRr6kvZgCe3buAqBzA3m8v9nY6NW2anL,sell,2.155188553,11581639.298512,1.860866581535566e-07,179.41804226115852,13362.538167450259
bqabeKUoKwsnff9byvkDcoz1fMSJZmdQbH4BeLVmsa4y6F95EEesFDoKvkvoDUnWb4K3jisW64dzManuTMY96hL,1785083503,2026-07-26T16:31:43Z,6AhH7XGofKCU3NGrYNGA8DFmFdw7CtY34CzfTs3u99sm,sell,1.739727398,8905397.732142,1.9535650740458805e-07,188.3556964765601,14028.188868325347
2wpYohUyQBGvtb69p6SqNtNjkYMyDp6pUNfZhXCo12B4ebjcvH1bmpT7F6rB8wt2Hz96XYxJi827AnYn3RHzsAZe,1785083504,2026-07-26T16:31:44Z,7C3gHCsjgcci5hqTWdj18sLn5K6th92BEepPMwUUbaSf,sell,0.198674704,1111639.771838,1.7872219853335095e-07,172.31749598621644,12833.70996593331
3HQrA4yHEaFUUyrezUfXG9FK8kpCS4y6JEFq7589FXrNEixmf2ofTpMD6o3aT5VvJZFN25NjqNbJKuxYTgm5RueS,1785083504,2026-07-26T16:31:44Z,9tjQNViwKtV9DgN5Ua82AaSJLycPYs6LmEWerXjjNEb2,sell,0.313832122,1775980.225474,1.7670924343554546e-07,170.37667730318194,12689.163389673162
3awfwJ8mjvMXp7PHdQQYTZzfVouSYDiFcW3hV9LAFNSW4Vc1XwfKt6KcYk2b3m7JBBUvxmaoCa4ExGnPirsZznHd,1785083504,2026-07-26T16:31:44Z,CAgFLkrTYuzjRarpJLUXPQhv214KGdP7eGqxQF1qtpRp,sell,0.050033859,284512.058947,1.758584827131018e-07,169.55640450787186,12628.071838361408
4C7GSpoWCf1LPhngWNZAUERQRsm55V7D9Z257gk2NSofFFWdhf78hAmTM1D1RoejgRjBnQTCh6osMhRWxze8vVa6,1785083504,2026-07-26T16:31:44Z,7DgesX2Hbc2D3XFF28eKSF1xt5yZ1gjs7TSBBW6Q5Nsx,sell,0.172003085,967124.910471,1.7784991694220004e-07,171.47647354571671,12771.073040910454
4Kbc6uNP5YcTdv8jL25nmm47ayDeYgWWxyRqAVLD17ih62xcPgwYgWZsaj3tXqn3zgQeb3Xebivyv1Ngy6x34tot,1785083504,2026-07-26T16:31:44Z,iNyUtaMtqWNyJcwy3CyENdou1YK7F7eGcXaqC7FioxQ,sell,0.152192715,895474.827349,1.6995755810418199e-07,163.86694589021303,12204.337374578034
5GqjF8oQ6mwipoufosfgV2c1wHFHFR66WrscBk1wUqQKvPujJCMKSsUUnN5bG9WAoZrmhqARTTBAUX4wHrpddCTP,1785083504,2026-07-26T16:31:44Z,9uL8xmtZqNcuryCPsGfNpNfBZqunwF5THNET4QExFMvr,sell,0.716376262,4166058.5410510004,1.7195539979600834e-07,165.79319277245548,12347.798685154763
5Wa7Fv1NQezBmsTER4arvWsbqfPkCGtcTERoA5quNaEBeVdirfSaLrxcKv5jpCwrCrWLXZk6DE8Vuu7nRmRQR6hL,1785083504,2026-07-26T16:31:44Z,GAYeu4sM42VJANeJBJ4ckKyGD2gBcmrjMEtwwCe1yGBh,sell,0.087589689,498981.582948,1.7553691758023846e-07,169.24636300801225,12604.980841920053
7h6mUtvU7JDc88VQmaHP42NgN9yNqEiC2mox3iYb3C8QtpM1mJP9XY3GiJVAHJxsq8y58EZbHSUnwPjcY19352j,1785083504,2026-07-26T16:31:44Z,3uQtt2nXFDfNnUb1mVvHPXxAgfu7UkwY6ZCPQgtrVja7,sell,0.367974826,2109056.080388,1.7447370386296425e-07,168.22125069984702,12528.633434651823
24JrmoLKwqsGzXJAMkhtSNcqna6sRz4MdBxf2KuatZMYti8KKZ4YyFgYMBLcVXJ51VMAeBs5hgz7eCBfpYwYaSii,1785083505,2026-07-26T16:31:45Z,niggerd597QYedtvjQDVHZTCCGyJrwHNm2i49dkm5zS,buy,2.962962962,14811569.917729,2.0004381564262296e-07,192.87502997358519,14364.775788929082
2GT6787mpWQ2aTNmwH7KGJZAJvKVX6RegBFWiTDW52rwjimCXvZPPs8euttCg1NFbgue2Vnpj39pmGCVL6uRd1WG,1785083505,2026-07-26T16:31:45Z,9oT5cdy1XZ76dzy4z7t29jXPSadq84RbeeqeeJfsEkog,buy,0.251181379,1230483.691669,2.0413222922061103e-07,196.8169308459801,14658.357193540616
2pfk6RVcgC4Dz3TGYmCtY82KfYsPLt2XrAJegbzF5AvS2UBmq7qkn66rDJH3xeozW8ie5yjQFCHB4n7PDYwpvjwo,1785083505,2026-07-26T16:31:45Z,BGgGo8bAfF8CfW7CZYZsZfrbzU3q7coHncXEvSk6QuVX,sell,0.712985277,3540119.790612,2.014014550837395e-07,194.1840169425524,14462.265361956857
2phR5QXG4DTx2vf1Ee1uncst5AnCFGrznU3SDtda3rcX2EP7ifkiawrAb6dEvm3ywMNJgYUYxGBbjAoymtkcmthU,1785083505,2026-07-26T16:31:45Z,9B4UcQwAgb129HEGDmrhLRdCxmB5TkXkiX3Rwma3gT5E,buy,0.23770751,1157486.400135,2.0536527251834294e-07,198.0057867086059,14746.899748345728
2rTWJSkR3JbFq5wuZLTaY61gYgukuPhQNxagh1EZZ7q53aVMabrMq89xUKTLFhhS3FsxiGNSDZQQn4Cgkko1W3Yx,1785083505,2026-07-26T16:31:45Z,Crw9sLFvqdJsUmyRf4kB21HyGKq6G3Cj6oPWs8b3hZPP,sell,0.056874341,279283.609177,2.0364367664682775e-07,196.3458860800651,14623.275138337078
2uB2DWx2Z3bU6yDv79enviEkv1FDG9sYgpw5VfiNthCAKhgYL7w54pMdp6C6PQ4eAgK5imtUJVs7Zamk1XZeTKH1,1785083505,2026-07-26T16:31:45Z,Htc27SzjE1V7uNtoE2v9GqqX5Gdiz3DNioDqrzQBVgnX,sell,0.531725171,2673534.652344,1.9888471261586764e-07,191.7574646526592,14281.542747996915
2y96FgLuaQdBLxDTvEWdKBqyf6i2cwS4nzASPhDRKSS5tXmnszLwnjQcnQSvFBytfnT7wWxkAbg1dktGg2o1GJ8y,1785083505,2026-07-26T16:31:45Z,CBQcSSyjVKKFwQfQiX3D4EJ6y33Y18uGFNQojGwsMoQY,sell,1.145780551,5642341.20634,2.0306828479506824e-07,195.79111401526438,14581.957315465372
2yeD2vgQ3A3unVFVXxt2UM1cPadGz56XnJceXWdTzmg2W3C4bgAQUM9JLiVr9xBVWYGkP6J2f7nyYVs9xPsVAcp7,1785083505,2026-07-26T16:31:45Z,62YSi9Kg2z25q1zHhR8LDeUjr3Dh2gb7FkfScuwhgMWD,sell,0.000462999,2401.527651,1.9279353281949783e-07,185.88456884718147,13844.146411680165
37iEYdt86D37CBqQRqGgwAV9kr2529bkEH4dGzqBnQMLbWcCsZGhsCQzwcFS4Dq37cHfzs1CWkrkqeZRCaCH3ojX,1785083505,2026-07-26T16:31:45Z,8Gji1htRRft5CqcyDrHAsieFsCo9uS9FdpGjEQFYQcaU,buy,0.097777777,480384.258214,2.0354075998144443e-07,196.24665754427247,14615.884883265075
3B51AkNzv27cJwuXW8Ay9grN1uEFBTBH32tKfiXytwHV2DXZafyYt38MAfwZQtsCN5FkyvNf7Lom2JaJyKHCaW3Z,1785083505,2026-07-26T16:31:45Z,rQzGmujNeJhpwgU1gvJicLWoSzTEBXVHJKGg8Bhb6sU,buy,0.009773323,48104.584248,2.0316822508254683e-07,195.88747283486137,14589.13384235424
3LfeRq9toLnNCD1UbA8zQbKPP6pax6QzayiKEDrY2tgQq4ExxXS3qkiQ5sLSg6XMQ2DX3vJFiticgMn9qz984izk,1785083505,2026-07-26T16:31:45Z,8NsfpmaZCjGqFRr6kvZgCe3buAqBzA3m8v9nY6NW2anL,buy,1.466666666,7289561.614247,2.0120094233561182e-07,193.9906897847946,14447.866912994945
4KkzgH3TnVAw1XjCWrCjKyAYJsAjazm27tMbvWe5TQ98dXncykNPeTD7qcA8wZYqYQnZvzY2meGHvGw6D4ekDEWo,1785083505,2026-07-26T16:31:45Z,2838bUY5PTfmz2S9HNh1zc2cAgohSZRVfbBzQJ6hFtD7,sell,0.642687973,3120817.686585,2.0593576349000722e-07,198.55583352163,14787.865648097439
4cK3H6DmrFeW33dCiLDcXBnhgYPDZ6Ba65R8afhtVLEeXJD6HarMn9mzcfCbd3ff2xHWmNorKA6aMhX7hsLZJpZi,1785083505,2026-07-26T16:31:45Z,9oT5cdy1XZ76dzy4z7t29jXPSadq84RbeeqeeJfsEkog,buy,0.394785782,1951458.662774,2.023029180842661e-07,195.05317504518158,14526.997749923868
5BKr9d5cQnqZgo2Ss57NqsiFV226CVvhpEB8kg8TwZBP7b8yMXayXppbbfnhoxPxf4seA6SYqzd4bXP1tbP34gvw,1785083505,2026-07-26T16:31:45Z,8rvAsDKeAcEjEkiZMug9k8v1y8mW6gQQiMobd89Uy7qR,buy,4.888888888,27035785.851355,1.8083028600979153e-07,174.35003787659812,12985.087822055679
T5cxTYrpv52xAw3nD5GXeVqjxE4x4EJEcvBTCS845S86U5AHjzBPh5k5pbEmfrDYKZuKCAoRxnPmTPbAzBqWTJ3,1785083505,2026-07-26T16:31:45Z,EbNStzCzohpLTeL8NtpBKLMjo7sgCwTaicQxaSFECh2G,sell,0.233116636,1144247.030644,2.0372929075358693e-07,196.42843211306436,14629.422928729968
cCzjme22tM9paMdVx3meZaAPwSYURhfN4YGXnNouVQj486nzF8BWDpxNi8aHr7GgkLAb25vvnCHB9WXf5dAs168,1785083505,2026-07-26T16:31:45Z,9B4UcQwAgb129HEGDmrhLRdCxmB5TkXkiX3Rwma3gT5E,buy,0.338547551,1688777.563053,2.0046900101394534e-07,193.2849783690139,14395.30756272153
39Gbu6sL7p4VNmSTCS6reh3sRbrzkrDBbURb8batL5a52kN685rkezRWxZmwak9D57ywXTeXL4JQZ9NW6Rn98vLF,1785083506,2026-07-26T16:31:46Z,Avtr4ZjsMDsfUEcLedsUDhVXE2QiQHxepbQv7VPS3BoY,buy,0.197530863,961690.303736,2.053996616505614e-07,198.03894346921905,14749.369168219104
3wnCtVKxAYGt4SoY4RABFTXrfdtdHU9qAKpt7m9h6nYZ4DFe82W2pvVEFTLcoSfP23ymF5q4ivviAfmybXr3yRtU,1785083506,2026-07-26T16:31:46Z,7ikPbksKsuAC3x6YLHDtrwc4XGn6jorn3RJ5zTqDbnCe,buy,0.097777777,474312.02615,2.0614652719996185e-07,198.75904428695287,14803.000199636637
4Docf6zDMC66UabcZVE3WgKRQB7k9vTpSk6B1bEKim3V47tHRmkT8gZ1nxCHChpbicsAbU4YtvxBX8dk8YKAJU3H,1785083506,2026-07-26T16:31:46Z,niggerd597QYedtvjQDVHZTCCGyJrwHNm2i49dkm5zS,sell,0.548536024,2666082.5851910003,2.0574607367637206e-07,198.3729414468461,14774.244374010263
4VzTinF1iUUf9g4r6tjDAGmC9MhDEKRAxE9vkt5PC12Wyn3vkKCi1T1dsoY91hqQQp6Y8fVozZdHrAMrUUCovvQF,1785083506,2026-07-26T16:31:46Z,881BBEiWCFWCB2AHnQpC1TkH6rYw2yWJQzFhrZf2nEz7,buy,0.019753085,96632.86718700001,2.0441373183902978e-07,197.08834551476522,14678.571375041762
4rGDA9HtG7oYZCX6uLgiCDiUivBEuZxy1q1N27J1PGwkEahzCRmZufpgVCnzYRmXn8M8nhoMzryWJc9jDCt6Yhp1,1785083506,2026-07-26T16:31:46Z,5ajog5xEVyZsbfVfZ1X6DrWKiq6EhXdfCtA1zf1jLDe3,buy,0.195555555,954132.660624,2.0495635782146608e-07,197.61152591047323,14717.53634154125
4uFk5F1J5AVxcye9Q7z1mrBYeKX43NEExn4Fxqz6G5bM2cVSKAT8nW7vY6GgDdPLY2n5vSpCKiYiWr9PqevShGk5,1785083506,2026-07-26T16:31:46Z,Bjo8rLDTMp8KA88RUoXz1VoihSKoW6nRHw3mH3zodtL6,buy,0.146666666,709338.208103,2.067654953935643e-07,199.35583108843565,14847.447158884117
29Zh2YGLXhxj84jqgNvVzVriFJqP6DScXYptkoFvJ29gS23MXHLidaCEGDPzZJGgHykdWeX11gDHbVyKbEdnbnyX,1785083507,2026-07-26T16:31:47Z,2CRdWmdefARgG5XXjhwwLKjaEC8hFbZYTFohtigmmHMd,buy,1.975308641,9369266.489425,2.1082852571538143e-07,203.27325834099346,15139.205838896454
2dhaGHk797hV5XdFpuoCCFqHH6Qhxuvva44nifsUST2N49qpmHstErHWENxHqmzhz5EsHV8z8rW88ZR2iwKoKFzz,1785083507,2026-07-26T16:31:47Z,F35VF7nWWMRcGrEPXgjsZmNxcz8GLLVGS1S88NkrR5rb,buy,1.000426556,4578086.403078,2.1852504909636043e-07,210.69396851406233,15691.87892387463
2sAi2eSGTMcDJ9UE9uMpJL7Stvtp7XmSMFrwMCMYwF3RbafuVJDp1SyURZJedsjPjs9SysbDk1SdBGMNHVrAuwK6,1785083507,2026-07-26T16:31:47Z,rQzGmujNeJhpwgU1gvJicLWoSzTEBXVHJKGg8Bhb6sU,sell,0.002910242,12026.146062,2.419929032124207e-07,233.32082679263647,17377.062050089076
2va4dvoErxggGCULQk9HDCGMyyonkT76NUeuFxbGnVdBGLVD5uW26gvZvhmXcUat7dyhK5vs138DLqJ28vitnau7,1785083507,2026-07-26T16:31:47Z,NJXwAmfDKHZXwjKLxGnu7VYCXnp7h7547z2S4ucKbRV,buy,0.633771096,2637820.290184,2.402631818241839e-07,231.6530918340206,17252.853961778437
3E75SBdhtGBWe7xm25KLGf4VoSCBqekQ7BEc1Jocs8nfpLkjNMRJrKwTyB9bpwdyrQ9vaSC4YvvqZA3KjyWA6AFb,1785083507,2026-07-26T16:31:47Z,351eupK2s6KN6LyhX3VHtStDpp6PpMEJDizFCAzLq1Xu,sell,0.022967889,111553.290855,2.058916310219327e-07,198.5132825880991,14784.696577327288
3qUaLsTUSMENyCLWzFEyuY8KM3NjksB8vLvQAyedgTNPhWJzJEXTeg1BzenVisbg23VD2BRqYa8CobwZmbKhFesP,1785083507,2026-07-26T16:31:47Z,9aTVpm4nqSRvt9z11CEUQ7EjpZZ6S3PHCy5t7sAsu1o9,buy,0.64381927,2718999.710485,2.367853396663875e-07,228.29988189711983,17003.116559672086
3tC4BRWAED9q4hjNthWsV5XPY1XofhfLwsgaBLXia23JFoHYZEGGzEP5dCcYYwsDLGqMc8kCDMHzKpCernZVXvQj,1785083507,2026-07-26T16:31:47Z,GcNY3SXi9JfP3Wj9538vwDenhA6CxURAwZF2rCPXgrCC,buy,1.188710765,5300522.213733,2.2426295317095302e-07,216.2262486138866,16103.907185108932
4kpxSjKsFgo8vvJXNFiTRQjnrrFeg6ha4EdYy8FRAFZczZiNHxyrbddwSLCAjzWjNmTmyz9hpVjAz7fnTEXxbH5f,1785083507,2026-07-26T16:31:47Z,A1VtyWpvCc4928qLwtwu1BPnvaSvGac2z6S8f7WKFMEw,buy,0.677965191,2907056.474267,2.332136293193085e-07,224.85616763863692,16746.63865679881
51cgbQTdWnHTdPKakg5Pn5wLeZBJ15JKkf31VvZGtLEw8fMZRja4QjBzwx4vLhi8afLLCwoqKtd6vGaCwvmQwJ5Y,1785083507,2026-07-26T16:31:47Z,Ckm6DF7m77M2WzriP8W26vLWuoNz6EKGC1gRxLHsNZDq,buy,0.098765431,480143.27625,2.0569991476580633e-07,198.32843669057405,14770.92978815912
5TGVtradxGo964Thyy4mdiHKDv6ZfJgjkbjXvxRhEzbrQ31TtkqM6nSAUHjoXQUmeGHnY65Sy1QwEGY5ujpRyNqN,1785083507,2026-07-26T16:31:47Z,rQzGmujNeJhpwgU1gvJicLWoSzTEBXVHJKGg8Bhb6sU,sell,0.002077534,9620.916849000001,2.1593929483092237e-07,208.20087753872488,15506.200700586578
XLq7JFMuwhNXqkFPeb61GQKFTkmizgCnHj8a5Yx1dkBbvpLdK28ghLg5uF1Zw73k89kjRF3hfJG3NUxpXraJbXc,1785083507,2026-07-26T16:31:47Z,8hGRwXvWXz6ungB1WFgj47rLbTL3Gxmk9KHJ4Ten25LG,buy,0.744196012,3244088.721583,2.294006347757526e-07,221.17981586282747,16472.834582793137
2s121hbiTToPfdXyeNyTAraCJjQ9MgeepkUYWNDks9JGcJpkpmhAi2swnqM4adGDUtexN1wmL2kfHPBLMdRnLnJN,1785083508,2026-07-26T16:31:48Z,SQHK48QT8SY1vYN44iXji7wQ6CJek8AjfX6mBp47TZq,buy,1.666715429,6781268.416782,2.457822529005462e-07,236.97438105188587,17649.16823083208
3JfX87xo2eBW2Dg6bznmYnikSgGd3eThXdbDRaEdov9u4tH3AuiqN7t4Thyd2GUAsazYhmqS2d1c5cfaV1ArmGwW,1785083508,2026-07-26T16:31:48Z,TuouBnypgwNHajm8uUYLSfaVp1UfCfhphJeZGjjate4,buy,0.44,1833217.011282,2.4001522858022165e-07,231.41402426171078,17235.048898701563
3mwVkL8wxxXdtb58eovW5SrxNXBQHPxvdwsXvzsvod7d4nRZfHpcafVdjXqqKKnVdXAQiezJZUBmGGo3zxFMgXR3,1785083508,2026-07-26T16:31:48Z,9B4UcQwAgb129HEGDmrhLRdCxmB5TkXkiX3Rwma3gT5E,sell,0.272739998,1138505.585275,2.395596486547943e-07,230.97477053377182,17202.33454828949
4FP4QgYaCboJZhBmaNdHLiss4Syj2CNegm1WPjhoFmiQ8byqnozfzPqe1Zs9ymyEZiKaPeeqdQsTqp6nXvc9PZeV,1785083508,2026-07-26T16:31:48Z,9oT5cdy1XZ76dzy4z7t29jXPSadq84RbeeqeeJfsEkog,sell,0.306921799,1272776.9417770002,2.4114343128458005e-07,232.50179660658623,17316.063044730072
54w6jaVka8w9ZgVVLhMhEkSmrzvY4aabNs1x1Pb56epkyUMvMYLcryqa79KNvjYoXwXkHXRWLQ56Fu4VToUU69vN,1785083508,2026-07-26T16:31:48Z,niggerd597QYedtvjQDVHZTCCGyJrwHNm2i49dkm5zS,sell,0.552964977,2221735.487659,2.4888875389151237e-07,239.96955723276807,17872.24031171578
3DDAYgfEfoup1xH5CHTeZ9QnBJTLSuvzydJDgAH5yCYa6PSWWvCuVLUwKTTjbHktmKN3Aj1s6bPLKdty18EJYRbi,1785083509,2026-07-26T16:31:49Z,9B4UcQwAgb129HEGDmrhLRdCxmB5TkXkiX3Rwma3gT5E,sell,0.167939188,683103.3511650001,2.458474075900634e-07,237.03720085290385,17653.846868377084
4TFuantVbBy4WBcdM87VbACCfYTbAKHfajub1oWbMd2ZxUwoyMTyVDEdph1bXLvoXFRnMPK6iUFhuF2dFk57W6mz,1785083509,2026-07-26T16:31:49Z,61GQNncGerBzXZAT4V5L3ZKrycGSJDwp3DXTVKxRa6rz,sell,0.07463005,304391.69675599993,2.451776799280546e-07,236.39147360325543,17605.75496574318
4ZFzJRWDVSQBid9ReW3V1m284m4X34CWyvMZumhM967VEbx2M8yd14Ux2uyq5XVkMTcSJ5EbLs5YGew8TnwT6HQh,1785083509,2026-07-26T16:31:49Z,9B4UcQwAgb129HEGDmrhLRdCxmB5TkXkiX3Rwma3gT5E,sell,0.250304061,1024655.026748,2.442812990381776e-07,235.52721548836504,17541.387514726513
5M3ARHMuJfbayowtVkuP6nfsrZ8rKLBzURX4jY2KyysT1P4VB9FtixMokW8xjpQbCywJfeyNonUw8Tn14VMgh4Z,1785083509,2026-07-26T16:31:49Z,8yGmi4AJNsvk9sGvuAUiDmCVvqS99E6wmMnEgFgfQhNe,sell,0.10027188,414706.802124,2.4178981267352847e-07,233.12501422202362,17362.478494748124
kgXjqAiLcPQsyLKzsUtSPb2uoJRppvdnu7FBuvFZ3uPvb75LYAtoMN22czzGT4ELKPEqy1RZc4ggiA5T6xuP2CF,1785083509,2026-07-26T16:31:49Z,9oT5cdy1XZ76dzy4z7t29jXPSadq84RbeeqeeJfsEkog,sell,0.278158788,1145499.2476,2.4282756063156407e-07,234.12557336387044,17436.99725302472
nqXxAPMSqwDRhPwiJvJK9efKzYsUfnR2WfSnEMfT3a5RqJQKY62z9cwdGnd2MPfEzLuhsmQPY4ECQHcCA15Y9cf,1785083509,2026-07-26T16:31:49Z,9oT5cdy1XZ76dzy4z7t29jXPSadq84RbeeqeeJfsEkog,sell,0.188498302,763666.1650660001,2.4683338168283125e-07,237.9878415017281,17724.647841307964
29SDGxrB5gxfWK6QZgaRrDwRCYWyo8yNdfK3jhV4LfGKjkH2PWHuaT7SABbqCCwjXM7HzMQQsFfdTK8XVHVMkFWC,1785083510,2026-07-26T16:31:50Z,niggerd597QYedtvjQDVHZTCCGyJrwHNm2i49dkm5zS,sell,0.516844056,2221735.487659,2.3263077844815304e-07,224.29420385643698,16704.78521556328
2T1yMaNn7AWLwhvjSetKpWtDdizfT9cJhxxb7SqsgY1Unj2mF9WrryAmV7f82SutEk9dBuZcaEgaEwKiEMKQ1bJz,1785083510,2026-07-26T16:31:50Z,GoJmdBv5s96u7PD66NDkuGPTc7mWoh5b74urHGVN279C,sell,0.052388927,222702.251514,2.3524201773373905e-07,226.81186656876676,16892.29347093318
3g2zbJfFUCpXBdvTVD5XxkKvf6RJqjVEwHRWnZnij83sizr3dY7YPPoKHWyH4vrjRpojPpaua5JS1R5peNdjDv93,1785083510,2026-07-26T16:31:50Z,3fMLs38gstqbwNgjTUEzfpNQtXt8utqbyFHTKBmKMw17,buy,0.009777777,41544.406207,2.3535724523973335e-07,226.9229647729329,16900.567744661705
4t3t3BdigiTQXqmerqj3Ao79Hm1CRsxdBYX12Tq4c4de4qL3anzasKKjVwUmTqanTrG27wmkWmkSdsfMcubrDWw8,1785083510,2026-07-26T16:31:50Z,61GQNncGerBzXZAT4V5L3ZKrycGSJDwp3DXTVKxRa6rz,sell,0.146785646,608783.3935130001,2.4111309139523283e-07,232.47254397986322,17313.884393485427
54Ki5n3ejVzpYtxZwagPe6A352vooDr6TVJEDWmRjZN8h5BdjdwduuPJ7u43kAYC5BbLpSdpVrwEVL74eeZBjGP2,1785083510,2026-07-26T16:31:50Z,7u81QU4PCGsvEJL3nSd4gDW92im2RdrYqCa7946ehx7B,sell,0.14743155,628915.505676,2.3442187172906605e-07,226.02111137983044,16833.400305785995
5k1iDvDTVYQ5KTxHpqjseGjooBECufPiEY9i29RH22ToZjs6zHSVYj9LqBHek8gToXipv57UvWjK6a1UofjHxYB9,1785083510,2026-07-26T16:31:50Z,HgkLMNZFL6514kyZAZY5AxxXe1TP6i4NP11TZ98hj6iC,sell,0.989426852,4157150.061853,2.380060467576614e-07,229.4768436345376,17090.773274346193
5uUVpDVcPMj8SoLAc3gjVR4VGrjqu4qwWVb5ERfLsNHjxYPQEGau5DCCLNbFbkcXbtRdsmTaFr6WyuxyfD32ky5z,1785083510,2026-07-26T16:31:50Z,CM696NQZpEEmrymG8ghouWPupVDavbtBn4ZYvzqmZaXa,sell,0.074171275,321022.863748,2.3104670531574276e-07,222.76689769147256,16591.03585866743
v4nsHnPJb1PxtNrHswARU7G2TUwUoYoB1iQTgtpLqu1KMKSacMp5sBzRz3pKYnqz9JgAx3kpLw1kbFwYoXDwbFk,1785083510,2026-07-26T16:31:50Z,B49bjwLPGKUCU3TRXm6zWV3cPduqG9P8VUzTtS2CVS6x,sell,0.051887489,220835.219054,2.3496020798798473e-07,226.54015577888504,16872.05723518707
65QWVv9aduYdeEzdX1eKLxWPz8b86NCqUcuVhB7cvZNtz7cJZUqsAMRcUTRs78LN55odyYZMRTBJP86ArTozZ8Mu,1785083512,2026-07-26T16:31:52Z,4Y9bXvngCNKWuQ8VPLRaZGqXy4zaGMGi8jPkPqjvy7Gh,sell,0.134586697,587546.455526,2.2906562661417384e-07,220.85681307967053,16448.778267365033
66fT2CTc4tnjQUTfeGZawGeTzNZAGQKe7NXyMn1ye4twkgULHM5Z6p3GkyC9KjsMmj5TMLTTzYjtFRRfJhZfSWvr,1785083512,2026-07-26T16:31:52Z,GzYoXxQnmuMZ4aroSbAfa8FwDQTBjUTgt7zqMLNsevvn,sell,0.266126616,1156391.452139,2.3013540571208856e-07,221.8882554909872,16525.597122453662
tdB4Hhij1FXaZ6F1JJboPmx1s3JvDNTcBZTDGUjPeo4rw7rAW4h7AhnGgZX41xZuR5LbgpMpnPbrQW8uBmi3VYy,1785083512,2026-07-26T16:31:52Z,niggerd597QYedtvjQDVHZTCCGyJrwHNm2i49dkm5zS,sell,0.505134777,2221735.487659,2.2736044853487524e-07,219.21274189407302,16326.332588598934
43xsRoWEWxFbwQPVN5fEpmaW8oKkT7M4N2zEw7A8cCmJvVfdTRkANgbyyQ1hwn6MUfaU4vfhwQrV8tzK89uJ14Gd,1785083513,2026-07-26T16:31:53Z,H3HAyZcLcjWxCyfhULbwyfE3CF9tnn2uVjKkqtQraqf5,buy,0.068444443,302579.323065,2.2620330532399524e-07,218.09706615690888,16243.24027841391
46FdvBri34mowZDqk7fGQnnXJ7zLajzAzP4yoppvVuUNDAYrgiQAtgjZJHREYPKweLXKpjjFjH9MhBcns5mUKsJX,1785083513,2026-07-26T16:31:53Z,7Ys7PwYJrLuwVsuoARjAy5NQZo68qMtqSwgg2MhFncb9,buy,0.017556236,77534.464288,2.2643138327218926e-07,218.31697068608875,16259.618133323753
26urruk9XJZF4XjfUp9FKw5oKnssP9zWL1uUc9FRUzZ3Yjb33mTNDvpfrW2GFf2w548pd7KE8JxN3bSe3GT6q5Rx,1785083514,2026-07-26T16:31:54Z,EWrb3GdeWmUxrGaGyLwnoXGQJMJ9zRNTwVaC2jYH8n39,buy,0.004888888,21585.361168,2.2649090566284845e-07,218.37436002774677,16263.892325922476
2KxcC2RhzJY79mqMTF2MJB9mE5ySKf7Nu78UT72v75rPL3rRkoN8oRaF2nQhAaajcjQ7PC6azRQD7mRKTLtkfKQB,1785083515,2026-07-26T16:31:55Z,niggerd597QYedtvjQDVHZTCCGyJrwHNm2i49dkm5zS,sell,0.5002833,2221735.487659,2.2517680560035476e-07,217.10735215685833,16169.529235010119
4Y1GtHijonxhUSHCrrvXNgeRgJd2poBwUSe9y15qQoA8kKosFZQTMm2Z3MYt5BUvvRZTDrUPH38iD1syMsTnXUJg,1785083515,2026-07-26T16:31:55Z,5yMvxJvaSfjGRXvM86Nt3Fa3YiM3x9xU2seN5Fsp2tpF,buy,0.244444444,1086328.632345,2.2501887248643236e-07,216.955078746237,16158.188350695076
5sDkJVSdALRLHJi2mksvbLHfAZiLR1o4yNCLbWKkKkQNhAC4V5PFH1hKB4mPYrP8gaT9MP2d1dMhH8mWKdxdchiD,1785083515,2026-07-26T16:31:55Z,HDp472dUvzYGtVSarR4EGLkcMJP74QFRMTsT9YA6ibCd,buy,0.244444444,1077644.69737,2.2683213177457145e-07,218.70335793410504,16288.395140830715
kPs7nKWLYyj6vjAe9i8NBc1eSTTPkcfrjx8JRoVNDdc4M64dMXQCfdv1KritQYN7bBezfTEdPkyk1ERaAY8JLAT,1785083515,2026-07-26T16:31:55Z,9UeM3cDFALtCccb9TjVWkyYo5mfXpxPuvpgPLGdKopyL,buy,0.097777777,432788.689286,2.2592498237722072e-07,217.82871721280867,16223.254423242697
vC8LGtP69ioHATKo7BKfnNqMCAFBcjcih1KSnYpfZnoo4J2paQ3W2Qv6CFJCtejgZMB6sLZeQrUHjm5WrwNDiaR,1785083515,2026-07-26T16:31:55Z,5eWFPsoyqrbV9W7AsdUjLA1ZscphwecuZNaa5kQhEu8J,buy,0.097777777,436283.24451,2.2411536136304415e-07,216.0839459174357,16093.30889081984
4esfTGECdEh4cgeAaPMv1v13jrKXY8dkWNt8sKdJDoCVTLwx4RT3s8QVbriok6iUg54ghFfsRWaQG1xB12ygQFHZ,1785083516,2026-07-26T16:31:56Z,5ajog5xEVyZsbfVfZ1X6DrWKiq6EhXdfCtA1zf1jLDe3,buy,9.7777e-05,429.8226179999765,2.274822122087706e-07,219.3301420355211,16335.076212435162
51nkykhnZkH893zexhZfD4Bea2mjeGXwXrcBPCP7ZXnBxqLuU6epMgZDiTBa1r4xtBRpEfRH948snJedPDqPyuaa,1785083516,2026-07-26T16:31:56Z,64hP97Bwr5PubotcTeGgfhkFrGiLVVxT2kVo9M9b4AEz,sell,1.501565761,6718692.436985,2.2349077221249089e-07,215.4817395920507,16048.458301067423
29FkD9D4PTRs62jH5RYAVxacwTXa5tJUbaA5Rm45ARbzJSbSi2hBDNYXByDUTpeGRAerdPA6R81aJrAXERMiysSC,1785083517,2026-07-26T16:31:57Z,niggerd597QYedtvjQDVHZTCCGyJrwHNm2i49dkm5zS,sell,0.48501021,2221735.487659,2.1830240939754982e-07,210.47930734873984,15675.891579577807
32kPa3q7jW7hPzGLpAMFdrcUmt8cTFmzmJYP8qBtAdUGFYE3wCkoKNKd8ma5JfV8AdjtpUmKgpcwKB9DaSUHZU8B,1785083517,2026-07-26T16:31:57Z,3uQtt2nXFDfNnUb1mVvHPXxAgfu7UkwY6ZCPQgtrVja7,buy,0.293333333,1346772.325178,2.178046931289821e-07,209.99942727891633,15640.15149642897
55xogXYAw2EPc5gM5G2PL2pmf4ttrtvZEb2vc8sEdnQu4aJFpGWPU6Uj3CAxs27KG1GRgY7TsGsyQGSAWE5Zt65x,1785083517,2026-07-26T16:31:57Z,rQzGmujNeJhpwgU1gvJicLWoSzTEBXVHJKGg8Bhb6sU,sell,0.005782396,26457.521337,2.1855395773274892e-07,210.72184117831847,15693.95479949593
2XvjbThFC6fkTjQavUX3uKHydp5LdAW4NpZsW8W8NxAZN5rxch9SjBRX8ZUd33y4u9qVaXL7K4izzt9KfiGZ5XM1,1785083518,2026-07-26T16:31:58Z,DbG7RyLFBWXpEWgfKUA8qByvBZEZ3chqGh9TLkpjpF3b,buy,0.977777777,4420540.962436,2.2118962029958934e-07,213.26305193730425,15883.216845444773
4gvHKC1Q6HmCXtcdsMyqwM12xdGjvPJZAScf2q59dCudbgEHNq8YHN31Bw9sfN2GcBxqZAzkgWgbXQHF24F1Fw1y,1785083518,2026-07-26T16:31:58Z,ByQb7K6kEZxBEWiLaDT2ZvoE3Q2hu555Z2px8iP3Gtuq,buy,0.01965432,89914.034218,2.1859012523392456e-07,210.75671257812112,15696.551920749416
2oQRuD1kij2geMPabuZfoRoBs6ZBRPbPERmoLc3zyQLfspWXhEByrLghiaeKtzVNHF78JKafwpJgS9wFZvvobPQb,1785083519,2026-07-26T16:31:59Z,FR2foNg3m2X2pYmWEZgBb3gCWpbF8fHhkgo8CGdMHzZa,buy,1.891326598,7071470.994733,2.674587224367752e-07,257.8740509471589,19205.715349188165
3Ad6ZSqe9iYKr1vcE9dKbs3j89GiHSmhWtf9hM4UwX5xV8HWtzSRMDZDUvjpSmoCkCvzcKvL6xRQyC6fy6TA2ivH,1785083519,2026-07-26T16:31:59Z,niggerd597QYedtvjQDVHZTCCGyJrwHNm2i49dkm5zS,sell,0.231371972,1036809.894243,2.2315756561035744e-07,215.16047380751527,16024.531352285418
3ctBM7LQnXkxU7KveZ9K231HfkyUrqtQpJ8KfSsmv37ZTFtsBEH5vW1owCD2NzpbVeWgUbNtpiNKUiJUWEGwER1V,1785083519,2026-07-26T16:31:59Z,DLrGWqkLdPkBv6pFnLcVPdsTi1XZPTHUwtwbuMFK54ye,buy,0.488888888,2184151.713685,2.23834674549768e-07,215.8133178185369,16073.153290774577
49hfSnuYDq1kyLax4Kow7GJ8dfWLuvhFyuzht1P1faRcCVnf5jcMUjgrvsDUt9qytPEFbVodJSxZ3XPGA83Pyds6,1785083519,2026-07-26T16:31:59Z,Asv93YcxAm5DXJ69hcBrmSnb7V8okFAqUkm3MpAens4i,buy,0.293333333,1298490.636355,2.2590331018744772e-07,217.80782166930672,16221.698183446211
4zosJ3donYsmVAsGce7p6bR7mJJAXn7ekq3D5fuu566J8EexhomVVjSRSSWvNXYWvSeL8G9TR62E8pZKnqm43fYo,1785083519,2026-07-26T16:31:59Z,CBQcSSyjVKKFwQfQiX3D4EJ6y33Y18uGFNQojGwsMoQY,buy,0.493827159,2165982.891981,2.2799217889867425e-07,219.82183351963286,16371.695975644318
KhCBL5nf6a4e1C3FpNCypziqGFWctFBuBpSYU1697uBaNAJ1QZibVaboefiZASwrL7AbfxowQnfatbqw38QU8aB,1785083519,2026-07-26T16:31:59Z,8M3bQsiffCKZ6pbAwtm2v1HDfVyfScu9fePfcJfpAomX,buy,1.918545977,7477141.632525,2.5658815511190404e-07,247.39304211477352,18425.12004901053
kS7LiBtzda7uxYwu2xrkNCqG6GvCLujJzvFx7fjfZ7cDeHSXT6Ugsh7uURuuTzGXkJmeAUA9voBTtTwyCXfiAiz,1785083519,2026-07-26T16:31:59Z,8zgiH1ZyTbsQw13oNKNSFkDyj59xSq8xbWKrvwxqNPRy,buy,1.999287922,8138996.44662,2.456430513408411e-07,236.84016793005432,17639.172424722256
oaUonBUViBoMUT45UZaVPxpmL8Uxf2B1J4LQF1camfZiqzmgXqZykkgQrm1qey8LLVXytvNn4GvWCLXvLFwUvgc,1785083519,2026-07-26T16:31:59Z,7FPPD3ddrjPfhRJ7Ktf97c6DDyFVAcbc4Ws9AjH6yXK6,buy,2.013061726,8577787.149475,2.3468310543508982e-07,226.27298349453486,16852.15901423938
2Dmr1YbLPDZxbkYcXDHkcagHW5hibsuFfwnvvCnLN4VizRb24pJzF8zKFXGuGuEwFJa7zLh1uw4PBHNrbHwfVTbt,1785083520,2026-07-26T16:32:00Z,GZ2VofY4gMPEopeN3oD4UZYh7W91tB7WdmzRDjKMUbJe,buy,1.032142532,3656416.984668,2.8228250123767483e-07,272.16660366297566,20270.1834415186
2ZMTsiEddmAPcVneyweZUUxPXG1QPszteqiTEMwtYEW8wutYC93AZfucDLcuuV5cGsdua871JYNBSHmSWqSHczLa,1785083520,2026-07-26T16:32:00Z,B7cRRKmjDt5KkFKfhD3NicgwywvkicgHvqVySU4LN4od,buy,0.950765494,3439291.770678,2.7644223212053104e-07,266.5356268821923,19850.8045362259
2iHY61gmAzwRKQACemRhzRVaxFHthRZ8vfqLpMtbjAR4RD6ZtVxsrCux4oVVZuRTmC6JxBCoUkuj81FNDW5jyivZ,1785083520,2026-07-26T16:32:00Z,Sq4hqLzhr4V1TLddaxsGh1pF8aKdGtwm96vYT7VWjEm,sell,0.018722159,64580.729634,2.8990318174019654e-07,279.51418886885295,20817.410389905515
397uashbCRdPVDzfPjLzJcwQipFsy3HdAvio3FF8tuEVdUCjbVRFcGnNxBLoqLJVK1ptXtLHfYXnwJzkfuTdc38j,1785083520,2026-07-26T16:32:00Z,HPPiUuVSFUxYsLygarsQ4NVmdGAJ6DHg7AujbVG8yHsm,buy,0.120752592,441802.664537,2.7331793511600073e-07,263.5232924270662,19626.454556578054
487x3HeS74TUQ2KBCxSauGAzPHA3H6eqGKtqkkm1xY7Fp8n8fXXi1E68vQJaeLMSSgGarkwCm79ratVKaXcsZjKL,1785083520,2026-07-26T16:32:00Z,5DxSJt88LYpwceUrjyNbxtqRTNHDtpYq7H5gTbFEcUuF,buy,0.950425307,3297965.520771,2.8818533760104596e-07,277.8579055253052,20694.0551848473
5V3xxH74wP3KYR6PUuWKSmywkdWMVJjsHfFDZ32Z3Uc49PeqZxGvZ5tcAuXP3TQ9ncJKLwomycWgWrEvdzEU8jzN,1785083520,2026-07-26T16:32:00Z,8hNhf7JczuDzFbUEFuW6vT67Jc6dTDRjtkLgsXXgwH78,sell,0.18038379,620940.832556,2.905007700290542e-07,280.0903619375131,20860.32209780288
Wbee67e9K2xupyC6yRhBEBVoZsNNQNaxyd7jmeyJNUKV7fPH6YZPfCAZgL8gMsd5TcvHYypzY5kXZntm9G8dyHR,1785083520,2026-07-26T16:32:00Z,75wECSqHeZHhYMB4on6rzpehx25ALxrVA56xRE5UBFzw,sell,0.011831655,40825.345698,2.898115079667194e-07,279.4258003238215,20810.82746607208
2afxR66UU21AS1iwySC1UmgvdZEuuz4p9fHpBNeXbYFyjRM7j3YGLwf8m3JteSiFkwjHDUFesJdTWrBwZpfSYdzd,1785083521,2026-07-26T16:32:01Z,9jVLi4onbfoRoYmhjKt1Nm3xmaUYR4vVNZ9zqdhic5uy,buy,0.197530863,683980.2127,2.887961659303715e-07,278.4468441633177,20737.917635521422
3u9d2WgmwpTjPm8GpYcsuA9W1Ri5paNS22K4xN815hPEjESbDBFfpL1ibWASC4ZQPBcFeju7YLo3qHXGL5Vcxvpe,1785083521,2026-07-26T16:32:01Z,A1VtyWpvCc4928qLwtwu1BPnvaSvGac2z6S8f7WKFMEw,buy,0.083932255,288820.18169600004,2.906038439112387e-07,280.18974205607344,20867.723642322107
48pgpdEvGmcLf8R7GkLVL6ALj2TnnMRVbWut5nvVVKJYzrggRg9y6UowAYRMoFjPR3ZVG5ECN3fE1pTQeAPNecsw,1785083521,2026-07-26T16:32:01Z,3uQtt2nXFDfNnUb1mVvHPXxAgfu7UkwY6ZCPQgtrVja7,sell,0.398849201,1346772.325178,2.961519133883932e-07,285.5389904857945,21266.12023281258
4Q7eKQLL6V7Jk4Dxucq9mCicf4hkjR57BzQw1j4bkSHZbWQ6UAztsQW7YJYu9jzRDa91iwU3a9nqtdq8NA1NRLj6,1785083521,2026-07-26T16:32:01Z,7ikPbksKsuAC3x6YLHDtrwc4XGn6jorn3RJ5zTqDbnCe,sell,0.137248929,474312.02615,2.8936421898059855e-07,278.99454042044596,20778.708472651353
4TqGUbitQFH1CaNYfoe4pYvh2CFpK7PVXqF5s9JAYiUFCp6KLPzu5PuRA7e6mSRvn25gUyKJGR9H3sbGNan2q4UA,1785083521,2026-07-26T16:32:01Z,NJXwAmfDKHZXwjKLxGnu7VYCXnp7h7547z2S4ucKbRV,buy,0.080770311,278873.5352480002,2.896306059596927e-07,279.2513811351279,20797.837228096676
58kM9wE6uKqbQS7y9Rhf8ztb6iUbviqLUt6MXSHhFj6u3tkBpwZjj5iYecQ8xpxwgohpGWEsEyowLmqAqmu6WZ6D,1785083521,2026-07-26T16:32:01Z,8NsfpmaZCjGqFRr6kvZgCe3buAqBzA3m8v9nY6NW2anL,buy,0.977777777,3328092.324139001,2.937952682105829e-07,283.266798227078,21096.893908646758
5dB49xnGYLzbNmNC54zm699og7NphNHSs1Kc9evWTDZcomLT841z6QBo66AwofPG91CRn9cLRGm2cBtjTinksZHA,1785083521,2026-07-26T16:32:01Z,9HJb6Y6t5Bntxq9Fa58aNuewXCfsEZnWfpf6JevRUUdC,buy,0.098765431,332471.917113,2.970639801930452e-07,286.4183723938032,21331.61406030863
RnJ4aqZykD9P72f1TnVX8iNebxBMMDn5UrJmdrVbJfc4MVSU5NanLtbiTzawW3UvFWWHQQsoUVW218eFsHxYRyo,1785083521,2026-07-26T16:32:01Z,9UeM3cDFALtCccb9TjVWkyYo5mfXpxPuvpgPLGdKopyL,sell,0.124893649,432788.689286,2.8857881939115665e-07,278.2372864715137,20722.31038320876
jQq5kcfC9VZPjbTYqrn93oKNdLRBdSJLRT622Lmm1da3FPBd32Ltpf4MRgVZdFwP1Er9Fz2Fohb2ZEfaSpAjqP7,1785083521,2026-07-26T16:32:01Z,9aTVpm4nqSRvt9z11CEUQ7EjpZZ6S3PHCy5t7sAsu1o9,buy,0.079741878,274865.574672,2.9011227795680423e-07,279.71579189724963,20832.425201836762
23zpZZBJdtymc5hQ8m2SAMqAmTojP9naPiJK9GemZJsLogFv6qRtq9dw7rtrWEp31VRRpVe7y7wG6QMSc1rDSF2K,1785083522,2026-07-26T16:32:02Z,5eWFPsoyqrbV9W7AsdUjLA1ZscphwecuZNaa5kQhEu8J,buy,0.097777777,331179.345431,2.952411687170619e-07,284.66088333103437,21200.721345260823
5BEW2Jtnfm9Fi2NQq9NftcadMTz7eeQwRHTfELkNRy8EyuUAFtZKb5uQeRj4f89kdVepzCrFsV5KRbdpXuM6TRfm,1785083522,2026-07-26T16:32:02Z,5ajog5xEVyZsbfVfZ1X6DrWKiq6EhXdfCtA1zf1jLDe3,buy,9.7777e-05,331.5093750000233,2.9494490163360575e-07,284.37523329772426,21179.446954878815
3MgA9XwBPu5rPcFVrpBLqvC6SrwgDgaXNT6QTqJcCgHUDWTDu8CQeQvzRJZS9LKiQGbKRWTMu6LkvnAxSpcMbKHk,1785083523,2026-07-26T16:32:03Z,DjPpp2Jv7sQMWdAanxXi6ExiFUePdiR9RRNPoJpegnyV,sell,0.140534553,475254.114398,2.957040217905611e-07,285.1071495659476,21233.95796696129
4SUBt3nP9Z51HCYbjCFYx9WW28TTuUyn5JmTyk2vYnxJqVTx85T58HFKbvg1ijExEijBLRH8hbFMK4rKVkYCcqED,1785083523,2026-07-26T16:32:03Z,8EDnMf26D4NYxBoHnCiQ6jGx3tqysfhur6eBYHDCACrC,buy,0.097777777,330516.012582,2.958337063192714e-07,285.23218670984414,21243.270372707168
3EtfyJ8oWnpgj2GPYEW9utZ9Xg3yQSv4g5wkpUcr8JywTUWjAnV1oVDCML6TRCy5V6VTbx3vN3mkRi6DeLo1ny1e,1785083524,2026-07-26T16:32:04Z,BcKF9Hi4auwcjpb2KCjk2UBDas9ekgvAKxWJsDNShieA,sell,0.129252106,434773.690474,2.97285941702421e-07,286.63237967334004,21347.552705078593
3XBrkRR41y5NVhVpAszqSCXnakrk3H6EaGsBaYahvf559tpyagiJpofcCfKDKNCwKnZT69vQh2xtXutJYbfxQAXu,1785083524,2026-07-26T16:32:04Z,5fHJszey2UdB2nETS1y6NS2wSG4ic9byKtbgJzaYzGeV,sell,0.401431692,1383987.955302,2.900543248675915e-07,279.65991561942985,20828.26369786753
4Fzzu1Gw6TAnzYHpc8JN2rVg78ywWprHq9SnPCnQ1QEbH6sXmbbzXsXa4ghefStbcsXUUwgz6pUQuusQNdPkhcqH,1785083524,2026-07-26T16:32:04Z,wPBUBzZqycXSKoE5SSA2hnoRc8dusQhptrfUfnfDsan,buy,0.395508921,1334032.336628,2.9647626233687703e-07,285.8517160402424,21289.411129896187
5tfYLtPWJ9yjLkAbz7MhKYytLmHHLXaCd7o7SMc6eGaY6Z6XuvWD7G4fkrjcg1MtoUNFyXrL1bvv1KksPKDYg8Y3,1785083524,2026-07-26T16:32:04Z,ARC5JvKVCcnitPgTmmqV9xc1FJUPB43AEWPU1iMdYM7k,sell,0.435602554,1488872.2767460002,2.9257214389942815e-07,282.0875058934583,21009.063617891283
5y6acwAQnFyfxzX9z4HrKtUih7sSbHARopjRMaUAgcXnwC6MoLHy3PANiQh6SH9HawDgWMy4sQojs2UFeo7cd26v,1785083524,2026-07-26T16:32:04Z,7GZeuQXMP9dKhMmAGwX47J8TQL54yfuUNWj5V7faEY1n,sell,0.496006783,1679175.767391,2.953870539536578e-07,284.801540612994,21211.19709382562
2THekn71E22wbKu7WWmmhZXvv9K3nAZhmTKDJHvY31Yna2TGxUNkHZPghMppRgiWHCGH5YnUWajoPzXu8kn91XE4,1785083525,2026-07-26T16:32:05Z,8M3bQsiffCKZ6pbAwtm2v1HDfVyfScu9fePfcJfpAomX,buy,0.338680851,1168156.9530690005,2.8992752224794133e-07,279.53765710827724,20819.15823667208
2ad11KACbRJTTK6LLjuKwgN96YnzG5rzvy7uN949kUwcAsK62Vu4T2FhwzAPb22yLYZdSigWfsmWPcvHuCBzoUiq,1785083525,2026-07-26T16:32:05Z,8zgiH1ZyTbsQw13oNKNSFkDyj59xSq8xbWKrvwxqNPRy,buy,0.334290688,1115317.009261001,2.997270598621086e-07,288.98601773361355,21522.84487757365
3qtyoimrkGhD4K5w7GyjvLNhTNiVjWaRdpgnXzx55xMWDdxgSizHjtEhfCnGDFF1fHTemvDVVNS7zrAPdHjeHdby,1785083525,2026-07-26T16:32:05Z,8M3bQsiffCKZ6pbAwtm2v1HDfVyfScu9fePfcJfpAomX,buy,0.310750399,1043619.673582999,2.977621128328471e-07,287.09148669826084,21381.74567177321
3z2x27Vmh6JKGEr9gfkhZAaFrfqHCyRcvPF4KaBxFviepd6sEbSH8ahh3b6gGWLmN7SH9aAxjKHyFqjbwHyyRxmF,1785083525,2026-07-26T16:32:05Z,FR2foNg3m2X2pYmWEZgBb3gCWpbF8fHhkgo8CGdMHzZa,buy,0.332736691,1124839.644068,2.9580811163149676e-07,285.20750923528266,21241.43246559622
4Akg1fwb7fQXEkWaHSHAkKhEbisY2UaR83qKxBBBXHWo4Askti1cw1pvicnPX4wWQfLJr2n5tfAyXh57Km52XXek,1785083525,2026-07-26T16:32:05Z,NiggaLo8cqEGwk7ZKhA3TA87CDPScMAzH8CShbNWJFg,buy,0.197530863,687881.52583,2.871582613905187e-07,276.8676356973966,20620.302744988203
4weqRGXRNbiPNQzUqDP4hqmBYES1EzjGXFy3LxXgzEamxMm6cPST2nyctKCopiHMcUUFKQ6AD7uXDTqYavdt5CBd,1785083525,2026-07-26T16:32:05Z,3YkT717kqX5edfDHUBjH9roVthZHzSPYLChsNPjoXB9f,buy,0.138271604,479279.921513,2.8849863679559443e-07,278.1599773056555,20716.5526195722
5xRhPEDpUtH5ChisDta8CMmGACGWcBx5nRCVHqabCZi7YQXKTF2w5AVFEiByf4QCu491umfkEQpj1BLWK15owFw2,1785083525,2026-07-26T16:32:05Z,8zgiH1ZyTbsQw13oNKNSFkDyj59xSq8xbWKrvwxqNPRy,buy,0.319288821,1086626.5255540004,2.93834922571226e-07,283.3050315309822,21099.741414818647
6opKTLFeS3Pq9BTeg4TbALxehZK7ckWMdcsTTxBN5B6BbL1y11kVMacrB3TkNYGB7KCZXn7fTosbfCLoR54ZeYU,1785083525,2026-07-26T16:32:05Z,FR2foNg3m2X2pYmWEZgBb3gCWpbF8fHhkgo8CGdMHzZa,buy,0.319808106,1095581.4331169995,2.919071977060851e-07,281.44638876339417,20961.315063663846
8ejauSzrNQVBLF7ukqhKHXeE6xskjjrwHbuRLsd9UFSYSxxNJztjoD2rio1U4TRJW3JvwqLdE8bNoewaHTVK79P,1785083525,2026-07-26T16:32:05Z,FSG4XbDyJWJKVuvmwMbyypTh4Cqnoc8xR4gTr3ViNuLc,buy,0.056197529,195186.651678,2.8791686581472405e-07,277.59905471470876,20674.77672325738
abRgYNdALYMZsEr38RPRH6rUgSG7hjjoeRxB2gFnrgfSH56zzxXfTmTdWcWHrLF8TiSpuzvr1CJd8EkC1XpKfCv,1785083525,2026-07-26T16:32:05Z,FmtfLdh9urwekvhn3SVUtV1dxJj9sMt82wxKrZsJioPU,sell,0.381808154,1327067.852457,2.8770808764081e-07,277.39775833160314,20659.784749382736
2DoYuBJQQe7eoRXszUut3JE8emWoN89tLyjStwwRpXZ7funSSh7WVfsCb3yeATv64DzNwrEHvwnZXKV56qZLb6L4,1785083526,2026-07-26T16:32:06Z,3TofRdzMWUKnB1R7AXAvEvfqw6gdoEzXVqKBCtMGKHVp,sell,0.728604707,2408453.104608,3.0251978151701974e-07,291.67865919902704,21723.385045660394
3cXjMQ9f9HxSgDN1ooePvfxRh2N92XQGP9HqPtitmnZcdFPjAfBVREYC3bDuG1RPKUZAfMPigqsPqTaPMJtrhipp,1785083526,2026-07-26T16:32:06Z,FR2foNg3m2X2pYmWEZgBb3gCWpbF8fHhkgo8CGdMHzZa,buy,0.318512221,1055646.4775690008,3.017224305370553e-07,290.90988215052863,21666.1287490062
3xN8mRaDHKxhSodwq6DxVVD6D6ozHpmZAzXLZ1uTX89uXDrHdzUpCNZr4CPdu4FXxM3N4Cmq1hrBwkKyfwJTUBxp,1785083526,2026-07-26T16:32:06Z,8M3bQsiffCKZ6pbAwtm2v1HDfVyfScu9fePfcJfpAomX,buy,0.3235419,1073881.818268001,3.0128259413295696e-07,290.48580775786905,21634.54491169343
47R7c5tEAy2hKMWSshuRjMXY6gkTFZDmw513kFwTPkXVsozhXJP1LjMwxTbLxiaPNXmM5FNgMoM9ExXMyfSqPQn3,1785083526,2026-07-26T16:32:06Z,9xNbwMQkTVsmhNU8PNqgDNS1Tniq3GzwHNikknc1vcxk,buy,0.097777777,323153.621001,3.0257366975224896e-07,291.73061629128546,21727.254659995848
a9ri49pRA376mGpx537MGG86VmTWQ2j9tB1yC8ifprYPARoRuNo1WEcoo1yFp2sGdaqszRbC8zvZhQM8Td59dzC,1785083526,2026-07-26T16:32:06Z,8zgiH1ZyTbsQw13oNKNSFkDyj59xSq8xbWKrvwxqNPRy,buy,0.335723657,1105340.7432579994,3.0372865475894085e-07,292.8442111658339,21810.191993536533
cNDKFGPVXSNfjzRpXmk85ZsQKC1tZRFbsQ5sssRSRNph95zkh7xK9jE9BUfCoUwSLRtahTjCwTwMUxirueGGBaz,1785083526,2026-07-26T16:32:06Z,FUS7oxTdvncd5z2Zgznstq6hJHfYLXdCZ546A8ZzuCLG,buy,0.296296296,975356.848436,3.0378245303256523e-07,292.89608152035845,21814.055147895808
4kFHVUquFnCeQg1HhYjqCuwJA4kvbA81bXFXVu9LAcXWjgpAanwwnpCXC6k5PEgkrAGFdP9H2zS3uC5Dj5nQTQPs,1785083527,2026-07-26T16:32:07Z,4ghRtYKP84X7CS8YMVsVj4xuZJSYvnowmqbrrMNrN6Ch,sell,0.082465529,270875.84296300006,3.044403225401841e-07,293.53037556535594,21861.29553843205
3r6LpApvksvaeM4QJgQMZ9GVVaRHoRCicnGyiU5xHmWpscWXbn63YUJ9WTm4JRLz1ZUckvcedFAQPjCiWUEhb1bi,1785083528,2026-07-26T16:32:08Z,EqVjkrxV7i3xVMFBZWJFPWrp9e1fBPYZTtSJtdQc6PSs,buy,0.977777777,3182947.544836,3.0719255131500433e-07,296.18397525666535,22058.927987818846
2RQtnmj9mTJArC1J1SuQj8YRYZUe1cGyK8qq5dvKyWiokq2fR9diQ914uq8NN7Y6oJ2dunrcuWTZ8ctbxVy5usEp,1785083529,2026-07-26T16:32:09Z,2bhy5b5JFXkdaFxMfQmfYXPMMbbfN1JkkpxXYoS3tf5P,sell,1.022887097,3341353.3577820007,3.0612957908737765e-07,295.15909578410594,21982.597921474808
2a2sddasL7bDiGN5nu4XdB2Vv9iqhMUgPBEde14PnvzfMWMD89oEmrJj5kz1vbXE4qnDvJ8tqn3CrijhgdEBsnxv,1785083529,2026-07-26T16:32:09Z,DacRsQhWbr33YQf9STvE53q6Y61oB6NMDoMatcUTB4c8,sell,0.137456749,443693.321287,3.0980125777256635e-07,298.69919590759235,22246.2543655008
3MYAVJ1iRoTvRQ5zaCFANM7fYEe1iocMTvXUVve5XvshqAsdVK1uMpkSauPuraqiTrdSwZF2UEnPPM3znHJCxnFZ,1785083529,2026-07-26T16:32:09Z,GSd9FrhvNhs1Cfm67hV3bBhapBQf5b8uXZQ9xqs2wmQz,sell,0.012068895,39015.273826,3.093376982005755e-07,298.25224849232205,22212.967011452543
315sDqRRT6EJiwMHgfzY6wJvpGZYJ7vcFunXpQcsHcNX48BQcHw3zYZHKcdDNVENXCauqxe77Y54tLEPmTP9crgS,1785083530,2026-07-26T16:32:10Z,GcNY3SXi9JfP3Wj9538vwDenhA6CxURAwZF2rCPXgrCC,sell,1.580313452,5300522.213733,2.9814297314057145e-07,287.4586984665033,21409.094544867778
3mqQeH9prwyRRvSm21xd57arzer1iEQWUrkg4eGVAcoXt3pSMsFuTdJxR3pU8PisWX5H517yfyLzdAuZZsvLv6dT,1785083530,2026-07-26T16:32:10Z,8hGRwXvWXz6ungB1WFgj47rLbTL3Gxmk9KHJ4Ten25LG,sell,0.917094426,3244088.721583,2.8269708528578423e-07,272.56633064503103,20299.953953931727
4pLLZVyASEKGnYWympMVXKNFB4ZgH1vjQ7uLr9RjwCk1SRqKKaCYb6g5wwi8L6DeyzfBqwW7FmLVjduP4kydBsuk,1785083530,2026-07-26T16:32:10Z,F35VF7nWWMRcGrEPXgjsZmNxcz8GLLVGS1S88NkrR5rb,sell,1.324773685,4578086.403078,2.893728008517512e-07,279.0028147509994,20779.324720919572
5ELXNAmbdKm323wHN5ynGWQkCcVekmSxxbBUqBLCVQ4hwhLBpVQUcHzSTsd6PLHF53qAQyNtf66KuhLRQnzP6Qrh,1785083531,2026-07-26T16:32:11Z,4pBk4GacSZVDbkxK9Z8RiYw4LxyAJ7RvSCHYaizEkpw7,buy,2.962962962,9971343.929426,2.9714780504723433e-07,286.49919329402616,21337.633367789338
5SJk59zLZozkzk3sZccPHKjhqxnaYVW4Bqo7G3PD2sBpy8cpmezeFswYuYtpi5FGaekSLzLJTiigwhGrfjgzGLW4,1785083531,2026-07-26T16:32:11Z,64hP97Bwr5PubotcTeGgfhkFrGiLVVxT2kVo9M9b4AEz,buy,1.420346896,5000687.065499,2.840303497092092e-07,273.85181610132827,20395.693202097587
Pb7j7rAHEXsTE1SqLbWFQCWvnoT6vjz81a4aiLjWivaJX4QZ6f9HHxaERoXecDKyEE91SCwrUTsdo7n6ztDyZwp,1785083531,2026-07-26T16:32:11Z,n37YdrtNez7JA5YG3wW9WxLdTrtKkPGkkRavAAPKA2u,sell,0.12417108,444061.084306,2.796261243969634e-07,269.6054209484414,20079.4339419395
ch21yHLqFFfcV9ewpgDttnTehXjmcfU6o8dBBMurHgeJnFmDNybwi1wqRburF77vnQb26hgQfeCbyztiQYCKu88,1785083531,2026-07-26T16:32:11Z,9FCoF2Q2SzsTwjr5oEHUcBaT5SYWecmV1QmdR7dmAP33,buy,0.098765431,353299.846212,2.795512991554916e-07,269.5332771501176,20074.060879974844
2Ler4LmXAsYR6SHWUL3ch8NpWy95EiRmhaTWahp11GSPT5FJ2tois3sdJZ1qNi4LqkaJU3XxmCkyeazTHguSy4v9,1785083532,2026-07-26T16:32:12Z,7vvD6TWN6FvsDLAii4CJKQugj2V4FT54YhV3J5ZDQ7ps,buy,0.118518517,375319.551144,3.157802907915331e-07,304.4639638362669,22675.597649501637
317JoSoK9kWrMWYnhL4NTjYGEcGqHbM7dGYo75caNvRR1EEdqcKfbSZU5ZoGEeDRWiuQiZvzsYAdp4UNTdgaBCLr,1785083532,2026-07-26T16:32:12Z,3hZEk5bAdApcgJg6kNjASis5QYR2KWsHnXKxHhvb8vQ6,buy,0.977777777,3130405.232339,3.1234862723169444e-07,301.15527763751135,22429.176246961575
4TZ78ok2bdiGkLqzR8rb9GnoNxdcCfYAtFgnK23NtQnrrpCs14yaugbTwbbVhrSL9X3gwrMFtoKjrcuUW9bZvYxr,1785083532,2026-07-26T16:32:12Z,2bhy5b5JFXkdaFxMfQmfYXPMMbbfN1JkkpxXYoS3tf5P,sell,1.045369028,3341164.870177,3.12875619317948e-07,301.6633843945509,22467.018572340414
4agUHsmifv8j8SAAQ6C7ZFHGwMci9EjFCb4ov7p1jWEmT54zYAfNC2C6bDRHjcwr9HDLSjpPDWDUuGwofV8QD4JK,1785083532,2026-07-26T16:32:12Z,48uVqq6sFCtoDsbjhcuk4yjRiSq4kSqZCpDp3hi7m3G3,buy,0.488888888,1588321.781195,3.078021681678233e-07,296.7717458327371,22102.703444609477
4isYhY9P5cC6JPvPZ5kEec9xySr6ijWchqEawK5RaLwTuYhokeWUxR698mWmB6PhYsMAYj4L3e7RvruQ86xRws9a,1785083532,2026-07-26T16:32:12Z,6YVGVTZ2CE4r83DpwXcpKtA47JLubu55G2n89VmAQtCq,sell,0.243003269,785479.049953,3.0936951025560817e-07,298.282920528087,22215.251376187647
4xsdjXW1WdHDYzoRDmQQDgSeMDcLy6LqHey6HHEiXFRVHdJw3R4CTc9d9Qn1d9jH8FvZ4M5qqx5PEACX8nqebnFj,1785083532,2026-07-26T16:32:12Z,62YSi9Kg2z25q1zHhR8LDeUjr3Dh2gb7FkfScuwhgMWD,buy,0.000977777,3192.319186,3.0629048758284156e-07,295.3142379502654,21994.152462425987
5oUwfSoFSSq5kAnfgaMvJdd9Lf5mFqBYtf19NaJ3Gg2GzSJB9XrdCs7cPGbVARr3rkY4PmjH2TrSfVakCswivt2B,1785083532,2026-07-26T16:32:12Z,5ajog5xEVyZsbfVfZ1X6DrWKiq6EhXdfCtA1zf1jLDe3,buy,9.7777e-05,319.22617499995977,3.0629380563800047e-07,295.3174370993427,21994.390725819736
5qEoSBRnAdYWixc4sU8UTv7PTd4qbqTZGFQ5REA1KBweSdfwm2f35xvjJC7BK7bAN5FibdnpCvuTnWG7tQEWnXjJ,1785083532,2026-07-26T16:32:12Z,FK5rsybBkML9siKVXABobqffxGZFDYGzsH5MGz6o3GcZ,buy,0.079012344,254978.446195,3.098785218087559e-07,298.7736911037976,22251.8025527959
291hA27FKstLtsEzd789D6wZQckGKQ38awZAD8eHHtV3icXyagYMHbxcojpmHHY4HaJk6pzket55e4gvNMJ6HCsy,1785083533,2026-07-26T16:32:13Z,6wAAZph57VDsCiabg2rt2cYh8ogxQquyeEc4kHSjnBbA,buy,2.386332954,7754337.846365,3.077416797255798e-07,296.7134250589942,22098.359881636246
3w8VPqudQddGFNEapGo9sf5EmGRpHjM68m3A97zCL3tqKC7udDJSbxtf438JWWWaQDfT11waPEma96zmSeikMBBo,1785083533,2026-07-26T16:32:13Z,FPACLbrvNT8NMpJNShGxUzeDVm4inQXo2yVKVFZ5mf3n,buy,2.502555935,7746887.352958,3.2304018646204366e-07,311.46369332331267,23196.917307512
4AmVQztZgWa4XYK5Xi3wfdEoQP68VUALjfnwxM8F3GueEK8EVHwwDkNMPPPf5jiuFLQiK3MohojyNT8vKcQrh97V,1785083533,2026-07-26T16:32:13Z,2bhy5b5JFXkdaFxMfQmfYXPMMbbfN1JkkpxXYoS3tf5P,sell,1.022887097,3348788.7102059997,3.0544987621422e-07,294.50375079574786,21933.789717408934
5wmHi1i2agGX9mogLC2ytw7fwj3dezHQuYDfK13s3n37SBmGGTTVdME1K8xaxYpgA8WPJDiDSREaMoh4nmmETpen,1785083533,2026-07-26T16:32:13Z,6P93ebg2C4VU6jcmZHFp2w9T9VXMe9QSXGqdnr4yneFe,sell,0.304589832,1010644.6435410001,3.0138173090474934e-07,290.5813918566302,21641.66373960951
2PvmtzcpQSwEPZBwJaxsS3j2E1nobyoraH8m9XRcHgzJcNirWqCeXg6tqpRWt4RbzfdLo4f8S46hVfhvz723vftP,1785083534,2026-07-26T16:32:14Z,91VyLw28TJyRY6eauq3gjAUPo1xb949v5XFK6noWZFk,buy,0.097777777,295062.919122,3.313794132144802e-07,319.5040749000477,23795.741730886315
3Tx9fzdnUzYVcdmYazKnTNrZBEBr6vRBmV6T3TYqdLZBp7V7Ce4sFgmRURmuDBuMHuf2ijgPpMcy9rcMfU6GY3co,1785083534,2026-07-26T16:32:14Z,2QKPVT9kiQr4xr2te69p5g9wgFNmUwdjXfKkNQ52xiqs,sell,0.078365151,225645.419506,3.4729333824530055e-07,334.8477072810673,24938.49120432144
3ZJMtPGhuf9L3LN379X9xEPGvG94m4bktAYyyc3dEfTZRtqVfQDcgSVvaaiPnVfebe6poEij61mTafT8YwdPayr5,1785083534,2026-07-26T16:32:14Z,6wAAZph57VDsCiabg2rt2cYh8ogxQquyeEc4kHSjnBbA,buy,2.546482327,7165172.481489,3.553972124995955e-07,342.6611704700101,25520.415400831407
3cqmRFWSm4L6A6cV8kRSE3wk2xTv9CjxBn2pMi4J9ggTU1Tvw6T9qoKwmZ7gV5xV9G7WFfG8UjbkhXg6KWjrzRn3,1785083534,2026-07-26T16:32:14Z,CR4Y5YQ2Dy8kdKCCYd32goMmG762FqFaBb5uVbQdxaKc,sell,0.394266251,1071308.714208,3.6802300380005234e-07,354.8345029356651,26427.050082869686
4BD97H6JRjLj7UN8oDrnKCmtjR96wfTzrN9LK8ABtwHpopeso9GgSDn2py2UAGbERLQiH8VMEtqukfykXVtGS5pR,1785083534,2026-07-26T16:32:14Z,FPACLbrvNT8NMpJNShGxUzeDVm4inQXo2yVKVFZ5mf3n,buy,2.342406561,6892390.2508890005,3.398540238922005e-07,327.67498877323567,24404.28782311541
4JZZTsur8CKBbMJnoZ4Fmuu9yVGGjN6QVbq1ASbxrzH1gzWghAcHPayd3nmmonn4GmgC7hXh8d71XxT6296bCVCg,1785083534,2026-07-26T16:32:14Z,5TxsqqZYcGW9qbNwt9wLF4PhHe9W4dHwpjwFDw83TBua,buy,0.493827159,1339701.509324,3.6860984000024026e-07,355.4003092283377,26469.189703199594
4bEgJrHdd5GMrJQS7yUAsB4btcQ8KxyhPse2jh35Knv2mtejtqCForWRDgjtkWfHrZwhfGj8vWXhTtdK9c7JJBiR,1785083534,2026-07-26T16:32:14Z,HDp472dUvzYGtVSarR4EGLkcMJP74QFRMTsT9YA6ibCd,buy,0.048888888,133293.04821199994,3.6677747756389515e-07,353.63361147416214,26337.611151382847
4cxT2zYzgv7tDFFPrnyH5631m3osErBfCPmNdLQQiM1AeQdZ7RYn5xn81aPfS7JSQbXeBA5DxYHheLQVRy895XB6,1785083534,2026-07-26T16:32:14Z,3pBVyQRZmvue1biZonm8w9DZHPZJPvVZnwQQLY5PzGSe,buy,0.488888888,1339558.846522,3.649626063605492e-07,351.8837781358054,26207.28861260253
58mdiLj4fBGwaH4HrMM2s96g7FiQp1DXZrGbX6i3AsNjp1fDDUPbaHtf91bH8Y4WSK13o367JfCCmcsPgcSGhwnr,1785083534,2026-07-26T16:32:14Z,9FCoF2Q2SzsTwjr5oEHUcBaT5SYWecmV1QmdR7dmAP33,buy,0.098765431,297476.98717,3.3201032436017734e-07,320.112376665069,23841.046291397528
5e1X85qFTPPsGtDHEsHuG2ywNTj2rCWriowoMP5qVE7EWKfEvM18fDanViA6f7Ln3fAcwp5Qa5oNQfMXNr69JPXS,1785083534,2026-07-26T16:32:14Z,Bjo8rLDTMp8KA88RUoXz1VoihSKoW6nRHw3mH3zodtL6,sell,0.136625134,369435.51523899985,3.698213310964777e-07,356.5683852358308,26556.184634344205
XhrASR1xJbXkw7wobcuwnL4g6PuUApwnf2ywgT1am4GAb7nqw2vCJ2vxwNK6Vq4K517Cqd3rGbs48jYHqAEsxPF,1785083534,2026-07-26T16:32:14Z,2ciTxMWCzn3kNoqYYnFT2mzJLX72k1ermzGRcUQ33d4M,sell,0.095162169,261693.456791,3.636398485729077e-07,350.608422798678,26112.303826487092
42Bi4ErdRTJw1mZgY94X1mvV42mqB6D6cztwjwkLqayzCczv4jDnm73DgpZhqpzDhf9CoLKEpQcLtfr2YMALQcvk,1785083535,2026-07-26T16:32:15Z,Sq4hqLzhr4V1TLddaxsGh1pF8aKdGtwm96vYT7VWjEm,sell,0.007103912,19374.218890000004,3.6666830494346704e-07,353.5283511722142,26329.77166776921
4CvS4LaNnqPhSuHgpuQn6xwNkdbC2ynSt6dedG61bU9uJJRKrBrT7mTto1iwnAMVR5NzVGV98xZjC6bryL87YHQv,1785083535,2026-07-26T16:32:15Z,8nDbbXEnHLc6q6dzgwSqLEM1ZGKr1nzpdLwaxPbhArHS,buy,0.98765432,2669497.641049,3.6997759608878827e-07,356.7190503037756,26567.405733936757
4Gw7DjiAQF8fRH9Q7muyznzx5WMVcHPs16SgerGTgxNNS97pPWPXJG72LRKUFf1qwYXZHGxu9Vsx6vyg1jBH2eJH,1785083535,2026-07-26T16:32:15Z,A4rWFozNza39oA323my8dLffKaHPSTh3G3ewHbQw2cqb,sell,0.097864848,263931.0033320002,3.707970900140719e-07,357.50917678129,26626.252074471067
4Rj7b8xoahDSs1iCaHSvQWELgcZ82F37DbLD9SJp64w1ZfysCQVsx3YiwXGLMRp6rTqPnRn2NpPQLUVBUm6yMjkg,1785083535,2026-07-26T16:32:15Z,5VqL3BXB5XLidG2HvgzCVnVLVtPuZX8SeeRcvdqFtXbt,sell,1.462779023,4018345.2567160055,3.6402522171413833e-07,350.9799856781757,26139.97675779502
4rnoK6C5h5G4GVwZygDCycGoDhSiiNstrC28xfmUbg1gx9oWaPAbkrCvBA1kYAQMGij7TGfuaa7cYhaGVwUuxARX,1785083535,2026-07-26T16:32:15Z,DLrGWqkLdPkBv6pFnLcVPdsTi1XZPTHUwtwbuMFK54ye,sell,0.325205882,873660.6854739999,3.722336227405738e-07,358.8942298097579,26729.40682816025
5CM6jtGeQhrK6XLvc2LH4HDYGdWFjFsY5PDv3pDioeMmcCWyRwozdkQ3MLi6E3jjnv9CVkNeRWVC8LuREU4nHKzh,1785083535,2026-07-26T16:32:15Z,CoAmJNSXezCKgwUA7j62Btyph38sw75xM16aZb2HGeFo,buy,0.293333333,814545.441183,3.6011905311750213e-07,347.21379884186763,25859.48202765711
5d3yxsGvrs3WGamSDhsdudMQ2Cnz4b7gazpBDdXmoM6hdDr6r4XJHcZ15LX7NnE6pDwfgEqiJgmdaxJUzsKhazKA,1785083535,2026-07-26T16:32:15Z,EUdEcw8Y738nwcDxMwixjz2rPxXS7qcSSTwzqvw13fy1,buy,0.048888888,135326.846066,3.6126525830770114e-07,348.31892853410693,25941.78889884142
5eScn52d6CVXGEPyezhgBWf4cpocaSJLkdrJjSkw2JZb3JRYnsHcNkLwd2U2CG3DFCqDFZe4Ga2TvZT4VXHnccFf,1785083535,2026-07-26T16:32:15Z,6KEqpWHUD6ntSQjvaBUCXNwb8rEMi1cmqxu3P1hxotTE,sell,0.219448628,593552.5781180002,3.6972062137412353e-07,356.47128455488604,26548.952855762418
2GGYzk1ZvbSUL76tz3SdkSPzQXAFY1Uhcq9zYJfhrb9CUJbMXwVKp3Aeiq642sei7AfrSPq1tyJXLhSzVU7L3GDu,1785083536,2026-07-26T16:32:16Z,GqBXzbDjYviRi959rQmxVzCB7UigT3P466opp5M25H65,sell,10.608015916,33190806.362124,3.196070562511382e-07,308.15359303251154,22950.390587476035
2JqtUd8Mxk4Rw1Q2biq8eeJPYmxuEtACSm58w2ZiTaBR8wwkVqo9yGtAcUme5u6fUuHTk5A5izPyzWoYeXi739Rn,1785083536,2026-07-26T16:32:16Z,A4rWFozNza39oA323my8dLffKaHPSTh3G3ewHbQw2cqb,sell,0.078656115,218549.35453300003,3.59900925665389e-07,347.0034882220205,25843.818699435993
2LZZpxpQkfpSNvaqpajGokbJdk5bbFLs5aj9ppwvwjdz2Kn7byMBQyuM9PDkKtHAYuHgVZF2eUtSpXTYQidMJmfF,1785083536,2026-07-26T16:32:16Z,A4rWFozNza39oA323my8dLffKaHPSTh3G3ewHbQw2cqb,sell,0.087606745,242586.8962399999,3.611355203346495e-07,348.19383986110466,25932.472655356414
3UXbNoM2r2NtXQbXe6SANbS5cyY352CZ8LScxuRKx6jgPNDejnHYPsWGvVdgpcxox18XyPsaaiu3mYdN3wJUurvn,1785083536,2026-07-26T16:32:16Z,A4rWFozNza39oA323my8dLffKaHPSTh3G3ewHbQw2cqb,sell,0.085179076,239758.50083,3.5527030618362084e-07,342.53881197860255,25511.30249339501
3ccBuWzbi4t9EHg8WB4kDS7rcbDM2TasFT6g6RcAE9oCHqYBut4XE697UAo2Fya2iRHiUjJNp8mQuG2GLZjknEHW,1785083536,2026-07-26T16:32:16Z,A4rWFozNza39oA323my8dLffKaHPSTh3G3ewHbQw2cqb,sell,0.086401838,239758.50083000003,3.603702796809817e-07,347.456022430763,25877.52214174419
49GMs6h2kRyMGWqWeQWhXuxsnRyk6FMRYEMdnbwaUNhwKVMY7sxuHu7Wbxw7FCzme56mm7jL9qLEVGNGgU792ziB,1785083536,2026-07-26T16:32:16Z,39gT82eGG6ERqn8LH9K8kuK51f2awTxXrN95vJAEExbF,sell,0.267296356,749901.928692,3.5644175027823415e-07,343.66827611192303,25595.421723546304
4AGPDseVmR3VJtPbZB1jT4phVLSoJekT4w64kaeRSvbtLaa3v4X5V4jhcNeHVc3d7YGwVP4NCwsTVst8tstoNAHQ,1785083536,2026-07-26T16:32:16Z,A4rWFozNza39oA323my8dLffKaHPSTh3G3ewHbQw2cqb,sell,0.079278909,220925.93207900002,3.5884836267953806e-07,345.9886449648424,25768.236101459126
54SXHQY28p9DTmu8Uvnsw9B2zyowvCZcFLTTLLMtCwedXnPELwKSYQGYx2Jm56GPJcuuAXjwajBmF6b7w8frJttP,1785083536,2026-07-26T16:32:16Z,DLrGWqkLdPkBv6pFnLcVPdsTi1XZPTHUwtwbuMFK54ye,sell,0.187640035,524196.4112839999,3.5795749639029884e-07,345.1297038289343,25704.264643697596
5qgnrE1UJgQGXQ8pdE2PZaQBgdqxh7XdhGxs4uPePCRxNvPD7NhqCd7ep1MQXucjTR3oe8qfDADFpRu7Mezjtzee,1785083536,2026-07-26T16:32:16Z,EyoNxgo2uZ9nwb5qyqQMrXtoeGP4p7VQ4AdEWNbgMAYo,buy,0.012366266,34339.038211,3.601226663371909e-07,347.2172825779358,25859.741486268907
5wEBkxiZFk1RTnU3EqP86PjMU395rH7qx32QDpLADiQAHGRr5cQWoVZQUUbiWyQNSpCr3LZh4RKg5uDh2EF2a9hT,1785083536,2026-07-26T16:32:16Z,omegoMAe1AMY5MFKQQr3JwXVy8F4eCvmBAfcpo8XAfq,buy,1.252084609,3506833.72395,3.5704133915698936e-07,344.2463780771862,25638.477090097807
634MFsb3EutJCUghT1SwotLv29kmfCVG936yTFxLcZykHXrmKoB9M45Naj7p23EqQLeEX3ZHkEG9fMKNBCxR5R2g,1785083536,2026-07-26T16:32:16Z,A4rWFozNza39oA323my8dLffKaHPSTh3G3ewHbQw2cqb,sell,0.078541282,218549.35453299998,3.5937549286214257e-07,346.49688486940147,25806.08834328108
67TLhfwEMMPpFTsr6YihWJAwaUh8wFzHq4AxXpkgRX8pqyBGf8gPQT2pnhmtYN9SzLwZXHtVneAt4yVmQPSJTQ16,1785083536,2026-07-26T16:32:16Z,FSG4XbDyJWJKVuvmwMbyypTh4Cqnoc8xR4gTr3ViNuLc,sell,0.024245583,68315.328087,3.5490692468201426e-07,342.1884526446283,25485.208740985545
L89BwqRC4fiaJxbskUUXU7LMJFTU3j6oGyNbYBJZGjZ6vgeBziX4HiaRQCig6VXZoHvX45E8qvftE5fSTDcFQgR,1785083536,2026-07-26T16:32:16Z,2bhy5b5JFXkdaFxMfQmfYXPMMbbfN1JkkpxXYoS3tf5P,sell,1.019573356,2857214.032678,3.56841785158243e-07,344.0539753109926,25624.14748715273
LtzSUSZFETdAAXNXZ9MCRygHG7FDZCxnJ1KDENyiyUj2wcE4o3yC6vVb5NhGBbe39DcRBXX9AsUjJgje4tqki7D,1785083536,2026-07-26T16:32:16Z,A4rWFozNza39oA323my8dLffKaHPSTh3G3ewHbQw2cqb,sell,0.086041444,238376.621638,3.609474931256597e-07,348.0125508097373,25918.970769828586
hp4AyKqtLA27idQaUmD8rhVuhe6rwbmW1DbiaZ5W6pj6KaDzD8BZWRuzBMwRJa6ndmMHWXFB6SxWQJ7u5UwjSHF,1785083536,2026-07-26T16:32:16Z,A4rWFozNza39oA323my8dLffKaHPSTh3G3ewHbQw2cqb,sell,0.085676677,242586.8962399999,3.531793280179363e-07,340.52276626839165,25361.153225180362
wtjjDTtHaQAm9ngDmLa6k4iDjQArqDcxLaww8Zy86jY7Y2VJCJ4fD3ZFfBYSvszMMwGKj3mG9MtiynKwE9QVSim,1785083536,2026-07-26T16:32:16Z,A4rWFozNza39oA323my8dLffKaHPSTh3G3ewHbQw2cqb,sell,0.088082821,244303.09785300004,3.605472946274322e-07,347.62669385588424,25890.233257101005
4viumHn1NgCxm2fC9YqN9TPj3QNDFeE2pUcSccP1yh7VK8oSrHRc2wkLiMHfjBFyrFQULkmJEMkAfYz7RJkr57Za,1785083537,2026-07-26T16:32:17Z,qoumkt2z3bNJ3y5DbzHKqQW2sxyvt9eRr19jCPmdRvV,buy,0.009777777,34694.25519,2.8182697528604876e-07,271.7274019746286,20237.4729668652
5DUfu6m5DKBx6Q7Stxv7gaDKRb3m8wPG1byQsZATn1H9SgHtRNdKnCtYVCMZifv8hgUkwtcmjq64tzAtXTTdDVYx,1785083537,2026-07-26T16:32:17Z,HDp472dUvzYGtVSarR4EGLkcMJP74QFRMTsT9YA6ibCd,buy,0.048888888,173364.49868800002,2.820005731853104e-07,271.8947788061286,20249.938710393995
5Qk1oWSkha4fLN7yZUXsBkLaJiUCbL2Y9nnUzoyb3Y5BwAqrxZRCwmRvvH2L4dACy84VC1SijgfUMbgrAZh8ihJy,1785083537,2026-07-26T16:32:17Z,5veTCy9eDaL66LqABfpywN6jr1s7zaXP4uit8sMRAaHA,buy,0.000987654,3500.475539,2.821485221068416e-07,272.0374258186505,20260.5626483507
DN68y3btGL7pcSPsSNskhk2WdSHUeyLXLjsTwmjk88qCrJ9C1xBUhLb86NBTABLQ8qKByCFGGBdbbCAKh6wFaD4,1785083537,2026-07-26T16:32:17Z,2bhy5b5JFXkdaFxMfQmfYXPMMbbfN1JkkpxXYoS3tf5P,sell,0.277604491,967083.426732,2.8705330204870766e-07,276.7664376866869,20612.765809106302
eCN1G6L41B1SN2dTAWquNUn5beNohF7tYuLZQkoCtoJVu4thpTdd2YFqs68CVVHZRfKBEtpke74JxDh31ff662y,1785083537,2026-07-26T16:32:17Z,9KKUXi2XroSMT2jUfWMDzwPXiertNKMo95Rxm5LEkVsv,sell,0.745282606,2624205.4109969996,2.8400315115456186e-07,273.8255922361916,20393.740124277927
2CCBBjrqVNWUzZSY8G68nhSFTji9gZ93ikNrXbJaex8bb8szcsgVSDJBTZVCzm2Q7MJTv1nFZ6MPaie6DygvgEo8,1785083538,2026-07-26T16:32:18Z,6zH2qz3ESvhCcTkL7hTmMtsUZKgf9QpbnXTnD2UQQzpr,buy,0.293333333,995242.695292,2.9473547948416463e-07,284.1733160166484,21164.40873831464
2NL1pnbACQ1ETY4dgsvicgah1egkHpESivTWdARQaEMikB4jStKxveby3q9Kye8cSBUzKMTxueRhZucN12CmU4Gd,1785083538,2026-07-26T16:32:18Z,8jpuDFp5HoFFHtVZZJyxUt5jwLYa8XqXsbEpCCJDdpzK,buy,0.009777777,30246.562726,3.2326903022256493e-07,311.68433622110996,23213.35015398628
2RXQtCzAFyA8kcqkVgtqiX2vtiQbMsgN6bApbKPQWtSgHdV7hHGu1y47hmHQ6Y1dhVbnWEQu8xakKvDP28AVPSZq,1785083538,2026-07-26T16:32:18Z,BvHrVQGLu4GMvDB5wvNz3gfwskV5tRTo5M4PJEGXcG3u,buy,0.977777777,3155182.160378,3.0989582448794633e-07,298.7903737228366,22253.045026132648
2Rj51pMYUTXSfPMytBf9T6M5z553kgdVtRdX59H75rQvYmCdncEABcyy5Wrt2TSAcCkJHAsdCeBwjMr46qMEZTM8,1785083538,2026-07-26T16:32:18Z,3yWgHqJTFDPde354uUvRdDyQwedeWexwZysNiEGYUxfj,buy,0.977777777,3226231.165424,3.030712081263705e-07,292.2103248417019,21762.98196887408
3EQGSqJFZ8Cwy4zvoDn9pUiafHfqxBEWg6TSNXUd7vch8Wnf63VxwJZ7ABrgTv85M56Sp5ZcbsZKED7NjTAt12Vu,1785083538,2026-07-26T16:32:18Z,53KgptJLhUkAdUa2EMpVCkFKB9CAat9mc86hPvth74kZ,buy,0.195555555,620649.838564,3.1508193968511723e-07,303.79063889418177,22625.45035035425
3RDbzGbwULtwnb4mHaQHiyoWEXpQaJeYwMkmftPKnYKqMb5T3o3PAUNcfwXZQqHwd3kZouFR4BXLAFqDK43MbMH6,1785083538,2026-07-26T16:32:18Z,9KKUXi2XroSMT2jUfWMDzwPXiertNKMo95Rxm5LEkVsv,sell,1.085447798,3286134.995213001,3.3031138391490314e-07,318.47431958115993,23719.048525574533
3gMGBGkWvb63U7vKBaKdVoRtMHMnJYhPPSGaZNN9Gfzqy467pv1zQozH4bmpYoNwcFeD7r25KmQaAJ12LFWvcQkY,1785083538,2026-07-26T16:32:18Z,CoAmJNSXezCKgwUA7j62Btyph38sw75xM16aZb2HGeFo,buy,0.127111111,414739.299462,3.064843653950532e-07,295.50116794218445,22008.07446893202
3xr3BSevk8RAu8cy3FynSu581BFPYgta57z15ziELiWKMymxiTEmQpUqVxkS7BhgomaRyvQLD9LfPCtkPj39fuGf,1785083538,2026-07-26T16:32:18Z,HrS3ZAYtTsoRwHXjRMFKkyFjDEMB5S9EsvuLLhGYDj5X,buy,0.195555555,573748.01703,3.4083874661962417e-07,328.6244229007411,24474.99893781927
4GWjy8tGtd3UnQ4K4Koy8A16JiAHU9CWxtPX1cL8PoejWQVfbML9KwDfYhWYLm7jcUBgLjPj9UNshKZKMU8SVXfc,1785083538,2026-07-26T16:32:18Z,omegoMAe1AMY5MFKQQr3JwXVy8F4eCvmBAfcpo8XAfq,sell,1.183975278,3506833.72395,3.3761945139115494e-07,325.52049458538596,24243.827311709396
4TzSmfoJhXQF35q6W4HQTTRyyZDhLEAuwexvLPD6tM76CD9TESs2VdpqBxbpS96f3A4DjWRd61gnkBMYVDEia5ox,1785083538,2026-07-26T16:32:18Z,64hP97Bwr5PubotcTeGgfhkFrGiLVVxT2kVo9M9b4AEz,sell,1.64243905,5000687.065499,3.284426776735542e-07,316.6725804413912,23584.860192453027
4YJH2rCg7dZQzcTWHTBafjmpFGfhgWdK4y7TvVHX15UJujF6RhG3YnPuYqDGCvEwodh7ZKqz3GM65Ae5k95Hqfvj,1785083538,2026-07-26T16:32:18Z,EeZGKJtLJdF7CnVEuDX93LABAcvk6RGj7qw3p7yy7weR,buy,0.98765432,2992894.017019,3.29999764236132e-07,318.1738671293295,23696.67169376603
4aafYSPthS88zvFTqsQc22fjbiY4cfyEh1y3aYQcHEmZVj76KZnhhxhyBoiaiwP4wWTBwvcXzQoaaioNrAfv4iJT,1785083538,2026-07-26T16:32:18Z,8NsfpmaZCjGqFRr6kvZgCe3buAqBzA3m8v9nY6NW2anL,buy,0.244444444,779213.3658869993,3.1370668766922704e-07,302.46467051603446,22526.696050962026
4twfjJpTYBgTRYpnNBp3Yg1swdgLi41REcKPDmTAUVP9FENZdFTpQJTLzx8JFHn8n5s8TPXetaDD8q73PE9jUZoC,1785083538,2026-07-26T16:32:18Z,9oT5cdy1XZ76dzy4z7t29jXPSadq84RbeeqeeJfsEkog,buy,0.380891788,1274214.353636,2.989228514912868e-07,288.2106290362475,21465.09616438637
4yU8F8AG6kz3UX3ZfoGMXHa7jW8kVZwz6g3asCJDXkqPfn3kwFfBvLGbwspoYWPRH8iC1uW2tKmYut5BnvSQQ3Qa,1785083538,2026-07-26T16:32:18Z,9B4UcQwAgb129HEGDmrhLRdCxmB5TkXkiX3Rwma3gT5E,buy,0.352441545,1187901.849474,2.9669247939639145e-07,286.0601847284679,21304.937276364093
5H3utXqHcqhFVxRhRvefc7Z8qKysxnzvjBgixrfBRHqFyEvAVsEsFag4Gnz2iUrw31En46RMBhTPgpyMgHGue4tg,1785083538,2026-07-26T16:32:18Z,DHNYm7spbcsnUNpxVBbnotx9uGyA4ansoMLNbtmbv3pR,buy,1.955555555,6085088.905638,3.2136844429472913e-07,309.851859837768,23076.87259964024
5ssXqWchtPknN81xUejDehUPu8mNiuwYjUiC6wPYdEBKYUwps9LuqwNjHbJoNDBCERBARyr6BF16fGpGM2VQXRDJ,1785083538,2026-07-26T16:32:18Z,75wECSqHeZHhYMB4on6rzpehx25ALxrVA56xRE5UBFzw,buy,0.007822222,23440.464791,3.3370592561813683e-07,321.74721422503853,23962.80427636582
5u2ijLyP3xhY6WDGSAqCwDLiMG3UJuTX7CML7Df8paRUSFWjSpQQdYd3Rb4u9hWYvoqkQSAkD1XHZWmtzGzWLsQg,1785083538,2026-07-26T16:32:18Z,FPrY3PfTktQKfKn7uyJxHmMfgAqV97BUeFA19BC98iDw,buy,1.955555555,5857664.265162,3.338456194272713e-07,321.8819019560108,23972.835429995197
5z8zmbMC1mQFFdhHCQN6MqqzrzjHECXDDXWXFwJuMWcnE59e4rxbmAp8bFnnm4Yv7JwatiPWdsCa3mCRE4SRNxp6,1785083538,2026-07-26T16:32:18Z,8Seb6smpmCc4ron7zDuMmgj1j92LC9kUAYtj2Cx8b2rw,buy,1.955555555,6791519.784857,2.879407874744453e-07,277.62211911597973,20676.494493323356
pb4c5GB5f2ejDaivad7Df6Fhkv79LXna9naFEgXaPNyDYzkqf291qbZ9FcNEFiqCPiBhRq7ZhQrnTZRYmurdroA,1785083538,2026-07-26T16:32:18Z,2QKPVT9kiQr4xr2te69p5g9wgFNmUwdjXfKkNQ52xiqs,sell,0.071184682,225645.419507,3.1547142483781594e-07,304.1661664267861,22653.418557587556
rXD82kVN7Yqz88kkyeP11HZDoFHMWXnMYjBEY1eQR6PT2mkiXYFVfHpZHPV8ajLgpJaEnj9LsL5LNYgCfeRs7k4,1785083538,2026-07-26T16:32:18Z,8axH7qoBwDjEruiucFm67RjrUQt9Df37jMBU4dGePVaf,buy,0.078222222,234599.409938,3.334288949007697e-07,321.4801112019127,23942.911213794298
x2UiARW8D6xxMSrWxsv4fj4LVWAvRUVRqKTx67kSw45kmKoQEE9jZSCUKTb3CbP6pb66TwQNGLdDbEynKrjf4wo,1785083538,2026-07-26T16:32:18Z,2jzG4syvTo8uci2ppb7TJqLFqSRbydqrGw11QXnrYjKZ,buy,0.000987654,3226.681981,3.060896629465511e-07,295.1206100811932,21979.73161735293
24jANsokh7VQB61Emm8x5WhLGmbkiAsTFiAoNeF9Geoqy3D6LDKg5ypWyofZj96ocDWyQsN3BamdvhU8pg9P7ZNs,1785083539,2026-07-26T16:32:19Z,FCwWgvAS74FNvQiVZdZmjZkUt25vT5ovtEDDZyRBjJ7w,sell,2.365181207,7468642.4315679995,3.166815426861242e-07,305.3329183981692,22740.314878342528
2id2ZXE7SxkMoSTvFqnwqisNceiYSr83iFUCpPLpZyUWGkwhGpM3hzax1Qk39qe1tCamF9HErrryH7FbanYGLw79,1785083539,2026-07-26T16:32:19Z,omegoMAe1AMY5MFKQQr3JwXVy8F4eCvmBAfcpo8XAfq,buy,1.185295844,3680580.545491,3.220404578435542e-07,310.4997910570158,23125.128647571462
4Tqrs81m3pN9GZF4Vhhz7tLrnnnBqon8UFFcubgfy5UqhCJYvyUhyRWbK3kEC8mtf4T4aUYSCXCUjTC8ns7qWD1L,1785083539,2026-07-26T16:32:19Z,9oT5cdy1XZ76dzy4z7t29jXPSadq84RbeeqeeJfsEkog,sell,0.407230939,1274214.353636,3.195937464037798e-07,308.14076015787384,22949.434831995797
4o8Rfb1MvUkSRazor9jYRNhhFRLTmLhqzuBwGzBTxXToDffLDq9XJKPS4eDXAda1s8BnCV2bVXYZ34zi45mWCrWE,1785083539,2026-07-26T16:32:19Z,4qto7bL6cK24gnbWCAyZecvRJR1J2UofDefrX98cd8V8,buy,0.977777777,3130085.154853,3.1238056750118033e-07,301.1860732930264,22431.469818539026
KCUHhAeq2dSh4jpoaSrRR7dnfg33cniYd5rE1iF9yR3qwvMaE1HJjc96ZoDgTw2Q8BbyYFNepG2cc46QbWiXDgc,1785083539,2026-07-26T16:32:19Z,6P93ebg2C4VU6jcmZHFp2w9T9VXMe9QSXGqdnr4yneFe,sell,0.106154438,336881.547847,3.1510909005978475e-07,303.81681630592016,22627.399968458823
N9xV6gWY4rv1DtqC6kBrJcHM7eXgqnEo5XQRU16WrgbznXrBEqFLrzKuu5UjPcFbebNQhdm9qhdx36XWCcmXTye,1785083539,2026-07-26T16:32:19Z,DLrGWqkLdPkBv6pFnLcVPdsTi1XZPTHUwtwbuMFK54ye,sell,0.255544491,786294.616927,3.249983981814858e-07,313.35173041593026,23337.532863192526
sPJKy5BqiddCGgLyMWQuLnjEbYxastTq4VxR5pfEi4PyusLzdd3Mo3ubWZDdDhLoPk6vUCnwVtkLyh43VHw42Tb,1785083539,2026-07-26T16:32:19Z,9B4UcQwAgb129HEGDmrhLRdCxmB5TkXkiX3Rwma3gT5E,sell,0.382608307,1187901.849474,3.220874747938291e-07,310.54512310421956,23128.504847664466
2ZcyEqLytdrQPKa9bP2ML87PS2mMwVijHdM2zwQRuvRCEp5PoAJc866SWrnzBQvNv1X8chrni3A6AY3UavydUShy,1785083540,2026-07-26T16:32:20Z,EZRLgpJZdLgT8ZCo1ntY1fLw8x65H9xcDRuPGvPP1m8G,sell,0.60246447,1859129.410271,3.240573069693844e-07,312.4443642213851,23269.954846769768
3NHVvjgX1EcchTf2t7kvUaUjBqvtG15c2KguVcDdp8gggwp61RrzRSwJT7U36FVyTYDDEofKQAx9zpsYhFb4RsB9,1785083540,2026-07-26T16:32:20Z,CR4Y5YQ2Dy8kdKCCYd32goMmG762FqFaBb5uVbQdxaKc,buy,0.010755555,33383.12049999996,3.2218542901044894e-07,310.6395670259469,23135.538758484476
5PKaBZmMS3zy5ouQHsVsY9NTEYu4PjC4yX1xqxBWAZZEutnE1DGyszmLKJtx3ZGkUGrvteY7azWzEXXrYusUJKQt,1785083540,2026-07-26T16:32:20Z,BvHrVQGLu4GMvDB5wvNz3gfwskV5tRTo5M4PJEGXcG3u,buy,0.977777777,3028460.533303,3.2286297485065243e-07,311.2928322809508,23184.192070010147
618mp4ibbyn7C4fTMEhGrUWtL3C4X1DiM811P7W732Z8MtHf4srDNMfkvt2k7ju4Nx4FD1xMEbBafjrFyxehPWcr,1785083540,2026-07-26T16:32:20Z,5TxsqqZYcGW9qbNwt9wLF4PhHe9W4dHwpjwFDw83TBua,buy,0.493827159,1552119.441438,3.181631167138023e-07,306.7613986242563,22846.703964423137
CrCAqad1zLW2Rb3oxiFNvYCKjRiV1pGQekXQPeGLigTPTfqjy7CFbHrpvQ66hEWppWDTX4vM5g1mQzF9JbW9JY7,1785083540,2026-07-26T16:32:20Z,AMz6rV288PF3s53Xfd1dwGDKDKtiPEgqHHU6Y1T6tMDZ,buy,0.009792592,29094.457458,3.365792957004381e-07,324.51761399455273,24169.13565860966
eYwBeFfAYKhdok1cUbKKCUdD5yzBzqnryYUPkEWz5iHkkL1AMxhL8pNwNmP79vRebLshLPxbALihkZLASW5ZmfZ,1785083540,2026-07-26T16:32:20Z,5eWFPsoyqrbV9W7AsdUjLA1ZscphwecuZNaa5kQhEu8J,buy,0.293333333,929168.5787670001,3.156944172490757e-07,304.3811676647271,22669.4312295119
4QvSa4zpaEgkEedrq6s6kYRmkPR53s4rBssGgeajeuo9xhXCF31q7CHUPvGFCTc19t62XMgiKGMn1qy1ke4VD8u3,1785083541,2026-07-26T16:32:21Z,3Dh6voLEgeYMwp3yPUVJ2oCgzEVw9uufujogXrwCNth9,buy,0.098765431,306219.071036,3.2253193984900067e-07,310.973660275254,23160.421059835506
gVYz36xGc7hUztZe2xqbdCc1Bbk49gkQXkatuTkrCnEunfKi3TKKpPogVhMzLQ66EL3FJmx2ccjEGo4asUvWFFn,1785083541,2026-07-26T16:32:21Z,qoumkt2z3bNJ3y5DbzHKqQW2sxyvt9eRr19jCPmdRvV,sell,0.010403442,32227.582510000004,3.228117404329624e-07,311.24343390382074,23180.513021395574
46mJjbSsAAw9WjuVddYjsGFsm8geZvFKm1mcSycu4rXD46WF2orvRJA178a6VG5Ah4RwjP8LsfaAaM1hpQNBqNxb,1785083542,2026-07-26T16:32:22Z,881BBEiWCFWCB2AHnQpC1TkH6rYw2yWJQzFhrZf2nEz7,sell,0.072792384,217539.094817,3.3461748133702126e-07,322.62610336258894,24028.261403739776
4EGNWxh8r4BTne3xQnUTNzxrAFwL3ATPedrLZyjFBhfRrQPKHtvdnKEeLi8bUqw43Q2n9A7AYpVesaS7251vA5ri,1785083542,2026-07-26T16:32:22Z,CGNHBChec8HTAgKRy9KgWh7anKtRpkDh7KAST89nnurD,buy,0.019392295,57983.44496,3.3444537511315194e-07,322.4601647506863,24015.90277465734
4Nko1rixuKu9TZ7rc1TgcjaZ9WN6oKCTcnWYGjpxeLZHiNkuosVjkBtMtykSgMm81vzpNgCt4E3z8tAbEoDMtugb,1785083542,2026-07-26T16:32:22Z,6pPabs6DcL9r5siEQVcEQHCFkGCTkGevHbQ19goxwPaR,buy,0.128875513,385351.102964,3.344366008264409e-07,322.45170489999333,24015.272709384353
57C7H32sehXdR9yuHi2DgfRVN28xXhAeskVAYT7ine4YTyqD6t3hEnuBMo6D7cov93uKKd9to6u3iMhxuxxV31NW,1785083542,2026-07-26T16:32:22Z,BRGBSRgZS9a9L9Dov5hhDA65uvtT7bvbztLfuPtnxBZn,buy,1.76,5360100.88305,3.2835202888915145e-07,316.58518015384624,23578.350871186074
31PeabZ7PGkxEZyfv4b6AqaETsEjiVZKBADNG3EYmhGPcZCwjmNCsJq734WXYoSjXGaY5CZwaaPQAaLfA4dQZDEw,1785083543,2026-07-26T16:32:23Z,FCwWgvAS74FNvQiVZdZmjZkUt25vT5ovtEDDZyRBjJ7w,sell,1.639235711,4979094.954378,3.292236291976434e-07,317.42554572618513,23640.938874563373
3DTNPceXUt5D3KGTnYdXXA6h61PbZSUvasdfVVaLdf9uErT7W6fijaPCn4BqTmNZKoSARLLeCMQT3P178Dkb1hNh,1785083543,2026-07-26T16:32:23Z,9HxrbwX9RZdEjNzBQLW3vbMmK23UyYG9tmxv6Wjy9ek,sell,0.011737911,36091.375961,3.252275838051693e-07,313.572702925855,23353.990258227128
3HmfY2bHdFeuFRMw9Brn5SnFfbKySR6EjgPuQGLxrXnMhaazbqXYvQ62kaCGFXEmAxqFjRRuZHBgZkzTchgG6FoD,1785083543,2026-07-26T16:32:23Z,9FN5a85fCj9nmagX1HQ2kx6T6S4ZvAPx83SJHxnkQ6Jb,buy,0.097777777,301473.354562,3.243330646652268e-07,312.71023984308425,23289.75649602407
5r714xLkMpHxJUnUT99JAJmxh5a7yKydVBoZukEvMc2KE4hufdkttAZ6R1Gwu7aVAp8xr16VtDsBRCdMbuFurpDE,1785083543,2026-07-26T16:32:23Z,9FN5a85fCj9nmagX1HQ2kx6T6S4ZvAPx83SJHxnkQ6Jb,buy,0.097777777,300897.198689,3.249540953721564e-07,313.3090152455069,23334.351560532446
51CR7aAzZBTs9cLBBr6UqXnKNfgHEHaEHkhB4qS61hCsjYQb1SRU6RgapMA5SXvg3nY5RfxPDzEH7JNfu4xwCNNZ,1785083544,2026-07-26T16:32:24Z,FSG4XbDyJWJKVuvmwMbyypTh4Cqnoc8xR4gTr3ViNuLc,sell,0.002062824,6343.566178999987,3.251836493530817e-07,313.5303429121948,23350.835406618142
fcK8yAoWXA16SYecANsFLqwTMykacbLv1Gntz7LjPF37WEtkP48ohZZTRa3mDbizBysWsFfftvDztBAAce2zp5t,1785083544,2026-07-26T16:32:24Z,8g6ABtMuBdx2mm2UFixft2WNcLhYuYGKrrgnFEwi7Rxh,buy,3.911111111,11584770.492829,3.376079926159078e-07,325.50944644769595,24243.004478288065
1bi6sWcUTxvDKkzQujWZk2gyiXZxBmv1xDov4Ud1V7jeeqmDPwwFSExPAkFwwD3d54axM4JfzkaggjNCfneu5bx,1785083545,2026-07-26T16:32:25Z,ASfj1vNSroFe96smvafmfpmXjJmAmtFLc5d7CuPkETAd,buy,0.098765431,280786.635418,3.5174548408605843e-07,339.1403056786954,25258.191548851722
21U7EciM7YToHViKA91Gvmn2RiaJAZ1p1inPVKJm671HKHEVrKPSb1RksMQJELSS5S5k2QXEv7T2Wa5dLsWSQP8E,1785083545,2026-07-26T16:32:25Z,4ewzo1YFLZjH6dh7sE8x7d8wQ8uPmmKn6Tmpq4qBjNWx,buy,0.097777777,277466.032942,3.523954841003509e-07,339.76701224213883,25304.866845651664
2RUGjNjbBAvmZyhvRRSTRh1eK1SiZ1cTrWT87SySpUc3YAmW1aKeVcSk3vxrEUvYwDW8vjxFdshmx3fBeoBsZVWe,1785083545,2026-07-26T16:32:25Z,3uQtt2nXFDfNnUb1mVvHPXxAgfu7UkwY6ZCPQgtrVja7,buy,0.293333333,829199.198851,3.5375496431552804e-07,341.07777401904485,25402.48860125441
2x7rVVvvQeVRNbQmrXr9H1aq5jhxFxze7TzA9W4fqjpbnrrHR9nJDLsqkJ7wVmpb5UkudBzySEoG52DVdgfarX3Z,1785083545,2026-07-26T16:32:25Z,9FN5a85fCj9nmagX1HQ2kx6T6S4ZvAPx83SJHxnkQ6Jb,buy,0.009777777,27718.596810000017,3.5275151433612535e-07,340.1102837508126,25330.432717281088
32insYXRbPgXbm4qhGNxSATRVMPsfbQ3uqWx8KYaBs15nDub8L6A4ypn9YjAgqye1WACoghmmnR6L9eVW6KMRzR,1785083545,2026-07-26T16:32:25Z,9FN5a85fCj9nmagX1HQ2kx6T6S4ZvAPx83SJHxnkQ6Jb,buy,0.009777777,27892.901273999945,3.505471483210047e-07,337.9849135669189,25172.141277667113
3oacSTVznL2k8N2T6FQXaTdykQEVRWRrqTxbaaFbRM8Rd3gpWKwJdWLyf8DYyoqU5sdo5sWPMycAwvq58qmxV9x,1785083545,2026-07-26T16:32:25Z,9FN5a85fCj9nmagX1HQ2kx6T6S4ZvAPx83SJHxnkQ6Jb,buy,0.009777777,27898.036859999993,3.5048261815222227e-07,337.92269590626233,25167.507485799055
4axKCQe2pLkPUrPyVTCe1m2w73LezeooAXkegMCA9d318CKsUbCaar5VJ5hsiaU4KbiubU15bZYN9AhD2abLqrVS,1785083545,2026-07-26T16:32:25Z,DseHez8pmHoPimNEf1Th94ffBG8GLqWcKETDhd6CCiwR,sell,0.075473702,215039.21533,3.509764574065143e-07,338.39883789879394,25202.969167735522
4grxeiFN7MVVRqmeAxVLKW3BvHUYbcxpu4Kz6gUCPn2mxqDuczkgfD2mnZgMfv5ipHVNQfSNQnVQ1Wy86pJhymWh,1785083545,2026-07-26T16:32:25Z,7AuNf2QqJG8SJtXYVYmuAzmVfErB6ijYpPSxbp2BMm2T,buy,0.104743283,298351.79764999996,3.5107307489018585e-07,338.49199299083847,25209.907090239023
528kLEQWUPmYnEv7mJ6aFM3DGoNXS8GV2yovhRN7PsuyS64zpY84M57CbBSCrkKDumU7CxfvQPwmEyj8iouDLJeG,1785083545,2026-07-26T16:32:25Z,TuouBnypgwNHajm8uUYLSfaVp1UfCfhphJeZGjjate4,sell,0.64636124,1833217.011282,3.5258304719089887e-07,339.9478538072488,25318.33540369404
ihaDFRzsxBJaaGqYLEEKxALbtf7ugd9tZR8QSmrtEyw8EbTC3RQnNUgsdXQC15giwznVfWsLwTc2wiN9vay9uTp,1785083545,2026-07-26T16:32:25Z,7AuNf2QqJG8SJtXYVYmuAzmVfErB6ijYpPSxbp2BMm2T,buy,0.107791382,307211.99096400006,3.5086970942039597e-07,338.29591534177285,25195.30379261966
3uH4xPiR6EnmzEGC8UbzxA1fSCZrC5YNSEdR1VjEE4MBwPv7wX7BFFqvuYpfcirTqUt5gKb42Zb1ZCNrDg1HP6Ek,1785083546,2026-07-26T16:32:26Z,9FN5a85fCj9nmagX1HQ2kx6T6S4ZvAPx83SJHxnkQ6Jb,buy,0.009777777,27882.634352999972,3.506762265075567e-07,338.10936609758164,25181.41014310594
4Fwsntnuk9aFhY6ZCrFw6pMjNC77WEsBXVV9NASbY4X33CtcBFcoy7MK2bYMURo1wn3ZcrB6Z4tujrSAY9pS8WZi,1785083546,2026-07-26T16:32:26Z,Adts2vARCKwQSt7ae1LALsU2QaTda1Qz7edoUKx8woQ7,buy,0.044,125408.384743,3.508537335056935e-07,338.28051194118683,25194.156591782747
4jXyW1g4AZbdD5U475Y2WVDUd2hQhfrKubjq4L9qBy2KKWatobM1kb1RbUpdwRiihgcSKinJQBZuH4zm5gbWi894,1785083546,2026-07-26T16:32:26Z,Asv93YcxAm5DXJ69hcBrmSnb7V8okFAqUkm3MpAens4i,sell,0.045557361,129849.06363500003,3.508485908536062e-07,338.27555358157804,25193.787307463925
65jRkfsTWt67yhFBXDmmvtzu5VhmKtWuJDyvS4UTfMSJAD9paLZKJgvPq9anSkzGo9Ajo6UXf4B32H3EV11dsCQz,1785083546,2026-07-26T16:32:26Z,CYieHKcG7HZNdqzSVQQpMmHHhqNZDU7WXpF17YHKMMiq,buy,0.684444444,1939170.303977,3.5295736666155034e-07,340.3087591363622,25345.21459139632
CXVoeq9TiM7JAw6T6Aj7VP3r2qPJD9a1KhZ3u1H4x1UVrLRhtwNiKY6bdjw2kf7jYfGG6TrfhWKKcY9DqS98bTY,1785083546,2026-07-26T16:32:26Z,9FN5a85fCj9nmagX1HQ2kx6T6S4ZvAPx83SJHxnkQ6Jb,buy,0.009777777,27887.767105000094,3.5061168444163134e-07,338.0471369661291,25176.77549692609
3JaGR9F6nkBKU5VAndVo9TqUx5CAjiz6RB1x5mqwQNkhZzpBNG98VQN9282SwuD7hnryW38MpKC3bv7kXJ6rF34,1785083547,2026-07-26T16:32:27Z,4kUFYuryuD8JSyLN1DVSfYt1YeQfjThn927BZckbF1H5,buy,0.049382715,138446.962376,3.5669049109134206e-07,343.90810302998955,25613.283340504433
3PA1Le7Nc6GV47mmuiandDaZFHQ5qCS6UJEPPeotWWGPxrcfdnFzczZDnhTEmQxWiCrgRpama9M2gE5U29dBsk7t,1785083547,2026-07-26T16:32:27Z,HVMdaWMyD4prgb73TsoektvYyMMgieuG6ELJ3a87H4tj,buy,0.293333333,825013.058959,3.5554992713706547e-07,342.8084124139053,25531.38155602044
53LZm9w35TgB2Rzb6tkSqPazvdJ9YREqXFxb58jUYMhwCuC3Zd7YwEaqkb8b3yy7tUHKxY1jonoY6Toj3dy6ftRq,1785083547,2026-07-26T16:32:27Z,FSG4XbDyJWJKVuvmwMbyypTh4Cqnoc8xR4gTr3ViNuLc,sell,0.006416358,18079.16361100001,3.5490347551786397e-07,342.1851270849916,25484.96106289803
5aPArXmsGfoNUsquVNXbP3QQ8Y3CiELpyuah9Dk8rc8cNNJ2cSSdtdh7XKi6aA4yrc7VZRHSh6dMzkebmSprChcS,1785083547,2026-07-26T16:32:27Z,Asv93YcxAm5DXJ69hcBrmSnb7V8okFAqUkm3MpAens4i,sell,0.046061261,129849.06363500003,3.547292503354215e-07,342.01714544967933,25472.450275326155
wbKSkLUAw3kBex5CqPdjXAWgvpC7MPtEwUDrb5uzafZ37Wd4xRjhPXPQ5G2dzomne31SkVGLYGLsGtiPVPgXRu3,1785083547,2026-07-26T16:32:27Z,Asv93YcxAm5DXJ69hcBrmSnb7V8okFAqUkm3MpAens4i,sell,0.046106533,129849.06363500003,3.550779012900965e-07,342.3533021217426,25497.486254451098
1YWBT11pZ2eedgG5P6qYJNFv5Z5S5EH11y6gfPaUS65FF33nM2J18LsMVb18SH6do6n7PuZByzWzEc9aagxavXF,1785083548,2026-07-26T16:32:28Z,FPrY3PfTktQKfKn7uyJxHmMfgAqV97BUeFA19BC98iDw,sell,2.074129517,5857664.265162,3.540881523947562e-07,341.39902194446324,25426.414219940903
23Cv5QxwJyAJ9YoK6k8pVKEZdmTLoiaDbnA7n1VWYnz92SW9zPKhHHcCSwyQT5RwKQSqMNfXo8DcGjUR3CjjYSze,1785083548,2026-07-26T16:32:28Z,Asv93YcxAm5DXJ69hcBrmSnb7V8okFAqUkm3MpAens4i,sell,0.028002234,80506.41945399996,3.478261011968122e-07,335.36137809819064,24976.747924843028
2Xz9uWf8bo8DC6tHDYZNgtCRxvcH9398ZWWtCuv3F1mEXsKoctvirSg6shQmDQhqZeJrqcfsvUeqGqJbAPrxDeJE,1785083548,2026-07-26T16:32:28Z,8NsfpmaZCjGqFRr6kvZgCe3buAqBzA3m8v9nY6NW2anL,sell,0.198514661,569843.3652129993,3.4836706561600146e-07,335.88295647456084,25015.593577564057
2rWnFYKZY6A5xMGUCb2RVpjoox12FpsGEtbnurMyWErSVqoPp7Na9Umsu1nTw8j7GhbAkXFpxp6gDBRj7z8bmkFu,1785083548,2026-07-26T16:32:28Z,6zH2qz3ESvhCcTkL7hTmMtsUZKgf9QpbnXTnD2UQQzpr,sell,0.354242214,995242.695292,3.559355076663656e-07,343.1801752494975,25559.069379481414
3J3TPL3uUvf1pLFgiggxuAvr56A8gbUNbk4Wc3yyrud9VsKXBxbqQRtmKsgdCiY7smrxKBjHsgQkw34T1DNXnYja,1785083548,2026-07-26T16:32:28Z,HXQFEgBUZf4rBWXskHLFyRNcXGZKBrMEd8mbH22F2pXH,buy,0.195555555,561333.444758,3.4837681030088487e-07,335.8923519481621,25016.293325331982
4hU9w8HG2Au7D5ET3AfykDovMFNDnVdxtuZUgkkTHJpC7vYKjuZ5DfrskPXraJmp21FHW2pHfjwbjm7itKZDyr8B,1785083548,2026-07-26T16:32:28Z,8pyP5ssNhtYY77ioqRysFYXsFUSUDN5fJk4g3GT8Xaav,buy,0.097777777,281296.605208,3.4759671887152667e-07,335.14021593567776,24960.27640503081
5QD3pN1A4Lz8NVLv3NVPoMT8aoUqVbRu6LQBdoM6MtPS2UQkgZmwQKQdC71s1KFwEgqGfA7xgrG1GKdzjJtpuKBG,1785083548,2026-07-26T16:32:28Z,C68qKMfFUZmhrodQ7PXQWxbypX4sGB8mHbu3nuRLnMN7,buy,0.977777777,2733056.408146,3.5775982306317885e-07,344.9391143384731,25690.07008829778
5dE9UacRot4jotAgb5G89VowjBDS3vnf3sRnfQYzaBUBSThpwuAXqJcZYKMpxzi6Xqbe2Ti3cKUVyne3a5yZwQpx,1785083548,2026-07-26T16:32:28Z,8NsfpmaZCjGqFRr6kvZgCe3buAqBzA3m8v9nY6NW2anL,sell,0.197772469,569843.3652130011,3.470646164776786e-07,334.62718200442237,24922.067117931252
5dTeMdZwS5Qu9eN7j3kHZQkLyd5b5wTbgtFZrBzUuKn5GAdqdVhwAppMpCtBHUNQp4WJkvSjPnZbJ2R9TSD5nMrU,1785083548,2026-07-26T16:32:28Z,8yban3741hUrGuqutxCvnortoq3MD38HA7kaodyXR6c7,buy,0.039111111,109559.494505,3.56985135580514e-07,344.19218861642986,25634.441215397
65w8ygaV9XSenKVQJCxScVNwUjiGush7XsgKJu8nn679aBTNiuRha94FHTXmP2EcBHYS5z8jKZRqvMv663ygtbDV,1785083548,2026-07-26T16:32:28Z,Asv93YcxAm5DXJ69hcBrmSnb7V8okFAqUkm3MpAens4i,sell,0.036839447,103879.25090800005,3.5463720307943504e-07,341.9283968062867,25465.840532405666
2Z4ZKVq5v2wxgSGoWDdLpqXRhFY8Y4pHJE99haeYzVKgNUMMptUTr6U6yvSV3feD9tFAsuyELXh3T3yCgagFsS4E,1785083549,2026-07-26T16:32:29Z,8NsfpmaZCjGqFRr6kvZgCe3buAqBzA3m8v9nY6NW2anL,sell,0.197421428,569843.3652129993,3.4644858579024906e-07,334.0332274404138,24877.83109555986
2gVfkC7bZTmrGvhGoiP2qcrG9mW9aJQiC1NPAWoU573AfpnvVA3ecQ8X1Nfbar1VEjqYNFZugbNzgydVzKbaCXSe,1785083549,2026-07-26T16:32:29Z,51BZmyr1QSppyKZ8Xd6Z8AC4NfJuiocivpg6V8hyzJu4,sell,0.101583328,292384.657606,3.474304323344065e-07,334.97988845577925,24948.335676871953
2uxFygMA93DYgrn9bvttAMkEuzvvCg7CuiUoDotAwWJS7covcFe7CLTG9TgNdy7WYozyskH1xJ8DyvWWiviueFCp,1785083549,2026-07-26T16:32:29Z,7DgesX2Hbc2D3XFF28eKSF1xt5yZ1gjs7TSBBW6Q5Nsx,buy,0.205333333,591586.262943,3.4708942019464053e-07,334.6510968534624,24923.84822689353
4MSfnHL4fFysAxx9u1H5f4b4ymxTe7WWLtxyHMCtWh8sktogQvEbXWePYdVwwCuwbbu7KoHX37Xs4TSvwc6386hg,1785083549,2026-07-26T16:32:29Z,8NsfpmaZCjGqFRr6kvZgCe3buAqBzA3m8v9nY6NW2anL,sell,0.175735588,512859.0286919996,3.4265866089595353e-07,330.37911858812726,24605.68361032745
4wQFKvJDR7ddAEJU4rM2NSCRkvFAdurMgN8B5a3995mkDfhtrN5YZyAigHukjr7eYMitJkBb8bFsuZbGteWVgqGb,1785083549,2026-07-26T16:32:29Z,WGmMkSsnghKe6PFAyDvafxQRTUa7WnUkry8pD6LsfGq,buy,0.025671073,75024.44034,3.421694701574897e-07,329.90745852685063,24570.5557297005
5ovRxvf4P48F81dzxn9Aqp8FFjj8V964ZugfM77hgpzRbwB5HeEzzY2TLeYiTiBeXk4jya2MwLWsTWJMPjzGmWJr,1785083549,2026-07-26T16:32:29Z,8NsfpmaZCjGqFRr6kvZgCe3buAqBzA3m8v9nY6NW2anL,sell,0.175234585,512859.02869200055,3.4168177841563903e-07,329.4372437440284,24535.535489243215
BizUbUSCGQWvhvQU5pWTgtiznU3J6ZQijjPnSVpQbiorRRBuHRDG83SXTfz2pD77aAEDHvRpQiHYkTHMGHNJVLK,1785083549,2026-07-26T16:32:29Z,8NsfpmaZCjGqFRr6kvZgCe3buAqBzA3m8v9nY6NW2anL,sell,0.196685353,569843.3652130011,3.4515687118069927e-07,332.787802815644,24785.075462550863
zo5Wmakxapq2iRVbn3WHzNJTCnnbQ7WfHkYXKn2nanC1YXSaNZUX5wuJNoj2x2k8Btn6Wmo4Sc4D9atjGZNnVm1,1785083549,2026-07-26T16:32:29Z,8NsfpmaZCjGqFRr6kvZgCe3buAqBzA3m8v9nY6NW2anL,sell,0.195953386,569843.3652129993,3.4387236556971306e-07,331.549328847207,24692.83749437292
29DNo7AM8foWH5Z6UXkTKg2rfKgyJBuXo8hEPrth7YLq8N2TwruGENoS6X9ouTeWoDyHZHifgdZD6GGjp4Ux4w7C,1785083550,2026-07-26T16:32:30Z,8aQh7Py8R1ET14WGTDBq2nXdoR1EfeL6Jz148p8mhc3n,buy,0.197530863,568926.889068,3.471990281977874e-07,334.75677693572027,24931.718974533585
2ZqVoVUHmhkBYAfgzJvwaqm7uVFj3jxrNuv9ZCrGDbeepZqzD9BoPg1kPr39rrRdUJVLua3SS6yphfLbpTTtTdoK,1785083550,2026-07-26T16:32:30Z,8NsfpmaZCjGqFRr6kvZgCe3buAqBzA3m8v9nY6NW2anL,sell,0.122814832,354727.4948450001,3.462230410238274e-07,333.81576531370814,24861.63514373998
3iGRaFc1VLbcq4MXdkiqBN5xgKp8zVNpRP51yM9WfSn8x8tEJAWYsQfgEDsWJZ6D9m7SWGM8YUY9HxPNkgmCRF9D,1785083550,2026-07-26T16:32:30Z,5eWFPsoyqrbV9W7AsdUjLA1ZscphwecuZNaa5kQhEu8J,buy,0.004888888,14054.003527999856,3.4786443523084696e-07,335.3983383908131,24979.50062080729
41SSpBjzvGpksXnrfFNH7dxPxGB1SZvRKkomuVWU2NpgXeajBqA5Nd83XsRXQ5nTrzh6xuQ778kHmsQkreQ9GRpC,1785083550,2026-07-26T16:32:30Z,A4rWFozNza39oA323my8dLffKaHPSTh3G3ewHbQw2cqb,buy,0.010159723,29313.14367,3.465927474165039e-07,334.17222287946606,24888.183074859324
4FtzXfTEFKNGSPxv9s6Hztg3sXXbdFS5FERY8WqdY1qozYy8TLqRBPLN8U4Nu4LpPTeegsTmDGaD1cARX7Xx2vpG,1785083550,2026-07-26T16:32:30Z,8NsfpmaZCjGqFRr6kvZgCe3buAqBzA3m8v9nY6NW2anL,sell,0.130675118,376096.6210409999,3.474509226865789e-07,334.9996445141044,24949.807051099877
5AahRwWeT4dPG29n8YTHbWiS5tLoWi2AsryGjSWe5XCVqLRSan2rYyfuYsccT1us35tnppM7cKe862WFCCkbGBG,1785083550,2026-07-26T16:32:30Z,8NsfpmaZCjGqFRr6kvZgCe3buAqBzA3m8v9nY6NW2anL,sell,0.122270407,354727.49484499916,3.446882713544011e-07,332.3359957690101,24751.426177178655
5azJhEwVBXq3XBgdMChnCitPcmWnuu3SEANJWqjk9s16ZAPhimyTMz62HUmaqB2qY49K9pe9seLsgmV6evzPUzJr,1785083550,2026-07-26T16:32:30Z,Asv93YcxAm5DXJ69hcBrmSnb7V8okFAqUkm3MpAens4i,sell,0.249973277,724557.775088,3.4500116566914197e-07,332.6376771788569,24773.894538234676
5ndcHzWYnrGaSu8UuRQmhPM4XDCrtWaDEL6DFiM5VRBvTEupJjJ3pHMWX98C2sHjCnWuyrEj3AfeirdBwcVCsDCQ,1785083550,2026-07-26T16:32:30Z,4ghRtYKP84X7CS8YMVsVj4xuZJSYvnowmqbrrMNrN6Ch,sell,0.070452886,203156.88222199993,3.4679054546137664e-07,334.362932618285,24902.386586009907
5otShkhaWUbTAKFG3SSnuwcvjpYojkh1u8WcmdQsXkrFSaxUDLEAFni7hMnpuvbtshzzjo9rbHmiawbYUFf6Uh1g,1785083550,2026-07-26T16:32:30Z,2fg5QD1eD7rzNNCsvnhmXFm5hqNgwTTG8p7kQ6f3rx6f,buy,0.250457715,728043.0560400002,3.4401497675467064e-07,331.6868294066964,24703.078139355264
5v1kfUryNL6zF8RsYuHZDEBMx9FBERSrnwWN4AcgWoX5K4y2e9QkwK46B97XGm2crjaeD1pN5NEEFi1npnmFpBrN,1785083550,2026-07-26T16:32:30Z,FxN3VZ4BosL5urG2yoeQ156JSdmavm9K5fdLxjkPmaMR,buy,0.230647601,673533.6480249986,3.4244406597402745e-07,330.17221390644187,24590.273946554502
613QE44rXDXUxh6Z9PipdNGUmcydeW5kHoRsnQMJSPeafb4tX6pSTKmMYFETD8DZPvfFx5Ei11Joh75CTYBpkF2g,1785083550,2026-07-26T16:32:30Z,7NAd2EpYGGeFofpyvgehSXhH5vg6Ry6VRMW2Y6jiqCu1,buy,0.261847749,757460.2228819989,3.4569174867521995e-07,333.30351239884936,24823.48402448841
BGnePDFb4E22cjFGeRtBMpRvcPJTe4Yz3aNXNBqDFUabgSM6pineq47hfvscVwZ73M5pnm7nWiUgEtfGiDcuNx8,1785083550,2026-07-26T16:32:30Z,8NsfpmaZCjGqFRr6kvZgCe3buAqBzA3m8v9nY6NW2anL,sell,0.121949996,354727.4948450001,3.4378501179697573e-07,331.46510549103425,24686.56478178914
F2yq6k1wiGRWvQNjtGBZQtS6nz4VD6H332XPnqgeFc2RA19kJYJrAcdtSusvFytzBH2P2HBXJUa3QzLQpLTWF4L,1785083550,2026-07-26T16:32:30Z,8NsfpmaZCjGqFRr6kvZgCe3buAqBzA3m8v9nY6NW2anL,sell,0.145582485,427382.52391,3.4063743100234343e-07,328.4303216455114,24460.54283631092
QSQN79zNoRMsHQU1KYRq7e36QbuRwTVHozcX47PjcWsMNffFets6CCwwaq8QUR5JbT5YNztN5a5eRQR23AbimHG,1785083550,2026-07-26T16:32:30Z,suqh5sHtr8HyJ7q8scBimULPkPpA557prMG47xCHQfK,buy,0.234824713,688781.8922730014,3.4092753545693725e-07,328.7100298944043,24481.374699731554
vLsbfoL358p4B1fjUuQukL7k3uNauVoVBTxfDR5v6eShvUnAckxC2cpgsR3BVc5s484JAj2gAnfjQHCnAE457GW,1785083550,2026-07-26T16:32:30Z,DX7gLxbTJXBJgEqaSTXzoK46ByPaemjnoimW5ZeXG8mf,buy,0.260216811,755924.279301,3.442366095723521e-07,331.9005197735599,24718.99318138361
4mWESXonWXsvBjFjs5AgFhSs3dXZk3xceUyZ6dyKiMojKrVE9eM1V9a9X1kzYjwUJLEMwnaYLJz1tkH6AzgBghGp,1785083551,2026-07-26T16:32:31Z,8NsfpmaZCjGqFRr6kvZgCe3buAqBzA3m8v9nY6NW2anL,sell,0.121987044,354727.4948450001,3.4388945253116855e-07,331.5658034789885,24694.064477418782
2MBUnwNw6x9DAEPfxT1kbxwuztL64LYJiF84zhYK4Ra8Z7ny7SRyPNVgiQaoaMhYmLzhefSkTUsCazcETFUutysx,1785083552,2026-07-26T16:32:32Z,suqh5sHtr8HyJ7q8scBimULPkPpA557prMG47xCHQfK,buy,0.044489971,128828.14641099796,3.453435622528054e-07,332.9678036120325,24798.481402564477
2h97CEmQypdVTbong6ozLXS9tLYHi1EaQ45wjHphWTLmDTeT7YxoD3h9ADNbA1YGGUQm5QCkR2MVaF74oNrEcn3Y,1785083552,2026-07-26T16:32:32Z,2fg5QD1eD7rzNNCsvnhmXFm5hqNgwTTG8p7kQ6f3rx6f,buy,0.051339994,149261.035602998,3.439611268446057e-07,331.63490926617874,24699.211277078855
38qG8zBJdeugX3PFpBtPC89cMnRZ3fJcLAQMtY6uuF7gtafb7vyjKaQjD5HK8Csd7idwt5HBjsSoAaXUhTwiRogd,1785083552,2026-07-26T16:32:32Z,A4rWFozNza39oA323my8dLffKaHPSTh3G3ewHbQw2cqb,buy,0.010044732,29042.657897,3.458613201182797e-07,333.46700706654383,24835.660635656994
3nYE9L8N9JNza4LAjQkkxnGc4k6sH1rikhTZ6pBz6PiNcFackGhdaBcRSGCs5R5KiQRoh2N1YnZM7Ct5S5BoaQEK,1785083552,2026-07-26T16:32:32Z,FxN3VZ4BosL5urG2yoeQ156JSdmavm9K5fdLxjkPmaMR,buy,0.052977974,153683.65727499872,3.447209348044222e-07,332.3674886891067,24753.771679010533
4zxdX76U9ny523LFpt4Ldkzch4kcYLf4nydeUqM4exSCGUyujJifvokmBpXd4mpdzFrp2mJyEu1wVKSFMxMtJX8Y,1785083552,2026-07-26T16:32:32Z,2fg5QD1eD7rzNNCsvnhmXFm5hqNgwTTG8p7kQ6f3rx6f,buy,0.051733856,149667.40573700145,3.4565880089421583e-07,333.2717453370769,24821.11810537541
5AUhC52MvZ2Pfr1br6aLqSoc1ezShEmWo5Tsi2sm4FcazBcrq2a2qQVctH1CyqXphAMiPQqjVxLAoTJY2xe2245U,1785083552,2026-07-26T16:32:32Z,7NAd2EpYGGeFofpyvgehSXhH5vg6Ry6VRMW2Y6jiqCu1,buy,0.053751836,155986.05671999976,3.445938510804614e-07,332.2449591473193,24744.646032235327
5PuYt1jXuXPJNoofMcgPCynJ4aJdqMJKmzHmTah4dZj77YXsEz1UbdThKyfjeCWurkGPjV2XuY2bwCUmMiwawg5a,1785083552,2026-07-26T16:32:32Z,A4rWFozNza39oA323my8dLffKaHPSTh3G3ewHbQw2cqb,buy,0.010057888,29020.809439000004,3.4657503337875793e-07,334.1551436433486,24886.911062626805
5p6uzRRPznXqahRg5EfFpzsKByPj536pJzbGJuyXoNx7xWAt1An9kzfiXfDKMMFZFFdSheFtnCx83By2pcj9P3rx,1785083552,2026-07-26T16:32:32Z,suqh5sHtr8HyJ7q8scBimULPkPpA557prMG47xCHQfK,buy,0.044190956,128360.0356130004,3.442734788048338e-07,331.9360677573712,24721.640692662117
5zqfgrTtQeby1RCb1J7XAT4vTuSrhq3TDCap6orq6aNvAL1WH4NF9tcgPNMapqyYS6Kk2Ja3n8AVCqrgRH4AjoCL,1785083552,2026-07-26T16:32:32Z,FxN3VZ4BosL5urG2yoeQ156JSdmavm9K5fdLxjkPmaMR,buy,0.046272771,134653.95479300246,3.4364212377670655e-07,331.3273380169249,24676.304257775955
61nUHAGQCCCjeidqV4zBEjFeMoi57Go9YKd2fPbGb5x59QPXykMRbZC42UzhnUSsJDosixWAzTufaw4fQPn9RR2F,1785083552,2026-07-26T16:32:32Z,GVupKobi6VFsXB7Hj2PVx5Zcuy1njpbQLw4Gm2fTvor8,sell,0.033946014,98491.68805600004,3.4465866785326187e-07,332.3074531412302,24749.30040460695
YYTGuTKrnV61PoFb1YnnhcNmNsD5Wy1PpdMtyasQciBJyhFNxrFUPB5BZXHT3zfiZhPwu6zSMUjg25gRwXUPmoC,1785083552,2026-07-26T16:32:32Z,7NAd2EpYGGeFofpyvgehSXhH5vg6Ry6VRMW2Y6jiqCu1,buy,0.046353754,134340.76597600058,3.4504607490685966e-07,332.68097704565395,24777.11938739382
hmhAzEfGLaeWnNEyLgA8yXh1v6JMREcBSBXqJHZSB66688YJzGwdEEXWAcqWV5sZQVnCuU6usofJ1EsSHPQSYET,1785083552,2026-07-26T16:32:32Z,HuWAWix6CctFR1QUAzT8X9K5PuJcWiqjuQ2PDb2sma96,buy,0.098765431,285269.507382,3.4621797438639223e-07,333.8108802446845,24861.271317892497
4iLJgdqaobEzQiWspoyHkPP2bfJWEU8t7VtfqspRMvUQNehwgib7buyYMPpR5mymvXG7CXTs77wYrQxUZLdqReNM,1785083553,2026-07-26T16:32:33Z,7qrG7QsAtkwSKsCeLmL4NPmQBNMjJDQu8rSdKcpw3BSh,buy,0.049382715,142407.657641,3.467700811742193e-07,334.343201690907,24900.91708346242
z6uZJbRdWEw2TMAdfRof2Meh7igzA8dLvftnJyRgutMQVsWRhGYHBNmQdB9xSLwAhuZ8udkcYJkx73U8BW1poEi,1785083553,2026-07-26T16:32:33Z,GVupKobi6VFsXB7Hj2PVx5Zcuy1njpbQLw4Gm2fTvor8,sell,0.032451472,93567.10365299997,3.4682565488345685e-07,334.39678385639667,24904.90772856381
3fEFiFSFPFXjD4WE9MF6eLXKGEj8k1FRn2kL9CHwPYXnPFKUFdFFJn1JcZZGHnkpUeN5nnnEQ394nLFJ72mHuc6V,1785083554,2026-07-26T16:32:34Z,GoJmdBv5s96u7PD66NDkuGPTc7mWoh5b74urHGVN279C,buy,0.049382715,141570.315724,3.488211123034763e-07,336.32073190978133,25048.19782899932
4AiEELP3AGhMRWsUkTnuj3GKKYypWTu9REj9AkVwAwf1ZRirvbS88Rsr9ggUua1hREKLdXgEfGAZAmysVXrNWZ3c,1785083554,2026-07-26T16:32:34Z,3DtFSKgWaEiwNxSPC11fGxtRthqViCgEkiPhFNuNcuxm,sell,0.759849756,2203324.0794699998,3.4486518033369776e-07,332.50656502442456,24764.12968323047
5BnD2x7AL2LNNA2ceskDdx69fVk2isJ2bYLdNjodXRdv8xtdF5CxeD9Bi4tRFrRTuWpZX9Y8DJb5h8r1SyLM1mhm,1785083554,2026-07-26T16:32:34Z,4eDNWwYRpTZn7HvxscNQYo245qdo5LbxCAJsGrRWEMVi,buy,0.097777777,281747.809347,3.4704006120444085e-07,334.60350669585796,24920.303849252523
5rhT22HxKXXPHWYpvEuFaoSK6ow6ajkz2feNxDBqcT83ZpqSN21Gu865aph48RsVL6UK5a7UeX1jmfnkjhnJ7Vm7,1785083554,2026-07-26T16:32:34Z,FQ31GLz5DoZkJzjhbNhhRAKDH3y7vbiWc34kDYofW1fn,buy,0.009777777,28571.570779,3.4222049167792444e-07,329.9566516361279,24574.219490557596
JcmMzAs3iX3nGZFsdE3QBwoKF2G9xjcjqhsMeiMqVqvXLw7GvAGugfDZLNmHhpWDA5VbvnJLUxXnz9XSCn6a9zd,1785083554,2026-07-26T16:32:34Z,GVupKobi6VFsXB7Hj2PVx5Zcuy1njpbQLw4Gm2fTvor8,sell,0.030425535,88888.74846999999,3.4228780946633126e-07,330.02155701905616,24579.053456226386
hxy5UAN63TVJHoQSEpbXHx7nEsXWsV86X29mTdtaLSQE4WHVambfW3UMLNZJPo63ywJN1CqA2bpLPN9UbzQxco3,1785083554,2026-07-26T16:32:34Z,ABQgTqPzm3278pvFGxyWDr9cxKRKbrka1oQWzFAaxcvB,buy,0.977777777,2830523.3875019997,3.454406281599075e-07,333.0613910577708,24805.451525523746
2eTp1WTmnS3rENTVn6P6srWdAWLDEqpqq7Y8Vp8h7k18f54i6JVVU49YEwUKdCKURYJrJiKmeSnzmZqd9QmCxJAQ,1785083555,2026-07-26T16:32:35Z,GVupKobi6VFsXB7Hj2PVx5Zcuy1njpbQLw4Gm2fTvor8,sell,0.028907981,84444.31104699988,3.423318947313152e-07,330.0640624410701,24582.219137430053
3EBVUcfNsbjrbPupjSUYd3PmDaNQC3kMBDX7396fhnNdpPX8pvC1LXzBW99CFQGQqjRb4BQSfsLk6GbepyNniUiZ,1785083555,2026-07-26T16:32:35Z,H6tV9WXDZ56dnf9dJUqvJLvWng96d1JTPNHehcUaibv6,buy,0.098765431,288699.961759,3.421040667904455e-07,329.84439895993273,24565.859235082993
4FsoUPWBvU4FCmywXN32vtzffmu3dWz5LQ9dLVbphgErxW2dzzyBEweKvNpc5zpPSKZzZibWVveC1mE3MaUwiLR8,1785083555,2026-07-26T16:32:35Z,EqVjkrxV7i3xVMFBZWJFPWrp9e1fBPYZTtSJtdQc6PSs,sell,1.099276136,3182947.544836,3.453642011108417e-07,332.9877028543539,24799.96344072336
5UHZKwtUt5NFNQA625aXoaMyM5mYvL2HQEwAQv5UeFREW3BjzkNvayecKuWzpZQArM3LTHifwHioyhffhg7cbhwj,1785083555,2026-07-26T16:32:35Z,TuouBnypgwNHajm8uUYLSfaVp1UfCfhphJeZGjjate4,buy,0.586666666,1706913.261537,3.4370033862864974e-07,331.3834666769256,24680.4845584419
yHng5Sq82HynkD7dCQC8gDe7KdFnJ7Gg2bCrJVMmMpdLBHGfxri4Yo4oVsMCf25vVSGyV9YSGLNX8L4ScAnYiyE,1785083555,2026-07-26T16:32:35Z,5oiHrztb8HUZhzzDR9xK4DUeJTvnfewfjrZM9r5yexX6,sell,0.068868676,201362.692253,3.4201308707906375e-07,329.75667960453364,24559.326150562774
2WfRVopf17d1SVmPNpjcVptGoJJKYC7ucF6ecKyGSZGL95GwVr4u5ahF28NgMyPwzRG3uRdcvB9EgzhaW77R4evM,1785083556,2026-07-26T16:32:36Z,351eupK2s6KN6LyhX3VHtStDpp6PpMEJDizFCAzLq1Xu,buy,0.098765431,285643.559659,3.457645994816257e-07,333.3737525181151,24828.71530592893
2vBDMJWpiiD5caRpmxNrScCVR6chvg3napmtBPKaQ5yBR2cxGd9PhaNKvSsKGwdqviCgHPyWhetjA9xtC5k7ywNg,1785083556,2026-07-26T16:32:36Z,4JWJ8EQGGiTr7nPHK6pxVot2FZzj5WBv8Tdv23iyn3q4,buy,0.00493827,14268.141818,3.461046338753177e-07,333.701601412942,24853.132545773205
49BfWH6jmCv6ocmDkd4EapfN3msZ3xtXxuZobYFXaEJXsky29rswauXtsnFNG8iNZ9r4CrQ3NtUKFDJDcQ5HpJjA,1785083556,2026-07-26T16:32:36Z,GVupKobi6VFsXB7Hj2PVx5Zcuy1njpbQLw4Gm2fTvor8,sell,0.027719289,80222.09549500002,3.455318491615275e-07,333.14934305651246,24812.001936648947
5GFeht44iNc3MTkAVf5EsPd8ZNRBajW5xrqbpQuHySQ48opyd27PC5HKVy1gmNsM3HNRRDspuzBpyPx6R9sggCMe,1785083557,2026-07-26T16:32:37Z,7XjHPMjWw3VTEbSh5xiMm1zSLtPsVu4EMLEXpQdR1uLF,buy,4.888888888,13499552.026133,3.6215193500761237e-07,349.1738302191347,26005.459509955173
5Y8UfQ6h4W7En6ctRzB38TpEtqaMYHvKoLQVrptvYmSLKJMuv5chhDg7gC5A4g2FCYqgG28TAQ3p48mbL1GiwSCc,1785083557,2026-07-26T16:32:37Z,61GQNncGerBzXZAT4V5L3ZKrycGSJDwp3DXTVKxRa6rz,sell,0.057078866,152195.848379,3.750356307871256e-07,361.59582487896216,26930.613834826225
5uwCfF4EpvXTf5hTm2MWDWatSCiQcFLgmujmcb8wWVZgashovYfWqgb1FJifmZqeEYdGi8qYnmMHzffxQz9FXnV6,1785083557,2026-07-26T16:32:37Z,J6af5Zu4fe2R51hjj4b7E8VbwLakzoYeBPnfpGBNpoAT,sell,0.539801955,1431556.307986,3.7707350523950125e-07,363.5606699046466,27076.94982377106
25wysnV2NHJsLi6gH1gjmSdxTkp9QFq6oBDEBZWuFBGcHSmUsPT5KdxUKwafKEDuDphQsNEqMghJigmsT2Sbdknb,1785083558,2026-07-26T16:32:38Z,omegoMAe1AMY5MFKQQr3JwXVy8F4eCvmBAfcpo8XAfq,buy,1.274125546,3451744.730084,3.6912507894782633e-07,355.89708403309726,26506.188057465242
3EJwnVPq6T6ZPQjDm3afiJy9XmucdePvtTXXJS1imKshJhKXFwWVa4ykCbHceCQnbACciRBU5K5VPQNTNDo3a3Ua,1785083558,2026-07-26T16:32:38Z,pFFv9ZfgHZpL1rsgvhEHpWRT7nGvSKKWywrhJgLtghU,sell,1.156591657,3009692.450715,3.8428898498424104e-07,370.51757515847726,27595.080056439263
4XMakfnUpRuYsHHWXF8UuSFxTqmi8CPqphrDppsn5KkrB68zpWQRnnhFfQKm1DpkBr7TcohTmKfAowx137xgJXNP,1785083558,2026-07-26T16:32:38Z,omegoMAe1AMY5MFKQQr3JwXVy8F4eCvmBAfcpo8XAfq,sell,1.38228707,3680580.545491,3.755622388683791e-07,362.10356139223455,26968.428585517435
5Pt8CZuSX4jxAsJdTRkYB67K7GGTcZMnuUQ9d2K62ebxJZyNya7sWXxrWVTjyRTzLzvoU9927YHYwEB2PZkAew6U,1785083558,2026-07-26T16:32:38Z,5TxsqqZYcGW9qbNwt9wLF4PhHe9W4dHwpjwFDw83TBua,sell,1.065411696,2891820.950762,3.6842242799273657e-07,355.21961333204837,26455.73199415073
TAUgMFGw6w6u5BpR2PGeMr4BSqGzdmU9MxrbwZfoPb9Pqav59PBo4bnXgPvj8nhCcN6XRAmZiVNAtLsxdVrYrhr,1785083558,2026-07-26T16:32:38Z,J7eGtUDzggufnqrVZXnZ1FBK15PK69i7dV3SvJvMbd6J,buy,0.493827159,1325544.890774,3.725465372294174e-07,359.1959306707468,26751.876637881218
VNGnJVujNxFKko6LZmEbrrH3EFBKwuWrN86hPz9g5mLjq8aYNMgtdnkr2ktUh3e5U1wGh3EnWQotfrDc7GYbDjx,1785083558,2026-07-26T16:32:38Z,3s1YTjcrgqyGPzge7Za45Lezbkhjnp5YqqioYmXf8jiB,buy,1.955555555,5125776.062159,3.815140441731103e-07,367.8420773411494,27395.8166978026
ff34T3xLbVdn9AmCKpBUEG87L8wHGig9M5GEQ359kScT4AMu81kCF4RUywjgParQRBtKXRpaJQwaqeRWafJWNEG,1785083558,2026-07-26T16:32:38Z,7TLF6eMqbwjQeJeQVW13TFdURgaNc6896M7wtL1a7YbB,sell,0.321006455,860293.919738,3.7313579421526263e-07,359.7640709976144,26794.190090344295
2RLqTUthz3LdsNzK4y8eEGpHrGKKprm4t7E29yavi4feRgSXMzDfNZZcCvVGJwWhn5qFKGoChb7FckqzmQYHzYWS,1785083559,2026-07-26T16:32:39Z,4JWJ8EQGGiTr7nPHK6pxVot2FZzj5WBv8Tdv23iyn3q4,buy,0.00493827,13222.251835,3.734817685840878e-07,360.0976470021656,26819.033868798153
34rgtqTJ9supKrGEJEAPthF7LahWtGLbGjjDF3taaHEv6VbsTn25HFnGVChLhemE6Kx2xvRsQNX6HtU4LzXqBC7G,1785083559,2026-07-26T16:32:39Z,BcMsuyHNwuWAzYPMsnWHuwe8Ks4Kv8qTMawLGAtconSC,buy,0.244444444,647247.752045,3.7766750556903437e-07,364.1333835923704,27119.603886956585
3aoPeY9cduomeeqRxX3w2SERhmwRLswnt3fCzgMVpBk274DYsLTLPWdrB9imZVhYXaSBqfoeTxV1kpp5mFZNhRor,1785083559,2026-07-26T16:32:39Z,E7DGzEMrHAZdiuhfDp21ofEqmmVdsukHPdQ98tMieK4W,buy,0.98765432,2586210.629714,3.818924524756211e-07,368.206924974427,27422.989496945505
41MytQi9ueWCGHhHFkDo7U9NqzsDR5YQCUNCt2Qaxx8Q15y53TQ81RjhL1pzGKVVah4DdwA9epm7AbBv6sMj8ejT,1785083559,2026-07-26T16:32:39Z,FSG4XbDyJWJKVuvmwMbyypTh4Cqnoc8xR4gTr3ViNuLc,sell,0.00573936,15367.289069999999,3.7347901597064185e-07,360.0949930315883,26818.836208726243
5QPmUjUGszsveKLSddsGMtK6gJL4onoQ9MU92PzRFpHAbSQirCmTw5sAnev5BQQ7LzSW9nvyKP7K7r8U52X7mtop,1785083559,2026-07-26T16:32:39Z,Eu6c58wfzSuo8e89Y8enyfM7RBAHCdhoax4Ah7EVdJLS,buy,0.493827159,1316375.602061,3.751415312064682e-07,361.6979302426761,26938.21834774217
gkhVuEyBxoGMPa2wDmvSMofoytvuZ2NSBGwnzyxqNyDBtK38hNoDjHTJLLCRP3DmXS5HxNDn83LApLqZeZAGJ36,1785083559,2026-07-26T16:32:39Z,omegoMAe1AMY5MFKQQr3JwXVy8F4eCvmBAfcpo8XAfq,sell,1.31429447,3451744.730084,3.8076236013200666e-07,367.11733070755423,27341.83965942287
23tzU5ukLa8UBouYjogEWMQ6uN5TsUsKeMurJgbrjXPxn8opuYA6771Uai4jSEyxUcNox1Mhtj9c6ZN9L4uaNJ7u,1785083560,2026-07-26T16:32:40Z,C4nt8V8cvi5sunMGiJwN3W2Rrq7PdnyY3gZtv9KfNEF2,buy,1.343440933,3407861.573906,3.9421816404948155e-07,380.0909313938065,28308.076009761393
2fFtP7i8GsiNaH5UTzrnq634NuDPeVTX8wAYH3DUCwK6qcHT3b9Po9fX4kbah7mZzKms28Q7vMZtHQkvm9FJQK1M,1785083560,2026-07-26T16:32:40Z,FDxxx8dBvwzWXDPcsHJF5BYQCrNVvZaBEuQ2iRgMcTiu,buy,1.5898924,3930077.453416,4.0454480066749705e-07,390.0475018622698,29049.612653596192
2ycEF6DthTLfoMRxT1wJRA5fmxzen1BSYyVx8my5dZdS8kdUkNXyiozF2CeEcHmUZQ7CiL7RxU4gaMxaHNGm4uuK,1785083560,2026-07-26T16:32:40Z,87YUKC4TmkdzbxKuCwciRu47uLyKSaU96UegG7FjnuRZ,buy,0.008765936,22504.789011,3.8951424942110514e-07,375.5555866143302,27970.296615033163
3FSv2ha3hvZ7PTBLPgKxL53xF4RRXufway9qcyykRJHgttFYP7Eg3a5g754SSmEmcJE3sbN5pm1m5uDEUtCK7zX4,1785083560,2026-07-26T16:32:40Z,Bj1Xub8zasrUATFPEmAbPjbasJ3qcQiAao2a7SY6PKQ5,buy,0.98765432,2556099.490124,3.86391188533936e-07,372.54444397896776,27746.035398682918
5gPKfrcxw5bFHavJBWAYS8nQ8vVzqZn2ietngrAG8dYm8rTsRXjZLxG3XmrwFu85KeoPa3AfeoYuQubGsoY9aBk,1785083560,2026-07-26T16:32:40Z,5ajog5xEVyZsbfVfZ1X6DrWKiq6EhXdfCtA1zf1jLDe3,sell,0.049503197,127043.35809899995,3.8965592330631e-07,375.6921834632134,27980.46995425675
5wzKWZC3Sx3JrqJdcHfy5TmGb6QN3GB85GCC2tCLo5r4cZAcUd1bKQfNWwhoyARgR3RnCzh2zGvAuPbTqLYUsRET,1785083560,2026-07-26T16:32:40Z,FdVruyvfjeKM2AtgzeSoohrHT6dxoUJ5QEYwwWfPxCEg,buy,0.977777777,2575730.472961,3.796118372105795e-07,366.00803801463735,27259.22273995833
2BY5962nC3hpF4ecECt2YjR78L1iecCTFZxd7TGF3P1LYFvqwuorPYkX8Qr943zFbqkdeyDX8JgB7o5d1NZ5so6b,1785083561,2026-07-26T16:32:41Z,Adts2vARCKwQSt7ae1LALsU2QaTda1Qz7edoUKx8woQ7,sell,0.051425412,125408.384743,4.100635863015566e-07,395.3685158669648,29445.906425566896
4csbDbRCUkarj5i7edTBwePSdnKehFDR6uWQT7STa7FGJVBTRcD2243W6D5KjWWbV8qhcUGWWeu4kNphzfL9rkz4,1785083561,2026-07-26T16:32:41Z,FSG4XbDyJWJKVuvmwMbyypTh4Cqnoc8xR4gTr3ViNuLc,sell,0.003572596,8708.130472999997,4.1025981536186395e-07,395.5577128474708,29459.997270842632
4s9Q4kokRzoi6WV4khY9bqx2ewPsDnG9mFTUVkJkG7NNqXzg7c2hPG5R27qRraRebZpLdxcmoaMXRnp1W8dhrfpY,1785083561,2026-07-26T16:32:41Z,5yMvxJvaSfjGRXvM86Nt3Fa3YiM3x9xU2seN5Fsp2tpF,buy,0.097777777,238526.82541200006,4.099236085128431e-07,395.23355433312776,29435.854879890067
5JNKuqpafqppFGHgwFZRbPdt91EU3dgni2VSLF6WLqg1saatFsDjKQ7jkC45A1zcw6Xjvas9wrtpJrLYvjX9cPKY,1785083561,2026-07-26T16:32:41Z,EyoNxgo2uZ9nwb5qyqQMrXtoeGP4p7VQ4AdEWNbgMAYo,sell,0.014084849,34339.038211,4.10170165904301e-07,395.4712760748116,29453.559709384637
5TuxY6DGKBDGYcA2AxwxniX2MGkpax3Hofc51rVTNeH6xgxLqzCbysqXAjp1tMkKaHejSqbt1SNB3u9zna5jSRbn,1785083561,2026-07-26T16:32:41Z,GVupKobi6VFsXB7Hj2PVx5Zcuy1njpbQLw4Gm2fTvor8,sell,0.031222591,76210.99072000012,4.0968619755531176e-07,395.0046512530559,29418.806838870565
fbY4iLMX1EzcTiHnoN13LYqb2RwQN6jW7kfgbLXr5Ye1Yck5avjXG7NSXjGhbLUfYfd6M2Zb4KGDbQQnyWTQkEo,1785083561,2026-07-26T16:32:41Z,5ajog5xEVyZsbfVfZ1X6DrWKiq6EhXdfCtA1zf1jLDe3,sell,0.045155555,110146.591472,4.099587140785818e-07,395.267401853094,29438.375745527224
2VYxGujh5REzzUGLe8kM9WBPcmPL8Y8oi8iaca87mTNeyUt6oe5GnaQkBRsndCyycqoJiPJEonRZmy2Yxny5qZzW,1785083562,2026-07-26T16:32:42Z,351eupK2s6KN6LyhX3VHtStDpp6PpMEJDizFCAzLq1Xu,sell,0.115426607,285643.559659,4.0409315420167624e-07,389.61204063417426,29017.180757631115
2qt2qwhmyuDhha8wpCSuu419ebQNhMQR7rFKYYpuecAaLhw5mgjSwqRG17QpUoZLHACZJF2gANrc5jCDQGSWGoCA,1785083562,2026-07-26T16:32:42Z,8MkAfZeoupvzAwTQswkZAopSHAeXv5f1WXqGJNi5WGQi,buy,0.098765431,245216.937271,4.027675742921868e-07,388.333964308976,28921.9933201742
3mic37p1vssKZgLokgYxXkL3MRLaktoMxMfCH1GSEScYqf1DeRMJTcYWtY3E2fF1BN1i1mwcu1S7CojpysAY7DV4,1785083562,2026-07-26T16:32:42Z,8pZnR6m2BUsBXL7jDTyBzgGLumyAYLneDF4CSS4YGZj4,buy,0.097777777,241976.303214,4.0407996858075347e-07,389.599327534184,29016.233922621068
4Ys7WK3mhJA9eYYdCkBvR1NL6KptAQFe29WHLmacSuhSXCQi26m7KZPuDnJL8ummYoMWsmbt5Z5a6nNRDwYf3pXB,1785083562,2026-07-26T16:32:42Z,4ghRtYKP84X7CS8YMVsVj4xuZJSYvnowmqbrrMNrN6Ch,sell,0.061580754,152367.66166700004,4.041589489939467e-07,389.6754775991737,29021.90535976894
4tnHr8iUcsfJke8efVizfj7aoRqZ8LTKwnRCWmR8bFzVdnpjoYhr8gB7jhBCQPa6ophrPzDFjxv1GpsQSALzZSFj,1785083562,2026-07-26T16:32:42Z,E7DGzEMrHAZdiuhfDp21ofEqmmVdsukHPdQ98tMieK4W,sell,1.050343119,2586210.629714,4.0613208643263287e-07,391.5779055318046,29163.592703696155
5G45jw3KR7VmQvf7EHA1KXezkrtMzuBF5GHucKaVpBCn1e9mywGPnB3zbWmmPzTvia4rVFqExu4oxDdzZtx8BcJV,1785083562,2026-07-26T16:32:42Z,GVupKobi6VFsXB7Hj2PVx5Zcuy1njpbQLw4Gm2fTvor8,sell,0.029237993,72400.44118399988,4.0383722145689696e-07,389.36527951505667,28998.80270138384
5H1ta3LtmV9ibmfdbSHTCeoJjypcNLSRsVXuzUp6KAqKxvdxmicXbLmSwttdf8BrAjGstXShCpmLUjku6rnw8a5g,1785083562,2026-07-26T16:32:42Z,AnUqXY5EtSmMYS1Dq29we5p3GEnUFWgd8QaYiuiYpMVP,buy,0.097777777,242005.835505,4.0403065816972767e-07,389.5517842148664,29012.693033360534
SoqGpNjLFuhLSkYsZ6BY6N9pRmSChgH9ZAZP5wG7rDCAEfSFCNDKRyMKRp7sweFRsHqMWT73CxEXzs1y2AtS4Ma,1785083562,2026-07-26T16:32:42Z,B67cMZBA6UPKwvrHRQnjB9ULGQmBquqfeYhuWSh7gcP7,buy,0.048888888,120832.694226,4.045998337880345e-07,390.1005628116378,29053.564480024543
rFef4xzgegMpFRgnyzgRrdV2A8kqzpwbjkexAv55sZB6pCg6g2Sj5yoV9wNuLieMgTanrwnpS1rjfi4HNfeY94M,1785083562,2026-07-26T16:32:42Z,C68qKMfFUZmhrodQ7PXQWxbypX4sGB8mHbu3nuRLnMN7,buy,0.195555555,484277.2230870002,4.0380911113977485e-07,389.3381765614359,28996.784151590047
3UkAX1Sn9HAAwHynvUnx1PQdrxjSxifGe2YY3qBXEQd8FSaHAN8TyhSjhrugwmoryZK6imQn6PA39gLPLxH4NrG3,1785083563,2026-07-26T16:32:43Z,HMzvsEEmtzHhvZNw9uwbaG85HCTmFnkbhzUx16cy7ca3,sell,85.005360222,206875959.404224,4.1090013777726726e-07,396.1750886192082,29505.977637195603
5eP7NV3ZeC7QsEqETpXcuLkYBgwePCkAiFvu4YWo6a4mGMP8QUNonSpwa3EiyTg2yHVm2XtZfsi8C8waobgDdVNW,1785083563,2026-07-26T16:32:43Z,8NsfpmaZCjGqFRr6kvZgCe3buAqBzA3m8v9nY6NW2anL,buy,0.85787087,2103577.203745,4.078152532137788e-07,393.20075421783463,29284.45779192127
