signature,block_time,block_time_utc,wallet,side,sol_amount_trader,token_amount,price_sol_per_token,venue
ix79Yp5xCV4qR1YvHUdEamREjQAxXgK7fJ1Jdo6beeH3XRMF3dJgJo4cQLDVQg81g1C3yXDe3ByGnmec3qv37Vs,1786828074,2026-08-15T21:07:54Z,5GjQkGJF1NtAsTt9P8Q3Ni6SD2QsSZ1sSnsi8GBqDnt5,buy,0.002239279999999978,441.317514405,5.074079153688371e-06,raydium_cpmm
yG938fF7ioMtsKPPWrZ58ExxcvByhjBP6Ew2QGtc5YBFprnRJ8UVeen6pLiAFG8BtB5M4EdhwKYd4NMfqiNvfwy,1786828074,2026-08-15T21:07:54Z,5GjQkGJF1NtAsTt9P8Q3Ni6SD2QsSZ1sSnsi8GBqDnt5,buy,0.000160000000000049,353.05345595899996,4.5318916243275567e-07,raydium_cpmm
4MJgByt5hJffVmJzXV7WXJZ3C2Zf29K2xuFfodvyvNKUKA2nUQu3FZ3wS65q4wkCwGBnxRUfwFoG56kWLZTFFT3b,1786828074,2026-08-15T21:07:54Z,9Q7rXKnZr3xDm5jgEARhh9sPMk4pDpXsct1HjaPsQZqi,buy,0.002144279999999989,220.65895744,9.717620462260392e-06,raydium_cpmm
HtAYh5bYWCyfkP9SVydoGfYQKDwuXstavYT3otxhznYsgjqWFBr7kNi2B6ah1cchYF61pHorXybazSUPJHfK1WC,1786828074,2026-08-15T21:07:54Z,CUkKyTN2GnkLKSucTF24qjhFn6jgSDAUQHF3RzLKhsZf,buy,0.0020892799999999946,110.329528779,1.893672549064368e-05,raydium_cpmm
5CrdeqYQpXURxtkCAjGbPF9iUzY3HrH7qQXBVFWX3wHxx19SsQ9MwghbJ67ZEcVm495d4zAP3PfrHvZDuhqNTYi6,1786828074,2026-08-15T21:07:54Z,ricEmGn6WZ9kN2ASm1MAt7LoE1hBgu1VcQrjRwkAPfc,buy,0.0021192800000005237,176.526856131,1.200542538653616e-05,raydium_cpmm
kFFm5cKR8rhzWLRHbBacB3D8GAbkEXjrKp3MNajH5K32CBmhKM5gGP78RS9UNM9iF5FprcTanTMGrLz7zC78BmN,1786828792,2026-08-15T21:19:52Z,28XmmbBDVXEWQ65Cxi1SL6196Fx1jK6dg6yTiFx5M6eT,buy,1.01213928,2199933.243988167,4.6007726951074887e-07,raydium_cpmm
4eA59CNWC8HaXx1fGHtqJGwu34cPnXqkVUH1YqbJff86Af21c9SASjNUCHjKSzwm9JL8kAei4VnFvL1AeJtfZJ3i,1786828794,2026-08-15T21:19:54Z,28XmmbBDVXEWQ65Cxi1SL6196Fx1jK6dg6yTiFx5M6eT,buy,0.3031,657392.5405439921,4.610639478038264e-07,raydium_cpmm
WuKYpdpsWhT2DJm5BrdXMvXuB3eQyB3cm52n7ttxjAeHtv6vMrCKg72hEE99QoYt6Dy3wgqZCv9B1HqiAjuwAqt,1786828794,2026-08-15T21:19:54Z,28XmmbBDVXEWQ65Cxi1SL6196Fx1jK6dg6yTiFx5M6eT,buy,0.0506,109449.77211553976,4.623125203639942e-07,raydium_cpmm
2Xuj5apuWyxdzzu4pERqkxwytcmjc1RpETfRZUZLaitbean5tqyRQ6vym9h12No4iAhNeHRyUqygQVic6ExWf11o,1786828795,2026-08-15T21:19:55Z,28XmmbBDVXEWQ65Cxi1SL6196Fx1jK6dg6yTiFx5M6eT,buy,0.0506,109416.79351120722,4.624518629749208e-07,raydium_cpmm
3Zny1r4wFFQg2sJ1G4nDLJSDKUFYgjd2mjUFGUYMGnpBbcAGK5oDErCvrLUzs8GvrECFtJ8z6tjSLJ3uyPLgUQHd,1786828841,2026-08-15T21:20:41Z,2DCW6PvdpXwscZVanFmDLB7svT2STkUj2SuXSMR6C29g,buy,0.50553928,1081451.603248309,4.67463618789351e-07,raydium_cpmm
54YXTD5RrUDjdc4Mxr7stqUGr75e41dsCVaCpf5yAezxNCcNFwe3tGBGfcdP8t7KoHs7D57ViyYx4vbGCCBRdn5q,1786828842,2026-08-15T21:20:42Z,2DCW6PvdpXwscZVanFmDLB7svT2STkUj2SuXSMR6C29g,buy,0.5035000000000001,1078235.2333671257,4.6696674753213575e-07,raydium_cpmm
55swfeE6AM4GqvC8ieXzYQkjL5CsAEpkyyP2to4g1v9cAWReq9rJipYjrbABM5pL5kRGA9fRN5NwUPWrQd8RMQ6n,1786828844,2026-08-15T21:20:44Z,AnonH2TuipeipbvvVYGCmaJCvkddAiLZZoNAa5u1aELh,buy,0.65363928,1396921.543012971,4.6791409529714063e-07,raydium_cpmm
5uVoKAX2FDmZdQYCEYknfTa23o3waQYRwsPeefzMjqPxRRzb2WtfKuY4wcEszbMuufzwoE4WoiP8gAqhKivVJGAa,1786828849,2026-08-15T21:20:49Z,2DCW6PvdpXwscZVanFmDLB7svT2STkUj2SuXSMR6C29g,buy,3.001,6402652.5140483705,4.6871198982224324e-07,raydium_cpmm
2xv3AAEjZKLHG5WGsTxZQ1rySYC6pdBzVvrbGxj4ZznXHSysFPCFroemd2NSrKCdM9Ki9ppeMNhARaJyhcxN9Gvz,1786828849,2026-08-15T21:20:49Z,AnonH2TuipeipbvvVYGCmaJCvkddAiLZZoNAa5u1aELh,sell,0.633689283,1396921.543012971,4.536326940976355e-07,raydium_cpmm
3x6zDZkD2EQMtJSsBqhUPPSTFFUyxND7qH9D2vSMoz16XDDBaHR2z3JtsoRhErr1XoyPYAwcwovwGfAuCdMLuW8F,1786828851,2026-08-15T21:20:51Z,2DCW6PvdpXwscZVanFmDLB7svT2STkUj2SuXSMR6C29g,buy,3.001,6290403.270350838,4.770759315455817e-07,raydium_cpmm
6g2KnqtytLK7LNHm1vKYTf6DBfj3fNE8AjypB1ybfRqxmgHRgdzUiaS7qy9ivjuzKGchDcpnXDnaiz9kmJ7FdZ1,1786828853,2026-08-15T21:20:53Z,GjGhvk8AdrQQnyhfGcaF3TNLo8tngc42QELQMoBkTGaD,buy,0.10213928000000001,207779.540994383,4.915752509182856e-07,raydium_cpmm
5EEoycNZRLW1UbLpYbetNYsgfokdP3ZvJhgopVsmN3EqVzLrz1F6TxKWfjaCs9Dw2UDeD9193TSW1qDzDPmUhDVA,1786828857,2026-08-15T21:20:57Z,2DCW6PvdpXwscZVanFmDLB7svT2STkUj2SuXSMR6C29g,buy,5.0009999999999994,10236589.075369045,4.88541638545719e-07,raydium_cpmm
3Y9TmExprztxpEeEt94kbEVXhTNQ4yJAztHxpcY5YKKGEjUtCSpSm4w3YaALR9Wm2a3ZpSc4rfUaxwmAUjoFxpKV,1786828859,2026-08-15T21:20:59Z,8KQriAKQrWJY2CPMLGmxwMz2sEhKjq6hEd3Rwx1B5Zu6,buy,1.307975596,2592885.684790978,5.044478449906829e-07,raydium_cpmm
4VH6SCiDCc4w5Y6Nmj2eD8ARiqrhDFZ5q7RAM8TT46oqrUBHxfsdVrqyHGY29CsV44pDtZZE3QejYT9LajPFuXcg,1786828859,2026-08-15T21:20:59Z,CQ4n79cjiQ3tRSMFTGzKPSYoCaazfuCGu2Y7Hzd1aUj2,buy,1.329880088,2656483.912643854,5.006166540931326e-07,raydium_cpmm
5TBuoVkzj8AxwuXdnuVR6CWYL21xdVy3y83ygdMPbw8FSuJ8zrB3NPXHKbWFX7NUa2h8nZMZz4LrJCDgVfnhj8Qk,1786828859,2026-08-15T21:20:59Z,G5nGszFTvbcoVEQqek9qStAT76ffLmjr4UzEtMoouizp,buy,1.013269257,1991744.866143325,5.087344640491145e-07,raydium_cpmm
KYDW4CShfQgnoYXVgv1FSxJaq8B4mC7dJ644CJ9V6oXbBjw79k2wH7P6eStbMjA56zd5jQVrU8mTyepSKvKmcXo,1786828859,2026-08-15T21:20:59Z,Gwk2S8xumrwaWQCKf1rwoGg3RS2rUx2GUCfiiE7Mm3QA,buy,1.38232418,2704836.232489651,5.110565155094981e-07,raydium_cpmm
3AqtSAp79wvN4MDeFGxVMVEiiiRNFdgGUvSCdSUVmBcDiHQgwMLBh9BdZCQjoNUUzuhmcefthn32DDdQnysJou44,1786828861,2026-08-15T21:21:01Z,8KQriAKQrWJY2CPMLGmxwMz2sEhKjq6hEd3Rwx1B5Zu6,buy,1.4579637319999998,2817293.89858154,5.175050188175468e-07,raydium_cpmm
4uXraeADW3bTCtSJvopTu4zmMCyqtaKCE3UnUu9TKAXBmDbHQ4m9E1bcz2yDVcFX3PNuW4uUF15sAoZgy3h4bAbG,1786828861,2026-08-15T21:21:01Z,CQ4n79cjiQ3tRSMFTGzKPSYoCaazfuCGu2Y7Hzd1aUj2,buy,1.0418008269999999,1995577.6446498358,5.220547693511594e-07,raydium_cpmm
51oiS667qHdXR4CjQREzp6DJoFBmXYkos4xa2vuhXPDgzoJStcxprAXGS7PFiHoAUnNGFMdMiZvqA9BvCtcjYpX9,1786828861,2026-08-15T21:21:01Z,G5nGszFTvbcoVEQqek9qStAT76ffLmjr4UzEtMoouizp,buy,1.110643737,2158774.2358803563,5.144788734923341e-07,raydium_cpmm
3pA1hvv21qcKDKcorVDS73A9Jcm7mnUHzunBwUVa8ZxdSss9VMpiavU9JiR1YxrKFthNdsXjJJ5VUWstDUeEXcpG,1786828861,2026-08-15T21:21:01Z,Gwk2S8xumrwaWQCKf1rwoGg3RS2rUx2GUCfiiE7Mm3QA,buy,1.414864704,2695982.4814206213,5.248048582476141e-07,raydium_cpmm
3kgL2BHQywWdDF6EX9GoBbGDQKXNaABVKUuijzLPtkex5T3Hn5RpgPbqhFigBddCUvtT1mPMfiT14fX4x42W6cRm,1786828862,2026-08-15T21:21:02Z,2AwjJTdTWCu6QjyZKvF6oVEd9TkQP1WYvVswFvDEySxn,buy,1.0058614190000001,1848203.8680073777,5.442372653859119e-07,raydium_cpmm
3xPSnFY8wTKZmSeDGn6db2ZMcpHMvrTtt2LhsiJmEh6iLxnFp7jSK46ctJsg6eMtgqRzi4Y2JYuor1x1hKJjtkKs,1786828862,2026-08-15T21:21:02Z,2AwjJTdTWCu6QjyZKvF6oVEd9TkQP1WYvVswFvDEySxn,buy,0.961979234,1808824.070753205,5.318257588198868e-07,raydium_cpmm
4fEdukn3rCzTRee3TnTNvKu9Q2zubKBcJXFNy3sx69uVrYoqt57bSBcpDEYZvuP2pmdFeFMM4HvbZUFtuvLEKnkx,1786828862,2026-08-15T21:21:02Z,5kidNviTucvoHuFGuPQUikWokMxsLZMncGrS5gK9Cujs,buy,0.948387524,1773724.289530096,5.346871154655336e-07,raydium_cpmm
Nqed8HYqzdcBTATWMG7AyCcdSp1w3fjWptqzBD7V5WWg89CtTnzQaXSkWaGFjvgEnJhAueFyAso9QJZb6bmbs7P,1786828862,2026-08-15T21:21:02Z,5kidNviTucvoHuFGuPQUikWokMxsLZMncGrS5gK9Cujs,buy,1.0093675370000001,1844457.7317151087,5.472435175087574e-07,raydium_cpmm
ZCa9785Qgz3HDhA1dKvHv8FfvhCJaETeNyY5Y258z8V1dyu2MFXjNJPpJqJd8D9f8A3jZsubNJPUXuDVXtzYjUs,1786828862,2026-08-15T21:21:02Z,93u5BsWsPxuLRzcDqwecZV9TiXEV7qNavef6fscPnSb5,buy,0.20166365,371086.687161131,5.434408104013573e-07,raydium_cpmm
2sgtjPuVdfsoKCMDCLGue8Lm9LyaXkepvh9QxSoAT6AppWPK3ZAxNUWTmAi6RHawTq2L539MtvVYKpE3xdYSUZT4,1786828862,2026-08-15T21:21:02Z,AJGU1reuw27UFzBYBNxFnqXKGWgNZgTBM6CjjdjMTKXo,buy,2.376500729,4289762.965815663,5.539934835416082e-07,raydium_cpmm
5xAgLhGXH4G9NzZ6UacHer19uHKvS9xL5cvnKrc5V9UqSKtmbmR7M6UY5X6CNSzj7EZRppdPtsvobhU67Hu2FWT,1786828862,2026-08-15T21:21:02Z,AzYbZ251ivYsTMdgtQfBMouAtcoNgMxtB7JsU7ERCmik,buy,2.627777831,4679803.199268404,5.615146020265984e-07,raydium_cpmm
248SqEkABhiZrVxUZkn9aoJxuUm1TjiEBowxCZjxQQE3jcZwqA2WZkkYhRAMVCEwF1waKY6rqxUaN4reVYYca1aH,1786828862,2026-08-15T21:21:02Z,DenZLNzBtE3L8T1kQFKh8oE7FCXBrdsM9xwCbsnKvdJq,buy,1.0248670180000001,1893770.5534382837,5.411780303264704e-07,raydium_cpmm
4Fx492qH2WiYuUJLVo8gh15csJZoF4zV6FLtwsFRqzgvMch8X6EckzmQbS4GGDXrTe32f8nAMxqPDKX6bJ2TLcGx,1786828862,2026-08-15T21:21:02Z,DenZLNzBtE3L8T1kQFKh8oE7FCXBrdsM9xwCbsnKvdJq,buy,1.0234092339999998,1935602.481764882,5.287290358642522e-07,raydium_cpmm
iEcBJ2hJcjXsxYBUNdUeKvEfJBS3xMdDdpgwXavecMyeqEn6pYqJhv4daZW6dP4fqKX47LkaB4bvnQ6PDWrD1Xq,1786828862,2026-08-15T21:21:02Z,F32nhkoF86gVKGv8NmfyEE9aaKqauxGECyAqJrm7zVwr,buy,0.186845347,343891.852164786,5.433258910434071e-07,raydium_cpmm
kGZb7xFfjRrdXJHr2yziNt31KK9WHzYzNZ9ZGD96k4e9L7eqLNtKzLKa3khK48p4wseWPBoTR9Hbu2dYemfjFDb,1786828862,2026-08-15T21:21:02Z,GEPiePuVYQcbShk7ACa2YASeLuRHqvcSZpS89keWZecG,buy,0.167908843,308934.562861754,5.435094132705961e-07,raydium_cpmm
2V1tyR6JzcqgTyGoYZxac79xkTr6n27MjnzgxDMq88CacZaoWRcSMH8TFMhFzc4pti5NBi8EQDErpD6EFFJ8SAFc,1786828862,2026-08-15T21:21:02Z,Hedt6aVyFRvxpQJkrrqgZ3e3JxUNb7ufCVyYXMnHYYE4,buy,0.972691894,1767630.0948825171,5.502802293398656e-07,raydium_cpmm
49Cs3h8tPkKPXaCBPwcoVExPvKECwH5B5ag2QV6adYh44mfuxdbkEAYcaD1dXtZwJ5cRfA4Bm6st5H8qpW2aqGXi,1786828862,2026-08-15T21:21:02Z,Hedt6aVyFRvxpQJkrrqgZ3e3JxUNb7ufCVyYXMnHYYE4,buy,1.087168996,2023319.897250427,5.373193816150372e-07,raydium_cpmm
5yxWqbpZm7KukzamhVLwjNgsj8dpu3aVcPuKiQKGXs6UMhff5puTvJn4yBV3pKdYka2fu7ccrLNJtzfrfmYpJ8ci,1786828863,2026-08-15T21:21:03Z,57C1yd7d54aRvNJa8R6g8jppDHcgND9bo3YmvcRJ9e8F,buy,3.03236228,4964868.01494922,6.10763925822309e-07,raydium_cpmm
2WGVm55Xhmx4AVWAHs1uSsZDBJHh6pRQwni2qkYD5FSvdKp5QiwWu9tuTWfGVWDZAJxXQbGBTf9p8LTVFrhqVAvX,1786828863,2026-08-15T21:21:03Z,8KQriAKQrWJY2CPMLGmxwMz2sEhKjq6hEd3Rwx1B5Zu6,buy,0.946148059,1602104.8277703589,5.905656375286937e-07,raydium_cpmm
3BDLdyUviWTDNgyEzt7KDhVa8BEHpS6YPqC5hA66zTUYDab4hvVuU81aN7JBh8zoEZcMzfQBo9VsJzhN8X5sAoea,1786828863,2026-08-15T21:21:03Z,8KQriAKQrWJY2CPMLGmxwMz2sEhKjq6hEd3Rwx1B5Zu6,buy,1.223643522,2133176.635881762,5.736250348036459e-07,raydium_cpmm
3E1ZFMh9KUpcEuJC6pz8a548D72nquoUurfYCihHEoTDhEh1VTXtkpKovTYsEPncAosapfw6joasRmQknspd5i5V,1786828863,2026-08-15T21:21:03Z,CQ4n79cjiQ3tRSMFTGzKPSYoCaazfuCGu2Y7Hzd1aUj2,buy,1.036305837,1779663.0329982704,5.823045249493628e-07,raydium_cpmm
5NMsqZ6NJcvC4s4gCHtkcNgz8qU1ZkXbS7Cw2VX2v6vLn7s445MCsxoYprT4g2x7r2vnmozdupC13a5dE6W12Rf5,1786828863,2026-08-15T21:21:03Z,CQ4n79cjiQ3tRSMFTGzKPSYoCaazfuCGu2Y7Hzd1aUj2,buy,1.298832792,2190354.1058502067,5.929784542741073e-07,raydium_cpmm
5AdN93ptxhrAkEwLr1tcvAan5ttxtNDVyeZHpaJwFbPHz8jMbcGBg5hSA3kysQa93LyZs9YDGBgjxVTaj5ApMUGh,1786828863,2026-08-15T21:21:03Z,G5nGszFTvbcoVEQqek9qStAT76ffLmjr4UzEtMoouizp,buy,1.246749038,2188066.44697497,5.697948705916343e-07,raydium_cpmm
5xDDnaZRAYgHkM4fcdobLrWxHpHE9wGvcj26TLdsnU6wFDYWdiANYjniNZEmoMRzmVukjVYiaGFnKKot91e84uy3,1786828863,2026-08-15T21:21:03Z,G5nGszFTvbcoVEQqek9qStAT76ffLmjr4UzEtMoouizp,buy,1.5512566030000001,2651009.535950738,5.851569305817941e-07,raydium_cpmm
efrVLD9fK1T6VWiuC8BoJNd8BRbwsnyHAT2s9yyJCHPcvBhiGt6aJK17C8Jqry6tnWoLk4x11bj9cSxwsWjZc4j,1786828863,2026-08-15T21:21:03Z,Gue8rnckLCrNEksmCh3KCMu8SEjcPVHV1n1MUikmAn21,buy,0.152955016,251604.3744561,6.079187467652222e-07,raydium_cpmm
2aNyKgobVY1G1SAfAeczR1U7NwbycZLC9gSBgrj1AwdarZZp3HnG12hSzKeLTEJGaYkyYpCR7wevc7nJm5TBsRqL,1786828863,2026-08-15T21:21:03Z,Gwk2S8xumrwaWQCKf1rwoGg3RS2rUx2GUCfiiE7Mm3QA,buy,1.518206291,2630027.9021257777,5.772586251928645e-07,raydium_cpmm
2fYUaYAQcc3kKEwtFXCpXbnqeKjdnU7yU8ueB9o9d4HEdKgoKs44UAybxM4PTvw4gK4p5Nt6e8J82NxWbq9c9CA8,1786828863,2026-08-15T21:21:03Z,Gwk2S8xumrwaWQCKf1rwoGg3RS2rUx2GUCfiiE7Mm3QA,buy,1.2289593140000001,2058264.1617973093,5.970853191782988e-07,raydium_cpmm
2eDGDbLDa7u2w43d7XzrmEQNRagWp3RM1f99pf7djK5tRXwVn5a5vxXbXcMJeHieE44EUMkgojXVdwCZfenB9eRY,1786828863,2026-08-15T21:21:03Z,chrisBeZroheTb8QFUhvsFFgSsAourqQytMftMcyYi2,buy,1.0145350160000002,1672317.874686252,6.066639789940293e-07,raydium_cpmm
5YRiYkASoSFyrbLv7NrHSdzwxRLEqv3F3M3VH4SK8uWafDG3qL2YW6VPygSj1uiVRT7M5r1yTV9iHMzcEfhG2uxk,1786828864,2026-08-15T21:21:04Z,C4eNLxxC7XLUivghMi35YUeSfvACgnvKB18115uPUqjg,buy,1.00213928,1637801.091288709,6.118809453298529e-07,raydium_cpmm
5aRLQnb69oyihCFGS7yKrfRjrtfyAYteyEMswq4WcSZKTYeSe4WW3v5pj6uT4pf65XfQ1BJy5XdQmP5n4Uc5szDV,1786828864,2026-08-15T21:21:04Z,FatpigGT9U4fzPZPu94Q3WeZvCKqewjWJbZoQRBQWYyU,buy,1.0028681609999999,1629338.947811924,6.155061611623378e-07,raydium_cpmm
5yQjLBgrxDcS4r8mMC6cU3EPTsnQ5yRAry7Xakgw3pTUMMdeLCQSytAw6yxir4SeEihonRDTt9gjsFJHY8DJnX9o,1786828864,2026-08-15T21:21:04Z,HACKERamoyuTkkbuVnSWPNc5a5TDQH3U9vpp6zbrRKTe,buy,1.0028681609999999,1620942.241035066,6.186945688821152e-07,raydium_cpmm
26Bswc8MZGvGRqLRGYnCVr5L9f6WqcpWEjj2oBDG5NUXnLYNPW8UDXriU5CkhSSTQ9iYQJorNiSzfUWXP18ZAJNQ,1786828865,2026-08-15T21:21:05Z,5xywCUU8JhqTv7PSmHLFfSUs2duCR1hSxTjxyqR9TiUx,buy,1.42466428,2257443.580803591,6.310962949926114e-07,raydium_cpmm
sMnKanJoC3QV4YGZHDnrB1CPL5oRMT4ng7muoBTvjcHrXd9nGHTS4ZME2HTkyYTdqsxrAhU3ehWnJBUwrQWwXby,1786828865,2026-08-15T21:21:05Z,777777UupVYr364fUHXwqBRMnNaVcpAw2z3uhFkspnNn,buy,0.6695321390000001,1068005.709153013,6.268994006885747e-07,raydium_cpmm
3Ea22iWYrHJo1poZkF986vX3h1z5Ao27m22pkrR2u8o9zRwaMJMUAVxjaFekV94q8LuZiUqfgQPFSRjcBdGnP8sR,1786828865,2026-08-15T21:21:05Z,93u5BsWsPxuLRzcDqwecZV9TiXEV7qNavef6fscPnSb5,buy,0.139389738,223783.14011295495,6.228786401408202e-07,raydium_cpmm
59Fr1jFuSvQY7q12bZWjwBDgQDJRZZ4nKsTZFkdcXceu3GG8qyX1woYC5g6aTq8PVPsqaU3Aeg3xBCH8TULaCu2N,1786828865,2026-08-15T21:21:05Z,9F46qiTXmGiLK7TT8UdsrjDE15GzU2ChzUQtmToRJe72,buy,1.62161428,2551499.643683619,6.355534024919022e-07,raydium_cpmm
2u1Zng2RtB3NSkjMH5sRvcCNwrPnF5t3AjhVSCs9f4WSytsFrNJfk3hso98ZBLEHYVvaBZjNRDAAr9zCEpPyZ2BS,1786828865,2026-08-15T21:21:05Z,C4eNLxxC7XLUivghMi35YUeSfvACgnvKB18115uPUqjg,buy,1.0001,1612610.29789095,6.201746332067823e-07,raydium_cpmm
3phnLjgGd3nYhNNmqEEUM6KMMtG2e89KKoYRQoiqPSBMa1RBZMTzhJ5jy1og9tb4Gkcx2gPEdFkLcZ6mu5JYmyMs,1786828865,2026-08-15T21:21:05Z,F32nhkoF86gVKGv8NmfyEE9aaKqauxGECyAqJrm7zVwr,buy,0.15525513900000001,249084.11557202897,6.233040539074603e-07,raydium_cpmm
5WhvFthGE1TPHSmhWxzbZRkerLyaar7A6jPZGbY9GRjCT9yGRxheZPqD7wtW7hdJG1wkKsLNYPMLz7a6bsP3kH3u,1786828865,2026-08-15T21:21:05Z,GEPiePuVYQcbShk7ACa2YASeLuRHqvcSZpS89keWZecG,buy,0.155655123,250104.52800437598,6.223602756895172e-07,raydium_cpmm
2d4NukLgsyLGgckc9CnumrquUJDUNjYJ3BV93F4RQN6KcDXnqdWdT77Vh5TEV6gQ4NrNpyPAZtyBPx9EUzASSBpc,1786828866,2026-08-15T21:21:06Z,222rwqVEhc4iPDqQxk8ycUhnq6t5zPN6z3ofVSEfLTBV,buy,1.060961236,1575475.705268082,6.734227842754754e-07,raydium_cpmm
4FAS26fAFwNwNr3tQ1f2TK4USH5YGHuMubC7RtDHfQFaTDW9jmAo6k4azxyhuTnP2GRv7erx1etZyVqoSx8NDrnb,1786828866,2026-08-15T21:21:06Z,2AwjJTdTWCu6QjyZKvF6oVEd9TkQP1WYvVswFvDEySxn,buy,0.910827583,1403832.7336503225,6.488148916656305e-07,raydium_cpmm
38UXBv9PFws6ejLGD1Pkavk36mczpKCfpcwwkXKz9eovATBDimwiS8wSAT7j91xmXJ4sq8QutYKn3P8veS3PpciW,1786828866,2026-08-15T21:21:06Z,5kidNviTucvoHuFGuPQUikWokMxsLZMncGrS5gK9Cujs,buy,1.052760607,1639932.3858726174,6.4195366593716e-07,raydium_cpmm
4SekgK9YZarVSrsa2gioYU76FXmCEnwBBKZTnotYSUYrqTAXuQXweRpvrFgYVJKpPZhRoZycarraGricJPQH8tiQ,1786828866,2026-08-15T21:21:06Z,8xZDnuQnDdKUs6EyoNN98nrYSUyHdJCZw1vrmvb3UUB1,buy,1.18649818,1772082.094839489,6.695503461466159e-07,raydium_cpmm
5N4sdJNfJ99mK3VMdSzqgUG8bjyKmCcHM2b4LM5NnVLJNov4ttcwDPdQMRq2WcNUriGuBidDVGxRsQzxjsWTLjJF,1786828866,2026-08-15T21:21:06Z,A9XvNqVZCS29obqh6LGTABfdcJgNrzeXSbNxbweA1HYo,buy,1.2589584249999999,1891931.427808654,6.65435547237671e-07,raydium_cpmm
5ETVHx6YSxykMsa2PHp71hg4c5b8bQ1vUEiaKDU4XzzA32ASUtxjQtkT9Rg2wgdUNDV8Fh8AXNLa69jePsVmHHaN,1786828866,2026-08-15T21:21:06Z,BBQ6yYPAad3wTN5e8jUshryB9eWorKUYftk6pftQZ4J9,buy,0.614045442,939947.948092917,6.532760066617003e-07,raydium_cpmm
cevM9pmLAPs1t8kEQ2VQp4MXzNUnJ5ztrrQAiQdNK2eApwCNnCU7yfvP2HbD8oQa3pUyCKJ3m8gpwAXPHcY8PY9,1786828866,2026-08-15T21:21:06Z,BtHnhjh8Ta2vGZkrL76AmXMur1ADo3tpRo2kQMe2BCSU,buy,0.635643482,970084.93879152,6.552451817176449e-07,raydium_cpmm
3UdFGfqRCPpRiDwAV8DYY9sUGGQUhfs3eAEnKpUmZzMajxooVGji69BTCCiD8qTVCqCb7r4urESud7yJEZzs4dFS,1786828866,2026-08-15T21:21:06Z,C4eNLxxC7XLUivghMi35YUeSfvACgnvKB18115uPUqjg,buy,1.0001,1513812.8070655689,6.60649715296458e-07,raydium_cpmm
3oAmwvRCTjEjPuKsi8XJvLGSoN9uHpyHzyZmCwqYwiBB8v2244Qq95GvALzZNVEGeo1h8p3onu9Wdsz2eimQr2C8,1786828866,2026-08-15T21:21:06Z,CWryqL8F79bCUPfRMnFHxXpJEyW5TixWe59hEuFXWYnD,buy,0.569397189,866040.766684904,6.574715774403801e-07,raydium_cpmm
4XDz3m6Qg1CD3nMzy7Bh8vsTUjfCneWopTxYbBm4zT3cvjVkRoajcxMNHc2jRzEn1xkSwPCeinbkcTV4hBPHTD5b,1786828866,2026-08-15T21:21:06Z,DNio5ketGczp2dsB3jJCm3XNsRETaAM87q3YVMPA5F9z,buy,0.626887783,962661.079009442,6.512030003800033e-07,raydium_cpmm
36zEUEYwvBg6wGEzp81SQsbo27WmFKqc7ch5NfXBZJWNPeTJwmydBgWRFWaCdsbxFxbeoXeN6X4WN2RtYFps9JuN,1786828866,2026-08-15T21:21:06Z,DenZLNzBtE3L8T1kQFKh8oE7FCXBrdsM9xwCbsnKvdJq,buy,1.0148502179999999,1588982.9661537535,6.38679104569961e-07,raydium_cpmm
4p5DpZx4q8Sv4FbUkGHzuiFdBfnwTccMSmhhJEnypYFsBHSkhbhYbirQz9sd5jQiRxLMyBguNoiwADfNYJ4kNeKg,1786828866,2026-08-15T21:21:06Z,E8B7Edi7khrojzqFgW4iJJ2Lii2jvv9B9kivkwpPfHeq,buy,0.564447504,856061.72831278,6.593537420630575e-07,raydium_cpmm
3tEktev3dy4q2L7i386LvmSEHvA4tsbYqzPJBSqA8euAp6ENqxS27GKBxzwCFJSWisCCDTBcGExZcAs52GSx9Pnr,1786828866,2026-08-15T21:21:06Z,FatpigGT9U4fzPZPu94Q3WeZvCKqewjWJbZoQRBQWYyU,buy,0.334159237,506284.34113523224,6.60022856426333e-07,raydium_cpmm
62iVANkceeaKaTKwzweYfcmR4Jb7tHqQGbnAW8jhBaXdrov8RajVkpKnhLnFcjpDyqeVxTBeHs3TEnvAVLn6kzK9,1786828866,2026-08-15T21:21:06Z,Hedt6aVyFRvxpQJkrrqgZ3e3JxUNb7ufCVyYXMnHYYE4,buy,1.0343494599999998,1602706.699680061,6.45376637039379e-07,raydium_cpmm
3r2VSfpZduXpb3eQbsN4vGggwK97gkihonjbYqUvvTrMNLeU7pJGrJ8k55zfuS6d59bmYVo4M7B2jNC1Qt27jUVG,1786828868,2026-08-15T21:21:08Z,A1igHDVAzKcGUAbVMFV8HrCCSUfcs5YzVfW3i9895pdW,buy,0.142687075,203050.436919431,7.027173995031453e-07,raydium_cpmm
51Vms7wXo79fb8XJ4h6kHeb7tNCvQXAqCU3xUkfN4RNu2Q6EGFynUWTYE4zLzzCbTCH8q5rX8Zzp2Ng1hV6b5WTp,1786828868,2026-08-15T21:21:08Z,Accym1M1qybvC63A5yUPHKkojjHMrGhGyySi57QjEqXz,buy,2.4728156319999997,3568609.226497918,6.929353916474392e-07,raydium_cpmm
4YyDwuYA6BSNh7Gs8hKnPNrGXrfWCa8rhsupx74iYwmyfPYpHmv4gcRpKjF4n5Kuq6jSA7Wh1YGsZBfqrt1p7vin,1786828868,2026-08-15T21:21:08Z,C4eNLxxC7XLUivghMi35YUeSfvACgnvKB18115uPUqjg,buy,0.5001,741115.3096250929,6.74793778383805e-07,raydium_cpmm
5zubp9JGMvBjsPXTFQ8eNRur39KorpmcEDhSZrzDS95jViE1Y5KUyiih8L7wFHaSsUXUvTm3mcUqKRZHsERZvLSg,1786828868,2026-08-15T21:21:08Z,Ebux1vXaJYiugKxnBNgQbsBjbjjFK1K2k1zXjkD3tqDk,buy,0.118947477,168189.620311727,7.072224598613141e-07,raydium_cpmm
5obBLgDgmQ2nRC9U9T5eDFBdQWumHuskX1R3c2xXQnsnYNP51BrRavgf6Y9zCgfdrDGHTprL4KnEgbgz3yoxxTor,1786828868,2026-08-15T21:21:08Z,FTnPR7WkXFU5VZ3UN6FUkR79ichSS5fsFnuVc9HVaCqu,buy,2.549725928,3725421.533554542,6.84412731562011e-07,raydium_cpmm
2gDfmV3jSkWbnRrqkoovRGz692KPwJ4SYpZ5NxjHH7ufF77zJhBzBDQ1ZgDFM5ZhAimgoyUzXidyqpivCRVKzV1L,1786828868,2026-08-15T21:21:08Z,GpNHGPQXQEnrrbL8paxGdEWrNEvdFcZFVtC6ztMoYuYo,buy,0.127638705,181150.164202888,7.046016522350196e-07,raydium_cpmm
5ZcGtRwxpw6qjTXBU1mngMBhQYVxq9GsNvDUTYYjQc33mDPFUbazUbzsH31PqrUMymnTUkxxWJUTHS5EBuLZDuJb,1786828868,2026-08-15T21:21:08Z,ZZGtLggQHdZ2LgkDtnbJ1eVQMYLpQN7H1fjCGZAw8G1,buy,0.13167173100000001,186899.370340659,7.045060171150053e-07,raydium_cpmm
5AQ2ZGQd4qWaC7Y3oo8MsKqqMAJDHE1ipee4XWoAFz41RaAfFL9g6oDgZCC89FWb9zyQWZU5Nqk8ZRg6EsurHwdt,1786828869,2026-08-15T21:21:09Z,42nY2zqy2NXeBZDFVcTcoufecdBFgpiEjuNA5huALhdq,buy,0.30204928,432001.24577279,6.991861318818096e-07,raydium_cpmm
3fL3AjrRNT7NYsj15X5x7bPD62BfYV6ZvJmeuwgzGsj7pywyZG2j9dtfBxSEbSwHddsDd3tebdt14WEqVKg3bSAj,1786828869,2026-08-15T21:21:09Z,777777UupVYr364fUHXwqBRMnNaVcpAw2z3uhFkspnNn,buy,1.000828881,1435467.3815357632,6.972146451208409e-07,raydium_cpmm
3tEhqH7qYBMPcun3fEapQGUB4xdshL5W1DqxhYxZGLCQLjz7SqS6eW6NZnkWEjRXSkJ5CWLVFSJJ2VvJZpTMMZ5y,1786828869,2026-08-15T21:21:09Z,FatpigGT9U4fzPZPu94Q3WeZvCKqewjWJbZoQRBQWYyU,buy,1.000828881,1421628.1906760978,7.040018533425577e-07,raydium_cpmm
DsTKaSgqotPAjT5GGeXXsbWmv8peHk67C77K9dFmaE2jRoy2jtoLikz6u9bpHrhJT5jnVTSBmVGKiWEeg9Ftqvj,1786828869,2026-08-15T21:21:09Z,HACKERamoyuTkkbuVnSWPNc5a5TDQH3U9vpp6zbrRKTe,buy,1.000828881,1428522.6393478601,7.006041440525519e-07,raydium_cpmm
2bvdhigF9fRG1LUz3nGoSE8TKsWewcn6yogXyh4TpmP8V2oyH1Npu5PaUeAPNLngqUwXZQTf79Cbt5Z8qnjAeS8J,1786828871,2026-08-15T21:21:11Z,vPczFpjUEeMfYTtPkwqNYdJXvFBB1dDVBUA4sbMocQe,buy,0.03,42929.467812862,6.988206825851162e-07,raydium_cpmm
2b71s2kMdCUcgWFZzgjHdXxY9QmqwezLgPYVyQNiw4kRqmK2RhDek2e7QdPDo8vhXhijPW1kfLonqCqtWzshL8jL,1786828872,2026-08-15T21:21:12Z,2T7W5XtariS53AbHY42u8CZzAyrzvNzGpeWcHsARNGkx,buy,1.164471365,1595356.4054907,7.299129905971273e-07,raydium_cpmm
QdMrA3B3vVu7t61Yud1EWaUZMAVLv5x18raJvbZekGf318KMF3cvhjmoQDkVyGfRVMa9EGjweCX3tFskMBfDApd,1786828872,2026-08-15T21:21:12Z,3XQyz76yGTfdVezAEX32drhFBK6Zdqu5vP1C1ocPXVt2,buy,1.175837487,1602207.16982051,7.338860474152821e-07,raydium_cpmm
516hF4kHLiXb6fWY4Y3TtbutGSALvBz9WZEkDi8uM5k4ALdqmkMgcFDKcG1r9XKi9ToEkbh1TvN5UvQfaqp3AQnr,1786828872,2026-08-15T21:21:12Z,6KsuesQQGfqZcqEPBKXgT5iwvZHhUgf6uvtuzQNigxgK,buy,2.0028681610000003,2822367.520100356,7.096411600317677e-07,raydium_cpmm
4pS4jjqwNDv4t1LHXJxmA5Y421skMEETnRzmZMGR1cKXsvwE6yfbV2fVMvxhKyBE27pvsTnqsgJaEwfgfz3fSn9c,1786828872,2026-08-15T21:21:12Z,FDQKtMRyjWHPxyvtuWzqypyn3JXmCtv3CH9tKQpLbtPD,buy,1.3498986039999998,1874799.375866198,7.200229642578782e-07,raydium_cpmm
2JEi7EAPaGdQ1RZ9xGHng9cr7Xb9x11u37dtCZzDuxeiiJLSxpLkhjviA9etzXzGrhjZsJ6TAyCHTCFbwS7rdtYd,1786828872,2026-08-15T21:21:12Z,FMrLCzfeRZLiawdoj7PRiAyo3kwbYWJ7XWQXgxmeHr8w,buy,1.3524416639999999,1866343.795849007,7.246476597763002e-07,raydium_cpmm
9E5XvxtUfFZe9PSXnUGEsN1Lk67fau5iDzEmnEnNJsfCz9YqzndJjuJzauwQ6ZxDRvosvPfD5nzdyqA2Fz3NsE8,1786828872,2026-08-15T21:21:12Z,GXUgrpvBnCDrEGQVpV5NWrrCAigURaWSwmhQ3aZtyJK4,buy,0.10313928,138479.224096708,7.447996670458806e-07,raydium_cpmm
4tRBzfHvopMFMmtjyMS9xTuYWrTpPwXB31Pwzsm4fgebv1R2rDqk5vHHyhdxCryP15txAir1XUwqEHxcXRhr42iB,1786828873,2026-08-15T21:21:13Z,3KEdzpSYJ7sXfHKpVhSF2Qj6ZAjd3Q3dugFCZ4umWvkR,buy,0.461947162,627558.775159538,7.361018286814072e-07,raydium_cpmm
4uGviYSySWsBAsD91QRBteQLief36ZuDwbFpbV5HTfoF9x3ySWJa796A7ryEL1pznD5LLwkcudsVFTR5ZDxvekeY,1786828873,2026-08-15T21:21:13Z,Act5xzJ7DhXrdNKbRw1yTzQUmT4hYtAPgFKTP5WzPBva,buy,0.544131398,738196.117330378,7.371095366469872e-07,raydium_cpmm
4eyevtZsCeQpw1TpQUefHHoAmYm3gNsujgj5rmbQTPybzczY9JYmVD7tSCKbmukjwaqhz3vZpouzXjeXdvxLixck,1786828873,2026-08-15T21:21:13Z,BBQ6yYPAad3wTN5e8jUshryB9eWorKUYftk6pftQZ4J9,buy,0.055027958,75298.17588280002,7.308006781684835e-07,raydium_cpmm
3bae1QWn9x4cXmBWRQSzo3GgVkjT1f2WmVRVnz8LBu5Bb5geMizFK9ky43xhCcQvAcA2AqGx7t3eym7H1i9pRSMA,1786828873,2026-08-15T21:21:13Z,BtHnhjh8Ta2vGZkrL76AmXMur1ADo3tpRo2kQMe2BCSU,buy,0.046900964999999996,64183.90169222001,7.307278579744717e-07,raydium_cpmm
Mo74KA9TFHjd8aDeTBRpSrE9duH383PnFe5BuLHnwV7vsCudELpaSr7uy1p2bfoAAL571VG1BEzr83pr4MGvP5F,1786828873,2026-08-15T21:21:13Z,CWryqL8F79bCUPfRMnFHxXpJEyW5TixWe59hEuFXWYnD,buy,0.049262296,67450.12113054004,7.30351483056048e-07,raydium_cpmm
4QdQ65pH2TTNepCEMeaFpHoPUx5dCnkXhfDKXmENdRmn1UzzcR1HXsz6GeP96dEzYfviJw3UHvPy77zc4H76r79Z,1786828873,2026-08-15T21:21:13Z,DNio5ketGczp2dsB3jJCm3XNsRETaAM87q3YVMPA5F9z,buy,0.048125857,65829.78078790894,7.310651262086438e-07,raydium_cpmm
5LMvBL5HfweXA5GB4yu4AgsZJWeBFf41UE1ASXtbf1Z9CzVXjMephAzReJPVWHmJd2uakFVkiCSiPmKU3wASmJmN,1786828873,2026-08-15T21:21:13Z,E8B7Edi7khrojzqFgW4iJJ2Lii2jvv9B9kivkwpPfHeq,buy,0.050907924,69688.83519441995,7.305032988135845e-07,raydium_cpmm
yFsdQKHMxVS6kxdHWiH3pJaW6VNVmXQDBCYiisH3v8yLuav6HmYe4eXRgUKihV2mr8GMUpjb2GKd8gcPkF6nnSm,1786828874,2026-08-15T21:21:14Z,2T7W5XtariS53AbHY42u8CZzAyrzvNzGpeWcHsARNGkx,buy,1.288497788,1726103.8564281252,7.464775559138859e-07,raydium_cpmm
4W2eRrpnC9CLxHhYEH7zaXFSyKD1ttR7Cjrj95a5wz7ZWSkyRHWSoS4hBCUyNGsiohRabTAG2bH4k52L1u5wRqp2,1786828874,2026-08-15T21:21:14Z,3XQyz76yGTfdVezAEX32drhFBK6Zdqu5vP1C1ocPXVt2,buy,1.367882794,1821831.302356715,7.508284615762783e-07,raydium_cpmm
47LsWQuwLv8VbWASCSprYN7rRrvK3c9hAGs46VJzaRfxyQYqgPuzE8r33G5dP3xv6brU6AnGQ7WJ1NPTPMWFjyMN,1786828874,2026-08-15T21:21:14Z,A1igHDVAzKcGUAbVMFV8HrCCSUfcs5YzVfW3i9895pdW,buy,0.394677356,517660.83449550706,7.624246025578462e-07,raydium_cpmm
2eq1obbEiSwdVGoJReoYKqeUKM1GDtfaNG4UMdsWfdgSR4ZcPTXD24SajJd3Ngnf1mW67sGzSZketDWCufYscu1z,1786828874,2026-08-15T21:21:14Z,BVmv2JfCyRsPhPJbvga1bZeCGUKCqNpUL9jjznf6CGbC,buy,0.345372615,453816.863428313,7.610396237612634e-07,raydium_cpmm
2pSohvvnSMzdMv9UxLjSF7uta1BNZtp3WRLi35gJazRp1FHvLtoqnqNaqZ4AUBjhxTRw9kFfyExoNprPBgrSo24Q,1786828874,2026-08-15T21:21:14Z,Ebux1vXaJYiugKxnBNgQbsBjbjjFK1K2k1zXjkD3tqDk,buy,0.35110437499999997,459134.644687039,7.647089564311228e-07,raydium_cpmm
4bMTzfYMn5KzjbRfct8UB3cPFVbC3t8VXvrXzhYpSUXqfXMih86KcjDY2Rma4JZAdcb5QURUo2XA4EHTB93FbhTE,1786828874,2026-08-15T21:21:14Z,FDQKtMRyjWHPxyvtuWzqypyn3JXmCtv3CH9tKQpLbtPD,buy,1.164327991,1539913.933971838,7.560993931634189e-07,raydium_cpmm
5EjL6oYDwUfoGD445oXNpsFezLg41Wv7eaQVwhGbMZQ86kzX2UxDAdMGb4FW75QrhK1MvkiKyX7t5j21muc78Mym,1786828874,2026-08-15T21:21:14Z,FMrLCzfeRZLiawdoj7PRiAyo3kwbYWJ7XWQXgxmeHr8w,buy,1.213583607,1634618.235884455,7.424263233814697e-07,raydium_cpmm
652oWExxvtrqA9wnHGj6gMEvqbXrzTepM5xhNgY1ygtChPZoFNr65YuZ8itvBs7vF4FQhQB3aF1qRvQbwZR5MJw2,1786828874,2026-08-15T21:21:14Z,GpNHGPQXQEnrrbL8paxGdEWrNEvdFcZFVtC6ztMoYuYo,buy,0.414820085,545369.740778292,7.606217470151795e-07,raydium_cpmm
5bkeV6k4mU2A1G7C11MukUf9gFxW9J6QfRa4sgpp4Lm1EiAMTdeED7So1UthzyavfGfYkNZZ5N28ozyz2j4jSVCj,1786828874,2026-08-15T21:21:14Z,ZZGtLggQHdZ2LgkDtnbJ1eVQMYLpQN7H1fjCGZAw8G1,buy,0.355398184,464058.60844500904,7.658476268566294e-07,raydium_cpmm
43UExqEmJr3S5AFrAexQFP8QbBUD8XJgg5NoP36xRHWpZxcNgCoakJPMVgCtRcuE7iasBHCxt6ULY9uGNuEyQfzB,1786828875,2026-08-15T21:21:15Z,A1igHDVAzKcGUAbVMFV8HrCCSUfcs5YzVfW3i9895pdW,buy,0.49204114699999996,643648.8868139399,7.644558346641477e-07,raydium_cpmm
2khu7JypaCVmN8xJhV8A3wQgHHZENkLztw8w5cBvGBJ9LSDyzkDotfWsdj9WKHPuiWvkoszxNMFwKPsJsdTBi3Vf,1786828875,2026-08-15T21:21:15Z,AJGU1reuw27UFzBYBNxFnqXKGWgNZgTBM6CjjdjMTKXo,sell,0.314952047,428976.29658156633,7.34194521957962e-07,raydium_cpmm
25PQQLUYu5hHkzsTqt1S81U2Z2h2iSpZypLiY3atayRbizchPeoeEUMXa6caw9THKjV19y2qujhmA3d3wAwmqSdN,1786828875,2026-08-15T21:21:15Z,AzYbZ251ivYsTMdgtQfBMouAtcoNgMxtB7JsU7ERCmik,sell,0.34425378100000004,467980.31992684025,7.356159358449465e-07,raydium_cpmm
3a2K5c2JKjw933kdM4aYrNaSLt9av5einakqmDw6L8VtFanuG9qLUY7WVoaefr2G6BNJn4QVXE1gP2F5pes7Av4T,1786828875,2026-08-15T21:21:15Z,Ebux1vXaJYiugKxnBNgQbsBjbjjFK1K2k1zXjkD3tqDk,buy,0.548604782,719976.529547443,7.619759248886036e-07,raydium_cpmm
3oksyatxLWX21SwKFY4qBVD8ceWdhQKds5mGUxfGCRgU9XiMFW38w3p2jmvHS9yiqN4HgREuReEAkyU2ywRgLFhJ,1786828875,2026-08-15T21:21:15Z,GpNHGPQXQEnrrbL8paxGdEWrNEvdFcZFVtC6ztMoYuYo,buy,0.47781382,622060.9498585601,7.681141536189371e-07,raydium_cpmm
2vq2BacTQ2hyp7fVVQjToQPwWXzUiawX3xv64raxu9WaW1DQj4JMTHmsTXz2fgY2ZsybjDYDviMP2cqUeHe8zFvR,1786828875,2026-08-15T21:21:15Z,ZZGtLggQHdZ2LgkDtnbJ1eVQMYLpQN7H1fjCGZAw8G1,buy,0.497540251,649417.158159334,7.661335164136962e-07,raydium_cpmm
42x89VziZVQaE5hncHF5tC3JVGM1u79NpSey9mtYfwM19rELc9B8xiGjnoVzjvZGrEVmaux4j95g3k22sU7VDWkJ,1786828876,2026-08-15T21:21:16Z,8wnqJrLyop5wdCTwRpMKFK5db5B3s5J6e5ToTYFaj9iK,buy,1.0211457800000001,1308402.742534659,7.804521855570403e-07,raydium_cpmm
pSUrnC7MpjAmQA5BAiiqHBrwS2fWHg8vVYrHaRJZssJ6rfPYTb7hfqP9VeWSAqKxEVmQ5EFVPEnhhN4Xd3ZtoFj,1786828876,2026-08-15T21:21:16Z,BULL9XniY8nknkxmDFDH74JuSG3TTVUfqx3kbpmDfCqV,buy,1.0211457800000001,1302358.704318882,7.840741391858299e-07,raydium_cpmm
5vrnjEHYg9gjX5wSro1n6CvLx4umrYFjLvmFx9b5NdAiv5zz5h1nJWZVzsfrGZhbro65aZzKERfxR4xV1tBRzU99,1786828876,2026-08-15T21:21:16Z,chrisBeZroheTb8QFUhvsFFgSsAourqQytMftMcyYi2,buy,1.012513,1296356.4639034967,7.810452049208692e-07,raydium_cpmm
5kfAnEWFVk1Jn4C5rzRv8m5KZAXruMgq4vKuiNNkmxUHHYZE5zP4JEQqsRUqvDYxtkJqpkj83dMJqrByqVhQhGAr,1786828877,2026-08-15T21:21:17Z,28XmmbBDVXEWQ65Cxi1SL6196Fx1jK6dg6yTiFx5M6eT,buy,0.3031,395394.783727827,7.665756162545664e-07,raydium_cpmm
yS5DRtxYU4yGMUonzzxZyaqJKMCNTBBUbDEvQRQ3mkV2ug33RUNug3jExnajpzfJb5VYLAK4LKTc5694N99XfDC,1786828877,2026-08-15T21:21:17Z,A1igHDVAzKcGUAbVMFV8HrCCSUfcs5YzVfW3i9895pdW,sell,0.509745598,682180.079114439,7.472302601707719e-07,raydium_cpmm
4bczNbeZ5FYVpiPCNpdvC5ZbZY3BQ8zWA3EnGi3AwcQrYb9mCq8WdZk2pxtoXmATkyxPeyL8J4raGDXSkqiivves,1786828877,2026-08-15T21:21:17Z,Ebux1vXaJYiugKxnBNgQbsBjbjjFK1K2k1zXjkD3tqDk,sell,0.500936928,673650.397273104,7.436155757166659e-07,raydium_cpmm
2fdwqBvvPvMKvkUC5uP6WimJuLCenkCD6b5qDtKP64eRX4Bz5JWr7r2znMwaV5eake1rE4PZPGKTYCNjAD1cbN1Q,1786828877,2026-08-15T21:21:17Z,GpNHGPQXQEnrrbL8paxGdEWrNEvdFcZFVtC6ztMoYuYo,sell,0.500211637,674290.42741987,7.418341068759176e-07,raydium_cpmm
nEUomco5vyT5f6vu13CnbkWAm3bPV4Xp2dyw5T1D6CNRZpr5ZTAh5rMyM3BCyCiThT14THBbjW8Hkqwnwn4AumC,1786828877,2026-08-15T21:21:17Z,ZZGtLggQHdZ2LgkDtnbJ1eVQMYLpQN7H1fjCGZAw8G1,sell,0.484495491,650187.568472501,7.451626492001919e-07,raydium_cpmm
4m4cnXqd7j9WbYNPomsGmbJGfXTA3sJ1R1cEScejwp7pdMCs42QL7tvqJ5ttBSSd3Fsbz39B9nydBHASKyVdzNiT,1786828878,2026-08-15T21:21:18Z,28XmmbBDVXEWQ65Cxi1SL6196Fx1jK6dg6yTiFx5M6eT,buy,0.3031,401989.3265755619,7.540001188141653e-07,raydium_cpmm
5Biz7sKjRii8SpJntpAL7tzuM383mJCxaALTQNEd9cZ7Y8PP6MvyhSPxyk3kMcDLjyvi7qx92SuGjnEoJbGMnLMk,1786828878,2026-08-15T21:21:18Z,57C1yd7d54aRvNJa8R6g8jppDHcgND9bo3YmvcRJ9e8F,sell,1.838320196,2482434.00747461,7.405313456328817e-07,raydium_cpmm
6GdigdGJBuLqiAwnBgZ6n3ZAnhH4ySNphEHEbdPK2pes3D59YfPxJxaoaGkHTrczZBArA7XEV9EdgGcVr86kZuL,1786828878,2026-08-15T21:21:18Z,57C1yd7d54aRvNJa8R6g8jppDHcgND9bo3YmvcRJ9e8F,sell,1.8081227160000002,2482434.00747461,7.283668812769007e-07,raydium_cpmm
4WPVxv1pfphFWZztX7yikNGy5FLCaY8v9FK7sie5TVUvTDZz8Bstrj85NFkiHu6q9unf86aJnVtx4Utj1fqY7A2r,1786828878,2026-08-15T21:21:18Z,8wnqJrLyop5wdCTwRpMKFK5db5B3s5J6e5ToTYFaj9iK,sell,0.966583844,1308402.742534659,7.387510072988062e-07,raydium_cpmm
5CM9WR52PhErCfB2MYTrX5UhLFJNTzmRz2tTWU6vnHqUd55DXmXF1oTtyT76BtWTCRJNSPJ7ryCAAQys4DZAQfY4,1786828878,2026-08-15T21:21:18Z,AJGU1reuw27UFzBYBNxFnqXKGWgNZgTBM6CjjdjMTKXo,sell,0.280191318,386078.66692340886,7.25736338225559e-07,raydium_cpmm
2bVKXggABZNN29gM9wLFuqqYJ4cBGcAqXBAiQWkHezKvF7TaXqUAayuGPgSLsnVozSAWv3gMbzXAw7eYTYCTAmUC,1786828878,2026-08-15T21:21:18Z,AzYbZ251ivYsTMdgtQfBMouAtcoNgMxtB7JsU7ERCmik,sell,0.30534221100000003,421182.28793415613,7.249645100169419e-07,raydium_cpmm
38Vne4pjz3ErYUENoxamt7HX6macFYJttW4m8VJ2dRPRkhcSTLyL87iBRNBAe3S8NFpnLCpuRiLt1sYxe8wgTa4q,1786828878,2026-08-15T21:21:18Z,BULL9XniY8nknkxmDFDH74JuSG3TTVUfqx3kbpmDfCqV,sell,0.957701211,1302358.704318882,7.353590127083048e-07,raydium_cpmm
4sVfWCkXs91PYFJowzKHQpFHX59Ab4STYMtZuNwCRFkcFW6Nw9fqYRDkAL6RSS4Mbrno4iMp1fJnL1jsxUMq2mz7,1786828879,2026-08-15T21:21:19Z,28XmmbBDVXEWQ65Cxi1SL6196Fx1jK6dg6yTiFx5M6eT,buy,0.0506,64402.71182574192,7.856812013896448e-07,raydium_cpmm
637UQzdWGWNENBFPJnhCievRSwhLHdtioMhUn4YtpzbLszZRg4QZooJor9rRpQcCJa1iagCnbwCEHTan4QWCmSeo,1786828879,2026-08-15T21:21:19Z,5xywCUU8JhqTv7PSmHLFfSUs2duCR1hSxTjxyqR9TiUx,sell,1.719418302,2257443.580803591,7.616661238496743e-07,raydium_cpmm
3NUVDaBBKRdnQ2x9akhdmhVxuArKjq5xPvjyKQNzPgDL5i79K8Q7oCJjvohCbTXAPSccJnogHCUY6GP2sVok8guv,1786828879,2026-08-15T21:21:19Z,82FGz8pkSNcWqNioVgFTC4vVseRJWDhdqjysjXfwR6m1,buy,2.717463226,3475422.952692338,7.819086375932569e-07,raydium_cpmm
LV5Mo9XoVJZSkjAx2yNx8t2WPpaujt5euHTLhAwGxeY8XNE5w1dJUqizDXV1WCgLR8YXtSLgknvHtTJ52JqgzTd,1786828879,2026-08-15T21:21:19Z,82FGz8pkSNcWqNioVgFTC4vVseRJWDhdqjysjXfwR6m1,buy,2.6491940940000003,3349136.0522709903,7.910082041019589e-07,raydium_cpmm
3dt8PPd8mERdVm5ngFd7uxBCRAZa72YYquWKNBnAXTt5YoG3nqfFeG9KQwArWdNepyAgbCTfXzW7EPeDYBTLgUav,1786828879,2026-08-15T21:21:19Z,9F46qiTXmGiLK7TT8UdsrjDE15GzU2ChzUQtmToRJe72,sell,1.960668612,2551499.643683619,7.684377369417808e-07,raydium_cpmm
3Uw1ST325jZ9aNPKgj5oCFbne6Dh7UK5vtie6vFahc6jpSopmiGx75ApvNqFLTBpCqY18ueTP63azGw6Ni8mf95q,1786828879,2026-08-15T21:21:19Z,Gue8rnckLCrNEksmCh3KCMu8SEjcPVHV1n1MUikmAn21,sell,0.193722026,251604.3744561,7.699469709887761e-07,raydium_cpmm
2UsjTosR9RVPrNYb3wM5UdiPccgaB9m9VYkJ1y5jMDp5p8js5W92dUtCbJknMw7vfjpP89kvNtxpFfLzYXGw5pcW,1786828879,2026-08-15T21:21:19Z,HPiAxtK5UGhaNTjNPqDn9WijfQhZ6YEqgHc5MeLZUiba,buy,1.446961033,1867595.800651705,7.747720531900304e-07,raydium_cpmm
4YBsXuGPQgLETRmJ1zFH3wyt8J36KMqzFCRDixVwLzuXmEkdHJQT4U3HAsTiVFsovK4DpXus9vgmhoKqZ5z15k8Y,1786828880,2026-08-15T21:21:20Z,28XmmbBDVXEWQ65Cxi1SL6196Fx1jK6dg6yTiFx5M6eT,buy,0.0506,62820.66958363587,8.054673777813533e-07,raydium_cpmm
2BfVg5KEwC4Xmn3pDpUX1kvxhZMFTGFswdvZVVcUtRZzoQGjkS5r4XVZqXy6dShbZuJKDhdGYXmCXD5gpGbwp3M5,1786828880,2026-08-15T21:21:20Z,BfCP1ncxu7ZWp4B6TvQEcXGVSCiM2LhAzyYjG7zWyKdY,buy,1.581689002,1941188.899691456,8.148042687918744e-07,raydium_cpmm
27dBRzSWDQniXRqnmnQUby23jjEi4GQJmJipESdFa8EryqwujJSr1J2Kqvca4WNBZbNY5KSZkWqaMZQFct9VMjcR,1786828880,2026-08-15T21:21:20Z,HrtVLLCBM4LXfRGLGcXBYvkkJ9xnbiJ3ob1MxKdmNs7o,buy,1.42881458,1764824.556186061,8.096071504624757e-07,raydium_cpmm
3798yUCwLW5rrcUfsVbsxZvERELcP5hQNeYZJNU8rrGm5g6h248nfNvnyHKo7Hx4W2EzoBbp5NTCfqr3bvP9LFMD,1786828881,2026-08-15T21:21:21Z,3KEdzpSYJ7sXfHKpVhSF2Qj6ZAjd3Q3dugFCZ4umWvkR,buy,0.45755119800000005,558260.9601639321,8.196009225965598e-07,raydium_cpmm
2PXvEHyGQZ8qE8FoQ3TCbZEBWbm9zRkgijLo3kgsm1bE1y7b9qqXmK3cYLNg4BheFf1xk6nPedHJTr2F2yqfgXDT,1786828881,2026-08-15T21:21:21Z,Act5xzJ7DhXrdNKbRw1yTzQUmT4hYtAPgFKTP5WzPBva,buy,0.544448802,666008.9762091079,8.17479675873105e-07,raydium_cpmm
4wpJSq66ruRjibq43B2d64HottBC7XhauwzU5CfFHHi8CFV3tLfo4HfQs5ZUNBE1b6vAoYExcLJg1Ysbu55hfT2o,1786828881,2026-08-15T21:21:21Z,G3z69eMv5ma1zpgRgC8ZrnXdYd92xGzbcpAL3Xu1rtCx,buy,0.00203928,326600.490041617,6.243958788121062e-09,raydium_cpmm
534b5axyciog6rbwjeDkFtsBGZNFxPxU14FuVQqfPydHRkDkRY6gooPYGbzbzUiMaTKUuQrzXkqhiXJ94sfb9xYZ,1786828882,2026-08-15T21:21:22Z,28XmmbBDVXEWQ65Cxi1SL6196Fx1jK6dg6yTiFx5M6eT,buy,0.0506,61064.656934611034,8.286298906777328e-07,raydium_cpmm
4UWdDZcyReWSakWrJJSMXxexL4Av2w3Mqmjv8Ee7UpkJtbhBdS92c7BXxikxUTS4nXmzVyd8eUHCkoQVmevukvYv,1786828882,2026-08-15T21:21:22Z,tronFPfm42zg7TowSTvPw3ya2tU2oYqvwKJ7i2xgBGB,buy,2.0120392799999998,2429268.063920231,8.282491792005332e-07,raydium_cpmm
5bDfbQwsdfJ6ZVbPZWjDV2o9kVvBVA9CUx8q2qB95fofLEGzgABfBL1ykBrX4JABvkYqbDdz7TshfjuHnLPSJE13,1786828883,2026-08-15T21:21:23Z,AJGU1reuw27UFzBYBNxFnqXKGWgNZgTBM6CjjdjMTKXo,sell,0.27844645,347470.80023106793,8.013520843041581e-07,raydium_cpmm
2kkV6GRcH5XVUopiruihUgY7PUCEoxrxNZG3NMwmSZK59ZPYRwJTJbyFEkE9UaKiotyH3NQNw3ALLLQQQzoZ8fEi,1786828883,2026-08-15T21:21:23Z,AzYbZ251ivYsTMdgtQfBMouAtcoNgMxtB7JsU7ERCmik,sell,0.304287274,379064.05914073996,8.027331176945567e-07,raydium_cpmm
ZGmASZp1nPg7XAU4hWcbNPXenDzjpHVGgHcmc9orLVfoq7JeG1VRgckZBYacE8hDydxnZmfqFZaMmpNxGLfLuQH,1786828886,2026-08-15T21:21:26Z,93u5BsWsPxuLRzcDqwecZV9TiXEV7qNavef6fscPnSb5,sell,0.482649274,594869.827274086,8.113527563024635e-07,raydium_cpmm
y6n97JH4PqybNRZQL4vTfyjneeP7GARwVdaqmj2fnotJjQFJVCjgteJJA2dJJ1RsUwkFUv4Kyd69pdkkM75yeW9,1786828886,2026-08-15T21:21:26Z,F32nhkoF86gVKGv8NmfyEE9aaKqauxGECyAqJrm7zVwr,sell,0.480060297,592975.967736815,8.095779982993659e-07,raydium_cpmm
5wzMSEqP52ieEfu5d8q986ETZPcuU2LvyALRAwhuhgUt33ygantFxGhFQEEL4rpULTSYMm9cnfWwCDqSLwnZgcNX,1786828886,2026-08-15T21:21:26Z,GEPiePuVYQcbShk7ACa2YASeLuRHqvcSZpS89keWZecG,sell,0.454538481,559039.09086613,8.130710149370321e-07,raydium_cpmm
557nd6JLi8L4EH1Z88chpHPKHvh8DGf32cpSy6vrSH9yDW3kULXMUK3Z6BKzyDExPkGVrcWozsmwxs9geTRmEqoQ,1786828887,2026-08-15T21:21:27Z,777777UupVYr364fUHXwqBRMnNaVcpAw2z3uhFkspnNn,sell,1.966823569,2503473.090688776,7.856379908037562e-07,raydium_cpmm
3cFiyMCwtQDVGbp8W4dFpNUNRgCpcsHs84xx5LJBzkVxD5NxQ2kfH1wvcpcaPxg8PMFDkszoC1JdLoZ18aYofGE6,1786828887,2026-08-15T21:21:27Z,FatpigGT9U4fzPZPu94Q3WeZvCKqewjWJbZoQRBQWYyU,sell,2.8260808060000002,3557251.479623254,7.944562880044985e-07,raydium_cpmm
4khhWGmgQYvY9K1GMH9y4YruiEkeai1NgPnEXxaUXCt5iBzR6UqZNuRANdSJE3nvfWBGdMisHF51zdviXZXUb7im,1786828887,2026-08-15T21:21:27Z,HACKERamoyuTkkbuVnSWPNc5a5TDQH3U9vpp6zbrRKTe,sell,2.452013868,3049464.880382926,8.040800481991767e-07,raydium_cpmm
3T8Ss3kVA1vpABnBtBzT2ssiD2e42t8y7dmQDiG7nzzrr6S8X7KiYJsvuTWfJmks37RGGBPSMBtdERhkFrNQQ74P,1786828888,2026-08-15T21:21:28Z,6KsuesQQGfqZcqEPBKXgT5iwvZHhUgf6uvtuzQNigxgK,sell,2.2425892970000003,2822367.520100356,7.945773472195639e-07,raydium_cpmm
4YzDDX2ZizbhLWBuaLcuDFRYpLDP3QDpJfmTQ8YQ9YQ2hykq2kbwHAyiJXw1RZ5o77gHxX4aCvvu9YFW8Zxf8o6,1786828889,2026-08-15T21:21:29Z,GjGhvk8AdrQQnyhfGcaF3TNLo8tngc42QELQMoBkTGaD,sell,0.08203862299999999,103889.77049719098,7.896698838334443e-07,raydium_cpmm
j7scC25fjkiSpazrRmZYHU2dxdjS94an9KdxbPCTziZ3p7uA5Gds6KeJjyuV4bvf8aPCT7e2VEifTpeRecAk9x5,1786828894,2026-08-15T21:21:34Z,5e96SkPWmHz9cizDSqoqVahvf6QQjRS9xdJA7ueYuvD1,buy,2.01703928,2331921.801446204,8.6496866179178e-07,raydium_cpmm
5wdRyf2YX1oiRdrdYxbQWt9P6ebLjczJa9VY1b1VWbF2icx5u31mdAnkwdZGJYVnoytqGKE5fCFSvvSzmFTyTzb2,1786828895,2026-08-15T21:21:35Z,777777UupVYr364fUHXwqBRMnNaVcpAw2z3uhFkspnNn,buy,1.000874694,1121593.098039671,8.923688062536551e-07,raydium_cpmm
5XmePsnu97hsfqURdMidfXkNwFdL4oBmvuQjkHNW7LwdaWrjaN3DUUu6a1rbkhff1KF2rPzBzpUUefaaASHfpS17,1786828895,2026-08-15T21:21:35Z,A1igHDVAzKcGUAbVMFV8HrCCSUfcs5YzVfW3i9895pdW,buy,0.709734965,801325.982340402,8.85700676929387e-07,raydium_cpmm
34GXj2rSBr49ugEueHJvw6peSfk3NNfcGbQZANoLJMhAwpY2tiFPMqqQeWX76kZa7Tn1oj9NyGbDC8TqJTcFAzuU,1786828895,2026-08-15T21:21:35Z,Ebux1vXaJYiugKxnBNgQbsBjbjjFK1K2k1zXjkD3tqDk,buy,0.8095443029999999,923582.476734362,8.765262696001092e-07,raydium_cpmm
4T3VKCub1t76dKzRTscSRkvEFvYEX2dfs6thMsVx4suxvUPvKJAhN2HoaMp4ZpaomTnWm8wff4288scgJBjfLPFm,1786828895,2026-08-15T21:21:35Z,FatpigGT9U4fzPZPu94Q3WeZvCKqewjWJbZoQRBQWYyU,buy,1.000874694,1126421.364019326,8.885437776398815e-07,raydium_cpmm
2UHKi4Bs4gGDxinvbkjrurrwPqefd8NZCHfBAs6xwz4K2LLF1jFLZRyJYoBfrGuEpKczZN4wVzjNBksfjKCPnC8Z,1786828895,2026-08-15T21:21:35Z,GpNHGPQXQEnrrbL8paxGdEWrNEvdFcZFVtC6ztMoYuYo,buy,0.801927375,908954.1381737558,8.822528456839517e-07,raydium_cpmm
4sKyRWpEeDJqCDfShj7pss8JYd3A2pbU5J2BXmvRKPHG24ERXvDV1gcdkyRgy2qzhAzNYqbsMtYL6GqHqdmzeATF,1786828895,2026-08-15T21:21:35Z,HACKERamoyuTkkbuVnSWPNc5a5TDQH3U9vpp6zbrRKTe,buy,1.000874694,1131280.885558317,8.847269557692932e-07,raydium_cpmm
2S9E4XbeimWSqazWC99xNYRNdXGoXb5gPNhJKbJz6J5qBjsvd67G93Mw4Yr9WFNsexxPePjKRVw1yjULZ9zy65M7,1786828895,2026-08-15T21:21:35Z,ZZGtLggQHdZ2LgkDtnbJ1eVQMYLpQN7H1fjCGZAw8G1,buy,0.694793357,789451.8943104871,8.800958766548245e-07,raydium_cpmm
33Dz5ckPpLRA4gRovTv6NFRwFpY3KwfDfCxbd4WVWrfViEHheQx6qUfsuTf5qiDspcCuPrENHJJH196zvWV23o9d,1786828896,2026-08-15T21:21:36Z,6KsuesQQGfqZcqEPBKXgT5iwvZHhUgf6uvtuzQNigxgK,buy,0.9760400530000001,1054175.019069419,9.258804613503427e-07,raydium_cpmm
2p9mxUYPdF91bgHKCC34BqzWGUop3RCuyLeL4op1XDgQLTumsuSgfh4YjKketXWS7kGSVqf8Pj5u2xYNCn5Dphzk,1786828896,2026-08-15T21:21:36Z,CASStbiKKzQrFvs835DagrLid7saGriDUHv39Mr8SRUG,buy,3.0164440299999997,3197793.284336548,9.432892503637324e-07,raydium_cpmm
5RzEtXgpQ9Jp3uyzLJUsuKcXAEwsrQAS6urWc1uuH721Uy5qrb2dFJvhBDagZb2dGNafkYVvUdFAA6vQyjoYM5Pf,1786828896,2026-08-15T21:21:36Z,G2eAEzJFLTH9oryFxdqMmzp1J5iRVU6Kwes5fWTvk2W2,buy,0.34211583700000003,364608.49889052,9.383100998496642e-07,raydium_cpmm
3CN9v4Wdqsmd6sJUZd7bupw4yZE9d4gmgdAXViUcy3g19XGaaPZZtiyDWAGzVaVJcau5QFwQsHTrQAuvPo1xYrdo,1786828896,2026-08-15T21:21:36Z,H75xFpTZVYVzamJrPQHkbGqdWpq4zsZzUiW7L7U7GfQ8,buy,1.027748615,1103216.573291204,9.315927986233366e-07,raydium_cpmm
pKg2fPARgnDATySgjznjg8tZ3fiKKdJghfKpZ8VsSKRSAPHyc3c2aHdfkdPfo6vRzEKuBFyNLSRANo6BnCDWkxR,1786828897,2026-08-15T21:21:37Z,CbpnbXAD9PUAwVcYjHY96qooq6eNnoLiZzif766gqLPH,buy,1.005527438,1057055.264119954,9.512534227216085e-07,raydium_cpmm
4rN1UmARd4cGJ4ov6bna9QmXL3fequKcerdhLWUhMPsSZGG5Sj8eVx6yHTop1KZXyfShxsqa91Z8qgL3KCJCU6vA,1786828899,2026-08-15T21:21:39Z,6KsuesQQGfqZcqEPBKXgT5iwvZHhUgf6uvtuzQNigxgK,sell,0.978142416,1054175.019069419,9.278747819915734e-07,raydium_cpmm
48WxXKVCNVApkp5VK3gErafG1EiLvoucCVNdXmZgu8zwNqN2nZRowDmY5m4L4k64QZDvSgmeJ7pspgcm8i4k2KJk,1786828899,2026-08-15T21:21:39Z,H75xFpTZVYVzamJrPQHkbGqdWpq4zsZzUiW7L7U7GfQ8,sell,1.028061469,1103216.573291204,9.318763821078257e-07,raydium_cpmm
5cZQDGJkvbSqJLeJwfPdH1vPsX92XNGfqrtju7Qf2Cna6t7NigCgyVrqrGyFLomP28riC65fCfJq9pkiLgpqzg14,1786828900,2026-08-15T21:21:40Z,CASStbiKKzQrFvs835DagrLid7saGriDUHv39Mr8SRUG,sell,2.9723409590000003,3197793.284336548,9.294975299245078e-07,raydium_cpmm
4d4UHa1vxESTqpFFu3Sf1ytuumUDN4tUaaKQQ6zuLsapV9XFY1vLDVdmUZP17YtvK67YtGfwFL6oJfi2VuokoPnT,1786828901,2026-08-15T21:21:41Z,G2eAEzJFLTH9oryFxdqMmzp1J5iRVU6Kwes5fWTvk2W2,sell,0.33680752999999997,364608.49889052,9.237511770155753e-07,raydium_cpmm
4b1XPQzx9GesuNmjyjj5k6uYETVtg2Lqv9PwEQ2UoMyjrypCvm1TLWXJGiTccRqHicXeVcr2jdtCqvcDqMn2o5vP,1786828901,2026-08-15T21:21:41Z,HtBpTLs6cPw65ENWJToYYPaiUiPE2UznPLwkJQk3WWXH,buy,0.05314928,52690.177179865,1.0087132525398005e-06,raydium_cpmm
3BaRMqdBGiMYDRXC8mtaoKRDKAM8gRK4ENZF2bncqThxTtKqXZrZq8NU83DTqbmKzmQWPvhUPupSZA98LdDUzVx4,1786828903,2026-08-15T21:21:43Z,2T7W5XtariS53AbHY42u8CZzAyrzvNzGpeWcHsARNGkx,sell,1.529818155,1660730.130959412,9.21172035408436e-07,raydium_cpmm
5ZiRRCHmbrqYg2MCaJZTC4XXD5hyhp27GCSWTZHqNDMxfes2PPiQnoxSwsXymP6mvToNutmTSYEWSjnH8z3Gh56i,1786828903,2026-08-15T21:21:43Z,2T7W5XtariS53AbHY42u8CZzAyrzvNzGpeWcHsARNGkx,sell,1.44768085,1660730.130959413,8.71713484937897e-07,raydium_cpmm
47j8xeB2MAGt4bMK7Sp8Axgz8LhpfMcXaeyskVHD1kgyCd2GFr1FXhgqdQ42e9fWZskKP8Coi9krSvdqfXi61zt5,1786828903,2026-08-15T21:21:43Z,3XQyz76yGTfdVezAEX32drhFBK6Zdqu5vP1C1ocPXVt2,sell,1.556251061,1712019.2360886121,9.090149387313603e-07,raydium_cpmm
5XQrFZyARepCykuZSLk3ukboEFRHGtbs2neXbrZL8GyJpRKZcKZrHZtowpP9KWeh3jev9sKpevPq1AXCX4TWLkn5,1786828903,2026-08-15T21:21:43Z,3XQyz76yGTfdVezAEX32drhFBK6Zdqu5vP1C1ocPXVt2,sell,1.463484736,1712019.236088613,8.548296100595046e-07,raydium_cpmm
2mMQHVGiTpQqVqo3TdCS8ZTAjvfMHjtjCfpQMgvoebAiFvYBRcBxrrgH8MXWUkEszu6VYifeyjbu4qiJDp3BLqtc,1786828903,2026-08-15T21:21:43Z,AJGU1reuw27UFzBYBNxFnqXKGWgNZgTBM6CjjdjMTKXo,sell,0.663660681,781809.300519905,8.488779559908842e-07,raydium_cpmm
5t2c6a7swyeHvc1pLwS6ftWphRFy3bQTkWjreNfpnFjCUEWK9GCmq9UaTVVrq7KUz4Pa4oXDUPNsmtqR1RfhKzm1,1786828903,2026-08-15T21:21:43Z,Accym1M1qybvC63A5yUPHKkojjHMrGhGyySi57QjEqXz,sell,3.179171734,3568609.226497918,8.908713541381231e-07,raydium_cpmm
2aThQWmUCQwUtEhqNrh4yr43Y343qpswpNGrrF8XkPfdPRMKdKVLKbE31Ea3WqiWmBYgiFCcRTMuQmnLFb328e9V,1786828903,2026-08-15T21:21:43Z,AzYbZ251ivYsTMdgtQfBMouAtcoNgMxtB7JsU7ERCmik,sell,0.7219071579999999,852894.1330666672,8.4642059314479e-07,raydium_cpmm
4CMJmzVd2yq1oYK1dqed4mjHmsCwviQ1YVEughYSLGnyv8fZnBR3h66uYXvfbycaV2YQNggQSpFzhXPwBGJTpLzX,1786828903,2026-08-15T21:21:43Z,FDQKtMRyjWHPxyvtuWzqypyn3JXmCtv3CH9tKQpLbtPD,sell,1.5624179580000002,1707356.654919018,9.151093027332989e-07,raydium_cpmm
4QybB4Q2Zg4iDLpiv3zvkiKC5npg9vMv3c8MLRTWkZ2Kp7Dh6ebSh5La7dywuJzPXKnS5a5VmxZFoA3HnZfcBSRF,1786828903,2026-08-15T21:21:43Z,FDQKtMRyjWHPxyvtuWzqypyn3JXmCtv3CH9tKQpLbtPD,sell,1.4787959370000001,1707356.654919018,8.661318259073065e-07,raydium_cpmm
4VWbyixA8zP7ma9oSRTJWPcE2chbD2VgBC5YYaUgdmNvBHPRL96hrNdL6sxS6YPzbVaCioPoDe4tQAk246RQiFoH,1786828903,2026-08-15T21:21:43Z,FMrLCzfeRZLiawdoj7PRiAyo3kwbYWJ7XWQXgxmeHr8w,sell,1.506213637,1750481.015866731,8.604569963040789e-07,raydium_cpmm
4dTJKPDkux6p6Nerg4qSKj9Q2qHjAjBxy6UY16ePFnmbDsddPmPc6YvYWYyPsvBf2Ww6KmoxUpJCKKk7JNnoPwKm,1786828903,2026-08-15T21:21:43Z,FMrLCzfeRZLiawdoj7PRiAyo3kwbYWJ7XWQXgxmeHr8w,sell,1.5805195250000001,1750481.015866731,9.029058359809881e-07,raydium_cpmm
3oafpSqpj2w82jYdDfjD5Sm1qomT1Sy53dUHJZvJXTPLWpJUMWT5gRR95RucpqK9hK2a4QrcSXss7es86iZz2FW1,1786828903,2026-08-15T21:21:43Z,FTnPR7WkXFU5VZ3UN6FUkR79ichSS5fsFnuVc9HVaCqu,sell,3.272818504,3725421.533554542,8.785095792575454e-07,raydium_cpmm
4TG4n24XBW92M1BPDNNeJNhi53LsLxsbYBFJQjP4hecC497z9Q6UabYiFz9dkKbLMu6R27d7w6RvUFsZ4N8hPWki,1786828903,2026-08-15T21:21:43Z,GXUgrpvBnCDrEGQVpV5NWrrCAigURaWSwmhQ3aZtyJK4,sell,0.058472862,69239.612048354,8.445001390124058e-07,raydium_cpmm
5upm1xpwJXz77ttEghPC2rmGi8zL1U3JFqi6h2qB7ryULbfv1JWDamcwhqK8n35y22x9GppjdsynTh8LpppuZRu8,1786828903,2026-08-15T21:21:43Z,GXUgrpvBnCDrEGQVpV5NWrrCAigURaWSwmhQ3aZtyJK4,sell,0.060422882000000004,69239.612048354,8.726634972738327e-07,raydium_cpmm
2eMFTCEk2ttnPDqkSFaxewCu7TJkwf9aExbDVU5L9b1xwa6JbyVsBnf7vSbCmyaSRPTXY2hwMpXjExhvgAFFMVxb,1786828903,2026-08-15T21:21:43Z,GjGhvk8AdrQQnyhfGcaF3TNLo8tngc42QELQMoBkTGaD,sell,0.046637405,51944.885248596,8.978247767187154e-07,raydium_cpmm
5E3dtuY8RMXTpxhz9Mmva9ceGgK3hCZewcgJ1TNNKhZTfgt1BUdWE23g4KXJxDiUDY4Vh6q2JdiZvZss3BmGTYjf,1786828906,2026-08-15T21:21:46Z,313NexhpvkJjxg9xAnJyF1ztss8R88z9SZUTbp8mqCH8,buy,0.30213927999999995,357895.67431424,8.442104827864314e-07,raydium_cpmm
5hcsBPjBZC9UJP8DupMpcQAofZaH1pcqWH8hg5XJHM3vusmD6FABAiNp4FRScTb8fWDV5TapFacXYSLdbv6MLLHb,1786828906,2026-08-15T21:21:46Z,42nY2zqy2NXeBZDFVcTcoufecdBFgpiEjuNA5huALhdq,sell,0.348930181,432001.24577279,8.077064231048976e-07,raydium_cpmm
3HLyKH6KjESMNzxBARiy39XacaLwJZz9QQVGMzFuqCANDpYaeM52XqGC28Bn9KY534KVgLxPxx2V8t9Fj7x4afwu,1786828907,2026-08-15T21:21:47Z,4fNDW8qeWdWQMdtZ6ro8kkK49ZAHtiAtzcJbFvgxNcVZ,buy,1.391495537,1663366.064196718,8.365540015222018e-07,raydium_cpmm
27KUCQipJfBJSBaMdEwXt6nBBqExZTkXAVWfJDAZdpowEdZHuGxAaTUZ64JhNBWn8dNMDtmka37Wkm4zKxkv91kX,1786828907,2026-08-15T21:21:47Z,9bPSz9QGH62BD8YQarZEnfCmNk6kXGMoGgTxFVxcYZfU,buy,1.265265178,1520766.783042672,8.31991592733583e-07,raydium_cpmm
66Bf74GH4Sgr7SqjoP2k6NaNUhYRJW1XuNT8hJzFNkYc5mfLxyazHFWdu1WQTRu7N4JEyezGSEgVFBaUVLh4sRT3,1786828907,2026-08-15T21:21:47Z,C4eNLxxC7XLUivghMi35YUeSfvACgnvKB18115uPUqjg,sell,0.443780384,550533.9505870314,8.060908569340717e-07,raydium_cpmm
4dyEVzxL8HyHwoXveXYLBqpnTMqyrF4Xi7DzfFpzRAQPfx1Dzrp7hEvwAdLfLUcFpfoQ6cWcbKN9xroLiZ2H2GMW,1786828907,2026-08-15T21:21:47Z,HbYd46DFHe7vLRGKW122XDPiUzcxLw4g8hPUtwfCNpV2,buy,1.360303471,1616083.573952969,8.417284185821366e-07,raydium_cpmm
HNASyWRr7rCVuTqcje1TLsktkpznsADkkXuqW14AqJBoidDHNK3aepaJpNXJVdxy6TZXMqaoV8jwgVnGCUcoj3f,1786828908,2026-08-15T21:21:48Z,4W1G7xANgXQK3zxMktXQDaVQL8gNvbdSwKJSeCA4xesy,buy,0.133034103,153379.117984269,8.673547269560147e-07,raydium_cpmm
295xkEz3Rv5QafokiTUaHrfAJ14iUhCjEsGttLQwtMTKP1znwiGn7MwTLjwduQU2YP6svsMFUE7qq4NDQYa1FRes,1786828908,2026-08-15T21:21:48Z,C4eNLxxC7XLUivghMi35YUeSfvACgnvKB18115uPUqjg,sell,0.409933076,495480.55552832875,8.273444263880147e-07,raydium_cpmm
aGwaHeiedPeXmKawEejndfdSQgcQTnEdY6tJQ5Uh1YPCjUPchiKfPtdxFKDwxyFUByZhFYi4sRd4pTz8MXZXdvD,1786828909,2026-08-15T21:21:49Z,3KEdzpSYJ7sXfHKpVhSF2Qj6ZAjd3Q3dugFCZ4umWvkR,sell,0.325626476,395233.7177833121,8.238833412956066e-07,raydium_cpmm
2ZoXUUWhpnsyLQZRcYURFhK2dE6nt7fLGecEtTsSjq3kQBWTMezSxYBTtTvx9hWpmiGtNGnyEMrjFUZPNP74vfwv,1786828909,2026-08-15T21:21:49Z,Act5xzJ7DhXrdNKbRw1yTzQUmT4hYtAPgFKTP5WzPBva,sell,0.385159147,468021.55767670996,8.229517223778227e-07,raydium_cpmm
2aT9MTfnpBbKunWXoF9EYeCzRu6WpF1ayr3Bd9gVGpi8NmsTdPoj7ATFfjN85oDUmuJrqSdyN1C1tR8BFjHio892,1786828910,2026-08-15T21:21:50Z,A1igHDVAzKcGUAbVMFV8HrCCSUfcs5YzVfW3i9895pdW,sell,0.604210723,741753.0307274199,8.145712898637767e-07,raydium_cpmm
4sHdrw6MtneHdzYFwd2h6aW2nrJDEun8mGtBSfeBHTZHMzPwv3ZbNfarzGt1eu761vCVAd3r8h8fnQ3jQTASudoz,1786828910,2026-08-15T21:21:50Z,Ebux1vXaJYiugKxnBNgQbsBjbjjFK1K2k1zXjkD3tqDk,sell,0.652628245,798616.4370037329,8.171986134527175e-07,raydium_cpmm
3Eo7JL5K6KDC2NQFszppiDcWCGHitXPvwVf2edKuCaaonQ7gLvLDSG7raz4qEmiRt9KtNJu9Cs8PXLtyLZs2W74n,1786828910,2026-08-15T21:21:50Z,GpNHGPQXQEnrrbL8paxGdEWrNEvdFcZFVtC6ztMoYuYo,sell,0.643199084,791622.282796813,8.125075531319917e-07,raydium_cpmm
4Q6y6dHaQkJSBzKEcYjW2MV8EasgKHJ4SY8AXHQMm5TRsmFTfhtx2WDyNQHZZ4HE32171o9pdtHXu6vxtf5aCQoY,1786828910,2026-08-15T21:21:50Z,ZZGtLggQHdZ2LgkDtnbJ1eVQMYLpQN7H1fjCGZAw8G1,sell,0.589606435,719819.731391494,8.1910290769638e-07,raydium_cpmm
8WftVcbQ5w51DHXAN4JaKo22nhpPJpMGutgAiEQpTwQBzn7pWm5sRcvobuPH11UoT6mn4YJyc6S96jafuopXu6x,1786828916,2026-08-15T21:21:56Z,C4eNLxxC7XLUivghMi35YUeSfvACgnvKB18115uPUqjg,sell,0.181705127,222966.24998774752,8.14944535372439e-07,raydium_cpmm
419CdaYWgFo4snGQ16Dfxt5tHNhGaMpV8QNL9TKXx2LLqqTF9PKzf62Nx6htfFxBQggxBxLqbuq7uZChiJNa9VuT,1786828919,2026-08-15T21:21:59Z,BBQ6yYPAad3wTN5e8jUshryB9eWorKUYftk6pftQZ4J9,buy,0.000228886,219.70820437395014,1.0417726577494073e-06,raydium_cpmm
2u65UWL9EXAzjZ2crHvL3zXxcM4xuh2wg3iVKjXroxPZNgb7uqNycFfC8D5ZeXQaypVLu4VD9XqXwRw9NSxyVn4E,1786828919,2026-08-15T21:21:59Z,BtHnhjh8Ta2vGZkrL76AmXMur1ADo3tpRo2kQMe2BCSU,buy,0.00025920399999999997,255.93185279297177,1.0127852284556197e-06,raydium_cpmm
6f4gz36ifLtTcwgVLu5h7yradDowqMdodHB2Fpa8WHhxqK2273ozCsFy68ECrPgGCjsF7tLSXpm4e2rk5idMYrB,1786828919,2026-08-15T21:21:59Z,CWryqL8F79bCUPfRMnFHxXpJEyW5TixWe59hEuFXWYnD,buy,0.000248392,243.01430434000213,1.022129132170236e-06,raydium_cpmm
5bjfnLhnMrJGp2jxbT72JrxbeNr3LdpzEPXwuyZBu5R1fcU3Gm43CTSvVFS473uBAcp4cEXnAfr5211UYuUQpqmk,1786828919,2026-08-15T21:21:59Z,DNio5ketGczp2dsB3jJCm3XNsRETaAM87q3YVMPA5F9z,buy,0.00024978699999999996,244.68240776704624,1.0208621137888002e-06,raydium_cpmm
2XsChxxmaeLfwD6rbJQrhi3fDZkeb4avZ8V8T1Qpqww81FMPPosYeGDmqDeb7MGnGYvcj5rt8dwp82bhAJuwSr87,1786828919,2026-08-15T21:21:59Z,E8B7Edi7khrojzqFgW4iJJ2Lii2jvv9B9kivkwpPfHeq,buy,0.00023873100000000003,231.47104803100228,1.031364406178458e-06,raydium_cpmm
2Cnmf49bRsWErny2CMPAxLXnfc679YpHRMuHuXFQFjALcgLbr3Yq3NbXbyfVnobUcAuFU9PHKumMQ25TJUZVqomQ,1786828924,2026-08-15T21:22:04Z,3xqUaVuAWsppb8yaSPJ2hvdvfjteMq2EbdCc3CLguaTE,buy,0.51003928,600155.453578035,8.49845280850526e-07,raydium_cpmm
5Mkp2G6Uuo5knEUYKyxDPWuSG3FN2w1XyvDJGsggaeW5sG8chveSQX7pHG3k557tM61EcNy3ew4g1ZL3FqftnQpi,1786828924,2026-08-15T21:22:04Z,AJGU1reuw27UFzBYBNxFnqXKGWgNZgTBM6CjjdjMTKXo,sell,1.8989796700000001,2345427.901559715,8.096516924426345e-07,raydium_cpmm
3DuFnUbxjbjyrNccGmxahnKETtrfHXW4ZR9KE4f2xEr9EjL6XEUSqJciBMATBkfj7aaKNwYtKesb9FPEkBXCTLbo,1786828924,2026-08-15T21:22:04Z,AzYbZ251ivYsTMdgtQfBMouAtcoNgMxtB7JsU7ERCmik,sell,2.090645159,2558682.399200001,8.170788057375399e-07,raydium_cpmm
3NSPxmfqc6ETRZmXKA1PixtHv42VkRq5MUUKjTqD5614kSgMoWr2WFPNVfnR5t33s5o8TNWbPdeeJjTsMDZDzkBN,1786828925,2026-08-15T21:22:05Z,777777UupVYr364fUHXwqBRMnNaVcpAw2z3uhFkspnNn,sell,0.902277488,1121593.098039671,8.044606279915661e-07,raydium_cpmm
2ro2GzAUnC3XBhYKW8wRy6Htn9yZPLkZ3vAnc4WeVUY5fyVyKQi3hTqmkn2iQ2bSgGJWFSoUDvzXQ8VxHcY8vfJ4,1786828925,2026-08-15T21:22:05Z,FatpigGT9U4fzPZPu94Q3WeZvCKqewjWJbZoQRBQWYyU,sell,0.898700554,1126421.364019326,7.978369220495192e-07,raydium_cpmm
3BcP8cNmRXiDUXXfxGoBJCSyGJnBiWGJvibpgA4ZkkUebjXHtGRswgT3SNHLdDcXDih9gUs7mVvJyeaBUs5usseN,1786828925,2026-08-15T21:22:05Z,FwiYAjHmzpH2twsMxTnkj4WDPrXFNYqTQMn8soTMYGGB,buy,0.02203928,24392.062086607,9.035431248800058e-07,raydium_cpmm
3PF3KEjjbNRJvpPfhJgsVPe9zAaB2bZnkGtdM9BWMzZShEVbMJovLHcr6ChRvP3yMMX9JtyFSPLV7JzQYCNdgjiU,1786828925,2026-08-15T21:22:05Z,HACKERamoyuTkkbuVnSWPNc5a5TDQH3U9vpp6zbrRKTe,sell,0.906322493,1131280.885558317,8.011471815443129e-07,raydium_cpmm
2jMmS8FgNinBqKJuJUH45qvn4yw88oTpCNKdkaootiCxJmMGkSajUvJ58DryBmSSZZT5PugoyKgaa1YXg9TrYi3n,1786828925,2026-08-15T21:22:05Z,chrisBeZroheTb8QFUhvsFFgSsAourqQytMftMcyYi2,sell,2.351244496,2968674.338589749,7.92018331359628e-07,raydium_cpmm
3iMwSR4o9KTwCchrrfqYxNa3CmnqoYvChkHtuwxocQWzzYcHuzL9AmPa31fYrnFf7syg2VuaZArFXGu3QZr6GmY7,1786828926,2026-08-15T21:22:06Z,BfCP1ncxu7ZWp4B6TvQEcXGVSCiM2LhAzyYjG7zWyKdY,sell,1.504988908,1941188.899691456,7.752923521452301e-07,raydium_cpmm
4JnUcMLbBLuzEDPZxwn1fUGEzNs6Kb4ipozyabKk6cwR4ybPqW3ZQix33CnwAuEgz1a1GGkvefhz4hDfXtCenb6b,1786828926,2026-08-15T21:22:06Z,HPiAxtK5UGhaNTjNPqDn9WijfQhZ6YEqgHc5MeLZUiba,sell,1.482283674,1867595.800651705,7.936854824168866e-07,raydium_cpmm
4HfW7qU6Q5MWrTrxDGbvFV1E958xZZGumU6unrArFCumabitFssQnw5MnQVnknccZ2xh3k3AqV2aLdsUHPNWFYPH,1786828926,2026-08-15T21:22:06Z,HrtVLLCBM4LXfRGLGcXBYvkkJ9xnbiJ3ob1MxKdmNs7o,sell,1.377417867,1764824.556186061,7.804843048969806e-07,raydium_cpmm
64yENSkcnpQfb6giWVVSL5KKNyecSxTi2SwtVUofDetysjktsw2rXWTCeZCaPz5LPCAKcahQ2Lu7wQyS3TgnWoiG,1786828928,2026-08-15T21:22:08Z,BBQ6yYPAad3wTN5e8jUshryB9eWorKUYftk6pftQZ4J9,sell,0.772236979,1015465.832180091,7.604755911305199e-07,raydium_cpmm
5gUoJUm5RKqHe7th9PL8zo6CTa2QfCYpeW1yC1V29eky8ubWxWgAP83eSTnMg11DA7mkUxhBJvHB1z2CP8n7f3M2,1786828928,2026-08-15T21:22:08Z,BVmv2JfCyRsPhPJbvga1bZeCGUKCqNpUL9jjznf6CGbC,sell,0.343344783,453816.863428313,7.565712309724169e-07,raydium_cpmm
4hMUreShczbLb8sKEtukc41aqag8Pu4Qdtd9hgVjQuev52kFeriL9dgs3a6o9kYWodKw1QDfN6Vcqr3FeWWKfRCt,1786828928,2026-08-15T21:22:08Z,BtHnhjh8Ta2vGZkrL76AmXMur1ADo3tpRo2kQMe2BCSU,sell,0.795186369,1034524.772336533,7.686489393618157e-07,raydium_cpmm
2TcZAsB1Jtcz2fTu9MHCB1oNsQmwSEsqfeKLwyrcN46a8TxjejQ1c36C8Px8eG7DS2pnNQ49vqAXf2Bt1SeqFpJ7,1786828928,2026-08-15T21:22:08Z,CWryqL8F79bCUPfRMnFHxXpJEyW5TixWe59hEuFXWYnD,sell,0.712554019,933733.902119784,7.631232167776533e-07,raydium_cpmm
2EgqUyC8gXH6JsFeM8VyGhdtzNuChu695Yt1xKqfHUK2EavDp3WbNALPKtGgTxiPwEdafHtwYrcBp7AdE7MTevtd,1786828928,2026-08-15T21:22:08Z,CypyYaGszgtj77VMXJBvp4vWu9jn9mRCbv1JMrXuGZft,buy,1.145892391,1449206.391173224,7.907033794353667e-07,raydium_cpmm
31yLaTwAvPE85GdWS3Dto4VZ1ovaknbWSWVvBP5P2eJgGYwDNBf17ytoeDWxKJoxAt2Dz63gX7mM5hWrBBrruBrq,1786828928,2026-08-15T21:22:08Z,D57d6AUh7sdQuvXUmNeJwojL29b14uhA4hRqRdiKTvbf,buy,0.8971011689999999,1133751.787963456,7.912676994419135e-07,raydium_cpmm
5gQ1oW64WxndYqdEvwB5Pdj29hBbpxnSLWVD722jZpk2iPfcoMuVoWTDkkvXqmn3VMqiy1fFzG5CQ2RdNHLH4N29,1786828928,2026-08-15T21:22:08Z,DNio5ketGczp2dsB3jJCm3XNsRETaAM87q3YVMPA5F9z,sell,0.787817744,1028735.542205118,7.658117287474046e-07,raydium_cpmm
4LYopA5xpXg6bGqfBsgYWPRupSZedwi4pXqEPxeg16LL2eWkMvsgaUngqumNF8zzAMx6HgzNyrggJrNJwBkf9NhB,1786828928,2026-08-15T21:22:08Z,E8B7Edi7khrojzqFgW4iJJ2Lii2jvv9B9kivkwpPfHeq,sell,0.714259809,925982.034555231,7.71353851744083e-07,raydium_cpmm
5hDnKbnEWH4ATLLEJm92oUR9s4AAS4NoQTjsiKftE7GLpmXm9FbMCcSzLZ48T3PN2qNFMD6w3UsA67NXkyJ3HNBM,1786828928,2026-08-15T21:22:08Z,tronFPfm42zg7TowSTvPw3ya2tU2oYqvwKJ7i2xgBGB,sell,1.8328481989999998,2429268.063920231,7.544857754570902e-07,raydium_cpmm
4jn2qtNy3SUdnk5AK3QVNhNqmett1BFjw75PN1egkx9pJ81VhrigTLTwbeeztih1BwK78MEmRcT7GoYgGGPQQBey,1786828937,2026-08-15T21:22:17Z,313NexhpvkJjxg9xAnJyF1ztss8R88z9SZUTbp8mqCH8,sell,0.276300207,357895.67431424,7.720132620474272e-07,raydium_cpmm
rTg6gZdPctto6wNkZQa1K3JsDDtyNdAMh7Dp94nN4QaAV54H8e6HG3DSctNv63Q2uMsvWg9xrBq6p4pQHJY6zn2,1786828949,2026-08-15T21:22:29Z,CypyYaGszgtj77VMXJBvp4vWu9jn9mRCbv1JMrXuGZft,buy,0.525333061,613619.6459132021,8.561216455483395e-07,raydium_cpmm
3er3zchJuhDEiJv5DMNAkgxRscKThc99r7ZqLRCY8oLbuionjXo4mqKf2XvfgV3pZor1coQar8KUPwur774aJ15B,1786828949,2026-08-15T21:22:29Z,D57d6AUh7sdQuvXUmNeJwojL29b14uhA4hRqRdiKTvbf,buy,0.5135819389999999,600704.847669139,8.549655308972547e-07,raydium_cpmm
28XhLfH17R2D1KAVXuqMGiBW9JBDs83S1oE2Tk5P5cawPEdCnMyUvtD2v2JoRE4SABngFswiYfETy69cZp77r73y,1786828967,2026-08-15T21:22:47Z,CbpnbXAD9PUAwVcYjHY96qooq6eNnoLiZzif766gqLPH,sell,0.846589916,1057055.264119954,8.008946596607928e-07,raydium_cpmm
MALMz2Yq3uvQxQ6Pwj1t7UMjGvJQ5K3MgpmSqow7zu8sAMzbMb1627aPUGQhmuXuFWvThUKAkTg4nUCpB8aqTeL,1786828978,2026-08-15T21:22:58Z,GjGhvk8AdrQQnyhfGcaF3TNLo8tngc42QELQMoBkTGaD,sell,0.037381062,46750.396723736005,7.995881237307442e-07,raydium_cpmm
53ey9sS843SCe2PxEsgicik8jqUtgW2mBW6hvcnAn5i8yFw6kyQ1XUvRyCp8NJAuf4PHnjr3xeAeqT3pKLBPSoZA,1786828982,2026-08-15T21:23:02Z,2DCW6PvdpXwscZVanFmDLB7svT2STkUj2SuXSMR6C29g,sell,1.002350677,1254466.5848191828,7.99025409787601e-07,raydium_cpmm
3L7P24Dz7hBqpQUML9xxv1RG5a7W1x6UAV4VVef8K4BqoZmnMQeNaFxUdeQiVpxNYTc7AKi6Ybv6Zc1zDpsUCzRo,1786828983,2026-08-15T21:23:03Z,AeLQkoBgDQfWCmRi33WEDpqe42f8EQMf5Cx2v5AmnfPv,buy,0.25203928,305349.771196437,8.254117205080811e-07,raydium_cpmm
4AisaSFJ9XJdvHFkwMu5dPZFrmVM9FcnVSASi4mXGfCzwiNcVZ8oy52ssZWWTBXD6CjfzDxmS71RwzMu7ZsuW1E9,1786829004,2026-08-15T21:23:24Z,GRuBUh2CQu2zf18sH362TorLh13z95MTSUqibm3gbwGS,buy,0.004539280000000001,3078.948250274,1.474295646117483e-06,raydium_cpmm
5TDYDfEbjcSeR6n1shaKX7CACdco6eLVtikWhRWvsCiUcJ6GAxB1JAJ4MyBHMbYnGu6JEFXCPKmMJ2C61id3NmHN,1786829008,2026-08-15T21:23:28Z,AeLQkoBgDQfWCmRi33WEDpqe42f8EQMf5Cx2v5AmnfPv,sell,0.243219183,305349.771196437,7.96526494999509e-07,raydium_cpmm
5E8KUeN3LAQpGXBYxofTzNtphkJ4rwgqUkdzN2DbKxuJXntzzh7TiKMg8KYPh8frdBQjYxKUHJyZMaAX4BU3ZLiG,1786829008,2026-08-15T21:23:28Z,C4eNLxxC7XLUivghMi35YUeSfvACgnvKB18115uPUqjg,sell,0.168777984,211817.93748836033,7.968068521546933e-07,raydium_cpmm
4dLZJQ6jJPerRD8CiV3mtPVjGyxvCrZV8WdWsYjh3oWDKktZcoog8GqxUZChacMHZ7CHirbb15tGzS7DwMtmvJMq,1786829021,2026-08-15T21:23:41Z,4W1G7xANgXQK3zxMktXQDaVQL8gNvbdSwKJSeCA4xesy,sell,0.122886158,153379.117984269,8.011922327823241e-07,raydium_cpmm
55hLQqg376nPVW62uS7L9shWVWCJZG8SW5gWLecpeqLfyoaFA2ZgpmScg7rnJ6jB3paB7fvB8YJNXgkBTBpVsrxz,1786829043,2026-08-15T21:24:03Z,222rwqVEhc4iPDqQxk8ycUhnq6t5zPN6z3ofVSEfLTBV,sell,1.224733113,1575475.705268082,7.773735316290391e-07,raydium_cpmm
2m8q3NwvfZx8HrvA5k2L6Usp8RkhDnv5V2R21Uz8Win3Q3mJUwqj8C3qKxqDuFckKhtN59978dQBia2CjANFQG5h,1786829043,2026-08-15T21:24:03Z,8xZDnuQnDdKUs6EyoNN98nrYSUyHdJCZw1vrmvb3UUB1,sell,1.385927791,1772082.094839489,7.820900595045706e-07,raydium_cpmm
26Jwca1EUdDiASBA676Q3tpdYDwa7MPWqkt7PxUnNh8kNhsJLtXQh2onvYc8yeh4d2Nh7smnwhu8AXUn3CN2gr5u,1786829043,2026-08-15T21:24:03Z,A9XvNqVZCS29obqh6LGTABfdcJgNrzeXSbNxbweA1HYo,sell,1.4895196860000002,1891931.427808654,7.873010956455485e-07,raydium_cpmm
2amrE4WAoJ7hAVxshrpVz4yVzeydWFvDeZvVhVmoDegqCuXDiTmUKu4NUeNK8P2qEAdBjb6icjnsCsp5yDfFrwhX,1786829093,2026-08-15T21:24:53Z,3KEdzpSYJ7sXfHKpVhSF2Qj6ZAjd3Q3dugFCZ4umWvkR,sell,0.604664228,790586.017540158,7.648304100815772e-07,raydium_cpmm
3vPS5W52KqtYE2tZKKfcsorGKpQVfbddoVuUZ2g6H8LbffLbGfXeEKPWXjPnSVE7TH8QeubyZu4myJx34XRASMfV,1786829093,2026-08-15T21:24:53Z,Act5xzJ7DhXrdNKbRw1yTzQUmT4hYtAPgFKTP5WzPBva,sell,0.718239092,936183.535862776,7.671990207967919e-07,raydium_cpmm
3bY1UBcw2B3Q7kUcVQfXW1pXP9B4eD9SpKrRyxG66aQDx9rK94x2GM4Zi3XPduTL1zVwJNZhzwqwoxbCCSFaHNTX,1786829094,2026-08-15T21:24:54Z,28XmmbBDVXEWQ65Cxi1SL6196Fx1jK6dg6yTiFx5M6eT,sell,3.081855029,4061864.498806284,7.587291574856097e-07,raydium_cpmm
5vWrDExUvjnhcuTQiAszBxLvk2MJvBPPoNvDpHEQa1M67LPzRTWZ9FTnErwzCBsbn6JJa1FjHiB86VvMeSLWvxjN,1786829094,2026-08-15T21:24:54Z,HtBpTLs6cPw65ENWJToYYPaiUiPE2UznPLwkJQk3WWXH,sell,0.038799946,52690.177179865,7.363791142237228e-07,raydium_cpmm
4v4qF2LbUBLiLPsTd8SQNArtmDeAkWqYzoWcDdcyXXAUMq7KQ8v12ZgtzKbTs9NuoDiPLVRrgW5LCpLu1egkzWpK,1786829103,2026-08-15T21:25:03Z,C4eNLxxC7XLUivghMi35YUeSfvACgnvKB18115uPUqjg,sell,3.007451726,4024540.812278853,7.472782278227322e-07,raydium_cpmm
5ymYRsmKnzwXWuBBNixGi1QtECCWNsAggUgncMUC5u6Bv1EpiyzfFaRqHJpWCW9mui41GD65iozWacZY5idN2oFq,1786829108,2026-08-15T21:25:08Z,A1igHDVAzKcGUAbVMFV8HrCCSUfcs5YzVfW3i9895pdW,sell,0.53187674,741753.030727421,7.170536795493778e-07,raydium_cpmm
2CbGAjmNqtFbNxmhcwX6U8YFfiAPrVHqAaSiuMn5zJNd5EVZv23eZZvPpV4ar1JGeo5zUtjDeByz4wRdMrwKGGeR,1786829108,2026-08-15T21:25:08Z,Ebux1vXaJYiugKxnBNgQbsBjbjjFK1K2k1zXjkD3tqDk,sell,0.57140417,798616.437003734,7.154926238981584e-07,raydium_cpmm
4FfCTeZxZ5dYRdxuo1Jr5o5WAA1PiuTxWkNZpoDbV4pKKhxHdXsFuEkPjxtiP9wrdNUacp57ZxYa2Rkn4AKFwHGK,1786829108,2026-08-15T21:25:08Z,GpNHGPQXQEnrrbL8paxGdEWrNEvdFcZFVtC6ztMoYuYo,sell,0.563378569,791622.282796813,7.116759864434026e-07,raydium_cpmm
3NjhvaFRKV36zEugUZe8fyanhbQXYqW7Bqs9c1dpHjaV1Nn2ycwwpSpr9XYemrpSq4KFxASzU63C2tPKYwRomLCb,1786829108,2026-08-15T21:25:08Z,ZZGtLggQHdZ2LgkDtnbJ1eVQMYLpQN7H1fjCGZAw8G1,sell,0.513282167,719819.731391494,7.13070432242482e-07,raydium_cpmm
4FBrbs2H4KspXFCSrLf8MooVQx5dWBhWSh5JQ5EZ7sxAgw3BnJ17WvXxb5WuBRiynk5ZPmgFWA3ywtLiyH5Xr5eM,1786829150,2026-08-15T21:25:50Z,2AwjJTdTWCu6QjyZKvF6oVEd9TkQP1WYvVswFvDEySxn,sell,3.247156795,5060860.672410905,6.416214563466952e-07,raydium_cpmm
4n277GKjCD6zgvazr8sZk3pgFVnUCWEXWJxnh2zmdUDWdgWdWJoEDqUmuVaafaunRFUDsB8hBX6kaat667ThnPrE,1786829150,2026-08-15T21:25:50Z,5kidNviTucvoHuFGuPQUikWokMxsLZMncGrS5gK9Cujs,sell,3.432141557,5258114.407117822,6.527323848933311e-07,raydium_cpmm
5da3prWh1RVkmTjAKFkiVBz9QxJu5DJ8sF7KLny451oK9t9RwJeVTKGyvhAAdA2yNKwbSAvNUPdHGqKjHw9XUjxR,1786829150,2026-08-15T21:25:50Z,DenZLNzBtE3L8T1kQFKh8oE7FCXBrdsM9xwCbsnKvdJq,sell,3.600550509,5418356.001356919,6.645097716167623e-07,raydium_cpmm
5fGk5kqpHKPBCiz3Ugvogvn1bhDsmw7DaBd4GUpU8QzuGRbMaWiCFpBybHv3dK5R9632pPB561YCWRqj3TEdZ4tu,1786829150,2026-08-15T21:25:50Z,Hedt6aVyFRvxpQJkrrqgZ3e3JxUNb7ufCVyYXMnHYYE4,sell,3.6498631980000003,5393656.691813005,6.766954974238725e-07,raydium_cpmm
4jwBA7v332q7VjPvpdSKc2yNue1S66ivHSum2bgtwawP6QgL6mBSyZ9wsmcLgQ4eA8MqjXpxwgM1vQEAzS7UBeJv,1786829160,2026-08-15T21:26:00Z,CypyYaGszgtj77VMXJBvp4vWu9jn9mRCbv1JMrXuGZft,sell,1.308440152,2062826.037086426,6.34294956761388e-07,raydium_cpmm
2peGbb9N8ZJAbgM7BHi78gtmDz7P6ySYBj8xDvnKUEVnkrDgoF59uThMXuX6Fd7jYRxETTGuuNafWJkLFwa6nyCp,1786829160,2026-08-15T21:26:00Z,D57d6AUh7sdQuvXUmNeJwojL29b14uhA4hRqRdiKTvbf,sell,1.0931457569999998,1734456.635632595,6.302525727899246e-07,raydium_cpmm
2fwkEJCq7Yxu7vSc1DcWyAdvmwzfoYjNQb1BtsjYWQuJ2EJCHSaBo4YMEr1QeQFiMuHtZ7LTx7LvgB9ktpdiZd3s,1786829213,2026-08-15T21:26:53Z,4fNDW8qeWdWQMdtZ6ro8kkK49ZAHtiAtzcJbFvgxNcVZ,sell,1.032602821,1663366.064196718,6.207910833498159e-07,raydium_cpmm
2Nbjq6PCdkFg93wqDTVxtGAHSmb6nfozug3Rjm2gGWo7K4BPfwZY3N2nsY6g2pczUCCmLbpLsb8civfn4HsoCxgS,1786829213,2026-08-15T21:26:53Z,9bPSz9QGH62BD8YQarZEnfCmNk6kXGMoGgTxFVxcYZfU,sell,0.953738105,1520766.783042672,6.271429095076694e-07,raydium_cpmm
dnUuVzkxbWyNRfvMNsfjVsCZTGoV8Nscv1ei1Hw9XdqGJ8PrxACANz2hd66HrECgW38TQT4uVfC25v2RbcXeFgn,1786829213,2026-08-15T21:26:53Z,HbYd46DFHe7vLRGKW122XDPiUzcxLw4g8hPUtwfCNpV2,sell,1.008521903,1616083.573952969,6.240530621403061e-07,raydium_cpmm
V79zQ938XyEuF4K8DB3XCigkMVy6PHyHmUbwhXXPLEsS7riDRjQ8EdhDbZkb9eKeekHivqsAtmS6UvuRGc7pVHS,1786829214,2026-08-15T21:26:54Z,82FGz8pkSNcWqNioVgFTC4vVseRJWDhdqjysjXfwR6m1,sell,4.231781829,6824559.004963328,6.200813599710007e-07,raydium_cpmm
F5KFQ914kChyCvi5jy3JaoLDLwAPegnAvXJFvMTe1AjGzSsqTaWUfRRo8ePNZGzBxzTi1NgqGHTN97vYAQjnk1z,1786829311,2026-08-15T21:28:31Z,UGfQVLpznwXaXCPfobLzVECmZuF9WSj1cmGKry11piL,buy,1.0020492799999998,1627158.76868437,6.158276004069358e-07,raydium_cpmm
3wGtkCnz457d5m1TzTghDiMffZVtmLyx1WVAVPjNKQaqav3XYiqpSP4V8AF8r1zNLZiFGnoaxFnpiWhU8HwPTkwK,1786829365,2026-08-15T21:29:25Z,GG33KgzDhbsCLzxwVpzJ5Pt2ubP5FyfDk8beZ8hXkwvB,buy,1.0045392800000001,1645338.614962758,6.105365004289635e-07,raydium_cpmm
2zt3x7Twu43SyTq2LwaYbrNQ9eDepL2oy1p1KU6nVoUZ8QJGzbmBfxycPmbmTxbb6wg1NUYw1w3uRQHGvfWYJfzN,1786829372,2026-08-15T21:29:32Z,FCgDhFHrwS5M6LQrKt1TJ21YpF1t8Dx4KxNytbMT2KVN,buy,1.0045392800000001,1636824.617284994,6.137122263387219e-07,raydium_cpmm
3Bc8J7T4nERtYTuW568wge1SPySR49X3H8M21AZxnJ4BzpCe6yoYvugdPmqnVqk4MWYjtQ8itbKzELCxaHurVdej,1786829377,2026-08-15T21:29:37Z,8JS3bkVtpQ2b1eTBtsadyQ7TkE7yxfdb8CpDa9zqwAe2,buy,1.0045392800000001,1628376.55701041,6.168961814607961e-07,raydium_cpmm
4dhthisdCnspCQeWcHhetG5S5YNMH9e9NaHqkWqYamc9SMU55gQBYecpVNMsb36zgGiaypqpnBqLPk6WhVeBZw8X,1786829395,2026-08-15T21:29:55Z,UGfQVLpznwXaXCPfobLzVECmZuF9WSj1cmGKry11piL,buy,1.0000099999999998,1662743.51429675,6.01421681336673e-07,raydium_cpmm
3KAuTiM6JuXuFZxHuNimCRmD8HbVouvcy7CfvHwjL16LXcsGJY3TShTkufkgjsxST29z2EqNLro5kbtGnVok7Y8y,1786829415,2026-08-15T21:30:15Z,3D9RV4qbFUiNVbzD5EAp8zW1FWbZoS2xgp3rMb8qS3Qv,buy,0.340433725,542244.795683651,6.27822945853797e-07,raydium_cpmm
5btLwK59EYRa8DzunRVWGz6fLbQQKXaKA5axfWLZaZABk9DGsKehN7iFKKjJyrSnVAtv7yFrj3UPTHRTw6RQPpL1,1786829415,2026-08-15T21:30:15Z,GHDHsxfoykXxJfxrynpSVwF21MDTPVn8fXYwxs12zco4,buy,0.32916648,524520.925340288,6.27556431207106e-07,raydium_cpmm
59nB2zHXLjsKA7pi6YadAHjBCyPAo1wMGY7K512vYGf5ftdsuBRH69nVe5hAFKMqeGkCHphPqwLhiM8XNANRLoAp,1786829415,2026-08-15T21:30:15Z,GpRBMwTQzVYht8YRKhuG259MsCGJAy41WYxYamcVAuSy,buy,0.366517636,587325.701059901,6.240449470175988e-07,raydium_cpmm
4rCkRxicezbJXgLw4ig6CXWEpJkeD81BKBvUhWWAZmippVPMynC8ibGhYSfwEZRKdyUvc9RPnswerF9nXQ8kVqzm,1786829744,2026-08-15T21:35:44Z,2DCW6PvdpXwscZVanFmDLB7svT2STkUj2SuXSMR6C29g,sell,3.481670598,5958716.2778911255,5.842987710151914e-07,raydium_cpmm
3yuDyR3dQAzcti56YGJPkdNpGoLma8rkcaMQQ2yBhuWCw2xxsi2GKXsoo2RasHm6jubTbFYkqVDSMwP2Uio1oiCK,1786829808,2026-08-15T21:36:48Z,3xqUaVuAWsppb8yaSPJ2hvdvfjteMq2EbdCc3CLguaTE,sell,0.344190327,600155.453578035,5.735019567813471e-07,raydium_cpmm
43Wb7BJaRq4XJXEr52UKUhvVcChFKwVKwoSW55zYtHArrNphjpYRWQ7WSu85ukkTCMJid2uAvJGqdS6pDbKCtRUZ,1786829878,2026-08-15T21:37:58Z,8JS3bkVtpQ2b1eTBtsadyQ7TkE7yxfdb8CpDa9zqwAe2,sell,0.935998243,1628376.55701041,5.74804543193885e-07,raydium_cpmm
2WbSUPnwr729VwnsLJmuVMVTCEhhLNtnEAnnT6gA1atoLd6PbD1kKJPSesphu2qaF9oHH98c9wtVuWRfhHhnpexv,1786829878,2026-08-15T21:37:58Z,FCgDhFHrwS5M6LQrKt1TJ21YpF1t8Dx4KxNytbMT2KVN,sell,0.931337017,1636824.617284994,5.689901087538698e-07,raydium_cpmm
2VTzVgvZzRDWX1L98myDs9NSFychzGkzxmYV6yDPi43CRtYq2ggEAu3JmVivmBHpT111iLXECB6UwZBQRfHaSJYh,1786829878,2026-08-15T21:37:58Z,GG33KgzDhbsCLzxwVpzJ5Pt2ubP5FyfDk8beZ8hXkwvB,sell,0.940972249,1645338.614962758,5.719018811342361e-07,raydium_cpmm
3mBD2RLc92EWvXMLLaHHmxMNPy2AEBrf88gPbjbvjsM5L9vRk2cvNxf7ze4bAW2QZbrWkgstC9iqN9FikTYGqtmH,1786829916,2026-08-15T21:38:36Z,3D9RV4qbFUiNVbzD5EAp8zW1FWbZoS2xgp3rMb8qS3Qv,sell,0.29832034199999996,542244.795683651,5.501580547654383e-07,raydium_cpmm
2UU3zK6NmYPBZM1UgEpCaJ4L2WyHb16pJEdrdBBNtnDwqk6RJnwjRppfCs7pAWARFzcPh6Ddf3KKWzRr6B7pv8YB,1786829916,2026-08-15T21:38:36Z,GHDHsxfoykXxJfxrynpSVwF21MDTPVn8fXYwxs12zco4,sell,0.287214227,524520.925340288,5.475743924108786e-07,raydium_cpmm
vNWJoXK64v8puUPqaBrafRdbWucFChPVEozGWzWdEkJWvkLSaY3ibaqhm3Sx3Rt9j9rpXAznknksmYYgcjcq7v2,1786829916,2026-08-15T21:38:36Z,GpRBMwTQzVYht8YRKhuG259MsCGJAy41WYxYamcVAuSy,sell,0.323372357,587325.701059901,5.505843800406402e-07,raydium_cpmm
24TAmL3E74x9MvXFWwuTv68LT53d8apZjmVvAGogD54qtLxk6tdvRwUXXirNLhoraSM6deJishA4qp3dZ4my1xaC,1786829925,2026-08-15T21:38:45Z,3o7YPX68tAMJdYH6CeqNpvcNe9ZGcgFzBzVsoUQZgSbo,buy,0.10453928,173935.758180986,6.010223607455308e-07,raydium_cpmm
5RZ5WsY1Di7CdyRskrarbUEJDBRAN9EDU43S5v4nZb7srLsYW6jycfFX7UaTDDaACNqV2UCfJ9V9NNYznZbfsNhD,1786829933,2026-08-15T21:38:53Z,3o7YPX68tAMJdYH6CeqNpvcNe9ZGcgFzBzVsoUQZgSbo,buy,0.1025,173842.430709234,5.896143972551776e-07,raydium_cpmm
4nKPYxBFzTNaAupeQKXoJdkoV9Q9zvoMdfn1nbMz5cQteBwzwQ5hHnkeQtnVs8UsCxveMHjcXWUfC12UuKH3uwHH,1786830256,2026-08-15T21:44:16Z,EXgjdaTYUSoS33cKZREWNfCGba6i4PGhsW1VpDqDqevz,buy,2.0980798050000002,3528013.94074479,5.946914723803727e-07,raydium_cpmm
3gx63yYvfGHuJpqzjxRK1KfNevLuicvunsBgcnjwCDwccN6jLwPpr6UXKgFeSxHSuR3wp634sb5KkC3NjkA8Qnhz,1786830256,2026-08-15T21:44:16Z,FYTiZbk17NNPQ5j1aRH67mhJZH3ggYcmwbQqqEN9GAk5,buy,3.00353928,5121035.087859942,5.865101934412181e-07,raydium_cpmm
5PrfiSYnfUg6XTcG2KrqSKvj7gemQZGxkrxThDRZQSD2oHMuHjaAdU6iwN6uUjzAj1zYmQkvaLRcVUPK6Ygbrk3b,1786830345,2026-08-15T21:45:45Z,EXgjdaTYUSoS33cKZREWNfCGba6i4PGhsW1VpDqDqevz,buy,1.39786035,2306370.5596727463,6.060866256454228e-07,raydium_cpmm
4kBYtueD7PXFi6e264iPg3dY8YwGuSB3K4ZCS1PGuyHqsYnEoYjfUyqHnmYdrvdZGb5NG3YczGHgL5tChQBP3QAJ,1786830345,2026-08-15T21:45:45Z,FYTiZbk17NNPQ5j1aRH67mhJZH3ggYcmwbQqqEN9GAk5,buy,2.0015,3332477.3976132907,6.006042235825719e-07,raydium_cpmm
3TN4Csq1P75r5qyQcdzM5NoCjPNf93oEC9WXQBapsuXM98CKcmsKRAbahUsj9A7KXzFuUHraYL9WWm6fNmqrrMuu,1786830565,2026-08-15T21:49:25Z,FwiYAjHmzpH2twsMxTnkj4WDPrXFNYqTQMn8soTMYGGB,sell,0.014675869999999999,24648.104780456,5.954157583603265e-07,raydium_cpmm
5nJCMuAv1Q8Mm54hwUi1njYNdqdoxVbpBMQ2GQtNwnowdUNZ1Lmbtvsf7s45bDsFGe9YjavoWiZUSU3Rv7JwjtnK,1786831257,2026-08-15T22:00:57Z,GjGhvk8AdrQQnyhfGcaF3TNLo8tngc42QELQMoBkTGaD,buy,0.0304,50081.26512616,6.070134195575768e-07,raydium_cpmm
4vyrSBPWJUCyHEUby6s3cfdjYqfEfMgECg4m44g7gXB6D6DkXb73iwNkR9pNf2JGzGLevuU634Kr1nBT1ji4CPq5,1786833629,2026-08-15T22:40:29Z,23fm4Acq4eYbJ2c7TBqT5EcLbHJNDsRi5r24AN63opkE,buy,0.134470873,219136.284349736,6.136403809119436e-07,raydium_cpmm
3c7RQxfyQx5tWKhbjmJio2ZpsEGtBJRTdkDS4cb12Agr7eGzFxaVRGgzbxLSFPaL7nhcA12Z4k7vTJ1FMGPsbo3k,1786834066,2026-08-15T22:47:46Z,DbRmXgZLx3fF3W4xdan48oSi8HvaBBvvojrYHLV1PgkL,buy,0.10453928,166797.322131667,6.2674435454952e-07,raydium_cpmm
2Y6WgH1i7MuDTRpnvKC44Jwm1rNECZ1TdptCG7e3PGSkWM4JEUzY4RJL2GKrxBkAmLyjp2YArxcUF2cSgL7MoYvu,1786836704,2026-08-15T23:31:44Z,GRuBUh2CQu2zf18sH362TorLh13z95MTSUqibm3gbwGS,sell,0.001836872,3078.948250274,5.965907351110997e-07,raydium_cpmm
urFeepQFWYvPN8s7i6quminkpezA1cS6bMyF9fGWALjSgWtRhEusJYBURRmy6Abm28UCxV7bSfvEaXSk36AmzVX,1786838278,2026-08-15T23:57:58Z,UxDh5iCXxKKfdKeeXptm7PN7YmHb1r53H4fi9WzhFbT,buy,0.25503928,412519.439317681,6.182479071091589e-07,raydium_cpmm
3qNuQFRjhCyUZ8PS8SmeUL6QainaDzxeSuACRCvtQxbWEL3RPQ1niLsSdeUfEYzz7sCtCXB2i5CzeKtNqsodcMUZ,1786838988,2026-08-16T00:09:48Z,797CrVjYgQRU7V6CVhhz8hSNDTx5wF53apb6mf9wqPfZ,buy,15.00203928,24038888.37828987,6.240737526594084e-07,raydium_cpmm
47JF3NxYAjLzinoCwqDHbo2RSfaMKd6DfLe8iMFdc26HckMzmDKnXuYRuX1riVbomWfwz9m1i5Rg9qRpViAFVgGB,1786838995,2026-08-16T00:09:55Z,797CrVjYgQRU7V6CVhhz8hSNDTx5wF53apb6mf9wqPfZ,buy,3.5,5349009.438488323,6.543267571778917e-07,raydium_cpmm
2Rt1BoX4maPC1ZPS2WVdnwuFY4qx7HR1G4u3ApJsxz2Qiuhp92sKi3DBq7HbUt2RMMaBp1d37GvZvk3d1DNM23Kc,1786839041,2026-08-16T00:10:41Z,ATj6HNyLtkdm8LMiTf6LftgDLDK378dAjDv8bCBhkoD1,buy,10.00203928,14779019.721823383,6.767728488264026e-07,raydium_cpmm
47wioA8mVBu2w7ugHnfhQ2iEogYVegAeucHod7bu3Dkd5VJUA2JjZZQ9YJMCTD4EtEWATnqv4EWg77nQPmxoyX97,1786839051,2026-08-16T00:10:51Z,4wE2d6iZk4LnyxSCUdGDMuyEpGijzLMZYRv9F4Mops3,buy,0.15503928,216184.074679885,7.171632796244345e-07,raydium_cpmm
turzEtjaM16ngxNdFiYTgozsAgarAbgvBaW8PCqc9bJGZit6zmCSoHwt8krhq5giQSF3UcHLFYwh9R3TfbgKMAs,1786839053,2026-08-16T00:10:53Z,ATj6HNyLtkdm8LMiTf6LftgDLDK378dAjDv8bCBhkoD1,buy,5.0,7116676.34527057,7.025751569161607e-07,raydium_cpmm
5M2UHQ4TjRFrYwa3a8YqSFCzwpNx8Y2kdFh1Mr1bExZhLFZctk5qZk1x8s9J4b7aYGF3iUe8BmZx9FBTAfcgsLnH,1786839107,2026-08-16T00:11:47Z,Gue8rnckLCrNEksmCh3KCMu8SEjcPVHV1n1MUikmAn21,buy,0.15211928,208737.894556648,7.287573745203094e-07,raydium_cpmm
ME1h2LUhLyHqu9fY9MCNxZ9X3asAnNutGc1Gyjvt99haMe1viBiRTqTQeFX6edBpiQZ85m6pUDn5ZGUuA9oZ1Nm,1786839131,2026-08-16T00:12:11Z,Gue8rnckLCrNEksmCh3KCMu8SEjcPVHV1n1MUikmAn21,buy,0.30008,417027.66710479,7.195685650386271e-07,raydium_cpmm
EypsP7cF9dpoeex65etXuuUWYnS3s931XSQ6pFf3ARAvwPwhnJqzRqKNMxoveyju2diJLfMZUzY4SNRiDscLvfJ,1786839205,2026-08-16T00:13:25Z,5GQehHSu8aV8NEKLdDuSTg3iAMzfeqc4zXx6e24ExdC9,buy,0.209039281,280490.398814917,7.452635879274271e-07,raydium_cpmm
3o4cekJ9HMvapEK5gAtPSyzBJrV5BN3oPqzMLeRU6KtuGggCLWVJ9TcZccdrr6NH1gvBUWAgdaWQd8dzRJ7LUjHV,1786839210,2026-08-16T00:13:30Z,ATj6HNyLtkdm8LMiTf6LftgDLDK378dAjDv8bCBhkoD1,buy,2.0,2790121.7260450497,7.168146039402253e-07,raydium_cpmm
54hSB875iXuJXPSNq3H5YXTyrtLbRrrkm3QnoyFgVjEGKpYPf1f8wtu98LyWWwPbzCoMZ9XwfaAXvn9jAFuJhhjT,1786839213,2026-08-16T00:13:33Z,ATj6HNyLtkdm8LMiTf6LftgDLDK378dAjDv8bCBhkoD1,buy,2.0,2763491.3411896937,7.237221880127159e-07,raydium_cpmm
7yh99TpF2TWbSXSp6ayVRAqKYr6hbUze4n8cpo7Ga26cfskdauQauxUKmzfpU3SPQdiWQDdPUSBdbPegzfpEsM6,1786839220,2026-08-16T00:13:40Z,2z2q5gk8TDgqCidzkXkyevXH1aDaVjWL8cQwoRbMF1Jq,buy,0.5020392800000001,639360.287465009,7.852212435503757e-07,raydium_cpmm
2FsZceE5ebQ2GqPnvvBy1XPTZLVsAzVSrdmeiUzFUB7XyS5Dvzvxqb8TiM9Bi7sgDcJtR5MiikzVezPwpwssEALE,1786839220,2026-08-16T00:13:40Z,3883isRkbz3Brq8DcJNrbnq1QZqwmzTxAC3qAzs99Zvz,buy,2.883409597,3887562.487096051,7.417011576201987e-07,raydium_cpmm
pEUAGqzxNkqfJeNuu5Sviz1BnL4s9yZjfunWtzQwqYQ6sLjYAsvTcmMiB5dZz6WGcwqhsxCHdD6nw7r4SKXSKCw,1786839220,2026-08-16T00:13:40Z,8wHRoz2w13bvDuLFuceTdmL9r8MPH9kRDHZt9ehEHa7S,buy,0.20254428,253212.37490615,7.998988204074563e-07,raydium_cpmm
Lb8nZAQeuMQbPRxpSeifL4Tkrwp4iEwDWgUhd1vrCcUJqMeJ4Lwo1oKVEaDVGH2VoJ23CBAiD4ZYyLSVGZ6oqgq,1786839220,2026-08-16T00:13:40Z,9W298hjW9MJ9mW3H8LHxzdqV5N7jKgnN66gQzPACg9ZT,buy,4.038916791999999,5165467.14711773,7.819073622902949e-07,raydium_cpmm
CJJQzByKPqZM7AQ5amErdcpDJManyyb8sa2fEr74agKQeysMtZ6KhUUh8uXeYNQniyXUajKgrELvovUuv8bH61G,1786839220,2026-08-16T00:13:40Z,AaJsuS3A6zQsV2jdwEVoe4vJ3mjKXRw41siqweSKNchk,buy,4.065585314,5297386.907987347,7.674699591736354e-07,raydium_cpmm
2QxZXMoT76idCxpF2UR96XsaaeRZU26uYcuD7saLuBhoWLzY6YScQUjqqLYB8Rq6TV1yaMTnq2qddjR3ws4pdFPg,1786839220,2026-08-16T00:13:40Z,FiN6YjR6Q1ovRhUHJsGW2VuLKWgqgQ59Yr3ck6pU7jbm,buy,4.0459302169999996,5371845.175036486,7.531732738318392e-07,raydium_cpmm
3VvHTswHeSvvZCFYFq2gmS53yzjXpCZvWTL4jfaLExLzZiMAof2eZcQzukWuU6NvxqgMGVqsdhEEq4dvWv3FB5Ti,1786839221,2026-08-16T00:13:41Z,3883isRkbz3Brq8DcJNrbnq1QZqwmzTxAC3qAzs99Zvz,buy,1.136323952,1419998.6691055992,8.002288852254526e-07,raydium_cpmm
3AEcqHp7CBEjTZRUiXhjgoUjKruAFjor3DECdwhBsjzbYAnnJmYcJhkDXUreWaaPhvXMxiXoKvb7CutAPWhSFzm9,1786839221,2026-08-16T00:13:41Z,68gwUiYYRgbUU1PsRfuRYzVVZkvJjvd7zDvv8yqkbe42,buy,1.0042785600000002,1269233.000949853,7.912483832743322e-07,raydium_cpmm
4R7sjmAv3nVQtHVgCgPsDr2GwiKaphtSXgfh9g1jTk72SzCodbJNGe3Q7YpqKWM5exuTv4T3EBibEJ9aZtT1V32Z,1786839221,2026-08-16T00:13:41Z,8wHRoz2w13bvDuLFuceTdmL9r8MPH9kRDHZt9ehEHa7S,buy,0.200505,245637.349511296,8.16264303449421e-07,raydium_cpmm
2QrHW6VwYydRx3r8qjju4Vu9t5mivJNu3YvDwH6TpAuLairTM3gpSRJF5PDGnVbM8JGejFkML5LFiNjzZpM2kw2s,1786839221,2026-08-16T00:13:41Z,9W298hjW9MJ9mW3H8LHxzdqV5N7jKgnN66gQzPACg9ZT,buy,1.050565553,1305770.9711304335,8.045557576536589e-07,raydium_cpmm
94xKZvHd45oh8ejcLzComTfPg9KuLfMat188QcfLNQDL5kRbJGcuvf5DcZMsQtqSpSazH8H6wWVGtKPGPv49Vss,1786839221,2026-08-16T00:13:41Z,AaJsuS3A6zQsV2jdwEVoe4vJ3mjKXRw41siqweSKNchk,buy,1.291674656,1587786.1840230916,8.135066730000057e-07,raydium_cpmm
mxeRYv18nWwoKahMv7yDmLGnTZNi6bNt3qJ1t2ToXWGTuDeifuXobgwwLfiVC9BupyUN2JKPZwaH1HSJKbEKMwN,1786839221,2026-08-16T00:13:41Z,FiN6YjR6Q1ovRhUHJsGW2VuLKWgqgQ59Yr3ck6pU7jbm,buy,1.547120639,1915525.0903880866,8.076744318115679e-07,raydium_cpmm
3aZtaBWznaHKmnBTMnpGaaUM1GY2TxteCex1ULbGRtpE4JVgGrHuQCsRESbNUcuL4y72Hgy6v5pA9mQjshsXTdpe,1786839222,2026-08-16T00:13:42Z,68gwUiYYRgbUU1PsRfuRYzVVZkvJjvd7zDvv8yqkbe42,buy,0.895082979,1104677.0951220351,8.102666226650775e-07,raydium_cpmm
3DG19ySmHwxfw86cQRdnG4HsGAY32QCHWhAYwYd6FXRRFgYdLtutHDEASUJNE2wZohKYXeCUayyhzTFY6GLwpUFv,1786839223,2026-08-16T00:13:43Z,2XJEETjrL7aeAq1Ua5hHwrUmbExK9rTJom19zAphowU3,buy,1.0028800869999999,1217559.387385815,8.23680633068136e-07,raydium_cpmm
QAhaUsjLT7M5hg7ZdQHb2hTAbf7avNThahjhjSP5PjUkTb22sEVAWEN7szmHrVYnUKfFcrsWnEbMmckAKQzbH3G,1786839223,2026-08-16T00:13:43Z,FARMERLBMZm3N1bNjhcUfDkJSdRMDgLHe4HPgArtnDAo,buy,1.0028800869999999,1212137.879602647,8.273646949543032e-07,raydium_cpmm
2Sc1c1emVGJngis4BosakFnNc24BSMgdyxQbsJDDAGnDYNVAShE1fiADQVGuXbjkTY8LmUMd7V7Ng8seU8pHTFVB,1786839223,2026-08-16T00:13:43Z,Noob3sJKdLH1w2zxhNBdARVt9ZsWjR3tJBr6mBfPVuX,buy,1.0028800869999999,1223017.362581177,8.200047829929596e-07,raydium_cpmm
Z59rRX3o4QJee8SyVtCqJfj8gZqwTot74GPqk49HFhu24KAztQ71JBSNLAr3fzTjXGSMftBuEppgtkYMjEPoXMV,1786839224,2026-08-16T00:13:44Z,2XJEETjrL7aeAq1Ua5hHwrUmbExK9rTJom19zAphowU3,buy,1.000961011,1188183.765858354,8.424294623120838e-07,raydium_cpmm
2dkYPzCyj6oiQMS5vms2Scz49HDyHJ9red9LXg9MfPdLuY8EFRUVro4ttAXruoixS9yvQzrF6ikcCCh3SqtVRxwo,1786839224,2026-08-16T00:13:44Z,CHvWpTWTZXUMvWfX7jmy8vhHbAqn6YvLc8wBxXYi4KiW,buy,1.150061288,1342126.069868233,8.568951261880417e-07,raydium_cpmm
493HA1ToQ3A6Mb9cyd5DsDcPbqi4u8WMFxyM3goFiByQbdoGbH8RDhQMswwYgDB3B3WKRBzLyH9RbMAd6TKT8Le5,1786839224,2026-08-16T00:13:44Z,CHvWpTWTZXUMvWfX7jmy8vhHbAqn6YvLc8wBxXYi4KiW,buy,1.2215841600000001,1466886.879897118,8.327732538487749e-07,raydium_cpmm
2mHXbE5B1kEfC5h4ck3Ucy6CRi3d3UPUWAF3eozRJDXQGCcJUNEYaEKZ91iyaWTDE9cEnTYCfM8kdRYfpgEyU8ku,1786839224,2026-08-16T00:13:44Z,FARMERLBMZm3N1bNjhcUfDkJSdRMDgLHe4HPgArtnDAo,buy,1.000961011,1182957.128895183,8.461515523684637e-07,raydium_cpmm
2MqL6uYHmfDqhvjazi5SoYPFPBKBTTGJYu6wfqCLEYX3r1uRhUFBbQfHzUpYaeC2XSSWvhPaJa7sV51ZWmHc7bon,1786839224,2026-08-16T00:13:44Z,GHJFdDSYx1kGg7nLTDZ7B468SqHsqySZwHRSxs4DgEVk,buy,1.2892868,1539976.877105837,8.372117914023666e-07,raydium_cpmm
4G2VzhTyW6NfyRqTa8r3c2BjeFxYkYoVukpF3mSAhmzcZeP5kHPoKZ63KXBc1vvsib7DJJWqjXo9w7jy3trksTGU,1786839224,2026-08-16T00:13:44Z,GHJFdDSYx1kGg7nLTDZ7B468SqHsqySZwHRSxs4DgEVk,buy,1.356646646,1592627.119468975,8.518294266220599e-07,raydium_cpmm
52EV2qgiBuqW7CHpyMedF1o9a8ZK2wy4Lhc1U8KK4Np9stbyWsBYLDFvnC4G6eT5suw2udap6s4teDucZZ8xYyRK,1786839224,2026-08-16T00:13:44Z,Noob3sJKdLH1w2zxhNBdARVt9ZsWjR3tJBr6mBfPVuX,buy,1.000961011,1193445.1308885699,8.387155681424102e-07,raydium_cpmm
5eRn5vRazkMMkqSDFMNbv9cRg4E2SnwQtt3dfM1q2A5APSpauW83jQjZrmTHvGZQnspNBrhd6n6vE7gLucQjA6Ab,1786839225,2026-08-16T00:13:45Z,1jr7nW5HbUqTQgyNQjDy6Yawpswbn4jp1fYtCxHckUW,buy,0.951639609,1061738.875521769,8.963028772327253e-07,raydium_cpmm
PZ3Yu468BZb7PX8rL4WNZpKRVyo9tvayggbhvk3LN6UFKxJbiCCZ49rG9TZVj48h91mJ4xnRqCD41hKPXAukrY2,1786839225,2026-08-16T00:13:45Z,2XJEETjrL7aeAq1Ua5hHwrUmbExK9rTJom19zAphowU3,buy,0.33429434399999997,376698.833787411,8.874313218305797e-07,raydium_cpmm
56paLfKamvhPzscoh6X2oe8nUeWqyQtHE8mxcjzd7sBKoKbtnTvyhiKtS2XgBvNDqpaL4d9kDAQqZcmVB75YW6XA,1786839225,2026-08-16T00:13:45Z,3D9RV4qbFUiNVbzD5EAp8zW1FWbZoS2xgp3rMb8qS3Qv,buy,0.9135755,1047920.516490858,8.717984671769425e-07,raydium_cpmm
46KKfVb72evwvDpfdrF8j5Qt1FjLgqBBZ163AJNuRwpxTbxNL6CCpRz8NgMFLw7ZxYXfYvvTShcq1YfWjkdsYKdS,1786839225,2026-08-16T00:13:45Z,8SMeWRvmJDHzXWDWerhvZyjSnUtEuBaAaKozoGTFSUxX,buy,0.996673903,1122286.895976504,8.880740803204265e-07,raydium_cpmm
2PARtM5FWGoouaSFQqPhUU6A4QBsVNFCPNQejN8nMeZxUgiBdUorHiMrK1RMWo4DxcAXXKBgvEj3y2Vya5PPb2Xn,1786839225,2026-08-16T00:13:45Z,CmYzjUFEeJJHKcziZA29GpNKNZfJQjvyTgmttNaMkTXw,buy,1.012646981,1135699.034045559,8.916508253007614e-07,raydium_cpmm
3p6aiTtpYkR1QPJ34iAUy4CiU4tX2nWsWQqzQ1NaUGviXWi3SeGWqeamgFHjcj44ZcwPiSD2xKS8iBu28zFxja52,1786839225,2026-08-16T00:13:45Z,FARMERLBMZm3N1bNjhcUfDkJSdRMDgLHe4HPgArtnDAo,buy,0.334294345,377239.8615575819,8.861585931553876e-07,raydium_cpmm
3N81cdYXcbdcQuCdhoYvJiKXPZpLKwFW53vY6kFFKSS73vQEDn7EK3uS9AmwsjdQBrWtZc9PtvMjgCRmTFQ9sRik,1786839225,2026-08-16T00:13:45Z,GHDHsxfoykXxJfxrynpSVwF21MDTPVn8fXYwxs12zco4,buy,1.0799049,1246177.595224825,8.665738367773918e-07,raydium_cpmm
5Dh7HDLdJff4ZQQWab2pD4E7VFCxuakViTLoEUf4EbZauwJodbUo4fC5cdkYJGLkQnrofygA5tm7bvt9qBQwgb52,1786839225,2026-08-16T00:13:45Z,GpRBMwTQzVYht8YRKhuG259MsCGJAy41WYxYamcVAuSy,buy,1.036519601,1185511.772987084,8.743224863877356e-07,raydium_cpmm
2BjkheT6M6eWjLGqYSykbX3UXKUtmN1hfpqmjT9L7jPr4ziCdTTwm28b9RW1BDr4NmfhyvqL1bsRb8yrKYsNQZor,1786839225,2026-08-16T00:13:45Z,JCrhqruFBagARts9dNSQm8Vqc5QKL3MckAT36LjgV4nV,buy,1.103197379,1249788.791731665,8.827070512221887e-07,raydium_cpmm
4pRYYA67SmY9bsdveur2evmmkrox69CEpy2GqsPoJEtygoK6iegxJto5gLE7WA5T86cUaxG6PxG6nvq1G5W8X3TQ,1786839225,2026-08-16T00:13:45Z,Noob3sJKdLH1w2zxhNBdARVt9ZsWjR3tJBr6mBfPVuX,buy,0.33429434399999997,376158.96948313434,8.887049655079103e-07,raydium_cpmm
3N6ZUkPVkzNkgopYNz44hv8cmikhp5JdzXvoV2zhHme1qTB8UnUjJaNV8sVBLrhbs1YUHcHn8nnHyKbV9DKkDe5X,1786839249,2026-08-16T00:14:09Z,797CrVjYgQRU7V6CVhhz8hSNDTx5wF53apb6mf9wqPfZ,sell,24.314020398,29387897.816778194,8.273480651657429e-07,raydium_cpmm
4r3SQeczrQ9hzdt3PqHyuLKJiuiCBnfBdFPpTUZnGJuSqRcEaypKPbWMoMCoLcy7Nu2xh6oMdEcErUCvwEvrefsc,1786839251,2026-08-16T00:14:11Z,1jr7nW5HbUqTQgyNQjDy6Yawpswbn4jp1fYtCxHckUW,sell,0.808584163,1061738.875521769,7.615659383317188e-07,raydium_cpmm
3EUW6vaK66P9FkFsY2QneRDj8KK8wZ5CamyejRzBeYJBpRwQPwNpZ8k2ibm1MjNy4BPY7sW2BzfJcAjHXiXdjQmA,1786839251,2026-08-16T00:14:11Z,8SMeWRvmJDHzXWDWerhvZyjSnUtEuBaAaKozoGTFSUxX,sell,0.851869492,1122286.895976504,7.590478825459212e-07,raydium_cpmm
4UZUTFx6tN8BLJqyvoTLBH5VLskEFPemCjh9YeyMgv7XcwJSeRVkv6DKovCi4adATURV84AyjkoNYCqYjhEYLUAj,1786839251,2026-08-16T00:14:11Z,CmYzjUFEeJJHKcziZA29GpNKNZfJQjvyTgmttNaMkTXw,sell,0.858649876,1135699.034045559,7.560540691325048e-07,raydium_cpmm
3H4PVESYGAGqo1tdFAwojAptvmYaGQJkiDrq2tTFXYCtdJpD9qSNd492qeug26EseFJzPZQGaHCu3nnmBMw1F2Dx,1786839251,2026-08-16T00:14:11Z,JCrhqruFBagARts9dNSQm8Vqc5QKL3MckAT36LjgV4nV,sell,0.95753045,1249788.791731665,7.66153814416337e-07,raydium_cpmm
v4SXXjFWNRZBoyAiexMcq3NwjbhumjZktVRLCZHGgTzda8zdQDDzoFqHaYhFLpVorXNDUpKUx7W4Ky4PrMLr1wx,1786839252,2026-08-16T00:14:12Z,9gAj3AB7qmWx5yuUeZwcCr3mroRKQuhMzJk9uAvcccLB,buy,0.988213129,1245304.290011564,7.935515334897171e-07,raydium_cpmm
2s763wWpX9a9RzfAeona6h3GJq8LqCPy4WQgV8QoJhxuzCKrZMPZMhrL2E6NxRLoB88SGoQkEiJTcwpM5neJpZjz,1786839252,2026-08-16T00:14:12Z,GxSdvjfBEwpXTvvvfRN9vHAPZaM4ryQVW4ktaMreEw33,buy,0.940120163,1178838.990488156,7.974966645875e-07,raydium_cpmm
2MM8eikyM4yhZKZ7h65vaZYbAuU59hsjm1PNHiahHfuD6jV8N5PAUB5varQZ1KV8kS9syvxFmsU2J6XkqnWAEBWV,1786839252,2026-08-16T00:14:12Z,HbtWtGwRt81mTnx41rQdnzQQZzDG3RkvxaMA9KYkGCmb,buy,1.106532048,1383726.395259909,7.996754645936757e-07,raydium_cpmm
kmYBFYUQaEPxWiSG2oCTfVegmPyRJHpcUBQCb55u9ExppU5AqmJDAvcEUogz6T6BrnkQ7wqXH4zGnReKfAULRgE,1786839254,2026-08-16T00:14:14Z,5Wy2s4wKGCMmA9j6on6saWZwZ6h8pbz6QMVBCSUixP2U,buy,2.0050392799999996,2509868.239298296,7.988623660023542e-07,raydium_cpmm
t5Cyc4rCD1Voww8HYuXUcgxwaY2yX5uhHuLTzPJUmPZ6vzZ6irr1xowUcfHW5Qyu5HN2WuVX16rEvMh38a1kCnu,1786839267,2026-08-16T00:14:27Z,G5ZJocbhs3Z86s1bSQpVhJNKGLzSHrEXuZg93WE4GEXa,buy,10.103039279999999,12337039.234469095,8.189192794145124e-07,raydium_cpmm
2wCzFCNPi9wYmEKZsLb11rYWBxo2jJph8Gt6MTaqL1pF2dLzNg34p7mE3gJebiVCTTn4tUo6MHt5hVCX3Q4Xbm9z,1786839274,2026-08-16T00:14:34Z,2XJEETjrL7aeAq1Ua5hHwrUmbExK9rTJom19zAphowU3,sell,2.214243931,2782441.98703158,7.957915893018289e-07,raydium_cpmm
4Mp7VLQBv9So9uW9m1U7tninVngH4rLgoKZusFkSZJtm6c6SaA8jQS5noPxX3BY4XLKPmEbF2xJPswjFPhys8sbN,1786839274,2026-08-16T00:14:34Z,FARMERLBMZm3N1bNjhcUfDkJSdRMDgLHe4HPgArtnDAo,sell,2.228734946,2772334.870055412,8.039198186600932e-07,raydium_cpmm
2YN8yUWnbNqR9oi8qVPwoVnqv378NzThCjAS5F5SH47KsY9ShiYyW66Vk99k9M8H4mTsRyBMXa6FVDJmn6U4GW4T,1786839274,2026-08-16T00:14:34Z,Noob3sJKdLH1w2zxhNBdARVt9ZsWjR3tJBr6mBfPVuX,sell,2.268145896,2792621.462952881,8.12192388438386e-07,raydium_cpmm
5sfxgA6yrUj1s6ob1MrbUwXwTo5KCyNNVrk7vjiPnnK4SxV5JKfFepc8Rn4WWSGBxm9VvEL8sUNQAvG6rMuqEKBq,1786839280,2026-08-16T00:14:40Z,2z2q5gk8TDgqCidzkXkyevXH1aDaVjWL8cQwoRbMF1Jq,sell,0.510446469,639360.287465009,7.983706198329307e-07,raydium_cpmm
4KUqs6ySxXYpqUk3mKLnDauiRjRd74PLFDmPLEh7YEAgaUpwuLphVJCwqjbfvAiu3VMZoJ8biwQT8HdL7xWSWQDX,1786839285,2026-08-16T00:14:45Z,ATj6HNyLtkdm8LMiTf6LftgDLDK378dAjDv8bCBhkoD1,sell,20.870966079,27449309.134328697,7.603457696098558e-07,raydium_cpmm
4UdvFkvhpvHFidHQzYYivMTvXp258qHY9m5UAxSBfjoLtWtePFkjWiXd7mMPa7tjjSDZ5oSpEQfMMvL71exmYsfm,1786839286,2026-08-16T00:14:46Z,FqMb2ipgYRb8r3gKuXmzF6DbjYDVLnAZEiyBs69y6aGh,buy,0.50341928,679319.265443572,7.410643354436366e-07,raydium_cpmm
4Mmw2eyZDYJQMYRYoFR8UCBUQJb1V4E25T8pycbDKkZ6CzUKom5tLvkEYwKKpQSFT85VGGGfwxNaQH2Mt2RXaeJp,1786839288,2026-08-16T00:14:48Z,CHvWpTWTZXUMvWfX7jmy8vhHbAqn6YvLc8wBxXYi4KiW,sell,1.9855051579999998,2809012.949765351,7.068337503270882e-07,raydium_cpmm
5yC4AbVniHnVehzRGa5nQMwTjrkLkjSkt6PohxAf24JDs5vSSnyKUE8vz7imxLdm8qK8QNzJGghe8ejvpgED3agX,1786839288,2026-08-16T00:14:48Z,GHJFdDSYx1kGg7nLTDZ7B468SqHsqySZwHRSxs4DgEVk,sell,2.237258466,3132603.996574812,7.141848980740041e-07,raydium_cpmm
PheL85CXLhB91adx8PExgLNcNtFEhoaGkNpxPLzTtd2qebAKFfr9iXRFdfUuoMWFDwLvRzKuQa5vfMUqdJ7VUJ5,1786839304,2026-08-16T00:15:04Z,5Wy2s4wKGCMmA9j6on6saWZwZ6h8pbz6QMVBCSUixP2U,buy,0.503,691795.081748276,7.270939231438869e-07,raydium_cpmm
uNLWTiEWzx4eVUuwi4tNmU3gyw3iaGugTwNjwM27HLMC5MXPW8qMjwCqmjt5M5oA1j4cdCeXyngckdrfquQc5PQ,1786839319,2026-08-16T00:15:19Z,2DyAQuG7wS9ei3jR1msrc6NynB4WW7k6MHYCLQpVLpYU,buy,0.25204928,348766.02349636,7.226887455183276e-07,raydium_cpmm
D1jnoAXh48HTHGSkQPVTxmJxSQY7PqL9d2UsQrjWX6ZKekSZyWWYw3F7te59C7FXjbzmabXThtCgMp8wMAFpJNJ,1786839319,2026-08-16T00:15:19Z,FqMb2ipgYRb8r3gKuXmzF6DbjYDVLnAZEiyBs69y6aGh,sell,0.47800548600000003,679319.265443572,7.036536578833503e-07,raydium_cpmm
5pwCZ8QzD1mwGX18G6XVg8MxCjSahvpsrGVgRBshQqyAdHrx6iSopYaXVpY6weZJhvgjwBta5LHkfYXgb5xhbhUQ,1786839422,2026-08-16T00:17:02Z,5GQehHSu8aV8NEKLdDuSTg3iAMzfeqc4zXx6e24ExdC9,sell,0.194656039,280490.398814917,6.939846776304267e-07,raydium_cpmm
4mxGA2h2daR7tvGcYBm6xETisVHkH7cDLcCto8usfGPQwSSeaWuPBc3yujvBPNt2z2MGwrGuk6AmGc9XeWrFz1T1,1786839502,2026-08-16T00:18:22Z,FDHKhuR28AQ9HbGnZmWR5JnVXdYDSCiWRFA5Pjtoapfj,buy,0.09361940499999999,119012.047809246,7.866380481920145e-07,raydium_cpmm
3z3sZTa9ug9S2a9KCiQpanANSrukeVTC5PEKobQGWCbaa4Nps3daUPBPGZ7b97he5bVnuNonZhEiv3uiAFG7jdS1,1786839524,2026-08-16T00:18:44Z,Gue8rnckLCrNEksmCh3KCMu8SEjcPVHV1n1MUikmAn21,sell,0.460997669,625765.561661438,7.366938950363916e-07,raydium_cpmm
4F1bLxoEMz3NZ6PeFkQBHUmx6H5Kz8X9kFMN3EggpiH7RiiKcUbLNz7pbRFtNrHCRFwZQaqX16w43GStBd7nKS69,1786839540,2026-08-16T00:19:00Z,2DyAQuG7wS9ei3jR1msrc6NynB4WW7k6MHYCLQpVLpYU,sell,0.259120592,348766.02349636,7.429639774033332e-07,raydium_cpmm
3X2kqiwybTLd6giaYPu57aCe3kVfERt5gBL3hp9HuBaQPUwGNUrktTN52wLi2uUnA1xgnhf3DzHGKmaZUE4t9VEM,1786839581,2026-08-16T00:19:41Z,34rTaBgPLXZXuZuP2LjpDdJZKr9NQ2P8iUy4as7fprPG,buy,1.98303928,2640914.542108558,7.508911206254718e-07,raydium_cpmm
rYZSiNX2prrqacQLnkbTyjQcstuqyAkjgMLwDxmE98dpk9JWBLcPHtggb6BSmi5ddpcewbSUbbUdqciRaFfyskg,1786839628,2026-08-16T00:20:28Z,Ag1GPXzuV9wyCK2Ze5L9bYQ6kRwbEGpZ3yakciBJ7foY,buy,0.52203928,686068.647107705,7.609140604235274e-07,raydium_cpmm
ShKS2u7j772A2evBqQ9RUJCtwKSEw3vBfG8rgUxu3hvroYSMPoVgzuRvAcEbMt5bMdikHnoYfF1d4b9GifjEsDS,1786839673,2026-08-16T00:21:13Z,34rTaBgPLXZXuZuP2LjpDdJZKr9NQ2P8iUy4as7fprPG,sell,1.9729455359999999,2640914.542108558,7.470690567763549e-07,raydium_cpmm
qRJW59oQdVKAHV7rPofD86ftgea8Q4jdCsjDDDeA6Yd1JVdGns4FFzYbH8rWRS5ppBvLMXpuoHGx39MJzvELKHx,1786839702,2026-08-16T00:21:42Z,2BKqXUifh1GJ2C9eWYGy4tZNdUtWhewUpMpfkizfgVT1,buy,0.02103928,25143.155034703,8.367796313136215e-07,raydium_cpmm
3cKmfFg4pzaVUsMfz8PHg4w969iTCGuz17HnV6yXEDZT5RfeR8Z9czM8Wizvz5piAUpyUgK2Lq3xEV4kgQECnDdM,1786839708,2026-08-16T00:21:48Z,qBeNBdXyMMPwauRBG2by1WVo3Y5uv7RteKGE25yjKW2,buy,4.20203928,5553498.754833811,7.566471994510686e-07,raydium_cpmm
5hQdsukVgY45W5MPKm3is6RMYuth6a49mUXGvzTmxJW8bnKvRRzbiJ3tXa4SZHJoHvXwv1CybjJrz98E3XR4LJ9d,1786839711,2026-08-16T00:21:51Z,2pcAKwP8tGgCMfNVKX5iaUyPq1G5tqB149QFZjarEz6E,buy,0.41821720700000004,542209.473419834,7.713203614134818e-07,raydium_cpmm
4y5YwbG4beun8REdX4qhmogGzpUUsCHrvPT6HCxWziVgjKNuPFS82yGXRJjA5xztGubF9vY8qDTPTnUVQU2QWKS1,1786839729,2026-08-16T00:22:09Z,ALvMeHkXBs2q6ZxcCjQHcu2FTnsFgs9bM73NfeuotAAo,buy,0.16463928,209220.612234719,7.869171122360334e-07,raydium_cpmm
5Uz2tRPMSDh7svdR4n1X2KrFh1snNQVHYVpcxZbwBJunn9Wn929528Yuk3Y7Dh5E32RVhL8NCoFJitK59QeBcUB5,1786839736,2026-08-16T00:22:16Z,Ag1GPXzuV9wyCK2Ze5L9bYQ6kRwbEGpZ3yakciBJ7foY,buy,0.5,649552.2915641959,7.697609668898913e-07,raydium_cpmm
5caWmjdyf5qp6B1vpdJXwYHmSqNVRq9YmCQpG5iYmneKS9uyWJUny8eAxUNnmk7bdPKae1pYJN597wFVzHpaYAqS,1786839746,2026-08-16T00:22:26Z,qBeNBdXyMMPwauRBG2by1WVo3Y5uv7RteKGE25yjKW2,buy,0.09999999999999999,130251.62496644258,7.677447404265668e-07,raydium_cpmm
2GuBMWNCsiQciRTmVaYm4XsWByxVwnWAfehpbPNF4dH7AHkfUhpmD5pmYiYprX84sWvoUTqTeAyCVFQjCNDR5JUm,1786839755,2026-08-16T00:22:35Z,DmQphJJn7PywwvXnw3T223uzRF5YBhjz9zwbyQPSitUQ,buy,31.345039281,37697894.492302895,8.314798400053877e-07,raydium_cpmm
2cCuc1HoHFwCkfT6A7NCxM4E7di6uqME9KYtqmjwwmK6YoTNGNKm4EMVsQgdThoXjtnngJkGWrSaZn784viK8AYY,1786839756,2026-08-16T00:22:36Z,2z2q5gk8TDgqCidzkXkyevXH1aDaVjWL8cQwoRbMF1Jq,buy,0.00803928,6798.98029335,1.1824243714698103e-06,raydium_cpmm
5mbcT3T3wTuN6PqQuHM4viwkGiQnRH6fUZY4uTswVD1vdxAxAL95AoqV4FGudSrWgewyYv2eb3vFi183TMHpC5fr,1786839757,2026-08-16T00:22:37Z,57C1yd7d54aRvNJa8R6g8jppDHcgND9bo3YmvcRJ9e8F,buy,3.0306825,3347307.520902657,9.054090432607537e-07,raydium_cpmm
38jWm37S3nCiSJ98iwnNBtfVC9uhvjcuuoooNVNhCve4MbjeN72LYRRZ7Hhc4LHUah5CKHWCEKcpFiCy2mj7xKyX,1786839758,2026-08-16T00:22:38Z,2AwjJTdTWCu6QjyZKvF6oVEd9TkQP1WYvVswFvDEySxn,buy,0.930466785,1015215.660637015,9.165213078137134e-07,raydium_cpmm
593Fnn1GKpjVNfgdCd2sbsAcjnVZx8j5KeV4zUg62Q67v2y38yiGR2UbqnFPJNZT2RhdUCqtEWDmooXrsWLv7HVE,1786839758,2026-08-16T00:22:38Z,2AwjJTdTWCu6QjyZKvF6oVEd9TkQP1WYvVswFvDEySxn,buy,1.007306316,1092348.017717156,9.221477950819369e-07,raydium_cpmm
2HkjAQfq27DtEcywqSNoMmKjMPwqqdLX6ncM1pho6RWDRUnQsGwFaSHjXg51RfxGVui2t7PqAQw4eRNaB37UBSm9,1786839758,2026-08-16T00:22:38Z,5kidNviTucvoHuFGuPQUikWokMxsLZMncGrS5gK9Cujs,buy,0.960927851,1037602.009637119,9.261044620914581e-07,raydium_cpmm
5ZmimuuVfMuEUMkVZXXngqAxNswCJ3Do8R2wby4BsjT8hcJhdaAcg5z1JET22ERE1hLRG5NgJsMon6MEKJ758E97,1786839758,2026-08-16T00:22:38Z,5kidNviTucvoHuFGuPQUikWokMxsLZMncGrS5gK9Cujs,buy,1.065713699,1158702.337654318,9.197476041667746e-07,raydium_cpmm
2Y4YYL9QKTjWh889AY2ByRXgEGTJaYBfE6ZpMAzUfo4njz86evijFwjLAYVgfZBQPgsf2eeQKVAC5GATEAsj6qbm,1786839758,2026-08-16T00:22:38Z,DenZLNzBtE3L8T1kQFKh8oE7FCXBrdsM9xwCbsnKvdJq,buy,0.996613679,1071845.943389112,9.298105619999531e-07,raydium_cpmm
ViWqyDaMis8j89jt6CrfguoDkCdH2ycqQ1pPoGkbL337x4MeqEk3mGNi4uhkcUZLYwUMfjtFWUbfvpWJT8EjiVe,1786839758,2026-08-16T00:22:38Z,DenZLNzBtE3L8T1kQFKh8oE7FCXBrdsM9xwCbsnKvdJq,buy,1.104262826,1211066.697145752,9.118100832947782e-07,raydium_cpmm
4Sg12qhRKDCs9JitdAZENHuywYPWeeBf4t5iwLToP4tukBbd1rGrcftZWxgov7AucpJLXDMcj2J5MUHkS5DrkS8a,1786839758,2026-08-16T00:22:38Z,Hedt6aVyFRvxpQJkrrqgZ3e3JxUNb7ufCVyYXMnHYYE4,buy,1.047152154,1121554.9108187042,9.33661066345479e-07,raydium_cpmm
5EcwqJ4qeUf1r5Pti5BWnnMngDUvPXn1TvDjig2HoniKbibpkVsyVcSxkuCPGr7i8orhnDV6pRkqduMRjGGL4MBr,1786839758,2026-08-16T00:22:38Z,Hedt6aVyFRvxpQJkrrqgZ3e3JxUNb7ufCVyYXMnHYYE4,buy,0.91971381,1012064.370891744,9.08750309221564e-07,raydium_cpmm
5FKZMRX2keLQwdFvRmt9BCxwcYuMa3ZKsTxBcQL3maquzZsFPf5phoXpnpydnzjqgKPap4kwGRo3ibGVyxYFcpqR,1786839759,2026-08-16T00:22:39Z,2AwjJTdTWCu6QjyZKvF6oVEd9TkQP1WYvVswFvDEySxn,buy,0.952544459,1001934.3471372128,9.507054646062064e-07,raydium_cpmm
5nkYFyMBdQcrw4qgegg9vmdxSgPmVSCuW2dyTTiRQsg2k5LGEgvSCkLQsnwm8x8oF3g9uowJYGtKrSmTZb2GJ733,1786839759,2026-08-16T00:22:39Z,5kidNviTucvoHuFGuPQUikWokMxsLZMncGrS5gK9Cujs,buy,0.982559903,1042512.2683414812,9.424924126438736e-07,raydium_cpmm
2WaNnf6zSgmhTMuHf346metBuHxQz7nz4n9PLX558aFe9ikyMaZMiGH9zPUpHUPXV2iGuE6HCYS2sPeTWMEDmS25,1786839759,2026-08-16T00:22:39Z,6KsuesQQGfqZcqEPBKXgT5iwvZHhUgf6uvtuzQNigxgK,buy,1.195446477,1274855.780245073,9.377111478211224e-07,raydium_cpmm
4Bs3euDhkchNCxMb9VMDECU94uPU8zMuD1r2MnVCfHT49cG1KnNqqmTQkt8eSgrV4ij21k5BuSxZmKbyFqMsheTE,1786839759,2026-08-16T00:22:39Z,6KsuesQQGfqZcqEPBKXgT5iwvZHhUgf6uvtuzQNigxgK,buy,1.234554696,1266462.5086234042,9.748055608388386e-07,raydium_cpmm
4cPVEXfBYQL4vAYHk4BnwwpBWLGreSt41WWb1JDLgRWQ1C8G7FWc17X2sD7rLStiUJ2GQvcStpaM6C4whhmjsHXE,1786839759,2026-08-16T00:22:39Z,777777UupVYr364fUHXwqBRMnNaVcpAw2z3uhFkspnNn,buy,1.000909091,931750.15884756,1.0742247602490131e-06,raydium_cpmm
RbBqfgzZ9UYq41SgcyZXzbukRFtuRtEHw2UUFzJdaaq651D8aRxbdbpHwRje53tttMRmxJ3AnGfVJrtRKPKJy5u,1786839759,2026-08-16T00:22:39Z,777777UupVYr364fUHXwqBRMnNaVcpAw2z3uhFkspnNn,buy,1.002948371,939072.966435933,1.068019639417897e-06,raydium_cpmm
4u8UgTA8c9vsv3DwVeQ4yobXQbxKszfRQSQjpXDXM6aXHXv32KqivGMJkSMScrWQL6aGSAJ9KQmruEg6x33PKPVh,1786839759,2026-08-16T00:22:39Z,8n79PwcyrybEECM3ghGetPnm6Y2SRBVzJNd536Z1C1PU,buy,3.0095542799999997,3127079.369191991,9.624169791307988e-07,raydium_cpmm
54LEkuuTQeHwM38KRCy5tuTnCQcgktrtECgaD81e2YMVNMxSLoGVb7QreRitmqSwh67D8aECKJJ8hzbG1DCE23Xc,1786839759,2026-08-16T00:22:39Z,A6Gidfg3tY1yGAqLmCQgvkjMdSyrHuAdtxwcbEa4Wg6d,buy,1.33003928,1283755.243865435,1.0360536296585649e-06,raydium_cpmm
5hskou3tAdbXiGskM2ZxN88JsSYZ62vvUC5BUjRsFpouok5aswmsHaa9e23xz7fHSrUwsXxsXqSz61r4jYmLYsjo,1786839759,2026-08-16T00:22:39Z,BtHnhjh8Ta2vGZkrL76AmXMur1ADo3tpRo2kQMe2BCSU,buy,1.526282355,1511462.642814447,1.0098048815536437e-06,raydium_cpmm
SoWq9a3JJ6YB4mDcigD8FpXdr8uqZd7tk3PqryBc4x3mgj55pw9uyX8U1QecDRguaybrW1WEY8XjfeC9xJQd2Bo,1786839759,2026-08-16T00:22:39Z,BtHnhjh8Ta2vGZkrL76AmXMur1ADo3tpRo2kQMe2BCSU,buy,1.7742020109999999,1790806.77071344,9.907277770081107e-07,raydium_cpmm
2xH9vo6HHpH9JAdBVZiJux1HDwRTTkx5ciQRkPRjdQUeFXPaF8gtp5ESs7DPmzbb257JPdtUZSCAV7Bjqioxi6oA,1786839759,2026-08-16T00:22:39Z,D4jxiBiEmELbBtycKWqE7127RYKXrdRxKCU3SjWiQtC4,buy,2.4437312270000002,2365760.528460512,1.0329579843781682e-06,raydium_cpmm
24XdpmGw9wY4yjbd7kSocSRgNXvKR7HtTYi9RfUE9qxa4nCqTBWepZ1avant5M68U3CT9YztT6huQpMFBeq942Rx,1786839759,2026-08-16T00:22:39Z,DNio5ketGczp2dsB3jJCm3XNsRETaAM87q3YVMPA5F9z,buy,1.6661134279999998,1669884.136709856,9.977419339300476e-07,raydium_cpmm
aZFXt4pDCX2ub9RN6oQaZLKJ2cvnKS1u21rfzVmmxZz1kJvXz1U8CvnFXuD6GrzbzudfWR8iYQQ35wHU8AYbU5q,1786839759,2026-08-16T00:22:39Z,DNio5ketGczp2dsB3jJCm3XNsRETaAM87q3YVMPA5F9z,buy,1.7926886329999998,1763486.4404389907,1.0165593519129865e-06,raydium_cpmm
5LrUhKK6niMw4niJZJ8mF68BkDxZ5tgnwU2UvdUH9DBUZsE19Z3zK5ZzdByivAQBC3YdcbKogLwUjEUHEaTjVXuD,1786839759,2026-08-16T00:22:39Z,DenZLNzBtE3L8T1kQFKh8oE7FCXBrdsM9xwCbsnKvdJq,buy,1.097690848,1160013.9900115621,9.462738013953255e-07,raydium_cpmm
5djGPLxa2GrR2UQM5PDz9dB9Fax7SBeTYpb9pyZFnP7RDKVc4h1EGuetsMvTT3qG72MUZbybsFwQqQLw9GD87UjY,1786839759,2026-08-16T00:22:39Z,E8B7Edi7khrojzqFgW4iJJ2Lii2jvv9B9kivkwpPfHeq,buy,1.5659374009999998,1591123.545428124,9.8417084298671e-07,raydium_cpmm
5smTNFMi1XggKwiGF19vRs3P2yMdgxjiHExedgZngyrFuYqe8kDf87onZ7peAbyfT46pWTzY4mtrxhGcDiRnEtk5,1786839759,2026-08-16T00:22:39Z,E8B7Edi7khrojzqFgW4iJJ2Lii2jvv9B9kivkwpPfHeq,buy,1.681164012,1675651.961380684,1.00328949611635e-06,raydium_cpmm
66mjseakYXp3j3rjBBW9Rm6hioNpHKNLdHk2yZ7mwhqZ2pvBTB2WNL7FSa42axWR5tEzFMHXr49iSJY2QmfaV5bR,1786839759,2026-08-16T00:22:39Z,FMX8cSCPyFo4qTHTxuU1hYrWRXNU3NsTqxcL55jwR81f,buy,2.4288045250000003,2328656.438811439,1.0430068105021441e-06,raydium_cpmm
3BcqdnAqyV8AjV3YXdPtcD7h4qouNvAnh5WMLVsjuUUsTprzxKjM9YhV791Y5n3GULgNBbQCtqJBT9xKhjwdq4CX,1786839759,2026-08-16T00:22:39Z,FatpigGT9U4fzPZPu94Q3WeZvCKqewjWJbZoQRBQWYyU,buy,1.002948371,946482.472322043,1.0596586839473392e-06,raydium_cpmm
5MvfzKgXwonHLGLa37h3DYrnJhdtep2A1S9w1KDjaR4r5EkRYLsui4nEc5BEJiYCXtr6mcXAhPzvkBZrfuoqTV6j,1786839759,2026-08-16T00:22:39Z,FatpigGT9U4fzPZPu94Q3WeZvCKqewjWJbZoQRBQWYyU,buy,1.000909091,928120.8447702599,1.0784253975545152e-06,raydium_cpmm
5wrVE4FFQPVQYxCdJbvWTxof8M7XWB3imtF7cEkPAPjBEypa1HzYx8uEMKSyjFjEJa1XWEaYaysYDJE9SCp7mvaz,1786839759,2026-08-16T00:22:39Z,H75xFpTZVYVzamJrPQHkbGqdWpq4zsZzUiW7L7U7GfQ8,buy,1.210553523,1235588.531197389,9.797383938380135e-07,raydium_cpmm
c8u3PeFBNLo4JKbU1eD6wSCmEi3FLkQxw7kCnzTJj5NwroFZN1Z54hD5FadtoovsS7j3VKRPjmHUvRM8ZdJ6WPa,1786839759,2026-08-16T00:22:39Z,H75xFpTZVYVzamJrPQHkbGqdWpq4zsZzUiW7L7U7GfQ8,buy,1.173484584,1207503.784821274,9.718268371089958e-07,raydium_cpmm
3Q2wZJNmCDr1yZP6pdbUaYZfxr3AxFbp1uBPgdABNc15ZYRVLjqpVriB2TV9NDzfRjbkGoLYgg2YS6yCaXdbMixH,1786839759,2026-08-16T00:22:39Z,HACKERamoyuTkkbuVnSWPNc5a5TDQH3U9vpp6zbrRKTe,buy,1.002948371,942766.796832289,1.0638350590728502e-06,raydium_cpmm
5Mr4r1Ftjf2DgKtz1shHDW7dXZXGPBqdQaGTyPuTP7kCFsH42LF6M8Bhzomiw62t8KtW68Jsz8pzkSLobPDT5mjT,1786839759,2026-08-16T00:22:39Z,HACKERamoyuTkkbuVnSWPNc5a5TDQH3U9vpp6zbrRKTe,buy,1.000909091,935400.8101967952,1.070032311378288e-06,raydium_cpmm
4dguRJo7XimuoidtdJHbbjLynzgdQyPjnEEEN9mFUYgK1SGoNRYTuuMjSrxdVDHNh7g5oEJGGYBz6M7V5KTEZWLQ,1786839759,2026-08-16T00:22:39Z,Hedt6aVyFRvxpQJkrrqgZ3e3JxUNb7ufCVyYXMnHYYE4,buy,0.97920479,1025954.5414223308,9.54432921211578e-07,raydium_cpmm
5Gd3JEdZj3Vd4nTwwfhEhW4JT28TLGnRWeGvHvKD7r11futjKQ7sDC3cDtuNJikZAZMnR3tvNbuPV9ymYth7D7S6,1786839759,2026-08-16T00:22:39Z,HoN94isvJN9KenCbtSPbc1uGHXsb1S4HXZnb982dwYtt,buy,2.144427088,2036889.869943484,1.0527948121512823e-06,raydium_cpmm
2SBwv3vJr5CRwicwqc2rHRh18rtrdGiitj8w3q3CpbASDDD81smn4Fim1KQR3q4U3fVfEqMA1S7nzdpkktbpcTR2,1786839760,2026-08-16T00:22:40Z,777777UupVYr364fUHXwqBRMnNaVcpAw2z3uhFkspnNn,buy,1.000909091,906783.8594322209,1.1038011766406112e-06,raydium_cpmm
5tp7S5yfZ9CuVqZruGQs5QLcZGHC8s5HL8HnEmGNFhzoxqz2XsVUUawP65S1jLR5cc5P6cJdtpypTohmfmze2kDi,1786839760,2026-08-16T00:22:40Z,777777UupVYr364fUHXwqBRMnNaVcpAw2z3uhFkspnNn,buy,1.000909091,917359.2743280821,1.0910764397439747e-06,raydium_cpmm
2L6eYAduWibF8BhDkBZRKRUcFbgCu8BCz7Rc7uCcppFkKRwwypikQbTobNC2w5EPn5gTxgMiwePMAzq22ezaozZk,1786839760,2026-08-16T00:22:40Z,FatpigGT9U4fzPZPu94Q3WeZvCKqewjWJbZoQRBQWYyU,buy,1.000909091,924512.7019770241,1.0826342232611906e-06,raydium_cpmm
3tdBQmAd1YmHkvjKSroU1kQcJ789MBXeQ2dRV7aJtE2MGSCBCuRjPuH4XuQt4Z9co8kk3JewtJtyDSo18iEzXLrb,1786839760,2026-08-16T00:22:40Z,FatpigGT9U4fzPZPu94Q3WeZvCKqewjWJbZoQRBQWYyU,buy,1.000909091,913813.6654775189,1.0953098304532018e-06,raydium_cpmm
4cbgcqcmaNnSVwPteWaJC2VcuKYppDM5gW8rsfA6BaU6AjAZWpBU9jSHitXp7fmWXGewono9329vN74D6oDa8mrP,1786839760,2026-08-16T00:22:40Z,HACKERamoyuTkkbuVnSWPNc5a5TDQH3U9vpp6zbrRKTe,buy,1.000909091,920925.5660910909,1.0868512373355023e-06,raydium_cpmm
Wcxfu22YhRwyBneE52M4ZqfGbknn4fzRHiup6rWZgj7bjE8rW9A8ckcsT7E7kP98wk6f4bTA6QPAmVhbbPJGS4h,1786839760,2026-08-16T00:22:40Z,HACKERamoyuTkkbuVnSWPNc5a5TDQH3U9vpp6zbrRKTe,buy,1.000909091,910288.5798846008,1.0995514094298396e-06,raydium_cpmm
4ikbHNj4Hof43P78csVDh7E8VJNjrjTHdB61nP6xsGQaugdNZdRAF5gDmm658sEr6htWXtzLWExQYEjzmmZZ1KeW,1786839761,2026-08-16T00:22:41Z,2z2q5gk8TDgqCidzkXkyevXH1aDaVjWL8cQwoRbMF1Jq,sell,0.007392612,6798.98029335,1.087311873404108e-06,raydium_cpmm
xs6292dhzj7RMNGi1KeGfaADmCHdoZHG4LJmpnNajxsmqyfWfTGZurmK1UUrMRv18YTNPA6T6xrKFnXbJe9nHkb,1786839766,2026-08-16T00:22:46Z,2AwjJTdTWCu6QjyZKvF6oVEd9TkQP1WYvVswFvDEySxn,buy,1.026551422,913677.2108363332,1.1235383895154258e-06,raydium_cpmm
2ZAmhBdoGG1EyGjQDrHHszqkWdAs7nRpwp4z6KWm5R6X5K2D7VV4Tt96mx4LXPbrZojADUCEHdrF89Ckv7DajjEC,1786839766,2026-08-16T00:22:46Z,3KEdzpSYJ7sXfHKpVhSF2Qj6ZAjd3Q3dugFCZ4umWvkR,buy,3.001,2657509.958790722,1.1292525885267352e-06,raydium_cpmm
2Jsc1NVzWQa3K3NtUHpJvsWwjBcBvEA34KiyrKaSUMuFfm84yNDLoJjvXznqE3bMZtwp33E82S1tuNbqBhQVkzvo,1786839766,2026-08-16T00:22:46Z,5kidNviTucvoHuFGuPQUikWokMxsLZMncGrS5gK9Cujs,buy,0.915300976,817391.0994181228,1.1197833896791591e-06,raydium_cpmm
2rhCrCtbC5uMzaLPBEkuDfMGBPWWFmh3G68TuztBZ5dmKSaB99re24uPJvpjhgorZLbjWZhJDDjaj1gQAAXGgECh,1786839766,2026-08-16T00:22:46Z,DenZLNzBtE3L8T1kQFKh8oE7FCXBrdsM9xwCbsnKvdJq,buy,0.991575674,888964.6064433339,1.1154276186171276e-06,raydium_cpmm
4jNYhfwgGnSQesCsfXsUDvy8QzvKnxPbVXA73dwznsLt6gX2CKVqsCfmqGvTei4CXkzwKFedURSvLDKRC9p7sskt,1786839766,2026-08-16T00:22:46Z,Hedt6aVyFRvxpQJkrrqgZ3e3JxUNb7ufCVyYXMnHYYE4,buy,1.078571928,971037.570254466,1.1107417066441147e-06,raydium_cpmm
4h9EXtAjxexjojZXgoVKiobxRAfE8dPjh6V2NGv1TqTcQET6nYiTvPP9z6KXSjZTRQwUncHq8VeqvaBxijK5w4p3,1786839771,2026-08-16T00:22:51Z,3T4di8HBeLujDhS5hhhA79PBFBYkVCAfJP4qGLf8FdFw,buy,1.14828928,998738.538351524,1.1497396324520712e-06,raydium_cpmm
2rd7jm8Q2L386gNpcAWFvL4BY8wK3xuD5GfsS2b5Y3GtdMSGgQQepGdyVvLhPtq1ZSraZrqgtz74KYaZWdhNqkp6,1786839771,2026-08-16T00:22:51Z,4E5zARdejTv2nK8gBKoRQbMDHUnnqZczqiDkA1TqtRp6,buy,0.89578928,773827.476966636,1.157608519551991e-06,raydium_cpmm
3wAS7J43byNCen6Hz3P459TgQG25ZPAafAcQpGLMYCd8sJzcKUpEbkS9VGbXHgKDSXG872GvS1GjhYKtW6hvDEw8,1786839778,2026-08-16T00:22:58Z,H75xFpTZVYVzamJrPQHkbGqdWpq4zsZzUiW7L7U7GfQ8,sell,1.494021945,1345605.7499988219,1.1102969387588512e-06,raydium_cpmm
2d9nvwDQ11MevvDZWzWmANx2EvLRarz3nmwhyX9SJdXXptRGhNL5HsrbhkeRFB145wkxv4bCUPGnjN6Kg4s5n7iS,1786839780,2026-08-16T00:23:00Z,57C1yd7d54aRvNJa8R6g8jppDHcgND9bo3YmvcRJ9e8F,sell,3.6899694430000003,3347307.520902657,1.102369417795512e-06,raydium_cpmm
326RkKn6uosNKdNJSmYjF9LEdZR1p3JuqngiTFpo2WkfNVxUvHVYbiUbWz5CLiEc5ajsxLz73J8j1fVQ22CVNtFF,1786839788,2026-08-16T00:23:08Z,CypyYaGszgtj77VMXJBvp4vWu9jn9mRCbv1JMrXuGZft,buy,2.159302827,1893756.489057343,1.140222008202775e-06,raydium_cpmm
urmW9DYX3CPQUn3EgXHjwqYTYA7PD2HuMVSQgpoLvTDVm6PhU4LGduJEaFH1p2tSRPeiCggbVNn6Cf5gdPYT1bQ,1786839788,2026-08-16T00:23:08Z,D57d6AUh7sdQuvXUmNeJwojL29b14uhA4hRqRdiKTvbf,buy,2.881059207,2506714.018018584,1.1493370150286685e-06,raydium_cpmm
4HpZWfgatBZ8m1jPTeyLBaEko5JrhpMDQUn5EW5TbVvvEa2cRY5LoqgQsbmuQxNePgZVLLGV7C9KBvanVzShfNHf,1786839790,2026-08-16T00:23:10Z,CypyYaGszgtj77VMXJBvp4vWu9jn9mRCbv1JMrXuGZft,buy,2.953958811,2496906.319773276,1.1830475126789e-06,raydium_cpmm
dEhKW6RCbVLkEscpqvURXNL2rcbwgUnGEwS2PBCwtoNreR9tn7wqcsy4PPndGPFmvqNzCCgvG5hbX3YxuFru4UD,1786839790,2026-08-16T00:23:10Z,D57d6AUh7sdQuvXUmNeJwojL29b14uhA4hRqRdiKTvbf,buy,2.084878323,1741137.2619019044,1.1974232983346845e-06,raydium_cpmm
V2DFE4FXVzvLPzEd9HaVY39By7uDtyurRQTwfAkm7kPi4jd5yYiVnkBTiUN6sVdJK5mvmLV3aPGjXHRKeCGh4rt,1786839797,2026-08-16T00:23:17Z,777777UupVYr364fUHXwqBRMnNaVcpAw2z3uhFkspnNn,sell,3.121080414,2771224.694282847,1.1262458870400948e-06,raydium_cpmm
5Yvm6z1FcLDa8cdm3qPPiDNQiKnCibv1rSHJi5U9T8HNZUGbuCmsihtssJFVBsp4BTnFK7wikJsarr6cZu2inYGK,1786839797,2026-08-16T00:23:17Z,FatpigGT9U4fzPZPu94Q3WeZvCKqewjWJbZoQRBQWYyU,sell,3.174413561,2784697.2634101342,1.1399492514718172e-06,raydium_cpmm
4osscLE1VHuSFzxcsJ8thTV7Z3i8n4G9Pwu7SogG4GAxzjjNPsggVBVzY1KUPwnofVeNtp3dKX2rt3NyeJsWSz6m,1786839797,2026-08-16T00:23:17Z,HACKERamoyuTkkbuVnSWPNc5a5TDQH3U9vpp6zbrRKTe,sell,3.210274089,2782036.314753582,1.1539296133466716e-06,raydium_cpmm
4DzR6sMXSYh3GnPbwKEWeMmGvcNwKLmTnAzTGp5hJ9MtDSWWdKBHZJYGywAKM6LpvokZUt9kcbDhYfiRCwUwiow,1786839802,2026-08-16T00:23:22Z,777777UupVYr364fUHXwqBRMnNaVcpAw2z3uhFkspnNn,buy,0.004214686,2942.213529685978,1.4324881445466783e-06,raydium_cpmm
5KUVT1ZCbiZdC4UANXqC2QvxVDrrcP6HUBecd5Nd5VUFrHD5LhNTWcXxhPW8ipff4XJLXsV6xcyg3FRSCaBTTngo,1786839802,2026-08-16T00:23:22Z,8n79PwcyrybEECM3ghGetPnm6Y2SRBVzJNd536Z1C1PU,sell,3.4727475500000002,3127079.369191991,1.1105402645719628e-06,raydium_cpmm
gjfQEGqQ1FMc6aqx71XR34gPLxGEcpRQUAjfYoF44j14txW9Zmvpk76JFYqXnmggmBATdpJV5qsZwcM1AvhU6n6,1786839802,2026-08-16T00:23:22Z,FatpigGT9U4fzPZPu94Q3WeZvCKqewjWJbZoQRBQWYyU,buy,0.004214686,2942.2508166200714,1.4324699907269108e-06,raydium_cpmm
2pZ5Yi4ELjukGPxJsu6yJkrwfaVcwDxtJQxRd1BUnmNMv72ok8E6cSjiqZdufLaLj3sBsxdopUaTQsnCJVB4XVa4,1786839802,2026-08-16T00:23:22Z,HACKERamoyuTkkbuVnSWPNc5a5TDQH3U9vpp6zbrRKTe,buy,0.004214687,2942.2881042680237,1.4324521768912637e-06,raydium_cpmm
2HKdBEitR6xYTiiXjWdJFbr639qw351wYy1iSPA3vX6zjvxCZqrJMAUqbafFLoPrx7hNHJfefcEWzoMDjwSDPCYX,1786839819,2026-08-16T00:23:39Z,BtHnhjh8Ta2vGZkrL76AmXMur1ADo3tpRo2kQMe2BCSU,buy,0.090453825,73505.13586093718,1.2305782982447334e-06,raydium_cpmm
n4S5LuZ5CshJ3sPZcxBa65aPW7DQtER8BsZHPbW4tjafvpFZA3NNSxU32fQot24C9jYzpcby67sJnz6g6r7QkMX,1786839819,2026-08-16T00:23:39Z,DNio5ketGczp2dsB3jJCm3XNsRETaAM87q3YVMPA5F9z,buy,0.082593178,67093.01731914701,1.2310249456679235e-06,raydium_cpmm
43kwJW7sieriEpkQqRYHAsdEFrMkjjMziUurgxjdKcPdfYczsE7143AMZHRgy7Sogf5dD7LPyE2s7HEsx9iovach,1786839819,2026-08-16T00:23:39Z,E8B7Edi7khrojzqFgW4iJJ2Lii2jvv9B9kivkwpPfHeq,buy,0.077087997,62600.32376872096,1.2314312827646746e-06,raydium_cpmm
2sphic5YiVR4KjAjCFrpCcQh6GpUQAkrWHk6N8wNNvNQfUjdJdVLsN8y5DmjsnSf4gMUyh5E2Re6AdGj2CiKB8Lo,1786839830,2026-08-16T00:23:50Z,5GjQkGJF1NtAsTt9P8Q3Ni6SD2QsSZ1sSnsi8GBqDnt5,buy,9.999999999998899e-05,77.709527215,1.2868435001967987e-06,raydium_cpmm
5UF5FAnGD4bkcbu7kKnvQ1PuamqxJ6WsqvGsoyqVLLMzdoYD9JRE5WUAbz2GQKHev73Cvj9EefQXH7XJAvi8U5eF,1786839830,2026-08-16T00:23:50Z,5GjQkGJF1NtAsTt9P8Q3Ni6SD2QsSZ1sSnsi8GBqDnt5,sell,0.0010171279999999783,794.370970364,1.2804193984252795e-06,raydium_cpmm
5MmLFTL3XKeQvNL7njTPUErwzMZsF1L7vLD6oFwaFtJdQEK559LMTQ8gNmrhJi5PYrRrt1MZr4pMQLNoud4i2Ttt,1786839837,2026-08-16T00:23:57Z,9Nc7QXztAZyyhrza7PMyBLL61YsL7NXbRRkHNcU3Vx7i,buy,8.092039280000002,6064462.759176144,1.33433736859146e-06,raydium_cpmm
3gugZmSy5VHFmYb793fR5VTt2mfo7pnkdKfCtbv7pWZktt7KbZyhSp1bSdpj6QwVTnBMbzHQb1hgCAQwxyQoJ7N2,1786839851,2026-08-16T00:24:11Z,6KsuesQQGfqZcqEPBKXgT5iwvZHhUgf6uvtuzQNigxgK,sell,1.715605621,1270659.144434238,1.3501698142375347e-06,raydium_cpmm
4JVoaG631zRnnKEt6wqF4MfEvLoFk3aBwV8UjTvLtXEgAXD3dsUaJWhHMDmUYUwqTyHvW3ohwRda5KjqjKFeQmHD,1786839851,2026-08-16T00:24:11Z,H75xFpTZVYVzamJrPQHkbGqdWpq4zsZzUiW7L7U7GfQ8,sell,0.73719861,548743.28300992,1.3434307677651757e-06,raydium_cpmm
58T93cBTAWut4A79a2A4mTFuRedXeTAjbTcL7fK8Z3FGxiKRDoxSyQTZPxjSgFuxPmpNnHtVz9w6rV62VyBvrENu,1786839866,2026-08-16T00:24:26Z,A6Gidfg3tY1yGAqLmCQgvkjMdSyrHuAdtxwcbEa4Wg6d,sell,1.641061014,1283755.243865435,1.2783285769168147e-06,raydium_cpmm
213o1G9FmVa4y91TcsjFNCJPvMYEjRWhziCYiW5GDdsLhkZRpuwCqhzWze5fJevtNPDroHtKuPy7tKm4LW9ddFLV,1786839872,2026-08-16T00:24:32Z,6KsuesQQGfqZcqEPBKXgT5iwvZHhUgf6uvtuzQNigxgK,sell,1.613897614,1270659.144434239,1.2701263128426058e-06,raydium_cpmm
4f8GFd6WvAF2qmaKGgSKE8PaiZFQm81eMV9zKRSauUcVwPFEjfDhU9PBWcKJkZC5gDg1AkUsfS7sMfkuqrf9o9Yj,1786839872,2026-08-16T00:24:32Z,H75xFpTZVYVzamJrPQHkbGqdWpq4zsZzUiW7L7U7GfQ8,sell,0.693502459,548743.283009921,1.26380127187354e-06,raydium_cpmm
3HdZL1aXFLGyfJmTZtbo2og8rXB6NxKFYQd9C1iz5ttTtBbci4okEBXmk2BAKSN8WwHTFu254LBsNTZhEVVi9Cxo,1786839892,2026-08-16T00:24:52Z,3KEdzpSYJ7sXfHKpVhSF2Qj6ZAjd3Q3dugFCZ4umWvkR,buy,0.005750252,3587.9045568332076,1.6026769689423805e-06,raydium_cpmm
moMRzi4JMFT76i4TXKjfDmfWcAXHSLCbVU8n4nVbdhyhpjtznTE5ckwSk8dYaUVUweycqkogxcYF3FV2XRV8WPU,1786839892,2026-08-16T00:24:52Z,Act5xzJ7DhXrdNKbRw1yTzQUmT4hYtAPgFKTP5WzPBva,buy,0.008289028,3965.107664949,2.090492541545304e-06,raydium_cpmm
m4CsVNbzSvAF3944VPrcfRVguATv82KTZcQkaZg6NB53QuKZXXKqFErZuPrrEgpp8G3VqPjgo2cCFYTEse7V1vj,1786839900,2026-08-16T00:25:00Z,9Nc7QXztAZyyhrza7PMyBLL61YsL7NXbRRkHNcU3Vx7i,buy,5.06,3781046.4621315524,1.3382538539733895e-06,raydium_cpmm
27GSVutc8xToSJ7sVEVwWaCjakFLb4H5rk4ZfJCgcMdUX6c1ZE9A7A73i92j8chmjV9JJzRH6JWAfi1HKeR2snRW,1786839917,2026-08-16T00:25:17Z,9Nc7QXztAZyyhrza7PMyBLL61YsL7NXbRRkHNcU3Vx7i,buy,3.04,2047131.4895562641,1.485004756904477e-06,raydium_cpmm
3Pt51tLV3iXEsVZ44wyvgVd9x1YN1myVGwGxsrRiwUwNxiCsz8gQsW3k7q8TQSoxH3ohcRzFWgDC9J9U2ArAAuFs,1786839934,2026-08-16T00:25:34Z,EiBxtACDSdF4zKNr4QoJd9bew4g6pdHiWFz21qs3K8WU,buy,0.10203928,66516.532635834,1.5340438828741513e-06,raydium_cpmm
5QmQRB3w3XCFxc8mwkuUKxbKJUeUVQv1b3JhxHb2tRzPWGhzuBzXobBuPEcGAdttQjywxKU7urS7nUCpRP68BEMA,1786839971,2026-08-16T00:26:11Z,EiBxtACDSdF4zKNr4QoJd9bew4g6pdHiWFz21qs3K8WU,buy,0.09999999999999999,71152.534861776,1.405431306056268e-06,raydium_cpmm
TkMvkbAMRwV3kuHnfcixjxdG4oyuDuhwqtHPfu3EBWiVNDTNovTByJaFAdE1YmaP9zLTjqLYLsHBxLTvK2eDEwb,1786839992,2026-08-16T00:26:32Z,FDHKhuR28AQ9HbGnZmWR5JnVXdYDSCiWRFA5Pjtoapfj,buy,0.30128354599999996,221764.636493909,1.35857344418516e-06,raydium_cpmm
4decLvWCh925vFMVVQ7DFFR3SAokoqMVTLgektSddwiGoD3rfoJrcYpPPCz99Co1HMythwQGChGoKzQs5Qxw5K77,1786839993,2026-08-16T00:26:33Z,DoYfpDfAzzYReVKkjhN9uG82298gBABKQL9uRHt52h8P,buy,1.00303928,737548.460991335,1.3599638980356902e-06,raydium_cpmm
5mtxP7pXsrxknzURCVZFns7DCv2Enw3XfyYHdszcVZkMYidyNViekwnGiRTiNHQwrUwNvw6LbWnapWShY5WUJ6wb,1786840010,2026-08-16T00:26:50Z,5Wy2s4wKGCMmA9j6on6saWZwZ6h8pbz6QMVBCSUixP2U,sell,3.9563317700000002,3201663.321046572,1.2357113703969159e-06,raydium_cpmm
2wefS9ZHcZ5An6cxAcWSbQK4tTmRnHnMMUYHUpvJPiW1ZD2FJozRYfgt98YFZg5qNjTWNbHv3fyStit4qunxG1vY,1786840026,2026-08-16T00:27:06Z,FDHKhuR28AQ9HbGnZmWR5JnVXdYDSCiWRFA5Pjtoapfj,buy,0.071468,55816.19466769602,1.2804169188796844e-06,raydium_cpmm
67RT7RXwJKX3hfqbvPjpcZPTwjwPKk33zzpiWqGbrTC1FEmsdeCbsGktjCzUD5ykkZJBQCX9H65Btn5s9F5vjQ9b,1786840045,2026-08-16T00:27:25Z,2AwjJTdTWCu6QjyZKvF6oVEd9TkQP1WYvVswFvDEySxn,sell,1.205477057,1005793.8090819293,1.1985329857024454e-06,raydium_cpmm
5wcrkDySGBHq9zRdSSjebgEPZi7TocpHWAPxLBoQqyoAKv421euWTjNGXSm74CZ5b98HWcP61TrTJpuYVk5GVX2C,1786840045,2026-08-16T00:27:25Z,5kidNviTucvoHuFGuPQUikWokMxsLZMncGrS5gK9Cujs,sell,1.221026918,1014051.92876276,1.2041068937068826e-06,raydium_cpmm
cx4Y7Dv8QC2BNkWnwye9KP2P5nxXq6UxkUpTU78qSnVA2ebEoKArth7wLqGchKmEvVZTnvTqTc4FVuNHd3RzbML,1786840045,2026-08-16T00:27:25Z,DenZLNzBtE3L8T1kQFKh8oE7FCXBrdsM9xwCbsnKvdJq,sell,1.310882002,1082972.8092474397,1.2104477516023092e-06,raydium_cpmm
5STWuEV2GjeoDoVc2PjR2t5PDbwTHoTGj5cPC83kN36Pb47CLNcs7oUi6hhNfV8TpQ4uu6MMET7oj86f4csbY5m2,1786840045,2026-08-16T00:27:25Z,Hedt6aVyFRvxpQJkrrqgZ3e3JxUNb7ufCVyYXMnHYYE4,sell,1.232231028,1032652.8483468108,1.1932674470154194e-06,raydium_cpmm
XhbnF4vpYhL2RuVfj5PcMhsqp1nFJERbWS9Ka2DEsTQtFFu4GLL44DK1sGCR851CS8NBej6SvNGcPfMW1k2g1xH,1786840046,2026-08-16T00:27:26Z,777777UupVYr364fUHXwqBRMnNaVcpAw2z3uhFkspnNn,sell,1.09926438,926683.778290635,1.1862346204308312e-06,raydium_cpmm
4vBBzRybsc2qxsa6myJqo7ZkNynPgGMaXXrUiE2uNEzCnM5WF5JrdrM34tN7diSkG4nHevc6VwzibzfiBB3aJ9R2,1786840046,2026-08-16T00:27:26Z,FatpigGT9U4fzPZPu94Q3WeZvCKqewjWJbZoQRBQWYyU,sell,1.113804962,931174.671953332,1.1961289278450444e-06,raydium_cpmm
5nYtK2ZSsFd6JGeGcMXLndAX89i5nCnzTy3unwvvY59Sq9tTh5c7Yi6UnzaNGpZHFpdYXG8cJPsoo9VwQedzcgFS,1786840046,2026-08-16T00:27:26Z,HACKERamoyuTkkbuVnSWPNc5a5TDQH3U9vpp6zbrRKTe,sell,1.108123316,930287.726355462,1.191161921851033e-06,raydium_cpmm
2UB52J4mt3huBNkJX1ztKjtLXZwme5PRqPVdEUHy5TjRcqdDcEdhbME8DzzfPqm8nbJoLTdYbhq9uMQ4wtDcTxkK,1786840058,2026-08-16T00:27:38Z,DoYfpDfAzzYReVKkjhN9uG82298gBABKQL9uRHt52h8P,buy,2.00138,1802410.1720149438,1.1103909815170566e-06,raydium_cpmm
4FZuswEb983mEvzMkPP79eB9WnDQGNgY65yTjtBvmTsYyc9c8nVzzLu3Nn3cFQ6j17DiEvEtm5z4XCXAC2umxswr,1786840060,2026-08-16T00:27:40Z,9Nc7QXztAZyyhrza7PMyBLL61YsL7NXbRRkHNcU3Vx7i,buy,1.3028000000000002,1157858.121296851,1.1251810356011564e-06,raydium_cpmm
CugwdKdZwZ7N8gqmFq24tm8mmzANGTFhULegS5qEC5SAmPMcCLDEohGTgytfzdNUXA7xKyxFaMWNcDx2xk7jsyy,1786840063,2026-08-16T00:27:43Z,EiBxtACDSdF4zKNr4QoJd9bew4g6pdHiWFz21qs3K8WU,buy,0.09999999999999999,90126.25751378099,1.109554559998336e-06,raydium_cpmm
2UFZUGtok8YTXtSzhkJBk7ZvWzfk41EBE1wXCDgxU6SfnEUkEA24hFsLLrK2xAuNa6rEo8EF1akTzcy81UheBQYd,1786840072,2026-08-16T00:27:52Z,4wE2d6iZk4LnyxSCUdGDMuyEpGijzLMZYRv9F4Mops3,sell,0.232635436,216184.074679885,1.0760988585513313e-06,raydium_cpmm
J3NZRSvQa4E8iL8ioft3xyBoeeVS2ceVeeAPiwsHzXeq1JLuMGjotSZiuqzT6ud6nzPfMKg8APveomiS99LpsNt,1786840093,2026-08-16T00:28:13Z,BtHnhjh8Ta2vGZkrL76AmXMur1ADo3tpRo2kQMe2BCSU,sell,3.629897466,3375774.549388824,1.0752784028948807e-06,raydium_cpmm
4qjWY57hz57ij8XeBVubf6j85YqaHWQpmy8api7atf69ZQ4YcctKJxp89njw1Sw6QMVu6z2TEMjwuXVw9ajeELeU,1786840093,2026-08-16T00:28:13Z,DNio5ketGczp2dsB3jJCm3XNsRETaAM87q3YVMPA5F9z,sell,3.658329253,3500463.594467994,1.0450985003190695e-06,raydium_cpmm
55DeQBioGKgH7u6F9z5CLyZ114NXsqhm23rX8VYZrMY5tgPBJq4DvwUgrAkvEkKN8jvBsdE2Rc871JJepxjLnzwD,1786840093,2026-08-16T00:28:13Z,E8B7Edi7khrojzqFgW4iJJ2Lii2jvv9B9kivkwpPfHeq,sell,3.5296870019999997,3329375.830577529,1.0601647821140468e-06,raydium_cpmm
3NdiapyY3xmz7XTcStpCEgpvn6vT7HfQ2uTqdJfpr9kA2QNL7sj5PMxzpWvaspDwhA88eWKN1fS7kuwTwxoJsKKG,1786840107,2026-08-16T00:28:27Z,3oFvZBPok8pbTakfe2ujRywJ7hRRzL4CNroCZ2JAv9NY,buy,0.25203928000000003,232350.511031863,1.084737360295442e-06,raydium_cpmm
YSUGi2HkrWU8aNpJqdVRVR25EkAoLhi1TGrw79gxKkrAhW786wFdn5SxyA5n8TG9zGvWYszUVrrezgpVQeehKcf,1786840109,2026-08-16T00:28:29Z,777777UupVYr364fUHXwqBRMnNaVcpAw2z3uhFkspnNn,buy,0.6676290100000001,616892.853229221,1.082244682371003e-06,raydium_cpmm
css9upM7EEAM2wzrfdMew5aQMPshngCKVMF4sEKb3Mz5wQDmmxzuPKScY9qFR9qMr7iRKLGiVFfKeTvX4VpE3st,1786840109,2026-08-16T00:28:29Z,FatpigGT9U4fzPZPu94Q3WeZvCKqewjWJbZoQRBQWYyU,buy,0.6676290100000001,615295.743399029,1.0850538414452058e-06,raydium_cpmm
3xEGs2LUY4PMCQ2tPGjyVv9Z3KK2bxDYNG9FePVmHc3tAZ4ziMigBSpHEJbmdEfR2jxwDBSLm8k2TxV5qorXWqWu,1786840109,2026-08-16T00:28:29Z,HACKERamoyuTkkbuVnSWPNc5a5TDQH3U9vpp6zbrRKTe,buy,0.667629012,618496.192648266,1.0794391621739142e-06,raydium_cpmm
59KoEReqrEqAWzMm7EFR8nx5aBxqnYt9q2VVAbiX2Dyavdh99YmKpWouXKAYKevxJQwMZKXjQbeUNMaBJrMqURUP,1786840112,2026-08-16T00:28:32Z,777777UupVYr364fUHXwqBRMnNaVcpAw2z3uhFkspnNn,buy,0.334297735,306257.542458561,1.0915575574607539e-06,raydium_cpmm
dP6vJZh8ccFDyqcPjzMVgsTTSbsqXkWABWDjRqZNf6tBDZmZYPFDeD6Lw2hVEQEATYVkxdjfLFncRfPSfkc5AY8,1786840112,2026-08-16T00:28:32Z,FatpigGT9U4fzPZPu94Q3WeZvCKqewjWJbZoQRBQWYyU,buy,0.334297735,306653.72867569095,1.090147302117251e-06,raydium_cpmm
5uyFerEpxtgyjENwjWq45bgjiAt8nZEzCdwpqHGupGg5KnrQjGXDYCvquzFai3oFuvfM6WTTUvVX9YSTWzXuFBRz,1786840112,2026-08-16T00:28:32Z,HACKERamoyuTkkbuVnSWPNc5a5TDQH3U9vpp6zbrRKTe,buy,0.334297736,307050.68444314506,1.0887379606603682e-06,raydium_cpmm
3sQi43XFGeSMvMVs8VZkrUx8twWLaway5zUrkuJpJv7zyVfqLSZQnfMSuz71fsX61iH7kbScLHpFchG2xKkcDc1g,1786840140,2026-08-16T00:29:00Z,777777UupVYr364fUHXwqBRMnNaVcpAw2z3uhFkspnNn,sell,0.969261138,923150.395687782,1.0499493284383676e-06,raydium_cpmm
45gW2vVk8MHPvRGfzaP1xKnVCSxT5XtCnU6XncndiZN2hHfU21GSJ4NyZT9vwMrH8U63F4BBYgGPyuJ4yLoKSnAV,1786840140,2026-08-16T00:29:00Z,FatpigGT9U4fzPZPu94Q3WeZvCKqewjWJbZoQRBQWYyU,sell,0.975541628,921949.47207472,1.058129168190398e-06,raydium_cpmm
4NDLLm7q9fhktzQzYwxYVcJxeduiuN3rndbVoMJLDsvYQ6tu6qfz83SwR8hDTHZoebBfYeSEEELhdq76sLP5KdQw,1786840140,2026-08-16T00:29:00Z,HACKERamoyuTkkbuVnSWPNc5a5TDQH3U9vpp6zbrRKTe,sell,0.975555516,925546.877091411,1.054031449023678e-06,raydium_cpmm
DrDSpk29MkA5WJe3ehN1qmz4LYKHmtG1wKehULWCTrswvMe5BRFW4sshyUiVPb2Bcuac44RoF5W7JTcFf2aSmfW,1786840149,2026-08-16T00:29:09Z,DoYfpDfAzzYReVKkjhN9uG82298gBABKQL9uRHt52h8P,buy,1.676172727,1552103.1972398711,1.0799363921038006e-06,raydium_cpmm
4VoWDKXzwGnCzVARwKXBDfVp228dAjED3fdTPGE9zTdoFW3nKsAXLJjrWddm8qRE5spaP3osBUq4Ns3NMGtAncT6,1786840157,2026-08-16T00:29:17Z,3oFvZBPok8pbTakfe2ujRywJ7hRRzL4CNroCZ2JAv9NY,buy,0.24,221277.50040909898,1.084610950305778e-06,raydium_cpmm
JEZccbGTqga99PGXmS5P9vWvztQreMFzWTahN5J2wv5Uxs1Bhgjb9BWkcpdhu5Cy1m7i9y8JgDQX5ZcTTvFRxqg,1786840161,2026-08-16T00:29:21Z,Aj6mFhvswf5fJgX1kJVLXuW5UN6iDDWrm4KdGaEZXLQX,buy,0.18703928,170836.051903064,1.0948466551201385e-06,raydium_cpmm
35N4g4dChMJkPbSSVH4W3J3d6B1jCyXaiLx3KG8hA6tqmvSUTZ3GkyVsi4JNrNZmBSzmePgXLpJ4Y7J65T8U8xfB,1786840166,2026-08-16T00:29:26Z,41v6px7eUmd1Cd2YjzGS1SweKG7FJ7Ds3XsoF42nEucb,buy,0.11053928,92592.103390058,1.1938305314691563e-06,raydium_cpmm
4pXW8iyNb3BiNvJnKCrCH3jwQDiARnK5GsaoSbXmUWJuXWAJ3k2mGxuqawAtdBeFcA27pFPeBDab2nNqsjjZBySh,1786840170,2026-08-16T00:29:30Z,9Nc7QXztAZyyhrza7PMyBLL61YsL7NXbRRkHNcU3Vx7i,buy,1.02,923934.7380092703,1.1039740774307436e-06,raydium_cpmm
r4NX64rs25yEB5H4N6dt7fbkLHqzWsAp9r1cVeedyN4KAvQ4qwEwqewvojSNBrnirieLW7zkNx2pCT2XSMT9Zbw,1786840213,2026-08-16T00:30:13Z,46GgdrYrbGmy6edQpU2fsAhg1TjEhvt4voJEjofggDqv,buy,0.5994108499999999,550213.048921433,1.089415911118444e-06,raydium_cpmm
4a43sveL4KNYV9YCPn5tZhr1DgcXh8NSbWFxTYsXnfanYZDRzGaPzgMfj21iy5TNg5aT3hLLVX7msScGCiwH2erF,1786840294,2026-08-16T00:31:34Z,CypyYaGszgtj77VMXJBvp4vWu9jn9mRCbv1JMrXuGZft,sell,2.414201247,2195331.404415309,1.0996978598058106e-06,raydium_cpmm
5XXaQdiUwKHrY2uQ3tsCf4MHV6q776Gs8mGtfuuSgXr14nxUdp8SwuMiAqkyzxcjQWBXxiUMvdH1dhUpqZKobKcZ,1786840294,2026-08-16T00:31:34Z,CypyYaGszgtj77VMXJBvp4vWu9jn9mRCbv1JMrXuGZft,sell,2.370088521,2195331.40441531,1.0796039797149597e-06,raydium_cpmm
2TBkZai3ZP1vuBEevx9f6L24P1qK8DshurdCCEf6qXLSqs4xascWSypn1D4NUqnShbxRfxvYPdsJJj2SMc4yDpQr,1786840294,2026-08-16T00:31:34Z,D57d6AUh7sdQuvXUmNeJwojL29b14uhA4hRqRdiKTvbf,sell,2.314133402,2123925.639960245,1.0895548123065716e-06,raydium_cpmm
4WBwqgn72XfqHYt3VjdYW5EkEwXvkKfYBVoVoePLFnVSmaixs5wVdKvF6aY8TGTUMNseW88ixS4ofWdCPBphJadu,1786840294,2026-08-16T00:31:34Z,D57d6AUh7sdQuvXUmNeJwojL29b14uhA4hRqRdiKTvbf,sell,2.357406872,2123925.6399602434,1.1099290990451657e-06,raydium_cpmm
2ghWm32D23AkqbWoFDrLEiUmCnUQ1EWrhnwHRLQnHnMDyJckJDwMRrr6eh33tUeHNqp5LUHTphgvSgUAtGQnGobL,1786840364,2026-08-16T00:32:44Z,G5ZJocbhs3Z86s1bSQpVhJNKGLzSHrEXuZg93WE4GEXa,sell,13.046333428,12337039.234469095,1.0574930645879096e-06,raydium_cpmm
25Uc2Uozcn3zziSFsZqTCBsJNF8pGMiWJPcnQMUvd1FaLfmEFYJbQH2DByRF247NRb1MteFxNyTaJwsk4V5JLgGW,1786840368,2026-08-16T00:32:48Z,9Nc7QXztAZyyhrza7PMyBLL61YsL7NXbRRkHNcU3Vx7i,buy,1.3028000000000002,1220469.4964407105,1.0674580592135996e-06,raydium_cpmm
4rprNytSSSXLvjEV9KvFiBobHgMTg5pbYXpTzrdS4ySPxjC5yhUhZ3R6kvkNQCLRfU15mJ2RDNMXURauiB6PuroW,1786840391,2026-08-16T00:33:11Z,EiBxtACDSdF4zKNr4QoJd9bew4g6pdHiWFz21qs3K8WU,sell,0.237849278,227795.325011391,1.0441359057219732e-06,raydium_cpmm
ZfanbNyx91FY3VagsqPJYrndojsVMAfj4dsFSE3d1sL5P7sdFUXwUpSG6wNPbyrCRmaPqdqYCFbWcWcPHoe1gRH,1786840442,2026-08-16T00:34:02Z,2AwjJTdTWCu6QjyZKvF6oVEd9TkQP1WYvVswFvDEySxn,sell,2.971068293,3017381.427245788,9.846512165059418e-07,raydium_cpmm
36BDxBzDvypP4QE49tddESe82rAfzwqeY11Kz834mmbJ37MzPyvteMVHtCXVN1Ub36D3iio6vpJXEW6Pa5czJGrs,1786840442,2026-08-16T00:34:02Z,5kidNviTucvoHuFGuPQUikWokMxsLZMncGrS5gK9Cujs,sell,2.922312353,3042155.786288281,9.60605754041774e-07,raydium_cpmm
2Pm1cwAYRm9G63Dungq2drccPzWBS5C4Vg9uS2kVoQUV4RT9eGb7EDA4AUkWMaoQPKzBwPWu5kff2nnEfZW9AC7K,1786840442,2026-08-16T00:34:02Z,DenZLNzBtE3L8T1kQFKh8oE7FCXBrdsM9xwCbsnKvdJq,sell,3.082173866,3248918.42774232,9.486769011131526e-07,raydium_cpmm
3hRMKh28Rx85L7PHrbfoHb2mcP7fiZBKPX5Reu9zMvAAfw2dcR2UaJqmAa6H9D2VLeXPgbAfJiqYVn14qdC9wkYd,1786840442,2026-08-16T00:34:02Z,Hedt6aVyFRvxpQJkrrqgZ3e3JxUNb7ufCVyYXMnHYYE4,sell,3.012977728,3097958.545040434,9.725687688182654e-07,raydium_cpmm
5o5REu7JBPhQLUwwL5USFuEmYsz6mgckKvcD9CrKXB4acGUKy6NaaTA1ntC7di3wprXDGvXQjrTYdaumPFmrwfrV,1786840452,2026-08-16T00:34:12Z,CJgBunSv2nagagWqBuPtQmrsPmPajewsZjvGyZhpNSzb,buy,2.01162178,2059137.289557744,9.769245548615414e-07,raydium_cpmm
5uaADVXYfEm8YHxNnc4Q22UXPGWQqZ3yMryXeuDYVJ8ypS3Qdfc6B7m2kimzbChvjJsfZaJeTs3cpsMLY9JAe9Br,1786840505,2026-08-16T00:35:05Z,D4jxiBiEmELbBtycKWqE7127RYKXrdRxKCU3SjWiQtC4,buy,1.3917124449999998,1407766.175647241,9.885963088722028e-07,raydium_cpmm
4BF97ZZSVyH95PKBp2fxegJzytjMmVToWMcaXBDS8rQ42rpG8XCxXPoP9DL8BeAnsZir1F7NNo48xaFckYyTGNpq,1786840505,2026-08-16T00:35:05Z,FMX8cSCPyFo4qTHTxuU1hYrWRXNU3NsTqxcL55jwR81f,buy,1.3566237989999999,1364551.836510756,9.941900063459453e-07,raydium_cpmm
27bZBS8zUvYwZbs2TTY8hKYPHBDJijXthbww6cnZquaGcqyj4PsqHjhnnkGAEvgDRZYnx4aSPYhva5Vf37r3eMUE,1786840505,2026-08-16T00:35:05Z,HoN94isvJN9KenCbtSPbc1uGHXsb1S4HXZnb982dwYtt,buy,1.26259635,1283727.610895687,9.835391396770353e-07,raydium_cpmm
5ib8T5b6GCiWgEyL9CVkw4XnwaX6yCa1i75uAMvrcf6PHQjNPhxsZtWipJHdBfA2sZGT2V7MZTntauKV9zu7jk2Q,1786840512,2026-08-16T00:35:12Z,EiBxtACDSdF4zKNr4QoJd9bew4g6pdHiWFz21qs3K8WU,buy,0.1,101471.902175513,9.85494485232305e-07,raydium_cpmm
YJ5Gr15ozN9L3fjei35Ru9giVV5VKjqqHsMBRYS436xt9rJPLh3dCZcMEL4rhuR7eHJ4Q7nzB2qRtMdjfZgLKCR,1786840513,2026-08-16T00:35:13Z,JHCa7HtNnk4UhenAr8znYWSRsQQ9c4FNsNXhRnsBBJX,buy,0.003441767,1406.111112048,2.4477205040980497e-06,raydium_cpmm
5M9c8oyH7KJWba8ekr2XDqdkq9FC7QYf4zVNr1nzpWprjogka6kxchgbfGUx7a1QGWV4PpbpkFpYqWiLb4vXUvox,1786840515,2026-08-16T00:35:15Z,EiBxtACDSdF4zKNr4QoJd9bew4g6pdHiWFz21qs3K8WU,buy,0.09999999999999999,101429.81350258402,9.859034197815261e-07,raydium_cpmm
aLB3rHTusnYeShsS4MRHF9DEHbugQ2ejnTFFKpVL9aWizfrGuEiTLLDZJd6yi5rUCPJLuQiFqNKz6u5aALMwN4P,1786840521,2026-08-16T00:35:21Z,DwKefQ1wxD5FtKsAkhM1fVWEmCmjFJix3qABHdjhHyBt,buy,0.04213928,40194.923669248,1.048373181318903e-06,raydium_cpmm
2cLVXAjhKHqZ3eDzax9XG5T3Yire9p5rbA2d28yPKJZtDHUE9AGh4D62g2z14hG68GP43hk9XebPiyx8MbADQY6C,1786840537,2026-08-16T00:35:37Z,3oFvZBPok8pbTakfe2ujRywJ7hRRzL4CNroCZ2JAv9NY,buy,0.025,25083.708232702047,9.966628445871925e-07,raydium_cpmm
5wseD5FaBtbWj7pz6zMB6txouuKVVVZCxMLNDqfMXeSiwTWpv9AosxmRsgxaSV5MhLQUaLZYeYNhvNizXU8g3nu6,1786840596,2026-08-16T00:36:36Z,ALvMeHkXBs2q6ZxcCjQHcu2FTnsFgs9bM73NfeuotAAo,sell,0.100072701,104610.30611735901,9.566237277590182e-07,raydium_cpmm
5wx3HJdMYxcKzNhvCYTPwnoYtnBicUr8DnbN8oy3A5Gcj34bWmWxVWWPwaSALsvfwnuiJJaYDUcvFMnayzgUWiZp,1786840623,2026-08-16T00:37:03Z,ALvMeHkXBs2q6ZxcCjQHcu2FTnsFgs9bM73NfeuotAAo,sell,0.10087469,104610.30611736,9.642901712459469e-07,raydium_cpmm
KT1RSqDD3u6A6h74gdSXkkJq1Jhvr8UyUccqBej7BSnW2pJfGqEpz4QxpjgZ6qvVJXr61ZfPKYmYfG1Ldfyi1Sv,1786840704,2026-08-16T00:38:24Z,CT9aXA7b5enTJcfELaE6mqXWAKWdu7jjUdTJXUoTzScg,buy,2.382767233,2396943.7622204,9.940855812122737e-07,raydium_cpmm
3qyE7zN1pG1SUaKJKxJPozsEGoC1dw4YghHyHh7nJTUrZ2UxK234dq7QZh8PV578sy1WNZiXQeUrigZADaa1TqZU,1786840713,2026-08-16T00:38:33Z,GXp177AWFe943QKiBgMYeUqUQipPFPVkzfnt9ocuhoHc,buy,0.28800169400000003,284917.061723806,1.0108264217577262e-06,raydium_cpmm
3dYsRg3YrbBMD4mduWCF6CL47ua9PdsncfRmxiSHRGQq4rPqC2MGJTu9tBLH36Hs3vv7qus1GVat31cS1PSjYV7g,1786840716,2026-08-16T00:38:36Z,9Nc7QXztAZyyhrza7PMyBLL61YsL7NXbRRkHNcU3Vx7i,buy,2.03,1993445.5704850126,1.018337310060637e-06,raydium_cpmm
4ojfhP3bixDSFkkvQA9PzMzCK9ZkRZoUN8bpAcmvanAkQHHhhBfeoYDUwEUDXSDZSUvxCFcH1Atq1soj8Kcgn5hB,1786840990,2026-08-16T00:43:10Z,UxDh5iCXxKKfdKeeXptm7PN7YmHb1r53H4fi9WzhFbT,sell,0.099168463,103129.85982941999,9.61588265164209e-07,raydium_cpmm
2jyAUSLNwtaRoR5jFAk8YjBUzdDLhvqAhwDJVKTj4cPUWUwMWvRDPuAcd1yWKLE7hupKDm1B9XckJiVt2JCTuCmZ,1786840991,2026-08-16T00:43:11Z,UxDh5iCXxKKfdKeeXptm7PN7YmHb1r53H4fi9WzhFbT,sell,0.073598236,77347.39487206502,9.515283109629452e-07,raydium_cpmm
2t6NYBvmb19zN3JY4ZiVVeffz3BPbXaRHsrfsDisy1G7o1oYLenLCk2PSaL4yd1KofPX6Wrv4uK3NBQZhbQY9ZVb,1786841150,2026-08-16T00:45:50Z,46GgdrYrbGmy6edQpU2fsAhg1TjEhvt4voJEjofggDqv,sell,0.547081511,550213.048921433,9.943084993575277e-07,raydium_cpmm
4sGZX4q966THEZ3jTD1GNPd9ryEsCY7xYKRNrAajePejhxPzRvUr6Yuv4CU42aT9SE9XdJxfkPy5e9XHaysnNXm6,1786841343,2026-08-16T00:49:03Z,3oFvZBPok8pbTakfe2ujRywJ7hRRzL4CNroCZ2JAv9NY,sell,0.477220799,478711.719673664,9.968855563538733e-07,raydium_cpmm
eFEvPbaU3f2oRQbdW4cS9vUzgBzze9JvrXjyBaTgXUdto9mxFVqehxc7CtRmfCLRY2qSXuJ5K5RxPQLJSndxF2P,1786841440,2026-08-16T00:50:40Z,2BKqXUifh1GJ2C9eWYGy4tZNdUtWhewUpMpfkizfgVT1,sell,0.027972321999999997,25143.155034703,1.1125223529581763e-06,raydium_cpmm
3bry6P7KFdXoQZoZV8e1j382svsidNwhFRCRzFpbv6Bb3an5cdHQMFn4Ty3UQxkFBAtaUmw1A7AtDdE27tXN4JiJ,1786841440,2026-08-16T00:50:40Z,qBeNBdXyMMPwauRBG2by1WVo3Y5uv7RteKGE25yjKW2,sell,5.846439884,5683750.379800254,1.0286236187954236e-06,raydium_cpmm
49WJA1A2M6eVjU9fS3bWzx3gb46nr8wnj1kdfJUqbnE3PRAnyrvBvaYwYGVoE6EP9g87jygPDB3tkuevV4Bwuf1h,1786841453,2026-08-16T00:50:53Z,2pcAKwP8tGgCMfNVKX5iaUyPq1G5tqB149QFZjarEz6E,sell,0.548407977,542209.473419834,1.0114319352280413e-06,raydium_cpmm
oBLXZUCrVXgeA4UKMiAJfyhbAyBTU13bkeEKSUwSyKojMabVkLTe4aVkWeqnXvtYdPyr2SDyVPhrdJSgdkh7a7q,1786841489,2026-08-16T00:51:29Z,FDHKhuR28AQ9HbGnZmWR5JnVXdYDSCiWRFA5Pjtoapfj,sell,0.397778515,396592.878970851,1.002989554507952e-06,raydium_cpmm
5GMNrP1CkwZnYqAh1Gxy9hpRDNKVBYA1Xp5Yx8nwc3kApANhUjccKXH52NCiWRWjbxKDbkbkaqoBNcwshGgn1h7M,1786841504,2026-08-16T00:51:44Z,EiBxtACDSdF4zKNr4QoJd9bew4g6pdHiWFz21qs3K8WU,sell,0.204172037,202901.715678097,1.0062607717123415e-06,raydium_cpmm
ZjFd1P1vUrQ6Dr5MWBKUKV3R1FyP37zvxWWGZxKd6XW3gbzug1utW5bC33U8RetwF2zYzosSAYCYyS36VsaBWt1,1786841580,2026-08-16T00:53:00Z,Bc2FpV584T1bKBp21xP2xzUH3tATBCvL85Y3ffubG6Yo,buy,3.002052503,2921706.461133167,1.0274996968161104e-06,raydium_cpmm
6A8V6fuiTDrEuMSUgVLuCXU2Lfor4UHG3p1ASjKBT5KPgLsB74vn3NqqjXwQQ3xTUWgeTgq3Mz8NP9LqhnXC39s,1786841644,2026-08-16T00:54:04Z,3ASntbRgYbkCsxeFZDN4vEiWZcBemnMAGYRyrJ73rGVJ,buy,1.0130392799999999,975796.497839141,1.0381665462453815e-06,raydium_cpmm
3SP6ZHityx4YaCAvyZhefhZ6jfyWqN28BztWVHG7bH6Yrh9NEXewjpAcdqSXZRYzG1fNH5AyLc88ErK8oykrkf1B,1786841671,2026-08-16T00:54:31Z,rAHF9X8b6JfP5DvM3b1RhuJVco1NZ9RHsxJvdSVWixf,buy,2.9020508539999996,2784087.120354009,1.0423707048474084e-06,raydium_cpmm
2ADfyxEa9Y9yYohtG4pa9SQjbpwQKb2DcvwmxzftnTt8GCsVrWDCr5ku7NW6TpRRTE1qKiB4NJ8P8yTcnhWgCyBU,1786841800,2026-08-16T00:56:40Z,CT9aXA7b5enTJcfELaE6mqXWAKWdu7jjUdTJXUoTzScg,sell,2.479217655,2396943.7622204,1.0343244985870615e-06,raydium_cpmm
2Qbg183EMp7Q5t5ukgFdjQWSi9zsh5zPVtipBsrY4p9UALxWJhdHpz6AVgDaeuzP9kY5Lj8FeLgRUEDizXGcoN2M,1786841848,2026-08-16T00:57:28Z,vPczFpjUEeMfYTtPkwqNYdJXvFBB1dDVBUA4sbMocQe,sell,0.040526508999999995,39419.019285005,1.0280953137618085e-06,raydium_cpmm
2h5TPvGtXw2ewKbQRLKwxvGFa2t9pp9o5C4oucaE4UmuLkAT84e96rCQH3MVU5YrJ85t4eeTDtLJEc2BeGjEp1dq,1786841952,2026-08-16T00:59:12Z,CT3qzY7HBP72LuNPA7qNGX6msmtUwM2y6RvwQ7W5JXJN,buy,9.00203928,8506798.202759271,1.058217094779572e-06,raydium_cpmm
2565vewMAdZjdXNVjpRmyXxympyh9qdsKpfMvrc1Au413iEXe7WDyJ8cTsfNPnHyRHx1xAQ5c5qFiaxVeMjSWrwF,1786841956,2026-08-16T00:59:16Z,3T4di8HBeLujDhS5hhhA79PBFBYkVCAfJP4qGLf8FdFw,buy,0.578125,524364.881648884,1.1025242540691614e-06,raydium_cpmm
3bp3z7dzLKtEpgD3gedTsJ6MrQajEZkytn1gNzmqWUHqHDUM8zFK3s6ySQqb9XH5PfMp2yDmreg8gvbFmCPo8A2N,1786841956,2026-08-16T00:59:16Z,4E5zARdejTv2nK8gBKoRQbMDHUnnqZczqiDkA1TqtRp6,buy,0.451875,407040.197559722,1.110148340898689e-06,raydium_cpmm
2mweS3pdm9nF63ACjeViGoyhHcEswSSwjteZsKnYXZJdfsEJ3a4cHbuGYahyVySgsn4dXzhEBqvYpMKdnhZ3btuZ,1786842071,2026-08-16T01:01:11Z,FfXHYjcpLxqbCVEx5AFT7Ym95pgBFLiKgoH3bJq75TqZ,buy,3.716012317,3407601.413830939,1.0905067423429476e-06,raydium_cpmm
vNQ98qKhPbUqhgLxaxd7VUHpfwLLEJz1CXavXgSEGLvJNaTUDsQ8G5Nqk9icrKNEGaiUKS5aSukSeisZtaCYZxk,1786842071,2026-08-16T01:01:11Z,FfXHYjcpLxqbCVEx5AFT7Ym95pgBFLiKgoH3bJq75TqZ,buy,3.954278516,3361137.666584888,1.1764702634205928e-06,raydium_cpmm
4GVWfsTVnm6PZThBv9Ax1kzFBLWSmombUMnv1L5QP4QtV5DPvoQWsPKhBC9VsHvc6tVtTVXEgQ1Vbh9qVRt67GN5,1786842072,2026-08-16T01:01:12Z,777777UupVYr364fUHXwqBRMnNaVcpAw2z3uhFkspnNn,buy,1.000853663,789267.431879651,1.268079262584614e-06,raydium_cpmm
tSdQANKoNembREgq5FH2rvPQsc66gokc5pRS2apHKwgJj5JHhWyBRArnHn3VA9i43kNTQCJ6VP5rFg8ojZKdkWm,1786842072,2026-08-16T01:01:12Z,FatpigGT9U4fzPZPu94Q3WeZvCKqewjWJbZoQRBQWYyU,buy,1.000853663,792110.318564528,1.2635281217062786e-06,raydium_cpmm
3uM1prufyxwjVXwyg2hzDRwXKHS1cvbQ9fREcBs5XjYESqvz19AEbnJ5J9s15koWbe1fBWZMzs1jtJFMgRLs25yY,1786842072,2026-08-16T01:01:12Z,HACKERamoyuTkkbuVnSWPNc5a5TDQH3U9vpp6zbrRKTe,buy,1.000853663,794968.598206218,1.2589851539524265e-06,raydium_cpmm
5yecPfYGVfazNMLseVFgoJe6HR4uHbZaKnzfcjH6vLpSx6qtFqxWavV9j4cd51ug21GXjPh4HnW665HTtZbTrWyu,1786842075,2026-08-16T01:01:15Z,777777UupVYr364fUHXwqBRMnNaVcpAw2z3uhFkspnNn,sell,0.967425773,789267.431879651,1.2257262037229414e-06,raydium_cpmm
3wVJoLfVdLp9B5fBh1E1pgLbY9zqtucTAaicMzWxv4FTM2Wd74iMLXNMFKmyQ8VGMp2NcoByhtPns3UhC4Z7kjpf,1786842075,2026-08-16T01:01:15Z,FatpigGT9U4fzPZPu94Q3WeZvCKqewjWJbZoQRBQWYyU,sell,0.977921022,792110.318564528,1.2345767995702927e-06,raydium_cpmm
64sixpyH9nMHH1LMFdkW2U1rW2PvfsjPsQaFpftU8noF8pRG1CKRHQv1dFB3aSRwQstMmyhNcAoeQLsKdToG2MDf,1786842075,2026-08-16T01:01:15Z,HACKERamoyuTkkbuVnSWPNc5a5TDQH3U9vpp6zbrRKTe,sell,0.977923529,794968.598206218,1.2301410787880238e-06,raydium_cpmm
44ro1TKvksFjGhoy1CQSRANDsQjrv7MgF2Wk5rduYBHfs3jBPA5jY4w5e9j1fC35N9HHmGizA9heSWb5sxjvdYfb,1786842097,2026-08-16T01:01:37Z,DwKefQ1wxD5FtKsAkhM1fVWEmCmjFJix3qABHdjhHyBt,sell,0.049117055,40194.923669248,1.22197159532307e-06,raydium_cpmm
3QcnKSNCkPcsUogrHJRvZP6r6mVjYVTGDHjAYfnap5q6jiQfptbhv3Lz5bXFjXUySoYBnJ756TMek6vF6iApMHQg,1786842144,2026-08-16T01:02:24Z,2DCW6PvdpXwscZVanFmDLB7svT2STkUj2SuXSMR6C29g,sell,5.422821896,4469037.208418345,1.2134206190507894e-06,raydium_cpmm
3DeEA12CqvgxPVPy14a14pd5WbWxY7vJjt7eWXcT24G49UZGWg6fgde22uHxqBWKMXDzxe4FMYE3Z1UKNQ5RxpjH,1786842329,2026-08-16T01:05:29Z,6DqwStHBhuxWGutooviZUgVDhT3F4Dy5pAiP2YErRCEe,buy,0.20303928,161309.051255175,1.2586973788520513e-06,raydium_cpmm
xjv3Ut1ZfBdoK2d4PN3b27rRxiczwARGcPf4wRwf7grozzWhyhaHWMvwk7zNzW5uAwRxwY4S3avGpUqsoihUWh6,1786842395,2026-08-16T01:06:35Z,6DqwStHBhuxWGutooviZUgVDhT3F4Dy5pAiP2YErRCEe,buy,1.5010000000000001,1193896.818787673,1.2572275730864003e-06,raydium_cpmm
f9J88b8Vui1g57ZEpa6oL7UDwaGQN5Nu5PvExDNMy5F94xg2F8o9X4qz3aMe2SaWgGxQVozVfhGz5LCjvjJJB7L,1786842623,2026-08-16T01:10:23Z,3T4di8HBeLujDhS5hhhA79PBFBYkVCAfJP4qGLf8FdFw,sell,1.8360880899999998,1523103.420000408,1.205491410425372e-06,raydium_cpmm
5pbi8MqNYiwQDPvTe8MkH6Limhxs459TUctKHp5LyT3UpGcNkRdB9euGUA2rDR8MdNSQg4JB6pcrm18PvbgpC89y,1786842623,2026-08-16T01:10:23Z,4E5zARdejTv2nK8gBKoRQbMDHUnnqZczqiDkA1TqtRp6,sell,1.430094687,1180867.674526358,1.2110541408237008e-06,raydium_cpmm
3ag7B5KHP7harq2EdkEpa7SxTzzkSVHGZM5sR14dHRRVx7D6zuqdf8ZoiGuMX1SnMUQtvGvp7NmxmYmbVWmtoXtT,1786842669,2026-08-16T01:11:09Z,6DqwStHBhuxWGutooviZUgVDhT3F4Dy5pAiP2YErRCEe,buy,0.041,32353.281507034088,1.2672593965804052e-06,raydium_cpmm
YeKS6WwM1fTVD1zvYKEdEZBXKoxNzFk8cnGVuBu4F6iLp7tjgHV4BMKvPJrzsx6mzPG2yYyQ6woA1JQdpqvZ8Nt,1786842699,2026-08-16T01:11:39Z,D4jxiBiEmELbBtycKWqE7127RYKXrdRxKCU3SjWiQtC4,sell,2.0078293449999998,1698087.016848488,1.1824066287994877e-06,raydium_cpmm
3roSm8TQk9jsCcUZbX7UPRBDDVRFexRxFzuQD2Th1XafrTXNiGD2yZiuArZefa2ErFvqvecQGFDE51m8ef1D14pu,1786842699,2026-08-16T01:11:39Z,FMX8cSCPyFo4qTHTxuU1hYrWRXNU3NsTqxcL55jwR81f,sell,1.993089522,1661943.7238949873,1.19925211265814e-06,raydium_cpmm
3SVmEV9HMFJwdjyCe4qGCbRJcPwNMxqGYvjWjpDrCFq1g4V87rN2wJPTctozEHiKRZ1aNP3xmnx5pwWXYW5T8EQA,1786842699,2026-08-16T01:11:39Z,HoN94isvJN9KenCbtSPbc1uGHXsb1S4HXZnb982dwYtt,sell,1.77910659,1494277.866377626,1.1906129576240365e-06,raydium_cpmm
3tVSQArCkD8GbrraWCqqXm3piUvrBMGLdkjZfhAR1kTPmvpLc1FbNJYMNtm6ZRi6x3bjY3TVEj6AHV9C8Bp2f5u,1786842701,2026-08-16T01:11:41Z,D4jxiBiEmELbBtycKWqE7127RYKXrdRxKCU3SjWiQtC4,sell,1.087857678,933947.859266669,1.1647948728681494e-06,raydium_cpmm
hkAeqf3hyBSE5uSHiZQqZypJ5Yot1hiwjYgt9ckzT9JbU1KYqCatLEUrsmKY2mWzckYeQSJf27XBkUmsEVs1bLM,1786842701,2026-08-16T01:11:41Z,FMX8cSCPyFo4qTHTxuU1hYrWRXNU3NsTqxcL55jwR81f,sell,1.069003259,914069.048142243,1.169499460869664e-06,raydium_cpmm
4yqdyio5UwP7Cbgo7cE5S16rp6b26qLxq8vn9yUaBjZXcdEr7T1AzU8eVxH41eU9m6w4yvgMukFLTspbeQpcPJC,1786842701,2026-08-16T01:11:41Z,HoN94isvJN9KenCbtSPbc1uGHXsb1S4HXZnb982dwYtt,sell,0.964543216,821852.8265076949,1.1736203671631093e-06,raydium_cpmm
3AvTi7qfoo84AbZbjLrnMjhn1JMcjonuKknfu755ATzKGxUzH5uALNUYS8moM12JCGVvfuipW6JcEdrFDPRUoS68,1786842702,2026-08-16T01:11:42Z,D4jxiBiEmELbBtycKWqE7127RYKXrdRxKCU3SjWiQtC4,sell,1.31191519,1141491.827992596,1.1492988016454808e-06,raydium_cpmm
4VyiTQR4kUVUtHmiPGoShvQ2C5zXo5zA39fxdfbY8siASFzxP44nK2gMsZvNhnwR9XcDsBhHz4ZdJfBMLeciYFPA,1786842702,2026-08-16T01:11:42Z,FMX8cSCPyFo4qTHTxuU1hYrWRXNU3NsTqxcL55jwR81f,sell,1.290318717,1117195.503284965,1.1549623259366772e-06,raydium_cpmm
qXj5cXRbzpX6JLYHP6Fj5LQEYN1YZX353XgYKWRGQjM3zojmzDnY3L4xMPXvtjyn6hmGiR9RFWYj7gCwonqcyqn,1786842702,2026-08-16T01:11:42Z,HoN94isvJN9KenCbtSPbc1uGHXsb1S4HXZnb982dwYtt,sell,1.165260032,1004486.78795385,1.1600551107034934e-06,raydium_cpmm
3dwtNejdgahyfUsWYX2Q75o7kyXsMR4DVRSaQ7uUMx7Q8xXooyjvGyCnt5rnTQtomCcfNpE8XRfVBac19sDJhZ6V,1786842783,2026-08-16T01:13:03Z,Act5xzJ7DhXrdNKbRw1yTzQUmT4hYtAPgFKTP5WzPBva,buy,0.5,429012.835502052,1.1654662952330443e-06,raydium_cpmm
4JdpbvgsD3LLRxVwLKv43LsA2mY6Bq3UmGJm24H1zaYR1ndjSTB1yvhATCNahX8CPf1TsGgf18gd9smzEXFwr77D,1786842783,2026-08-16T01:13:03Z,Act5xzJ7DhXrdNKbRw1yTzQUmT4hYtAPgFKTP5WzPBva,buy,0.5,428210.6052318,1.1676497356466423e-06,raydium_cpmm
vZgFpPbZn9x9QxL7QT3fNRrqfdP4xsK9pX342kMVz5bXQ2j5ZHwCRUAQwdoLn4p1DMAJiqSYhEPxbeXRK2URQYr,1786843288,2026-08-16T01:21:28Z,DoYfpDfAzzYReVKkjhN9uG82298gBABKQL9uRHt52h8P,sell,4.63005527,4092061.83024615,1.1314724610897406e-06,raydium_cpmm
4diq5L4RpoJwNS5N2DfFfjKFENzASCg2NpXFFdaeNu9gVbof7nZWPx9jzmC935ijbBX9QRFJREfEEQGpvTLgv1nw,1786843305,2026-08-16T01:21:45Z,5e96SkPWmHz9cizDSqoqVahvf6QQjRS9xdJA7ueYuvD1,sell,2.602828118,2331921.801446204,1.1161729850399727e-06,raydium_cpmm
hWR4YpyrFCf8Rk6o1nDJQNV5qti4fwEjGLQ391jygt6NNXfNLTJvT1qcXf5XCDBPrqhNmh4qmw3Gx8M2mLSmhWD,1786843601,2026-08-16T01:26:41Z,6DqwStHBhuxWGutooviZUgVDhT3F4Dy5pAiP2YErRCEe,buy,0.041,35076.79999254388,1.1688637506475846e-06,raydium_cpmm
2bhCk41ex9uT4hYfsvgVAzM1ohytJDYppirR2aDSTuUWBvmkkcQLX162ZJj1fdDnJZmQ2GqRcdGZatG54updDRMV,1786843678,2026-08-16T01:27:58Z,DoYfpDfAzzYReVKkjhN9uG82298gBABKQL9uRHt52h8P,buy,2.501717993,2091108.567536055,1.1963596877936206e-06,raydium_cpmm
xUmxNX9pWqaSMBHzBzCaKim5sizkKWmsm3ue3UQWS93qF2AdtP9A4mUhNNchkbaLTRpekaG9zYiJUYofoL5F44R,1786844054,2026-08-16T01:34:14Z,3o7YPX68tAMJdYH6CeqNpvcNe9ZGcgFzBzVsoUQZgSbo,sell,0.262586417,221541.017331012,1.1852722361009144e-06,raydium_cpmm
5hSWSHGGJbCmuQ2vMGy8fADtcYnNRawfXb7PMbFyvWfFqWxwf9Vg6dpj6ihE6NW2x7hgbJF97Gm8A8oqZ8pFBoP7,1786844658,2026-08-16T01:44:18Z,UGfQVLpznwXaXCPfobLzVECmZuF9WSj1cmGKry11piL,sell,3.84734964,3289902.28298112,1.1694419192638612e-06,raydium_cpmm
3KdgXA9maxfRJG4551sqfAkYPv2ZwZogqowhBQGk5BGcjtoiMF1UBFbjruPAXk9VwcFxtTzB4puRrWB4F4RbZ7rq,1786844993,2026-08-16T01:49:53Z,DwKefQ1wxD5FtKsAkhM1fVWEmCmjFJix3qABHdjhHyBt,buy,0.052139279999999996,44142.291035703,1.1811638856222687e-06,raydium_cpmm
FUJJs7i2zgYLTmtVzMcAyhzMntPJzKCth4HBqTeW2Sk7Ub3Mz1tQhkV53gk6p7nRSsVfmY6DVHmg4q5e8ji38jZ,1786845004,2026-08-16T01:50:04Z,6DqwStHBhuxWGutooviZUgVDhT3F4Dy5pAiP2YErRCEe,sell,0.78361146,711317.975771213,1.1016331467659119e-06,raydium_cpmm
QbJQ3pPWcAYYDgUZD9ZdnCa7Ja3i4CkH9NdJtEcPGi27vbULgeEcatZ6Dc5GdRDkTGJdbhBRHQUh5BrybpgnHeC,1786845028,2026-08-16T01:50:28Z,3ASntbRgYbkCsxeFZDN4vEiWZcBemnMAGYRyrJ73rGVJ,sell,1.074457508,975796.497839141,1.1011081822688844e-06,raydium_cpmm
4zyT3LNH95zehuNXiHFu4P3F8DzVqV3ob7eghdZRVNaRF5c1QYyzcCnpC23Pj8mZK5AHSFQ3ba34G2phe3Kb9UjP,1786845173,2026-08-16T01:52:53Z,DoYfpDfAzzYReVKkjhN9uG82298gBABKQL9uRHt52h8P,sell,2.2837497620000002,2091108.567536055,1.092123956381152e-06,raydium_cpmm
5Q51SR7dABhiy3Ni99b5HEJkKYv3H7eisNmZsBhiHoPerCQyHL7Zy5s2hdrBmukc6AyEwfUXZ55pKsWKYHamKE7p,1786845279,2026-08-16T01:54:39Z,6DqwStHBhuxWGutooviZUgVDhT3F4Dy5pAiP2YErRCEe,sell,0.771810423,711317.975771213,1.085042764683686e-06,raydium_cpmm
5atZA3G9ZAYzyhYbwmpoBpDHDW4r6aygztv6yircHawKp8U94Xye26c7viisKWbCy6bQJiKC9LVXwgJT66oFmHj4,1786845350,2026-08-16T01:55:50Z,3o7YPX68tAMJdYH6CeqNpvcNe9ZGcgFzBzVsoUQZgSbo,buy,0.1025,90787.482627273,1.1290102669859524e-06,raydium_cpmm
2Aw47ffQ1bXi8k4FPha9qZNK3HQmsLHpd1361y2jSYYBuoVkkLRtBaGQKbgvRJQTydtzgh2p57KZgTp8BSP4bNtC,1786845404,2026-08-16T01:56:44Z,2DCW6PvdpXwscZVanFmDLB7svT2STkUj2SuXSMR6C29g,sell,3.610706603,3351777.9063137583,1.0772511496655243e-06,raydium_cpmm
12448sj7zixkr6kqbUa9RNfCFXvvob3ZoFyg7z89VdwrvzdMAQttoyTqEpHZ6mSDDbtC9uDskM5UHSaarXqT1kBU,1786845461,2026-08-16T01:57:41Z,Aj6mFhvswf5fJgX1kJVLXuW5UN6iDDWrm4KdGaEZXLQX,sell,0.18363680300000002,170836.051903064,1.0749300335282825e-06,raydium_cpmm
3bToPQXQEawQq9RreRu94NV9QdnPu4NLeR3hqqHBdhNwwZ92K6Ko4R4EPzVNHhFYKQ69MefhkcGRt46LbTEaf7W,1786845531,2026-08-16T01:58:51Z,2DCW6PvdpXwscZVanFmDLB7svT2STkUj2SuXSMR6C29g,sell,5.3178521860000005,5027666.8594706375,1.0577176918519849e-06,raydium_cpmm
51HVuG3wzxTpABxmuNeUaeGGD2BLLiJkRFRFQk8YVz71Pnvj3bAhxWLkcvRpgrUfEAMaVTopCjzsBxCd33Wudnn5,1786845543,2026-08-16T01:59:03Z,b8TXHpvWkirncQFk8evgCXHAcnqSjtjpUj1K6hyGA5n,buy,1.017039281,939173.068605589,1.0829093326856365e-06,raydium_cpmm
4qhK6xeWokEDrwo3DnmUpSKy2QH5yXH7A4r2WzL1aPjt3aqutWGVEL44D7kp5ihAmQi8wzBe7AnzzcRaU2m62qt4,1786845562,2026-08-16T01:59:22Z,b8TXHpvWkirncQFk8evgCXHAcnqSjtjpUj1K6hyGA5n,buy,0.318100001,290393.56032898603,1.095409969283153e-06,raydium_cpmm
tWXgSqezQxVsyD5WamteMby2DDX33YxQSPsLw7Tjpmva4Lnv2igHjtqynbAGPiDD5xEAgPi4XChQDgYaAvaiPaP,1786846198,2026-08-16T02:09:58Z,Act5xzJ7DhXrdNKbRw1yTzQUmT4hYtAPgFKTP5WzPBva,buy,3.9999999999999996,3376546.876149229,1.1846422237625753e-06,raydium_cpmm
54MC1bEXGk6MQs9sjfY2ADdKhMdvUaiudkHvhMpRCEt5dsSVZknFCSFksNZqrCzJfpMwWWSXUF9EJHeDf2JLU2aT,1786847315,2026-08-16T02:28:35Z,DbRmXgZLx3fF3W4xdan48oSi8HvaBBvvojrYHLV1PgkL,sell,0.192631553,166797.322131667,1.1548839665899426e-06,raydium_cpmm
4gMWerZv1qYX3Gka79kC9yPFXeW1qtqFZBKMQyv2KaKPsekJpfcFNbS8kDy25a4J6LdnEVHHukX5eHXXUuwiiyun,1786848047,2026-08-16T02:40:47Z,DoYfpDfAzzYReVKkjhN9uG82298gBABKQL9uRHt52h8P,buy,2.001607135,1605413.132828019,1.2467863218946418e-06,raydium_cpmm
4PPeaUKsyqGpy8r4LW1GBVPaNeRqYft7ozsz1jsoofc7F91owUzLSTqoXSVxULdhUdTh2WgXudYMs28Um2W6zNx1,1786848642,2026-08-16T02:50:42Z,EXgjdaTYUSoS33cKZREWNfCGba6i4PGhsW1VpDqDqevz,sell,3.214295874,2909607.550358225,1.104718013810578e-06,raydium_cpmm
5HUVGkzxvi3scLQJJMYa9FJTXVVsALger2AbFLNiTTDvGGfH9o7sA1KdPVPn6MJE1yrmKYNJhi5QQgQjiopXd5CR,1786848642,2026-08-16T02:50:42Z,FYTiZbk17NNPQ5j1aRH67mhJZH3ggYcmwbQqqEN9GAk5,sell,4.744389319000001,4226756.242736615,1.1224657980106852e-06,raydium_cpmm
34r7dgjKASeg6RFwwbTHzyiFSqRsvBNGkJLDAsFxT5Ewb2TE5kPg8LsAxoUKgxUaXMS1fXxYELcmN7jRjQkYQLKf,1786848672,2026-08-16T02:51:12Z,3KEdzpSYJ7sXfHKpVhSF2Qj6ZAjd3Q3dugFCZ4umWvkR,sell,1.134363186,1034884.3930262718,1.0961255128051804e-06,raydium_cpmm
3nC5VAT2yKw7ZLiPieCYZvbvAvtZKRVevTZXseeBTWBi4UbraAee6u6b9BfkFCVNAZP7Uszd9JgNdfgiWyX1oNMb,1786848684,2026-08-16T02:51:24Z,3KEdzpSYJ7sXfHKpVhSF2Qj6ZAjd3Q3dugFCZ4umWvkR,sell,0.9678295840000001,886585.4595056064,1.0916371046054583e-06,raydium_cpmm
4L8LSZMyhKCKpWyeqGsTGtwXQduewAuPdmRMWmKomZTNAt2zzcW7bTwnZ6vFpwQXV2b3NQU4CZbRmvztECPRUC8t,1786849185,2026-08-16T02:59:45Z,3o7YPX68tAMJdYH6CeqNpvcNe9ZGcgFzBzVsoUQZgSbo,sell,0.236035149,217024.654186481,1.0875960147697506e-06,raydium_cpmm
L92QPeT1m3k9i3w7rFUoyBdBDjEVEXBHpJhk1qKeYqKrhs4GjNgume2nYVM1mxu8CUFo2RQBW3NYkct4bhCBXxU,1786849411,2026-08-16T03:03:31Z,DwKefQ1wxD5FtKsAkhM1fVWEmCmjFJix3qABHdjhHyBt,sell,0.047802765000000004,44142.291035703,1.0829244218732634e-06,raydium_cpmm
R9bUcmLGMCfA2Wbih3Hdv3T2EVUgy8cS7S9mSGb2WBh7dvoL4ngoVU7UWoUc9gJ9qwWTi3MwkT5xRULYVRbRCcg,1786849594,2026-08-16T03:06:34Z,3o7YPX68tAMJdYH6CeqNpvcNe9ZGcgFzBzVsoUQZgSbo,buy,0.1025,89720.024448782,1.1424428451701284e-06,raydium_cpmm
2yAMRLAGxNBF7dBMmtHRwkpBP5LfjoHFf2oU33gpQ1YFwTKqphF4q4a47q4Gs3TQJgePL76PTaFnfsodCzrSiua,1786849877,2026-08-16T03:11:17Z,EXgjdaTYUSoS33cKZREWNfCGba6i4PGhsW1VpDqDqevz,sell,3.418734988,2924776.950059311,1.1688874216307922e-06,raydium_cpmm
oKXZ4J5dRFGMHX4rTWVUS8rRX5UjAsymb8r8pYYmL8eCFNop9tiQmy5KVoWcGs9Zxkg5UMY728X4PJf9vceU68G,1786852216,2026-08-16T03:50:16Z,DoYfpDfAzzYReVKkjhN9uG82298gBABKQL9uRHt52h8P,sell,1.771961242,1605413.132828019,1.1037415888573166e-06,raydium_cpmm
62pbdTBGoi5vn5g3dpeWyRyTXKUTY2hsJGnxSynyu75bf3cmNEqM7Eqe5sq2Sq5VSkEgYG5p1PabnnFE25njHsnE,1786852559,2026-08-16T03:55:59Z,9gAj3AB7qmWx5yuUeZwcCr3mroRKQuhMzJk9uAvcccLB,sell,1.353423539,1245304.290011564,1.086821550247315e-06,raydium_cpmm
4poUTkN2Euv1AK3XyzhoyaJKLVFrcUD4c9aJ4QBvdw9vUWNEg2HBfiFrtLnCRViKivVLtryFxr2xyo6FWYWvkUyi,1786852559,2026-08-16T03:55:59Z,GxSdvjfBEwpXTvvvfRN9vHAPZaM4ryQVW4ktaMreEw33,sell,1.266187863,1178838.990488156,1.0740973731074784e-06,raydium_cpmm
5mzPkz5AHSkgtmupEkRgtjSqQ6obq4kxDjuY5566Jezo58LfdEYxDr3xrJ9GojgpY9gQCYsdQmWgNEA2zvWFtreH,1786852559,2026-08-16T03:55:59Z,HbtWtGwRt81mTnx41rQdnzQQZzDG3RkvxaMA9KYkGCmb,sell,1.4969087890000001,1383726.395259909,1.0817953564576121e-06,raydium_cpmm
2zDETbdPjPuiKNo4PGZRPXfZpQYi2rRY2wygfcGAbLAKSKkLqVTL3MsVSDtFbXoXG5dNroggqyhHJyvPpvCDQoCa,1786857186,2026-08-16T05:13:06Z,3o7YPX68tAMJdYH6CeqNpvcNe9ZGcgFzBzVsoUQZgSbo,sell,0.08946603,89720.024448782,9.971690327734252e-07,raydium_cpmm
Ua1qapH3eP4fCBw9m6pbV6B7MTGx49FzXUP1GMBtbUZSevpwUVJsXDjhuh82t4PF6JeMkmYPH5FgWN4aHENkY9s,1786858723,2026-08-16T05:38:43Z,UxDh5iCXxKKfdKeeXptm7PN7YmHb1r53H4fi9WzhFbT,sell,0.055795157000000005,58010.54615404899,9.618105792666398e-07,raydium_cpmm
61uMXEkNUBfWo6HN5ZPnBuouaEVkHKmKvGhM5Pxun2hfDAnUKhe6Xevd2L7K4cGx9RfZm9P1JZN2Q4UF7fPw5HxM,1786864142,2026-08-16T07:09:02Z,E8VtaEW7koT1gy85BAx8WqAYbvjASZUXNCcuW5r1oS3v,buy,3.00203928,2898687.884037291,1.0356545444343464e-06,raydium_cpmm
sBrxc2XYHyhzegLz5UW7aYSETFcJzqC2uYhDLz4X9oLqdwCZwnxqD5fWEkxcJ8tZQAfSdfXLp4Rvb87poFYeUyF,1786864783,2026-08-16T07:19:43Z,UxDh5iCXxKKfdKeeXptm7PN7YmHb1r53H4fi9WzhFbT,sell,0.177425348,174031.638462147,1.0195005320172928e-06,raydium_cpmm
3hsyk56L8oqHmeB1scHZg8dCNdsVqaXL1uTrHA5MjKKfkLcdWZE9Xmnp1cMwtwftVpRqZjeBVp5UjhsoRhQsBQ4D,1786873507,2026-08-16T09:45:07Z,3pR6QRNxH5y9WCg6Gb3tuthRqn6vCH5uj9xPnva6Qwen,buy,0.36703927999999997,352192.076461009,1.0421565518684652e-06,raydium_cpmm
fMKVAN82ZBGZZjorjahp8WzzJGNvJ9k9zc6bQ9BnpnGfWwANQg25CksJCsH4pCju2wdJ2MZcLXiqrZRzswdsDss,1786873518,2026-08-16T09:45:18Z,3pR6QRNxH5y9WCg6Gb3tuthRqn6vCH5uj9xPnva6Qwen,sell,0.002239519,2192.0764610089827,1.0216427391265268e-06,raydium_cpmm
44W9wbMcdU33r1PiqBt83iizMJVEvWWtEg9kvFPZa5WXKChTidZQev2XgDvBn6PiysacMNgco2UYeQnCk7EypdmC,1786877421,2026-08-16T10:50:21Z,Ag1GPXzuV9wyCK2Ze5L9bYQ6kRwbEGpZ3yakciBJ7foY,buy,0.44999999999999996,434585.2003031871,1.0354701441421815e-06,raydium_cpmm
4sRXmFZCbMn4TzMLXgdUFU2fTFQxWe4XVNDg2NTwYzA5ocK8bouMZipgeeNMhF6FCy4mVo2Fgs1AD9rMfNY2yurq,1786883343,2026-08-16T12:29:03Z,2DCW6PvdpXwscZVanFmDLB7svT2STkUj2SuXSMR6C29g,sell,5.05718907,5027666.859470639,1.0058719504204518e-06,raydium_cpmm
3j59UorQRe36kAACmE4YND6SQFkZHWJgFLueUSjKoWNGw9yT3S8QaeEJVzMx123qwiD6jy3bESJ3KGthzLW8dA2N,1786887265,2026-08-16T13:34:25Z,3pR6QRNxH5y9WCg6Gb3tuthRqn6vCH5uj9xPnva6Qwen,buy,0.051,50194.782425011974,1.01604185805947e-06,raydium_cpmm
gZrqSiA77UuvhHms7tJZ1d1kKfvwsCrBKgN4JcEmNTmFhXKEp4xE8STA4NF4qsjoS3UxJsVkfZPD6P1iBBsLWtE,1786887277,2026-08-16T13:34:37Z,3pR6QRNxH5y9WCg6Gb3tuthRqn6vCH5uj9xPnva6Qwen,sell,0.000194975,194.78242501197383,1.0009886671655019e-06,raydium_cpmm
3K5uKQ4A8jLw3o3rNnyyKSsQqGgeCxAp5DRSg9npVj4BpWcnx151JfZAP6xVWBZYCEi7SkM2JqCHwDrGNAn7RDV2,1786888723,2026-08-16T13:58:43Z,Ag1GPXzuV9wyCK2Ze5L9bYQ6kRwbEGpZ3yakciBJ7foY,sell,0.7012654599999999,718888.0,9.75486390091363e-07,raydium_cpmm
342bw2vJbierPKVF1jcCAYQwhR7Nwfj1rMVoUaQvJctoyni2wy169vcVyrPAkht3CgXNQ6toJPvHkkv1sX1eUvoW,1786889207,2026-08-16T14:06:47Z,Ag1GPXzuV9wyCK2Ze5L9bYQ6kRwbEGpZ3yakciBJ7foY,sell,1.021906363,1051318.138975088,9.720239051484825e-07,raydium_cpmm
4ZMebnFysa7MpUhNq4Vr7PUBpvjKgzFfhXBZn6pNPuiQGZc58aCnDWybWBczpnYKXCbKt1oKNaccBJxUzvZZh1qe,1786890522,2026-08-16T14:28:42Z,b8TXHpvWkirncQFk8evgCXHAcnqSjtjpUj1K6hyGA5n,sell,1.180775544,1229566.628934575,9.603184701126342e-07,raydium_cpmm
3srZA7gogFAJK5Peix3zoXgbZfHXYfAicDaYutWHVd9sMW3QbAdUXUcs7rp37zyvVyTaJPY45nbULUzSHVej8Ev,1786893461,2026-08-16T15:17:41Z,3pR6QRNxH5y9WCg6Gb3tuthRqn6vCH5uj9xPnva6Qwen,buy,0.1,102504.52578055498,9.75566680968636e-07,raydium_cpmm
4gEtp8wo9XugSW27jTGTfjoS95AqwyYyQye7rPwGN4yudpujVMdMXCGJmrVDCt9zCbmmWAgNkFaDFUzTH6uFhK8F,1786893469,2026-08-16T15:17:49Z,3pR6QRNxH5y9WCg6Gb3tuthRqn6vCH5uj9xPnva6Qwen,sell,0.002426757,2504.5257805549772,9.689487003253189e-07,raydium_cpmm
2vSCvf4WgRvQ6tAaDHRshfLxR5tyJg1cP374Y7yDVoAVLnUctnhauUdhooW63qnsQNCgYQdb4SWw9ZThnaxpwD4q,1786896767,2026-08-16T16:12:47Z,8wHRoz2w13bvDuLFuceTdmL9r8MPH9kRDHZt9ehEHa7S,sell,0.477492626,498849.724417446,9.57187310382126e-07,raydium_cpmm
2VCqWcg4hHmGn5F1SfohMqzq1re75mfZqfuWJKTyRUqoaYH8MYeefzw74kBxw7xCsC7k7PLiQhmVBwUfGzw7LiLW,1786898487,2026-08-16T16:41:27Z,D73A6HfSWRUnwDX1qxq97pkjiGi89Bs3ySCTab4wG6vy,buy,0.03213928,30527.334180166,1.052803360107392e-06,raydium_cpmm
5v9k2idG8qML8vkvMiUU5qDxoCyEdg3YKGpz1NPU9rbLgibSedgFaebi2At97iEdaRZvYpqU2pmLkA1m9UNpXmQZ,1786898505,2026-08-16T16:41:45Z,D73A6HfSWRUnwDX1qxq97pkjiGi89Bs3ySCTab4wG6vy,sell,0.029156177000000002,30527.334180166,9.550842804657062e-07,raydium_cpmm
4q62b12SfzWdsAjuy4nKKvS2MmMJqaPyL4kyxL2JDP1fc4YYRTazvhp6FTfEPD6juKuy4XG1zf5aeYYjaYkVJsa3,1786902399,2026-08-16T17:46:39Z,6DqwStHBhuxWGutooviZUgVDhT3F4Dy5pAiP2YErRCEe,buy,1.50303928,1521811.591247032,9.876644971328882e-07,raydium_cpmm
3V7vtzr4TPWDqQi9bCjTeB6LrSSD5NuHaENt2iXgQpaCHSYWboRk2S97h8jiF4MmKLSE1nN4xPg4st7sijLuLAtW,1786902499,2026-08-16T17:48:19Z,6DqwStHBhuxWGutooviZUgVDhT3F4Dy5pAiP2YErRCEe,buy,0.501,505209.92029817495,9.916669880597549e-07,raydium_cpmm
5CWz7HGdYNtdRsLxBXrffBtvuf2RzRMY87vNse6EHqpkp9fXKjVz7DDNtDxYsVxN7owoPTPSXBLTRyZCV8Rbobvm,1786903317,2026-08-16T18:01:57Z,6DqwStHBhuxWGutooviZUgVDhT3F4Dy5pAiP2YErRCEe,sell,0.48809517999999996,506755.3778863009,9.631771093103472e-07,raydium_cpmm
3TyLKsnY8t7Z2RwVkvwwd57do1Yk5WMiwkMh8z2fNhsZw43AZNBd1CzZBxcFYLBPoke4mbwLLBuxmAra64VdyQqn,1786903519,2026-08-16T18:05:19Z,6DqwStHBhuxWGutooviZUgVDhT3F4Dy5pAiP2YErRCEe,sell,1.4603453869999998,1520266.133658906,9.605853571738182e-07,raydium_cpmm
4iK6Xpm7m8CcwneJPG9pDYeVR2P8p47vTcrJAjiYJH5xLbCsiekXJywmbBLuXotFmDupNYnvYHT3MeEu1cCMihU5,1786903602,2026-08-16T18:06:42Z,3pR6QRNxH5y9WCg6Gb3tuthRqn6vCH5uj9xPnva6Qwen,buy,0.197,202211.68514417496,9.74226587645224e-07,raydium_cpmm
28Fzx2SVZzfBksmV5p72kVjx6rrqHhhTrPePw1S7JgYE8c5CcRzC283vJmqqTQ7Dhx8P5tXhMhJbKJF8a4HP3bdg,1786903611,2026-08-16T18:06:51Z,3pR6QRNxH5y9WCg6Gb3tuthRqn6vCH5uj9xPnva6Qwen,sell,0.0021404949999999996,2211.6851441749604,9.678118088542312e-07,raydium_cpmm
nQBdu6Tp7hnkgd11bvJkvuodjhNekQsk9MBCtn1ZCeBfPbkDowteX7D6BKQMdapznLyER4ecmpPkR3iKKNa4eao,1786906199,2026-08-16T18:49:59Z,FfXHYjcpLxqbCVEx5AFT7Ym95pgBFLiKgoH3bJq75TqZ,sell,5.7567791800000006,6768739.080415827,8.504950643844793e-07,raydium_cpmm
3erokzncmjne8QgPUdNYPZRPTtzz9T5F9c4TgUmabm1ytxwCHQPh9rZwT37Y7s9GaoTzYofR8yimFGzaJzbpt5Vt,1786908017,2026-08-16T19:20:17Z,3KEdzpSYJ7sXfHKpVhSF2Qj6ZAjd3Q3dugFCZ4umWvkR,sell,4.4077344499999995,5300333.30885174,8.315957116581574e-07,raydium_cpmm
3mTbAAgo1aggT8eywvXj1ficX3FLG7cS5mNCEHnYNYyLMpP9vc9uT9wKctu5AFfMiusov4bpPGd1Cmc1pfqpT1zU,1786908160,2026-08-16T19:22:40Z,E8VtaEW7koT1gy85BAx8WqAYbvjASZUXNCcuW5r1oS3v,buy,2.0,2382014.332011348,8.396255106959078e-07,raydium_cpmm
37VTpvRcQhf12gaHVSxpKZc8QCkbWzTR7bSTCWy8g3fXfYbsoxeP4DDeaxpZjtHqTFhYBuy4QqWFG996sDJZyxa,1786909420,2026-08-16T19:43:40Z,GXp177AWFe943QKiBgMYeUqUQipPFPVkzfnt9ocuhoHc,sell,0.2383741,284917.061723806,8.366438238475026e-07,raydium_cpmm
4b9YZRYZBtJd3yy8BwmHJTNc3kGa2EBkYhx2j1NNRyjwVEaejPhsjNyh4ayt6L1w5exL3ULyajtsKcjtTrQzTxqs,1786914703,2026-08-16T21:11:43Z,4iDyxGxPRC66QBNwYqMn74VtVm5Moy1ns4w3bAqYGvRG,buy,0.50223928,587347.192416711,8.55097779447069e-07,raydium_cpmm
23HGe7Umh9MsTjPJpAhyPmBw7r4AFThrTxiJhBgBMhbZrk3eEe5Rt81Aok3rD3SsVzKNYGvaBsPZUQLtsrptAWfV,1786915937,2026-08-16T21:32:17Z,4iDyxGxPRC66QBNwYqMn74VtVm5Moy1ns4w3bAqYGvRG,sell,0.48750526800000005,587347.192416711,8.300120853461488e-07,raydium_cpmm
64bmb3EtpoGzeUDw8iKwPUhDBfoQqU2RPUDdV9XQFMuiFboNfK1useaYVHTNyRyF2rGPoST1fBB98LHnNpgnDXiq,1786919778,2026-08-16T22:36:18Z,68gwUiYYRgbUU1PsRfuRYzVVZkvJjvd7zDvv8yqkbe42,sell,1.9696846860000001,2373910.096071888,8.297216854417696e-07,raydium_cpmm
2xS8ZCqh2BSYd82tLSYpqcLE8dxiN4jeZ9RnMfoVKSNnWH3iJkB9mF25JfyvfXg5VnPcPh7zMucz8LtmdgggCtaZ,1786936463,2026-08-17T03:14:23Z,AfJxRN13AQoLqgPCzaSBQb9z3YtaMwkV1GRnzaEB61iu,buy,3.042039281,3571289.884696818,8.518040761785575e-07,raydium_cpmm
4PbHUhVBLf7cLJ7LwbnqjipPGAXQfViEvcWFDd1ueounZxMZVqnEdC2ezNi5g3w14cubnHeULvdZCdHtXV9obUPP,1786936480,2026-08-17T03:14:40Z,4iDyxGxPRC66QBNwYqMn74VtVm5Moy1ns4w3bAqYGvRG,buy,0.1002,117045.508860322,8.56077272640808e-07,raydium_cpmm
cBL7pdTexX6HAF84Mi3bJXKjj3SAYojFRxQYznMqiYnkgDzvT8R67KyCLwMUz29x67kqc8WaZGVJ3AiMvSNTDzk,1786936585,2026-08-17T03:16:25Z,AfJxRN13AQoLqgPCzaSBQb9z3YtaMwkV1GRnzaEB61iu,buy,1.0200000009999999,1179418.2869291892,8.648331235017042e-07,raydium_cpmm
4SX6uGJQ3tmTymnBqtkLCXCfty766MMgpDPJZU1gRL6yUN4Z51L6htFuHZsS7gYSui4fdy7DohZtiUte7Ek1B3ca,1786937945,2026-08-17T03:39:05Z,F5CMB2ofwmm9TmnbuqctDb7hcvm1azTxnVckzxqFiSeC,buy,7.3520392800000005,8503570.12194689,8.645826605257361e-07,raydium_cpmm
GW46b1QP5VaCMcm5QCVJ8UKsWWwmaW7KyfHrSTrmZQwbUKRag96xSymvcK8TcQk49c3wWnxQqDMtiTzJug5NsGk,1786937983,2026-08-17T03:39:43Z,AfJxRN13AQoLqgPCzaSBQb9z3YtaMwkV1GRnzaEB61iu,buy,2.3330000010000003,2608215.8681531344,8.944811775307489e-07,raydium_cpmm
5QYS4RfmUkMUmTLFJoro32UU4peF5UxQekkn181xCGzVXfhP3Y1n8sGGtGnLSPXow7jaAdS7jNcfhBXrtBSdUv32,1786938087,2026-08-17T03:41:27Z,F5CMB2ofwmm9TmnbuqctDb7hcvm1azTxnVckzxqFiSeC,buy,8.6,9518135.660866935,9.035382880029986e-07,raydium_cpmm
idmMUGcG5FEvex5a3gk1XUBEiEiPgi6F5tzViYghpQZmfpcPG55aUXXTiRCZf8VDWbxRT1aJS8QNohnmJfKS4MF,1786938109,2026-08-17T03:41:49Z,B8yBhhYtobPkqY27vij5cwvhuDkPp5no2JZcxkA8UvYs,buy,3.0268360739999998,3235900.456066308,9.353922084734165e-07,raydium_cpmm
31RyL7JzkKuKUprmFLejTAq7qDh16VvmkmZQEsG7EzzfQz83cZAb6HBG4HezJyqRqBVWh2EygSEu3s4LRRR8Nmcw,1786938113,2026-08-17T03:41:53Z,B8yBhhYtobPkqY27vij5cwvhuDkPp5no2JZcxkA8UvYs,buy,1.004798785,1065210.3884273502,9.432866933296244e-07,raydium_cpmm
2WfsRWveHPs4ivYXB97sE4ETZBbX4dBjzjYineXkKERRvvxFcRunu4dYZjUjNWX9Y5jcUAyvQodUJTHbYHRR4WoL,1786938147,2026-08-17T03:42:27Z,4iDyxGxPRC66QBNwYqMn74VtVm5Moy1ns4w3bAqYGvRG,buy,0.0502,52937.321745302994,9.482912687107018e-07,raydium_cpmm
2Q9RhD4aKiSCzdMuWnKEAV9jthtqd6ZxHekfuhAk6yRcKL8YeyJkS76vE9ah4g3BKtyBtSCfxDkM74Q8eCf1pKKJ,1786938420,2026-08-17T03:47:00Z,2DCW6PvdpXwscZVanFmDLB7svT2STkUj2SuXSMR6C29g,buy,2.001,2108516.232847308,9.490085818774468e-07,raydium_cpmm
3aVVKCkT6PLLfpp2FSx7emWV2s6GQgPpw7infXZoaFLMgJtTk4sBALrPzvoqTffLNL2Fa7HLeo2m13JHSPWw8o9g,1786941386,2026-08-17T04:36:26Z,GjGhvk8AdrQQnyhfGcaF3TNLo8tngc42QELQMoBkTGaD,sell,0.046073342,49748.178285918,9.261312391220119e-07,raydium_cpmm
2dLtUoUevseRxxYpe95WiYzYskTbm6137VJN77oPCduPxmU7aHdNG1vXFrgpRZknTDr1kfH5B8xTekNnatVWF6Rb,1786941913,2026-08-17T04:45:13Z,B8yBhhYtobPkqY27vij5cwvhuDkPp5no2JZcxkA8UvYs,sell,1.986440626,2150555.422246829,9.236872509542826e-07,raydium_cpmm
5aMGQXTJnKDaLdnN5aSwGeLjWzPQG24yjZhe2W2GD8v3XsXkwJLC52wx26S1QwHV5TjjJ28fvGH9R4JrJUFSph38,1786943338,2026-08-17T05:08:58Z,CJgBunSv2nagagWqBuPtQmrsPmPajewsZjvGyZhpNSzb,sell,1.877762935,2059137.289557744,9.119173085361884e-07,raydium_cpmm
jK4jvHysAgQLPdmUBhTP241pRHfKVvtLx7mtUS1T62pusEn61HctvGV42Zj91eAVx2jmcVirD61oCoTVT3pUA4m,1786943910,2026-08-17T05:18:30Z,3pR6QRNxH5y9WCg6Gb3tuthRqn6vCH5uj9xPnva6Qwen,sell,0.640978122,700000.0,9.156830314285715e-07,raydium_cpmm
5ZmmkFDM1Z4xKXVAYmPH8SKPZ38WJqN9WCYSZ9hdr2MRfsAdRVqDzjvZUmoB7eS8GGHrJAf9h6GZ5bQunTLTP1vF,1786944592,2026-08-17T05:29:52Z,B8yBhhYtobPkqY27vij5cwvhuDkPp5no2JZcxkA8UvYs,buy,2.0146073710000003,2164932.950732744,9.305634016601464e-07,raydium_cpmm
3Quj8RddTz8o5avDTvqfCqP67FERorDaxJHtDihTxZgK6RnE4ZRCz45qZB6iep5QUrkhyMCRkijq5cZKc6usrYCX,1786946077,2026-08-17T05:54:37Z,7wtvhNbDvtVjAurrZf7Q9wda4Jyf91wuGgrRW5yMicsi,buy,0.40203928,431734.556627778,9.312186708895301e-07,raydium_cpmm
5tk2gKiscWH7ELGua2o74FKu3ZqzvAkono5TEV75cgEpw4MPH6CkpqCbG3wyHtKQ4ycQ2TLNEoTS354MCx5u9hcz,1786949364,2026-08-17T06:49:24Z,41v6px7eUmd1Cd2YjzGS1SweKG7FJ7Ds3XsoF42nEucb,sell,0.07697573299999999,92592.103390058,8.313423087034569e-07,raydium_cpmm
JyWrFcTmS4CP9QiwXR7vugfQ5F7os5czCZwZ8NTujuqwNdWVXkXiBY8W3oMyE6x7smXYkhMckX1zUHC3NF7Ct8k,1786952396,2026-08-17T07:39:56Z,EErFiYRztMkFC1FRj1XWwUZiHeSuSzcRrdiTVVxhaNSj,buy,0.05203928,53989.056629884,9.638857066303181e-07,raydium_cpmm
wS3G5HGhTkuED6ygrEVW1NcxhByrkHHY2cvWzgxPdej3KJmFak3dRjmK4Qky3hFGZyd2ZmZ6Ynhigwi7wrks5Hr,1786953298,2026-08-17T07:54:58Z,6rLLwnuSkBfP6m91b2hoW7kgRuvw94MxBYvxWBt7mvEG,buy,1.00203928,1076321.414026267,9.309851750060469e-07,raydium_cpmm
2vDanuo839h1FePmeYuoJmpGjEQ5SXGwkx3AeKn1DDrFzttFpkcc7rVfpjj6qSsCTV5KNSj3oot8pz4rFdy3MHVq,1786955137,2026-08-17T08:25:37Z,EErFiYRztMkFC1FRj1XWwUZiHeSuSzcRrdiTVVxhaNSj,sell,0.049529588000000006,53989.056629884,9.174005083945921e-07,raydium_cpmm
56AbWL2nT3gXzheJALAKHAHZbBJK9LtUU4oqqyM48eSTFa8LZZ29qUUowjgTcKEtAuUJ9sziVdupGWLGLgoP3n9n,1786959745,2026-08-17T09:42:25Z,7wtvhNbDvtVjAurrZf7Q9wda4Jyf91wuGgrRW5yMicsi,sell,0.39873985700000003,431734.556627778,9.235764218516691e-07,raydium_cpmm
5VeupzSk4ZhYCksCQta4rxk1NqCYKBtZUoEiNrW1jV7sCHZYQJzT9qfbsrXVtARhibiLdyt45R2Z1tyjBDdnvBzd,1786961591,2026-08-17T10:13:11Z,2DCW6PvdpXwscZVanFmDLB7svT2STkUj2SuXSMR6C29g,sell,1.919310629,2108516.232847308,9.102659961067468e-07,raydium_cpmm
2uCCLu2XLGLuP4E2aZeWa6g7kk3fNgRHmz6eW65zJgnjdz2LKirsHaYC7DNuWBmX1z53oKQRiqEBtzqgKcMhnUsT,1786963571,2026-08-17T10:46:11Z,F5CMB2ofwmm9TmnbuqctDb7hcvm1azTxnVckzxqFiSeC,sell,5.703178021,6307597.02398484,9.041760276240671e-07,raydium_cpmm
3hTY8AFLmoYZNVSiCQz1Rdgcd7dCxhY3cWqM7nQbxBxPEhbJn1PFojT8XjjR5p17AQCrF96o47RB4ibsiiPtzyaJ,1786963798,2026-08-17T10:49:58Z,B8yBhhYtobPkqY27vij5cwvhuDkPp5no2JZcxkA8UvYs,sell,0.952009704,1078872.093244893,8.824120208139478e-07,raydium_cpmm
2qt1ru6DiGtesBVugVYQ2kycbVFaR1txqnheE9qxQVXPhJjt9WdPKtbUEEEApwRsm94yWRqqf6yFmQLTdYEeZK6i,1786964835,2026-08-17T11:07:15Z,F5CMB2ofwmm9TmnbuqctDb7hcvm1azTxnVckzxqFiSeC,sell,10.191448371,11714108.758828985,8.7001483261103e-07,raydium_cpmm
2wQky46yA8ZRgC2jxxtUtgTkEb7dnNdWqAcB4khtX7AoZuvA73G2hoKKv57ZGnF7ANTn1s6ogsVzipzhc24VERYw,1786966548,2026-08-17T11:35:48Z,9Nc7QXztAZyyhrza7PMyBLL61YsL7NXbRRkHNcU3Vx7i,buy,1.02,1165650.040919751,8.750482256193922e-07,raydium_cpmm
3XPDSVGWvWkHcRBa1CdsQip3k3uZAK6QFmurFBeALJV6fGbyz7AP3knCXqmav7nuYqfdxM6Ho2Q8ReTvj7JU7uqS,1786966549,2026-08-17T11:35:49Z,2z2q5gk8TDgqCidzkXkyevXH1aDaVjWL8cQwoRbMF1Jq,buy,0.00803928,6971.500587489,1.153163497458098e-06,raydium_cpmm
4Xj8QS1Ktc2n1hmGxqeTDadEntafvzxjyVT9xj2uHTWmeRsokiPnNPqMvWzDqiGuGg5eMZ6Y2e9BwvAV7CQtQSRs,1786966552,2026-08-17T11:35:52Z,9Nc7QXztAZyyhrza7PMyBLL61YsL7NXbRRkHNcU3Vx7i,buy,0.515,580897.003784176,8.86559917928826e-07,raydium_cpmm
1226qTYgEAGP9mEzBeTVAR3HK68i1Zo66DYoe37drRm8r9AP711VdzSRR3oYanF3rxve6pno7VDBkcs6r7nRaopd,1786966609,2026-08-17T11:36:49Z,2z2q5gk8TDgqCidzkXkyevXH1aDaVjWL8cQwoRbMF1Jq,sell,0.005971156,6971.500587489,8.565094307982688e-07,raydium_cpmm
31BqtyGQzDNif7TXmKrC7RejbP3yiEAP479QPFf3EzeTpdhrCrrugsMXLRM8uMVvJ7qoJAGYH4xAvL2oY1V5qDRh,1786979299,2026-08-17T15:08:19Z,AfJxRN13AQoLqgPCzaSBQb9z3YtaMwkV1GRnzaEB61iu,sell,6.158021058,7358924.039779142,8.368099772075942e-07,raydium_cpmm
2PPc7vLBaafsaMBbdBEQ7QYRsodntmEN8NeGzM7dovwroJybJKEKkpXUD9wRPtg6m5sixpQzTPDetYiPBLKP61NW,1786979620,2026-08-17T15:13:40Z,B8yBhhYtobPkqY27vij5cwvhuDkPp5no2JZcxkA8UvYs,sell,2.657825393,3236616.27973468,8.21174079127438e-07,raydium_cpmm
3irtJotBn2eGQqKNYHCNfkuMCZsoP2otdXRt74s2bGdRDZDeRGpcrmwCeeJExsGLUZLFJm8fiN69wWMLktTJxeHF,1786983721,2026-08-17T16:22:01Z,6rLLwnuSkBfP6m91b2hoW7kgRuvw94MxBYvxWBt7mvEG,sell,0.8296973059999999,1076321.414026267,7.708638843264264e-07,raydium_cpmm
gb4poYaiQ7MUUDYRpjbNvCE2Z54QgfTdSb2nKCqMpCz2zJyCdGUNL66yHqFv8JaamsqzJH9FiE7Q6snHCEJeJ51,1786986694,2026-08-17T17:11:34Z,3pR6QRNxH5y9WCg6Gb3tuthRqn6vCH5uj9xPnva6Qwen,buy,0.63803928,820513.952017861,7.776093001598481e-07,raydium_cpmm
4ryseVBCTbyY8CRd9KN8XQXyKkJSzQs4eH22rPodWiA23ZHS3GzwemE2pe7T74BvFCyYwyvfdyKekV26Axc7Bsku,1786986719,2026-08-17T17:11:59Z,3pR6QRNxH5y9WCg6Gb3tuthRqn6vCH5uj9xPnva6Qwen,sell,0.004250342000000001,5513.952017860953,7.708340562689284e-07,raydium_cpmm
2DoFJRwcPqZn4BmvKUm4xM9SFaHX1WbH6oh1reGmwEpbXsxAzFtx1aq3hhNXEUExzppk4c5xU9gtbrZFmZHbjM7i,1786989752,2026-08-17T18:02:32Z,3D9RV4qbFUiNVbzD5EAp8zW1FWbZoS2xgp3rMb8qS3Qv,sell,0.7853057480000001,1047920.516490858,7.49394382151932e-07,raydium_cpmm
4n5tg7Fox8cHxDnkMHfgTn5fwKQjWtxmf1YAZ9L9broibubT7jkeKE7KLzgDqRbCRXpWEDrt6yTk1EY9qt2UMLKP,1786989752,2026-08-17T18:02:32Z,GHDHsxfoykXxJfxrynpSVwF21MDTPVn8fXYwxs12zco4,sell,0.93963954,1246177.595224825,7.540173596448572e-07,raydium_cpmm
4GGF5ZjTVQCfd341iuDsbcgvP7QjSivET1rgiaKRPWhwwxK8haAc3gmCnWc98ZQX33EJCMECESZdnj887iKZ2fzS,1786989763,2026-08-17T18:02:43Z,GpRBMwTQzVYht8YRKhuG259MsCGJAy41WYxYamcVAuSy,sell,0.886168064,1185511.772987084,7.474983245144498e-07,raydium_cpmm
3r3cT2u3z3TJtFbV2oLVGAEtKYGq86V9F1gAZcPvtbAi6G75CFYQUHeZ1UMwQMittbJA5JrfczEgFGFTdWpeKmhD,1786996620,2026-08-17T19:57:00Z,DmQphJJn7PywwvXnw3T223uzRF5YBhjz9zwbyQPSitUQ,sell,6.958553451,9424473.623075724,7.383492945390665e-07,raydium_cpmm
t9r5BJYokpVWjCPCZaeXek7XtcKBfTNUghVbvD2ELcVJ6qmhevZmFfZfgsxEzpBfAuECitW4y8KPstnYLrp9iKg,1787001097,2026-08-17T21:11:37Z,4iDyxGxPRC66QBNwYqMn74VtVm5Moy1ns4w3bAqYGvRG,sell,0.123890555,169982.830605625,7.288415809914173e-07,raydium_cpmm
V8zQUjZpV3c6tvm1VoxjBqKMyFyqjFWCNHEhLQ5QP5hF5JjehtnDMiVfTa7uYfri6iCC8errUL5uRkkpL4KNsGQ,1787008164,2026-08-17T23:09:24Z,9Nc7QXztAZyyhrza7PMyBLL61YsL7NXbRRkHNcU3Vx7i,buy,1.3028000000000002,1723883.854334496,7.557353685541333e-07,raydium_cpmm
5z5QZVNiqjeyvZDY2HGz9bn3m8eTihe23sc2qj1tvub21LEuhSZT4GxYTfr795yCWS2aRt6FEaoTJuUFQWWfJsmT,1787027329,2026-08-18T04:28:49Z,3pR6QRNxH5y9WCg6Gb3tuthRqn6vCH5uj9xPnva6Qwen,sell,0.604035579,815000.0,7.411479496932516e-07,raydium_cpmm
3LgG7oyJhQE3KgSLQJxoyb9PMyXJ414j15QEhucbz2NDKga32dusdow1B1Uk5CdX6u8HJeX3QaN2yumYQsrrkRrk,1787069589,2026-08-18T16:13:09Z,DmQphJJn7PywwvXnw3T223uzRF5YBhjz9zwbyQPSitUQ,sell,19.665094671000002,28273420.86922717,6.955329092279568e-07,raydium_cpmm
2guUCTMtqYGmCthznqh6gpxHwe4RFLwQyvnHPcsU2iH7eiU3ZknjjbEYPS65oApUepaGqti1suwcTvDKxHkjxZ9a,1787073675,2026-08-18T17:21:15Z,DHa6wxqgfTsb9v24meJo8tvZtqPBBk2MKTbcVXbmTvur,buy,0.20213928,293377.714752238,6.890069348679388e-07,raydium_cpmm
27NW87Fi1LtizZRJpVj21Jwn6uqqKhACA1HoBkcFqEdnyHN6foN4erWHb4Fng4HP2XNkwCrLrALSUWRPXMLiFxS6,1787074208,2026-08-18T17:30:08Z,6DqwStHBhuxWGutooviZUgVDhT3F4Dy5pAiP2YErRCEe,buy,1.18303928,1713643.715688853,6.903647877146038e-07,raydium_cpmm
36nwL9FPHNMNmMd5bjxrBkPnhfHtcYALRMohtMUdZu5bUrb9ZVYJFo7EnAxnPP4KMVRaeoXr7AmnQsvqPhAb5ZYc,1787074300,2026-08-18T17:31:40Z,DHa6wxqgfTsb9v24meJo8tvZtqPBBk2MKTbcVXbmTvur,buy,0.2001,289473.636014238,6.912546605458672e-07,raydium_cpmm
5AMaLHtH9hizqftaMN5RZqcJUAjdCw4Yk9udsP9QaVSBCrfW7zpoVc8ACw6V9zfeZtuZaqANJznFYGhWE1rhKrtd,1787074364,2026-08-18T17:32:44Z,6EUJHx9pdF3buJK2eJ9g6a2naw54hBX1Y67yLd1FitAS,buy,0.255088769,366388.069267421,6.962256426909323e-07,raydium_cpmm
3gygxahGfP5jwY8bjomZvXdpRTsQCxywWqDAD8qD8dAfVoXkD3bYE8cDVgXpvsD7zz2xRYDAMVpQdoyvLSqSfpKX,1787074404,2026-08-18T17:33:24Z,DHa6wxqgfTsb9v24meJo8tvZtqPBBk2MKTbcVXbmTvur,sell,0.39290423100000005,582851.350766476,6.74107095202427e-07,raydium_cpmm
2jKDijA4tPhyBHZH7UhtYNRjdRCVMJzqbt2cU4X9vnkTwT1MPSjWE927LbUBYJdHLCcqBsWpR9tDBn6p3HM88p9,1787074592,2026-08-18T17:36:32Z,6EUJHx9pdF3buJK2eJ9g6a2naw54hBX1Y67yLd1FitAS,sell,0.247022707,366388.069267421,6.742105644812958e-07,raydium_cpmm
52wyV6N6d3tEVjE3zsZQVDjKSaKJHFfVXoe4Vesj7LQ9HVKjEj5qnQv9Nu19BY7LdNPqYW6j4TTyRmr93ncnm3JV,1787074669,2026-08-18T17:37:49Z,6DqwStHBhuxWGutooviZUgVDhT3F4Dy5pAiP2YErRCEe,buy,1.5010000000000001,2166336.663343499,6.928747619879978e-07,raydium_cpmm
1pnx3KCAEWZorLtK28Gsgrey7AGXf1dAf9nSJfArVfAsHuMcjFLxsLaYD5cgyHzZ23VGdRsPhVLJL5c7vEZpvXH,1787074683,2026-08-18T17:38:03Z,2Epn5w9hTFHJZjJ93cXbXdS3EaVoEyyZL47pzMeboH9u,buy,0.02067856,714645.536985001,2.8935407736876416e-08,raydium_cpmm
2gr2epFbhKZVn34hfbM9qkdgBVarK6zNrXR4DQfdZLqfFe81xjBEicUKubAGQwyft3trFUKD98Za7bxwYpy5DMuH,1787074751,2026-08-18T17:39:11Z,6DqwStHBhuxWGutooviZUgVDhT3F4Dy5pAiP2YErRCEe,buy,0.701,1003159.0104240729,6.987925071855369e-07,raydium_cpmm
5ezDu3B9QPCW6E7f3arh39P3g78u5EzzxccVXy7aFbNJR5pKdrL8junSp6YzuaJVZFqwJzK3YniLEx4kS4dxL1q8,1787074756,2026-08-18T17:39:16Z,6DqwStHBhuxWGutooviZUgVDhT3F4Dy5pAiP2YErRCEe,buy,0.151,214521.0866632769,7.038935069213835e-07,raydium_cpmm
4bZtVNxYWw37maP6JZ3p1y8qi1nESDcMSAndHUmr4e3ZQzX3R2zzfnDkY47L3KpXHY1H3d4Pk4uzsvHxyWtgsDc3,1787074764,2026-08-18T17:39:24Z,2Epn5w9hTFHJZjJ93cXbXdS3EaVoEyyZL47pzMeboH9u,buy,0.00803928,710564.386526246,1.1313936009798958e-08,raydium_cpmm
679MD2KUDu5ECxdk7Jd1uEZHazcJ2DPoQnKE8fpgHpiUEe8qcMJPAzcNakHzWQ64cFdgJ9E1gMkPnF1A5sdowDEU,1787074864,2026-08-18T17:41:04Z,4MowcRoyZazf3YbtqiYNUTZbDpZdKjtymLANsX1CT1mz,buy,0.015518559999999999,4954732.421612864,3.1320682288123234e-09,raydium_cpmm
X2EXzHGoqKLdftoPW6pMyQECFsjvcctTEH1Ry6UH3V8Vdh6hqkmcihBf2khCCDUE5co2FZJbrNrcW2nhS43aDz9,1787074864,2026-08-18T17:41:04Z,6NceTehWXtdQ6sQxmqRUuRqGvu4sWfJWJA5Y6fizvDUY,buy,0.015518559999999999,3101119.683744168,5.004179645612229e-09,raydium_cpmm
2o3hfZPpA13B11h1vNqDZ6QT6bMTvyn6NFMUUtu9V97vAP2zQJt3Uj14XVb6ALgwrRWwQTci28ufVSQ8hthS3Jqc,1787074864,2026-08-18T17:41:04Z,8GriRP9Ea6QsHLxTdMi3RDMkYwhYWErLQd2CAvEPFViP,buy,0.015518559999999999,5311565.135545857,2.921654842590044e-09,raydium_cpmm
qz7R7GR2uCF4YetqQtXfWM3NEh78vehvrUEHwo4YfiueP9HVw8ySvsnibZQxcAjwD1pFM95cUDUQnwezUFnJD4v,1787074864,2026-08-18T17:41:04Z,BWztqTdbi9UuLEzay2138rCQ3fga4R3XeMdJdKKUz8nV,buy,0.015518559999999999,3403693.208451664,4.559329836621607e-09,raydium_cpmm
2zSCk4EQtbyvtHZCq146JhtgdZNWQU9gEWYJiHL4XX1Wmvj87b7A11qZDMiFhgPDFKPyaG72YQ8C2yYwmZmMWsHL,1787074864,2026-08-18T17:41:04Z,HytCavJKtjSAp8gTmywLnLR5JwPdaQsNvZm9VsXm3oRZ,buy,0.015518559999999999,3771638.983997117,4.1145401417910106e-09,raydium_cpmm
3E92vZyEjErZKZGHCazQ62QQJf29FTuvj39ueLbjznRunDhz9CXSoUXXJnkA5ARC2JSa3sC7VBSuL4XLmQVuBAfY,1787074910,2026-08-18T17:41:50Z,6DqwStHBhuxWGutooviZUgVDhT3F4Dy5pAiP2YErRCEe,buy,0.601,796177.9711839687,7.548563534184119e-07,raydium_cpmm
3VXbEUhpFzaaC1HrJpF9Vh8cNUgBaNu2mc3MFNLdMPtx9LM3TcLLxxDMTLCgdE6fQJYQdfK5Tngz15yrtRB3EwGg,1787074928,2026-08-18T17:42:08Z,6DqwStHBhuxWGutooviZUgVDhT3F4Dy5pAiP2YErRCEe,buy,0.501,661786.6502909353,7.570415628356207e-07,raydium_cpmm
2ZGHptJydueCJEzRnU1v1cvPDaz5dg2vLRKu9kPsZsBWu3TAToEeGhV7chnNZyTssvVSaauBxwtYiH6xTFmWKSDo,1787074942,2026-08-18T17:42:22Z,2DCW6PvdpXwscZVanFmDLB7svT2STkUj2SuXSMR6C29g,buy,1.00303928,1318975.138444306,7.604686781155379e-07,raydium_cpmm
5mskURxHh3vo9bpWNaSwAWCn3D3eDJ7wqcWmd5Gw7QT1vt3ptXqChQ6YV7PiS2qryFsBHMyY3Eq5YxoSMt4ZWQov,1787074974,2026-08-18T17:42:54Z,6DqwStHBhuxWGutooviZUgVDhT3F4Dy5pAiP2YErRCEe,buy,0.151,197318.9865483474,7.652583395110929e-07,raydium_cpmm
5jncqJqzHV8UexGzz6Yu3fcR2Yv8m9PX19zAntpQAZ138nzxZUiPZ6BGKhZHon5RV8jLbK9gC6mnkpuNwxy1U4Cb,1787074977,2026-08-18T17:42:57Z,3DZNVBQxpaowav4Prz5fwyTG8ReNW6aL118Mod8fJxrg,buy,1.003350154,1282948.760251684,7.82065648360864e-07,raydium_cpmm
bf29t4bXU1YDptNGChisXdKAwd9qQUGdcAVurJzbi6A7PdBQdD2Jk4nmpvbkaKJvpg3JkRxWCzeTWAofqGE1NgA,1787074977,2026-08-18T17:42:57Z,8fqSwa22G6K5zz7XNUcvYSKuhjkNab7tJhVPsoTizA4h,buy,0.010526724,1300723.086100823,8.092978522858355e-09,raydium_cpmm
SiBzc98hzMgQgqGWkDRECAFDUUPS29dsbEwUmMQ84Q26RTaDGrvRBhfgTrMrcNCJzLEA72D2CwX7FJvoKDmUrPq,1787074977,2026-08-18T17:42:57Z,Bisnq9ZHwdrVw5pGy8rw2XgJS5oEGufGb91ds8wcZL7V,buy,0.010526724,1335310.272196213,7.88335431785938e-09,raydium_cpmm
3vKPwUu7VX55gPVam6VrwrgCZnyny6h8gzsEeKPtyiRcGAc7fsuSU3KW7cCFgs9Kuw4vpdpA6BkzTNjNJGiUNNAm,1787074977,2026-08-18T17:42:57Z,GTg9GTpTZRqqPeUDxdyjgR1HDKscYcH4qVr5KigXRVN1,buy,0.010526724,1261128.153867921,8.347069223468046e-09,raydium_cpmm
41fScpgMtGtxfFbCBXVNDTJkvCL5pCoFJMmAH7Rcwn5nN3ykcRhh2bGL7tX9vPDnLQUDZCDv7uWyWWqgQPSoqEhf,1787074995,2026-08-18T17:43:15Z,CqyTUueWZJkdcJRJ6ZaZxAXvDQFGoFnL5hkEC9nxQz5o,buy,0.50303928,644819.612059384,7.801240387112684e-07,raydium_cpmm
5w9myoUjjwJf7XhURFGQeHRnRrTHVvSzij3uPF63RFR1GTJZgbzhpFCg1unREWogmeDJWkYWJjqyNiKNDDzs6b8c,1787074997,2026-08-18T17:43:17Z,6DqwStHBhuxWGutooviZUgVDhT3F4Dy5pAiP2YErRCEe,buy,0.701,900268.6832458396,7.786564311807516e-07,raydium_cpmm
3R1ByhW1eXEB2Xmc93kZg5Kw1SpWWm4ZaNaiJGZCRKXhKq6wLEaL75bXaA8TW83PoxB8A77nAgoB4Xw1GM78uLW2,1787074998,2026-08-18T17:43:18Z,2JuwsNWVYsr3jDEaSAMiMDfv5UWNWHQRGyQVvHBNCobC,buy,0.26197698,334067.996111711,7.842025666906325e-07,raydium_cpmm
5UCKd5CSKXcKXDwQ4LyeWnoG7MbrtmdGPKgCC5p8eQhnMcPskNkZMaqmytsDXD5jrvG7EDDFKrjae5ygBFJQwX95,1787075027,2026-08-18T17:43:47Z,6DqwStHBhuxWGutooviZUgVDhT3F4Dy5pAiP2YErRCEe,buy,0.501,639981.7904322669,7.828347735669268e-07,raydium_cpmm
39o9yBVJbsWdEjeX3mfbYAUJhkH4aZRUoVYPrUync6crksYmec1y2yWWupcMt4sDdqZw2xrXL6wQetostpEkAunC,1787075055,2026-08-18T17:44:15Z,CqyTUueWZJkdcJRJ6ZaZxAXvDQFGoFnL5hkEC9nxQz5o,sell,0.480010954,644819.612059384,7.444112198556918e-07,raydium_cpmm
4ZkVbEyuCoMV1a45veJJQsWciEv6t8kHmDUuAhmWfyhcRhQhqZJyWtSHCTXXsg4NNkCSbkV3Lc499vE8MzWBPTkm,1787075061,2026-08-18T17:44:21Z,7kjxRWRMGGcRVPugDhCciUy11Xye9HuNmgffWRaDnAiS,buy,0.007496842,6996.345819942,1.0715367983428454e-06,raydium_cpmm
4nouWYSEbRrRftVegzGiynuN28AADCve5md3ybXhPXEQJKFivaqMLeopwEbtydGxq4nWvke6ecZmYR8wdW9J95Nm,1787075066,2026-08-18T17:44:26Z,2JuwsNWVYsr3jDEaSAMiMDfv5UWNWHQRGyQVvHBNCobC,buy,0.12998318,166756.570693077,7.794786104065424e-07,raydium_cpmm
47nFMboMp6mAPpXsmYY5uVDarXSPGhEuY4cnNpdpFNLMBMMLqowvQ3DdaPjtEbRMuCVkEhCZAQ22PDCKB378k27Z,1787075099,2026-08-18T17:44:59Z,2JuwsNWVYsr3jDEaSAMiMDfv5UWNWHQRGyQVvHBNCobC,buy,0.129977704,166650.354661358,7.799425585629344e-07,raydium_cpmm
46swqgCY6A1qCxwu1JKnMHySGe8CBhqMZqndkys4t4eKy7RQyVi8uh4KfLY4QJSChdL6Y5neKgBsx8Kkzp7VstL2,1787075171,2026-08-18T17:46:11Z,q8Kx1rkvAMKxRjKy2NCTCvJBWfuafpvHUF2REbayHHM,buy,5.01905928,6324367.977415167,7.936064596373059e-07,raydium_cpmm
3eZBriaPsUcQpYSj6XmhPGgHToTQ9MLZAkM4gFUPjC2iWS3wgMrbFkY4wQz3ai2XkMLuHgD9spn56SqeZt9UrZLg,1787075199,2026-08-18T17:46:39Z,6GQuYzYnSe7co7x6yHyHdkSps6ingHcZav4okeRr87uP,buy,0.00558751,2474068.356629423,2.258429919702062e-09,raydium_cpmm
2Y2XfRFRtkxWN89fPvKAfBGByWSuy2TAhvo5xUkFc4WoWQtg73Aaj8fufHyaSvv9iUBfe5UKtmARpoBGdg4LChkV,1787075242,2026-08-18T17:47:22Z,6DqwStHBhuxWGutooviZUgVDhT3F4Dy5pAiP2YErRCEe,buy,1.5010000000000001,1852894.1446028166,8.100840538420246e-07,raydium_cpmm
3zExLVzohHy3cUrgqBAfH6c6CJmiXUZ3BBoWfwErk2sG6cNEQMoQmbfNNM4mLPakpZQijUNFqnELJZRNpyBwjmEu,1787075261,2026-08-18T17:47:41Z,2UL4BgkFtc21mwQ5KAh7twQFBn6MyCNnXqCi8oqV2GSm,buy,0.008428805,796182.433935847,1.0586524696774654e-08,raydium_cpmm
5aS15Ajr2evFkayuzupewj8BcunDz138w6mb2Pk777od1KrUDoewadpcF8uJXVCtx6mx91kzYSHXv6ujn7Mwgj6B,1787075261,2026-08-18T17:47:41Z,4LD2Rm6RC7eGYfDvicthx628UJE4DwA7ADcgvsghjGtU,buy,0.008428805,831212.199469911,1.0140376916237876e-08,raydium_cpmm
4d4CfFojkego9DkLYCC9kh7svn2Fy1L8B8SqfQBFyjtt73ozjqfccVRE3yh7XHVZYVS4DiQAj7AyU2iwVbh8rYEc,1787075261,2026-08-18T17:47:41Z,CJuepni3k1F8ZzBbG7Tp1ed6bTFb287rnKQpEFynTPSn,buy,0.008428805,810501.551035539,1.0399492745240178e-08,raydium_cpmm
nVu621vcad4SmBwXyGa1FVoM17XieMrTLsty4stoFMSBzLRbXEJjM1C4uwR3M4syHD3HeKTCoJXYfcFw6jMSZpx,1787075265,2026-08-18T17:47:45Z,2DCW6PvdpXwscZVanFmDLB7svT2STkUj2SuXSMR6C29g,buy,2.001,2429580.521524179,8.235989638016557e-07,raydium_cpmm
2fbMAe58HcDH1gmubJ9XxaY49nyGYJwAC2SriQvHYQASYHWYMtVAqcwwwAUWx1Hb7piQ4oYkue2HvjaMPmmRh6ET,1787075273,2026-08-18T17:47:53Z,7aQ2v6Eh5ocjcJzjTBHaVUgi6UuSRDFKnaVQzco2ygvg,buy,2.0012,2365960.941776773,8.458296858007946e-07,raydium_cpmm
4gDJBXK4hQFCvdo9RTqtqBsBU2maNa363G4bKAqWZ6ftLwrKKWhCjBWzmUoEQjMZ5WCmAqU4wPKDSi7JgAv1rcMJ,1787075273,2026-08-18T17:47:53Z,7aQ2v6Eh5ocjcJzjTBHaVUgi6UuSRDFKnaVQzco2ygvg,buy,2.0012,2345309.109887203,8.532777157447901e-07,raydium_cpmm
HFTQdZo8HrFoQKxjtmCGNavWJFzfMhXfo9oUuyFbfkd4sam15QPCXn8MtoGP6QSZNHTUBs3caQVqU9m5LQ8cEYc,1787075273,2026-08-18T17:47:53Z,7aQ2v6Eh5ocjcJzjTBHaVUgi6UuSRDFKnaVQzco2ygvg,buy,2.0012,2386886.854633987,8.384142700835605e-07,raydium_cpmm
mPZ8AaLeLxgMto4n7zJq7qhcGWEbhSqeaYUCdE1BWyAmvwbdgoyEwrqtepaFY3R1hkczmrUMpPwTWx6j6gGrJid,1787075273,2026-08-18T17:47:53Z,7aQ2v6Eh5ocjcJzjTBHaVUgi6UuSRDFKnaVQzco2ygvg,buy,2.00323928,2408091.720835505,8.318783137151276e-07,raydium_cpmm
4UVSN1UkexAnHPS9MdDaVKBJZ65gic5aH1M6sTnoHTFjDLqvquzbDmEGqyEMvNiJQHQtpdFeyo3qohkor4YTjvtr,1787075276,2026-08-18T17:47:56Z,777777UupVYr364fUHXwqBRMnNaVcpAw2z3uhFkspnNn,buy,1.670439065,1938841.517688765,8.615655533265455e-07,raydium_cpmm
dAhKYV8Sp5vcRBYjLgk8hnDyUYS81wTCDiKGmWLdvbDRQ8LVtgr6fMu94qBsQYQAFUKxPzsC1d1UtHDYdFi3mSK,1787075276,2026-08-18T17:47:56Z,HACKERamoyuTkkbuVnSWPNc5a5TDQH3U9vpp6zbrRKTe,buy,1.670439065,1910990.589694675,8.741220778417812e-07,raydium_cpmm
BcNAAaD6qKKudtcgotRb4UStxVJDBcSqF2JxLqf6PztFXNTc2g4tCpKNzNEMki1Tac4Rqo11gxSjiubHoaPxhZQ,1787075276,2026-08-18T17:47:56Z,XXXXXsiKfM49XohyATcrYbRYBd9WWhDRM7c7vMYQNSd,buy,1.670439067,1924840.471663424,8.678324731796743e-07,raydium_cpmm
3eHDFVYWjox2iVzudaFG23TysmwJqAPkHtHaAHseSbn41wd821bLLYkVSEjc5r1tB1RnXcMik32pMD7g81m7MUHR,1787075278,2026-08-18T17:47:58Z,6DqwStHBhuxWGutooviZUgVDhT3F4Dy5pAiP2YErRCEe,buy,0.35100000000000003,398185.2951798886,8.814991518996912e-07,raydium_cpmm
3U322XA2vfe4zwVbJLKYAfhQzzTNGtmnsmpjw9z4cn1g9StZXHzcjAPDY3oW3WjnBVDBcJrzwpoNLdZ4CVm2opUH,1787075278,2026-08-18T17:47:58Z,7aQ2v6Eh5ocjcJzjTBHaVUgi6UuSRDFKnaVQzco2ygvg,buy,0.8011999999999999,912398.0490595065,8.781255076398632e-07,raydium_cpmm
54RATzoe3z3BP6J17fdNSDecHPxiTDf5MW2ZBYQfp6VUNbczsQnLyXXTuKDGAi2QXAsvhQ7kVTGAL6nDxkZjgQyg,1787075279,2026-08-18T17:47:59Z,2T7W5XtariS53AbHY42u8CZzAyrzvNzGpeWcHsARNGkx,buy,1.347364627,1502926.198782318,8.964942045002906e-07,raydium_cpmm
6f3KU7ZFw9A9ThvhV495p11CeKaHJNk1bVATGN1zkBuZiTa7K9EQyUpv3Viv2judksbeWoTmFX91tioYxrtGkRk,1787075279,2026-08-18T17:47:59Z,3XQyz76yGTfdVezAEX32drhFBK6Zdqu5vP1C1ocPXVt2,buy,1.2007803339999998,1323026.449854042,9.076011550127903e-07,raydium_cpmm
MpY1ebPsR5NixJpjnZgY7L8YoXVCtdAyENMfhj3RMQfq2hsMxzXKT27MTMu3SQve9iEz6YnARdhSYMMSiGhWXjg,1787075279,2026-08-18T17:47:59Z,7RyLnk9AfBaWKD56fqDHt9hYHcLTtpZ5sVH4NcwNJ7gj,buy,2.1305392800000003,2349720.181179518,9.067204244424148e-07,raydium_cpmm
3wp8tmq4Dhg1gKpKKpED6xdrvi1azcrq6hzvrhXtJFYPVTULu3RVkiWSH26NNaUfuM8kXdSrbmJQivsBQ4gwtm4t,1787075279,2026-08-18T17:47:59Z,FDQKtMRyjWHPxyvtuWzqypyn3JXmCtv3CH9tKQpLbtPD,buy,1.3613871089999998,1495150.417458226,9.105352164596085e-07,raydium_cpmm
3FdpZoWzZrTAvfUAnLi6GFZuFjNeuG7vYN3UxRmAHZgGdxpaR3uGyftdaGhF6Uausz24f1dNiNQyMM1dWdWfvqPB,1787075279,2026-08-18T17:47:59Z,FMrLCzfeRZLiawdoj7PRiAyo3kwbYWJ7XWQXgxmeHr8w,buy,1.17664105,1302439.021686975,9.034135421372464e-07,raydium_cpmm
3toVJnXGMv8EDFyy82gMuVjstUxLmPX44ms9Xh4fFN6iPvcc1fS3kpMt1KPccBDrbEnJR5MZ9H5KbjGoMcsw9D4G,1787075280,2026-08-18T17:48:00Z,2DCW6PvdpXwscZVanFmDLB7svT2STkUj2SuXSMR6C29g,buy,2.001,2196168.9937457843,9.11132069389203e-07,raydium_cpmm
5uYvkhhkHLBV9B2CUNbKtqj5Z1Vaq5tBuTc6nkuNpXhK1kCaJ4a2BvbtjBXCNFYEETMQZojvc42UpagSUnpzGftR,1787075280,2026-08-18T17:48:00Z,777777UupVYr364fUHXwqBRMnNaVcpAw2z3uhFkspnNn,buy,1.668397927,1753858.3589185998,9.512728998416422e-07,raydium_cpmm
UNaG87BSMao8ixLm8S8envtrRG4erePPAM9knfx1z6DqWnxmeTPySi2rBEB9fRZgir4TvQUo1wtvpSUWC9m6w3u,1787075280,2026-08-18T17:48:00Z,777777UupVYr364fUHXwqBRMnNaVcpAw2z3uhFkspnNn,buy,1.668396263,1803324.7114198052,9.251779518323284e-07,raydium_cpmm
5jsUiha6LZvhgjuDp5wWGCNTdCfc3i2fRydny1zy4aEdLYQCYk7VxSmo5aswtV8wCVJ4uxM3HeyaxSZuY6ubpGF4,1787075280,2026-08-18T17:48:00Z,HACKERamoyuTkkbuVnSWPNc5a5TDQH3U9vpp6zbrRKTe,buy,1.668396263,1790763.680858212,9.316674672564454e-07,raydium_cpmm
5wAcwB8BeZhP1XJvT3quQ2A4r1g1TWRL9vXpG5zgQ3oQVfAh3ZzfLjS5drre4TZE857eGfsVCihgDVPDXt9j19CA,1787075280,2026-08-18T17:48:00Z,HACKERamoyuTkkbuVnSWPNc5a5TDQH3U9vpp6zbrRKTe,buy,1.668397927,1778333.480667883,9.381805747555318e-07,raydium_cpmm
3yecQFajKcxmfQrcaJz1CrLb9fqWdw7iBozzBVibN39z3Z7AZognzE7gXFymMBjEBpwsQqSutZDHULwnCq5PT2Ln,1787075280,2026-08-18T17:48:00Z,XXXXXsiKfM49XohyATcrYbRYBd9WWhDRM7c7vMYQNSd,buy,1.668397929,1766032.3009932172,9.447154098267015e-07,raydium_cpmm
iZKE7QWXEnZgA672TGBWuJt9fseE9La1ro2TDgst6pfdzt1hYFQnRVjirktZcEtLFKA4CAoGzJ2Zwa1v1rx3ecE,1787075280,2026-08-18T17:48:00Z,XXXXXsiKfM49XohyATcrYbRYBd9WWhDRM7c7vMYQNSd,buy,1.668396265,1816018.4162768058,9.187110934813865e-07,raydium_cpmm
28y5xJNmvssui3USrdo2HTtdkUxyYt5G1Bq5pg2WvVv3jBHWDrPUUcQGc5izcBeupRC4aeFP42bSiAnfBEHuwoGs,1787075281,2026-08-18T17:48:01Z,2T7W5XtariS53AbHY42u8CZzAyrzvNzGpeWcHsARNGkx,buy,1.161577936,1165389.0183537041,9.967297766722671e-07,raydium_cpmm
4muhgBYvwts1MPnbJnV1872eZJ4HZ6XQumSichhpMsbrJZvxjKcCC9s7fwj2HCAcpPA6NxL18yEzQX4PjUtNFn3Z,1787075281,2026-08-18T17:48:01Z,2pUUZYtokRgDV2YzL6M5pjb1jyoHE367yU1sdQ7ac3ea,buy,3.00603928,3120239.08446057,9.634003031917302e-07,raydium_cpmm
vXBo45bp4fmWTu4QqdkT4P3tHuFmBn36wb67SbdRtrvs8NMW2ZnajjxtDYVMc1R9NZFt7FyDS8UNSJztRwPvRDC,1787075281,2026-08-18T17:48:01Z,3XQyz76yGTfdVezAEX32drhFBK6Zdqu5vP1C1ocPXVt2,buy,1.290767829,1303610.583641077,9.90148319749594e-07,raydium_cpmm
3P6QFjmjQnJ89jAt5kgxqwnneBYBJWyhrGDKgbmic5MgFyQXkeZwkDdSsM5W9sg9Jb5UMvaAMum3J8L2QUMdv4df,1787075281,2026-08-18T17:48:01Z,8g1mx4TgKsvEGM7a8GM5yVRuC7k6gmjgdht5NbFzfNy6,buy,0.50303928,523801.069749868,9.603632162114856e-07,raydium_cpmm
2LD6ai1Fz6cX5YXao5ZKqA9bVWjueQz8yvLoD9BkkUzWpFFZUrFteSA1G5JDoY3fQb8jG9U6SMa94EvWctCsmRj4,1787075281,2026-08-18T17:48:01Z,FDQKtMRyjWHPxyvtuWzqypyn3JXmCtv3CH9tKQpLbtPD,buy,1.361202202,1383210.9301144122,9.840886681595325e-07,raydium_cpmm
5sYnCZ3Z1Ds9CqjLJaECMj4u1oe7CwHtAEyfo1LQygv4RBJrz2qynA7qGfgBdhVchyBCZEzBngtwj2w98RAN79oR,1787075281,2026-08-18T17:48:01Z,FMrLCzfeRZLiawdoj7PRiAyo3kwbYWJ7XWQXgxmeHr8w,buy,1.263892033,1263619.911578842,1.0002153506910302e-06,raydium_cpmm
2CAfYWcsFFmLGU6qfkxmeV2DCKmuwSh5nWUKAKzik1NkH9co5sDa9g1CYsLnnSivKs1h6mzjj8gPi34GwRjt5JaV,1787075282,2026-08-18T17:48:02Z,2z2q5gk8TDgqCidzkXkyevXH1aDaVjWL8cQwoRbMF1Jq,buy,0.00803928,6131.76674113,1.3110870552323833e-06,raydium_cpmm
2ZUdX2VjMHgn7jAbay5vP2R3S84EoasByPvAJYijz9r8BbVugyekWonp3JmmwL4AiemqbnzAMBMjd3r1UDs2mQTw,1787075283,2026-08-18T17:48:03Z,2R9ca7YkK8Ta3Nv1Gn4yhzJQumqpWzxMgN1xSB5J1Hrb,buy,2.00204928,2017293.058894512,9.924434484978272e-07,raydium_cpmm
4o8ddGmnHtRKjb2fPPgAkdFiLxSdjVf7NZCvRfKv5RbYmhicg8ZRyhTigGPnhXJDsqMksWPnXdLRMxpnWP1hcZjE,1787075283,2026-08-18T17:48:03Z,414TRcpxccWfAiktShD7xGU3nUQsPYquAfw2LbnuW1rU,buy,0.259588571,251012.940930007,1.0341640954375506e-06,raydium_cpmm
4WDHDPFk4wBmdWDES9NKUPa6RSjcZKCbDKY4VYwF2TGBffzQFHd2yrqHX1T47StRBKGRnAdExXkgvXQomJQf1Yp1,1787075284,2026-08-18T17:48:04Z,GjGhvk8AdrQQnyhfGcaF3TNLo8tngc42QELQMoBkTGaD,buy,0.10010000000000001,100334.068379811,9.976671096508821e-07,raydium_cpmm
G6GB1dTjgE7X77NLqiQu9zNhDfMwiHsbx4LA5SmLUmK2gPJV84UMTPzrC49UChQiLvXz5vfFAA3Gj6eiMPV9f2x,1787075294,2026-08-18T17:48:14Z,6DqwStHBhuxWGutooviZUgVDhT3F4Dy5pAiP2YErRCEe,buy,0.701,701204.5690477975,9.997082605321934e-07,raydium_cpmm
BiGduQL2hH6bBTC4N8dtzeJ17zC4KNLPhuWoKwia2YkF9uByeFZNe34Bwv4CDC4p3q9RxEgbZMTnfT5BimqJgd1,1787075299,2026-08-18T17:48:19Z,h1jpvLkFT6u81HZH1zWhd4Vrf1qybKTADovXxDLrbtK,buy,1.01603928,1008352.223686688,1.0076233841040256e-06,raydium_cpmm
54tadH1joS77SD2YXS8qPP87PEtaZYMgRf8C5n9QKbQvamkjzUu8jFUdEHkHnDAQUR39Snks4UaGnN4QYX2KDP2N,1787075300,2026-08-18T17:48:20Z,414TRcpxccWfAiktShD7xGU3nUQsPYquAfw2LbnuW1rU,sell,0.244591046,251012.940930007,9.744160802777188e-07,raydium_cpmm
4sKdMUTv9dBqAnKTgjaTKuPUpyAs5Q5ZBYbWFARQPkxRifuhuTNcqUovBk68k63S9FH3uYwd435n3nUb1NvhCgqM,1787075300,2026-08-18T17:48:20Z,h1jpvLkFT6u81HZH1zWhd4Vrf1qybKTADovXxDLrbtK,buy,1.014,1004254.6949688281,1.0097040173971747e-06,raydium_cpmm
36s3LhdD9vzm2FfBYBTQbT5R49d8xFy6pXCPqbB9kEHK91Gi3gXZR58hR7RSUYY4YjsWQy1q6H8gNcAzCwP9WjUs,1787075301,2026-08-18T17:48:21Z,2zXpLvhzH3BTAoaNpDRQPUKZqPZiQdDqc29d8wdr4UNz,buy,1.2595082930000001,1177095.757005647,1.0700134509056409e-06,raydium_cpmm
3C97ZV6KQNoeiyxXLQrG4TDTQxxLHMuJTy5wyYgVTEFcS7pcKRNB5RFfsFXA11xWNevKXpZBRVaYXx8F9NqC4buP,1787075301,2026-08-18T17:48:21Z,2zXpLvhzH3BTAoaNpDRQPUKZqPZiQdDqc29d8wdr4UNz,buy,1.400841499,1346396.100794195,1.0404378757289103e-06,raydium_cpmm
4RFHpDtukKTu3MNA5fX8XBvVhnwuVDixsysZFRpdg4DSAcE6BFiqpfqvfNd3dYP5qRarq7vNTYSq9u46zR1zdehS,1787075301,2026-08-18T17:48:21Z,4AXv1nmDRxosiz2Zr5bn4veEg63Ty32TParXHnTpQhzG,buy,1.1162363970000002,1052747.345343869,1.0603079665191587e-06,raydium_cpmm
666z7w2VZthg6Uc6yrqx4npvhyA1dxY5Eq6htPpufs77tYtYu2KfWpjMWC5CSNRpNHy3YsT1ffJFcn9YADSvQMha,1787075301,2026-08-18T17:48:21Z,4AXv1nmDRxosiz2Zr5bn4veEg63Ty32TParXHnTpQhzG,buy,1.14694658,1084739.406209702,1.0573475743890069e-06,raydium_cpmm
4PgLGsN86eAFVHGH1b6czoRxKCh9yHREbfQBrkCkz9TAyzK66CZLeTFuxWHkXeRrQXovoinirMXjEzH6dSNQjkey,1787075301,2026-08-18T17:48:21Z,5ZJYjAUVMLAJGccsEMV5SNjgnBHduumHyMjjHUtSubkG,buy,1.395926561,1334268.155611893,1.0462114044532754e-06,raydium_cpmm
9GBCNDhgJTMFfRcVhqqjzuvT4GwWN368yrPYJjwUVQJwTXcKLBm2NogLQVUXsq3CCmsP2A4TsPJAjfKLyf1LHW6,1787075301,2026-08-18T17:48:21Z,5ZJYjAUVMLAJGccsEMV5SNjgnBHduumHyMjjHUtSubkG,buy,1.335146517,1241864.0078669481,1.0751149147910938e-06,raydium_cpmm
49ugeNkjd9XGbVsT4sDRhT9N2LCSSj6yTpVf9suVUurk7GL4WegexW4HDdQt8pxgTRJUCazqwxfWbUMW4TVHoRTG,1787075301,2026-08-18T17:48:21Z,8NZq6z8y5697n1iqAqCHSwAKZeiT4M54JdmQ6rAjCJB1,buy,1.6665642950000001,1644728.694884565,1.013276110633534e-06,raydium_cpmm
3fGwgdaxgzPeqJcxTSQVs175Qpczo6rH5EcBjpLMFDZzpPPbmAWF5QQwNdKz2r2NTYKU7KznyTa3MwMThjK8mTKw,1787075301,2026-08-18T17:48:21Z,9PDFBkM2JjnLuuEhQVi5oPv5jVJ4wV3LA2PAfLXNijLb,buy,1.521136383,1491234.119931875,1.0200520244731867e-06,raydium_cpmm
4nT7beZmgWEHGdTQxekYdUcBGhLQ5uMsYtp8LdYiUJKYKPKa8JQ2RV8UysxRC1driLPGfnVjcq4X4rTKdbJGsheZ,1787075301,2026-08-18T17:48:21Z,Ahekwy9V7q2tmqJdTX92TAtEHM4pafQbsfc5oLakbZs1,buy,0.25959929400000004,249298.201452487,1.0413203644771432e-06,raydium_cpmm
4vWXKxsBqwELK3jcbYH2xSvkNnrMX2aPXUyRCTMUmswLzCBUgUfe4YSNfuc4zhtGxdaK5vV9rvvDHmygRG5xQzfW,1787075301,2026-08-18T17:48:21Z,C7PNbARVAHeskaefdcu7fy21dCN3qNANKuT6Cka2av4L,buy,0.342624855,330365.754219756,1.0371076621098244e-06,raydium_cpmm
41vEXJ2u1LWisTzBNbEVrMJ1Uz9LYLPJ2BjkgScwYrE9Bo2drYMR6LfTFoNMG8EqyXsVBcw1LqtAK7KUcgCNduS5,1787075301,2026-08-18T17:48:21Z,EyVaGh2eyp6zFPWLAiXx8wzEjn98VktPaANra78vkAKm,buy,1.090077128,1035079.64662121,1.0531335743662983e-06,raydium_cpmm
44c9uPDsEEzyi9VNCALU7f1HZ1bq7tME9niaETnAnFzPcwSe1s6mg2YFAZCnccam4h9frkXh4cSQMgnR3tepTAyz,1787075301,2026-08-18T17:48:21Z,EyVaGh2eyp6zFPWLAiXx8wzEjn98VktPaANra78vkAKm,buy,1.3147615890000002,1235182.570014705,1.0644269283886899e-06,raydium_cpmm
vb4uvuGbTyhyTJScen6Q4xs4fYCZFHUDyZefZujhrK2RJV5FGSh3sG9K7T9XTwGmi6dSC77KVcizLRXBwNZbbQQ,1787075301,2026-08-18T17:48:21Z,FAHMvDeWBEBe6fG653ChW7suaLVMQboS3hiaNqpejuBF,buy,1.8274171620000002,1780570.149476331,1.0263101190017404e-06,raydium_cpmm
rpsCcS3DBn1RhfipHGf8oqd1i676et88841fS9tWQeHdha2QyCgikpXXyYFmoRUqyr59v22xLM7uov2mp3UsQUg,1787075301,2026-08-18T17:48:21Z,JAGPLMkgPWRxFJekMU8DRHRurw968GGYHRMEKUWheYcD,buy,0.406893691,391908.288203505,1.0382370142391927e-06,raydium_cpmm
258pQKxC8Ck8TWmm5otA9J7zX1o47KMrKsbwTYSLzwxqSmkHxczUcBuJ9gqKCAtGLHWbNbanFjShh6Ts4AeiRE16,1787075302,2026-08-18T17:48:22Z,2zXpLvhzH3BTAoaNpDRQPUKZqPZiQdDqc29d8wdr4UNz,buy,1.095866843,1013436.9754042141,1.081336945065487e-06,raydium_cpmm
592j9ytpvz74UrLgWesYkYzuTgMGTWjVnq6diqG7R19488LgUVuDaZGMoqYJMZB4zwavVqkeZUeDLwpctudGdeKh,1787075302,2026-08-18T17:48:22Z,4AXv1nmDRxosiz2Zr5bn4veEg63Ty32TParXHnTpQhzG,buy,1.383586186,1274950.1523621143,1.0852080635753598e-06,raydium_cpmm
5qaM8vKFoJzAe8fB2t2CLRK7MZuX9SeEHEfs2XFa62TVVbRF6q6CNnw6Gv6JUkEiFKSVBbzyr3TJcET6B5ffATNQ,1787075302,2026-08-18T17:48:22Z,5ZJYjAUVMLAJGccsEMV5SNjgnBHduumHyMjjHUtSubkG,buy,1.2334842490000002,1130262.86000393,1.0913251179426627e-06,raydium_cpmm
JT7H4hfa1bMEKEGbTFKRFGLMz1vpWCNN95jhGu25neVumCD8eRfzkikpBzMQPeLHTePAiRy3vvCTJoRaahbCB5V,1787075302,2026-08-18T17:48:22Z,Ahekwy9V7q2tmqJdTX92TAtEHM4pafQbsfc5oLakbZs1,buy,0.374247249,341009.4562338999,1.0974688301408924e-06,raydium_cpmm
4A7rkZmcgkq6KVVwpUjB1kCoc69a7j5DfPWifZhfnieTxdnhbe2WTmoPhGPttq1tavP1PszC4VARgxrHndWZ8vkT,1787075302,2026-08-18T17:48:22Z,C7PNbARVAHeskaefdcu7fy21dCN3qNANKuT6Cka2av4L,buy,0.216415067,196274.319012495,1.1026152992853988e-06,raydium_cpmm
5DVd4vfJz2kCUTVWNvk2RRFhmzqsqMop54ANwZ5CoZQtjpKwknrkw8Mj9ARNu565cvhSMwLmtnbxQ8PzPtQjpEEp,1787075302,2026-08-18T17:48:22Z,EyVaGh2eyp6zFPWLAiXx8wzEjn98VktPaANra78vkAKm,buy,1.312715518,1197357.8465342838,1.0963435215291866e-06,raydium_cpmm
fKo9rQZVEq9sXVr9kqUURY8R67Gr5URBtKaD5DeX28xqhUnS3kojCEbzgw9c2dfYZE7D8zgaG1cLUw7KBZdJyfe,1787075302,2026-08-18T17:48:22Z,JAGPLMkgPWRxFJekMU8DRHRurw968GGYHRMEKUWheYcD,buy,0.41233768400000004,375241.560608124,1.0988593143354305e-06,raydium_cpmm
51nQQdxsvBeTi5ZbZEsKY6emXjfariQWbMyTqEGfpNi6Yh9fysC2vLteNghyLF54LabNuZJJTqcbaXn9Kp5NA7FK,1787075303,2026-08-18T17:48:23Z,2zXpLvhzH3BTAoaNpDRQPUKZqPZiQdDqc29d8wdr4UNz,buy,1.1972214870000002,1081999.4514728477,1.1064899204618902e-06,raydium_cpmm
2aom6JwXCBobi6Sgo1NPjzfbJiTuakkReEzWh9ATCB5jkRfrR4biyQmhYCrpvywxVT9PYGqN2GQNbgA8awYMzLpm,1787075303,2026-08-18T17:48:23Z,4AXv1nmDRxosiz2Zr5bn4veEg63Ty32TParXHnTpQhzG,buy,1.085521589,971362.3901080773,1.1175248291003123e-06,raydium_cpmm
62MGjCRyrTsY5xyPnh1B6R5p88W5oL3i8EtTgCtUKAcK9shRPVQnM95mvQdYacrruXFCnWteUhmNLyxg5FRj4btV,1787075303,2026-08-18T17:48:23Z,5ZJYjAUVMLAJGccsEMV5SNjgnBHduumHyMjjHUtSubkG,buy,1.3092093210000002,1178100.324268442,1.1112884820000131e-06,raydium_cpmm
26rY128oYUMhjWRPsDFDistNWMpWCraWTcQXm4koGi5PN9ca9jq5nXFCUMxon1USBBQCmwEWB646Udv4i7ckv1KR,1787075303,2026-08-18T17:48:23Z,EyVaGh2eyp6zFPWLAiXx8wzEjn98VktPaANra78vkAKm,buy,1.434000235,1278921.084932743,1.1212577944755774e-06,raydium_cpmm
5HjMjbBiVrkvfTBawLdMbEjbLi6rMPcrnmaSLRVy5mPqQycjmHWkVCFhXWckow1pu4DbqoTxTtz2EV99EVs5qRvb,1787075303,2026-08-18T17:48:23Z,h1jpvLkFT6u81HZH1zWhd4Vrf1qybKTADovXxDLrbtK,buy,1.014,887170.592487466,1.1429594359715273e-06,raydium_cpmm
4svY9yLsm1RqFmXo4XxmANYvsmxquCK33SnJjayH1a3q5nbVBgvkw6V84a9kUYnyYmowgB1jJ4CzQgG94qCZFArU,1787075304,2026-08-18T17:48:24Z,2z2q5gk8TDgqCidzkXkyevXH1aDaVjWL8cQwoRbMF1Jq,buy,0.006,5128.7427696,1.1698773499743974e-06,raydium_cpmm
5gR8LffPewciEhMTRQRBBcT5VChnQ8qxXMEyNnnsHqBxE8qUJMx4EXTFbZc8fbEDYrRHnyWJBVEmRbj7hYKysDJg,1787075304,2026-08-18T17:48:24Z,2z2q5gk8TDgqCidzkXkyevXH1aDaVjWL8cQwoRbMF1Jq,buy,0.006,5128.627355471999,1.16990367677977e-06,raydium_cpmm
5ntzDvWc1dcA3qkARQWbF5DuhJXYnk6vsWYb9CX6ghooLrf1TdYiso2u7gCji79LSdKWVZcq2iziYJgHPipzHHTt,1787075304,2026-08-18T17:48:24Z,Ahekwy9V7q2tmqJdTX92TAtEHM4pafQbsfc5oLakbZs1,buy,0.446961078,376668.04446714604,1.1866179904703466e-06,raydium_cpmm
3hnWVWCV9bXUcbEgrnMZ4EN9xHdAA4C9JiWFYCJxHb4ES52eMYCDEf773BoPrqqDGJYo34X8e9ZHZevXzsYYo5gU,1787075304,2026-08-18T17:48:24Z,C7PNbARVAHeskaefdcu7fy21dCN3qNANKuT6Cka2av4L,buy,0.33661527300000005,283879.17278795596,1.1857695289658864e-06,raydium_cpmm
2GZpes7zoVp5WSPhEC4YmfBcfypUWyk16brB96HGm1FgJhTDDc2UWsu6YRezath9JPdNaPZbenhcWysqNg1ocoXm,1787075304,2026-08-18T17:48:24Z,JAGPLMkgPWRxFJekMU8DRHRurw968GGYHRMEKUWheYcD,buy,0.219423649,184943.17155851598,1.186438229381042e-06,raydium_cpmm
4AsM63qSeb73fS4gVE89t1fBx3DKepJS37R1HDyz9D7DYS3nbjG4vV99jCKnjeru8EXjdhLNbweDF666sbJmAxER,1787075307,2026-08-18T17:48:27Z,6DqwStHBhuxWGutooviZUgVDhT3F4Dy5pAiP2YErRCEe,buy,0.041,28984.152280990034,1.4145661257407502e-06,raydium_cpmm
5fUjn2BrpRqLWGLGhKQzpB7PNcP8LTkwvpBccAan6iKDbyV5dmHvkyqm5cTbjk6jDMiRsojttExvHzBtUEkFijYq,1787075309,2026-08-18T17:48:29Z,2T7W5XtariS53AbHY42u8CZzAyrzvNzGpeWcHsARNGkx,sell,0.987134678,667078.8042840052,1.4797872030419553e-06,raydium_cpmm
5ux4HgEHMkjgChHJqPGhGFvmTzNtpZ1HonStcMhiLwyr2iV5y69MwChjLjJY9cN85HAE3Ucm7g9HggtP8sLjAV1w,1787075309,2026-08-18T17:48:29Z,3XQyz76yGTfdVezAEX32drhFBK6Zdqu5vP1C1ocPXVt2,sell,0.978390152,656659.2583737788,1.489951050751938e-06,raydium_cpmm
38w2GY8WadqLUyy3kiGA8YL7d2eEEqLm3XLHDtwh9szUL1CTCfTt8oJJrgXgZjq3UxVqssHNQgqg1nMBxS3p6Pvu,1787075309,2026-08-18T17:48:29Z,777777UupVYr364fUHXwqBRMnNaVcpAw2z3uhFkspnNn,sell,4.412515284,2748012.294013585,1.605711624221062e-06,raydium_cpmm
3qDiX1dxF1uxJWeFxn79V5n1DjZthThY5C5SCU3fzP2TTRBPg9HUQfGGedbiYKoZ8YpB6nfev48XN24VD94XejM9,1787075309,2026-08-18T17:48:29Z,777777UupVYr364fUHXwqBRMnNaVcpAw2z3uhFkspnNn,sell,4.200581681,2748012.294013585,1.5285891151763655e-06,raydium_cpmm
21Lea9sR1T2aETnT39LyuQPpwvihaTD87ZjfiC6RVQWFkGFAQjgS4YNdg1XbkytvPDKwVGxf9cqjhwQtpjXKM19t,1787075309,2026-08-18T17:48:29Z,8g1mx4TgKsvEGM7a8GM5yVRuC7k6gmjgdht5NbFzfNy6,sell,0.501338605,310257.99820261705,1.6158764895807648e-06,raydium_cpmm
4ECvGkXHydx9DHZM5YeLc3pf2WWPHGU3dtroQjJUKZXZxaiycF2tUvUCpqqpMV1VKvttFgiYGRpMZ6jPyKome4yb,1787075309,2026-08-18T17:48:29Z,FDQKtMRyjWHPxyvtuWzqypyn3JXmCtv3CH9tKQpLbtPD,sell,1.068821064,719590.336893159,1.4853188115541537e-06,raydium_cpmm
WgJ1BjkG9ppuQXLv6i1aD5fJz8qbsp58KUySmpM5PinPd53MwgR3Tqfym9m7YrixFvJsB91gd17Em2NsY6z5WNW,1787075309,2026-08-18T17:48:29Z,FMrLCzfeRZLiawdoj7PRiAyo3kwbYWJ7XWQXgxmeHr8w,sell,0.946074132,641514.7333164539,1.4747504349729557e-06,raydium_cpmm
52y2chm8mvXgV7Q4C84gVmEc9Kx1yqSbF67riSn3n4e3kfzf5qRFxwr4PBsfFPv2fvc4bKzscmJyzq1HhqcKtJMf,1787075309,2026-08-18T17:48:29Z,HACKERamoyuTkkbuVnSWPNc5a5TDQH3U9vpp6zbrRKTe,sell,4.131003919,2740043.875610385,1.5076415220102117e-06,raydium_cpmm
AUL1nsFx8CaWFZe3fh8fuSVF9sa9vSy1n11B5TJ16qGrYUwjsd1GyhjDwFfi4XiUb11RdoUmkzoMwT2Kky4oiYP,1787075309,2026-08-18T17:48:29Z,HACKERamoyuTkkbuVnSWPNc5a5TDQH3U9vpp6zbrRKTe,sell,4.337940828000001,2740043.875610385,1.583164732000381e-06,raydium_cpmm
4W4FTojP4q2AMVMyE5YuJqscqjRrw8Vb7rUEwJtxGkPwC9enCUPmtG7ykWYYbhbJPePFYrwb9ws5H9QNaBhNxMwU,1787075309,2026-08-18T17:48:29Z,XXXXXsiKfM49XohyATcrYbRYBd9WWhDRM7c7vMYQNSd,sell,4.298329894,2753445.594466723,1.5610731160397177e-06,raydium_cpmm
65muy3PsKaiv6brQrwDbASfFqNws4QXTtW2M8PjJEsDneCHmqdCn9eoSDkZxM69iAMXNMf8Zx8EtYc9topTEJuw5,1787075309,2026-08-18T17:48:29Z,XXXXXsiKfM49XohyATcrYbRYBd9WWhDRM7c7vMYQNSd,sell,4.2679187370000005,2753445.594466723,1.5500283519589915e-06,raydium_cpmm
BfjVJkr4sojnQvtDoL3mvtGBbfGu5a9WzBvgQsSNWvUhCq3ncg2WkrCeffjcFagikPosbqYupnaiNAhQ5Cq6SFu,1787075311,2026-08-18T17:48:31Z,2DCW6PvdpXwscZVanFmDLB7svT2STkUj2SuXSMR6C29g,sell,4.597157298,2972362.3268571342,1.5466342230426745e-06,raydium_cpmm
4LYYvZDy2xdCa3q9bbMETsThf8vyayujUKSTxPPbVcHsRVFf94Jgn9nQHDC2TL3Cy6bevNbxAXFLhBzUtrcewCTu,1787075311,2026-08-18T17:48:31Z,CASStbiKKzQrFvs835DagrLid7saGriDUHv39Mr8SRUG,buy,5.016591129,3214189.945938262,1.5607637424600288e-06,raydium_cpmm
k9Hi7WbRYkzF5NLwnxP8xmRiKdufb4NDipCfvC4ZSJQvBvc2ZWutEAT3UrT6K7Pp2LppZLZUFWstpUSpT8D8k4G,1787075311,2026-08-18T17:48:31Z,CASStbiKKzQrFvs835DagrLid7saGriDUHv39Mr8SRUG,buy,5.014621877000001,3162791.5174046494,1.5855050354741505e-06,raydium_cpmm
4amn78JCdHF8XFf1eLhayPwJWxA245912XfBKpkkQhoykUDQMPefZ4T42UZiVxT47868Y7gQPVET2zcVfx6hhF7S,1787075311,2026-08-18T17:48:31Z,GjGhvk8AdrQQnyhfGcaF3TNLo8tngc42QELQMoBkTGaD,sell,0.08241248799999999,52930.821872456,1.556984854657728e-06,raydium_cpmm
5F6NxyY7sH5jbfKd8HySW8wc1nVNihD9uMiZXsZjjMMW9CK3WPxAoseweHvMqwtJ9JCcmkPNZbbTGGom1BzdrhQo,1787075313,2026-08-18T17:48:33Z,2T7W5XtariS53AbHY42u8CZzAyrzvNzGpeWcHsARNGkx,sell,0.759560518,500309.10321300407,1.518182485831406e-06,raydium_cpmm
67XVFrzqFrBS8fUvUYq5Z3mDd3PPCUEowCHcHk4B2u4XGa5bExkQjceTEyfbZTttmAHEpwpEgawHXQo8kzpXQQAp,1787075313,2026-08-18T17:48:33Z,3XQyz76yGTfdVezAEX32drhFBK6Zdqu5vP1C1ocPXVt2,sell,0.749521587,492494.44378033513,1.521888412073752e-06,raydium_cpmm
4tAD6YYC1N9JCWj5CPtJ6MbAebfMtihjgwy7isou5XEdNjeUUMSvp2uJSSLaHBWBGFckn4JrT3DQ8TrctCS4HKE5,1787075313,2026-08-18T17:48:33Z,FDQKtMRyjWHPxyvtuWzqypyn3JXmCtv3CH9tKQpLbtPD,sell,0.823852738,539692.7526698692,1.5265217735913379e-06,raydium_cpmm
221h1mh9JS35Ryupd8rfVhQeNXH4WYB91xh1hUHcw8VwLb6TpjuH1AXBopEj69zaAWzZbimXQQHLexTsBokGwKSK,1787075313,2026-08-18T17:48:33Z,FMrLCzfeRZLiawdoj7PRiAyo3kwbYWJ7XWQXgxmeHr8w,sell,0.728502352,481136.0499873401,1.5141296355140479e-06,raydium_cpmm
B9XCR8MXDK3kbU7T8ucgpgnjs9UF8HhcCUyFGMJM5J5DEwZh4ijtKByAPxdxftEohnGwegg4fPudCjBxr9yHpWN,1787075315,2026-08-18T17:48:35Z,2T7W5XtariS53AbHY42u8CZzAyrzvNzGpeWcHsARNGkx,sell,1.2129003760000001,750463.6548195059,1.6162013552697832e-06,raydium_cpmm
5ZTiUgqFYCG3rsr6akkvWwo6DVpQR6P3VVuZsKTDvF9PeAmHDyafmPtB4Djj3gNmukRVkv27XrKNUmpQYvqodyuV,1787075315,2026-08-18T17:48:35Z,3XQyz76yGTfdVezAEX32drhFBK6Zdqu5vP1C1ocPXVt2,sell,1.2036200670000001,738741.6656705019,1.6292841231684991e-06,raydium_cpmm
5i135sqG7XdNMdgwiKHEcHnYkRrZuzrHuJK5FnBSHpK7v88QhR5uNM7fSqhPgqNWiAk1nqFx5zvtYiC6ZRMavsKD,1787075315,2026-08-18T17:48:35Z,FDQKtMRyjWHPxyvtuWzqypyn3JXmCtv3CH9tKQpLbtPD,sell,1.313997542,809539.129004805,1.6231427177773897e-06,raydium_cpmm
5AgKBf2GrYDt7cGcRQxCeByvJb8YcgdGRPipcWF3FMPAVFPzT87Xg8y9Bxnofm8F8yFFExvgTgSzp7nmjoE2hDwi,1787075315,2026-08-18T17:48:35Z,FMrLCzfeRZLiawdoj7PRiAyo3kwbYWJ7XWQXgxmeHr8w,sell,1.180279082,721704.0749810109,1.6354058719026284e-06,raydium_cpmm
63QaidDcXNbqTZpesApoZFqPXS2QesGHnAQbR2NX2Stt2VhLHD9MB7x7QjceCHcGRKc3CcUAUcPFFQVU6Gh3JEAg,1787075316,2026-08-18T17:48:36Z,2DCW6PvdpXwscZVanFmDLB7svT2STkUj2SuXSMR6C29g,sell,1.3739695379999999,743090.5817142832,1.848993341875363e-06,raydium_cpmm
3fuEZ2wfUSbikAnN8WDtXUAGXVPkrwtwqnSfLaLbE3eK5CPU6zqYXULA4y6syCjVZNfpTiFqsa1wwarChJb1U5Wf,1787075316,2026-08-18T17:48:36Z,3KEdzpSYJ7sXfHKpVhSF2Qj6ZAjd3Q3dugFCZ4umWvkR,buy,1.9266425550000001,1054900.903315783,1.8263730260768034e-06,raydium_cpmm
5pPh5CAQuHtmNc4zkpettE7YDc7m88tJ6U39UBucBktveguixbQcXFPpuiA5tPkMk7JAK3UrcfXBHj5CgDXvDf6U,1787075316,2026-08-18T17:48:36Z,3KEdzpSYJ7sXfHKpVhSF2Qj6ZAjd3Q3dugFCZ4umWvkR,buy,1.8692975170000001,923183.950627683,2.0248375372308455e-06,raydium_cpmm
5ZLXm8Y2oDzikbMiv5nX3MLRH4tUPaXiyEMfZLSLvo4iGZhVwehpUdmQMnLB1zwZCNMVMnnpqjLEidw1HCS7T11,1787075316,2026-08-18T17:48:36Z,Act5xzJ7DhXrdNKbRw1yTzQUmT4hYtAPgFKTP5WzPBva,buy,2.0794360050000003,1145532.08501818,1.815257758552436e-06,raydium_cpmm
Jn7WjHk7QwZedz3r4DuSNaeTfiZ8g3DxCYcZRUx6XeGZuxZoi8hqk46zZCPiGRDUv1BK1Jg9FrX7DBrBNwq8rJn,1787075316,2026-08-18T17:48:36Z,Act5xzJ7DhXrdNKbRw1yTzQUmT4hYtAPgFKTP5WzPBva,buy,2.132702483,1059344.855622295,2.0132277715618663e-06,raydium_cpmm
26uJrC6CVLrvaKhKZBC8EFiKEXbJNdCif7EYtjRcstJTu6i23ksREZKj68UrkDbFJKneExjyV685prtNMTetMP5V,1787075317,2026-08-18T17:48:37Z,C4eNLxxC7XLUivghMi35YUeSfvACgnvKB18115uPUqjg,buy,1.00213928,471940.730288454,2.1234430844472447e-06,raydium_cpmm
5N5n3A38NebRNFJc7hFCxpSP8pPsDo6vWNkmkuvyUzAZxJU2qFJhyrbVR89864Qtq814HhqYKiszdYMR4XVdqP3y,1787075317,2026-08-18T17:48:37Z,C4eNLxxC7XLUivghMi35YUeSfvACgnvKB18115uPUqjg,buy,1.0001,460379.355945301,2.1723389354557086e-06,raydium_cpmm
4fXrRdrKKgjYENuHJXQNfpXqrmV7rvhXD7t2uc5UVQFY5C6QuHvZVFcAdpNikW4MqRBQe1jHrrG1fWNG3YJeNA4X,1787075317,2026-08-18T17:48:37Z,GjGhvk8AdrQQnyhfGcaF3TNLo8tngc42QELQMoBkTGaD,sell,0.053385147,26465.410936228003,2.0171667512980905e-06,raydium_cpmm
5cBxn8mjipMNevybyFrtCSftXYkvuSJeK9Er5MxS7cV4QchB7ixHfrSX7GpM8Eahc6HhqiEWfAxhccq7cLVgg6EV,1787075318,2026-08-18T17:48:38Z,2T7W5XtariS53AbHY42u8CZzAyrzvNzGpeWcHsARNGkx,sell,1.5847078620000001,750463.654819507,2.1116383875793907e-06,raydium_cpmm
5iqvAUVbCw6qf6ahCxDgEPBnWzJRwSBavWnLQkgc6ksJgCjaaa8rDSnNTE1yPginnTcGXej8L4NKYbbDgfvxWp2L,1787075318,2026-08-18T17:48:38Z,3XQyz76yGTfdVezAEX32drhFBK6Zdqu5vP1C1ocPXVt2,sell,1.539003882,738741.665670503,2.0832774886240593e-06,raydium_cpmm
x13cQMHs3uzZuMsxYosbYbo9CvZCiAHQh9ypDUJDZ2btrmFeqKcv9V3JinNj8JxiPKcTbC11VqesQf5YYbjiifY,1787075318,2026-08-18T17:48:38Z,FDQKtMRyjWHPxyvtuWzqypyn3JXmCtv3CH9tKQpLbtPD,sell,1.6945790040000002,809539.129004805,2.0932638624685205e-06,raydium_cpmm
2bYa3wN7aFpWgyniwrhGwEQ5NMKKqzy7pR3yZtVoyJLpTtQXDtLNLDKooUT9EWYfmQMYUbH9MyN6PY1AGz29wtem,1787075318,2026-08-18T17:48:38Z,FMrLCzfeRZLiawdoj7PRiAyo3kwbYWJ7XWQXgxmeHr8w,sell,1.5171917300000002,721704.074981012,2.1022352271461364e-06,raydium_cpmm
2418Ynj34c9NZgUC2W9T9JtF6ioego16uqqSEkiK5kbVJrU2W5AN48e2TSBjnWhD5tpfx6XSia6YG2X7PsYb5TDE,1787075319,2026-08-18T17:48:39Z,7aQ2v6Eh5ocjcJzjTBHaVUgi6UuSRDFKnaVQzco2ygvg,sell,11.081054786000001,5209323.338096487,2.1271581867385245e-06,raydium_cpmm
5xDL2mrvee9BsfQ9UcdHaCPbuQeRzkNUjy75pj6vVWrri1vXMphEXK7jab1HhR3SpC8uWbUWt4QKivCCvA1MtvCb,1787075319,2026-08-18T17:48:39Z,C4eNLxxC7XLUivghMi35YUeSfvACgnvKB18115uPUqjg,sell,2.003418495,932320.086233755,2.1488526575600294e-06,raydium_cpmm
24AG5ivAwYSCbCNEipdeq5Sx3toJhcQpEHoAN3Wk8WB8MyND2oiiit9gTBnzFcuF9pr4VZStiDJTMcZEvv9JKQ64,1787075320,2026-08-18T17:48:40Z,2DCW6PvdpXwscZVanFmDLB7svT2STkUj2SuXSMR6C29g,sell,1.204571645,557317.936285713,2.1613724708520195e-06,raydium_cpmm
4tqwynBUXvtrbSB4RkQ8zPb8iWV7MqiUZWLhWNYUuTzc9PoCJqQ1En38U9aUnTfYs61syUXu5T982Xq682AT8JRX,1787075321,2026-08-18T17:48:41Z,8JS3bkVtpQ2b1eTBtsadyQ7TkE7yxfdb8CpDa9zqwAe2,buy,1.41154917,602068.139225365,2.344500693586165e-06,raydium_cpmm
4frZEKaLktt6PsSvEsWK69dYYp7xub9Uh6Cq8wKxPneXWgw5oyGZXbGYJ7w9jBWXnQLLwifuK1K68hNzm3pMxmvS,1787075321,2026-08-18T17:48:41Z,Ahekwy9V7q2tmqJdTX92TAtEHM4pafQbsfc5oLakbZs1,sell,0.24796110600000001,106367.327236888,2.3311773684768074e-06,raydium_cpmm
2NE3vVUyrWhVUbW8cMnyX8ogSMV8Utc93svxvhio6KFeAntCLFPUWszXgCbAPnNDqC8i78binggWqv52wgbjKLY,1787075321,2026-08-18T17:48:41Z,C4eNLxxC7XLUivghMi35YUeSfvACgnvKB18115uPUqjg,buy,1.0001,431163.020040812,2.31954029801845e-06,raydium_cpmm
5yoTYqR3bySSFiqEobNKNRa6aPKRGV4X4DamUkb9MicScPeHphQHqbri1umTG288TtbnpkKHPu8vbquCEK9uXUUn,1787075321,2026-08-18T17:48:41Z,C4eNLxxC7XLUivghMi35YUeSfvACgnvKB18115uPUqjg,buy,1.0001,430022.617032833,2.325691627339779e-06,raydium_cpmm
mnbDLwW5zRaLJHQSUtCGwjTGJSeC1naiPmHnBq4D5iPUSY9mUMhtWfKfK6BMsaPFiBaeknMkDtA2mdb7QQCCpg7,1787075321,2026-08-18T17:48:41Z,C4eNLxxC7XLUivghMi35YUeSfvACgnvKB18115uPUqjg,buy,1.0001,429268.59050062497,2.3297767927386803e-06,raydium_cpmm
2iQRtcmRnXwLwpVk9N458qQWFisjyUyq82qKsc2KYPHo7FGMRP6c7eLoGdNzD5RhVAGcZiDyquNKepYNi1kyAYdx,1787075321,2026-08-18T17:48:41Z,C7PNbARVAHeskaefdcu7fy21dCN3qNANKuT6Cka2av4L,sell,0.207645507,89157.11706222198,2.328984088337962e-06,raydium_cpmm
51RBVak2AKQVAUqtU93DCyv2gessyjTxFPNyUo4ki4Cs6zQe9ps2kYeJfGnrrqw3W1VSA4Z2AV42hiyA5VH12oBY,1787075321,2026-08-18T17:48:41Z,CHvWpTWTZXUMvWfX7jmy8vhHbAqn6YvLc8wBxXYi4KiW,buy,1.654553364,693653.015891817,2.385275240060437e-06,raydium_cpmm
5JM5ku7CMgKaCMwi6FZCVehcvGH6p8woYftUFFvXhtgKcSR5MT79uRWGqTDnZtpJsCGLE5UhnXiCum5kqDv4m1J2,1787075321,2026-08-18T17:48:41Z,FCgDhFHrwS5M6LQrKt1TJ21YpF1t8Dx4KxNytbMT2KVN,buy,1.625093571,687106.690145248,2.3651255246204494e-06,raydium_cpmm
5y7pRZKciVEos8fJEdqeTJCS7QKZnweQSVyfivoTfa1mKcNXR5PBGDnUDFHAK6zy1RUvqevGJiTdcaWWxrVCgRjR,1787075321,2026-08-18T17:48:41Z,GG33KgzDhbsCLzxwVpzJ5Pt2ubP5FyfDk8beZ8hXkwvB,buy,1.9769750990000001,840265.983420909,2.352796778647752e-06,raydium_cpmm
43vXSdo2ybCdkFWetE4hJPmWrpvhjttTdnJL1L9sgPBCjkkSzXL2zVPEv17ovkri2TWzhKJ7hqthv6ZmtqMxpULi,1787075321,2026-08-18T17:48:41Z,GHJFdDSYx1kGg7nLTDZ7B468SqHsqySZwHRSxs4DgEVk,buy,1.356840196,570646.96120514,2.377722634559398e-06,raydium_cpmm
UwPWBZxntkDiGMCJJgMuS3CiJLaMpPAGAE9cf3LojtgJ3eenuUFheHDs4LqmWUF9JLwJGMm8wkSR212zenjCuVk,1787075321,2026-08-18T17:48:41Z,JAGPLMkgPWRxFJekMU8DRHRurw968GGYHRMEKUWheYcD,sell,0.244413712,104730.23224071495,2.3337455362290477e-06,raydium_cpmm
YzaA3wyFexpwrLAE1p4yk1yh5qqjKNQUqHcVZpoW4tt1r8A5WB8Wr38famuEuzWshKYTcebPTw43fbjXd8HVvDZ,1787075321,2026-08-18T17:48:41Z,h1jpvLkFT6u81HZH1zWhd4Vrf1qybKTADovXxDLrbtK,sell,0.32899573099999996,144988.8755571493,2.2691101626643206e-06,raydium_cpmm
2myXmGcTRqzxiFupxsy5RUzDuuG7wg6xqYDK7dTpXxEXxXf4QqisRXccrcDDxEkr6iQv8k2xWGefNcGJdBtBGuiN,1787075322,2026-08-18T17:48:42Z,2AwjJTdTWCu6QjyZKvF6oVEd9TkQP1WYvVswFvDEySxn,buy,1.171699651,475142.404171782,2.465996805825788e-06,raydium_cpmm
4geeSsCUSYB7Y56TNNJCxfcjWnU4MCteif7spQXTt618QAd8DapcuwvZtbhpGHLX8BPr7757X4ndSQLtF4kexm6n,1787075322,2026-08-18T17:48:42Z,2AwjJTdTWCu6QjyZKvF6oVEd9TkQP1WYvVswFvDEySxn,buy,1.333073403,529307.036171502,2.518525755187709e-06,raydium_cpmm
3L7nV3CXoBu9kmxbkDt66hbrSAUSFyZUtNJuTYMddWffHDGCHjiFfQkzq5FKczPfwGkY1GbriZhvQXP4xja9VwqE,1787075322,2026-08-18T17:48:42Z,5kidNviTucvoHuFGuPQUikWokMxsLZMncGrS5gK9Cujs,buy,1.372054877,547877.172542935,2.5043110860627754e-06,raydium_cpmm
YW4o2b8Siez4UV7GPMsee6A8fPhd6LU4EQ54YTKpJ1GU7FNKkyiNmnar2MkLNGkTjtjuGL1kT2fDdG88rpxTnh2,1787075322,2026-08-18T17:48:42Z,A1igHDVAzKcGUAbVMFV8HrCCSUfcs5YzVfW3i9895pdW,buy,0.94132234,377860.866032875,2.4911876953092626e-06,raydium_cpmm
2XBrnkrKP4rvfKscFXayucDDAUWCkYLPpANZEtPqWWV1ZZbDubsWGj1N52X2SrYC9YLQ77NSPxcbawgXc5n1wjJx,1787075322,2026-08-18T17:48:42Z,Ahekwy9V7q2tmqJdTX92TAtEHM4pafQbsfc5oLakbZs1,sell,0.229749785,94666.92124082998,2.426927822185355e-06,raydium_cpmm
5qhCHtjAT3bFnzEsz2PymVVi1HB88vQSY7gsDuVv4Ls58KDq9wuirEX6n38QDc6atVHudWiYKqdWznkma9VCnznX,1787075322,2026-08-18T17:48:42Z,C7PNbARVAHeskaefdcu7fy21dCN3qNANKuT6Cka2av4L,sell,0.19236055800000001,79349.83418537793,2.4242086952646333e-06,raydium_cpmm
5hNUUbqmnno5g7LMbTL2ctv8KfQ5Hq2Mu7Eku2t1kawrXCjeASCHbaAv4ikvM9HGWTnLJLKuwX4XTSevxXHXbCi4,1787075322,2026-08-18T17:48:42Z,DenZLNzBtE3L8T1kQFKh8oE7FCXBrdsM9xwCbsnKvdJq,buy,1.141256336,459752.049588901,2.4823300668707917e-06,raydium_cpmm
43rf3xMNXrmYK55JQEcMqN6od19u1pLEXnmYa87XtPcfceY5MhFe2qzVaM652rX6wvkphDAX6EesyHXpebXQu6v3,1787075322,2026-08-18T17:48:42Z,Ebux1vXaJYiugKxnBNgQbsBjbjjFK1K2k1zXjkD3tqDk,buy,1.073266355,430021.863585237,2.4958413650222735e-06,raydium_cpmm
4MQ58bR9pNi7aeNkyMbuUAih2CEzWprGHgRadG5pmp3Jpd4DvetzA8jAP6DSakHkTzZanUVBMLqXXMiiAbKSyTyX,1787075322,2026-08-18T17:48:42Z,GpNHGPQXQEnrrbL8paxGdEWrNEvdFcZFVtC6ztMoYuYo,buy,0.928428067,369738.508555133,2.511039682147576e-06,raydium_cpmm
5FJupBUbiPHCxkzUNSi7mSrWnjxNK87pzfdoc76aNVx2fzyYrFBe8nmQyA38jUGSK89KZ5waRdwpiqXe1WRR9tfz,1787075322,2026-08-18T17:48:42Z,Hedt6aVyFRvxpQJkrrqgZ3e3JxUNb7ufCVyYXMnHYYE4,buy,1.132002513,453089.04062009,2.4984107129379263e-06,raydium_cpmm
3TmDeU3RQAMGfxDiKYMPdVzoTfiFr58fDVaSGn6MP7JcB4nFyiY5zXxsH9Nke31vFDWjSFFEr6DPf2rTjatLPw8P,1787075322,2026-08-18T17:48:42Z,JAGPLMkgPWRxFJekMU8DRHRurw968GGYHRMEKUWheYcD,sell,0.22604627400000002,93209.90669423703,2.4251314266574197e-06,raydium_cpmm
5trzFUFGmov9FNcchD8SxJdi2EEaem9578z1YUzgYBicArzyokpzmvJMYkWjnrsWDyTaXrztJTjhbH5LrGVkTQwJ,1787075322,2026-08-18T17:48:42Z,ZZGtLggQHdZ2LgkDtnbJ1eVQMYLpQN7H1fjCGZAw8G1,buy,1.078340358,430882.966622677,2.5026293484102834e-06,raydium_cpmm
3HgRy5dwgEVuETCy9UYqSkf8XYkTtqx8WKzbVWNF1KHafjQ9SWu2Pwm1fjisCbsd9zt2RQMp9v8zrYNPiEhiLzSH,1787075323,2026-08-18T17:48:43Z,2DCW6PvdpXwscZVanFmDLB7svT2STkUj2SuXSMR6C29g,sell,1.0785439689999998,417988.45221428387,2.58032001431245e-06,raydium_cpmm
2LGsJbuAdAtVbkvAYm14ufjEJ9nCbETBCeLqj162cXRQVewBYmH8S7C8E5wFzj2XCArTdCmAhsGMo6FWCV3v49BN,1787075323,2026-08-18T17:48:43Z,5kidNviTucvoHuFGuPQUikWokMxsLZMncGrS5gK9Cujs,buy,1.238776274,467730.107930543,2.64848521186914e-06,raydium_cpmm
36MHgZTMGzfnXXV6A3Yn13PauqmyXEnX3zSJf3r7Upr4nJHEZNJG64VWBDVzpUkgjF7nvPCQF5SaxB9gWW3mL8V1,1787075323,2026-08-18T17:48:43Z,8g1mx4TgKsvEGM7a8GM5yVRuC7k6gmjgdht5NbFzfNy6,sell,0.054731388,21354.307154724986,2.5630139907344076e-06,raydium_cpmm
56XrkzcFGyNAe5g5fAsyXm5BfnCFrjNF2NGeMxoTDK48ZLYkU7WPQ2rDqSRkEQsFdTi8H6ikfZZZ5GFnyRcR5Dnh,1787075323,2026-08-18T17:48:43Z,Ahekwy9V7q2tmqJdTX92TAtEHM4pafQbsfc5oLakbZs1,sell,0.215244825,84253.55990433902,2.5547267705291938e-06,raydium_cpmm
3H4AXRvSFEBuAiT4JToJx2WwVx7A4s11XHh8v4ZVpTLPmA4Q5J83Xcd6S5BhhRDndJ86QfD6HiY2RnQDbU44bxYZ,1787075323,2026-08-18T17:48:43Z,C7PNbARVAHeskaefdcu7fy21dCN3qNANKuT6Cka2av4L,sell,0.17990362000000001,70621.35242498608,2.5474394616145794e-06,raydium_cpmm
XZDLY4ty7fVPshjMZQDoz2Yg2zpYfK6RLRWbV5WYfWFTK6k4W96MvfXnCXBJFx1fPcqGr8Nk82duwwAVThFbN7B,1787075323,2026-08-18T17:48:43Z,CHvWpTWTZXUMvWfX7jmy8vhHbAqn6YvLc8wBxXYi4KiW,buy,1.369530996,520263.43048807385,2.632379897843683e-06,raydium_cpmm
22CANu9gAYRa39jjC9bjf2fPtcEu6dx68VtD3rDx1zwxrwrD3S64SHewLJEkLn4GkqM8vRLyLzxDPnoJAZEDuDbX,1787075323,2026-08-18T17:48:43Z,CqyTUueWZJkdcJRJ6ZaZxAXvDQFGoFnL5hkEC9nxQz5o,buy,0.5194575,194335.626166866,2.6729916189117513e-06,raydium_cpmm
nzL4CSCHnWp7YzEGGgHLauSM9hqeTuUJxYJKLWte6e4hSazRS8wvSjSBHAKny42Hk1z38i4vXZ3pDd8R8zpZgdS,1787075323,2026-08-18T17:48:43Z,DenZLNzBtE3L8T1kQFKh8oE7FCXBrdsM9xwCbsnKvdJq,buy,1.158098685,435892.33633941796,2.656845712695024e-06,raydium_cpmm
3wwhLpbQpRtn45hkojLbhfzZE87uf5DSTSfCny1a1RcLijJoH9FRNARcJGeMWvs8V9aNL8osHP7bJL6LZoup3C6V,1787075323,2026-08-18T17:48:43Z,GHJFdDSYx1kGg7nLTDZ7B468SqHsqySZwHRSxs4DgEVk,buy,1.637784004,624773.877952666,2.621402817555188e-06,raydium_cpmm
tKXNqfwmuWnYHSANX4FgWyFM7xGfY91S85c1rBAqRwQrpE8Ys5Fp3JRcaeJEzimsLKRZFqm8V1YuR1XQD62baZi,1787075323,2026-08-18T17:48:43Z,Hedt6aVyFRvxpQJkrrqgZ3e3JxUNb7ufCVyYXMnHYYE4,buy,1.281717513,481101.511439594,2.6641311293426055e-06,raydium_cpmm
2wwGfD98giWUwfeisAsPJFht9JU7zPM6c9VvfEo8N4PFthGXQ9dbwH899wqEurP7bekUt3idmLehTsnXWjcsUjuc,1787075323,2026-08-18T17:48:43Z,JAGPLMkgPWRxFJekMU8DRHRurw968GGYHRMEKUWheYcD,sell,0.211784208,82956.81695787096,2.5529452041000213e-06,raydium_cpmm
uLCazQUGQtyp1EQ2HrWSxRrNhrASQ5YAjY2AvuFUEdUA8HyLVrrmzkqUfe3AZstpdhNSgcXuo6JG11yYDPAVEP5,1787075323,2026-08-18T17:48:43Z,h1jpvLkFT6u81HZH1zWhd4Vrf1qybKTADovXxDLrbtK,sell,0.34115580199999995,137739.43177929195,2.4768201639357284e-06,raydium_cpmm
3aqa2aR3iVXKUJkytSwUPE2aKyWTmefUsSAiePHcZdvUHLEfNVDmtdwNZDq3eHVeZWgrmhMXH41zejqfb1bRKSJQ,1787075324,2026-08-18T17:48:44Z,2z2q5gk8TDgqCidzkXkyevXH1aDaVjWL8cQwoRbMF1Jq,buy,0.006,2070.190376246999,2.898284171756833e-06,raydium_cpmm
5kUhq8DvWABdbwNvzxdz2YuoTUh6zSiEmEzJ9KQVvPonsDFKpLVfzwFVsVTS4r7m1ox6VP4QYiSAteotxJ44oVqs,1787075324,2026-08-18T17:48:44Z,7aQ2v6Eh5ocjcJzjTBHaVUgi6UuSRDFKnaVQzco2ygvg,sell,15.179761123,5209323.338096487,2.9139602473872854e-06,raydium_cpmm
2b6hVj3t7Km9rtSeeiLHC6y66Xms3CCN4ZMi2K8EUmQ4tJUgtKUt9iFzM42kAja1aSAQ8ze6XzBJaq9bDrEf7UxN,1787075324,2026-08-18T17:48:44Z,Ahekwy9V7q2tmqJdTX92TAtEHM4pafQbsfc5oLakbZs1,sell,0.212527384,74985.66831486195,2.8342400458125636e-06,raydium_cpmm
3E873QSpCahNmb3nNj3YKBoghAiDAoF6G2RvZvVkDTJNx1DKPhy5ZUYLHvqrbShL99JACA2cCwqvqHu9cZxFkeiR,1787075324,2026-08-18T17:48:44Z,C4eNLxxC7XLUivghMi35YUeSfvACgnvKB18115uPUqjg,buy,1.0001,353116.95496447105,2.832206117377245e-06,raydium_cpmm
4Ermb3hrxWGjwyCEtzAMoCcU16SRytXagay6wY5ipSRJy55bBTELesWmL21baoSp57bRwUJARH39aHiYNxjUxnbq,1787075324,2026-08-18T17:48:44Z,C7PNbARVAHeskaefdcu7fy21dCN3qNANKuT6Cka2av4L,sell,0.177731483,62853.00365823798,2.8277325291629905e-06,raydium_cpmm
4oGaxUvL9hFQSz8kd85Cgvbzp4CFe55ngWa5E6zrYdUY4vwoL5VayqYTe8i5cjghZTk6JKMXr3keKvaeix19UV1W,1787075324,2026-08-18T17:48:44Z,GjGhvk8AdrQQnyhfGcaF3TNLo8tngc42QELQMoBkTGaD,sell,0.014335446,5527.575365101999,2.5934419800960004e-06,raydium_cpmm
38sQa5q7MwVTXVgfzEXnoML3RWA1Nm26Xc2gHnzsPmD4nvYetX5ZQQhSM1sFatcE3AmscoGMT4E9ZX6X4FtpanfS,1787075324,2026-08-18T17:48:44Z,JAGPLMkgPWRxFJekMU8DRHRurw968GGYHRMEKUWheYcD,sell,0.209025857,73831.56709250505,2.831117707932534e-06,raydium_cpmm
3GRcuPJTbqHkiVqbYkeF4sgrzipHqfdjMkzD26C6diLZF8yJY9V5DggWnvyoueVpDrnKfXSJeQMWZBoXoJ9ZisZU,1787075324,2026-08-18T17:48:44Z,h1jpvLkFT6u81HZH1zWhd4Vrf1qybKTADovXxDLrbtK,sell,0.373752769,130852.4601903269,2.856291493918959e-06,raydium_cpmm
3ruDQZZZMKuzRERRZmGtvtqnYMf8ZT2zmYhPskV47pt72wP5bmAkHqvXBWz5MkL2FBrsBbC2TReN9zFMRfyhGgF7,1787075325,2026-08-18T17:48:45Z,2AwjJTdTWCu6QjyZKvF6oVEd9TkQP1WYvVswFvDEySxn,buy,1.175850154,369691.053617941,3.180629183456487e-06,raydium_cpmm
3GzJieVN51w7iTNGJEZnD2732fRuHKUyM7jksLoaFnqKsTPwH3DWT1RtVmthCgyMGCH8yueTUTPp6hcygemwVoGe,1787075325,2026-08-18T17:48:45Z,2pUUZYtokRgDV2YzL6M5pjb1jyoHE367yU1sdQ7ac3ea,sell,3.033171008,936071.7253381712,3.2403190117768137e-06,raydium_cpmm
3QfkiRZCVrmXRe4y1qmj1Q3uctnV9AJQdKn8KGAK1cmHBqGdhsq77ff7q1BtN44aximChK629bnA1xfXJTM1K5Yc,1787075325,2026-08-18T17:48:45Z,5kidNviTucvoHuFGuPQUikWokMxsLZMncGrS5gK9Cujs,buy,1.198934634,373759.558789485,3.2077698236883984e-06,raydium_cpmm
nCxfMdcNgCmKbmRBWe4qGKppzKeVkALBTK4ETwwhZbXMSuvWbD1LhEEN2AQLFBB2GZSrMVmMnq3eiCENd6drVoW,1787075325,2026-08-18T17:48:45Z,8g1mx4TgKsvEGM7a8GM5yVRuC7k6gmjgdht5NbFzfNy6,sell,0.058259643,19218.876439251995,3.031376115255751e-06,raydium_cpmm
5BAQ9DA6hpiAracpiBNhcAwJGymZhgvS4Hqz8WLNgxbYCvi2jTwcTTZwHaF5Hby8GconDhWSKfJD3aLdmUATZaBg,1787075325,2026-08-18T17:48:45Z,Ahekwy9V7q2tmqJdTX92TAtEHM4pafQbsfc5oLakbZs1,sell,0.226960655,74985.66831486207,3.0267204400579665e-06,raydium_cpmm
4Rc5dYPRAX4EcmeiaSGMHY8BfMtgkhYAGzreZaukaJZJGN7pkYPkRpjKdNa6AaEJzj2AjjfvEZPKjfR1wVtWkmLh,1787075325,2026-08-18T17:48:45Z,C7PNbARVAHeskaefdcu7fy21dCN3qNANKuT6Cka2av4L,sell,0.19000909800000002,62853.00365823798,3.0230710855629253e-06,raydium_cpmm
3KAsDr3b3jjYjqUYdU54Ee536pETXzSqdCsSZuZ8L7Ff58Z6Y3Tfd8wMtcsYFkFhKYQsugWkVrWCqNk9RiXgw7dm,1787075325,2026-08-18T17:48:45Z,DenZLNzBtE3L8T1kQFKh8oE7FCXBrdsM9xwCbsnKvdJq,buy,1.240730721,391222.65732769214,3.1714183669090287e-06,raydium_cpmm
2ubMmkeBBjiuz2VPr5EGzrAXMYJeqrDqVUFkVMc7aNn194JkK8p8FHTpEqVf1SWvjgXyf4PR34MrerPwrZqWM2R5,1787075325,2026-08-18T17:48:45Z,Hedt6aVyFRvxpQJkrrqgZ3e3JxUNb7ufCVyYXMnHYYE4,buy,1.331137646,417488.212913865,3.1884436609822e-06,raydium_cpmm
3v4rhC7JccnzJC7373AoKeqUNscNmDScDqtVwVby4jJfLg58wNvEcPNGhQ54G4yBGau6EuFak4D5JcGdqWxqyHQz,1787075325,2026-08-18T17:48:45Z,JAGPLMkgPWRxFJekMU8DRHRurw968GGYHRMEKUWheYcD,sell,0.22365727600000002,73831.56709250499,3.0292906517855096e-06,raydium_cpmm
2ervSCzLp5TaJTMoLDvizVsBxA7HBFrpJtKsKV4hTN62mq7nxaBRza7tdBhg8HwvZmnFWSKf2ouSzCmCpQn6J9xR,1787075325,2026-08-18T17:48:45Z,h1jpvLkFT6u81HZH1zWhd4Vrf1qybKTADovXxDLrbtK,sell,0.384671169,124309.83718081098,3.094454773040114e-06,raydium_cpmm
4NcA9k6WHAe1iQDWk7H9zAEdmvbDBxqLPvMP9Bb6VrH8NrEQc7vKAM9CyaZVfXwhRFfmqe3pFXfcwyYked9X3gfy,1787075326,2026-08-18T17:48:46Z,2z2q5gk8TDgqCidzkXkyevXH1aDaVjWL8cQwoRbMF1Jq,sell,0.014583231,4615.764619924001,3.159439919672532e-06,raydium_cpmm
4kaRZ7TsPHWxCp5phEdCreXBfpRZzFPkc39m7nmjPoA2VNkReQY3Pv6sUnCGfHMF7Wm5MesHbvJd4aJHEt5NDRWe,1787075326,2026-08-18T17:48:46Z,2z2q5gk8TDgqCidzkXkyevXH1aDaVjWL8cQwoRbMF1Jq,sell,0.014584044000000001,4615.868492639998,3.1595449530796333e-06,raydium_cpmm
pgm6cBDa2JC9Kmohm71eoyEaqojNSFdoejgyrvX6sg4MSd7sAzJUTQL72vJPKKjQikR7ZwxirSfVfmhhCZBSjNJ,1787075326,2026-08-18T17:48:46Z,2z2q5gk8TDgqCidzkXkyevXH1aDaVjWL8cQwoRbMF1Jq,sell,0.017435016,5518.5900670169995,3.159324354277372e-06,raydium_cpmm
63x8P5xXcH7EPogabGTaAk3tgAunkSf5vtNTBYCBJrRfMqcXxj5qcB8x1guumaH9PFiciWjKjktod2cdE28Z3msP,1787075326,2026-08-18T17:48:46Z,8g1mx4TgKsvEGM7a8GM5yVRuC7k6gmjgdht5NbFzfNy6,sell,0.055481776,17296.988795327023,3.2075973833658856e-06,raydium_cpmm
5RdNTE31XYqGJ5LK97tmdGKUuexQCerA77FkbxTbhSt2d222trHCw8UW6jDXVnvKFpGzFsSVXo38jZaUaRQAfazM,1787075326,2026-08-18T17:48:46Z,A1igHDVAzKcGUAbVMFV8HrCCSUfcs5YzVfW3i9895pdW,buy,0.927154751,279342.97884993197,3.319055144386085e-06,raydium_cpmm
2kd13pTofYYgUWfaPKkKzzxhWNuy1ro2MYj8kn1fBk5TQnGEwQzaqxmu6jZa4wXUCzJSVKpVUvFUDZVFM2ikTDbA,1787075326,2026-08-18T17:48:46Z,C4eNLxxC7XLUivghMi35YUeSfvACgnvKB18115uPUqjg,sell,0.265673745,82178.55912693706,3.232883952000512e-06,raydium_cpmm
4yVP1hVtMDTgZk3P7iRt9kDjJpESirFfRvbTgErHE8CFZX6TbYM1tKAvGMH42SqkmiHAQjX98fkb9qgnW3dP4BZ4,1787075326,2026-08-18T17:48:46Z,C4eNLxxC7XLUivghMi35YUeSfvACgnvKB18115uPUqjg,sell,0.25710847600000003,82178.55912693683,3.1286564127129354e-06,raydium_cpmm
5bmVcdrih85tddi6Rwg9PETs2RjZtThnKYfsuxhpo1udpfuS4fNf27kg4HTdz4AfwyqPg4ysBGGapqQSPXUJhwWm,1787075326,2026-08-18T17:48:46Z,C4eNLxxC7XLUivghMi35YUeSfvACgnvKB18115uPUqjg,sell,0.259620306,82178.55912693706,3.1592219279359432e-06,raydium_cpmm
GjjAxiksgN8EDdeaQPgbSPzD7p3JDKpJb31fx81CNuqgZPhMxRYbEdd3bPUHgPb3k17Wpziev3bzgJGS4FzwqnQ,1787075326,2026-08-18T17:48:46Z,C4eNLxxC7XLUivghMi35YUeSfvACgnvKB18115uPUqjg,sell,0.25712985200000005,82178.55912693706,3.128916529222964e-06,raydium_cpmm
3pTMHdARwLoqjciiwwNPFHJY7ec2h2ChGUS2xKpvbeimMhkrXgTeD1SxCs72uRDo2AGzA9NvCMAZ4BsjCu89abjo,1787075326,2026-08-18T17:48:46Z,Ebux1vXaJYiugKxnBNgQbsBjbjjFK1K2k1zXjkD3tqDk,buy,1.040297778,314916.293334424,3.303410461824725e-06,raydium_cpmm
YysUcjrAGTZ9wE658JDppaGQcMqGqMobmhiAir2DSzuh3fHA1DJhakw2mDwBiqRQF7L6KSmFXHYUxSvAVC6v3bG,1787075326,2026-08-18T17:48:46Z,GpNHGPQXQEnrrbL8paxGdEWrNEvdFcZFVtC6ztMoYuYo,buy,0.950272973,286931.806442454,3.3118425760532873e-06,raydium_cpmm
5Bak8ZEzWQvsRafpWBjAypVnoAp63XfpSoYpz9xW1MPhUmKcBMs3JCeqEcKZwHzMgWQWQioJGbdF4HcNvCNHpKWt,1787075326,2026-08-18T17:48:46Z,ZZGtLggQHdZ2LgkDtnbJ1eVQMYLpQN7H1fjCGZAw8G1,buy,1.097382554,330101.70290121,3.324377136971072e-06,raydium_cpmm
42BduuduhnxYpBiiCJb1Mw1AZPQyyJwytBxW5hoN6kDX8eEr74zF6VDU5dUHHyB7MQjSjS7RdQxLzUA9e16y8i5k,1787075327,2026-08-18T17:48:47Z,8JS3bkVtpQ2b1eTBtsadyQ7TkE7yxfdb8CpDa9zqwAe2,sell,1.8292462999999999,602068.139225365,3.0382712201870558e-06,raydium_cpmm
4pPTv5Gv9dwXLATPw9XsvVqyyzPdqt3244uDu85F8zJfkxMJ2Bhc493RsXqFNgDUGdHrUNGp3Y8zcdGBG3Zor2ZR,1787075327,2026-08-18T17:48:47Z,8g1mx4TgKsvEGM7a8GM5yVRuC7k6gmjgdht5NbFzfNy6,sell,0.041453846,14010.560924214995,2.95875705649684e-06,raydium_cpmm
4z3omJ8FTZMo2RnXgjoJvRaedigxYVVXvJRQLAkAZbMAQTXAuwm2tS3rrXs3g9RCH9WVnw4Vdi17w3aChn6QXtBN,1787075327,2026-08-18T17:48:47Z,8g1mx4TgKsvEGM7a8GM5yVRuC7k6gmjgdht5NbFzfNy6,sell,0.048777446,15567.289915793983,3.1333293247472866e-06,raydium_cpmm
5oXxRnQUJcQs9VSm6E6b3mJqsZD3WdZ9fAHs1F22qNGE28aMDop9dB6mJdq2QXTi918kQkxLzULehNgMZH9ek5G4,1787075327,2026-08-18T17:48:47Z,8g1mx4TgKsvEGM7a8GM5yVRuC7k6gmjgdht5NbFzfNy6,sell,0.042032738,14010.56092421501,3.0000753165673153e-06,raydium_cpmm
HxrNT4PPqtdnMiWMBiJsrkB7x1ig4DJQk3uDQb9iXcbyrVGyj7WjWCrCr2eK7FzxqrktnGrWLmEEgwpr8Cnac16,1787075327,2026-08-18T17:48:47Z,Ahekwy9V7q2tmqJdTX92TAtEHM4pafQbsfc5oLakbZs1,sell,0.18166242900000001,58488.821285591985,3.105934176942464e-06,raydium_cpmm
64XgTa2WxpiH1Kk8PctHyqxMCsfH7RgFA8janWktjnXE1urz4T3K8mcHZvLWuWADqberLTxxn3XvWW6gx6hmvf4v,1787075327,2026-08-18T17:48:47Z,C4eNLxxC7XLUivghMi35YUeSfvACgnvKB18115uPUqjg,sell,4.142052617999999,1314856.946030993,3.1501925973796127e-06,raydium_cpmm
KA3EpGAjqZH9zwjRGBNYWnwzv2nSPVRrCa2BZ3tij3zL5x587qJNiwHLAjjGTNiV1DejRneXqenfk7oLBzBjzYh,1787075327,2026-08-18T17:48:47Z,C7PNbARVAHeskaefdcu7fy21dCN3qNANKuT6Cka2av4L,sell,0.15182217,49025.34285342501,3.0968099591657092e-06,raydium_cpmm
3rLQ7kSm9tB1fmQ7ujBJopxYGC4A2kpoK13enHboX7q5gmHTexasNxbbTG4tMTnPAiqxMYkF4kzDmcFp9SuiFYhN,1787075327,2026-08-18T17:48:47Z,FCgDhFHrwS5M6LQrKt1TJ21YpF1t8Dx4KxNytbMT2KVN,sell,2.097582241,687106.690145248,3.0527751673566018e-06,raydium_cpmm
46DYDPJR71m4oG9dJor3oPJyU7EfYWCNRQRmxfL61xhxJxmindt3k44d2tNubbzebn4pdTzCPdy1mwsyFRMtnXqq,1787075327,2026-08-18T17:48:47Z,GG33KgzDhbsCLzxwVpzJ5Pt2ubP5FyfDk8beZ8hXkwvB,sell,2.5797344040000003,840265.983420909,3.0701402352351927e-06,raydium_cpmm
ZoVJ4JAqKpGg2iPVbAZdMyiBBXY3AaRzWimVcCeDCzeujbDBM8hpPZWmEeoUFfoJBKPr4HMJr21uiYrbrg9WxCf,1787075327,2026-08-18T17:48:47Z,JAGPLMkgPWRxFJekMU8DRHRurw968GGYHRMEKUWheYcD,sell,0.17875991800000002,57588.62233215402,3.1040839450710607e-06,raydium_cpmm
3QDcsKRmmjt8a49jd7xmpT6P3hrCR2vdZYU3MQzaquxtD1SbuKoQXBN1yacS8fNPr6mX35xh7sU4YBV4PqXCzwvV,1787075327,2026-08-18T17:48:47Z,h1jpvLkFT6u81HZH1zWhd4Vrf1qybKTADovXxDLrbtK,sell,0.680469797,224379.25611136318,3.0326769452443117e-06,raydium_cpmm
gEtC2wKXZ9eJqpguwYDLYESsH3Rw6SnRLPPc3RHpmtQRAwEgPbqvZeqs6iWkPvF5jH2BLFhKWftaYVsmLCKKvPE,1787075327,2026-08-18T17:48:47Z,h1jpvLkFT6u81HZH1zWhd4Vrf1qybKTADovXxDLrbtK,sell,0.36927277799999997,118094.34532176983,3.1269302267932318e-06,raydium_cpmm
51v34VFwG21ZJLidPaMNKt21JgF6pdcPdSsEPZ6HoomFLaZTL9KJHMkLAA6Z88ir4czcMdeCuBQ9ZEHv7vWWGrW7,1787075328,2026-08-18T17:48:48Z,6DqwStHBhuxWGutooviZUgVDhT3F4Dy5pAiP2YErRCEe,buy,2.001,648989.0249867123,3.083257070550568e-06,raydium_cpmm
4g471oyJ3y2Z8puyx3GSXPCzHxHo2ABqvcKyfC1DbbY1RDbsnh4zBzZTLTyqPwtf5m7yrMuWYHF25vAWUiR175kJ,1787075328,2026-08-18T17:48:48Z,8NZq6z8y5697n1iqAqCHSwAKZeiT4M54JdmQ6rAjCJB1,sell,0.986468812,328945.73897691304,2.998880043462837e-06,raydium_cpmm
5CPF8JLkWLJCz3CvxRRjqH7zA5AKcaB8xeQpHRKCcEoyv6FZCT2noPNgvYvfRUUcB9u3ZTMTudbnYj78v6mjYq7s,1787075328,2026-08-18T17:48:48Z,8NZq6z8y5697n1iqAqCHSwAKZeiT4M54JdmQ6rAjCJB1,sell,0.960247852,328945.73897691304,2.9191679302080722e-06,raydium_cpmm
5tTXa3JAdm6amKQEDRAB5RygLc11wHBcSyoNQHcqjWNb8FhFv1FtgcYG4sSjfcfh1VQ2seyDaygHV5bfyDJSjMZz,1787075328,2026-08-18T17:48:48Z,8NZq6z8y5697n1iqAqCHSwAKZeiT4M54JdmQ6rAjCJB1,sell,0.979553016,328945.7389769129,2.977855919479626e-06,raydium_cpmm
49u6JUgXELyjDATyaH6oSkc2qBX2ejeBuga9SKCFcPtDML18kRBZ1Sy9iff3XwdjbQHXCfYMqJDtdYGiiV4Dpi8v,1787075328,2026-08-18T17:48:48Z,8g1mx4TgKsvEGM7a8GM5yVRuC7k6gmjgdht5NbFzfNy6,sell,0.041310128,14010.560924214995,2.9484992230826468e-06,raydium_cpmm
2CJkyyEz1KS8AZ1ou4bUk4p5CMytpePN3HrL3xUa65hZThkhTBUfLv3V5GBCq4yn1gHhXyEJTvMnRSPoaB8smsaa,1787075328,2026-08-18T17:48:48Z,9PDFBkM2JjnLuuEhQVi5oPv5jVJ4wV3LA2PAfLXNijLb,sell,0.866497296,298246.823986375,2.90530267654949e-06,raydium_cpmm
34rNmSYyztCQQGei4a82s8JDtH5qJckfzwnZwD5hyqkRtNY4Fi7to9qF7kgHaAbkx7BjEChfM1vvA4oHWBmkRmyu,1787075328,2026-08-18T17:48:48Z,9PDFBkM2JjnLuuEhQVi5oPv5jVJ4wV3LA2PAfLXNijLb,sell,0.883878205,298246.823986375,2.9635796055966677e-06,raydium_cpmm
5YGFQNZFkko5SgboBBpNYvAnkHABjE2nVJkzTiA1qTaxVUEsxTUeeiWTJu6TvLSSpQnxaWVERU3x7vJXEmepHcES,1787075328,2026-08-18T17:48:48Z,9PDFBkM2JjnLuuEhQVi5oPv5jVJ4wV3LA2PAfLXNijLb,sell,0.890104379,298246.823986375,2.984455516081751e-06,raydium_cpmm
gFX99f619R2EYwpLDckid5SFWsKZchF3nDSS6UEMQvu94UroqL65rhsst99UpYyoWsDtGoNWt24AtC9WxQ71Q4X,1787075328,2026-08-18T17:48:48Z,Ahekwy9V7q2tmqJdTX92TAtEHM4pafQbsfc5oLakbZs1,sell,0.152763009,52055.05094417703,2.9346433483240756e-06,raydium_cpmm
4vYom9vcKkixkNEga3rfvVUQioutEexJm34noKRLxt7T9KTr1Lh9kkC74XcrgMbQ43GRPQYoVBGMyTHdJrCDSn7F,1787075328,2026-08-18T17:48:48Z,C7PNbARVAHeskaefdcu7fy21dCN3qNANKuT6Cka2av4L,sell,0.127632106,43632.55513954896,2.9251577312352503e-06,raydium_cpmm
2hcAQ9qGHjaamWQG8BdnpPbnoxm4Wr5HDgBH3XBH2mMikP4wrLgwTPhozsUSPaTmWx7uEgH85FGFaFoCeHxTFzZU,1787075328,2026-08-18T17:48:48Z,FAHMvDeWBEBe6fG653ChW7suaLVMQboS3hiaNqpejuBF,sell,1.037152919,356114.02989526605,2.9124180232523524e-06,raydium_cpmm
5z4gG43Mx3iaKEFAv8eeRe3mi6s1cbWivex8sHUSAGyXujfxVNjLHnNWHrg6C3g29F3qkKqD9vpkeJ96NGC7KK6H,1787075328,2026-08-18T17:48:48Z,FAHMvDeWBEBe6fG653ChW7suaLVMQboS3hiaNqpejuBF,sell,1.057977503,356114.0298952658,2.9708953149393027e-06,raydium_cpmm
J41UnrQujjmpQNzt2GveAMZq9GGsAJwGyxRpLgWSCmJjrLCwYkkA9mS9fp9i7aoXbyPFX2hN87Bn2v7KT4nLoLK,1787075328,2026-08-18T17:48:48Z,FAHMvDeWBEBe6fG653ChW7suaLVMQboS3hiaNqpejuBF,sell,1.065437434,356114.02989526605,2.991843467423475e-06,raydium_cpmm
6E4njov6bK6PpPw1DQXtsUeyvYMPCSMhNz3HqVAGsD2CUH5aQEJ6Ei4DEjEobzvkeAt92deYy1vqprE72xhrxRG,1787075328,2026-08-18T17:48:48Z,JAGPLMkgPWRxFJekMU8DRHRurw968GGYHRMEKUWheYcD,sell,0.150325767,51253.87387561699,2.932964001215028e-06,raydium_cpmm
5w2zgDbzoJuLehxePqRQFw8bdgMW2XmoSSd5hFXpiMbwuS5za9RxxKGqqq66RvVYYuiu1X3J84wZBoGrwgnp9GDh,1787075329,2026-08-18T17:48:49Z,2DCW6PvdpXwscZVanFmDLB7svT2STkUj2SuXSMR6C29g,buy,2.001,647361.4212835948,3.091009031759101e-06,raydium_cpmm
5ESEUdaVnqwSNEmDGhPwc5ucmGQEJbpsreePqTP82YjamxMCtwAXmj8WApSCXkEXR1wgKiyo4KcvhCDxgaBFC8Zx,1787075329,2026-08-18T17:48:49Z,2z2q5gk8TDgqCidzkXkyevXH1aDaVjWL8cQwoRbMF1Jq,sell,0.0064286180000000005,2070.190376247,3.1053269659451766e-06,raydium_cpmm
3szqbFBNCXZn1ZZUi46zMBYRiSk8kwmDEruV7N8bxQNXStPj62e2VSLuBfn5rbG3Xm1BjSuxSiNPohnDEXBvcTBP,1787075329,2026-08-18T17:48:49Z,GjGhvk8AdrQQnyhfGcaF3TNLo8tngc42QELQMoBkTGaD,sell,0.032633541,10468.917785563002,3.1171838071937844e-06,raydium_cpmm
4yjyqMtH8jfqjUACAWutRXfHdo4J4RBVJs3S3hmvCrXMaXTW33Bvq2ACqAVBzinhhA6R9m7gP6UuZM1rzEnWo25P,1787075330,2026-08-18T17:48:50Z,8NZq6z8y5697n1iqAqCHSwAKZeiT4M54JdmQ6rAjCJB1,sell,1.024247195,328945.738976913,3.1137268966778945e-06,raydium_cpmm
5tuuDFN3dQvU3FHxwvpaWJpC5vdMbiVsGw36JiLbRAkAv3LwLP43Puck7NVjUztmH16NSX2Yw4uuaUCfXz3cPJix,1787075330,2026-08-18T17:48:50Z,9PDFBkM2JjnLuuEhQVi5oPv5jVJ4wV3LA2PAfLXNijLb,sell,0.930675155,298246.823986375,3.120486389630478e-06,raydium_cpmm
3SLmT5eK8JqMsiJHmCbqNVjmrBL3erG3rZurf956CBtLeQ5h9YF1f1vvDsyMosm3MYkwMkf2SEa1ou6dxVPMgJPC,1787075330,2026-08-18T17:48:50Z,Ahekwy9V7q2tmqJdTX92TAtEHM4pafQbsfc5oLakbZs1,sell,0.138932805,46328.99534031795,2.9988305159532194e-06,raydium_cpmm
WsyEGdChFXGygxHbKJ5LNbBv2xguvaW2EJ9E69i7hpDcb9VuRq9FdNE1229zjFekJFNRHLZaMrZ5evhXP5xr9kE,1787075330,2026-08-18T17:48:50Z,C7PNbARVAHeskaefdcu7fy21dCN3qNANKuT6Cka2av4L,sell,0.116094164,38832.97407419805,2.9895769450513686e-06,raydium_cpmm
17QJv25yE3WT5vCstrBFVeNwGfnYzoRnkNqEcFXHkRyrxNLxNGabj99G2hdWvMAJY1zmjYUjZp7B4ziY22tycDJ,1787075330,2026-08-18T17:48:50Z,FAHMvDeWBEBe6fG653ChW7suaLVMQboS3hiaNqpejuBF,sell,1.114049323,356114.02989526605,3.128349993196405e-06,raydium_cpmm
4f8izETbyz59vic9RuegM84H5PkJmBh1CJbBbZgE2bwVHvPkTpBv2bRVsyQuL6uoCtg9NZGb6jxKwzjEsk8BJs3X,1787075330,2026-08-18T17:48:50Z,JAGPLMkgPWRxFJekMU8DRHRurw968GGYHRMEKUWheYcD,sell,0.13668011900000002,45615.947749299,2.9963231225882058e-06,raydium_cpmm
EEfZ3RqEj9rJHoXk52CCDN7Ho4EpZXrLFgNEdAK7jPPGbFsdrQhWXEf9e7Ph48wwn5vv9DdU78ADtvQ5xpX17Yi,1787075332,2026-08-18T17:48:52Z,2DCW6PvdpXwscZVanFmDLB7svT2STkUj2SuXSMR6C29g,sell,3.107115695,950663.388963225,3.268365786536242e-06,raydium_cpmm
5tgyijYP3gxHke3gQv8QLMjrTvQxRBKwuf9KLJ89reA3P6TxLZmUkrfYeFP39HiVB3TPUtASuYgukniGnfSBiVeL,1787075332,2026-08-18T17:48:52Z,8g1mx4TgKsvEGM7a8GM5yVRuC7k6gmjgdht5NbFzfNy6,sell,0.07937346,24518.48161737701,3.2372910051552935e-06,raydium_cpmm
3WoiCAw4Pbeq4JVtHNeJH7nSP469gAW1C9QsHxqM1KWynuouoDUZ5wLZzgisC6eLSyxAxfnY6iWSVDF7bR8ZKCnK,1787075333,2026-08-18T17:48:53Z,A1igHDVAzKcGUAbVMFV8HrCCSUfcs5YzVfW3i9895pdW,buy,2.484524314,634246.383334836,3.917285741444035e-06,raydium_cpmm
3xxAKpcYfNoCLoj4CrnQ41JZPcm4BdMYojqLdtGhCCQLFa7ub8Y8xtFcCtzX5Tb9FTAj5TUnW5Zn4aoth5NhANY1,1787075333,2026-08-18T17:48:53Z,A1igHDVAzKcGUAbVMFV8HrCCSUfcs5YzVfW3i9895pdW,buy,2.605549143,643808.486076511,4.047087292804577e-06,raydium_cpmm
4uVYdJ6WBNBLxzmC8CrgaT2ggiqAg6E7xoRKVmfcH35BYNSVtJwGt4gRiw8LGkDzGDRzs8FUgkfamvQHwiS7Zr4o,1787075333,2026-08-18T17:48:53Z,Ebux1vXaJYiugKxnBNgQbsBjbjjFK1K2k1zXjkD3tqDk,buy,2.46838105,623142.017394182,3.961185381660072e-06,raydium_cpmm
5S1TNhiZQfad6U5pbNeosE17phnPdYM6Y7mYUzb2Hba7jfudabT1NcukSwNCVxLUWPLgBNyqSGfig6BCrP2paZyc,1787075333,2026-08-18T17:48:53Z,Ebux1vXaJYiugKxnBNgQbsBjbjjFK1K2k1zXjkD3tqDk,buy,2.315052418,600188.603048638,3.857208227948296e-06,raydium_cpmm
3AemdmeUpxrkewAsPKZADGR6QLLoFFyjiztPu4nxqW6A52KopcMGLGmth3YJ1Lg9ZYojq2x3HXrrekhdCf7rgwoN,1787075333,2026-08-18T17:48:53Z,GpNHGPQXQEnrrbL8paxGdEWrNEvdFcZFVtC6ztMoYuYo,buy,2.286347671,570637.6088679091,4.006654373054551e-06,raydium_cpmm
5MUnQb3HmryhgAasP8Aqctukh2RGB8jNZnfLCGxn7TpxrVVBx7vwgyHoeXyLqisBeWZVwB97avna7BeQUyU1yCiM,1787075333,2026-08-18T17:48:53Z,GpNHGPQXQEnrrbL8paxGdEWrNEvdFcZFVtC6ztMoYuYo,buy,2.613890468,670798.8167429139,3.8966831824358794e-06,raydium_cpmm
BJ5e6oZkqUqf3yKDZR1PyFZ7VoTSxgSmKVa9JN6keKZEUPBKypXyzBjzixZhB1LXpt18SBym9nXXXazVgoSHPiJ,1787075333,2026-08-18T17:48:53Z,ZZGtLggQHdZ2LgkDtnbJ1eVQMYLpQN7H1fjCGZAw8G1,buy,2.601640857,671219.5437996209,3.8759909198601455e-06,raydium_cpmm
EUvwjwfX17ybvGyo4D4gLLmX9C3zEdxUWYtSnd4Vqso5DiKGuBDcxutAV8zEnUSRv1znCdAReoqAFqWHcCeXkiD,1787075333,2026-08-18T17:48:53Z,ZZGtLggQHdZ2LgkDtnbJ1eVQMYLpQN7H1fjCGZAw8G1,buy,2.654830192,659473.4396446901,4.025681752142079e-06,raydium_cpmm
5Pg5wN5xyvrYKmfjSChGR4gskF6i1KDgW4XXGuEL3a7XPqCfeKmjZkgb9WAA3QDpPtCyghrzYe2sRxtPaL5WP5Ld,1787075333,2026-08-18T17:48:53Z,h1jpvLkFT6u81HZH1zWhd4Vrf1qybKTADovXxDLrbtK,sell,0.388697951,100970.66525011393,3.849612657668029e-06,raydium_cpmm
26QfenMiw5TbVrSnpVFkXMyGzwk13uFWS8f2ViPcxN1uwR16GV8TifF6L64aAjoauEs43kiGGSBVMHAvPmdsBBwq,1787075334,2026-08-18T17:48:54Z,A1igHDVAzKcGUAbVMFV8HrCCSUfcs5YzVfW3i9895pdW,buy,2.528287437,623268.6756025769,4.056496878421892e-06,raydium_cpmm
2vhzGpqS7zbV8282cvm1vA4BzccbQn7vhUjr52eswpLiDTpVF5szxHCFuZUEdvdZMMyUm6g7WiVGTV7QuGTzYEbS,1787075334,2026-08-18T17:48:54Z,A1igHDVAzKcGUAbVMFV8HrCCSUfcs5YzVfW3i9895pdW,buy,2.729427022,649769.7352795773,4.2006065746130905e-06,raydium_cpmm
2fy9PA7hKSowV1Zzv92jsGJDWsaCNcULpEEkErkGPWh6UhSei3XEBdgLTBHNzv8Ssrc4KRu3qUQY4BokfcMz8ec2,1787075334,2026-08-18T17:48:54Z,Ebux1vXaJYiugKxnBNgQbsBjbjjFK1K2k1zXjkD3tqDk,buy,2.734368714,670612.1494697111,4.077421973583705e-06,raydium_cpmm
Mtq8q1ug23YXHoMQWaa6Bnpdft1Z5xjqKwZxjpRgVVc9V1SAGkkuRyjgLpHNbuCGP4xotLsLiUUEAH6EYttyfW9,1787075334,2026-08-18T17:48:54Z,Ebux1vXaJYiugKxnBNgQbsBjbjjFK1K2k1zXjkD3tqDk,buy,2.355066229,568852.1779761538,4.1400320156614116e-06,raydium_cpmm
4v5yNJu7ULWijfAakVbRc1sbiP3PafXQia6eCRKNTo1X6vNyAh34UNCAn5wgyu8L4AF4yxXrLb9twiEAbehh4u3H,1787075334,2026-08-18T17:48:54Z,GpNHGPQXQEnrrbL8paxGdEWrNEvdFcZFVtC6ztMoYuYo,buy,2.672095194,642350.1292467406,4.159873365532694e-06,raydium_cpmm
5gDs763UvqPyUx3w7uzsq9sKpLvZSPiFiBFTH3AjMqcX21AnXAHTwUH5jm4Mg6p9ZyeAMyJhi1F64KVPS18zJ3xt,1787075334,2026-08-18T17:48:54Z,GpNHGPQXQEnrrbL8paxGdEWrNEvdFcZFVtC6ztMoYuYo,buy,2.3483971,584505.1309161172,4.017752754914687e-06,raydium_cpmm
5db96yyRptvWnhQoGSCrA9dxFTgGWi9qoVA87CEhMPgEuLx5tRksmvhvHmE1mZf3bj1DiZX4wHH5uqWw4YDtyLHC,1787075334,2026-08-18T17:48:54Z,ZZGtLggQHdZ2LgkDtnbJ1eVQMYLpQN7H1fjCGZAw8G1,buy,2.258519611,540154.5339810187,4.181247159686649e-06,raydium_cpmm
6YkrFv6fedTM9dTf7vB3rnDExE7YT4PWijMajx9aQ7odcX8GsK3xcrKyuvZLYdWxgWVVitmpuXoEqw4KU3d7eMb,1787075334,2026-08-18T17:48:54Z,ZZGtLggQHdZ2LgkDtnbJ1eVQMYLpQN7H1fjCGZAw8G1,buy,2.404054805,595532.0426516421,4.0368185636087725e-06,raydium_cpmm
64n4fyuJAWA7jCMZtmiAu1KJ8FrPENe7PxLL7ZPjCFcxQvoxQU9DNr76NNgRo5fZUebyjrwyJkDocQfxFk7FxgMJ,1787075334,2026-08-18T17:48:54Z,h1jpvLkFT6u81HZH1zWhd4Vrf1qybKTADovXxDLrbtK,sell,0.409838123,95922.13198760804,4.27261273814208e-06,raydium_cpmm
zQ9vKvLatgwZbE3s9Uk2Mb6LFPFqau7agT7a8dyxu4aVy8GWUmbEMYLKJ8xc1rZ9GmDcAvgwnesTz51TmosgFcc,1787075335,2026-08-18T17:48:55Z,2z2q5gk8TDgqCidzkXkyevXH1aDaVjWL8cQwoRbMF1Jq,buy,0.006,1337.941196211,4.4845020222052945e-06,raydium_cpmm
JvohxgZ9oBvRMjqatCtiNA7rwe5LU4gafRKz3EouHxrrYDDkR1RGwkhP13h9tTGxcjA6CjvXkVjRLrV98JQ6hyR,1787075335,2026-08-18T17:48:55Z,8g1mx4TgKsvEGM7a8GM5yVRuC7k6gmjgdht5NbFzfNy6,sell,0.079997988,18388.861213031996,4.350350305722371e-06,raydium_cpmm
3obyLzn2Q9xMByb1pJ5JcyjewK61gzioYdXo7Fdtcc1TqLjiE98bnAPHUr7q9Vm5M25v1FpimvfCoGL3f6A2F9k3,1787075335,2026-08-18T17:48:55Z,CASStbiKKzQrFvs835DagrLid7saGriDUHv39Mr8SRUG,sell,6.5971648830000005,1594245.3658357272,4.138111375059051e-06,raydium_cpmm
2BgycaXn78qonwPrzBwJ3NacbaDgZeMzuUhTcVw6ZHJw9HJZGdFmvVFeGcQ6LtnyGvGbMsdFAcfRU9NQ8YJJ38Wy,1787075335,2026-08-18T17:48:55Z,h1jpvLkFT6u81HZH1zWhd4Vrf1qybKTADovXxDLrbtK,sell,0.379805894,91126.02538822708,4.167919015252788e-06,raydium_cpmm
FhYAjkGCCkHnCgytasAk8WuZfYvpaa77PSJScARj2JRphtcMqxJmGn3K3BBmfvCJuM9Ekh5vAqKDp481T8EXcfX,1787075335,2026-08-18T17:48:55Z,q8Kx1rkvAMKxRjKy2NCTCvJBWfuafpvHUF2REbayHHM,sell,6.44239652,1581091.9943537908,4.074650015942353e-06,raydium_cpmm
4CHVknKUofFEAs7Qw4zTXDrtaAsMERTn9w7XWzpQu13Bbe4NavA31KpZ61uKmRDKgfYDeX4mHh4crPt1nqPdErMJ,1787075336,2026-08-18T17:48:56Z,2DCW6PvdpXwscZVanFmDLB7svT2STkUj2SuXSMR6C29g,sell,0.951051415,237665.84724080598,4.001632653750132e-06,raydium_cpmm
2MwnPUUmcYKHvk6v2UD9iGHufHDro5932mer5Vs7bGPEBqQcZ2rv1dDTqMMRzNWpK5rB1g6PSCVisQBfGjyeDAjL,1787075336,2026-08-18T17:48:56Z,2z2q5gk8TDgqCidzkXkyevXH1aDaVjWL8cQwoRbMF1Jq,sell,0.000208361,51.28742769600012,4.0626135753002474e-06,raydium_cpmm
5jes6RFupAF9jTXsYC6t5WHQKDDJkPtNbz3rWy64i5acBhqR4gKAdoSbBpfVJ92btUXqDDkXkzweMT1C36CD2fxz,1787075336,2026-08-18T17:48:56Z,2z2q5gk8TDgqCidzkXkyevXH1aDaVjWL8cQwoRbMF1Jq,sell,0.000249134,61.317667411,4.06300517483982e-06,raydium_cpmm
nqgMAMYCiWitWKgnHehkhPTqDV3tfX3irzs4CU1sPF67gWbvGW1EXpRvMnXTU7HGwYnUc53eFcwj6FLGxtWHbWz,1787075336,2026-08-18T17:48:56Z,2z2q5gk8TDgqCidzkXkyevXH1aDaVjWL8cQwoRbMF1Jq,sell,0.000197903,51.28627355399976,3.85879078914997e-06,raydium_cpmm
4PVsVQ35WG4en82x48hy5AVK3K9wuUA1R1EZX8N4fkB1hsHqzdG4WmqgFPEHMK6ykzEtZNzXyZkyRTPE95aCSZnZ,1787075336,2026-08-18T17:48:56Z,A1igHDVAzKcGUAbVMFV8HrCCSUfcs5YzVfW3i9895pdW,sell,6.412755199,1604148.562588154,3.997606798121975e-06,raydium_cpmm
4xWxQYWRFzrQTxS9zngnmpQhnejuaJ1ZcLNbZsiQsHPzJUwQEEEmxApZGtM9VJqdKX7V4nrdTDT6Ybktt23wjdzc,1787075336,2026-08-18T17:48:56Z,Ebux1vXaJYiugKxnBNgQbsBjbjjFK1K2k1zXjkD3tqDk,sell,6.246720457,1603866.552404173,3.894788159049926e-06,raydium_cpmm
5Gjej8yuvBTUcwAefUXqusmY2tFb3jKypNdQ4osv5cC1YRH9cqLdPNb9HXNNyAk7G8fMFtjKL5WTHQwKmSWS2jJk,1787075336,2026-08-18T17:48:56Z,GpNHGPQXQEnrrbL8paxGdEWrNEvdFcZFVtC6ztMoYuYo,sell,6.008651849,1562481.000385634,3.845583944711655e-06,raydium_cpmm
3DnmqkdYhnG8BYmB3VpRB2YyCZ4udCv7uDAtRJU6Yx5UKB6NAVQ9mBZDFF54VXAssskgQZAdeXuXDb5S6c8HntKg,1787075336,2026-08-18T17:48:56Z,ZZGtLggQHdZ2LgkDtnbJ1eVQMYLpQN7H1fjCGZAw8G1,sell,6.367118134,1613682.114800429,3.945707816677047e-06,raydium_cpmm
qqUiKXfYHZZFTbeeRQZrjrkKMvbUofXASv6RcVEh5a7MRixxK8ioss5VQUUH5kjgEjSLQNQpgaoaCRK2L7drP5c,1787075336,2026-08-18T17:48:56Z,h1jpvLkFT6u81HZH1zWhd4Vrf1qybKTADovXxDLrbtK,sell,0.345766839,86569.72411881597,3.99408502821886e-06,raydium_cpmm
2sMG3vxN6DiHw1ySViJBRtjFU8KquSAum67qb9UuSeyHrpVfi1NfwQTus3TGDS3k7WxuNA1ZuBbQAbiPYm5XQe2V,1787075337,2026-08-18T17:48:57Z,8JS3bkVtpQ2b1eTBtsadyQ7TkE7yxfdb8CpDa9zqwAe2,buy,1.6008077040000002,407189.036697159,3.931362487027316e-06,raydium_cpmm
3HeJqkwZmbok78aiF7xENhMW15DQhVqS1UNgZoWcFawhf5n21rSbEvVZe25QqPCk2P9tmY7ZDdrPWEDnki6xBDLq,1787075337,2026-08-18T17:48:57Z,CqyTUueWZJkdcJRJ6ZaZxAXvDQFGoFnL5hkEC9nxQz5o,sell,0.7305159969999999,194335.626166866,3.7590431122121864e-06,raydium_cpmm
BpD81qZRzwYgCLY49h2L4VDJRvBvk2qaQJ93b2j6osxXTSx5siJQXdUYjiparYBHk9DV3xWVAdwr8j3kSAw6Yvg,1787075337,2026-08-18T17:48:57Z,FCgDhFHrwS5M6LQrKt1TJ21YpF1t8Dx4KxNytbMT2KVN,buy,1.9202425650000001,486826.049270026,3.944412111634779e-06,raydium_cpmm
Rhzaq14GkaAZpMVi5RHRSQ7XCQtXjs5ZYXVCSC7NqhyYaTpmEztrVUK4dDGDZhfZFCYWKQafVRGtD1czHWaoVrc,1787075337,2026-08-18T17:48:57Z,GG33KgzDhbsCLzxwVpzJ5Pt2ubP5FyfDk8beZ8hXkwvB,buy,1.486449731,375407.547046765,3.95956272774354e-06,raydium_cpmm
5noh6kdEEzy5pbGnNq3ZB7S8AZn7vbQNCLU42EiKLVgthtL9BKthmx7EwkV9YWSD4uzUr68hSTXYg8oFugM2HRfx,1787075338,2026-08-18T17:48:58Z,2DCW6PvdpXwscZVanFmDLB7svT2STkUj2SuXSMR6C29g,sell,0.679566146,178249.385430604,3.812445941164653e-06,raydium_cpmm
5DyGsdoNPjgjetu9MVLn4NRaMpm3QohV7cSXpWmhAf5Ht78XXLHNs8YXbfrQ9srvEcPYm4QmJUXwk1W9WZGhVkAy,1787075338,2026-08-18T17:48:58Z,3KEdzpSYJ7sXfHKpVhSF2Qj6ZAjd3Q3dugFCZ4umWvkR,sell,0.520429084,144993.61979405582,3.589324031907062e-06,raydium_cpmm
5LFFbdsm3jijVKmEM8JkkKtpDG61zsPNrNWFW77QrVfuvKQeyYeDHpiTSoQSqz5p1BEZYNxMaoHCqZQ5mAbEmnxK,1787075338,2026-08-18T17:48:58Z,3KEdzpSYJ7sXfHKpVhSF2Qj6ZAjd3Q3dugFCZ4umWvkR,sell,1.0379564929999998,283459.55957009806,3.661744534473245e-06,raydium_cpmm
3NtgSk9ycJAmrvrDoDGYkeuZpCtu4fEkT5nwFjycHK8yN8D279HgDQoHW9pxw9C4g2Byym9steG9Q17HAAQkqNpa,1787075338,2026-08-18T17:48:58Z,Act5xzJ7DhXrdNKbRw1yTzQUmT4hYtAPgFKTP5WzPBva,sell,0.580900981,161617.47974894615,3.5942955050552805e-06,raydium_cpmm
yjKCynmPvCqyGM4DH2mCqC9Fj4jsykPAWDNHdZMmcp5JGeWrj8yE8rZLgAPwSaZvfuwRDUAZa9Kagh27QjvmHod,1787075338,2026-08-18T17:48:58Z,Act5xzJ7DhXrdNKbRw1yTzQUmT4hYtAPgFKTP5WzPBva,sell,1.154374018,315958.86559378006,3.653557927012398e-06,raydium_cpmm
2RLbaFVrcQaF9vQGqUyzqD6wNrjAvbghyshAS2fCTvbhdercTorAzY5MtXNwqBonr7MXzqWtXXxxjv8pkRvpGZxr,1787075338,2026-08-18T17:48:58Z,h1jpvLkFT6u81HZH1zWhd4Vrf1qybKTADovXxDLrbtK,sell,0.592689197,164482.47582575097,3.60335770740636e-06,raydium_cpmm
5DcXsFwkUVKmgvdxdxP88qANFdt6ZPLoEBR13fnSdswdoMGz1nosfFtLsmcy5PsLkDGuxN7mGbu3TVYVvRxGsaSV,1787075338,2026-08-18T17:48:58Z,q8Kx1rkvAMKxRjKy2NCTCvJBWfuafpvHUF2REbayHHM,sell,4.354105798,1185818.9957653442,3.6718131633485927e-06,raydium_cpmm
33fQVDBZ9TLkkR6P9Xo5qPu3CsQ1Mw6ENjDDmVt3qXFtaZAqHmXuiomAmrSvMB3VjkLt7fFLCTTbF9Sd8acKaeTE,1787075339,2026-08-18T17:48:59Z,8JS3bkVtpQ2b1eTBtsadyQ7TkE7yxfdb8CpDa9zqwAe2,buy,1.065326098,295992.65001720696,3.5991640263299426e-06,raydium_cpmm
4SgWKQaXm1pFrn4mwXDAK5cowsStNmGfi8MjqUjWUEKaKSxxv9SWieVREATSvJG1tAAZHRdS6goFfBftRbmrsbiH,1787075339,2026-08-18T17:48:59Z,FCgDhFHrwS5M6LQrKt1TJ21YpF1t8Dx4KxNytbMT2KVN,buy,0.889403627,246487.36455921206,3.6083132642133643e-06,raydium_cpmm
5H5Z5bUUpWzH22de1QPvN6tAy13dxdBkgNCFcW8Pz4n8pU41B4ZKpd5f81FkTrz4xGni9mW6XMQnD5gVd9gtGaLs,1787075339,2026-08-18T17:48:59Z,GG33KgzDhbsCLzxwVpzJ5Pt2ubP5FyfDk8beZ8hXkwvB,buy,1.052770275,291290.14169799804,3.6141637642220127e-06,raydium_cpmm
66Re1nNqiY8H67nCCeSX89QZFscR6rYdiw4X3ickMYp4DiaEYBpHHfYAHVyQDoVuCAid7FSNNfzDeLHUYNwmwmU6,1787075340,2026-08-18T17:49:00Z,2DCW6PvdpXwscZVanFmDLB7svT2STkUj2SuXSMR6C29g,sell,0.48204347,133687.039072953,3.605760688116886e-06,raydium_cpmm
4Ruxkw343dPiQJNAGoCcutfFF6uHKTJCUVH8sKfsPC7C7h9YVuetjPj7XPjPKGav6GGW2JLdn9PQJbP1c7VgjGiT,1787075340,2026-08-18T17:49:00Z,2z2q5gk8TDgqCidzkXkyevXH1aDaVjWL8cQwoRbMF1Jq,sell,0.0048481489999999995,1337.941196211,3.6235889990754286e-06,raydium_cpmm
4yLuPY3qsQBgSS6efh75mCTXP1jAox4fCXTpkCrnbN491mnzUMwoQ6aS8yLwAoLQDSsBRuyDrr3KyV9q1HiXynio,1787075340,2026-08-18T17:49:00Z,q8Kx1rkvAMKxRjKy2NCTCvJBWfuafpvHUF2REbayHHM,sell,3.150652381,889364.246824008,3.5425894308785584e-06,raydium_cpmm
pSwKJZmNLUBH1mDKd9u65tEfiAxxwhSxaJE8FuSyVwRAVNvK7cQx11THcJJX5wW56krYsWdS6kD3ZyLBMDUv13c,1787075341,2026-08-18T17:49:01Z,4fNDW8qeWdWQMdtZ6ro8kkK49ZAHtiAtzcJbFvgxNcVZ,buy,2.089365204,475276.398944755,4.396105526466216e-06,raydium_cpmm
3bMJiigj1qLNQxXo6s7g2DVLQmBTAEmo48RaAyYpCaL5qBWvX8ay6zD3c7pmpJQSdvPiC6cfF4aqvsgGU7zVJffG,1787075341,2026-08-18T17:49:01Z,9bPSz9QGH62BD8YQarZEnfCmNk6kXGMoGgTxFVxcYZfU,buy,2.047430474,463867.395451945,4.4138270852280804e-06,raydium_cpmm
4QiDt6kCnKkyKEemAUYjufruHLZjZJ1A6Wup63fKexfgrGaaLmRwuXPtX1j5JDabjf8JnHNZktuqKG4q7Jy6kj4m,1787075341,2026-08-18T17:49:01Z,HbYd46DFHe7vLRGKW122XDPiUzcxLw4g8hPUtwfCNpV2,buy,1.8801653020000002,424268.786065366,4.4315428420659915e-06,raydium_cpmm
3uAZPcjxBphSBcXCgpYYSKGzbVn5nNJX6vQnKy3e4y8j1cdr4rBgnW1wFvu7uihHs8NGwCCMq7oGK9iT7LQbSYa8,1787075342,2026-08-18T17:49:02Z,2R9ca7YkK8Ta3Nv1Gn4yhzJQumqpWzxMgN1xSB5J1Hrb,sell,2.024598474,456188.39196153195,4.438075386562497e-06,raydium_cpmm
4qurjg4Bqyzjwot6X1Kbiw27Rp9sWFZVrYjhp7rHhrKztV3dBUvRYmLYt5JJSYx821RhxJnMdSQMPCewgtvaq9qT,1787075342,2026-08-18T17:49:02Z,8g1mx4TgKsvEGM7a8GM5yVRuC7k6gmjgdht5NbFzfNy6,sell,0.060819572,13791.645909774,4.409884969342041e-06,raydium_cpmm
35XkpBXkz9wKDU678F9fRyXJKXPJCA19rzxHE5AFb2YKZmnZfBhsYr6SzvhAyiYDTLKKdJVH3GA3EqqpomdvCFGb,1787075342,2026-08-18T17:49:02Z,h1jpvLkFT6u81HZH1zWhd4Vrf1qybKTADovXxDLrbtK,sell,0.329168113,74017.11412158795,4.44718923328023e-06,raydium_cpmm
RJEeCawJuxRjwNnQ8dCiM3HGmwdZef7VMagJnU9MGjbFbquZgMXFJSkLfpY68qqR7CKNKPzLFr2eNb2ekoibYDH,1787075342,2026-08-18T17:49:02Z,h1jpvLkFT6u81HZH1zWhd4Vrf1qybKTADovXxDLrbtK,sell,0.322483266,70316.25841550808,4.586183526637662e-06,raydium_cpmm
3FaBJVBPfNAsZeYrcjhFJi3ZqAxmhbRKAo5pp7C3iMzUaTj2BPBvQt9Huw3Z1ofoaXvXmeSLEaj9mSE7VZhdB359,1787075344,2026-08-18T17:49:04Z,3KEdzpSYJ7sXfHKpVhSF2Qj6ZAjd3Q3dugFCZ4umWvkR,sell,0.720336265,113588.00174666313,6.3416580441882925e-06,raydium_cpmm
3PxS72D2LP5ChTgV97xVDHxHwiTuBdYpM8kakAXxyZ7QG91utBERYP4GSGHZwWZrm9hJTpgg5jxRcNnF8XW4T2eh,1787075344,2026-08-18T17:49:04Z,A1igHDVAzKcGUAbVMFV8HrCCSUfcs5YzVfW3i9895pdW,buy,2.683615946,400381.112248234,6.70265370644201e-06,raydium_cpmm
5Hu1SqG9jBry6LyCZ1Agcyeh6GvmqvcBGYHrbD3RsAkPJzdctfmPbAmdCgyMFJRhjJ5svbrPCzvoN5LSrNdayYRf,1787075344,2026-08-18T17:49:04Z,A1igHDVAzKcGUAbVMFV8HrCCSUfcs5YzVfW3i9895pdW,buy,2.536513549,370312.4682388869,6.849657428665638e-06,raydium_cpmm
5m8sCiB527nv5MhaLUHMFdKCsFqxJcbLpPbFyTdrXxeid5TRDegGFwQfScTiGR78GSkWNVSKhZSVm72tgypcsLVY,1787075344,2026-08-18T17:49:04Z,A1igHDVAzKcGUAbVMFV8HrCCSUfcs5YzVfW3i9895pdW,buy,2.6466922729999998,419004.2022057569,6.316624652132511e-06,raydium_cpmm
2V27dDPhLBHCNmEmJE6qgfv3xxsMBz4Y38Aqoftic8LKmAThvs6V5D8CvMneP6AkdLoz34zDCLVCuYJECWn7SEJr,1787075344,2026-08-18T17:49:04Z,Act5xzJ7DhXrdNKbRw1yTzQUmT4hYtAPgFKTP5WzPBva,sell,0.802049483,126611.13363532489,6.33474687392125e-06,raydium_cpmm
3gDksSGN727n3mv8aSMj6DKpf5HVUZxiamtSDYbufcM9A682yj9S3wSgCjtu8zAwBLzyVvgxp3YYcNj2YXG7Grcd,1787075344,2026-08-18T17:49:04Z,Ebux1vXaJYiugKxnBNgQbsBjbjjFK1K2k1zXjkD3tqDk,buy,2.292762483,351256.0927919848,6.527324450875171e-06,raydium_cpmm
4FkPDNEmV4gm6B6S7wKHddpcru9apDPWey7eKxwyHiNE3iAzXjMiKe58uKT3nzRJuKpUa3WeEcAzTuRGQW8W4i9G,1787075344,2026-08-18T17:49:04Z,Ebux1vXaJYiugKxnBNgQbsBjbjjFK1K2k1zXjkD3tqDk,buy,2.436324324,354652.39662767295,6.869611899331792e-06,raydium_cpmm
JsxreyeR2Qf8N2SM5jMHCJwXcSUSPpJhhMUVa2cxNqv5q1asqsJSgdK3XJy7ZLJ4qMYivi3dntarCkvrpL1Zo7M,1787075344,2026-08-18T17:49:04Z,Ebux1vXaJYiugKxnBNgQbsBjbjjFK1K2k1zXjkD3tqDk,buy,2.265067346,355544.2984578081,6.370703610843564e-06,raydium_cpmm
53HsZuZgsrLpXvjBoaVXDMyEf1sJsDrL4cy1hf69dzbgJPr8LiURd64NQdqTeNeUaYBLj3w3dUjeZDDtAZbqzVBp,1787075344,2026-08-18T17:49:04Z,GpNHGPQXQEnrrbL8paxGdEWrNEvdFcZFVtC6ztMoYuYo,buy,2.6868654,402546.3841939138,6.674672796727169e-06,raydium_cpmm
PREVTV1apKgpWK5okQTKjPX76Eh6KSz2pcnnf8F3VZTqLHQTp1g5RuQZTfBMRPxYhQhWgizvA4zAVgHnzAHUseC,1787075344,2026-08-18T17:49:04Z,GpNHGPQXQEnrrbL8paxGdEWrNEvdFcZFVtC6ztMoYuYo,buy,2.724107427,429427.5439488501,6.343578714001804e-06,raydium_cpmm
tCgvdvbnYXVmEzMyigB1UsJHbyu7NVQvon8gJZZbYuPzGQSYR5zf8dYdAqPF7JuDLLNwvSZEff5cEcQHcV7zFss,1787075344,2026-08-18T17:49:04Z,GpNHGPQXQEnrrbL8paxGdEWrNEvdFcZFVtC6ztMoYuYo,buy,2.698283328,395556.59767957637,6.821484823736312e-06,raydium_cpmm
3CMr9wvGZ6EWN7nz6N3tfrwqHNYkypkYm8Ye2xvJ3tDw5VCJ9QApnXdGZLp8M2vAMikZLYSkvJVizurpTv5xBxGh,1787075344,2026-08-18T17:49:04Z,ZZGtLggQHdZ2LgkDtnbJ1eVQMYLpQN7H1fjCGZAw8G1,buy,2.37924101,378123.7480448182,6.292228463042723e-06,raydium_cpmm
4RpzKYB3bazveHos18s4VeqMM3QaeLk3e4nS9AfbNeXSgPx95Fw9kvdPTAxHyXVyrYqXQDZTn2oiqWBbQsZjZogS,1787075344,2026-08-18T17:49:04Z,ZZGtLggQHdZ2LgkDtnbJ1eVQMYLpQN7H1fjCGZAw8G1,buy,2.351864227,353673.1755868378,6.6498235923536814e-06,raydium_cpmm
5cEgvrW8oKRLMuDgD3X4yZxV9ydpuGi4uHRwgGtvSaPdS3r3pzGWSVx8WjwSsxMLKFsM6tDKDSfv5T2EqXiGsp7h,1787075344,2026-08-18T17:49:04Z,ZZGtLggQHdZ2LgkDtnbJ1eVQMYLpQN7H1fjCGZAw8G1,buy,2.343986855,340881.8310251762,6.876244615181271e-06,raydium_cpmm
2AaQq26iPbMQu9YoRFh523iDBJvsJdeBnyctrrhqaurGDV5o8RJwzdQ29o5Zz5dwkYRNbV3Ls8dUnBZPqunGak4G,1787075344,2026-08-18T17:49:04Z,h1jpvLkFT6u81HZH1zWhd4Vrf1qybKTADovXxDLrbtK,sell,0.418057364,66800.44549473305,6.25830203532044e-06,raydium_cpmm
5AhEME6y6AWgnw1P3a2UwKVZs7kHHNxqbJGjm3Ggm5Ra48ob2j47Wkg44XNLFPZeGvvbKTJ7WHD3QVjM6yWXXiPX,1787075345,2026-08-18T17:49:05Z,2R9ca7YkK8Ta3Nv1Gn4yhzJQumqpWzxMgN1xSB5J1Hrb,sell,2.617989579,390276.16673324513,6.708043693555603e-06,raydium_cpmm
3Ecqc5jgZKp5LfSgHFNJ6EYHQdazCLDrcDM3yqhYVTm7YnsBpWTySeAeED6hEpVYy6an77ANepDnw4RJMauDFuY7,1787075345,2026-08-18T17:49:05Z,2pUUZYtokRgDV2YzL6M5pjb1jyoHE367yU1sdQ7ac3ea,sell,4.475323802,655250.2077367187,6.829946406973437e-06,raydium_cpmm
39Cp6auZCtaj9ZmzTp6VTiFzeVLS5P7MeE7BpUhWMJSWnVTfAmaPU1S48L4dNqzSrLYwTfwAgj8XstW7xiDcDNHa,1787075345,2026-08-18T17:49:05Z,2zXpLvhzH3BTAoaNpDRQPUKZqPZiQdDqc29d8wdr4UNz,sell,3.250034797,461892.8284676899,7.03633959371453e-06,raydium_cpmm
4NV3bbHNVjyFNjrdxFeNRyznex17mQYNEezNb7kWNV5Joy6go8vDgC9iEiqEwtKz3SiaFEJzqmdRp86Yx4wPfpcf,1787075345,2026-08-18T17:49:05Z,3KEdzpSYJ7sXfHKpVhSF2Qj6ZAjd3Q3dugFCZ4umWvkR,sell,0.73750733,105262.00121863303,7.006396624249717e-06,raydium_cpmm
3wtrF6ZVJ2iEMNu97fSTYPMVjHkLbchF2BCmT3qbrBHgBhPZooR7QpRkmFx6adQf2LqU1x5VF9mVgDbWzgPELv8v,1787075345,2026-08-18T17:49:05Z,4AXv1nmDRxosiz2Zr5bn4veEg63Ty32TParXHnTpQhzG,sell,3.1155722619999997,438379.9294023765,7.107013923395895e-06,raydium_cpmm
43HWPVvbKUd9qQm5v72U69R74FUMjE2DnATd1aqgbsedXCoAtHdF94moG9wWnTjkZuJaRmqoTCdjiWqKg3HQiUe5,1787075345,2026-08-18T17:49:05Z,5ZJYjAUVMLAJGccsEMV5SNjgnBHduumHyMjjHUtSubkG,sell,3.489111914,488449.53477512114,7.143239302308607e-06,raydium_cpmm
28Mk3ekTPrJkouiBXiLpFkim7PF8rp7MgV85pBhTM1cP5izbTwZeU3C9rJMJN24szt5Sy4ZCTjAfL1W3WpV5o3eh,1787075345,2026-08-18T17:49:05Z,8JS3bkVtpQ2b1eTBtsadyQ7TkE7yxfdb8CpDa9zqwAe2,sell,0.46739704499999996,70318.16867143591,6.646888760484206e-06,raydium_cpmm
2QTtzPsmrccwG6EkJECKgDVRwC2siRH9s18PVTgfxmtA4bFJh7gMsMpXT3XVDkby7MQRMk83VmetTFhmZZqmzKpm,1787075345,2026-08-18T17:49:05Z,8JS3bkVtpQ2b1eTBtsadyQ7TkE7yxfdb8CpDa9zqwAe2,sell,0.376934766,56254.53493714897,6.700522303155376e-06,raydium_cpmm
2bXXnqu4WXC8D6GjdCrD1hhfs3SXEYuDmU8r1g6HPWqzRepHYscJGHvj2GrYCRPgkRexeN1xEtevRhGN2HbrBrSX,1787075345,2026-08-18T17:49:05Z,8JS3bkVtpQ2b1eTBtsadyQ7TkE7yxfdb8CpDa9zqwAe2,sell,0.487247709,70318.16867143603,6.9291865559906865e-06,raydium_cpmm
57AZZztZCX4GkU9kgiadNdEE699XRtBoASuhsbyEDJPVMd1DmhqtSdvEvkMTSx4rPEe1Zo68qzjy9BAYWGg1EYzL,1787075345,2026-08-18T17:49:05Z,8JS3bkVtpQ2b1eTBtsadyQ7TkE7yxfdb8CpDa9zqwAe2,sell,0.47854228099999996,70318.16867143603,6.805386005372305e-06,raydium_cpmm
yKEWpfr3EAuC6vvKfXoQFzQFHkjiRbnZnwnxDsGv7PVeRqaxGLHxWR458b4Syr3x3Kq4KdWs4mzk7VLARCRU6QC,1787075345,2026-08-18T17:49:05Z,8JS3bkVtpQ2b1eTBtsadyQ7TkE7yxfdb8CpDa9zqwAe2,sell,0.460368781,70318.16867143603,6.546939286076809e-06,raydium_cpmm
2Ha3NgFxaUdxnGZdhzDN7Bn8HBMzcabr7ym5FVMt75E2u51ABfPRFRK8maAAhPKz2iPAeYM92WxYwrPGcB4V5L1a,1787075345,2026-08-18T17:49:05Z,A1igHDVAzKcGUAbVMFV8HrCCSUfcs5YzVfW3i9895pdW,buy,2.673630103,371173.09484016476,7.203189401837769e-06,raydium_cpmm
5PUBxrCi2hRAHbehiYktdYma3q68u2WCh7nrBuZ3qby7XwRwoYpBS82dPkjdgjm1jpbNLSrMV1R9p1SdVwxeBPhZ,1787075345,2026-08-18T17:49:05Z,A1igHDVAzKcGUAbVMFV8HrCCSUfcs5YzVfW3i9895pdW,buy,2.621900322,358337.1370199793,7.316853463206116e-06,raydium_cpmm
65qUSsGAHNCeazumUzDt1ddQRgiB3iFM2xBUbGdbFNmLg2gf86dJJ7YU4pc1EuXdA4mSPi7ENe8vzoq6CnjwvDHQ,1787075345,2026-08-18T17:49:05Z,A1igHDVAzKcGUAbVMFV8HrCCSUfcs5YzVfW3i9895pdW,buy,2.333745366,343288.1427675481,6.798211401027787e-06,raydium_cpmm
4yDkZ9AG81seuepFK7y4iib5fCeyHpooWWf4TR3fjNR2EzviLru7Bni2F5pAv8xP8GdHLucR7SKvNJYnR3UwscaN,1787075345,2026-08-18T17:49:05Z,Act5xzJ7DhXrdNKbRw1yTzQUmT4hYtAPgFKTP5WzPBva,sell,0.823167724,117330.53753985511,7.0158011823680986e-06,raydium_cpmm
2qa3tmFyKpXVXwm1nM7BNNQSwqYLkHsLw2JnWoLEFUvsjtRQrahDrCJtv1wSbcq5CFiNK3bCSaVQepGUvzW8Qv8F,1787075345,2026-08-18T17:49:05Z,Ahekwy9V7q2tmqJdTX92TAtEHM4pafQbsfc5oLakbZs1,sell,0.282051762,41232.80585288303,6.840469770753637e-06,raydium_cpmm
4vV5cNb5uzv5J1jnPJBgUUDYVQA5z7TGPMV7yaUpHUeRWz5fsLoBzrYeJM9SWuFsaycHELtoMi4zxtUmjyGDVUMw,1787075345,2026-08-18T17:49:05Z,C7PNbARVAHeskaefdcu7fy21dCN3qNANKuT6Cka2av4L,sell,0.235995872,34561.34692603699,6.8283181354315546e-06,raydium_cpmm
5qah2tgQzTacfebyq5CHwNFSzAqFnRWv1UWhHfqcvdjqrwf1jKtBMePXxqszuvQCB3pkEEKczbU2otgfmteG7n5E,1787075345,2026-08-18T17:49:05Z,CHvWpTWTZXUMvWfX7jmy8vhHbAqn6YvLc8wBxXYi4KiW,sell,2.0040248110000003,303479.11159497185,6.603501639594241e-06,raydium_cpmm
2XmtpvwbcHtJRYsekZzCHzFQLYMRVCV7afto1w8HAPPq7wwBxsikxdRonBDhpXjfJw19wnPgHavzmq4qVGNARYoB,1787075345,2026-08-18T17:49:05Z,Ebux1vXaJYiugKxnBNgQbsBjbjjFK1K2k1zXjkD3tqDk,buy,2.538187169,362190.5615613386,7.0078777261846084e-06,raydium_cpmm
2yKpARGW9a9t7iMd7TsFJX9yZ1aBDp1q1Dnx4wF91c4uZKSk1p51NXT2PCG3imsR3hXczk9AiLkipCr9nJjuRojF,1787075345,2026-08-18T17:49:05Z,Ebux1vXaJYiugKxnBNgQbsBjbjjFK1K2k1zXjkD3tqDk,buy,2.3766616320000002,327096.415752416,7.26593602847342e-06,raydium_cpmm
57Yj8eL28WUtmnJaLVQX7NDhXJzQgVZAQpPmN26KFckaWk9i2vrdTLFX5u7fsYfuE915TKV5rQSobeqinehDCgBF,1787075345,2026-08-18T17:49:05Z,Ebux1vXaJYiugKxnBNgQbsBjbjjFK1K2k1zXjkD3tqDk,buy,2.640214451,385526.4391252324,6.848335634232251e-06,raydium_cpmm
5K22epe6gjx5yqEkfrr9r9FzEdXkurUp96sntE3k7isQpnBCVxymYGLXv36CMW2JDpQ63BNf5feg9TEEVxRH3i1t,1787075345,2026-08-18T17:49:05Z,EyVaGh2eyp6zFPWLAiXx8wzEjn98VktPaANra78vkAKm,sell,3.3568280169999998,474654.11481029354,7.072156149624097e-06,raydium_cpmm
2tkNon9pccnr6Dhg9tvHy3mVjQvjDVRbQBEG4GjnQewaR27GCh2NVfAskFYVSKKqK8Q22FUs1vbMdC5cqAxbwodr,1787075345,2026-08-18T17:49:05Z,FCgDhFHrwS5M6LQrKt1TJ21YpF1t8Dx4KxNytbMT2KVN,sell,0.499539066,73331.34138292301,6.812081390840749e-06,raydium_cpmm
5WxyVSJuiHK5eNWa9hyPm1XLC4V9S3bspjpEhh9C1mo3bvzdTuqMSJwo7dG11hvENLpiTvx8FV7FTuXWkSmQeb4a,1787075345,2026-08-18T17:49:05Z,FCgDhFHrwS5M6LQrKt1TJ21YpF1t8Dx4KxNytbMT2KVN,sell,0.39295352499999997,58665.07310633897,6.698253393253506e-06,raydium_cpmm
5voPpPd4mN8zER3upGMpiJjogzu2iAvMbvuazek4o2qkgAcH8rSnouBZGLsqAoKn5T8W7Ug56gRkdTeMH9U9nFS4,1787075345,2026-08-18T17:49:05Z,FCgDhFHrwS5M6LQrKt1TJ21YpF1t8Dx4KxNytbMT2KVN,sell,0.48824737999999995,73331.34138292307,6.6580996718778124e-06,raydium_cpmm
heJPQ91LUNZ4cQVD5D6QAhQFnUkENDQs5YF6kNv3SjP7YDbFfoed9Y3w7nPSWaxazb9j19boxPrRPhmnVZKCpK5,1787075345,2026-08-18T17:49:05Z,FCgDhFHrwS5M6LQrKt1TJ21YpF1t8Dx4KxNytbMT2KVN,sell,0.5078398310000001,73331.34138292301,6.925276715560844e-06,raydium_cpmm
khLiCiPK7ExqBGTWHy4UBC6Rh2Kyk9wswz9QGs7iKycxgJWnrxLdkPdFTsRm3xusybJCGXfev5zwkkF4rkJeMjx,1787075345,2026-08-18T17:49:05Z,FCgDhFHrwS5M6LQrKt1TJ21YpF1t8Dx4KxNytbMT2KVN,sell,0.48056528099999996,73331.34138292295,6.5533409308657715e-06,raydium_cpmm
2MmYmL9T4ZdsWEPXbUUrHeKTmf1f9kpm5EsBFGDkKWcXQXimnaTYDdf3x93hqoygrjXAbNSx4nhyNfEXyGQntRk2,1787075345,2026-08-18T17:49:05Z,GG33KgzDhbsCLzxwVpzJ5Pt2ubP5FyfDk8beZ8hXkwvB,sell,0.437003985,66669.76887447597,6.554754761828847e-06,raydium_cpmm
2mdrnrof7diag1xYR7pFfbKTwzw2HyDdh78fqcEeUvcPou92rR74hjDfKr942fguN5XPtFQCzFDrbKdEStaLcT4r,1787075345,2026-08-18T17:49:05Z,GG33KgzDhbsCLzxwVpzJ5Pt2ubP5FyfDk8beZ8hXkwvB,sell,0.35745657399999997,53335.81509958097,6.701998897600204e-06,raydium_cpmm
3fDLiqhBoq3dJNtKatQ2sJnExEJcSkVnupGMpJopfg6BhS9WvVtoFCDiMFdTZgaFvwinMayqeLLnpKqRBhUaX1LQ,1787075345,2026-08-18T17:49:05Z,GG33KgzDhbsCLzxwVpzJ5Pt2ubP5FyfDk8beZ8hXkwvB,sell,0.45427326599999995,66669.76887447597,6.813781923487591e-06,raydium_cpmm
4JY9S24GgGDcphdjwFgaKgF2Nz41XuD2YuFmSWT7YW1LGuXFXm4VjAQk9AoXbDrSVUgiQmqfFUuufDLPonPwaFt2,1787075345,2026-08-18T17:49:05Z,GG33KgzDhbsCLzxwVpzJ5Pt2ubP5FyfDk8beZ8hXkwvB,sell,0.443338116,66669.76887447608,6.649762305831661e-06,raydium_cpmm
4N8RdGjMytqTNqZuEdQjGtmPhvvBLfAvZH4zgswPoCLaZzf3Tju7KLYfeLranwEkvfNZELcGyfgQ4UX2SEXALz5Q,1787075345,2026-08-18T17:49:05Z,GG33KgzDhbsCLzxwVpzJ5Pt2ubP5FyfDk8beZ8hXkwvB,sell,0.46481483599999995,66669.76887447602,6.971898115848284e-06,raydium_cpmm
3eDu6t8h4x2si3CyCC4LeR3BcuhNLUKmDfDE36uSym6rtCWgWjgxnftrQ2tTXcA6FJvLGnLn4tMamYULZ3XpixpB,1787075345,2026-08-18T17:49:05Z,GHJFdDSYx1kGg7nLTDZ7B468SqHsqySZwHRSxs4DgEVk,sell,1.967259487,298855.209789451,6.582650803999605e-06,raydium_cpmm
2iz45wu5ZL47DLrfXvRsGVTMgBXYEj77yrYZBFHbGJR3RCAfXvcGahDJzKKs4zNz6DAB9Cy9qzj5wSYCQNfyHeLE,1787075345,2026-08-18T17:49:05Z,GpNHGPQXQEnrrbL8paxGdEWrNEvdFcZFVtC6ztMoYuYo,buy,2.400545925,351842.8076701956,6.822779584143674e-06,raydium_cpmm
2qMy99WsNyxJHV3CW6HxLaEdHyiQXYwSdRpev3ZH25cZiZYdQHd49a72pD6EHoUvb39ZtVQP8zBiUBwJVKHFAf4s,1787075345,2026-08-18T17:49:05Z,GpNHGPQXQEnrrbL8paxGdEWrNEvdFcZFVtC6ztMoYuYo,buy,2.410261973,345206.83555989014,6.982080667930001e-06,raydium_cpmm
4vJitDK1BUmBCxsArGBVzgqrkJjJaZSAgN8ieF1PVJXFE72cQrDvwcakP8XYU8oAi3iQSbYqfG2HZtETrCnoFeV7,1787075345,2026-08-18T17:49:05Z,GpNHGPQXQEnrrbL8paxGdEWrNEvdFcZFVtC6ztMoYuYo,buy,2.732730252,372021.9343506512,7.345615942699365e-06,raydium_cpmm
5jDaY5hhK46Cku63NHfX3ZT6sTCo6baL27RPixTSubcG4sV2LpUW6WTf5sgaEGwsV4atvhHH5vYJDRQr7zTBCH52,1787075345,2026-08-18T17:49:05Z,JAGPLMkgPWRxFJekMU8DRHRurw968GGYHRMEKUWheYcD,sell,0.274491014,40598.19349687599,6.761163252771873e-06,raydium_cpmm
3H2P1Erb4P6VSvUyV7JXxzectCJQTr6E8Bakr74ybYjWPeay7cjTWyG9B4grGsNAc7868KsE9CpDEteSbvxAea7P,1787075345,2026-08-18T17:49:05Z,ZZGtLggQHdZ2LgkDtnbJ1eVQMYLpQN7H1fjCGZAw8G1,buy,2.2838158500000003,313206.6235337001,7.291722710820221e-06,raydium_cpmm
3vDMmRHSbMDNFtTceLbNuBqNDpKcX1u9pEHVCHDfQBABEUMpKptEPX6kRddu4L5LyngWJ8zUVsxKk7MaDQoZihRF,1787075345,2026-08-18T17:49:05Z,ZZGtLggQHdZ2LgkDtnbJ1eVQMYLpQN7H1fjCGZAw8G1,buy,2.640602314,389996.1774733858,6.770841527492152e-06,raydium_cpmm
4uDTKz3PSXzot8JHKz47vc5X345w9rJecgX6xiLZLsWrLEVsMNfDjfLyrdVmQwDAvd676MDRQsjLyKW2QUZT3oVA,1787075345,2026-08-18T17:49:05Z,ZZGtLggQHdZ2LgkDtnbJ1eVQMYLpQN7H1fjCGZAw8G1,buy,2.3930288109999998,333428.83327131206,7.177030215178736e-06,raydium_cpmm
3p9uUivdB2TbqjzjvgEx7jmdkp1iKPnBucpv5N4wQNQ6nyhyrsYYQpfRQUMQuo1f9M278eet72Y8hLPG717F1Moj,1787075345,2026-08-18T17:49:05Z,h1jpvLkFT6u81HZH1zWhd4Vrf1qybKTADovXxDLrbtK,sell,0.42517155199999995,63460.42321999604,6.699790679398285e-06,raydium_cpmm
4WLYQPVfDknAXV3Hxf5eoAHQw4smHtbub7aGpq7UnoW2kDwNHFWitYvqqG8ZpRABsmD6D7NpcqTooDDszfCDVYCo,1787075346,2026-08-18T17:49:06Z,2DCW6PvdpXwscZVanFmDLB7svT2STkUj2SuXSMR6C29g,sell,0.669612958,100265.27930471499,6.678413132077231e-06,raydium_cpmm
4h74LepmGzhMxuYR9PLQ2oeT4HUUsRTzx9c68LkKsTBnRrPaABfiLXY7MXYCX6G4gWAV8ReSahw4kedjeWqwJwH6,1787075346,2026-08-18T17:49:06Z,2R9ca7YkK8Ta3Nv1Gn4yhzJQumqpWzxMgN1xSB5J1Hrb,sell,1.809749531,292707.125049933,6.182799720680781e-06,raydium_cpmm
3ZRk1s6j25TFZwNZ4C4iYHSQC1RsPWUSWrUqgJEk4mFCDTLQTpmmaLeAc46H1Rhej5d3xxA8U2xtUvsqqYFGzpmQ,1787075346,2026-08-18T17:49:06Z,7RyLnk9AfBaWKD56fqDHt9hYHcLTtpZ5sVH4NcwNJ7gj,sell,7.955796908,1174860.090589759,6.771697303979686e-06,raydium_cpmm
25bhEfM9FPY4cRBNDVfrusMJjB3ewutnHdwRRnjqii3BdLXgyBYmvSyHFf4ZdPhMTwbDJKTKryWMqtAucYhKnH2d,1787075346,2026-08-18T17:49:06Z,8JS3bkVtpQ2b1eTBtsadyQ7TkE7yxfdb8CpDa9zqwAe2,sell,0.281826696,42190.901202861976,6.679797965085481e-06,raydium_cpmm
4pT4bH4L55AaknksCwTmKgZ6SEb9YoXtv4KWE1RUt85cq9TNajoVNVNEbZ5deA1ddLB7gPATFWudqswsutEJvLAK,1787075346,2026-08-18T17:49:06Z,8JS3bkVtpQ2b1eTBtsadyQ7TkE7yxfdb8CpDa9zqwAe2,sell,0.170121607,26720.90409514599,6.366611189286204e-06,raydium_cpmm
D7aW4oJPQ1BAQos6dHGQqyLtp48poucpPe9SEMEaF8WZtLBGh628re7praYzaEhkLojgHZC78dP8FjSoqqANoD7,1787075346,2026-08-18T17:49:06Z,8JS3bkVtpQ2b1eTBtsadyQ7TkE7yxfdb8CpDa9zqwAe2,sell,0.37630505599999997,56254.53493714903,6.6893283611788945e-06,raydium_cpmm
2LUofrACSWww1S1F7DwqNJqxLrhTzuWaXL46BDXvEkwfBXiqFPUT5oTEncwNE1ydGSoBDCFuLZmw5mc1VbzFFusv,1787075346,2026-08-18T17:49:06Z,9Nc7QXztAZyyhrza7PMyBLL61YsL7NXbRRkHNcU3Vx7i,sell,13.533164365,2065877.9536134228,6.550805356787495e-06,raydium_cpmm
3j6p9nf1pT896GrZwr5XArc62kSpcTvbebiMGzA1WkdVckEuGgsuxxyLHJhmYEAKLc7VccerwFhKzsLB6UWvUUFb,1787075346,2026-08-18T17:49:06Z,Ahekwy9V7q2tmqJdTX92TAtEHM4pafQbsfc5oLakbZs1,sell,0.235223436,36697.19720906601,6.409847451289502e-06,raydium_cpmm
2JBFUzPy6BhXUwqAzxwBi4QPRqpW5vkrfGbTHnckopK5QmvA9LN1gcUe9RUJy7QPK51hCe4mAH3G1CsPkg16JicZ,1787075346,2026-08-18T17:49:06Z,C7PNbARVAHeskaefdcu7fy21dCN3qNANKuT6Cka2av4L,sell,0.196771355,30759.598764172,6.397071577838469e-06,raydium_cpmm
4Pc9p9jA8q1tPmSicszuwGDTJJRbrSf4nQismdeHHdJvoRC8YfYyHPpZdqfeaTQWAYFpaqD4nQUpXq8cKyia6K17,1787075346,2026-08-18T17:49:06Z,CHvWpTWTZXUMvWfX7jmy8vhHbAqn6YvLc8wBxXYi4KiW,sell,1.5294579419999998,227609.33369622903,6.719662665685047e-06,raydium_cpmm
4yRwqLC8ezK8mhjX3H1UeJBGBFPLvZqo2rxV9YSJeZL8Dw31hZyYjnPd6LV2MNeBQhiuAootuWLfwSARzEcpFX5h,1787075346,2026-08-18T17:49:06Z,CHvWpTWTZXUMvWfX7jmy8vhHbAqn6YvLc8wBxXYi4KiW,sell,1.471827682,227609.33369622903,6.466464525414956e-06,raydium_cpmm
5Eks1R2QrPzLfKPH6jG3upWiEYd1YXC4UwMmDVJMAnideAe4pvX7bpXvYb1AeCVARsi5ZUZeDzAbw6h5r6UnXSLJ,1787075346,2026-08-18T17:49:06Z,FCgDhFHrwS5M6LQrKt1TJ21YpF1t8Dx4KxNytbMT2KVN,sell,0.392297444,58665.07310633903,6.687069890612826e-06,raydium_cpmm
AuacPGC7r1zTcvqsoxGzme1hkWb3B8NZpWwC694Bz3zWqjvBzRDRTbYZ4ykmpzp2rmxmr5bshi4u6kCfu5S6KCn,1787075346,2026-08-18T17:49:06Z,FCgDhFHrwS5M6LQrKt1TJ21YpF1t8Dx4KxNytbMT2KVN,sell,0.294145312,43998.80482975399,6.6853023198731425e-06,raydium_cpmm
mvxDJuSTZdX7627SQbA7c5rvkKdoFjBrm3pKRmkmS8K3HEBGJFrqmd88Xzy6u1121sbDsUd8m8sNTyf1gvrGL1T,1787075346,2026-08-18T17:49:06Z,FCgDhFHrwS5M6LQrKt1TJ21YpF1t8Dx4KxNytbMT2KVN,sell,0.17746773000000002,27865.90972551101,6.368632201428894e-06,raydium_cpmm
4eXhuTPK34FpbjJJjo4HPvGbUFpa77nngyEeBwo9df2okPdkpoxecjymhhQ1xBt2UY3mf6Rs4TzxGsfv4VWWDaEc,1787075346,2026-08-18T17:49:06Z,GG33KgzDhbsCLzxwVpzJ5Pt2ubP5FyfDk8beZ8hXkwvB,sell,0.35675155999999997,53335.815099581,6.6887805001934354e-06,raydium_cpmm
5Un254FbkBAhKmtfmQJ9muzXcpBsNGBai14p93tQukSVSA7pKcQFUbp5VYcxNkTpjv7FjRphG39DE1iVwwmLz5iF,1787075346,2026-08-18T17:49:06Z,GG33KgzDhbsCLzxwVpzJ5Pt2ubP5FyfDk8beZ8hXkwvB,sell,0.156770047,24667.814483555994,6.355246716506065e-06,raydium_cpmm
kZsQYsK64aSpAhavZ4SMTyZ6Zh7yEqjfSWFuMhX1QnB9Ze1gTKWiCh3khEPkKD2mT2g7AYH6EkVTMZJhg6pbTQD,1787075346,2026-08-18T17:49:06Z,GG33KgzDhbsCLzxwVpzJ5Pt2ubP5FyfDk8beZ8hXkwvB,sell,0.31229780799999995,46668.838212133036,6.691784496122475e-06,raydium_cpmm
34KDbVQiugV7GwdEa9WEYxxQBijx3zrG3qvth6rmi7ofQ82hF63b1iQJ7wzSj81iKwFXLs4v3xEtzh5Zn92SMtgw,1787075346,2026-08-18T17:49:06Z,GHJFdDSYx1kGg7nLTDZ7B468SqHsqySZwHRSxs4DgEVk,sell,1.448383822,224141.407342088,6.461919906612591e-06,raydium_cpmm
35AY6GkmvRrmmDTgdoRrfWZk8Uw55FM5o8Y6wNNSWPk7wr2ZtDcbG2hrnYDaztfhttTmdrnpAT4zyCFs6Q2iNioT,1787075346,2026-08-18T17:49:06Z,GHJFdDSYx1kGg7nLTDZ7B468SqHsqySZwHRSxs4DgEVk,sell,1.492986107,224141.40734208806,6.660911630314614e-06,raydium_cpmm
3xjabjBr2aZ5HkRkZH3roXqH8ZwqQvNTQKxGmjhkDiReDxD2SEHHKHhinBZxd9YWEePu7dPQfFdfZT3KHdGBg3jW,1787075346,2026-08-18T17:49:06Z,JAGPLMkgPWRxFJekMU8DRHRurw968GGYHRMEKUWheYcD,sell,0.232202577,36132.39221222,6.426437962816891e-06,raydium_cpmm
2gqWdX1cbt2bmhKM1t6RWVTMtBmRUSQ1vLLAqNWvT1cBxBp9toVkvrEfhnHoW3fGaQCArcBGvkq8vM8fjFLUQfqm,1787075346,2026-08-18T17:49:06Z,h1jpvLkFT6u81HZH1zWhd4Vrf1qybKTADovXxDLrbtK,sell,0.783736823,120574.80411799299,6.500004944922365e-06,raydium_cpmm
2iHfY3gZ64z3czxCWePc73RWJ6WHpZXavn96NZuZrKDvAgktTdQQrdptgSfjKw6g4aFDakTLd7bjmsPtyT28eLTd,1787075347,2026-08-18T17:49:07Z,2R9ca7YkK8Ta3Nv1Gn4yhzJQumqpWzxMgN1xSB5J1Hrb,sell,1.265781354,219530.34378745,5.765860573814496e-06,raydium_cpmm
23MGho1kAyZqzHPCtVjkbvwJ9yzy22atJqyismUG7XzkKWwDEDepsiS3pBZQmMWBPsq7XFvdWsaPSLTQXNWt7pTE,1787075347,2026-08-18T17:49:07Z,3KEdzpSYJ7sXfHKpVhSF2Qj6ZAjd3Q3dugFCZ4umWvkR,sell,0.593605904,97546.29652930703,6.085376125188471e-06,raydium_cpmm
4GEXmJge6CN7a5J94WPJWQhnfNfVUYF4uMhmsEfKGAEsRgasDG8xNDpjHd5po2Dn7V6GC9rpFuneVKRx7qAHZajy,1787075347,2026-08-18T17:49:07Z,9Nc7QXztAZyyhrza7PMyBLL61YsL7NXbRRkHNcU3Vx7i,sell,10.896055017999998,1859290.158252081,5.8603306050107755e-06,raydium_cpmm
4u6BJYeftQ2LfRhhCCNf5jkg8B3sABAMS2XsqVUmgf6R272pwSHkWp5Lx8ubf5ZPY1q4Pmy9TquxoSFmPB8hs9Cu,1787075347,2026-08-18T17:49:07Z,Act5xzJ7DhXrdNKbRw1yTzQUmT4hYtAPgFKTP5WzPBva,sell,0.661308211,108730.20913818385,6.082101894603658e-06,raydium_cpmm
2Dhe4ut22cABGr4uQAagq9f75rXFNnTuRSFrNUPXfsnxcfC2PxeutPF53pAoTqr71Xd4LHRGe213w89nMPTtr6pK,1787075347,2026-08-18T17:49:07Z,h1jpvLkFT6u81HZH1zWhd4Vrf1qybKTADovXxDLrbtK,sell,0.578330455,97665.59133557405,5.921537432900864e-06,raydium_cpmm
5TDzz7MYmDUBp1t9hPJeCfxxkHGr5iotCHBQrfM58BkKUE6MNLZaeXmxo3j59SEEmQp2SFPhiBLD9Scz5bgfVxp2,1787075347,2026-08-18T17:49:07Z,h1jpvLkFT6u81HZH1zWhd4Vrf1qybKTADovXxDLrbtK,sell,0.6694370150000001,108517.32370619394,6.168941438442331e-06,raydium_cpmm
25QwMeiqfFYQPEncJ3hk7LD1MhEJvqhuGwjqrZZshL1jeuRpyR3HCHrx1MkHpjWYSeyoY3FzRycByj4DR7wuFtAW,1787075347,2026-08-18T17:49:07Z,q8Kx1rkvAMKxRjKy2NCTCvJBWfuafpvHUF2REbayHHM,sell,3.9122498759999997,667023.1851180058,5.865238215531995e-06,raydium_cpmm
3dB4wTaYP4irEQSXmr9aw5wYJJQqjTJspk8GZfiTzA2AgTBKEv25EzxnsALf53t3naWdCK8Y5RvsFAvDeNhbsFnm,1787075348,2026-08-18T17:49:08Z,CHvWpTWTZXUMvWfX7jmy8vhHbAqn6YvLc8wBxXYi4KiW,sell,2.650387566,455218.667392461,5.822229525826985e-06,raydium_cpmm
63yo93u5Q3S4veXKRS3dRKaCxvUEE5S1WWbuZhrZ3wtHKNsVxB9MH12J61WwEFqcbdoiuBUfVxdeSr5MA2cwd3mf,1787075348,2026-08-18T17:49:08Z,GHJFdDSYx1kGg7nLTDZ7B468SqHsqySZwHRSxs4DgEVk,sell,2.6216065029999998,448282.814684179,5.848108419786191e-06,raydium_cpmm
2zUU7AyroPbhbypyY7iEwpVNnjM48C3o6ttHSMYVK9vUrHZcfQb9tnnFYukGb2aMuMNiZ6aStF14jp6ckcxe2fjT,1787075349,2026-08-18T17:49:09Z,3DZNVBQxpaowav4Prz5fwyTG8ReNW6aL118Mod8fJxrg,sell,1.782789555,320737.1900629201,5.558412339555211e-06,raydium_cpmm
2T9aNoqf8WPTJtzPhUAM8ZsQgvRNBPJ2HADg4yJnj7reoDA51dVDUbxTPjDVK2NVNdctrkkDTuSEk7To1AxAX9mK,1787075350,2026-08-18T17:49:10Z,9Nc7QXztAZyyhrza7PMyBLL61YsL7NXbRRkHNcU3Vx7i,sell,9.960598205999998,1673361.1424268726,5.95244980503979e-06,raydium_cpmm
5TBe1RUM2nqRck4PhvkuYBERpKM8YRoYW2dUziwpqX4xYdLefQ6RFrqSGwUJsFV1EE1HYQ8BjW5jaocmJRbD1JAU,1787075350,2026-08-18T17:49:10Z,q8Kx1rkvAMKxRjKy2NCTCvJBWfuafpvHUF2REbayHHM,sell,1.173524546,200106.9555354009,5.864486533514782e-06,raydium_cpmm
3fH2ZFSpmRmCM2xrErbUS9Ja68SzAZmV2WqTvA1ZJjNzx76skzQTysPMGxpWidFGXJYbp3rs9hqeL8137XLjWSc9,1787075351,2026-08-18T17:49:11Z,2T7W5XtariS53AbHY42u8CZzAyrzvNzGpeWcHsARNGkx,buy,2.723339508,356818.489047569,7.632282495420073e-06,raydium_cpmm
3fAPDqUHLZ5Deb1W58E2J5QywghJFBqQ28oPf1XHnLTCN77L37yD9QFLapCL1AiRjpgHMqTTVM5WaHnj4ntSBfB,1787075351,2026-08-18T17:49:11Z,3XQyz76yGTfdVezAEX32drhFBK6Zdqu5vP1C1ocPXVt2,buy,2.7502762699999996,363033.581195266,7.575817809870046e-06,raydium_cpmm
2EKxQrG8GHAz7mXFPjEj7L9JnhskjuMyE5W8vM6XsqrstTxy3nrETNBQadWbhXtkCJrP79VFJovx1YwGrbgzLpM3,1787075351,2026-08-18T17:49:11Z,9Nc7QXztAZyyhrza7PMyBLL61YsL7NXbRRkHNcU3Vx7i,sell,9.220470770999999,1355422.525365768,6.802654226593885e-06,raydium_cpmm
5MpRQ2wvvf6d1kbqyLJXpyH9JNWuRXoetvw8qDELUiRruxCGwduknGJL7vyhzKDTmyyoYRdqmYBbxg7sSCSMkJfn,1787075351,2026-08-18T17:49:11Z,9Nc7QXztAZyyhrza7PMyBLL61YsL7NXbRRkHNcU3Vx7i,sell,10.00131021,1506025.028184183,6.640865870641338e-06,raydium_cpmm
2D82EaBu4SH8NEGGuXbewR3epYQynVVBijRvEqDVRubAfxfa6mUm4AhUHSPKzoadjJPP2NBHkxZuYNNNhicRFXv2,1787075351,2026-08-18T17:49:11Z,FDQKtMRyjWHPxyvtuWzqypyn3JXmCtv3CH9tKQpLbtPD,buy,2.320823558,304815.992575858,7.613851026607235e-06,raydium_cpmm
3foEjuuD5EdVJWNk5TQr5qgny8ZDJSak3nDQAzgPTrQmQABAsM9pkB82RnYMmwSqJSuPoLdJ73VbLZb1zbuzvhvH,1787075351,2026-08-18T17:49:11Z,FMrLCzfeRZLiawdoj7PRiAyo3kwbYWJ7XWQXgxmeHr8w,buy,2.283211288,302049.539203779,7.559062311495936e-06,raydium_cpmm
3xg2ToZfuCb9T6LQ5J4mRP9DWjE2xgv3yaSDYPbgLaSafmBQx4Gkf4V2cayU3GQRo6oK7R5Y2WidybAow5u6nHqC,1787075351,2026-08-18T17:49:11Z,h1jpvLkFT6u81HZH1zWhd4Vrf1qybKTADovXxDLrbtK,sell,0.28640673899999997,43949.51610100793,6.516721102042613e-06,raydium_cpmm
5Gq2xj8okeT3tHLwzexVW77Fxgpus98JoukrsyGQxrANyUixtWiTST2tY5zo84FcV82vt7WkxdUC1Wrn2tNW7xvf,1787075352,2026-08-18T17:49:12Z,2z2q5gk8TDgqCidzkXkyevXH1aDaVjWL8cQwoRbMF1Jq,buy,0.005999999999999999,753.75084786,7.9601900509098e-06,raydium_cpmm
5qvVEPfbAMhL4oxc1VW3k1mMDe3h8QryQQpTG6ywBaSpKWHB4EkZEpoUr2wVFqenqs6G4yKoBNXMTBJvAbvrJR94,1787075352,2026-08-18T17:49:12Z,h1jpvLkFT6u81HZH1zWhd4Vrf1qybKTADovXxDLrbtK,sell,0.32168407499999996,41752.04029595805,7.70463126399937e-06,raydium_cpmm
61nQzPUvaESudVrtNkGwjPG5BpjxZc7i2hVY2LpQzNccgAf14KNTfSy1qNrqtA8WwdHGoco7sLh5vNSNPKKK86iJ,1787075353,2026-08-18T17:49:13Z,3KEdzpSYJ7sXfHKpVhSF2Qj6ZAjd3Q3dugFCZ4umWvkR,sell,0.6164145400000001,83770.11497927015,7.358406278331345e-06,raydium_cpmm
qFf8VY5mk1GLQ7mvmXP5qCPi4WjZyj1ysS3G62smGEtMJpma7o32J7qGeeuRebbe4ScYChxUmvmyRgfqkmBPF4P,1787075353,2026-08-18T17:49:13Z,3KEdzpSYJ7sXfHKpVhSF2Qj6ZAjd3Q3dugFCZ4umWvkR,sell,0.73864777,90396.15299370885,8.171230141302656e-06,raydium_cpmm
49Xh8DTCrrBfSkwY7M8Z4nGZCTAA1hKDGxmM1w2ua4ZRfea5U9qpoGHAZXWg9JFmMT8x5sCwz3w84qwmvTC9Yexf,1787075353,2026-08-18T17:49:13Z,93u5BsWsPxuLRzcDqwecZV9TiXEV7qNavef6fscPnSb5,buy,0.52337835,61618.735655549,8.49381838870736e-06,raydium_cpmm
3N1rwwMNACpd1pXJw9yVBu2cehPzWtmhhin2baf2j2caBd8DhNKNSQBJXxXG6BcF612jNPwxrWaBzg1Fgb6JfGkD,1787075353,2026-08-18T17:49:13Z,9Nc7QXztAZyyhrza7PMyBLL61YsL7NXbRRkHNcU3Vx7i,sell,7.261329198,988103.0209916458,7.3487572082439705e-06,raydium_cpmm
5yZ3SwvweohaZrQ7g939n7PzH8G1ymLHrJVWtSg1js2Hr4BLRFn5YYtNb9pFBM1YCPd77rcPaiP6Uv1axQ7LNXQf,1787075353,2026-08-18T17:49:13Z,9Nc7QXztAZyyhrza7PMyBLL61YsL7NXbRRkHNcU3Vx7i,sell,10.112308292,1219880.2728291918,8.289590804306686e-06,raydium_cpmm
EGDxVmdzMgvPtVDeUp7g3ups36H4e8aEGniDLZZ5TB7uQyeg57YdgQu87mHHv4fXCQeTr3GBsk1wgPCLi1aJDq6,1787075353,2026-08-18T17:49:13Z,9Nc7QXztAZyyhrza7PMyBLL61YsL7NXbRRkHNcU3Vx7i,sell,7.221099445,988103.0209916439,7.308043080116306e-06,raydium_cpmm
VGuibwDB1ndguzvhfq5avd2uZT4EL9uaozWTDxanTXaEAo9qWxE5jjNJDRFyyZDLKuoH4qPXPEhL2cYZMzbUdgq,1787075353,2026-08-18T17:49:13Z,9Nc7QXztAZyyhrza7PMyBLL61YsL7NXbRRkHNcU3Vx7i,sell,8.948533093,1097892.2455462683,8.150647870317691e-06,raydium_cpmm
2K8DF6v3q76gyidwBG1ANgEc8d3ZRWjMQ843dWj4i5XZDLWKYWLjivU2i1VEMcoNSFacaqqjf6Z6CgGshn4azSie,1787075353,2026-08-18T17:49:13Z,Act5xzJ7DhXrdNKbRw1yTzQUmT4hYtAPgFKTP5WzPBva,sell,0.822534241,100760.28480835515,8.16327824563468e-06,raydium_cpmm
3R3np9AJWXQu8TausKhXm499cPjG2kyBgvsUHQB7TWAMt5cMhb3tZdDUVGQb1htsjEMAqwj3AZ8o3VuUNtPVhmyn,1787075353,2026-08-18T17:49:13Z,Act5xzJ7DhXrdNKbRw1yTzQUmT4hYtAPgFKTP5WzPBva,sell,0.6865302010000001,93374.55593190202,7.3524333706142164e-06,raydium_cpmm
2btN3923ykr35Juj4UZfJq1tdn4WNkuPUxQtMiEvWdRLxpz3HrWB7w5mS8HfQ8xNi52tRdP1CWY2HxprRu69qrJq,1787075353,2026-08-18T17:49:13Z,GEPiePuVYQcbShk7ACa2YASeLuRHqvcSZpS89keWZecG,buy,0.49849996999999996,58597.279968521,8.507220305580716e-06,raydium_cpmm
4rRu7zQgAKYpZAddcxRCpuAYwnQ8o8Zw7RW1fQ7bqAvSN4edGArxqw49vuLfbfq6MNn2JuvGNVep2NLzUit8cB1P,1787075354,2026-08-18T17:49:14Z,2R9ca7YkK8Ta3Nv1Gn4yhzJQumqpWzxMgN1xSB5J1Hrb,sell,0.46619002,65859.10313623492,7.0785965462610075e-06,raydium_cpmm
3DXURTE1fBwKzLrzxX24r8NV2eCqZqyRTLQpYSp67ZfKsqB2NGKAgwmRc8F4cYTBdquQ32Z1eKjCdwkbFAXTSN7w,1787075354,2026-08-18T17:49:14Z,2pUUZYtokRgDV2YzL6M5pjb1jyoHE367yU1sdQ7ac3ea,sell,3.279970954,458675.145415704,7.150967273422488e-06,raydium_cpmm
3rmEYgzBuHbNn8AdYJeNVBUoXS61bFjzq5wdm8Waa5x1Edg9jWUE7CmvwcDcQfwTDtFtBYTongD2VtmVFtMWBAvZ,1787075354,2026-08-18T17:49:14Z,2z2q5gk8TDgqCidzkXkyevXH1aDaVjWL8cQwoRbMF1Jq,buy,0.005999999999999999,810.842555837,7.399710285070623e-06,raydium_cpmm
5qNgKMczyz2ZmX1TSkTdAND1s5cskckqZ6kZ7JV3Tc132Xtf4BeRHQjgBTVBzFXtro5EFnNsKxz26fNvrhQWaFF8,1787075354,2026-08-18T17:49:14Z,2z2q5gk8TDgqCidzkXkyevXH1aDaVjWL8cQwoRbMF1Jq,buy,0.005999999999999999,810.8497880599998,7.39964428473899e-06,raydium_cpmm
41vF9pewkiVdigQS655Mg8BuN2sDGzRTJ7iSceZSn7ZquECrdbhhfVskao957JrnPf2ZM2F5zPfG3zQ3ZpLNzfXD,1787075354,2026-08-18T17:49:14Z,2zXpLvhzH3BTAoaNpDRQPUKZqPZiQdDqc29d8wdr4UNz,sell,2.967755421,415703.54562092107,7.139115006986946e-06,raydium_cpmm
5ZFXBGBYxk2Wqp7xcZTRYNSmZ9BhQZM47zPD4oPkoHjg1PDRdQHV4s719i1biqQbkEvv8yCbYdc9tB9GGsFgPnmb,1787075354,2026-08-18T17:49:14Z,4AXv1nmDRxosiz2Zr5bn4veEg63Ty32TParXHnTpQhzG,sell,2.8290452200000002,394541.93646213785,7.17045504812006e-06,raydium_cpmm
25Sw3ih4CjTXGrk8FoyhRiTXmPm5bFRrVCU1BTokrRDDi3SvA4mCA4sqypcjpxEqN3NSkadHdWMdmiYGhTvw18Tc,1787075354,2026-08-18T17:49:14Z,5ZJYjAUVMLAJGccsEMV5SNjgnBHduumHyMjjHUtSubkG,sell,3.16672704,439604.581297609,7.203580614771049e-06,raydium_cpmm
6kVjmicZiEajSLd4sxvqBiNgv6GgQLiqN1Y2S7TQdHkPxqjfaExaBNHdayyuRtbEKwhLJDC96KNANwMuitx3WTn,1787075354,2026-08-18T17:49:14Z,8JS3bkVtpQ2b1eTBtsadyQ7TkE7yxfdb8CpDa9zqwAe2,sell,0.17225915,24048.813685631,7.162895943716494e-06,raydium_cpmm
2odk2C6n9ftXSB9uYaC9JiaEdM8DL3wx4cnuS69XSfnHHNQkCAsjxxZ3aePBz2YgamLDtuKD1S5ntVw8z2BvMmFv,1787075354,2026-08-18T17:49:14Z,9Nc7QXztAZyyhrza7PMyBLL61YsL7NXbRRkHNcU3Vx7i,sell,9.607935547999999,1333939.078338719,7.202679420686643e-06,raydium_cpmm
qmL6PK5yuf3fnP7ETBoLp2uazQbtUe9Uu6C5qVMUfu1LL8ykpv29QiMKL7UjwZc2A2Eo3ByMCfHTHaLoV3bbCyU,1787075354,2026-08-18T17:49:14Z,EyVaGh2eyp6zFPWLAiXx8wzEjn98VktPaANra78vkAKm,sell,3.0358673680000003,427188.7033292642,7.106619028874566e-06,raydium_cpmm
cRsfacAgsJZpd8Jom39JT3XiFSo8XJuSJWnkcxY56eSyiARwTycGkpNH8EcdNtwuKfNMgdsHQBLMwgD6rhLtYb9,1787075354,2026-08-18T17:49:14Z,FCgDhFHrwS5M6LQrKt1TJ21YpF1t8Dx4KxNytbMT2KVN,sell,0.179698617,25079.31875295998,7.165211255141893e-06,raydium_cpmm
4z4GxEnfCoN7AG5uoZuCMkgYG4UBSYU9CjdjMbKoFtNHczqFhZqLfzeWB2vHP9jDqYcJJ9RZBy1M7jQK4g16BsHy,1787075354,2026-08-18T17:49:14Z,GG33KgzDhbsCLzxwVpzJ5Pt2ubP5FyfDk8beZ8hXkwvB,sell,0.158872502,22201.033035200002,7.156086014020418e-06,raydium_cpmm
3Eo3FZhgbaMU2dVXtEeNkUJy91RvZ1tdSCvnMmDuEYqYXndnghpDZLZs1zcxiCihoZNZuuYQLpwnJSWmBX7tNzUk,1787075354,2026-08-18T17:49:14Z,h1jpvLkFT6u81HZH1zWhd4Vrf1qybKTADovXxDLrbtK,sell,0.283241221,39664.438281159964,7.140936145175047e-06,raydium_cpmm
56oVfqaiRXbm6xSKPGgPCPgyVzMS1uubmEckPnSubrAnwrntxbuNurpbUQEUTZ1SeYLAzRq1pCRbXNcP5j6McWon,1787075355,2026-08-18T17:49:15Z,2z2q5gk8TDgqCidzkXkyevXH1aDaVjWL8cQwoRbMF1Jq,buy,0.005999999999999999,848.6430403690001,7.070110416967689e-06,raydium_cpmm
2RnRsCojHFGTcRQdf3iQLzkKxPiNuPUGh7VV5YvDBQJ6xi4WV4rEEBZWsRuyhUEFxFHbs6Kp8kaGz7L9efazRCep,1787075355,2026-08-18T17:49:15Z,2zXpLvhzH3BTAoaNpDRQPUKZqPZiQdDqc29d8wdr4UNz,sell,2.6736365760000003,374133.19105882896,7.1462159463408735e-06,raydium_cpmm
5EcPs5ofGxUEVAxiRqun13ajNPjoTKqghLiKk1oQJqc4YoQ4yJF9nChTKNzDktz4D8dLmwr7uSPr2TPZvzupeYpE,1787075355,2026-08-18T17:49:15Z,3KEdzpSYJ7sXfHKpVhSF2Qj6ZAjd3Q3dugFCZ4umWvkR,sell,0.5488876,77629.76555128896,7.070581704093351e-06,raydium_cpmm
2RYn21Lr87f1BqSeDQpgUptxp5RGyitc4eUsc6Dn3HBQVq4VdwZhLYtttsU9YFrHZzKhPggqemtEh7JGX8gic2fX,1787075355,2026-08-18T17:49:15Z,4AXv1nmDRxosiz2Zr5bn4veEg63Ty32TParXHnTpQhzG,sell,2.569340823,355087.7428159239,7.235791364197937e-06,raydium_cpmm
24H88odDMCcnWgV7rAQQ5MM8m18FqPcSCSkwAMwyXJWjvHmiSFWSGE6cTiTMyBZh6SMhj2bfBiuzJx2saeEcaGji,1787075355,2026-08-18T17:49:15Z,5ZJYjAUVMLAJGccsEMV5SNjgnBHduumHyMjjHUtSubkG,sell,2.85126449,395644.1231678482,7.206639307998462e-06,raydium_cpmm
JkKFSJP5ryAsHjLDNkoeLE4v26Y1exAYSDpCL5EXLVRZt63No3ZhDAmC8dgfuy5e9MYNuBKBVmL5jeDsDwCin96,1787075355,2026-08-18T17:49:15Z,8JS3bkVtpQ2b1eTBtsadyQ7TkE7yxfdb8CpDa9zqwAe2,sell,0.15040334900000002,21643.932317068015,6.948984445002845e-06,raydium_cpmm
2Wt8EewrXx73PgiYwumxpQeENKeui8VCtv8eRdf6K4ntqP3JU5R2xgD6Uxt8M42yYQdeLhtp7hA4pj4yxxVe3EX,1787075355,2026-08-18T17:49:15Z,8NZq6z8y5697n1iqAqCHSwAKZeiT4M54JdmQ6rAjCJB1,sell,1.159995113,164472.86948845597,7.052805223182524e-06,raydium_cpmm
BDzk8iVvWKj2R1eMbtfaXSGmEcqAZB2vAL1MUhRjaEikLPZtKyzJbLYw8BxdjEFSBSCRsmJJszBuSg4cSqxfn85,1787075355,2026-08-18T17:49:15Z,9Nc7QXztAZyyhrza7PMyBLL61YsL7NXbRRkHNcU3Vx7i,sell,4.607232764,657088.5089594433,7.011586264529192e-06,raydium_cpmm
5W1AUkSVwjnuhjuA7BZBEZCSGwMuWmiKLDJTASA1YnT4NWPJ6WYUPdXi7yT8TMRLX6kvcu2Kx4Wxs5WTRxJhxggy,1787075355,2026-08-18T17:49:15Z,9PDFBkM2JjnLuuEhQVi5oPv5jVJ4wV3LA2PAfLXNijLb,sell,1.049874029,149123.411993187,7.0403031621082106e-06,raydium_cpmm
5HuhEzq2xeEnscdfGgMSu1F6Q2TeahmofWcNLfBDqfPvT4WThyFgfB5QBbeP69WYGymc5GyXubWp4T5zBQ93xYPx,1787075355,2026-08-18T17:49:15Z,Act5xzJ7DhXrdNKbRw1yTzQUmT4hYtAPgFKTP5WzPBva,sell,0.6124782670000001,86530.20098209381,7.0782022929398226e-06,raydium_cpmm
5GDCCkvPUvWKA9EtVBftPWn2FnZKWjQVj875ZJQBoYM88NjUdV3qNzStLhMaFcuVMzd6pQNrjRDPHCwT19bmVLqb,1787075355,2026-08-18T17:49:15Z,D7HoNhGqBAXezS9ZY7zu5ZEP7PZfAu8vdmbJYVesDaoE,sell,14.200686246,1998126.77126417,7.106999640976505e-06,raydium_cpmm
63CZQrq2noHmjKBbzrzjPQq2LBx2azK4Pf5Um6aSosWcYVGmmm82kfonNBz1fng4RefgijShNVXukpM9Wo8FiCX,1787075355,2026-08-18T17:49:15Z,EyVaGh2eyp6zFPWLAiXx8wzEjn98VktPaANra78vkAKm,sell,2.758921313,384469.83299633814,7.175911024015965e-06,raydium_cpmm
UejDft3i3aNVkbfgNj5hP8S1KzHbZAznz5f6CuZ3scym54Spf46AxrQBMsZn17YsBMsyqdCcNRhdcCEiT4wQm9x,1787075355,2026-08-18T17:49:15Z,FAHMvDeWBEBe6fG653ChW7suaLVMQboS3hiaNqpejuBF,sell,1.251538311,178057.014947633,7.028862700905552e-06,raydium_cpmm
2Wzqu9BPvnKUn53Pthr8ygpWMtx7YzorPKmvWxQHedVWmpWcqa4e1eN5yQ4rcUaeaaq6pdwqoaCDxKUTqmYe9Qq4,1787075355,2026-08-18T17:49:15Z,FCgDhFHrwS5M6LQrKt1TJ21YpF1t8Dx4KxNytbMT2KVN,sell,0.156917263,22571.386877664016,6.952043481000308e-06,raydium_cpmm
wEDYXH3pyvd2GDes12m5U6g3TExgGnPUZLpoTEbzVvLve6AfzS3ydhwjbXwjmPT1Ua4QEvZQsKAaWEREHa4pTbC,1787075355,2026-08-18T17:49:15Z,GG33KgzDhbsCLzxwVpzJ5Pt2ubP5FyfDk8beZ8hXkwvB,sell,0.138588942,19980.929731679993,6.936060726957347e-06,raydium_cpmm
4iqe8BiuhLYLLeHJptssoXfaqjw8ezJqqUWFsUkR6MhsVwdA54eV8HBEDLSvRDW2DLjKBey5dHK116WR4Jw4RmZj,1787075355,2026-08-18T17:49:15Z,h1jpvLkFT6u81HZH1zWhd4Vrf1qybKTADovXxDLrbtK,sell,0.268038022,37681.216367101995,7.1133059874896595e-06,raydium_cpmm
rEL7c5kJptVuM19ziB2YwsyYLLY1MQdYXcgkHFiVa8i1YiwxCo59a8ZECWA6wZJrpbba5tP3o2mpjLntR1USTrj,1787075356,2026-08-18T17:49:16Z,2R9ca7YkK8Ta3Nv1Gn4yhzJQumqpWzxMgN1xSB5J1Hrb,sell,0.402625336,59273.192822611076,6.792705383780332e-06,raydium_cpmm
5K7an4aLejwPe4SZgwjLrRP7gozh1qSxSjL9FZcEEc4e5L2zRPb1mwJiPojn75sKYpGwEDjx3hqSWLhs2d2AonDR,1787075356,2026-08-18T17:49:16Z,2zXpLvhzH3BTAoaNpDRQPUKZqPZiQdDqc29d8wdr4UNz,sell,2.328404113,336719.87195294583,6.914959011760903e-06,raydium_cpmm
3V3p799KngwUJai9gSkEeEYAXX7BAwsWepJYnhcCfMuutwR8bcWoc8WmCbdhCSW9c5MfRRbq5TaXaisyoYudGnkb,1787075356,2026-08-18T17:49:16Z,3DZNVBQxpaowav4Prz5fwyTG8ReNW6aL118Mod8fJxrg,sell,1.629133765,240552.89254719007,6.772455520069904e-06,raydium_cpmm
25vuHKqtBx62cCikfXxac2WvjhVfEcQCPFosfz6mZniA8689gBQQSde6bCkUS5qFUnpj1LYKzh11n1uSbpVdxNgk,1787075356,2026-08-18T17:49:16Z,4AXv1nmDRxosiz2Zr5bn4veEg63Ty32TParXHnTpQhzG,sell,2.2260568490000003,319578.96853433223,6.965592445614443e-06,raydium_cpmm
4DodeAXCcMNeezAd4HZmZdzzmmq8i7a89bJfmKmipB7wV6Z38TjsmSZDR6EPZGa3JuZm7EWLsBxRs69aEGNGHPhC,1787075356,2026-08-18T17:49:16Z,5ZJYjAUVMLAJGccsEMV5SNjgnBHduumHyMjjHUtSubkG,sell,2.4715250550000003,356079.710851063,6.940931987090278e-06,raydium_cpmm
5STM3obTA1A5uzZPKX2K2KZpjjMQhZPEeyJCNcAkuL8QBdbaGStPufGLBjyVytABnRjNJp77qm9txAuFEuMSs9Gf,1787075356,2026-08-18T17:49:16Z,8JS3bkVtpQ2b1eTBtsadyQ7TkE7yxfdb8CpDa9zqwAe2,sell,0.131681291,19479.539085361,6.759979813842687e-06,raydium_cpmm
2WqQum69tjs79yykMTzXHs6uH7CMyMypisDRv3r66oPZGA3Vk2R7HfNwgv4uAHvrpEs28fjz3fmPZboxDPY5uZAz,1787075356,2026-08-18T17:49:16Z,EyVaGh2eyp6zFPWLAiXx8wzEjn98VktPaANra78vkAKm,sell,2.419031253,346022.8496967042,6.990958126379019e-06,raydium_cpmm
2GFxVwa2EQ77D4wH4WeuqLCa5TubMY2CA6FpRgHSwQ4m2MwpqvS82PRtHghgoKz7dPJpXozTJZV3Hx4gJ7EZM9oy,1787075356,2026-08-18T17:49:16Z,FCgDhFHrwS5M6LQrKt1TJ21YpF1t8Dx4KxNytbMT2KVN,sell,0.138462363,20314.248189896985,6.816022020881992e-06,raydium_cpmm
59LSHjPxEmUpQ7yXjooGotp4VL4YwBtRwRLgLoed5gogT6BsnfFnTyKPt5Xb4Kj5BE35nE2NfctCgEw3WT2yFgnE,1787075356,2026-08-18T17:49:16Z,GG33KgzDhbsCLzxwVpzJ5Pt2ubP5FyfDk8beZ8hXkwvB,sell,0.12139628000000001,17982.836758511985,6.750674636610843e-06,raydium_cpmm
RWBtQyfAFbu4giy8Ju6wygLgUykoC2fK5TBDNJy5wTWXKtqzP9Rjy9ibHHgkYwMetpvZx2YxPmyu1ypj3igtUHP,1787075357,2026-08-18T17:49:17Z,2DCW6PvdpXwscZVanFmDLB7svT2STkUj2SuXSMR6C29g,sell,0.628206801,75198.95947853601,8.353929434080915e-06,raydium_cpmm
2B3NS94Yj7yRfhsJK5R97MRAuRn9xLqBdkVwbqpTMrQAJbshPvsRx7XdV11RvZ5HY2yASaFYug3QXyk94fpDfuWM,1787075357,2026-08-18T17:49:17Z,2R9ca7YkK8Ta3Nv1Gn4yhzJQumqpWzxMgN1xSB5J1Hrb,sell,0.401675026,53345.873540349945,7.52963630253762e-06,raydium_cpmm
4RCd5y3dN62n3LwwSHPafg9nF5b7hiECVYB5E2KboMPidsS93i2fD6e1HhrCy8sfzB6BQkQsxeB4VJot3b97zZD7,1787075357,2026-08-18T17:49:17Z,2zXpLvhzH3BTAoaNpDRQPUKZqPZiQdDqc29d8wdr4UNz,sell,2.304501175,303047.884757651,7.6044126717562195e-06,raydium_cpmm
2XSrYqMXMKreFAVtqXhGmEPCtM1jXYR7TDA5TH7S2s6qqTk1JW5LecynhtcjkxCjB3tYTqJ7tFjtWPDGuspyoYvK,1787075357,2026-08-18T17:49:17Z,3KEdzpSYJ7sXfHKpVhSF2Qj6ZAjd3Q3dugFCZ4umWvkR,sell,0.5422212120000001,71939.5037363799,7.537183102999334e-06,raydium_cpmm
2QqPboDZopwBhAJhCF7o4ea6Bk2j89rDrvrE1C2y1nUFxZWfsbDMkoqob7CUVWcXh45ga7qzdFQdGVJRPTBBoB5i,1787075357,2026-08-18T17:49:17Z,4AXv1nmDRxosiz2Zr5bn4veEg63Ty32TParXHnTpQhzG,sell,2.194367897,287621.0716808988,7.629371117268284e-06,raydium_cpmm
3BpwY77UFNWHWVRZi4oZZd94Ks7Bh37AxyFw7ufWYbwN2RYFDYJixzRDRk8sSVdSGSWcp6kfnJrGvBD7evW9hayG,1787075357,2026-08-18T17:49:17Z,5ZJYjAUVMLAJGccsEMV5SNjgnBHduumHyMjjHUtSubkG,sell,2.428595601,320471.739765957,7.578189586306806e-06,raydium_cpmm
3njuKKDPkodvy62gWoVPUY6AF8GHrauf4HdgZBaSfpqVyWEKd96gWpE1F8EhFWz9tVa1wsRvX9yWZkXZ6sEAwKVB,1787075357,2026-08-18T17:49:17Z,8JS3bkVtpQ2b1eTBtsadyQ7TkE7yxfdb8CpDa9zqwAe2,sell,0.139474637,17531.585176825,7.955620418418953e-06,raydium_cpmm
3LXLge2GCk9L22htkQgEKrMbr99U25XnheF1Erogmy86KDcQ5aAZDKzVmwKxLvFLL7SZiR4aUAnfREXF76CAt96R,1787075357,2026-08-18T17:49:17Z,9Nc7QXztAZyyhrza7PMyBLL61YsL7NXbRRkHNcU3Vx7i,sell,4.454890958,591379.6580634993,7.533047336439931e-06,raydium_cpmm
4ZNZiY3YDcQJgTPMvxGMpXkgB1XGoToZP8uaPneGB4BsvnYfYqtB5R65bBKK1fHSdp46iw1Hu46agRA23uBN5EV,1787075357,2026-08-18T17:49:17Z,9Nc7QXztAZyyhrza7PMyBLL61YsL7NXbRRkHNcU3Vx7i,sell,6.023223419,798362.5383857237,7.544471501855362e-06,raydium_cpmm
5HVbj9pfigz82Dy1zrFSwm9FDcUh3KVmVyWWhXwYvNXyEqtvrq1xabgTMZHrHQ1sb4HcjGW58XjFsHgXLPdeRrVy,1787075357,2026-08-18T17:49:17Z,Act5xzJ7DhXrdNKbRw1yTzQUmT4hYtAPgFKTP5WzPBva,sell,0.603988901,80187.53725010704,7.532204151826521e-06,raydium_cpmm
65zMeBYBrCoNcsUyFEprn9JvUrMyJKDdZzukws2BuCqhKEEqMRLhbbMpUuhkkhnijBF7m6rDFaS7pLYzxKnUwX7w,1787075357,2026-08-18T17:49:17Z,CASStbiKKzQrFvs835DagrLid7saGriDUHv39Mr8SRUG,sell,8.941570239999999,1195684.0243767966,7.478204992042477e-06,raydium_cpmm
2zv3fW1Y2Cjjii6BPKwBJQghreA1gsYjMKkgLHVrBJJipV3fioKcNjcpAjLudG2ujbRQshhUANdYiyzsk6iSASYY,1787075357,2026-08-18T17:49:17Z,EyVaGh2eyp6zFPWLAiXx8wzEjn98VktPaANra78vkAKm,sell,2.351629295,311420.56472703395,7.551297381601141e-06,raydium_cpmm
5fVU6bPGBEEyGwkpvSoX5URmW9pZ9a3pMH4RpR4RvGYX5YSuYWKCBzJy2AJ9RdYC3nNhAEJFkUjcMf7jzMFRXjjg,1787075357,2026-08-18T17:49:17Z,FCgDhFHrwS5M6LQrKt1TJ21YpF1t8Dx4KxNytbMT2KVN,sell,0.145527678,18282.82337090801,7.959803310880666e-06,raydium_cpmm
4WA5GvXe7LXQNEWHktkpkgBHNvWzeLNseigahqvAtXySXoHZ7B3iBGMttUEdzYz27kW4C3zbcESGxajj2w3e4LQc,1787075357,2026-08-18T17:49:17Z,GG33KgzDhbsCLzxwVpzJ5Pt2ubP5FyfDk8beZ8hXkwvB,sell,0.12851283500000002,16184.553082661005,7.940462386797672e-06,raydium_cpmm
3CfPCqj1LYs8ZRwHVBx8XUZ4xaHC8bvD9noVDSr6JEAde49uxjA2ttSHi8drsEAe4JhYpuKWhES3fEdyfRQKKLcZ,1787075357,2026-08-18T17:49:17Z,h1jpvLkFT6u81HZH1zWhd4Vrf1qybKTADovXxDLrbtK,sell,0.524940901,71594.31109749398,7.332159398603035e-06,raydium_cpmm
5Dc6tmodMFdUsiZqgsa1jjBTDEc5znnNL3JYtbiEEMYcpzbfyvmKdK6Ti2G2sr6a4SAgKhv8zTApaqp2ahxgRgwy,1787075358,2026-08-18T17:49:18Z,2R9ca7YkK8Ta3Nv1Gn4yhzJQumqpWzxMgN1xSB5J1Hrb,sell,0.432780823,48011.286186315,9.014147659375945e-06,raydium_cpmm
2SdEc5rUUHwvEtXR2KokAnEjZ8EK2T5ijfpRcA4woTbsj6FPHra9pjArY6Kqoybr8JAGESC6Q5o6GXHx5oRhczo,1787075358,2026-08-18T17:49:18Z,2z2q5gk8TDgqCidzkXkyevXH1aDaVjWL8cQwoRbMF1Jq,buy,1.24,135192.890141222,9.172079971843939e-06,raydium_cpmm
44aDZx8okhQ4jZEpVhWTF7ynpr8im95ULph1sf1RMQFDCDaVTX9YtJjNgGYVqp2Ji4sRTJws41adXugH9rbziDSo,1787075358,2026-08-18T17:49:18Z,3DZNVBQxpaowav4Prz5fwyTG8ReNW6aL118Mod8fJxrg,sell,0.630103957,72165.8677641569,8.731329318442118e-06,raydium_cpmm
65bH5RZMPvJzExLw8mwzQHtWTpSGATkUohEhAcA41RXunMcJMXf8xS8WYJ4ZgdtZAN9wCe2CBH2NB2a6JTt4B68Y,1787075358,2026-08-18T17:49:18Z,8JS3bkVtpQ2b1eTBtsadyQ7TkE7yxfdb8CpDa9zqwAe2,sell,0.143210692,15778.426659142991,9.076360723013845e-06,raydium_cpmm
pz4dmsyHnJjY1dp3QhMSuYRB23sXB4MuvbRTuxLA61WicSUSJDxBAVQu7hPuFroCCPRrT3VbBkx2PvA5MkbqPQv,1787075358,2026-08-18T17:49:18Z,8JS3bkVtpQ2b1eTBtsadyQ7TkE7yxfdb8CpDa9zqwAe2,sell,0.14910916500000002,17531.585176825,8.505173006095729e-06,raydium_cpmm
4o6AjwP76kFv31Kth2s2AK62qCQwwLwj8oBBRXqCgU4A6cy8mTye5fZo5SA4KafZiAyNjX4W5GQ6s8diRQaJEW7T,1787075358,2026-08-18T17:49:18Z,FCgDhFHrwS5M6LQrKt1TJ21YpF1t8Dx4KxNytbMT2KVN,sell,0.149424247,16454.54103381699,9.081034025373712e-06,raydium_cpmm
5eiNJbVVDnpXAejhoi9o4XN8TsP213VnsRZZAoahvwHmjcxeWNJMvuegpoR6jszs8yqrw84SHeV4LLQ77691JKRj,1787075358,2026-08-18T17:49:18Z,FCgDhFHrwS5M6LQrKt1TJ21YpF1t8Dx4KxNytbMT2KVN,sell,0.155571881,18282.82337090801,8.509182517594577e-06,raydium_cpmm
3qSpSSz6PxwTQNSvyuHFKzbb3xnVw2zVAgvpXUvpsHpQShaCfFnjVfCXZdtb4DpS4JUkMshQjLXVo77pazyokMbr,1787075358,2026-08-18T17:49:18Z,GG33KgzDhbsCLzxwVpzJ5Pt2ubP5FyfDk8beZ8hXkwvB,sell,0.137488531,16184.553082661005,8.495046498830762e-06,raydium_cpmm
4EBU45YCiUVG5cUDF3kAbeTn2U2TgTK7168c6E6KrYGGoSJs47ejjxaRDDWzxEZvr3JXvKGQdWBcaNuBmnNiV1tr,1787075358,2026-08-18T17:49:18Z,GG33KgzDhbsCLzxwVpzJ5Pt2ubP5FyfDk8beZ8hXkwvB,sell,0.131962562,14566.097774395006,9.059568598528166e-06,raydium_cpmm
fnug46h7K5be2S5ufa3Jm8TbtkmzwGHfpFTqnTzPif7E4z1gh74hDwZ5nepD3vfa41Z8C2CTUsUcjWTQYp7mRbF,1787075358,2026-08-18T17:49:18Z,h1jpvLkFT6u81HZH1zWhd4Vrf1qybKTADovXxDLrbtK,sell,0.595476417,64434.87998774508,9.241522869496367e-06,raydium_cpmm
3gi89fEDJeY1XA3UbMXu1uQjFVdZq87bmvQNE7ngBuqb9DpRmUgsf6thCNAqkHPKNuH6pAAKanMc1J1amVhgbWPu,1787075359,2026-08-18T17:49:19Z,3DZNVBQxpaowav4Prz5fwyTG8ReNW6aL118Mod8fJxrg,sell,0.614493501,64949.28098774108,9.461128616896979e-06,raydium_cpmm
2C836mbisSmmLKuhw8p5DUYXFHm9nn2DfREgaFCBoN6xtTwncLotVKDbKHM8WSkwJ1cHtV1RCT6bSgoK33NkpNZe,1787075359,2026-08-18T17:49:19Z,3KEdzpSYJ7sXfHKpVhSF2Qj6ZAjd3Q3dugFCZ4umWvkR,sell,0.276738832,29277.809324376052,9.452170035467559e-06,raydium_cpmm
4uXvJixGBDhgbZ5P1ABkoiUPFKfxn3Ggu5PSm3rEndKUqaUTx6YqnWMDXZmo9TewAs4UpApuQoYmUPdybTgWgFFW,1787075359,2026-08-18T17:49:19Z,3KEdzpSYJ7sXfHKpVhSF2Qj6ZAjd3Q3dugFCZ4umWvkR,sell,0.270139005,29277.809324375936,9.226749242303773e-06,raydium_cpmm
5yTSsjNy4iFHgb473F1wNyvAdoAq76VKq5sB4SXBFGqmtQdUvpXkTyVEDttEK7wmnzYsQooGSy4BYFKf4HFoRGPE,1787075359,2026-08-18T17:49:19Z,3KEdzpSYJ7sXfHKpVhSF2Qj6ZAjd3Q3dugFCZ4umWvkR,sell,0.287694958,30286.344599541044,9.499164121785754e-06,raydium_cpmm
4qE7DRkK2Frv2F76U2fgwWLsC59X2mxycogLHJnew436SZ4FEu13LgrXzbaGXyiKu3K43fgTZCM759DN5s2YbnnZ,1787075359,2026-08-18T17:49:19Z,7RyLnk9AfBaWKD56fqDHt9hYHcLTtpZ5sVH4NcwNJ7gj,sell,11.272550991000001,1174860.090589759,9.594802888692373e-06,raydium_cpmm
2MEVNLXvXTuDmR6ipBcs9sbdR3GXrmr1QSGhfHVTnSv1hu8f5roRBbjw7uT3BCBjLzdEP8ZC1GA96CNETvRug1Ld,1787075359,2026-08-18T17:49:19Z,8JS3bkVtpQ2b1eTBtsadyQ7TkE7yxfdb8CpDa9zqwAe2,sell,0.115457371,12447.425475545999,9.27560251128441e-06,raydium_cpmm
3rddFNTSh1BKZDrS4ffYpMYBNn5tEpivmJhZoW6e3bxbqSyaL78axVkjmCxViQZi1ho7FmUbZshrTruCF9kreap4,1787075359,2026-08-18T17:49:19Z,8JS3bkVtpQ2b1eTBtsadyQ7TkE7yxfdb8CpDa9zqwAe2,sell,0.088757163,9642.371847254006,9.20490978838123e-06,raydium_cpmm
45X8F18WFCQNCDjEFyMLYV8D4zNLbyQePvwgwtSavAYjBsSEjrg3YoehFMbUUqKRWxDvPFqr9dG5zAvnkT7ZNvei,1787075359,2026-08-18T17:49:19Z,8JS3bkVtpQ2b1eTBtsadyQ7TkE7yxfdb8CpDa9zqwAe2,sell,0.086764507,9642.371847253991,8.998253580596904e-06,raydium_cpmm
ri2NDYtbpF2yD7zKeRKqHFYve2wd5as2gRoLCrFAQ8wY5R7LBzqRJqP24xjokDRYF8h9G8T6UWJYU4FBPDNVPUa,1787075359,2026-08-18T17:49:19Z,8JS3bkVtpQ2b1eTBtsadyQ7TkE7yxfdb8CpDa9zqwAe2,sell,0.13168934200000001,14025.268141460008,9.389434887930161e-06,raydium_cpmm
zQ9nDBSwfDsFAQaQi4rx8oxgRGQzGKksPAFwyYQqXBGbVCaDpUmMFhUKQxkMz85YN6qQWzD6V7udKZdLaxpq2ne,1787075359,2026-08-18T17:49:19Z,8JS3bkVtpQ2b1eTBtsadyQ7TkE7yxfdb8CpDa9zqwAe2,sell,0.13050776,14025.268141459994,9.305188227682218e-06,raydium_cpmm
2wY7FmU13nQhEAv23EPhxMj466AHYMswDSVtusaM87r6aAp8Yf6n1YCFHzaXQcnuVw3Gz3wzPp23F6AD2kPJV9wu,1787075359,2026-08-18T17:49:19Z,93u5BsWsPxuLRzcDqwecZV9TiXEV7qNavef6fscPnSb5,buy,0.032280257,3309.7845342950022,9.752978378357137e-06,raydium_cpmm
NtA2p5FTthg8KBAsUHitXxRMQ6CqV7nn3Lmad9gaJX248KaVbt5AqcM2VBMwJHz2SWrmcQukB9xGJaGagpdt53h,1787075359,2026-08-18T17:49:19Z,93u5BsWsPxuLRzcDqwecZV9TiXEV7qNavef6fscPnSb5,buy,0.030865285,3165.236947641999,9.75133473751267e-06,raydium_cpmm
4okvXvQw6nEqKk8WpyowWJmLH7NE2Pnae4REsv3oNzDeaBCCQdUj7ebZQmSDZ6WwtQpTooRQTA3q2MeT1wxSPoMn,1787075359,2026-08-18T17:49:19Z,9Nc7QXztAZyyhrza7PMyBLL61YsL7NXbRRkHNcU3Vx7i,sell,4.2865484170000006,452405.43841857696,9.475015225245762e-06,raydium_cpmm
WafJPscUCqYYb9uPrtsQbSXB1kgruWw2VroUB4ABeHQvSEzf5XoSJU4msBzGY3etx1snZTYQcQwExAHoZuWzigo,1787075359,2026-08-18T17:49:19Z,9Nc7QXztAZyyhrza7PMyBLL61YsL7NXbRRkHNcU3Vx7i,sell,3.215369468,339304.07881393237,9.476365504474955e-06,raydium_cpmm
gbaq1YoqxfxDLW7cucfUngoq8AEiyVeQo4CNGowJ15kbEXPr2Kn9p4w6fJMyKQwkBQm9AXTUfSNqhxkXf5wrved,1787075359,2026-08-18T17:49:19Z,9Nc7QXztAZyyhrza7PMyBLL61YsL7NXbRRkHNcU3Vx7i,sell,6.4301609740000005,678608.1576278647,9.47551381710058e-06,raydium_cpmm
2vCmH4YoHq1ZU1zNGLjx3ASSJ7BvTFBsGXdRMbjZqGYzVrfa1EDhzjyCkwSsUvcNCSnPf6GDYMGUVKcrSbSyn2Wm,1787075359,2026-08-18T17:49:19Z,Act5xzJ7DhXrdNKbRw1yTzQUmT4hYtAPgFKTP5WzPBva,sell,0.320923804,33758.74532919703,9.506390147812798e-06,raydium_cpmm
38g6sRQVu3ULeTrPv8Fpnr8rAyPMeQT2x41qi4qJheRUhRiRWw4VG4CzoH5yBBzcCH38KxJeVey23rKSLesDGGHu,1787075359,2026-08-18T17:49:19Z,Act5xzJ7DhXrdNKbRw1yTzQUmT4hYtAPgFKTP5WzPBva,sell,0.30134141,32634.579109733924,9.233807152429883e-06,raydium_cpmm
iEb24tpzH8AqR7iMNQiqVfyDbB7JVu7eqyAoBqptQmdgbZ2nPQL8KASuqGLyNEb5TkhR5xYQuyoQvYxAHFDuFc6,1787075359,2026-08-18T17:49:19Z,Act5xzJ7DhXrdNKbRw1yTzQUmT4hYtAPgFKTP5WzPBva,sell,0.308462393,32634.57910973404,9.452010763270231e-06,raydium_cpmm
4eKaNoRh6v2q5QMDkGY8JXxhg6GAtPifnFDyvuhtWyZnBGQpSZXmA1NBjcXfbJEpTCLRizyfRPjGjdqFCKw8a3ws,1787075359,2026-08-18T17:49:19Z,Ahekwy9V7q2tmqJdTX92TAtEHM4pafQbsfc5oLakbZs1,sell,0.307698936,32660.505516067962,9.421132071841987e-06,raydium_cpmm
w5cvtfZ7Yg5SjoV2zFdNacNeRYSnu5yXvUYHY784qX8GgTHYdRYqSq8SjFz5oyj3mf9FdXnKoW5Hz4mrxx55o5j,1787075359,2026-08-18T17:49:19Z,C7PNbARVAHeskaefdcu7fy21dCN3qNANKuT6Cka2av4L,sell,0.257492261,27376.042900114,9.405751661754144e-06,raydium_cpmm
2g9oVtUYjy1f6JZ19CfXP8HRWEiKftcHmXd6feL14faHmwfvsVZgLuPiLYajg2hVUp3biX128SB8FyDgp87ow8jq,1787075359,2026-08-18T17:49:19Z,FCgDhFHrwS5M6LQrKt1TJ21YpF1t8Dx4KxNytbMT2KVN,sell,0.13741424300000002,14626.258696726,9.395037093850895e-06,raydium_cpmm
3WjGMPSDNex3Q4GiQdeFsD7WtUqT8NWuNn1z8K2uxWcsJHYkjFyfsqpsvDGkoBod54YFwH2Gy32QyMbCb2hKsFSp,1787075359,2026-08-18T17:49:19Z,FCgDhFHrwS5M6LQrKt1TJ21YpF1t8Dx4KxNytbMT2KVN,sell,0.12049235400000001,12980.804593344,9.282348650543844e-06,raydium_cpmm
3ZDTu7w6rXbFrXEi8inRtguwPohZZsDiBFu5rg5oSYDAosQhu2cYXNVV3KaopH6KhoNmzkvHuG97CidBW285do7w,1787075359,2026-08-18T17:49:19Z,FCgDhFHrwS5M6LQrKt1TJ21YpF1t8Dx4KxNytbMT2KVN,sell,0.10649573200000001,11518.178723671997,9.245882926016028e-06,raydium_cpmm
4N6F4FASHt5CwrAw5hGgzWxnoXJF7uF6ti7qsvr1psG9jYE9Apug6X9MfSAh9zNY7fEBzYfuwmv1gBk9awVV454B,1787075359,2026-08-18T17:49:19Z,FCgDhFHrwS5M6LQrKt1TJ21YpF1t8Dx4KxNytbMT2KVN,sell,0.09060087300000001,10055.552853999005,9.010033989724279e-06,raydium_cpmm
ED3wXbR54pzNGLCJ9RY4MbUjnWw7Mx62upY9pD2rzNBMShdkLdMyKDK2H5UWteEjYACHeZsDsNqWMqzM9icjwAC,1787075359,2026-08-18T17:49:19Z,FCgDhFHrwS5M6LQrKt1TJ21YpF1t8Dx4KxNytbMT2KVN,sell,0.13623208,14626.258696726,9.314212391887663e-06,raydium_cpmm
23YiYwpPRSobQkgvTUY6vJ9WHgji24Ecd8L4bRBgx55iJ8mmcYuzVMixYgWbssZqybv2eHDggg7Yd6aRt4o2QTMo,1787075359,2026-08-18T17:49:19Z,GEPiePuVYQcbShk7ACa2YASeLuRHqvcSZpS89keWZecG,buy,0.036682752,3763.594234901997,9.74673402882264e-06,raydium_cpmm
3TkTGiZhoibv1bY2xUbNDHm4pTDH5QEmzJGECtQ8fRTiYcHkUj9JWYcFuPB4ffvMkGZc3jSufM9Hd1SqR17nWHjf,1787075359,2026-08-18T17:49:19Z,GEPiePuVYQcbShk7ACa2YASeLuRHqvcSZpS89keWZecG,buy,0.035554189,3646.672118981005,9.749763027758843e-06,raydium_cpmm
2iv2dAUhoKexbz71Qay6ZhF45EqtwRrsFrTi9M14NsDcZkbKTwTa6VJJ1hupL2Q35e6mf25vom4borjSZSGeupL9,1787075359,2026-08-18T17:49:19Z,GG33KgzDhbsCLzxwVpzJ5Pt2ubP5FyfDk8beZ8hXkwvB,sell,0.120267448,12947.642466128993,9.288752629262e-06,raydium_cpmm
35DJSZK8uUBJx56ryh5Eta7oFbtvghvT81uGCFzChM7vvg42i5fgG7pzLKta7sG2swkoGkwBvt3cJGzfeJ6wp1ij,1787075359,2026-08-18T17:49:19Z,GG33KgzDhbsCLzxwVpzJ5Pt2ubP5FyfDk8beZ8hXkwvB,sell,0.121399954,12947.642466129008,9.376220753514155e-06,raydium_cpmm
4dNQpKdJDabPnVWDSfeBkBAQTFTG85Jt4jKUY7Emhob5hw83Lphi1VLaaZqgPwg4KphkNMsZesTbPUEeg1GJx4hB,1787075359,2026-08-18T17:49:19Z,GG33KgzDhbsCLzxwVpzJ5Pt2ubP5FyfDk8beZ8hXkwvB,sell,0.079896463,8901.504195464004,8.975613699167086e-06,raydium_cpmm
QX2EBGDVXmg3wFDB2bzke5jewPx6CVmAQFweV1VfUiVvkCY7BppQVc1wG6QjBhewKARykWRMUNTVYuqwqUbMNNs,1787075359,2026-08-18T17:49:19Z,GG33KgzDhbsCLzxwVpzJ5Pt2ubP5FyfDk8beZ8hXkwvB,sell,0.106360198,11491.032688688996,9.255930331195896e-06,raydium_cpmm
QchTTfzbcdpjaivjgSf22ibhLo2peWYDn4ZZP38aSBZ2mceFVbw8NKmz87vfsrsWePcJbCf5RxC87QrphmhYXBw,1787075359,2026-08-18T17:49:19Z,GG33KgzDhbsCLzxwVpzJ5Pt2ubP5FyfDk8beZ8hXkwvB,sell,0.094011304,10196.268442076995,9.22016760681222e-06,raydium_cpmm
4hyZs36AzRbCGpWjCGm39yEu9t7etCGWTjQNme9JdCGRQif3qbksERVtMF7Z5obemZWkf74wufMPGAJuCr3UVNTZ,1787075359,2026-08-18T17:49:19Z,JAGPLMkgPWRxFJekMU8DRHRurw968GGYHRMEKUWheYcD,sell,0.303056029,32157.829068875988,9.424020146102255e-06,raydium_cpmm
5L95akYUiSuL3i5VYAG5fXnYLsyTU1Ce2KhKs3V25i3QspPcDLXseWZBnphg6M8cwx7CCMm1PBMwf8DYaHfBjySD,1787075360,2026-08-18T17:49:20Z,2zXpLvhzH3BTAoaNpDRQPUKZqPZiQdDqc29d8wdr4UNz,sell,2.496274305,272743.0962818861,9.152474761157821e-06,raydium_cpmm
22c1e2KCAaRrAAnfVeTvN7FBGqnJhSuBKppLjJLHcurpv4EkzfBTCTFfYEYtPpYtjg7kes6RWK9SziUpV8DkKvXA,1787075360,2026-08-18T17:49:20Z,3KEdzpSYJ7sXfHKpVhSF2Qj6ZAjd3Q3dugFCZ4umWvkR,sell,0.25859781299999995,29277.809324376052,8.832553355851566e-06,raydium_cpmm
s8ZRZVLb9YSNYTjMtTPPYj3KsAe8FFJypYKUJpXZg9xTD4XTNvo7UQvHvhf9oyqwyv72aKQ2G6r4HFGVNmg36u6,1787075360,2026-08-18T17:49:20Z,4AXv1nmDRxosiz2Zr5bn4veEg63Ty32TParXHnTpQhzG,sell,2.361387494,258858.96451280918,9.12229367232577e-06,raydium_cpmm
67awavg5vi3VSvVqTsvvPJubSBdd2YavQeDPofKAeoWPGo1SbqitRsSprFnU6cFdkccBwyNng78F2sBWkn4u4bgR,1787075360,2026-08-18T17:49:20Z,5ZJYjAUVMLAJGccsEMV5SNjgnBHduumHyMjjHUtSubkG,sell,2.649029618,288424.565789361,9.184479868246068e-06,raydium_cpmm
2oZA1A3bBoEsU1qdb7w29g2gzpfPppaQYjqYhqiAr4hmbj5oAXUEindUSuYLJQTSiLgPdW27D22JNiLv9y5iW786,1787075360,2026-08-18T17:49:20Z,8JS3bkVtpQ2b1eTBtsadyQ7TkE7yxfdb8CpDa9zqwAe2,sell,0.073913632,8397.629299699001,8.801725982671004e-06,raydium_cpmm
2ojkCawwRjVn4i9Fuu5zm692XdjXy9CzGYxvH8KUg3rWuJquReDE9rMFeL5ydCcxdszBM3j75vSZmfutbcuqXWTU,1787075360,2026-08-18T17:49:20Z,9Nc7QXztAZyyhrza7PMyBLL61YsL7NXbRRkHNcU3Vx7i,sell,4.687064662,508956.1182208988,9.209172449648605e-06,raydium_cpmm
3Em78eWgMyp3RpbXFEHwXGMsbS7HTj7fRXoRBbJmkmroqEq728uBviJVCXUDH7wkrWepTizVit9Sq3L6A7ZxQg7h,1787075360,2026-08-18T17:49:20Z,9Nc7QXztAZyyhrza7PMyBLL61YsL7NXbRRkHNcU3Vx7i,sell,4.581798304,508956.118220899,9.002344485053211e-06,raydium_cpmm
3jCnwt21U32FWSkE7mdTgqf7BtC3i11iF263fjKSjKpyymRu3nwjHXXj79qednBYiVKRucwws1YCkb4X6Qos3HFf,1787075360,2026-08-18T17:49:20Z,9Nc7QXztAZyyhrza7PMyBLL61YsL7NXbRRkHNcU3Vx7i,sell,1.239843163,152686.83546626987,8.120170669683532e-06,raydium_cpmm
4F4sJ9UmRLKPv9RF1PaPEa1qCxuXHzMR49YTfCP8tmt3KP3TpksiBfVRB2p16ZJvJK7hJ1qzT2pWvR9CFKMXLo8T,1787075360,2026-08-18T17:49:20Z,9Nc7QXztAZyyhrza7PMyBLL61YsL7NXbRRkHNcU3Vx7i,sell,4.48212273,508956.118220899,8.806501326023265e-06,raydium_cpmm
2g2tFHm6VgeqSuF8suKepGpAAQZHJdzhHZwC1JAuckoBNryCjeokVhS6v4k8zhEsRRfqFSq3WzUW3N1j4mKNdgkP,1787075360,2026-08-18T17:49:20Z,A1igHDVAzKcGUAbVMFV8HrCCSUfcs5YzVfW3i9895pdW,sell,4.804450777,579996.7079863083,8.28358283908297e-06,raydium_cpmm
4mWxD9Cp9cesT98rkuF5SwckVgh2VxmwmX8qtMSXyA5QitVzxfGB11YjNqARtzQ2532F3zC9PA5itWK4TwN9Lf3h,1787075360,2026-08-18T17:49:20Z,Act5xzJ7DhXrdNKbRw1yTzQUmT4hYtAPgFKTP5WzPBva,sell,0.28846967599999995,32634.57910973404,8.83938705107911e-06,raydium_cpmm
3rLWxFhHpvjHVNHiB6KX2rzvBSWMb5eqkFu95FZNBzg5bW9oxYLK8syS8FEpzfbT1uoB2v9tjniCgFyYf3ugmmVr,1787075360,2026-08-18T17:49:20Z,Ebux1vXaJYiugKxnBNgQbsBjbjjFK1K2k1zXjkD3tqDk,sell,4.616165818,561019.913508093,8.228167497896507e-06,raydium_cpmm
2TNXPjJ8Cj7naF6rhZNwh4RU37WB6iLxX8X9ug8K7mBHtwvWYUivuSzgGieBvf3BX6sN7KFvh1G2zivGRuogPb3r,1787075360,2026-08-18T17:49:20Z,EyVaGh2eyp6zFPWLAiXx8wzEjn98VktPaANra78vkAKm,sell,2.548479851,280278.50825433014,9.092669526724682e-06,raydium_cpmm
MGzCtUPagFXndNa1SRfsFBYYiT5LzmyifxKopeFycPmjoe7hSq89pzEzzeNm6ccFGbNB9br43AradNp1zsvFB86,1787075360,2026-08-18T17:49:20Z,FCgDhFHrwS5M6LQrKt1TJ21YpF1t8Dx4KxNytbMT2KVN,sell,0.07719637400000001,8757.472394664997,8.814914911639072e-06,raydium_cpmm
2TJbUGypLNJvE159DjTJqtiSZe5XyjihhLov5jGetmVTPB2TX7eEEERSr4MPGxYswoHEugNuXGsmTjegcZysFQ9n,1787075360,2026-08-18T17:49:20Z,GG33KgzDhbsCLzxwVpzJ5Pt2ubP5FyfDk8beZ8hXkwvB,sell,0.06805697100000001,7752.400926595001,8.778824991690917e-06,raydium_cpmm
Yb3MGyWFMhyu67zdALt5XRKabWTqTW5do1B7Ux9FNePsi3hXbGwV9FtLMCMdBNojMZWsVhg9e6CjXkKKBsi2Dq5,1787075360,2026-08-18T17:49:20Z,GpNHGPQXQEnrrbL8paxGdEWrNEvdFcZFVtC6ztMoYuYo,sell,4.827744689,578862.4655683059,8.340054807769058e-06,raydium_cpmm
5fNbKcGrazzMH7RF5zTYiPEprv8zb6ffQMseS9oXg4R7sRGn85QYndWrgdiygtG5kXBdjTzRqW7iikupUnvdjtUC,1787075360,2026-08-18T17:49:20Z,ZZGtLggQHdZ2LgkDtnbJ1eVQMYLpQN7H1fjCGZAw8G1,sell,4.688557803,558448.8755603493,8.395679547739238e-06,raydium_cpmm
5PVja1wyieHjoyVeX1DioHda8iiCP1P4C2zzWgt9M7ShEvUa9EaNeiD6aDSYJFHtKCQdAMCVieoGHV7cE92Ab3SM,1787075360,2026-08-18T17:49:20Z,h1jpvLkFT6u81HZH1zWhd4Vrf1qybKTADovXxDLrbtK,sell,0.513579878,57991.39198896993,8.856139857751368e-06,raydium_cpmm
PHYazTAYtwdcrqMynfwoVHLGhEcuSrHHwTJUUSokcSqZdMC1hhwMCWF18dspMx8pxRNK8gC8UoR7hxCBiwrmd5T,1787075361,2026-08-18T17:49:21Z,2R9ca7YkK8Ta3Nv1Gn4yhzJQumqpWzxMgN1xSB5J1Hrb,sell,0.345847358,43210.157567684015,8.003843944754604e-06,raydium_cpmm
fPWECYKzurWjYgmXje7bz3FufF6gwKdv9mzG7NMsU957bANmb8itexuv5tDrrQNj7ozs1mF6QKNnvtAKmXRk5oJ,1787075361,2026-08-18T17:49:21Z,2R9ca7YkK8Ta3Nv1Gn4yhzJQumqpWzxMgN1xSB5J1Hrb,sell,0.319894059,38889.141810915025,8.225793733257833e-06,raydium_cpmm
UegasmvXPxSkUSzux4ahGUe3ZwfnRdZzrNENyYTndp2tvG4ZgUFQxSYNc3y8Eu1ySS95Ez5U1QUqk1Xit4m1MFm,1787075361,2026-08-18T17:49:21Z,2pUUZYtokRgDV2YzL6M5pjb1jyoHE367yU1sdQ7ac3ea,sell,2.603934598,321072.6017909921,8.11011149339699e-06,raydium_cpmm
2FRSue6nMCNaEcHtjPpWRquQt5qTkvNsNrW9kFg38RuwogyuZohEEv2tCUM2LdoWNPEyrKx5JDSA9pCKehRGbNFe,1787075361,2026-08-18T17:49:21Z,8JS3bkVtpQ2b1eTBtsadyQ7TkE7yxfdb8CpDa9zqwAe2,sell,0.44822372,56293.92000279,7.962204798986915e-06,raydium_cpmm
67ZVpPCunFApHt32kc88sAsaMWgBVhLrEXG85z5Uv8vorwo3PGB39dZSyypob8iCMGmRL1mdGqw9xgGLNdxgscgm,1787075361,2026-08-18T17:49:21Z,9Nc7QXztAZyyhrza7PMyBLL61YsL7NXbRRkHNcU3Vx7i,sell,1.122475607,137418.15191964316,8.168321224814465e-06,raydium_cpmm
3ZDMWwL2Wc812mpAgZkY6nqwU4gMz3Gkd2A24ierihuZnyvMBo4yoxjAsPV4KaPjPijt4zw4LpkmF8cGRdHjYUfj,1787075361,2026-08-18T17:49:21Z,FCgDhFHrwS5M6LQrKt1TJ21YpF1t8Dx4KxNytbMT2KVN,sell,0.45612591599999996,57243.519974317,7.968166810927182e-06,raydium_cpmm
2wWGbkqZNtrVsJbfeCT2krjFsbn4QXpm6jeAdRFjinpPH2dpz83CVg2YdSdcM1rsgZxqUZX8Qp44ft9unXNvK7yy,1787075361,2026-08-18T17:49:21Z,GG33KgzDhbsCLzxwVpzJ5Pt2ubP5FyfDk8beZ8hXkwvB,sell,0.403742557,50673.835701816,7.967475747756174e-06,raydium_cpmm
3JNi9nH32xqBNeSR89Z7HzA7AmPNxeqXngaM2FxBaD3X81wY61QviYCrFYvjEHZLi4fCPVxyCBoSFP64VJ9ZjCaj,1787075362,2026-08-18T17:49:22Z,2R9ca7YkK8Ta3Nv1Gn4yhzJQumqpWzxMgN1xSB5J1Hrb,sell,0.30564916599999997,35000.22762982396,8.732776518846237e-06,raydium_cpmm
5ij2ZCDVWhoHLCXKYpudUHiGcKxfBgfrQR2mXnGY9aXKrqsvRkJLiQ1JjZCxwRyLWGjL6bBq1wrrWa6gjWxtkir,1787075362,2026-08-18T17:49:22Z,2zXpLvhzH3BTAoaNpDRQPUKZqPZiQdDqc29d8wdr4UNz,sell,2.1064605259999998,245468.78665369796,8.581378328038703e-06,raydium_cpmm
22CVeUdApELraGBoQ5rRqYe1cBZhfa13o4mxFczQHaNjceMrsgRLT7SFqK81cqj3GjTXQgkCy1A7vovXLtDqppQW,1787075362,2026-08-18T17:49:22Z,3DZNVBQxpaowav4Prz5fwyTG8ReNW6aL118Mod8fJxrg,sell,0.499628513,58454.35288896598,8.547327757593077e-06,raydium_cpmm
25qL5ttSkKJmZUzAsdZeQJzPsnRmwoFeeydLTcbc553caZbvsVBAFmCKYguHakPnTapiLM6x5dLxck4FyuW4yaQT,1787075362,2026-08-18T17:49:22Z,4AXv1nmDRxosiz2Zr5bn4veEg63Ty32TParXHnTpQhzG,sell,1.993460748,232973.06806152803,8.556614567455188e-06,raydium_cpmm
4vE1Z3NVUHt5ri6YfxFXUVNETFscf4ktJXsFFBPpgo5G1aW6nGNu1M3ARrJuWxvfS8EbGtfLpoHoWrAsQkxurEtP,1787075362,2026-08-18T17:49:22Z,5ZJYjAUVMLAJGccsEMV5SNjgnBHduumHyMjjHUtSubkG,sell,2.2343834699999996,259582.10921042506,8.60761736159845e-06,raydium_cpmm
5tEDtpV5UFLsV5yUDStS2DwRWFEvzhmb2JthjnrhCiZrhV3qG2eUVXcWh4fNWwH1XmHv9CoZBUzFJVmEed2RkqDx,1787075362,2026-08-18T17:49:22Z,9Nc7QXztAZyyhrza7PMyBLL61YsL7NXbRRkHNcU3Vx7i,sell,1.1672480109999999,137418.15191964293,8.494132650558156e-06,raydium_cpmm
3nGuPg4YdNWijtzBKuWMk9UUAvfhx86b14iXpdVDKSk8bZoMBePtKMojU8H9rArP1Eep2YdjBCiVX5SFFaaRTmsH,1787075362,2026-08-18T17:49:22Z,EyVaGh2eyp6zFPWLAiXx8wzEjn98VktPaANra78vkAKm,sell,2.152337174,252250.657428897,8.532533456752986e-06,raydium_cpmm
SJPaRfQcmbsky65yBZLcmLEnCS1HfYjb1urvBMMFYu7CbxAduush484AY3g82Za6HwUnRuHagqAAV7zLkNEJpM5,1787075362,2026-08-18T17:49:22Z,h1jpvLkFT6u81HZH1zWhd4Vrf1qybKTADovXxDLrbtK,sell,0.22615505700000002,26096.12639503699,8.666230902491744e-06,raydium_cpmm
kVzbr1114YPk9LCZ2c4Zumq5TCQ4UE7TaRCH5RTC7sSAj58PEhZvmSjMSivdb7vWdYK9A7piKiHkzEaov5F1HU5,1787075363,2026-08-18T17:49:23Z,2z2q5gk8TDgqCidzkXkyevXH1aDaVjWL8cQwoRbMF1Jq,buy,0.006,670.5432931680116,8.947968104568959e-06,raydium_cpmm
4GdM4NfazKxUGHpugznTjWD3Z9efznyTmHx46W4kpkwH8ZvAPZtrpR3GF98vhgYgpU7Xyvs7UShA1NzAgZQdXiVU,1787075363,2026-08-18T17:49:23Z,2zXpLvhzH3BTAoaNpDRQPUKZqPZiQdDqc29d8wdr4UNz,sell,1.928166208,220921.90798832802,8.727818012968958e-06,raydium_cpmm
2TDRcGzYrtHh54GPWvbH9dVwmjp73vUS4Br1RGabj2kDxQ7NXfmrPwLb8auBwxnMAYHJkivWC22HqK7KK72vuipH,1787075363,2026-08-18T17:49:23Z,3DZNVBQxpaowav4Prz5fwyTG8ReNW6aL118Mod8fJxrg,sell,0.512320762,52608.91760007001,9.738287449565741e-06,raydium_cpmm
441j7JKVhAPXJ4ap5M3shD1uvvMHDzfJKYXE7UPFkv2M3TN84dL9sW9JSpamku2HJhzR5TNgUVUnZJNc2muqbvdP,1787075363,2026-08-18T17:49:23Z,3KEdzpSYJ7sXfHKpVhSF2Qj6ZAjd3Q3dugFCZ4umWvkR,sell,0.237979368,26352.956172870938,9.03046195041253e-06,raydium_cpmm
44Y7ZHk5NexjXnkECBc42p7dvnCxmkzGBnZBuynXAWeA2qHQ6qeyqbfxZTDhtjbeRisGGGRtvgLm7AerNwNmpX84,1787075363,2026-08-18T17:49:23Z,4AXv1nmDRxosiz2Zr5bn4veEg63Ty32TParXHnTpQhzG,sell,1.834667086,209675.76125537488,8.7500199117697e-06,raydium_cpmm
3MSeeDp3aP6Fe4JBrbGSVkfxcoxWm1xaZuMocDBJ8amrg5Ln6pKWNgbuAkxrApUVw2wLwdq1wCVNxddJpSbEj32b,1787075363,2026-08-18T17:49:23Z,5ZJYjAUVMLAJGccsEMV5SNjgnBHduumHyMjjHUtSubkG,sell,2.028044166,233623.898289382,8.680807831945045e-06,raydium_cpmm
5rASxHNknBp9Qx8BsjN9MfHYGpVMHyiXrcnczYdvvZTx1rwvcBDnZKnU8QjQpcNdFCZ1VWNXQfZQGXwQeEbXairg,1787075363,2026-08-18T17:49:23Z,8NZq6z8y5697n1iqAqCHSwAKZeiT4M54JdmQ6rAjCJB1,sell,1.440867792,164472.869488457,8.760519570682887e-06,raydium_cpmm
wmFaSdWaaUgSKLA9obV22nVCReqh1nYV1TpXwTMK9v6MRmtAupVDLzdSHHp38Q8csu2TfNXz6amDGyzRWSqw37S,1787075363,2026-08-18T17:49:23Z,9Nc7QXztAZyyhrza7PMyBLL61YsL7NXbRRkHNcU3Vx7i,sell,0.985913672,109934.52153571404,8.968189957325732e-06,raydium_cpmm
4SVMa8pdZyQTpUw3TLNhyfzbdGdLzMt8kJMhjDjDoC9LzSShrVQcRtiKdMHPsqMDRZuQMUdTfWzTBDB32avLAScU,1787075363,2026-08-18T17:49:23Z,9PDFBkM2JjnLuuEhQVi5oPv5jVJ4wV3LA2PAfLXNijLb,sell,1.311591975,149123.411993188,8.795345797613013e-06,raydium_cpmm
F8KQi5wCY5xcvoT2GPVM7ewEVJ3JaMNzBSo8XLLaEGzeotn3AarACuRymPCvXtvyDBHpP7vC8y67TUGSLUCjPRf,1787075363,2026-08-18T17:49:23Z,A1igHDVAzKcGUAbVMFV8HrCCSUfcs5YzVfW3i9895pdW,sell,4.378478926,492997.20178836165,8.881346405450052e-06,raydium_cpmm
TkF7rzkS4wxRmDgK7tFX3wytFKu6BocU1nwCLGT6LPGRcwwDFgFhhPhEMJNW7o2HbjxQMkrJPWQbPue4bp9ueHu,1787075363,2026-08-18T17:49:23Z,Act5xzJ7DhXrdNKbRw1yTzQUmT4hYtAPgFKTP5WzPBva,sell,0.26528820399999997,29374.384656672017,9.031276981652214e-06,raydium_cpmm
3M6s3VXVUqqdERSWoC7sPG5dNDeQetfwEpmsJUkjKQTo1NC1M2xBztYRJgPxMvzYgayRTZ6tYyPCJwVaKab5ynUP,1787075363,2026-08-18T17:49:23Z,Ebux1vXaJYiugKxnBNgQbsBjbjjFK1K2k1zXjkD3tqDk,sell,4.210231319,476866.92648187885,8.828943852452285e-06,raydium_cpmm
FjZfftCfjTztkGhL4QopZGvy66aMaDyezZdxHmTAfRX7JWL8HoCDL7RDNtypewR5z9uuvZBFSrsRPxshZGuToXG,1787075363,2026-08-18T17:49:23Z,EyVaGh2eyp6zFPWLAiXx8wzEjn98VktPaANra78vkAKm,sell,1.9761655360000001,227025.5916860078,8.704593703837471e-06,raydium_cpmm
36wBqyvW5XzL37qs3ZLMrdXWQZbcCee3o4v4JtYdzTJFrYBNtVr6k5xKzzNukwFLYznXp2YsyAtcVsnQEeUpaELv,1787075363,2026-08-18T17:49:23Z,FAHMvDeWBEBe6fG653ChW7suaLVMQboS3hiaNqpejuBF,sell,1.563164734,178057.014947634,8.77901235432775e-06,raydium_cpmm
2toe8iDRT2tGYXHp7rqXmJ5iP8dc2MYv9PctbXrxmyBASWciGMjwEfVe7XSrj8TofG4eLtZbZFX3m1B7Yj26DAqN,1787075363,2026-08-18T17:49:23Z,GpNHGPQXQEnrrbL8paxGdEWrNEvdFcZFVtC6ztMoYuYo,sell,4.318991788,492033.09573306004,8.777848127401491e-06,raydium_cpmm
5hAktBdKWp5W4ABAJGy8mpAy1Y5RJwRqXowL1FoAGPFAUQMRjqipfaWadMb67Ftp6femd6qjnzLNbotSqRKx81UX,1787075363,2026-08-18T17:49:23Z,ZZGtLggQHdZ2LgkDtnbJ1eVQMYLpQN7H1fjCGZAw8G1,sell,4.142299179,474681.5442262958,8.726480372755413e-06,raydium_cpmm
5WvH3rHB9JJWJSdDY3wEZJRKdB5u3Jz1fuiByvFbU9ENQbFQAbXxxKkUUXNY7H36ro8KEY34Qpgc3Lb5wx5WW6We,1787075364,2026-08-18T17:49:24Z,2DCW6PvdpXwscZVanFmDLB7svT2STkUj2SuXSMR6C29g,buy,2.001,185324.77349171,1.079726127435148e-05,raydium_cpmm
cisK1TEDiQsS6PxbzvfW2TbFAwsipF4hpXg1wWbMh74kxTMAqfHuPcK3FTC9d7xCmUWWLNRMhDUQE22NvLErxKT,1787075364,2026-08-18T17:49:24Z,2T7W5XtariS53AbHY42u8CZzAyrzvNzGpeWcHsARNGkx,sell,3.792662741,356818.489047569,1.062910935787967e-05,raydium_cpmm
3NLaT9kc9UUbSnsGHGHWLmvuSV8Rroqiktz6eBTpbnyM6rR46utxF3nvUtr1nqgu2Tdw3FYAyw4XyFsinyWBtcbk,1787075364,2026-08-18T17:49:24Z,2z2q5gk8TDgqCidzkXkyevXH1aDaVjWL8cQwoRbMF1Jq,sell,1.438618218,135192.89014122201,1.064122689068356e-05,raydium_cpmm
3MvbdjHEb59ucYcD4d2GFW9pRV7u8wAwviTc8nDqdYAcr62zSHWDdpZtwBqdzpf2oCc5ttX9Xwcp5TVeh4UGE3mo,1787075364,2026-08-18T17:49:24Z,3KEdzpSYJ7sXfHKpVhSF2Qj6ZAjd3Q3dugFCZ4umWvkR,sell,0.26845267899999997,25475.402732314076,1.053772071126017e-05,raydium_cpmm
4YrmpZ5D6uA2neSKNxAUC9UJBjxXikaNhigB1broVRui1TK8Xvqd4LBWTdWPmznwznM4UAZQXtSqpC7oMG1oSYmp,1787075364,2026-08-18T17:49:24Z,3XQyz76yGTfdVezAEX32drhFBK6Zdqu5vP1C1ocPXVt2,sell,3.825020881,363033.581195266,1.0536272893560841e-05,raydium_cpmm
33FeXMpiWKxBdDhr64JcgH11taivuv8BSJATqGTXbK3S1KYHBfkpsJqhiPgQPwGwoYD8R1MDmhiVVmBVmDiZ5MJY,1787075364,2026-08-18T17:49:24Z,93u5BsWsPxuLRzcDqwecZV9TiXEV7qNavef6fscPnSb5,buy,0.032174761999999996,2974.0271188229963,1.0818583931653424e-05,raydium_cpmm
mHS8AXPMibf56NGGS29JcBXXSDKg195W9jf6qokhYGZzLLSMx4y5du9XRSidipLUDnEU2ZsSQCiVRWR1eW31uAn,1787075364,2026-08-18T17:49:24Z,93u5BsWsPxuLRzcDqwecZV9TiXEV7qNavef6fscPnSb5,buy,0.036102688,3348.781463995998,1.0780843237504001e-05,raydium_cpmm
ndVvdwHR5LveRCKaXdSibk7dHPqkDavnFGib2k6dYDhEo9tN623JrC42oyKoaE1DeryCdi8XS6eaGxaFUWG9Htc,1787075364,2026-08-18T17:49:24Z,93u5BsWsPxuLRzcDqwecZV9TiXEV7qNavef6fscPnSb5,buy,0.032589687,3034.3939596080018,1.0740097506722594e-05,raydium_cpmm
2mDQS5DtmTSykMwM44RvgsTo7w64g6a1YFgsFR74KNqsYPdQ4RXBz8ycC4cVCn9ysPMYcj8eL3FPgcixiggsf5Hd,1787075364,2026-08-18T17:49:24Z,9Nc7QXztAZyyhrza7PMyBLL61YsL7NXbRRkHNcU3Vx7i,sell,1.009491479,98941.06938214297,1.0202957025873773e-05,raydium_cpmm
2vMqduZ6pW2Kq94nFdHXAC4sbY4XgjhtQKjjKYKUTCFRwFNtfq1wtghgxBi3sGSpidWHmpJjdGfMt587tLXieghe,1787075364,2026-08-18T17:49:24Z,9Nc7QXztAZyyhrza7PMyBLL61YsL7NXbRRkHNcU3Vx7i,sell,0.947215306,89046.962443928,1.0637255668282366e-05,raydium_cpmm
4FQ6Y425YXuqEgn4FE8iB5e7y3Nc1h6PJrHEgS3BvCiW7wm45Mm3ySv1Q5uozkevANgDqg7W377EB79VjAagKV9f,1787075364,2026-08-18T17:49:24Z,9Q7rXKnZr3xDm5jgEARhh9sPMk4pDpXsct1HjaPsQZqi,sell,0.000499532000000002,47.487939168,1.0519134094928556e-05,raydium_cpmm
2iaweS6oPU1WYe9wq22fB3U9DG8JvBEGg8U5PE9twG8y9ECxLfRTjBsxnucFWrwD4JMUk1VqXk2QVveYgX7EaDxq,1787075364,2026-08-18T17:49:24Z,Act5xzJ7DhXrdNKbRw1yTzQUmT4hYtAPgFKTP5WzPBva,sell,0.299452885,28396.217647604994,1.0545520136385368e-05,raydium_cpmm
5X4xnBLHPqpGheiNCpwx7BFwV2Wx7xj9QL1NXyZ1UqbVr4ZFg6aNiLH8SgfD3kxFQzCaJNZmgHnRyTBmqyDq5Bir,1787075364,2026-08-18T17:49:24Z,FDQKtMRyjWHPxyvtuWzqypyn3JXmCtv3CH9tKQpLbtPD,sell,3.225234591,304815.992575858,1.058092314561662e-05,raydium_cpmm
5Ze4tVB5LrLno9u1VswEPEfFMKP9QBxgvV5bvDysNMF7VTbSnTgLAiydNyXZ9MBa9NCnReZQucnMYt8rJ41ZW3JS,1787075364,2026-08-18T17:49:24Z,FMrLCzfeRZLiawdoj7PRiAyo3kwbYWJ7XWQXgxmeHr8w,sell,3.224018436,302049.539203779,1.0673806834795077e-05,raydium_cpmm
2oA5EkakzrqqYSURzku6cx5pm4h34UuQV16mMGPE1vj3ZkEEEDWVGYV9E8HuhNgbDkFNpFsMQAbWuSNDybegQqjU,1787075364,2026-08-18T17:49:24Z,GEPiePuVYQcbShk7ACa2YASeLuRHqvcSZpS89keWZecG,buy,0.033542053,3100.680404029001,1.0817642784601635e-05,raydium_cpmm
3gzSayN2VS95jveypdYrTiFyFk5a1JzSkJED3KPyCio5fZXGX2PEKosJRLmaJx2wMdmHwqeFkziRRjR4hiuVBZ7Z,1787075364,2026-08-18T17:49:24Z,GEPiePuVYQcbShk7ACa2YASeLuRHqvcSZpS89keWZecG,buy,0.031439674,2926.8730435670004,1.0741727957453273e-05,raydium_cpmm
5mdPL4hL8PhHYjR6gXM6SmWNGMHzsD9biZ8vbXVfLuVb726vM9k1NXFv4psAxwuZ3TsAtJXoG7iaoqK5raVP1x8V,1787075364,2026-08-18T17:49:24Z,GEPiePuVYQcbShk7ACa2YASeLuRHqvcSZpS89keWZecG,buy,0.032240709,2989.4354664529965,1.0784882082854933e-05,raydium_cpmm
3UyUaUYd2wyVppdKU1KyyJoqjr4vJN1m9xyBqYrjRzwCG3yad7xiuaYT6oH3iRxJ5BkLxQci6X63mGkdkZJoG1at,1787075364,2026-08-18T17:49:24Z,h1jpvLkFT6u81HZH1zWhd4Vrf1qybKTADovXxDLrbtK,sell,0.26186429,24791.32007528504,1.0562740878855327e-05,raydium_cpmm
4VPLShB3B2RQiEskt3A5BZokWxMuvz28ZPpCUXDa2C4ruCvonABAtpECLBdPJuu6kcrWzSDnRQQkzzFiWus2bZZb,1787075365,2026-08-18T17:49:25Z,2DCW6PvdpXwscZVanFmDLB7svT2STkUj2SuXSMR6C29g,buy,2.001,180787.25036522106,1.1068258386349915e-05,raydium_cpmm
5cGk2S3CummX5HwHgVJdf9ghkRifDEpgoeJdz2G9b53TH8Enu3o3TNQu21LsQJcS714BsodyXwbSJ41z8o7X46Aj,1787075365,2026-08-18T17:49:25Z,2zXpLvhzH3BTAoaNpDRQPUKZqPZiQdDqc29d8wdr4UNz,sell,2.113649356,198829.717189495,1.0630449944188085e-05,raydium_cpmm
2HbLwy2PqmhjdpMRwm3LL9UWw6f1CisHi7xb3ckhb6BdoPXEdpJgnjNbqWu5mey8UncJRjcbdDYvmDvDKCMe1jaF,1787075365,2026-08-18T17:49:25Z,4AXv1nmDRxosiz2Zr5bn4veEg63Ty32TParXHnTpQhzG,sell,2.011126615,188708.18512983806,1.0657336424576771e-05,raydium_cpmm
2ikJNB1x6YaHtyNePg7fyK1kaH2q5GzpKLWcRFhs4wCerbcTaEKCBv4MfsbDxZqtCQGwsWwwkvgpVJs6iZhMsW7D,1787075365,2026-08-18T17:49:25Z,5ZJYjAUVMLAJGccsEMV5SNjgnBHduumHyMjjHUtSubkG,sell,2.253072283,210261.5084604437,1.071557176345412e-05,raydium_cpmm
4QXEqyxHvmTFLkvEe3jBKRh8SbDBYdNVt2sqxnRrpb3yEaDZBwjq2paDH4A1GFx9iMzboWNm7A93FLV8asMNG7PF,1787075365,2026-08-18T17:49:25Z,9Nc7QXztAZyyhrza7PMyBLL61YsL7NXbRRkHNcU3Vx7i,sell,0.845699493,80142.26619953499,1.0552477900916995e-05,raydium_cpmm
oPFZxSuQ5s41ao4TxRgCfxySvdkkXZY7pNTTwLNwG3r6XVa7xxfNUWUwR2LPaP3szGaY7AhVje51jhmz9zv4szq,1787075365,2026-08-18T17:49:25Z,9Q7rXKnZr3xDm5jgEARhh9sPMk4pDpXsct1HjaPsQZqi,sell,0.0004980360000000122,46.792826383999994,1.0643426321653165e-05,raydium_cpmm
3ePm3U8YY8JcmbhHwzmLJFaHM3A381dBMAerTvkfwjfexqYJgPPsNNaSDY8p1zGZQT1pxwDF1sZ6vcBrhMM7gsJq,1787075365,2026-08-18T17:49:25Z,EyVaGh2eyp6zFPWLAiXx8wzEjn98VktPaANra78vkAKm,sell,2.183366634,204323.0325174071,1.0685856641316198e-05,raydium_cpmm
4S7vVf5yA1q6Kxd7vnPHF5iBBZrxm7X3nQuRMzEpsHpt1Rw6pwm1RgkXhDNzJWtp9dBdmBu9A8vZgwBQi1Uya7KU,1787075366,2026-08-18T17:49:26Z,2zXpLvhzH3BTAoaNpDRQPUKZqPZiQdDqc29d8wdr4UNz,sell,1.90532658,178946.74547054595,1.064745030701668e-05,raydium_cpmm
2VQ3xnStz7qnX6rNbFgXKFaMqKhBTo9QzQgTUG7JCrne7dgYBBqHffrCNzGAVPVP7tkzHDxxJBKZrnNp6RHyJAmj,1787075366,2026-08-18T17:49:26Z,3KEdzpSYJ7sXfHKpVhSF2Qj6ZAjd3Q3dugFCZ4umWvkR,sell,0.255613004,24627.071821327903,1.0379350247341634e-05,raydium_cpmm
62Van2bMfUVTmbW5e7aEkbCQN5c1ZoQVch68bQmBkmZ7ziz2fLSAPRT7XdKJsjyLcWBCwC8gTvq42ygtYShE5Gtm,1787075366,2026-08-18T17:49:26Z,4AXv1nmDRxosiz2Zr5bn4veEg63Ty32TParXHnTpQhzG,sell,1.817000278,169837.36661685398,1.0698471803905657e-05,raydium_cpmm
4mY7cjZRVUHz2tDZfJ5S222tkV9NqD1t2PoL8xx5SbqoGnTDkGuaXhgo2pfFn43ZN89ofE85hrPStLMwwD1Uaubh,1787075366,2026-08-18T17:49:26Z,5ZJYjAUVMLAJGccsEMV5SNjgnBHduumHyMjjHUtSubkG,sell,2.019895381,189235.3576144001,1.0673985065285144e-05,raydium_cpmm
4FkT4CEsmXS2mKAm3LoXjK2uG41oeMpwWHzRL9NGm6P2kGQzzh1k43i9adB9wPi2GSUV4Ew6SMTChmQiCiHNrHJu,1787075366,2026-08-18T17:49:26Z,93u5BsWsPxuLRzcDqwecZV9TiXEV7qNavef6fscPnSb5,buy,0.036426877999999996,3363.811662551001,1.082904801286499e-05,raydium_cpmm
62BMH2JrEUZAfSskHU2ZqEtqPX5YdNeVXmKN9gfbaSozd2NwM7CYAdhLgFtEu21BpM9Eec1N6qx4zvkrQXXGpEhN,1787075366,2026-08-18T17:49:26Z,93u5BsWsPxuLRzcDqwecZV9TiXEV7qNavef6fscPnSb5,buy,0.03275704,3085.736355640998,1.0615631481321223e-05,raydium_cpmm
35jnrFp7rdSmggybeiHu5iXsPFpiwcTPFgv73VsjfMh5K6E5fN3sfya3dBPW1FgutxCd2RwGrjgcD1TGfTdfCaBA,1787075366,2026-08-18T17:49:26Z,9Nc7QXztAZyyhrza7PMyBLL61YsL7NXbRRkHNcU3Vx7i,sell,0.740676954,72128.03957958205,1.0268918416710583e-05,raydium_cpmm
56jbJtaXjnsMiYsST4iaHwSj2PoUmJCMR3fDoTXwd6BLekWD5qm8BWtN1bHPu8ddod1nCorYq9dyQjVg7EAg8u2F,1787075366,2026-08-18T17:49:26Z,Act5xzJ7DhXrdNKbRw1yTzQUmT4hYtAPgFKTP5WzPBva,sell,0.28493676599999995,27450.62359993998,1.037997424585367e-05,raydium_cpmm
4EQiSao7BK4QGNNJ6CW4w85C7CwW1BtDUv1qVTQbnUL8df37j2rwCHzcYbxDs46AkZgWKxJvPZYQgf1VwjbTJSeM,1787075366,2026-08-18T17:49:26Z,EyVaGh2eyp6zFPWLAiXx8wzEjn98VktPaANra78vkAKm,sell,1.953312173,183890.72926566587,1.0622135116871831e-05,raydium_cpmm
3aQhjEaBxX1EhDfxtSY6YevLpiaAE1Z2Urz3ZD1ebSFX76sLh44e5PhCRipJs2fmLMrraYbceyCAP5e4B1VX7VHm,1787075366,2026-08-18T17:49:26Z,GEPiePuVYQcbShk7ACa2YASeLuRHqvcSZpS89keWZecG,buy,0.032072387,3020.7916838239908,1.0617212425386407e-05,raydium_cpmm
5UNgSX81HUgYVUVCe9PuKRCNADKv5jD2QWTEqNBSSbpBTF7HEccdfifeJ4bUuUBrHxyimyu3UNfX2nDyQJjyEFj1,1787075366,2026-08-18T17:49:26Z,GEPiePuVYQcbShk7ACa2YASeLuRHqvcSZpS89keWZecG,buy,0.030512585,2810.677330029008,1.0855954425649098e-05,raydium_cpmm
4RZwB4BtMX2c3fLJZb6WQQpZkvhkpGZmSRERed3DLdSYnrpVZasbGC4Mc6ywsTVtGQKA6vKTCLdXWsJm8Trkpnh4,1787075366,2026-08-18T17:49:26Z,h1jpvLkFT6u81HZH1zWhd4Vrf1qybKTADovXxDLrbtK,sell,0.476074307,47103.50814304099,1.0106981958844493e-05,raydium_cpmm
mbJgfngZrMfxyMYtDG4zFt5A4xFfE7AdyLqcXHCLjVhyTcimeJAAbhEAeVUj98FKoHDXsYpi1HwUCmDGmRfgnD7,1787075367,2026-08-18T17:49:27Z,2R9ca7YkK8Ta3Nv1Gn4yhzJQumqpWzxMgN1xSB5J1Hrb,sell,0.328340341,31500.204866841028,1.042343509789774e-05,raydium_cpmm
3gWxHQrpsQHatHWuMty7EnAo1ddZzGXJ7po7B3RTGLhLG6FKb6TQjFusZ8hGbxTN2zb467DajgUAzek7ESeykH45,1787075367,2026-08-18T17:49:27Z,2zXpLvhzH3BTAoaNpDRQPUKZqPZiQdDqc29d8wdr4UNz,sell,1.703895917,161052.07092349115,1.0579782720145505e-05,raydium_cpmm
2SL6yYBNGu3VoaBbo7vZWtYMYxgZZXnpPxwpvT8W952nynUYtuzYQuEsVqKvvQp9ncfaLe9rMUD3LhKuFZ7iGVLc,1787075367,2026-08-18T17:49:27Z,4AXv1nmDRxosiz2Zr5bn4veEg63Ty32TParXHnTpQhzG,sell,1.6066109560000001,152853.62995516811,1.0510780519057468e-05,raydium_cpmm
2HgrhhtHCfvupTRUMfNp475d7xiQmvMgLdx9W2VrzcYKHzVnG5qY3hFhy2z4pBBBVBw9fDKBqnK5cgt88S6DwAWg,1787075367,2026-08-18T17:49:27Z,5ZJYjAUVMLAJGccsEMV5SNjgnBHduumHyMjjHUtSubkG,sell,1.7980032060000002,170311.82185295993,1.0557125080561469e-05,raydium_cpmm
5fz5pFUjaQLd4qjiP6V48UFviqzbbrnczuaZPzjis7kpqvPFZ9qJKbu5zjPRsbFVUq6RRMsnkjD91rHyC34a3aEq,1787075367,2026-08-18T17:49:27Z,93u5BsWsPxuLRzcDqwecZV9TiXEV7qNavef6fscPnSb5,buy,0.034785377,3310.3604279960127,1.0508033115009765e-05,raydium_cpmm
pR8PHkXMjFsd7HscjNeQ8gBGLBAgwncqczBq1ai2zbJpAT2m3595Q6rvm7hMN2miPqNejGGamQcDDt3hf7HxezD,1787075367,2026-08-18T17:49:27Z,93u5BsWsPxuLRzcDqwecZV9TiXEV7qNavef6fscPnSb5,buy,0.034551254999999996,3240.771148207001,1.0661430079416725e-05,raydium_cpmm
tjXCSD1ZqbeYDitYgy8k7uZ4e1ThZnEk9UJJRijRW3ANk3wyDV1jQgfKD2LrtEAH2coDvC6BCB2onmEP87BDjhF,1787075367,2026-08-18T17:49:27Z,Ahekwy9V7q2tmqJdTX92TAtEHM4pafQbsfc5oLakbZs1,sell,0.60876094,58135.69981860201,1.047137889282295e-05,raydium_cpmm
5shSaPqyfAYCcjKVYCnhS6arQ5VcjrsiXR5FXhbRUMdFodJira1JH5irWm7C3YNvqBqTKwkuAzSgNyGqW2wXn3LD,1787075367,2026-08-18T17:49:27Z,C7PNbARVAHeskaefdcu7fy21dCN3qNANKuT6Cka2av4L,sell,0.5091956790000001,48729.35636220299,1.0449464491489952e-05,raydium_cpmm
2rZwD6z3nNfK3SQqepoG8AyGyMH5H3NhKRFBscEMvBLvDvkTwLcgNeVZZAydrwWH4eVALVNrm54o863ANACV7kCk,1787075367,2026-08-18T17:49:27Z,EyVaGh2eyp6zFPWLAiXx8wzEjn98VktPaANra78vkAKm,sell,1.7433176670000001,165501.6563391001,1.0533536071857051e-05,raydium_cpmm
2S1x7RL8zYH9z6KBnoLLfLyKqQCzq9RhHNarikntQGEz7AdEp44F1M5eBRKMtVWBvuT16w9yo69oq1KZJ294R86z,1787075367,2026-08-18T17:49:27Z,GEPiePuVYQcbShk7ACa2YASeLuRHqvcSZpS89keWZecG,buy,0.034216598,3255.811394891003,1.0509391930285781e-05,raydium_cpmm
4Hr2sendPhz7Ca5w7sQzfeXg5i6Nwu26H4pYWh7J78YyXsdEHtSGZuAxgV32AZEeJVEJwRpF1s5MkVmtt7jD7Wv8,1787075367,2026-08-18T17:49:27Z,GEPiePuVYQcbShk7ACa2YASeLuRHqvcSZpS89keWZecG,buy,0.035007026,3283.7850082810037,1.0660571843686405e-05,raydium_cpmm
MCnUtasCdPhk8KVpYqaJeABrD9gQKKuuNyRW7qWB9BkaZF9uQUJo4gmXkfa4aDX1pfhuNBGcRo2LiwmnVJFakkQ,1787075367,2026-08-18T17:49:27Z,JAGPLMkgPWRxFJekMU8DRHRurw968GGYHRMEKUWheYcD,sell,0.5989048100000001,57240.93574259902,1.0462875951105247e-05,raydium_cpmm
4RsG4zskNiNs9enVxnrkudnjXKC8SeU7JK2gkuBpGRU1W5TWDFWUTxoDs7st61bm8KpWz6nuoqA7Xuivk2NfxNrU,1787075367,2026-08-18T17:49:27Z,h1jpvLkFT6u81HZH1zWhd4Vrf1qybKTADovXxDLrbtK,sell,0.433272255,42393.15732873697,1.0220334655430312e-05,raydium_cpmm
2t8bUZANteci77HPt9akAG6Ub4ucSqfx9sRNkhqtp9Joccz5yuHW9rU4gZhjNVnY1rxxki6aQG1PHHUycD1kdQTK,1787075368,2026-08-18T17:49:28Z,2zXpLvhzH3BTAoaNpDRQPUKZqPZiQdDqc29d8wdr4UNz,sell,1.417438104,144946.86383114196,9.77901878340235e-06,raydium_cpmm
22s8MJwKjcsNe6YAwQewMiRL61iJ6ZvPLCCr66gXeAb2YDYhe7mrGjRUYCS2KqDmFk7uiAN1B3XbKJxHcdauuUyK,1787075368,2026-08-18T17:49:28Z,3DZNVBQxpaowav4Prz5fwyTG8ReNW6aL118Mod8fJxrg,sell,0.47998635,47348.025840063,1.013740998666654e-05,raydium_cpmm
utdSLRg2RnrRZZLZ94QrjBGRtKqoERTDk7csyJfQp2kWv3mP5mqqkJVjXZvUMp7obzMsPfXHL7vY61cpv6WwAp5,1787075368,2026-08-18T17:49:28Z,3KEdzpSYJ7sXfHKpVhSF2Qj6ZAjd3Q3dugFCZ4umWvkR,sell,0.24115207,23806.990329678054,1.0129464777384194e-05,raydium_cpmm
4vwMZzfGrazimksNqLzhVPhJeLSpmCk3WiGW32KvN5Km1RQDvCMPzn7KYBB1ksg4rQNLnmx4is8HyjmuemzbQQJa,1787075368,2026-08-18T17:49:28Z,4AXv1nmDRxosiz2Zr5bn4veEg63Ty32TParXHnTpQhzG,sell,1.342801127,137568.26695965184,9.760980178618065e-06,raydium_cpmm
2JhM5hNK3ZEzfyqm3FU9tJX9LL8z3aNfUL1JQ5uvephfpMAXHQCFSYw6vN3LjbdtFU2paUNhMzYumPi9GaHvxRcH,1787075368,2026-08-18T17:49:28Z,5ZJYjAUVMLAJGccsEMV5SNjgnBHduumHyMjjHUtSubkG,sell,1.493569459,153280.63966766396,9.744018959199862e-06,raydium_cpmm
4xQsi9XJX1Jow31s4whyB5AhrexkxXGXLTVK2zXEHoYecRM3rb9uAt324X3PSeLN1cuVddMkWAo4TfjthLtqBHMG,1787075368,2026-08-18T17:49:28Z,93u5BsWsPxuLRzcDqwecZV9TiXEV7qNavef6fscPnSb5,buy,0.03177652,3069.4644828679884,1.0352463818154121e-05,raydium_cpmm
Y62Eg4yEm5z5P1eiP5zozJkcJwWRnooBnQi8jUjY5dvPiXQZadgiXH9XKCV7m6JtJbxPi7A5VXtw71LJxqQz9na,1787075368,2026-08-18T17:49:28Z,93u5BsWsPxuLRzcDqwecZV9TiXEV7qNavef6fscPnSb5,buy,0.031947298,3050.7851160930004,1.0471828327559638e-05,raydium_cpmm
5P3VU1npCzFmAbUTNhoJaABJM2tbfXYvUsN2zRt9WvASDmiNq1u4HtBD7XsaPgYV25r14MDDFYrSqsuFQQwCUCxe,1787075368,2026-08-18T17:49:28Z,Act5xzJ7DhXrdNKbRw1yTzQUmT4hYtAPgFKTP5WzPBva,sell,0.26900330899999997,26536.51783406199,1.0137099022642308e-05,raydium_cpmm
3o5KjYaZWf1vRNC112GM5JmkSof2VKZTj9tro63C4L5MHCTNJ29mMXAHmhGcSc1azB4vZDdrm1oLzspniJhp5sHJ,1787075368,2026-08-18T17:49:28Z,CASStbiKKzQrFvs835DagrLid7saGriDUHv39Mr8SRUG,sell,9.07200468,896763.018282597,1.011639027819626e-05,raydium_cpmm
2AQQRho6S9cknrZf3RUUTAsg2M6axXDrKHu6iTMWWB1nkhWza68XyATLZh8pJxNgApzoDy94t96JdaoWRdib47No,1787075368,2026-08-18T17:49:28Z,EyVaGh2eyp6zFPWLAiXx8wzEjn98VktPaANra78vkAKm,sell,1.459360866,148951.49070519,9.797557977371426e-06,raydium_cpmm
5WU3h23xgiiDwVGrQ5Ffg7pXStpEcMWoVPpxL6HJqFSXeJLiw1TQ5VKJHdpFJfbvk6mqAigzSAjGDmRYoFAu6eCs,1787075368,2026-08-18T17:49:28Z,GEPiePuVYQcbShk7ACa2YASeLuRHqvcSZpS89keWZecG,buy,0.03352454,3238.716414475988,1.0351181057457338e-05,raydium_cpmm
5eMse5mxNn3WToMxcoBg9CmKbRzFEeKV2WLPjuAc5TKdZ6bgKXKYnHkRxuCev1t3gg62znXe8Nyac8qLFsBcSEBU,1787075368,2026-08-18T17:49:28Z,GEPiePuVYQcbShk7ACa2YASeLuRHqvcSZpS89keWZecG,buy,0.034534920999999996,3298.5283608860045,1.0469796594601269e-05,raydium_cpmm
2kejtFNaYycJSEskDsXFF6rvPyC11BUjAbxeG4iYoXcBW5YK8EdyxWLtDirziU8MkWnXLRxxdApGtjbDs2QHBDrJ,1787075369,2026-08-18T17:49:29Z,3KEdzpSYJ7sXfHKpVhSF2Qj6ZAjd3Q3dugFCZ4umWvkR,sell,0.197451909,23014.217551699956,8.579562114438043e-06,raydium_cpmm
5atM8YaUCsbwA4ekk2z2AN2zXJdfQe2T2tuyo6cdprbueaRxnYgjnSM3538g3nZJJTwgQ7Y3vyQjU7KpA5SohSwB,1787075369,2026-08-18T17:49:29Z,3KEdzpSYJ7sXfHKpVhSF2Qj6ZAjd3Q3dugFCZ4umWvkR,sell,0.20486115200000002,23014.217551699956,8.901504104573299e-06,raydium_cpmm
5we3EaDuWjeQUWhn3iZdvJwbu17UF6MHXkYCXeoNMjS9GG8mgoJ6Gujrc6Zw5cWG6WXnxX3XtD7wpgKSxyiVfQXp,1787075369,2026-08-18T17:49:29Z,3KEdzpSYJ7sXfHKpVhSF2Qj6ZAjd3Q3dugFCZ4umWvkR,sell,0.209394525,23014.217551700072,9.098485513557331e-06,raydium_cpmm
NM2kntdpq6cUUrW9wcL7Xx2cDSSrmyHn2V7qZfZZ9dTxoBizcorSqLRU5MqJxN4vfUwUpnLwjcGq8SpyD9AiHkP,1787075369,2026-08-18T17:49:29Z,3KEdzpSYJ7sXfHKpVhSF2Qj6ZAjd3Q3dugFCZ4umWvkR,sell,0.20491863800000001,23014.217551699956,8.904001951822325e-06,raydium_cpmm
2PhvzDYC7bi4JLWMPdLjTRMH4XBWD2aVejz6BbQHXk8rbU4sM9Z7Pz8KB7bKmatriyUYuddKuWFHK8R9EMTQfDYt,1787075369,2026-08-18T17:49:29Z,Act5xzJ7DhXrdNKbRw1yTzQUmT4hYtAPgFKTP5WzPBva,sell,0.2283959,25652.851790187065,8.903333706054773e-06,raydium_cpmm
2noR1DrhMzcXPPTshJ5KvHsFhBsg6kNM1arXWyudd33FSj3SmcvZD7Y63SFKhPTgqUUYasoPsEyDThRhjFaLvsLY,1787075369,2026-08-18T17:49:29Z,Act5xzJ7DhXrdNKbRw1yTzQUmT4hYtAPgFKTP5WzPBva,sell,0.220269023,25652.851790187065,8.586531618455734e-06,raydium_cpmm
2tpkmThhiipzYivxpuAETEEBXDXhADCfXWRQRc3dFQnFuW7AJDyou9EYVpzvxgE8GJA4dY9nkM1MwVTTDz2gg8oq,1787075369,2026-08-18T17:49:29Z,Act5xzJ7DhXrdNKbRw1yTzQUmT4hYtAPgFKTP5WzPBva,sell,0.23370737,25652.85179018695,9.110385539645953e-06,raydium_cpmm
3QHRuEHQDmSZpuuTD9s2GdrWK598PPLdcHPaGx6yChfJExre3GAhivBSgTc26eESH4yjkQM8EGb52P3hp1mwkVED,1787075369,2026-08-18T17:49:29Z,Act5xzJ7DhXrdNKbRw1yTzQUmT4hYtAPgFKTP5WzPBva,sell,0.22832453900000002,25652.85179018695,8.900551910074247e-06,raydium_cpmm
5GP4ERKxETEtoS2317N5FQHRGXVupXm4VYPNDnUgEW7i7wnkhDVnBjHg6NYmxAKr46NUN8HkE8dPio8PJVRetsKf,1787075369,2026-08-18T17:49:29Z,q8Kx1rkvAMKxRjKy2NCTCvJBWfuafpvHUF2REbayHHM,sell,4.098376919,450240.64995465404,9.102636377707716e-06,raydium_cpmm
3B4aAtLQawC9PkkMFurpigU19FPqJRbkPq5XYQdpiDAPSWFxwa6CBN5pieJDQaioAd84MYrcT9Y4ioQKY86Y8JUb,1787075370,2026-08-18T17:49:30Z,3KEdzpSYJ7sXfHKpVhSF2Qj6ZAjd3Q3dugFCZ4umWvkR,sell,0.198605695,22247.8441072281,8.926963621408828e-06,raydium_cpmm
4Y9rFYtXWXsWoKVuokcVmqhVDSGKVmJiz3C1ntsSZAa5JEx1enKu3vseHQD6y66mmjGpTWdYrt1sox3mSomj6SRe,1787075370,2026-08-18T17:49:30Z,3KEdzpSYJ7sXfHKpVhSF2Qj6ZAjd3Q3dugFCZ4umWvkR,sell,0.17983737800000002,19948.72377381299,9.014981611809945e-06,raydium_cpmm
3fpu1ubd3WW9GisWc2ejyiv9hfUGdWXiFE5NZ9qtvUceXUCdZxd3F8K7ERiW5Xr46GH4Q8JYWecsG1hQDBLcdFXN,1787075370,2026-08-18T17:49:30Z,Act5xzJ7DhXrdNKbRw1yTzQUmT4hYtAPgFKTP5WzPBva,sell,0.213766527,23944.371860960964,8.927631438456155e-06,raydium_cpmm
5P1NopkGuDetU1Az1prtXBNH4A4f2ovMiHBpGW2nCWKzg44CMZXdCDJGmPbLMY33oZirSiEU9eYonBGMFRFNR1rW,1787075370,2026-08-18T17:49:30Z,Act5xzJ7DhXrdNKbRw1yTzQUmT4hYtAPgFKTP5WzPBva,sell,0.200518905,22235.891931734048,9.017803541032171e-06,raydium_cpmm
3vrELfAk2xuNAo1C3zoXVzcMDYGGjYi4gTAfe6Xf3Uecyq6zyyc1ZNL1qLkL51HSd81BG8XtCJNRA7sj1LWwnkWe,1787075370,2026-08-18T17:49:30Z,h1jpvLkFT6u81HZH1zWhd4Vrf1qybKTADovXxDLrbtK,sell,0.34234041899999995,38153.84159586305,8.972633021496825e-06,raydium_cpmm
4majWayzm32Bs5UUvSu7YQNo65EGSiz6SzB4iENrjU6zdJBMDrfDaCG2b3YiZ8aLpHDVEBewPXJYyi9jXoh1yteu,1787075370,2026-08-18T17:49:30Z,q8Kx1rkvAMKxRjKy2NCTCvJBWfuafpvHUF2REbayHHM,sell,3.0326527029999997,337680.48746599,8.980834888499259e-06,raydium_cpmm
2DmsrYwqJ6yuw2TUVv9FwuJKxxy1FsZNdRSb4uCgxhv7XJWrsU7pLDDvbWYYV1xAKgNe7hzEn8S9DsdgcTBf8pCy,1787075372,2026-08-18T17:49:32Z,q8Kx1rkvAMKxRjKy2NCTCvJBWfuafpvHUF2REbayHHM,sell,2.292843165,253260.36559949303,9.053304331977121e-06,raydium_cpmm
bZa6u58q5J3ryXEkf6AFnZLwQC7CwahQA1xrbHSzfThAwXFKTqHMtQJpFrkAhoDbcFZSjVxucTEqUusrpkpLp7F,1787075372,2026-08-18T17:49:32Z,q8Kx1rkvAMKxRjKy2NCTCvJBWfuafpvHUF2REbayHHM,sell,2.30893677,253260.36559949303,9.116850023234042e-06,raydium_cpmm
2CyNQXaZsr2ZaCPBDpgNvi3BF4ncmBwPTJKQgypAffgvqc1jkc6FtFSaPrjqLSgeGVNC4dmHpBEri2FT7qw2Xo5a,1787075373,2026-08-18T17:49:33Z,3DZNVBQxpaowav4Prz5fwyTG8ReNW6aL118Mod8fJxrg,sell,0.944872944,106533.05814014398,8.869293348896658e-06,raydium_cpmm
3oHknvvqw6J2zuUxwRBZhuMCRCTEcN7BWJcrKsT1eRXjNrVotajnpHX39sR8BkekA5XMv1jvQpjNLvqGdbi8SS1K,1787075373,2026-08-18T17:49:33Z,q8Kx1rkvAMKxRjKy2NCTCvJBWfuafpvHUF2REbayHHM,sell,4.2817396290000005,506520.731198987,8.453236689571776e-06,raydium_cpmm
4MgaTuWhwn7AKA4rqfi6ak4MhYz6EroVm3fhhtttygvRaf4YSQSy7HfosEuqKxDwueMXGacfJik1uUpPbcvtW6jy,1787075374,2026-08-18T17:49:34Z,2DCW6PvdpXwscZVanFmDLB7svT2STkUj2SuXSMR6C29g,sell,2.498381021,295854.451146271,8.444628807578073e-06,raydium_cpmm
E3QorxAY195cgVXtdnMdvJC4Jaqh4jaa68VVwmW4hmiVL2CYMCWKb9sLL4X5rd7kyp9iz1eDNtqE27jnGCJCKWE,1787075374,2026-08-18T17:49:34Z,2R9ca7YkK8Ta3Nv1Gn4yhzJQumqpWzxMgN1xSB5J1Hrb,sell,0.594486594,70875.46095039399,8.387763353187692e-06,raydium_cpmm
3a2LssMAmQaU6NocKhZcQWkdj2suzqyJ28XiydNRLJnCJUHhYVhHbvohxcXBuhB7Gi4wD3MPAuD8g1AowZTpAuvQ,1787075374,2026-08-18T17:49:34Z,h1jpvLkFT6u81HZH1zWhd4Vrf1qybKTADovXxDLrbtK,sell,0.5812884970000001,68676.91487255396,8.464103230011374e-06,raydium_cpmm
3oAmC2sY31KzMWBAvQgPMc2oc5YoYuVa3kGvnePtY5nyYsFgG2yv3RLTCsCSDbfxnfySNjsUiuFxYnvrRAewvm4b,1787075375,2026-08-18T17:49:35Z,2zXpLvhzH3BTAoaNpDRQPUKZqPZiQdDqc29d8wdr4UNz,sell,1.088326078,130452.177448028,8.342720675809247e-06,raydium_cpmm
jgbxkoiRaU5AQSGLekMvV4yNH9mzbc3iqafBRW8itntsV6JYrZ5yzx2jVGEvGxQyFH8eSgN4ZzPi5mstxTaZF3L,1787075375,2026-08-18T17:49:35Z,3KEdzpSYJ7sXfHKpVhSF2Qj6ZAjd3Q3dugFCZ4umWvkR,sell,0.15428065100000002,18543.578063374967,8.319896541688278e-06,raydium_cpmm
23wTq1BBPcifipzEiQYTQcSqH84wrP3jiTQv6vtWtZE7fMGt4s625kVLfGFyGxn5dYCsnWFz1VUCDDTjjCTJWrC8,1787075375,2026-08-18T17:49:35Z,4AXv1nmDRxosiz2Zr5bn4veEg63Ty32TParXHnTpQhzG,sell,1.036021046,123811.440263686,8.367732770037614e-06,raydium_cpmm
2SyiQUa4XR6gaKwMR35HyfMFLW64V2E6Zxb7ZeXsTpWGP6damD9Qo1r8f2LjXGZBZTiyDZmeRz5FGhwbgAsXZB4D,1787075375,2026-08-18T17:49:35Z,5ZJYjAUVMLAJGccsEMV5SNjgnBHduumHyMjjHUtSubkG,sell,1.149176146,137952.57570089702,8.330226095173428e-06,raydium_cpmm
64V3qc4JVngGWDaELGrfMtq4Bbsa8aPRbAv9jemPNg8npozy495xsArz3rJfdVm4tWVjSazMbrcyCAYkSNiAh7gc,1787075375,2026-08-18T17:49:35Z,Act5xzJ7DhXrdNKbRw1yTzQUmT4hYtAPgFKTP5WzPBva,sell,0.172362063,20698.089147437946,8.327438430292747e-06,raydium_cpmm
37dM1bHXLauCwS24P2ieRuMi899PYdEiuD4MpcToZEQfQgk1UcN1aWp44JJX9TruGSwbQPMdM4bxB2xHiTmXzEkj,1787075375,2026-08-18T17:49:35Z,EyVaGh2eyp6zFPWLAiXx8wzEjn98VktPaANra78vkAKm,sell,1.120174568,134056.34163467097,8.35599833876333e-06,raydium_cpmm
4VyjgEeXnz8j4CYTRqLZbeP9uqT3A7xcfuqTbUXwCQvM3he9F7ocTofbzjbVQcC3qG7myNeUAozDFhMGYrgWUbYQ,1787075376,2026-08-18T17:49:36Z,2z2q5gk8TDgqCidzkXkyevXH1aDaVjWL8cQwoRbMF1Jq,sell,0.006302352000000001,753.7508478599993,8.361319947955257e-06,raydium_cpmm
5zcKH3Q8vswy4jJyJzKNuLXkaev7y4zo4XathDFJoFgiYtvi4Y4Hz4xiJ1EVXAzdQHwPT8ecbtXBuEFvnCUh1j7Y,1787075376,2026-08-18T17:49:36Z,2z2q5gk8TDgqCidzkXkyevXH1aDaVjWL8cQwoRbMF1Jq,sell,0.00560851,670.5432931680002,8.36412809902615e-06,raydium_cpmm
bsEohKms9fFGZ6Whf6hzjgE36Qc5LkGFekD97AN1oY1crp6jCWtF6PAYyoszNRkWWeHmW6PttuL5YyLPwNwR9hP,1787075376,2026-08-18T17:49:36Z,h1jpvLkFT6u81HZH1zWhd4Vrf1qybKTADovXxDLrbtK,sell,2.28104191,274707.659490214,8.303524969900804e-06,raydium_cpmm
4BXGyAN39RFBDXMPX5HVgbceQQz3BWqFTBwKtFdxnXwLzSsg83QWhep1NUd37xuvqc9Qqj9gLtZEEDTxeximKcMa,1787075377,2026-08-18T17:49:37Z,2z2q5gk8TDgqCidzkXkyevXH1aDaVjWL8cQwoRbMF1Jq,sell,0.006782242,810.8425558370002,8.364437647206323e-06,raydium_cpmm
55qYpwkJnnhFxg4amLzZWZXuqHVaBwqbvLu9VDs8626id1eQo1JKBqhP5QtEtu8mvMQcvbTzwwj4xPXMWkFpkzQY,1787075377,2026-08-18T17:49:37Z,2z2q5gk8TDgqCidzkXkyevXH1aDaVjWL8cQwoRbMF1Jq,sell,0.007098029,848.6430403689997,8.36397479547313e-06,raydium_cpmm
5aRKjYtHya7ZzXrCGFTN63KwkVEeewKTJB57nDFSDCqvUhyM6K3YnPiYmyhdzdH41ejbzCKwxGMJYgtCLE1j1Qia,1787075377,2026-08-18T17:49:37Z,2z2q5gk8TDgqCidzkXkyevXH1aDaVjWL8cQwoRbMF1Jq,sell,0.006781994,810.8497880600003,8.364057190205684e-06,raydium_cpmm
395Hj1bWShkDqcNP1cW82txQwC8DjPLWXMmDKwHV2unuqy2RhJSnGqZLGimS72z4dfEo2AGASrMLJ7vEiWq1spbk,1787075377,2026-08-18T17:49:37Z,3KEdzpSYJ7sXfHKpVhSF2Qj6ZAjd3Q3dugFCZ4umWvkR,sell,0.147796061,17926.076913864003,8.244752140145887e-06,raydium_cpmm
3qpB7rWN8bdh6qY7LyMx9L4yXW2c6LF1rgTaD1Uy7btdysNvugRMVC6UYUntRi4aSAA2BkT84oSKT591v1H4iYeq,1787075377,2026-08-18T17:49:37Z,Act5xzJ7DhXrdNKbRw1yTzQUmT4hYtAPgFKTP5WzPBva,sell,0.16512094600000002,20008.842778827995,8.252398593221985e-06,raydium_cpmm
2N4bcE6fByEfycbQJphn28dEQtfuntEk7Tof8f4P6XbgC1TmJdmxRKiraDjXy6RbxehF2atH1ZUD7YjTWPmK5na1,1787075379,2026-08-18T17:49:39Z,3DZNVBQxpaowav4Prz5fwyTG8ReNW6aL118Mod8fJxrg,sell,0.663824239,79899.79360510799,8.308209684255826e-06,raydium_cpmm
3rWmR1sBNDKUu6vLN1a9fMDmEAjco9Jqd483c2fe5xwfTHdY1Wz1pFkUxme95kBJsRzcCdhnDrAeHLco87qbBkdk,1787075379,2026-08-18T17:49:39Z,A1igHDVAzKcGUAbVMFV8HrCCSUfcs5YzVfW3i9895pdW,sell,3.568493635,419047.6215201081,8.515723396914127e-06,raydium_cpmm
dFdCD89aqEFJcqwssAN19Ch851Zny8oiuNP2NsamdJG9rSGjrwbkr4xA43EdFVHaXsoTnkbdhTMVSQz3t4s1evL,1787075379,2026-08-18T17:49:39Z,Ebux1vXaJYiugKxnBNgQbsBjbjjFK1K2k1zXjkD3tqDk,sell,3.4015678990000002,405336.88750959793,8.39195248155019e-06,raydium_cpmm
3kYVbRvc5ekiaUb9CYg7PYbsZ4qvs5mbD81hsQmWgUGSginB6rpcCW8VbtMxfRRcWUfm6N6AqMrFvVAyqVuKA2uN,1787075379,2026-08-18T17:49:39Z,GpNHGPQXQEnrrbL8paxGdEWrNEvdFcZFVtC6ztMoYuYo,sell,3.543882948,418228.1313731014,8.473564263515553e-06,raydium_cpmm
5W3GxeeK7iRP6FtCRLFYxcmxLEPm6tBfZaXFr13Tk81eJbnR3xoY5Dgzb4YfTNNZLh4vkzBLejBZsuH77P4q9n5n,1787075379,2026-08-18T17:49:39Z,ZZGtLggQHdZ2LgkDtnbJ1eVQMYLpQN7H1fjCGZAw8G1,sell,3.4021355730000002,403479.3125923518,8.4319950659708e-06,raydium_cpmm
w1TcPUspSjq4eGTqhYVxiB8AvFK8RE6AAHB7DTiGBfYZiCtND7V8wkbHd1WnY2qQDcZQfm5K3TeWZDry1Dazdso,1787075380,2026-08-18T17:49:40Z,2DCW6PvdpXwscZVanFmDLB7svT2STkUj2SuXSMR6C29g,sell,2.615789285,295854.451146271,8.841473484226028e-06,raydium_cpmm
5MouYWRrx7QfTxyU5ida4Yqfc1CTDNHSwvKrU1rVQqhFL7wTcouciCymhvjs6BHBA4hpzFFVoUF3oUNLDVs5bmPG,1787075380,2026-08-18T17:49:40Z,2JuwsNWVYsr3jDEaSAMiMDfv5UWNWHQRGyQVvHBNCobC,sell,5.186915558,616479.6371943001,8.413766238259715e-06,raydium_cpmm
4ousaWTWauKYUeNofXM9SF31HzNQmm9NVezXCr2B5UfRSq2pCAb5Vsb9soq15heKbPHtRrRHRULLDzyhfcU4ZR95,1787075380,2026-08-18T17:49:40Z,A1igHDVAzKcGUAbVMFV8HrCCSUfcs5YzVfW3i9895pdW,sell,3.031025336,356190.47829209105,8.509563058882311e-06,raydium_cpmm
34i2uaq1nYBLYVZ47gFAqszWVQgDLxutHdUxLdEQnYyrCWFDSynXSdjEtaNon1N1Ddcs9Zh51aKsZiHvNnLPyz6b,1787075380,2026-08-18T17:49:40Z,Ebux1vXaJYiugKxnBNgQbsBjbjjFK1K2k1zXjkD3tqDk,sell,2.9195110279999996,344536.35438315803,8.47373866606024e-06,raydium_cpmm
5Uc1CreftwSdAG3HQpL9ssohxncDp39M54ufYTLBw3A3ic9X69Hy6pPTabPKq5euEYLs3UvPdLyWoNve4NgiAU66,1787075380,2026-08-18T17:49:40Z,GpNHGPQXQEnrrbL8paxGdEWrNEvdFcZFVtC6ztMoYuYo,sell,3.0001100409999997,355493.9116671358,8.439272636008269e-06,raydium_cpmm
5zTeuWpWHa1pBqHVZ2QprHAJxY8oosFhWzoQoTmjZueD77SWmEXaTNMhwsyD5mX4cEgF2sN4p8LUJddUThEhRHG6,1787075380,2026-08-18T17:49:40Z,ZZGtLggQHdZ2LgkDtnbJ1eVQMYLpQN7H1fjCGZAw8G1,sell,2.930334115,342957.4157034992,8.544308945730435e-06,raydium_cpmm
34LSMVAqJJkkfkFZz5ByAHbC5gBPQVSvYCcLEKRKyoKuvbfUXAHFaifJqEx11RMchzooTnihiWzjPLzi5aw6iA16,1787075381,2026-08-18T17:49:41Z,A1igHDVAzKcGUAbVMFV8HrCCSUfcs5YzVfW3i9895pdW,sell,2.49261082,302761.90654827794,8.232907661395414e-06,raydium_cpmm
SeYmk7Hk9NoFksGmXeevT7exMHXbbBKaRBby4AJD69gGpwg2mmBsQeHUwTUM1BFppiYketAEWL1oBnK7Cduu5uQ,1787075381,2026-08-18T17:49:41Z,Ebux1vXaJYiugKxnBNgQbsBjbjjFK1K2k1zXjkD3tqDk,sell,2.4024993930000003,292855.901225684,8.203691245233124e-06,raydium_cpmm
3rz6q1CBsgxsN9sxzVqE3fLuSSKWPC58XpVbHhwLvsMbHr95CnPLrbwZPvFNgN9nzQksxPmTa9t2VgSiv4Se7zgD,1787075381,2026-08-18T17:49:41Z,GpNHGPQXQEnrrbL8paxGdEWrNEvdFcZFVtC6ztMoYuYo,sell,2.50506411,302169.8249170659,8.290252379394749e-06,raydium_cpmm
2SW6a9zNxocrZzKtDBXfHRzamLiJSL6BbqbFmJtaFz2NnAybfGcjSdbrZRsezjFrG6yQC1w2UgheK3gcjiC1GcMb,1787075381,2026-08-18T17:49:41Z,ZZGtLggQHdZ2LgkDtnbJ1eVQMYLpQN7H1fjCGZAw8G1,sell,2.408130198,291513.8033479741,8.26077588897382e-06,raydium_cpmm
2Ph4cbCsufXr8saXMigmJjFrLQAGDsThPGUEZfVA3gPa7DJykT7Dx4FmchB6qf6JAHX3Mtr39SNXceKVGo2beZ9r,1787075382,2026-08-18T17:49:42Z,8g1mx4TgKsvEGM7a8GM5yVRuC7k6gmjgdht5NbFzfNy6,sell,0.07989454800000001,10343.734432330999,7.723955842319076e-06,raydium_cpmm
5F3QE3VLNbUh8uZuunHpZBsRTN9eJAsFvGXVEidwcPsRarydHgvFeipPKh6xaYdPM7g4HUfZ2zAznceVgbnnu8Xk,1787075382,2026-08-18T17:49:42Z,A1igHDVAzKcGUAbVMFV8HrCCSUfcs5YzVfW3i9895pdW,sell,1.931376269,257347.62056603585,7.504931519288734e-06,raydium_cpmm
5rHvGspwtFDwbsLqkJsPcsBbMioqVXVpJaRMUn67u858bncaGM7Cwy3icABsY1s1HBqwArgMmewTNiRbAYtRuope,1787075382,2026-08-18T17:49:42Z,A1igHDVAzKcGUAbVMFV8HrCCSUfcs5YzVfW3i9895pdW,sell,2.3527014,302761.9065482782,7.770797280353498e-06,raydium_cpmm
HBCGANwfNACi8YwTfQnESaCKBehQCV83yXiYEH6AEF8b5cmrNGypv7gZjKKjtCU6bm52Ca3znWmcq2uszLPY5YP,1787075382,2026-08-18T17:49:42Z,CASStbiKKzQrFvs835DagrLid7saGriDUHv39Mr8SRUG,sell,20.074872967,2690289.054847791,7.4619762255010856e-06,raydium_cpmm
2Env5ConvkTReqyYMgdrL583SZu38vcWQUAG2gJRePzB7stesmLqZQUT59aPD29fWRRsCz9ZoSp4wFCm38QKFac6,1787075382,2026-08-18T17:49:42Z,Ebux1vXaJYiugKxnBNgQbsBjbjjFK1K2k1zXjkD3tqDk,sell,2.267860089,292855.901225684,7.743945331162425e-06,raydium_cpmm
3ZNSwpUHr8bL1kQv4bprLdiQQmZrgd8Ehg5KSuvBQ6mmg9awBGfDv8vrXuTBhcGMcc9aP9juERSSgqYHBhufSkvz,1787075382,2026-08-18T17:49:42Z,Ebux1vXaJYiugKxnBNgQbsBjbjjFK1K2k1zXjkD3tqDk,sell,1.8838813220000001,248927.51604183204,7.567991485856532e-06,raydium_cpmm
2eYzaPBxWNd7KN5vcFSNxx6fsCuZpdLHG7t21KhU3joqthAUAMEsZtoZ7R4ZU2jLZdPcdR7AHzQ1u1fvBSoaVnAu,1787075382,2026-08-18T17:49:42Z,GpNHGPQXQEnrrbL8paxGdEWrNEvdFcZFVtC6ztMoYuYo,sell,2.324645792,302169.82491706614,7.693176486560247e-06,raydium_cpmm
3eE9bumf2NhcvhhKnowVBvNjq9roqbS6dwGtbAuJuYnEHCyKM3NGN2uatAY1cPgbX9F7MJmgiKg5WERauEn3arsk,1787075382,2026-08-18T17:49:42Z,GpNHGPQXQEnrrbL8paxGdEWrNEvdFcZFVtC6ztMoYuYo,sell,1.933128032,256844.35117950593,7.526457261460098e-06,raydium_cpmm
4sLSChzRooLdA3QuzyRkGhG19M7s9SMnTETt4AFbrSfwJk1BRRtqKwLmNnDKtTk265ukzhPQpsRc91XFCw9PiugK,1787075382,2026-08-18T17:49:42Z,ZZGtLggQHdZ2LgkDtnbJ1eVQMYLpQN7H1fjCGZAw8G1,sell,1.870013259,247786.7328457781,7.5468659581701334e-06,raydium_cpmm
KEjyD6Jvff2J2kUY2JGpEB1kyw26KAUZktx6BEor6DH6DcSoi8MewEptzc48eja6mzHZsoCrq19fmGvNtpsUFAG,1787075382,2026-08-18T17:49:42Z,ZZGtLggQHdZ2LgkDtnbJ1eVQMYLpQN7H1fjCGZAw8G1,sell,2.249988314,291513.80334797385,7.718290825886678e-06,raydium_cpmm
2nmsn6o6qiiSZunLpiPwxcZkW4bUJ3UYEBncUHULXtMkUycQnEjMeJoVHjBZZukGUU5YN48wqt3Qcw5CkE1F2yG1,1787075383,2026-08-18T17:49:43Z,2R9ca7YkK8Ta3Nv1Gn4yhzJQumqpWzxMgN1xSB5J1Hrb,sell,1.481487805,212626.382851183,6.967563409273119e-06,raydium_cpmm
A8AGgYvzZd6vUrRAF9xNs9uRf99CVYJ74sMRfgALQfUXwe5w9E5dgFH3vee2nYqSPxyvgp2YzHp6jUhyd71MyB6,1787075383,2026-08-18T17:49:43Z,93u5BsWsPxuLRzcDqwecZV9TiXEV7qNavef6fscPnSb5,sell,0.6915555210000001,96571.888873269,7.161043747498056e-06,raydium_cpmm
5p1ujk4V4Bo1KBmgpYsRb2CF6rNuaqfFB5GcxuTuQgUAVMEYdWEssJG32AGUvN9Y1uNfKqwUTjGgGW3nT5LGnu9D,1787075383,2026-08-18T17:49:43Z,GEPiePuVYQcbShk7ACa2YASeLuRHqvcSZpS89keWZecG,sell,0.673350115,93932.84542884,7.168420289259786e-06,raydium_cpmm
4RuEofhsQM8aYbrBFqNkhRbr9NnRCGudn4C43stjodemcAUQRuUsfS8b1b1yrqQeSBhtr2AQg63jKMSkxcE47zLx,1787075385,2026-08-18T17:49:45Z,93u5BsWsPxuLRzcDqwecZV9TiXEV7qNavef6fscPnSb5,buy,0.665468516,90128.682820862,7.383537572857601e-06,raydium_cpmm
5b244nLRdjjvxxt7VKtrKbwSDf1FQ2WssmEpADRUytmKLwaVTYZ5R89a3usFVFRyBvbgeUDUWrWb8PgPKQn1wQo9,1787075385,2026-08-18T17:49:45Z,GEPiePuVYQcbShk7ACa2YASeLuRHqvcSZpS89keWZecG,buy,0.656920785,89057.751081414,7.376345989238625e-06,raydium_cpmm
26z6tqVosEfp58ZgLJ6FXWBDoQfpZ7qcUESdHtZiwJjJAVcTwuNFEuxuo4WoerVKRQwvwg2kt7gf8G5Uddq9JgFr,1787075386,2026-08-18T17:49:46Z,2z2q5gk8TDgqCidzkXkyevXH1aDaVjWL8cQwoRbMF1Jq,sell,0.0036559039999999998,461.586849264,7.920294969038517e-06,raydium_cpmm
275w4LaLdw9cjgAPECfHPccrK7QzXD9rWPidX1xRThWc37rC2u2K68c6Lqgk4ZEMQxHwns4fDqQxmRxj8yx2iCUB,1787075386,2026-08-18T17:49:46Z,2z2q5gk8TDgqCidzkXkyevXH1aDaVjWL8cQwoRbMF1Jq,sell,0.004370911,551.859006702,7.920340063164469e-06,raydium_cpmm
4rTUyDgb8eBT5Vt2QjmRXR9daQB4jwTpKVKjn8v5dNBnJguoWtdXaBrpUHrRofwsS3tJ5BktGmZ8Hc3UnwbKfesn,1787075386,2026-08-18T17:49:46Z,2z2q5gk8TDgqCidzkXkyevXH1aDaVjWL8cQwoRbMF1Jq,sell,0.003613333,461.57646199400006,7.828243633547693e-06,raydium_cpmm
Hgu9gtyCSNyhC6MqVK8oFgv5TveMUjsuxC2dNXgMSzMXXLKj9EUCxgJTZ2qaFPwSm7TVgpbpNXiWTPTB6rGzjnq,1787075386,2026-08-18T17:49:46Z,GjGhvk8AdrQQnyhfGcaF3TNLo8tngc42QELQMoBkTGaD,sell,0.040393317,5234.458892782,7.716808523551484e-06,raydium_cpmm
3cGxh9GY8sxRErHoWBFnAgmh8tPjYEkwosj5r7TNa6izzM1h4QkC3YzXCdhggdXhFuCxxPdQEhKXwkBrLihsee1k,1787075388,2026-08-18T17:49:48Z,2zXpLvhzH3BTAoaNpDRQPUKZqPZiQdDqc29d8wdr4UNz,sell,0.9397244010000001,117406.95970322494,8.003992296328815e-06,raydium_cpmm
5F3zjGLwNQYxVjy6ErG7zWT7hTwPNFdjxaDJKzYG65EW69wK7vCnbMo1BxqMoN3BR5XfUXNKRV7CoDRN6bqXa7UG,1787075388,2026-08-18T17:49:48Z,2zXpLvhzH3BTAoaNpDRQPUKZqPZiQdDqc29d8wdr4UNz,sell,0.896841325,117406.95970322494,7.638740729399583e-06,raydium_cpmm
2kAYddKV4JiDTyMnbovuTVxQfPHvQwKik7VM3bCmBFXkWvB4ooeVoJZv2yEvyPFiDV4kgLyKDs31EAqhykMyDEaL,1787075388,2026-08-18T17:49:48Z,4AXv1nmDRxosiz2Zr5bn4veEg63Ty32TParXHnTpQhzG,sell,0.8942435120000001,111430.29623731808,8.025138065643205e-06,raydium_cpmm
5h5Z9q3RiNpG2EXff7K9WMiPrSnoATgRJUcEhvRi9sSWBYSKt2PZc6YSXo91bJjcqT71htBKVUjzYG2tAJWM3J6C,1787075388,2026-08-18T17:49:48Z,4AXv1nmDRxosiz2Zr5bn4veEg63Ty32TParXHnTpQhzG,sell,0.852196182,111430.29623731808,7.647796073206515e-06,raydium_cpmm
2sswgrWevw69TAMyYji7HohJ5SE3tcv9gooQzrEr7pF87sQRm2hsh9MWp9gWMpVhCvBkmCdvn5ShALtK91vdw1Yp,1787075388,2026-08-18T17:49:48Z,5ZJYjAUVMLAJGccsEMV5SNjgnBHduumHyMjjHUtSubkG,sell,0.9952431310000001,124157.31813080818,8.01598444605129e-06,raydium_cpmm
3TLu6oQmQG7se96VuMziorUccUuuSMjve3Up3VvFUVhFLWEADAQo8LxFWEfR4Da2mszUB83webVRK7smhXGHWwvB,1787075388,2026-08-18T17:49:48Z,5ZJYjAUVMLAJGccsEMV5SNjgnBHduumHyMjjHUtSubkG,sell,0.947217291,124157.31813080783,7.6291700341178825e-06,raydium_cpmm
57N6ybDUQQpKnU1ZfQdVC7V672H82pKFzW3wA2WnFRUVmV1tHevLnvavK32Hnj8B1jyAFusXvqL8ZFCVcK7peram,1787075388,2026-08-18T17:49:48Z,EyVaGh2eyp6zFPWLAiXx8wzEjn98VktPaANra78vkAKm,sell,0.924055741,120650.70747120294,7.658933464775204e-06,raydium_cpmm
5gN5UuXukFd8U1JH6x1n5X8NJgkPjm76MgkH4A6Uv22LN62gPoRsCijJ1Tpvef1GukrCGH21Ro9ZZRU8CpyRSwSY,1787075388,2026-08-18T17:49:48Z,EyVaGh2eyp6zFPWLAiXx8wzEjn98VktPaANra78vkAKm,sell,0.962920309,120650.70747120306,7.981058123756383e-06,raydium_cpmm
42pgztz2JNrWUcUviPRZzsywjKKZo3L7q8Dj8edJyk6rtWn5XE3m7yXdpccNu8SBnSAG67vJ2rxHw2UXCmScqfg8,1787075389,2026-08-18T17:49:49Z,2zXpLvhzH3BTAoaNpDRQPUKZqPZiQdDqc29d8wdr4UNz,sell,0.680160676,93925.56776258,7.241485914881809e-06,raydium_cpmm
66yBskzumUh8Cx4k9AtbzdgyAjKYnFiX1VBwRuP61RjJ32R1EdyjC1qCJd2FBPn7MtHsJ45iCsAX3cTsUuGCJMq,1787075389,2026-08-18T17:49:49Z,2zXpLvhzH3BTAoaNpDRQPUKZqPZiQdDqc29d8wdr4UNz,sell,0.784193859,105666.263732902,7.421421287140868e-06,raydium_cpmm
C9z1FeLtom2NEAtYCppvVzAiLiWcX5VrG2SP55gHAGDr6JizF8UAKddCrqpUntRse6vX3WS16Ps9ffYTmknsR65,1787075389,2026-08-18T17:49:49Z,2zXpLvhzH3BTAoaNpDRQPUKZqPZiQdDqc29d8wdr4UNz,sell,0.688316445,93925.56776258,7.3283181714683835e-06,raydium_cpmm
3ZFcwMq41AtKDeHV4JLMM5tQ2b1JzQqXChnmn6A3AhGVBBbnGGnFkBfvzq3LvgiCecv43HjrtG7vEd9qGWNTN1dW,1787075389,2026-08-18T17:49:49Z,4AXv1nmDRxosiz2Zr5bn4veEg63Ty32TParXHnTpQhzG,sell,0.745037771,100287.26661358599,7.4290365682283855e-06,raydium_cpmm
3on7gNydt77hYBBWd2jpL3vanqt3frDfMxuXt61JMk5XBTvA1S7cXLG6aMde2REuJyKqHczi3KLRFjEGxK1ofemG,1787075389,2026-08-18T17:49:49Z,4AXv1nmDRxosiz2Zr5bn4veEg63Ty32TParXHnTpQhzG,sell,0.644804925,89144.2369898539,7.233276617459741e-06,raydium_cpmm
DhQyrkomyX37biRd9SvYkuXGEZwMheKLQ7ueX1i1PHJPjepnTzg9it2xhh8zbcNtAN8bhGBqX1b5nqYewv6ipt1,1787075389,2026-08-18T17:49:49Z,4AXv1nmDRxosiz2Zr5bn4veEg63Ty32TParXHnTpQhzG,sell,0.653850422,89144.23698985402,7.334746968269168e-06,raydium_cpmm
2eaHxDSz4kHHiSNh8pYqaCEuH7XFyQFeHEcTamtHJ914FhVrmRiDr9pTeXwyRb7jowHgGiLdX3afoTw82fysFHoG,1787075389,2026-08-18T17:49:49Z,5ZJYjAUVMLAJGccsEMV5SNjgnBHduumHyMjjHUtSubkG,sell,0.720124691,99325.85450464603,7.250123289564206e-06,raydium_cpmm
5CzjBQGw9e6VnzYh8t76tB8UwrzGmgtL3C78wKtvEqWhs5oanJTjbNn2Xkpsspa1kHVcRcsDbuZsQon8VGPN3Qxw,1787075389,2026-08-18T17:49:49Z,5ZJYjAUVMLAJGccsEMV5SNjgnBHduumHyMjjHUtSubkG,sell,0.828380869,111741.58631772711,7.4133623505627865e-06,raydium_cpmm
6DG5HGGAMXSWskEDEhEbDBbUCrpqrKMEZuX3Tof18ZNaojegT8ipKNC2xynDT7t4qw8sQV4bApDYKS2ks6zMq7b,1787075389,2026-08-18T17:49:49Z,5ZJYjAUVMLAJGccsEMV5SNjgnBHduumHyMjjHUtSubkG,sell,0.729479043,99325.85450464592,7.344301709137362e-06,raydium_cpmm
3tu4Pp3dZCf4agj6kQVwi9oGhmJ7G3eCDqgWFryjQPVcBnLWXQ98MDQwtnsFmKZwHnCuVKqVBSHZMrpSLDRP3sHs,1787075389,2026-08-18T17:49:49Z,EyVaGh2eyp6zFPWLAiXx8wzEjn98VktPaANra78vkAKm,sell,0.807760257,108585.63672408299,7.4389236124527736e-06,raydium_cpmm
4TYB2mgoXj13XfJrW8FjbxRTwjzwnKPWjRCKQytA3vF1wPr1TrdCNXmfc2d1CmK7p78H2gxQo191VGPozJM9xESr,1787075389,2026-08-18T17:49:49Z,EyVaGh2eyp6zFPWLAiXx8wzEjn98VktPaANra78vkAKm,sell,0.706639044,96520.56597696303,7.321124123626218e-06,raydium_cpmm
BXGa7DaVZ1UBXWvQ3UD6uhh3dTWEYUASb1hNpH6f3qccPNZVMavseRUV9kjQCKadXzAz34dnzaNzJCPESUwBYTx,1787075389,2026-08-18T17:49:49Z,EyVaGh2eyp6zFPWLAiXx8wzEjn98VktPaANra78vkAKm,sell,0.697590758,96520.56597696291,7.227379480622791e-06,raydium_cpmm
3wvuTFB24A9okTXbFJw8BDftVwViVvDSMygrb8BGVZUuhFGrWANvnsm8qDwV9UiCHz3MREywu4nt9mGRiMnjptrr,1787075390,2026-08-18T17:49:50Z,2zXpLvhzH3BTAoaNpDRQPUKZqPZiQdDqc29d8wdr4UNz,sell,4.641541282,645738.278367741,7.187960567759144e-06,raydium_cpmm
4AXu6zayKfBCmaJq7wbXiRG76N8Tt5tqhmFU1gCqPD19ayfGzAcizfj8Cmjj748kFc59RTGMc2beR9xG5D2yztbW,1787075390,2026-08-18T17:49:50Z,3KEdzpSYJ7sXfHKpVhSF2Qj6ZAjd3Q3dugFCZ4umWvkR,sell,0.120550151,17329.138552632998,6.956499922593299e-06,raydium_cpmm
3xNP3tLq1WEgBi9hL9fV2Xf2UobXWphkA2zNEoQgbqCDaiU3NwvQotGhUMvbNJk7r4BaphYHiEKYJ3F2vXPN5drh,1787075390,2026-08-18T17:49:50Z,4AXv1nmDRxosiz2Zr5bn4veEg63Ty32TParXHnTpQhzG,sell,4.343919482,612866.629305253,7.087870793233231e-06,raydium_cpmm
5DpXeruKWPUVGt8a5AhJ3JZL1gvg5voAXRdXRQnVgEzdN8Wa2geR9ugdR1E3ebnhr5dqNGtY2oDJwKrJGLwNQNF1,1787075390,2026-08-18T17:49:50Z,5ZJYjAUVMLAJGccsEMV5SNjgnBHduumHyMjjHUtSubkG,sell,4.806593264,682865.249719447,7.0388605452902655e-06,raydium_cpmm
5yybam5br3a7xVVs24e1gfYFjqf8PcUiv61cgcGJKEbiESToU2PrxNdcifZKfFxBqexWkm63KJBBxgscJ3xsKCAh,1787075390,2026-08-18T17:49:50Z,Act5xzJ7DhXrdNKbRw1yTzQUmT4hYtAPgFKTP5WzPBva,sell,0.134645935,19342.54831429303,6.961126983485645e-06,raydium_cpmm
4WHB3kcu8S5S6keVGFYNChMN9JURFvTNueeH3jzCSpfnY8Duz5xZiB2VPDiNA3NUeR8eej1S3iqeFj2XiJN9rkc7,1787075390,2026-08-18T17:49:50Z,EyVaGh2eyp6zFPWLAiXx8wzEjn98VktPaANra78vkAKm,sell,4.736070401,663578.891091624,7.137162535729402e-06,raydium_cpmm
M8fnrPMpcPBFZ1NBDqPysJucb7hS4GGNf7YUj9BF9rQtu84MJspMcoUGC2Eg7ng7r5JaHh6A2BYppH751wT5pZj,1787075391,2026-08-18T17:49:51Z,93u5BsWsPxuLRzcDqwecZV9TiXEV7qNavef6fscPnSb5,sell,0.5334847500000001,90128.682820862,5.919145085703115e-06,raydium_cpmm
4vLuAsUBon5XGodMXFETPS7nHFeDrxwJ844Dt33vwsK77MPoZ8u6frFau1LDuZNUpWDjpwT8Bx5VLFWTKro36iFo,1787075391,2026-08-18T17:49:51Z,GEPiePuVYQcbShk7ACa2YASeLuRHqvcSZpS89keWZecG,sell,0.526679297,89057.751081414,5.91390744325584e-06,raydium_cpmm
3KNQCGbkHWwDX9tBmUzuTTrLjjBGAPMbCrT3am3ksT7V2yMG8SQN2C2TmU3dFweMGgvtgM1anBDikbS8tnKPAGAL,1787075392,2026-08-18T17:49:52Z,93u5BsWsPxuLRzcDqwecZV9TiXEV7qNavef6fscPnSb5,buy,0.641854338,99560.587791081,6.446871721437343e-06,raydium_cpmm
GuA8FUAAZLATNLfnRdMMX8z1BfaNBkVL1xDZEpRnVsAqsffeRABNoWxE1XVxtjjgFcrZv9Gg9H6MppTJf8pcegs,1787075392,2026-08-18T17:49:52Z,CypyYaGszgtj77VMXJBvp4vWu9jn9mRCbv1JMrXuGZft,buy,1.666002419,258792.585521897,6.437597180924783e-06,raydium_cpmm
4NsPBrMxCH3v8wxcgYy8fd37mApgcv7B7F1XLCcxc7rA1jbeZqiPHzRvCckr9saAeeDiJLHDowseb9QyG6v8ZAoE,1787075392,2026-08-18T17:49:52Z,D57d6AUh7sdQuvXUmNeJwojL29b14uhA4hRqRdiKTvbf,buy,1.376932647,212794.940432933,6.470702001648251e-06,raydium_cpmm
2ja3LQgqWhefFukpgey4rTirFLNFe7kAzyhspQdmaWYk6D6MHTkzDcK6Xw3ArFJfYUW18ahfKzAcF8LS1D2tfhan,1787075392,2026-08-18T17:49:52Z,GEPiePuVYQcbShk7ACa2YASeLuRHqvcSZpS89keWZecG,buy,0.7020183489999999,107482.521426425,6.531465206466639e-06,raydium_cpmm
5NP3nq9Ms1mNXyqXVuiEPQ4zz3upzSdyVVTv9ncWxkwYTiKgSxiwHKAGZG5EoHKACs158kxzYvJq66KA4Q2ANZHp,1787075393,2026-08-18T17:49:53Z,A1igHDVAzKcGUAbVMFV8HrCCSUfcs5YzVfW3i9895pdW,sell,7.294191891,1155541.276659263,6.31235944430123e-06,raydium_cpmm
3gquhXi2TzViBYgzbfstYpwdBzYEE9sgvHiVL5Ru96KnVnxWUqRUWEb6wesvPXSnh9pZ7fw8K86xQNZvqhQ2pUR9,1787075393,2026-08-18T17:49:53Z,Ebux1vXaJYiugKxnBNgQbsBjbjjFK1K2k1zXjkD3tqDk,sell,7.219833459999999,1117733.356344698,6.459352240869757e-06,raydium_cpmm
vV9Rv2oeKtBQGrsN9gwQaPdRrhJANjz5ZbtUHHUg8CMQYitYiNjnT7VRhKyFTTwyp6LAi3UEXsawwnUH46Bkdty,1787075393,2026-08-18T17:49:53Z,GpNHGPQXQEnrrbL8paxGdEWrNEvdFcZFVtC6ztMoYuYo,sell,7.1951000359999995,1153281.49843347,6.238806436913518e-06,raydium_cpmm
3wZmyprLCyDyvuVmCCcHAhXva13eFqj8bcegUMDJoQjx3Lvs7riP8nED1wnk129Jdozh1LBVYLZw3pCPHBBzSxvG,1787075393,2026-08-18T17:49:53Z,ZZGtLggQHdZ2LgkDtnbJ1eVQMYLpQN7H1fjCGZAw8G1,sell,7.104888549,1112611.016111438,6.385779437841178e-06,raydium_cpmm
3iKa6i3vn6hcmkC2d37wDk3pRQrPLUzs5cQxvh2sufQ3eE7buaY2kLy7aXJx5hSiEghay2EVyfiLSXsdpCu5bNN2,1787075394,2026-08-18T17:49:54Z,2z2q5gk8TDgqCidzkXkyevXH1aDaVjWL8cQwoRbMF1Jq,buy,0.00803928,944.523121827,8.511469771591768e-06,raydium_cpmm
2idtzySAfiSssnw89jbHWLbHtqCdFKzb43RRPgdVFPpLgK4cxBSiTPd1MVZPTS1i1MNZgiextSdXsJgVT3bkBHkJ,1787075396,2026-08-18T17:49:56Z,2z2q5gk8TDgqCidzkXkyevXH1aDaVjWL8cQwoRbMF1Jq,sell,0.004913402000000001,944.523121827,5.20199229267777e-06,raydium_cpmm
59Uy2PsNYZyu7NYtbNL2JQoRQ1ZYuTchRLr4ztZWtALRQW6ryaeU74hgAS48ZgdQis4svmCFiapgar5JrVUHvVZw,1787075396,2026-08-18T17:49:56Z,CypyYaGszgtj77VMXJBvp4vWu9jn9mRCbv1JMrXuGZft,buy,1.202761576,223530.730206954,5.380743734369022e-06,raydium_cpmm
3y2hGMyQViCCT3bGhAQ87ksEH9xrfRywH2FbCetqcHkhdYCxxt9J6McRXUer8hRbXarQuWBmzWJjDX4xeoM8d1si,1787075396,2026-08-18T17:49:56Z,D57d6AUh7sdQuvXUmNeJwojL29b14uhA4hRqRdiKTvbf,buy,0.8361534239999999,154008.51030964797,5.429267657474501e-06,raydium_cpmm
4sWwP5gbgsYjbXYQHGKSDskpBff2tDEaAqzayQnKajQJJHus8YuaWm95ANCay9zNtV5DT1SCN67N2qbACDPWM7qe,1787075397,2026-08-18T17:49:57Z,6KsuesQQGfqZcqEPBKXgT5iwvZHhUgf6uvtuzQNigxgK,buy,2.3734905609999997,402700.912625631,5.893928934813475e-06,raydium_cpmm
HsL7QE4DR5phzDx64KmYtZyUi7Cn4su7YLZLYMX3ykPo9q3ZgCGHNDQKFmfudRk57bjKN9taMDa95ExhUQHwo9p,1787075397,2026-08-18T17:49:57Z,H75xFpTZVYVzamJrPQHkbGqdWpq4zsZzUiW7L7U7GfQ8,buy,2.15088571,366250.886125327,5.872711279295009e-06,raydium_cpmm
2ukX2iiVHyonGVDaZb6UfEfJv2aDiWRQfn65ZipmDoYku5Njo9CFzdQhCtDhWRkjYChqKLNhQxbVLNxUmJbr8krs,1787075398,2026-08-18T17:49:58Z,H75xFpTZVYVzamJrPQHkbGqdWpq4zsZzUiW7L7U7GfQ8,buy,2.358470019,397892.74202029407,5.927401457550861e-06,raydium_cpmm
2eVbz11rYhw8U2U54G3eC4igLDQkmZq6Jc3Uawry51wJUNtXWqMJmvr2w8C5mgz3Kkif2FMMzezx9QtHmJSBUQPX,1787075400,2026-08-18T17:50:00Z,8n79PwcyrybEECM3ghGetPnm6Y2SRBVzJNd536Z1C1PU,buy,3.0096734919999997,443348.170305677,6.788510009920439e-06,raydium_cpmm
523cvzZkRrHE11BPqhMJJ4TFWtiPCgfUG4Yy1W2YKDRZkPqH4Lf814MsLhDS5Lqon1UrVnXFG9u6Je7exukwhgaJ,1787075400,2026-08-18T17:50:00Z,Ahekwy9V7q2tmqJdTX92TAtEHM4pafQbsfc5oLakbZs1,buy,0.202374754,29930.310564960993,6.761532044940334e-06,raydium_cpmm
25JFN8Q7m5CRP8QgP24A37943k935Fxe3hyZkMZoipYhkCqNGNYMwcTeY2MT6ME6AAEYHHkyRn1wLbeZyMxdN918,1787075400,2026-08-18T17:50:00Z,C7PNbARVAHeskaefdcu7fy21dCN3qNANKuT6Cka2av4L,buy,0.10821871999999999,15932.10900534701,6.7924918140894254e-06,raydium_cpmm
5JWBBaVxN38VkerTobD4XzAb4nciYxEzZdm9xKCb2xv6YN8w9Mi3SWJDcuXfpqCeHdbGbr6VTiatscjZ5DP4kgkf,1787075400,2026-08-18T17:50:00Z,CypyYaGszgtj77VMXJBvp4vWu9jn9mRCbv1JMrXuGZft,buy,0.903835613,131309.250761759,6.883259235405086e-06,raydium_cpmm
4QVTD6X1mPimf8ziDTfW8F8USvmuhHZJVYMZGQHxfzdkRTNHKvCdwB2cPpQt3zzpDi8cYDHfMTSonerfQEYdviMK,1787075400,2026-08-18T17:50:00Z,D57d6AUh7sdQuvXUmNeJwojL29b14uhA4hRqRdiKTvbf,buy,1.135132812,165397.02042825107,6.8630789663615405e-06,raydium_cpmm
qgvpT3Y6F6nrCV8NUjhbePBkSyXJE5ZQ5mQmijh25nSeXuq7LDwpzL2R5NhrmtA63Tc3TLcTuAyP62d8kaqrT4c,1787075400,2026-08-18T17:50:00Z,JAGPLMkgPWRxFJekMU8DRHRurw968GGYHRMEKUWheYcD,buy,0.192406526,28457.366392647004,6.761220393525777e-06,raydium_cpmm
2bAwR86xY4uqgBZGwqcuB2ygyosbYc3UUNbttdWEzKgqqfRd7mVFQDLMTLc6L8mUYerggGnYg2CeDuSmctrj75A2,1787075402,2026-08-18T17:50:02Z,6KsuesQQGfqZcqEPBKXgT5iwvZHhUgf6uvtuzQNigxgK,sell,0.468023824,68459.15514635702,6.836541044063781e-06,raydium_cpmm
66EWxVVaFgVU7NxzCPxBNDHBjeq41XjjKKjehD55o3cGa92umds3oa3h8uzZWUMfwtDN3mse5PVgKvwtDeBoEdeu,1787075402,2026-08-18T17:50:02Z,6KsuesQQGfqZcqEPBKXgT5iwvZHhUgf6uvtuzQNigxgK,sell,0.460388582,68459.15514635702,6.725011154691398e-06,raydium_cpmm
3korZycHtRgP4ZbCSr9wSFjAjzD1GEwyHBhiFSkqB312Z6VLr9nRtJMgQSj8U265KZdSvHnQ32CWwBd9VxjmJF3s,1787075402,2026-08-18T17:50:02Z,93u5BsWsPxuLRzcDqwecZV9TiXEV7qNavef6fscPnSb5,buy,0.36291454199999995,52186.77069989301,6.954148285721462e-06,raydium_cpmm
34UC1A82YYg5Pc3meEK7mvbkrhVCUa3Wbvs9CxW9G9ncQaD2gVKMr7fNdXGoaNDgnDQKnChM4VV15WCZkeUGxvLQ,1787075402,2026-08-18T17:50:02Z,GEPiePuVYQcbShk7ACa2YASeLuRHqvcSZpS89keWZecG,buy,0.33665025899999995,48434.68245980001,6.950603202145779e-06,raydium_cpmm
2YuJc1YCFuXoBLK1aU8QZi76QLKqa2S6NCD7Y1jqMznEcwWX48inoyh4erm67H3898V7DP8zgsowgPniXbinUrJY,1787075402,2026-08-18T17:50:02Z,H75xFpTZVYVzamJrPQHkbGqdWpq4zsZzUiW7L7U7GfQ8,sell,0.8873081119999999,129904.41678475507,6.830469155411581e-06,raydium_cpmm
a1jLZqeYfiaCUQhucmYaA1hDxmKjYPPge8ruEf2ZQ4vzoivL2DakSmWk4n88124nwG5fXFnqx2r7KZQnuo2y1Nq,1787075402,2026-08-18T17:50:02Z,H75xFpTZVYVzamJrPQHkbGqdWpq4zsZzUiW7L7U7GfQ8,sell,0.875345841,129904.41678475495,6.738383980048991e-06,raydium_cpmm
5HyN3xd2XeA3GGW8mh33gtRBwXF8nH4D4SAm69TTWbG85T23X37bMPerg4qtiMFXQRFB83m1KyFHeyzCG4Qj1ThH,1787075403,2026-08-18T17:50:03Z,6KsuesQQGfqZcqEPBKXgT5iwvZHhUgf6uvtuzQNigxgK,sell,0.297664708,45183.042396594974,6.587973987834698e-06,raydium_cpmm
5gAuPtbSiQk9nqEQkLfB6YXMYcvJ1ZtiA4jmA54Acuq86bbUCCkFodNXtF6BNzVvg1gP2hF9HS5DZuRekTBqktNV,1787075403,2026-08-18T17:50:03Z,6KsuesQQGfqZcqEPBKXgT5iwvZHhUgf6uvtuzQNigxgK,sell,0.292780327,45183.042396595,6.4798719048202906e-06,raydium_cpmm
3ZHPji3XQT7yuqdjjjDXmCppwSWM8uHxuoY2WoJ49TVcy6Dj4cpLJYsrk4ySCZMenJvnPcbPFgvp7BJwV5Sr3Sj5,1787075403,2026-08-18T17:50:03Z,H75xFpTZVYVzamJrPQHkbGqdWpq4zsZzUiW7L7U7GfQ8,sell,0.557045527,85736.915077938,6.497149174234053e-06,raydium_cpmm
63VdFJStSkRWgsZCAvC3NxXwPsxPgVAdrJPfqN8gpJygiRfzXZDKVLCZirUtoVbVpmXPZoSEt3XJksXqacjAmRfU,1787075403,2026-08-18T17:50:03Z,H75xFpTZVYVzamJrPQHkbGqdWpq4zsZzUiW7L7U7GfQ8,sell,0.566330187,85736.915077938,6.605441617361497e-06,raydium_cpmm
bXEHqaYbtq66onfwYBxbKU5YBMop7t5s6edmxsdMkRMhfnYCZcVMHHFsGSyHyTssqb2iDvX3bqBrS1XxVjKboQi,1787075407,2026-08-18T17:50:07Z,93u5BsWsPxuLRzcDqwecZV9TiXEV7qNavef6fscPnSb5,sell,0.760917676,151747.358490974,5.014371805656569e-06,raydium_cpmm
kXcHzScmL7ipgZqEjNnTty4YPnkQPdMRgwAcyBUR43vquLCE1viToXoXzdgaeHL6En5vyeUk7Fa3WYiHaeg9761,1787075407,2026-08-18T17:50:07Z,GEPiePuVYQcbShk7ACa2YASeLuRHqvcSZpS89keWZecG,sell,0.782920411,155917.203886225,5.021385655243716e-06,raydium_cpmm
3o8qpFEYQfcjJa2FYJivgBTVHffvqCtshW3RTRgBmrDUunUsWzweYCC9b1a99yWvhN6urKRBfsUPiRAYx8jBkxQx,1787075409,2026-08-18T17:50:09Z,6KsuesQQGfqZcqEPBKXgT5iwvZHhUgf6uvtuzQNigxgK,buy,0.672069511,155869.245201094,4.311751879807544e-06,raydium_cpmm
4hvYmzDa3swcZjeuTasEGpnPXDqWj2pAL1apH1QbhZ65rVua2mU2htDWMd6uRGBfVXLMmKGLJffs5mMvptQ9dKyJ,1787075409,2026-08-18T17:50:09Z,6KsuesQQGfqZcqEPBKXgT5iwvZHhUgf6uvtuzQNigxgK,buy,0.662359899,154878.75912544003,4.276634851287379e-06,raydium_cpmm
31Z9qLgW4NEGs4kufUmrKANsTi5rwKc6GEMvtGFBqatrsK3dD7vtMwMWXoEZp9c4YkCa7Q35MmZ55omAsi6VKGXn,1787075409,2026-08-18T17:50:09Z,H75xFpTZVYVzamJrPQHkbGqdWpq4zsZzUiW7L7U7GfQ8,buy,0.628148036,145851.23699479597,4.3067720846441135e-06,raydium_cpmm
5kZ3rafFdLqk6YQoVBADum2E3SVNcdTkSKvDBD1nWRauLJkQjQHqRXcGvkQK93W9TF5QF5Kt6u7rJ2K1jMQXDRGU,1787075409,2026-08-18T17:50:09Z,H75xFpTZVYVzamJrPQHkbGqdWpq4zsZzUiW7L7U7GfQ8,buy,0.6799997130000001,159215.97229473398,4.270926485574029e-06,raydium_cpmm
H48kGHxZAcnW63vfhhSU8d9ocC8AXPuxKQ4P8duSF3UzVFVvvyQL9k2VyFcnzaSFuoicaRPNy9cq3Megdy1yW8U,1787075410,2026-08-18T17:50:10Z,3DZNVBQxpaowav4Prz5fwyTG8ReNW6aL118Mod8fJxrg,sell,0.497323023,119849.69040766201,4.149556175809746e-06,raydium_cpmm
2VcdRao7gaDwEGqhnXqGZ6PBd7CS85CgZS6QmtZdfqyW7Qfyiph3Q1qY3FVojWbPFzDNSyso8fqWgpwJZ9KWzM21,1787075410,2026-08-18T17:50:10Z,C4eNLxxC7XLUivghMi35YUeSfvACgnvKB18115uPUqjg,buy,1.0001,240752.90116320498,4.154051706824658e-06,raydium_cpmm
2xQ7DtYqiprqLw9Bbzi8jkDKkjsoT2A62h5fRDX6VNswewDeQo6pdLLarrDGRnzkniqBU8bAh44x6nBycqnK8tqX,1787075410,2026-08-18T17:50:10Z,C4eNLxxC7XLUivghMi35YUeSfvACgnvKB18115uPUqjg,buy,1.0001,241934.917744514,4.133756339612444e-06,raydium_cpmm
es7owaaPkWnfRAVEZe4pcgZQ3y2Wccb9eBAD7826awYcU18N1uJxRTBz6SrCLxt3njHHdCFDB4zZBrVqVcPkpx1,1787075410,2026-08-18T17:50:10Z,C4eNLxxC7XLUivghMi35YUeSfvACgnvKB18115uPUqjg,buy,1.0001,235322.83166564698,4.249906364466024e-06,raydium_cpmm
641rVvTRXWfRwSU9iFqHe8ytHBMRXzfsPNmo9jPgSxHcMo4vHPvnF1Rnxte2HXKggxMJn6ALfnZYsXTghsXUc3dr,1787075411,2026-08-18T17:50:11Z,2z2q5gk8TDgqCidzkXkyevXH1aDaVjWL8cQwoRbMF1Jq,buy,0.00803928,1283.812629892,6.262035294571218e-06,raydium_cpmm
BMcyuGATddRZCS6SYoobDLvzQA3XtBeCEQqctxKJMuAY4VsJiWHvb2PKmujT8xUUMnEd3PVSWXDpktBy2FH2cqR,1787075411,2026-08-18T17:50:11Z,A1igHDVAzKcGUAbVMFV8HrCCSUfcs5YzVfW3i9895pdW,buy,2.563622203,565043.433795565,4.537035650125842e-06,raydium_cpmm
3PC318FyFEjxQGsVTZKQCTVAerA7sb3XFSYn8yy6g2io8iU1Ycm7D1UxAQncGNzeMhU2jow1DApbJY387KfoHumf,1787075411,2026-08-18T17:50:11Z,C4eNLxxC7XLUivghMi35YUeSfvACgnvKB18115uPUqjg,buy,1.0001,232168.202619578,4.307652765175281e-06,raydium_cpmm
JYgZAvNecYqmUcpTbKm4b6kJ4Wo6ZYdrn6Yp4Rk866D6KGZkj7vjExreppAjs9cVPPZ41DbHVQGhVnrE74eE7Xp,1787075411,2026-08-18T17:50:11Z,C4eNLxxC7XLUivghMi35YUeSfvACgnvKB18115uPUqjg,buy,1.0001,215348.6573262351,4.6440967518313e-06,raydium_cpmm
Qe36qccWAuDZvdqSiBykJmjP1GPcKx2B2J177N67eAywVZgDLL1meuUVoBaRbSPWrQBRZQNYJ1arvpMfEp1MEwr,1787075411,2026-08-18T17:50:11Z,Ebux1vXaJYiugKxnBNgQbsBjbjjFK1K2k1zXjkD3tqDk,buy,2.348668445,512630.902048401,4.58159747220671e-06,raydium_cpmm
3Mi6BKqKjeQHp1nPrhqdeydd6nEHAQSbrfGXo8z7sdYidCFaTUMwsfMfinzRsH1w6GM8ckgc3fmpseGKhBPd6f7F,1787075411,2026-08-18T17:50:11Z,GpNHGPQXQEnrrbL8paxGdEWrNEvdFcZFVtC6ztMoYuYo,buy,2.396550131,515075.958387922,4.652809147801601e-06,raydium_cpmm
4sPDRyRAm68aRCR5NiokUZrXpu9woJwULwXrK1wHNJ2f8rQtRCCxfQTnMypaXDGRjZmBSCjbHoWWFy3sZQbtmpiC,1787075411,2026-08-18T17:50:11Z,ZZGtLggQHdZ2LgkDtnbJ1eVQMYLpQN7H1fjCGZAw8G1,buy,2.703159221,592898.739404243,4.559225785698568e-06,raydium_cpmm
55MCNq72sf64L89Tb5AfoyW8ByPiNgnodi87QcEANkCC5unsCqWtaD1rbBPXSRyLepP7dGa7XW1hXzcXRGJH1PRg,1787075416,2026-08-18T17:50:16Z,C4eNLxxC7XLUivghMi35YUeSfvACgnvKB18115uPUqjg,sell,5.568446944,1165527.510519179,4.7776194845195545e-06,raydium_cpmm
4Tv9H4XK1tiqpnoBN22Cu5KMsYBhaatNCCs6ThFs2Yvr7XdbHwPhzpQ4MquQi4tJppZ73Lsz4y1BkrQhBKiQTcLi,1787075419,2026-08-18T17:50:19Z,2pUUZYtokRgDV2YzL6M5pjb1jyoHE367yU1sdQ7ac3ea,sell,2.925498931,749169.404178984,3.90498986568473e-06,raydium_cpmm
2KLW4eReuJG3YC4oKNK5cfjH7vsyayjuX6dYDSzUgv3T8HzzY73C7eZtQxg6fYwp2C2TrHXUzHetTKuiN8LNbwp9,1787075419,2026-08-18T17:50:19Z,6KsuesQQGfqZcqEPBKXgT5iwvZHhUgf6uvtuzQNigxgK,sell,1.873684049,486164.521866261,3.854012303915981e-06,raydium_cpmm
4m7vMgb4ESPHTnQaBQkfTFTVboCZc3oqsTQT3QegPwwsH8czH8fWHtVu1LLzgUizA4ukqfGb5s5PLeRpRskuciYb,1787075419,2026-08-18T17:50:19Z,A1igHDVAzKcGUAbVMFV8HrCCSUfcs5YzVfW3i9895pdW,sell,2.250956171,565043.433795565,3.983686981157638e-06,raydium_cpmm
KxgUgowuehuo3RZxyJCzT6Hk97avKr6dAGA4kSaZcXxPXPqQQDsvwDimXQFe4acsPT1uHiAGqcjZYxUdk5cdY84,1787075419,2026-08-18T17:50:19Z,Ebux1vXaJYiugKxnBNgQbsBjbjjFK1K2k1zXjkD3tqDk,sell,2.0593869419999997,512630.902048401,4.017289893705157e-06,raydium_cpmm
2q7QPwJD5dV3L5jjNtvbSUGx1b3tHDUE5YBKpE9eEfWSuqBp9AYk7bak1AnZVWjfq1MV4iP3MzqP2yDmhpqjc7QT,1787075419,2026-08-18T17:50:19Z,GpNHGPQXQEnrrbL8paxGdEWrNEvdFcZFVtC6ztMoYuYo,sell,2.060620073,515075.958387922,4.000613966626014e-06,raydium_cpmm
5cy9MgQd2gkhGUL5CtugPBtYAqJ2VGpActAm9at4XVqMWdohFsir62ULqCrLXZnNv6BfKusfTFuy51g1pqD22UP1,1787075419,2026-08-18T17:50:19Z,H75xFpTZVYVzamJrPQHkbGqdWpq4zsZzUiW7L7U7GfQ8,sell,2.469879368,637928.173709765,3.871720155635748e-06,raydium_cpmm
NXMKriKdgp58qAznver8FvsQXrHV3cpcB7Aq3fDT1viyVHx4AKVDgRpc56igzFz42N8Ci1bemwpaeN8Z7knVko7,1787075419,2026-08-18T17:50:19Z,ZZGtLggQHdZ2LgkDtnbJ1eVQMYLpQN7H1fjCGZAw8G1,sell,2.393040492,592898.739404243,4.036170652689491e-06,raydium_cpmm
jBNkaEYn9CZirtN6DVVY8RidSTFrAP2tsjyXBtDRCYUbbVHh7YaVkMF9gRt9E7vKvMXUYnMxCQc6eifhora1PSU,1787075420,2026-08-18T17:50:20Z,777777UupVYr364fUHXwqBRMnNaVcpAw2z3uhFkspnNn,buy,1.6684484880000001,456278.398087109,3.6566458000088654e-06,raydium_cpmm
2mbrowqvA5UmxWBVCuj2Vbo6PtdgJUGj13wPaQ1k8473WB4yRpGqtiUhS7ymfxDwBR4EgYFcoqgVgHj97kTrVvPn,1787075420,2026-08-18T17:50:20Z,CypyYaGszgtj77VMXJBvp4vWu9jn9mRCbv1JMrXuGZft,sell,2.183599867,613632.56649061,3.5584810621901924e-06,raydium_cpmm
22VgdMnwRpbzo6ZKiFuwD4nsaNNdrk3X7UhC6thvFt3jFjGj28tRgZghDgUCDhXf62Go2HDXRbMEnxL7dbnPoCFf,1787075420,2026-08-18T17:50:20Z,D57d6AUh7sdQuvXUmNeJwojL29b14uhA4hRqRdiKTvbf,sell,1.901900675,532200.471170832,3.573654624573801e-06,raydium_cpmm
ZHgbJVbvX3Qq7gVbNixF6o7XUpcMBHqSoFgp46aoQdaMQrTPQYRqGRTeRfqy4dfsJW3L1GFWJuKfKDZNuFVSdY5,1787075420,2026-08-18T17:50:20Z,HACKERamoyuTkkbuVnSWPNc5a5TDQH3U9vpp6zbrRKTe,buy,1.6684484880000001,454690.931194987,3.669412283229622e-06,raydium_cpmm
4S9RtA34A3MbKrRz6XkxSbq4WaZuzta7G4A8DCMUpbXczs8XpPnT6ESui6NANXeucZ8MSLrHPirNExz5Hs23fuxS,1787075420,2026-08-18T17:50:20Z,XXXXXsiKfM49XohyATcrYbRYBd9WWhDRM7c7vMYQNSd,buy,1.66844849,453111.737658637,3.6822009922350926e-06,raydium_cpmm
SeX1mFqTyGR5vxgZpWKuFtxmWDxGMdLWKqrJC5VV7TAJFiFWfwhvXGE9tTCY8o791xujumqXtspqiT83R2AkaBw,1787075421,2026-08-18T17:50:21Z,3KEdzpSYJ7sXfHKpVhSF2Qj6ZAjd3Q3dugFCZ4umWvkR,buy,0.259931177,72934.53262238402,3.5638972055361556e-06,raydium_cpmm
2LeHwLbERqikaVt6kd9qkqqSuNmWX8gBPBtmnXti45RsuWxkScJzYu5tfZ7LgohwxhznPmhLPARSJGGX9rYdwZ6K,1787075421,2026-08-18T17:50:21Z,777777UupVYr364fUHXwqBRMnNaVcpAw2z3uhFkspnNn,buy,1.6684509490000001,515631.65902329504,3.2357418707772237e-06,raydium_cpmm
5zqQKcp6qcCi3mMpzvQFiGyWwtu4uGhxeuxZi3wgTVF8NRNrq1a83NJXAdKPTyU5kMkfdm7CLr2c48GS9Hdk4WiA,1787075421,2026-08-18T17:50:21Z,777777UupVYr364fUHXwqBRMnNaVcpAw2z3uhFkspnNn,buy,1.6684509490000001,502847.545254439,3.3180055560493393e-06,raydium_cpmm
56AnsJUMwicRMCtXKZZvK4T9CP7KMLbaEgzKriNo9WbDP8zgXEViELhuEABEn9xUCSUJjNBZFm9gc9d1g2RyDh2J,1787075421,2026-08-18T17:50:21Z,Act5xzJ7DhXrdNKbRw1yTzQUmT4hYtAPgFKTP5WzPBva,buy,0.242068823,67939.18980553595,3.5630219272982158e-06,raydium_cpmm
5d4QXJUJKGqLrrnALhqXdfjZHvF5TkECsdNhb1QcNsXHFmmbQgUo9uBs53qLTS78VxPZadQcLnQB5jk5QBEC3hUc,1787075421,2026-08-18T17:50:21Z,HACKERamoyuTkkbuVnSWPNc5a5TDQH3U9vpp6zbrRKTe,buy,1.6684509490000001,513725.23385936004,3.2477496510454917e-06,raydium_cpmm
63P3nq6qc6oEkQLH891P7G2qnXmkn6gLXvfyfSzhn22DAMdb69S4QqhiC3daoyNMB52iWteF89TrpVqw9ErBskjh,1787075421,2026-08-18T17:50:21Z,HACKERamoyuTkkbuVnSWPNc5a5TDQH3U9vpp6zbrRKTe,buy,1.6684509490000001,506549.9515125359,3.2937540394941878e-06,raydium_cpmm
2LnhmXHApvViAwRb68LRW5yk8eTKmUgtkyxCweFe9pVHpPWy3GAVQcVF1oh1kDSksTVGE9a4CbCfUEEWQTmLC7Hi,1787075421,2026-08-18T17:50:21Z,XXXXXsiKfM49XohyATcrYbRYBd9WWhDRM7c7vMYQNSd,buy,1.668450951,517548.72004194505,3.223756308130333e-06,raydium_cpmm
4kMwNeWtcrkfPJuXxNuUVBTVGX7DN7kJKt1VzRDZVvBWjeuUtdH34nRFh2mDjn4H3eZzEziVBL8Z5su5C2ondu8m,1787075421,2026-08-18T17:50:21Z,XXXXXsiKfM49XohyATcrYbRYBd9WWhDRM7c7vMYQNSd,buy,1.668450951,504693.65432047204,3.3058686922593275e-06,raydium_cpmm
3wVykvk6BcqGYyX7Cd1yxCsFT5Phg7yxa1JzrijBRX7TpqxoRPRQ4RmyNiagyRcMmcXupAn6xRLHjuQdbY3vXg7x,1787075422,2026-08-18T17:50:22Z,2DCW6PvdpXwscZVanFmDLB7svT2STkUj2SuXSMR6C29g,buy,2.001,532346.736831718,3.758828337915675e-06,raydium_cpmm
3PeHDbophXPpVEdpahEdhB7zTFeW3FEW2Bqre71ZtaUMy98LVkFo1YrAvDWSvfQEAv1XoGu2o6bdeXxUfbqVaqXT,1787075422,2026-08-18T17:50:22Z,6KsuesQQGfqZcqEPBKXgT5iwvZHhUgf6uvtuzQNigxgK,buy,0.747235503,199776.95931258402,3.7403487647983805e-06,raydium_cpmm
5U7ZA4BKXuvqvtbEunir4z7CdvXKywb4HX7gbwjz9tcxUBR66LpLQ7MdMV8Dyh1aG7SzqBpjDZYxSm3Fn8qSx7Sb,1787075422,2026-08-18T17:50:22Z,6KsuesQQGfqZcqEPBKXgT5iwvZHhUgf6uvtuzQNigxgK,buy,0.738225652,194898.911291793,3.787736150535829e-06,raydium_cpmm
659YKeiEPHfJGpwde9r9AmS2FbixHNWnKo4LKHGappwd4CmSoFP6ML4izRTyo7W7b3LyfMYkxgaofJeMm2UaswBk,1787075422,2026-08-18T17:50:22Z,6KsuesQQGfqZcqEPBKXgT5iwvZHhUgf6uvtuzQNigxgK,buy,0.833291138,222883.32125417795,3.7386877282293725e-06,raydium_cpmm
3a3gU1Mc8CeqTMiunKgrn48zt3yd9H1JCDokWjMxeBzohv91HFDgvDF6yQ931nLPg1PnpqHDZcXw9gaPj4eEu2mR,1787075422,2026-08-18T17:50:22Z,H75xFpTZVYVzamJrPQHkbGqdWpq4zsZzUiW7L7U7GfQ8,buy,0.793337481,208764.632919933,3.8001526882394244e-06,raydium_cpmm
4cB6Bd4BfoRHyHRosoBwYpT17gq7cj7nvQDQAzSgs8uv4VAb533DaLZGXZEXguiegzCowSELpH4JddFQKo2FZ5wy,1787075422,2026-08-18T17:50:22Z,H75xFpTZVYVzamJrPQHkbGqdWpq4zsZzUiW7L7U7GfQ8,buy,0.741813068,197727.91007987305,3.751686181785573e-06,raydium_cpmm
VeSFmADMiMzbPpCWjtghET54MtpSNiHSzKVwu1Q7xY747rUPUYwFvvbRatSqV3S525sYUpqWF36jtyzRfkoHRJM,1787075422,2026-08-18T17:50:22Z,H75xFpTZVYVzamJrPQHkbGqdWpq4zsZzUiW7L7U7GfQ8,buy,0.853882935,229082.354871078,3.727405960535654e-06,raydium_cpmm
2qgmPwrHpLKXw4ScadPHjurSUkjmnb3EgJHBntxYWKi9QDUnLmL47LLkZ9ZwZy3sNwd8tCk3ZAazaj3aMBeHsL9X,1787075423,2026-08-18T17:50:23Z,3KEdzpSYJ7sXfHKpVhSF2Qj6ZAjd3Q3dugFCZ4umWvkR,buy,0.248830811,65778.24496700498,3.7828739748957425e-06,raydium_cpmm
3Y3d4br714PbTPSJBWNux8fSxxTp5J4tGw8D8d4WhtSVG2opwCJK2rhQhrSdumv6N7SDHwqqTUnD1jMnpLLiYWG7,1787075423,2026-08-18T17:50:23Z,Act5xzJ7DhXrdNKbRw1yTzQUmT4hYtAPgFKTP5WzPBva,buy,0.253169189,66964.20356560801,3.780664527010437e-06,raydium_cpmm
2pPnHJLru4bJYpfJm8g7F92vfH2HCciLTUAvdjJgwosNsGcNf6wd1v2zq6KgAgv3LsQB7JS7YYc5bUhbxP8yqZd2,1787075427,2026-08-18T17:50:27Z,2z2q5gk8TDgqCidzkXkyevXH1aDaVjWL8cQwoRbMF1Jq,sell,0.0048950980000000005,1283.812629892,3.812938030070477e-06,raydium_cpmm
3xpcRB14aAgigmJEjazr4F9EJA955NNUwbRa66CmLaUVafPqZYXBVHy5j2hgEqPi1m4axNJpJtK5Wnx7vyvBDK78,1787075429,2026-08-18T17:50:29Z,6KsuesQQGfqZcqEPBKXgT5iwvZHhUgf6uvtuzQNigxgK,sell,0.434126241,104985.06261595397,4.1351238946065875e-06,raydium_cpmm
5PfffCW7tAMiK3T5q4iejtfhX19LrczW16wmznADKSNCEBomWHFUpksU75A47t5utyyjCpGS5rtFG6ftXTwzemhr,1787075429,2026-08-18T17:50:29Z,6KsuesQQGfqZcqEPBKXgT5iwvZHhUgf6uvtuzQNigxgK,sell,0.43450188500000003,104985.06261595397,4.138701965530583e-06,raydium_cpmm
2yeoZ6GfmtCZYbRdim2atLT4Jq4gJHGUvEKbqhDu6nmqGWSgvxcKZgDXQr2dVT7ZtoiTbfei5a9RtUpxU41Dx7WC,1787075429,2026-08-18T17:50:29Z,H75xFpTZVYVzamJrPQHkbGqdWpq4zsZzUiW7L7U7GfQ8,sell,0.447596644,108047.73263804999,4.142582477870292e-06,raydium_cpmm
JnN9GcmtWAeWW1o9HEjq5ZMp1HnnrhG8u3cq8dZdAkpR6tsDckx9erTXQScwcHkEATXaeD7gi2WnXfGEMmw6jc6,1787075429,2026-08-18T17:50:29Z,H75xFpTZVYVzamJrPQHkbGqdWpq4zsZzUiW7L7U7GfQ8,sell,0.44642556,108047.73263805005,4.1317438978149084e-06,raydium_cpmm
4FsV7mZ31RXjhhqDAFTZ6C2nBqQuTn67tYrcXc6GaSKnAo3asMJDsL7bU9sAKDN3pD2WPJXR7dUdQoAtTuuWFyfC,1787075430,2026-08-18T17:50:30Z,2AwjJTdTWCu6QjyZKvF6oVEd9TkQP1WYvVswFvDEySxn,buy,1.329766606,315234.486487444,4.218341149209781e-06,raydium_cpmm
2K9b8eUHYKwQfCqyFbzeo1wu7B9yTFByUpVn1dbJUXS8YDcoKftHGmsmcdQSeiARpaKBQh378hFbZWbKs6sp7rSS,1787075430,2026-08-18T17:50:30Z,5kidNviTucvoHuFGuPQUikWokMxsLZMncGrS5gK9Cujs,buy,1.366100675,323020.29697452905,4.229148099345969e-06,raydium_cpmm
2Kr23X1BQoahmkmG1ugMaeZbUhA9MVSdUEca4fJZtUojUsjWQU21G4zSTXLrKRboN9ipybjRVCazPeQDdJKTgHoj,1787075430,2026-08-18T17:50:30Z,777777UupVYr364fUHXwqBRMnNaVcpAw2z3uhFkspnNn,sell,1.530378372,368689.40059121,4.150860777516168e-06,raydium_cpmm
3omGCQNV7c6roQRoGpZwQKJr6hyYb4Z8bsTokdXqF8qHawG1ECYac7fFXRpjWBjZnyTvDJwPJmr4L9tf13JXqBEm,1787075430,2026-08-18T17:50:30Z,777777UupVYr364fUHXwqBRMnNaVcpAw2z3uhFkspnNn,sell,1.530996953,368689.40059121,4.152538561035326e-06,raydium_cpmm
543RSUnRe7TWDSzDpYjSY6wWh7J42ojN4RSgLNd8McTAHVkL92GcM3nCXYjQFwrsPS2VnQip69AZbYv6asdETBKd,1787075430,2026-08-18T17:50:30Z,777777UupVYr364fUHXwqBRMnNaVcpAw2z3uhFkspnNn,sell,1.512964629,368689.40059121,4.103629305789354e-06,raydium_cpmm
2Uuy9kBg232LsnW4yU16Ty6xi1cidKLraefXYwQxitzzhxJXF1PwNBceWfpJN9ohDY2mLgftppS8B4jCNiGEhiYE,1787075430,2026-08-18T17:50:30Z,DenZLNzBtE3L8T1kQFKh8oE7FCXBrdsM9xwCbsnKvdJq,buy,1.339391227,312943.147682318,4.2799826004168445e-06,raydium_cpmm
3zYp5AeLn4YSoCUgAm59HWJs3hb1EWB1dm99U4DD4xYqbVtWBWjexjcqyPWA75QrVKCoSWEw1tK4nTZuz5gSp6eq,1787075430,2026-08-18T17:50:30Z,HACKERamoyuTkkbuVnSWPNc5a5TDQH3U9vpp6zbrRKTe,sell,1.5213346220000001,368741.52914172,4.125747988139679e-06,raydium_cpmm
4MoNbzjstG3g7KCnz7Ub864mbL1xhnnWkH8euew9X4Fw6nb4WVm8J4ofeC9NpvnN4uNn3qtpzrdvTnMi2w1r8jXd,1787075430,2026-08-18T17:50:30Z,HACKERamoyuTkkbuVnSWPNc5a5TDQH3U9vpp6zbrRKTe,sell,1.5177606810000002,368741.52914172004,4.116055722100867e-06,raydium_cpmm
5UKqLqjAvG1btyvA8nJDQ1LqCZntCvoJRRro5gqVCkf7tUpBkfRaMxbLDkjNesTDYu6sah7nxpsXPgKYoYPN3Axt,1787075430,2026-08-18T17:50:30Z,HACKERamoyuTkkbuVnSWPNc5a5TDQH3U9vpp6zbrRKTe,sell,1.5265708230000001,368741.5291417199,4.139948181462596e-06,raydium_cpmm
2922W7mRdLSJstCHFbDthuJn4VShHzZw2cCSSSaPfZAHwTk3DVfoVLh9XAuWY6FY6xJudwu7jrjMvakg2zDuBYtF,1787075430,2026-08-18T17:50:30Z,Hedt6aVyFRvxpQJkrrqgZ3e3JxUNb7ufCVyYXMnHYYE4,buy,1.235660479,290713.993498679,4.250433438477102e-06,raydium_cpmm
2amYSeSKuj1hr5VJd5mj7vAeEijfhVeJAAYdfwSwspeTY3eo1VmH3PVGgQ8ezZ1iKuZxQdFvW973yP7365iQMPdV,1787075430,2026-08-18T17:50:30Z,XXXXXsiKfM49XohyATcrYbRYBd9WWhDRM7c7vMYQNSd,sell,1.509014325,368838.52800526295,4.091260024165556e-06,raydium_cpmm
5qFCpWXEPven53w7eJHniMbJ1zLvJZFSJZT7JSumCzgC8u6fhCrTcGdNWEznmpyC6h9HGxPXiN5vGHcHnMFs1que,1787075430,2026-08-18T17:50:30Z,XXXXXsiKfM49XohyATcrYbRYBd9WWhDRM7c7vMYQNSd,sell,1.526356319,368838.52800526307,4.138277872582281e-06,raydium_cpmm
7BixNTmbNhVxXUnEGW2xdtTWoZMgD1uuTc7xiaTgvQLFW2KbGqmTnohmAVFjApEzwAx3FiSFJ8PuMNca4REMWHY,1787075430,2026-08-18T17:50:30Z,XXXXXsiKfM49XohyATcrYbRYBd9WWhDRM7c7vMYQNSd,sell,1.536282806,368838.52800526307,4.1651906982398495e-06,raydium_cpmm
5rTxtidtA4p1yshv13NmzJSY566nmJHwKaf3zdwKmYu2VWvKujTUqujHXUPVsiK4gnyf9Z5oD4oaDA9qbrHhfo9P,1787075431,2026-08-18T17:50:31Z,8n79PwcyrybEECM3ghGetPnm6Y2SRBVzJNd536Z1C1PU,sell,1.820839362,443348.170305677,4.107019006629888e-06,raydium_cpmm
2sbFpEh8yC49WwC3gc8MVJ7gX9ZxJsZhEK3BZXBSSBx1q8FSTSdPUCbdLmerB68DMp6SUpDAzRsY4fV9kBS49BW5,1787075436,2026-08-18T17:50:36Z,4fNDW8qeWdWQMdtZ6ro8kkK49ZAHtiAtzcJbFvgxNcVZ,sell,0.541502971,95055.27978895098,5.69671639705113e-06,raydium_cpmm
3minajYHhYjMBpw9859R2jjVZhDJ9JNMCrjCxRr7BFaK9ByuCj628JHQfpoRoF4x4L8iFT5y8a4U7xZSBxvtcFCB,1787075436,2026-08-18T17:50:36Z,4fNDW8qeWdWQMdtZ6ro8kkK49ZAHtiAtzcJbFvgxNcVZ,sell,0.49288310700000004,95055.27978895104,5.1852259873868826e-06,raydium_cpmm
BBGCwF9Y743nwGx5uUBMNXnc7M7LWeyUy8UoJvyrYLE7DmQSZsqG3Mk5mfpsLMortXZdPMwhFCRfJK2VtMUXed6,1787075436,2026-08-18T17:50:36Z,6KsuesQQGfqZcqEPBKXgT5iwvZHhUgf6uvtuzQNigxgK,sell,1.1349613399999998,203794.53331332302,5.5691451657099085e-06,raydium_cpmm
5QD2Zo5nQx54qRp6NcKNma1CxJnnQtCuQenKFpBUZ5UygjF9yoDxEbazSqnC31HWq4sAe1XcuZVtYzUwzZPA6XYx,1787075436,2026-08-18T17:50:36Z,777777UupVYr364fUHXwqBRMnNaVcpAw2z3uhFkspnNn,sell,1.9820741069999999,368689.400591213,5.375999700077189e-06,raydium_cpmm
45rdjbEaGXhP68j2KhUx3SnhG8LYLgs3V3PrXVbMSTtArxBHsDfx3GrGfpiwBmKNLgSDhsyMjM3wAHrK2pk1ika2,1787075436,2026-08-18T17:50:36Z,9bPSz9QGH62BD8YQarZEnfCmNk6kXGMoGgTxFVxcYZfU,sell,0.481410157,92773.47909038904,5.189092418652996e-06,raydium_cpmm
5a5WaZRWgkKQFk84UKzYxZ97xVkJhR2mnCZawVyf6YfG6hoX2HXhErZhCL2fmbTNFttrg1acH2dsNd767dqo4rbX,1787075436,2026-08-18T17:50:36Z,9bPSz9QGH62BD8YQarZEnfCmNk6kXGMoGgTxFVxcYZfU,sell,0.529361945,92773.47909038898,5.705961986013739e-06,raydium_cpmm
vKvdWit6t22Sh2GNw4SUdYa3buKMJgMASzE5ncuwtWKcsDY3TKSVBBzaN8ZoUhw4dyA7NBTnxz3GrVTikFMKC7H,1787075436,2026-08-18T17:50:36Z,H75xFpTZVYVzamJrPQHkbGqdWpq4zsZzUiW7L7U7GfQ8,sell,1.1704037829999998,209739.716297392,5.580267789341684e-06,raydium_cpmm
b3PHtDufRJdyCfGBC798e49XEWa8MmUJuqRyme5EvuMffEEiB9JHBMXuf1Q8dVatFWvRM9BNjJovXLgcUBXr9uU,1787075436,2026-08-18T17:50:36Z,HACKERamoyuTkkbuVnSWPNc5a5TDQH3U9vpp6zbrRKTe,sell,1.975522743,368741.529141723,5.357472882423077e-06,raydium_cpmm
3rSWM3bv6SFGJQVJ4Kmt2i6F7Ku9927P1YJjaCmgzboiUyjGEfAEYaYJWw1zBMefnHYWGy9d2AwEkLtE54bMtzyM,1787075436,2026-08-18T17:50:36Z,HbYd46DFHe7vLRGKW122XDPiUzcxLw4g8hPUtwfCNpV2,sell,0.439351213,84853.75721307303,5.177746129694198e-06,raydium_cpmm
3yPEhretN4xcFSRm7ktFN1JZPYy4YNBekhQS2yVtnUP6imyBVaUmwzzi8UyiCwghGjuoucR345pQA58qBm3Lrq6J,1787075436,2026-08-18T17:50:36Z,HbYd46DFHe7vLRGKW122XDPiUzcxLw4g8hPUtwfCNpV2,sell,0.483541571,84853.75721307297,5.698528702574685e-06,raydium_cpmm
5RLF8YWBsVTH8foALLg9QCGDhGBkJonyVvyXVRm6KiMpD3psyVijnp3NatLTSoH2ntZ4EqyUoo3Kp2i1ZhDT6N1m,1787075436,2026-08-18T17:50:36Z,XXXXXsiKfM49XohyATcrYbRYBd9WWhDRM7c7vMYQNSd,sell,1.989746568,368838.528005266,5.3946277759019576e-06,raydium_cpmm
2tKDtbHqAfnHwGJrM2PV5Y5exVMGeYcoTW5xVRaBYLnCjXiHannPAHe43JBY8HxBYu3xKSXdrKGvxV4uPNRHw5Ha,1787075437,2026-08-18T17:50:37Z,4fNDW8qeWdWQMdtZ6ro8kkK49ZAHtiAtzcJbFvgxNcVZ,sell,0.285883227,57033.167873369996,5.012578428656512e-06,raydium_cpmm
5koCfEgHdgi8PJFgzeG3TkU9sqAXfwt59XdzapzS6Y8ea15dGakkeY7oKosN6dQhkVQvrzWhB8qsMebB2v15NDvF,1787075437,2026-08-18T17:50:37Z,4fNDW8qeWdWQMdtZ6ro8kkK49ZAHtiAtzcJbFvgxNcVZ,sell,0.285216208,57033.167873369996,5.000883146334461e-06,raydium_cpmm
5Xkv3x4gnauK4YyTHzRxUgBT66YoCjvrRc3JM42cinFBVG1GP4VfewhXMMLGinbGGbw4D9HqQnQqaLLFya1NyHGS,1787075437,2026-08-18T17:50:37Z,9bPSz9QGH62BD8YQarZEnfCmNk6kXGMoGgTxFVxcYZfU,sell,0.278166191,55664.087454233,4.997228980511145e-06,raydium_cpmm
SKCSGWSkimC6BuvcE2UVi7KTsVMhSEicZ4PtoXn31jBNGo8w4qo3LDnsAp8MiWLU7usGf1BMWBkCEAZk2GKTdfE,1787075437,2026-08-18T17:50:37Z,9bPSz9QGH62BD8YQarZEnfCmNk6kXGMoGgTxFVxcYZfU,sell,0.27881670000000003,55664.087454233,5.008915312394963e-06,raydium_cpmm
2GtnogNBduVUthfwSfMNUXj3gsFPkVqZan5a2mds495y6EUzexj8S7ALsuZ3vUwK4YngD3M6c4qAYeMNgVJuEmLb,1787075437,2026-08-18T17:50:37Z,HbYd46DFHe7vLRGKW122XDPiUzcxLw4g8hPUtwfCNpV2,sell,0.25446363600000005,50912.25432784401,4.998082276251385e-06,raydium_cpmm
37mi76zvoUNqPpUBwEZRpw4AzdCiV7D1JrHvR4JrgtK8Y8JSUunk3dd9uZC2KCGkqC2necSi6yuWAdjjgF2tp1Dh,1787075437,2026-08-18T17:50:37Z,HbYd46DFHe7vLRGKW122XDPiUzcxLw4g8hPUtwfCNpV2,sell,0.255059505,50912.254327843984,5.009786118634067e-06,raydium_cpmm
oNFP7m6E47SFU9mTuTruZ2BnoYRCAcJRNiuQ31uPoxhFEyTPddYz6p82M2qxh5Bt6xLYSSFnsdLVX9P3D3JUv9z,1787075439,2026-08-18T17:50:39Z,4fNDW8qeWdWQMdtZ6ro8kkK49ZAHtiAtzcJbFvgxNcVZ,sell,0.863028076,171099.503620113,5.04401273960534e-06,raydium_cpmm
5UCRB3oqJcpKx6Ygi3xHjM8PM1jpbCGXwmnCFfxuUq3sE33947geJ9Ax7NjdaMRCVuaXuZgZu3fXyr52fGYs1avY,1787075439,2026-08-18T17:50:39Z,6KsuesQQGfqZcqEPBKXgT5iwvZHhUgf6uvtuzQNigxgK,sell,1.020081526,203794.533313324,5.005441065642694e-06,raydium_cpmm
4fVhky5riUrLtjMicfxMrThfn8A47mfX1RzTBuaU9B7xFuE6L5R7jL8BSHhNa5kspDoztzFGEUWFfZKQr4nUYcPu,1787075439,2026-08-18T17:50:39Z,9bPSz9QGH62BD8YQarZEnfCmNk6kXGMoGgTxFVxcYZfU,sell,0.839788862,166992.262362701,5.028908825583845e-06,raydium_cpmm
5mxYcyizbDcY5oxWzaw6TpNcCNv6ttu9g2AKsm4VM1ynMQmGLao2N4yNQohEanYQkv2ncnrVjwWKBw6LaX2Mc97t,1787075439,2026-08-18T17:50:39Z,H75xFpTZVYVzamJrPQHkbGqdWpq4zsZzUiW7L7U7GfQ8,sell,1.047905632,209739.716297392,4.996219364167368e-06,raydium_cpmm
DxKkBHFM1T49Sau2CnK8sYmqQ9ryfBQDimTmhWhwjXoce1MSDmaahk7xpVafedybh2U3xGvNxcqgt7zzxHttac9,1787075439,2026-08-18T17:50:39Z,HbYd46DFHe7vLRGKW122XDPiUzcxLw4g8hPUtwfCNpV2,sell,0.769003356,152736.762983532,5.0348281643425526e-06,raydium_cpmm
3LH2eMh2LysaYxmLkkAECbv5bBPRFPb92XTMs9yk8b4DpYCiiq9uZJuR8yKBbKKmaXe5Qk1ALAEA6KXTJstbS5xP,1787075444,2026-08-18T17:50:44Z,9Q7rXKnZr3xDm5jgEARhh9sPMk4pDpXsct1HjaPsQZqi,sell,0.0002245719999999557,46.345506912000005,4.845604568019266e-06,raydium_cpmm
4ZDcGpv3iSRGs6pgizpiYqWt2wjT8ozq4aVTTjcAzhbci8zticCifVoCktevsC77g5apmDe5bGddZXn8qaXjBuxJ,1787075444,2026-08-18T17:50:44Z,GjGhvk8AdrQQnyhfGcaF3TNLo8tngc42QELQMoBkTGaD,buy,0.0201,4057.904341456001,4.953295669061533e-06,raydium_cpmm
2u7ipUi2ciU7Avcrq59GjkEGDNr4wcHgHCDinnUpoYVK3aRXwsLwT5jYLDf4a6JU2SK6Y1TEdtz3Ebby9BX3ZRAz,1787075448,2026-08-18T17:50:48Z,3DZNVBQxpaowav4Prz5fwyTG8ReNW6aL118Mod8fJxrg,sell,0.306657328,59924.845203831,5.117365375862421e-06,raydium_cpmm
5JipW3JQ5vZBwdZ8yAFY33AByCV3Nwp9Yfwbf4vCzn3DzPhS7p4cqCpuyfRD7adbEMEp76NbCxsuuf2N4sHspVf5,1787075449,2026-08-18T17:50:49Z,8g1mx4TgKsvEGM7a8GM5yVRuC7k6gmjgdht5NbFzfNy6,sell,0.040480371,7757.800824248003,5.218021436368075e-06,raydium_cpmm
314dwWpTSn1e6BEc1ZA79d3s8cMgKX88zW4SDYMMTDX4BFp84STaa9Sg2HWcMpkLhMRy71P1i2huANh7FREz2NAs,1787075452,2026-08-18T17:50:52Z,2DCW6PvdpXwscZVanFmDLB7svT2STkUj2SuXSMR6C29g,sell,0.658779412,133086.684207929,4.95000244330042e-06,raydium_cpmm
57sdqdNtwVRw9tqevK2HyzJGBv6du5TRfFrSYWPdZM1eyGQoZ7SHXpPX26i4j1Ge1dMZGd6sxEPwabBQzW2JNtYa,1787075452,2026-08-18T17:50:52Z,8g1mx4TgKsvEGM7a8GM5yVRuC7k6gmjgdht5NbFzfNy6,sell,0.11476768500000001,23273.402472746,4.931280896052786e-06,raydium_cpmm
3uqHZwWkAeDUYatF3LrbRy7Ps7B4GZKy67yNKXYi8qPpiAYQtLtCTwA3pwXwM9ftcZBXgvXXbAffP5JZZS7Tsa9e,1787075453,2026-08-18T17:50:53Z,2DCW6PvdpXwscZVanFmDLB7svT2STkUj2SuXSMR6C29g,sell,0.9283837060000001,199630.026311894,4.650521382737937e-06,raydium_cpmm
h5NRTJ3Bxh6jtjjQn1xJLjEgd87A71hvmdBj3dkwJ28ESC5FKcA9tbW85R8pgt9rmo2sZserSmuvjx1WdNws4DL,1787075455,2026-08-18T17:50:55Z,2z2q5gk8TDgqCidzkXkyevXH1aDaVjWL8cQwoRbMF1Jq,buy,0.00803928,1431.771943613,5.614916562559052e-06,raydium_cpmm
3GZdgSUYxuLSm2c29YZoeRLXVjp7oJn4dWZJkezbB9KHNGu2NCtiaCYDHM88GpCUY5nVhdyzdXmeuDAJVpqUMWBV,1787075465,2026-08-18T17:51:05Z,2z2q5gk8TDgqCidzkXkyevXH1aDaVjWL8cQwoRbMF1Jq,buy,0.006,1227.6337302389998,4.887451242344001e-06,raydium_cpmm
2RjjcXLJGbxmm331umoGzLUD7Jy1yt5frEZHF9AEqoWMDrPvx328EhznSSYifn2H9a212qNipAvrW4SXc5PzEHTE,1787075507,2026-08-18T17:51:47Z,2z2q5gk8TDgqCidzkXkyevXH1aDaVjWL8cQwoRbMF1Jq,sell,0.006550681,1227.6337302389998,5.336022331941541e-06,raydium_cpmm
3DPXZCZhevDtFLwxdHYewb38UizijzVHvEDGLgWzKnitRzSDx1WuaLjmG9HPdsMhs6LZMHiQrV3kXrtJXhRGUeWP,1787075510,2026-08-18T17:51:50Z,414TRcpxccWfAiktShD7xGU3nUQsPYquAfw2LbnuW1rU,buy,1.007249008,238131.537762733,4.229800964052028e-06,raydium_cpmm
3M3fwYxLawrHCvrqY7xztrsM61ySGrRUEXyACE2MgKsSXzT5v9Wf7upNnhg7n9ySE9XXgpdppoS4nKgNPqjHmFud,1787075513,2026-08-18T17:51:53Z,2z2q5gk8TDgqCidzkXkyevXH1aDaVjWL8cQwoRbMF1Jq,sell,0.006192312,1431.771943613,4.324928999777738e-06,raydium_cpmm
54Xyx3E5kUYN3jGX1Y8rMsv2im3a6eobicMPCqzThwHyqhw9fCaMQvTjrHQxfJzAWtmJUEYYNjwDoSjZFKaCumyu,1787075514,2026-08-18T17:51:54Z,2AwjJTdTWCu6QjyZKvF6oVEd9TkQP1WYvVswFvDEySxn,buy,1.257072751,294035.00757104205,4.275248588201789e-06,raydium_cpmm
5PQi698gBk9x9hWT2TpkUV8jqp326jTPBdGxz4TVFUpLae6yaMZR5fWZVViEsXjsUZvccwkVZDYQ7c2eWu7dGsKE,1787075514,2026-08-18T17:51:54Z,5kidNviTucvoHuFGuPQUikWokMxsLZMncGrS5gK9Cujs,buy,1.203599813,276703.2642337319,4.349785378691147e-06,raydium_cpmm
4uq9U4EaWt75xZLzTF4REMknGNsh47ZjSDDteWW1SmbpvUqoQuayx8q2BM7GHFG2MgqKFvmRDBeFZJhY2eckqDVk,1787075514,2026-08-18T17:51:54Z,DenZLNzBtE3L8T1kQFKh8oE7FCXBrdsM9xwCbsnKvdJq,buy,1.349553332,314227.8403513669,4.294824196643241e-06,raydium_cpmm
4HHz9vEsyv84naiefPeiJZVUZ7BBXfbmeWf6i1fFqtVuHg63yCgvJJqY9gktzTpS7vpXCUxzXYiRy9QdodQ1CyA6,1787075514,2026-08-18T17:51:54Z,Hedt6aVyFRvxpQJkrrqgZ3e3JxUNb7ufCVyYXMnHYYE4,buy,1.220371231,281852.466629114,4.329822781383959e-06,raydium_cpmm
3GWVK3AWuUqGpvxkBxbJBhk12EVUE55RbRQgTqxwB8p2kyLso7aQCMSNCmA82UecWNiVKFyPc3ASM9B586qVRcXM,1787075540,2026-08-18T17:52:20Z,2DCW6PvdpXwscZVanFmDLB7svT2STkUj2SuXSMR6C29g,sell,0.6130402850000001,99815.01315594699,6.141764305958768e-06,raydium_cpmm
2NYHYtjAzEWzn2YNdk1pmByU42FiGFWmLc8TDinZ3pdUkZQjTuvAXGUaeuotcnaeU2fx8T4hvAQZ6KL26crMBQck,1787075552,2026-08-18T17:52:32Z,2z2q5gk8TDgqCidzkXkyevXH1aDaVjWL8cQwoRbMF1Jq,buy,0.00803928,972.670000341,8.265167011608847e-06,raydium_cpmm
kFBCeuTPfh5N3c4pE9LdTyHYVeatneaHj9gnVzNgBd9kxgeV4HpVq7qc1oTQfLbS2THVJbiHLeVWB1xcP7AU17h,1787075555,2026-08-18T17:52:35Z,Bc2FpV584T1bKBp21xP2xzUH3tATBCvL85Y3ffubG6Yo,sell,2.940982438,500000.0,5.881964876e-06,raydium_cpmm
3CVwM177YcjcbtGmuAdf8duUFopuRpG8mWv4jHPB6Us2CeJoeoNZog6PNiwismJtEhi1azMgweCE1C5FAM937HYm,1787075556,2026-08-18T17:52:36Z,Ahekwy9V7q2tmqJdTX92TAtEHM4pafQbsfc5oLakbZs1,sell,0.148306402,25965.25709140001,5.711724766596699e-06,raydium_cpmm
4e65VppBJhmW5QWEDnpVyZ7EdXwr3GJHRXSVba3iNcaGsyKCYrGn154f7R69YezLQ7ecdMTYrK6BLsPmaC3soXP6,1787075556,2026-08-18T17:52:36Z,C7PNbARVAHeskaefdcu7fy21dCN3qNANKuT6Cka2av4L,sell,0.118213866,20756.98097184702,5.6951377543938155e-06,raydium_cpmm
5fPEmHG1FevhTK11X38YZ6H1HfQy9Vz1L58sDrSERtYHRGakR3rBWK3msC4ktB94kKMCRLD2FukXPH7PRR7DWQpT,1787075556,2026-08-18T17:52:36Z,JAGPLMkgPWRxFJekMU8DRHRurw968GGYHRMEKUWheYcD,sell,0.145385185,25454.275242803997,5.711621470782236e-06,raydium_cpmm
2k9kdsztNyEkWXD7bWVJozhcyNxaCQM1zdqiznbdbszN5Fa7p8hmqGfwXSaGSjaLRg1mEt5v2ePz6oJdzhAFAUDb,1787075567,2026-08-18T17:52:47Z,3DZNVBQxpaowav4Prz5fwyTG8ReNW6aL118Mod8fJxrg,sell,0.333585762,59924.845203832,5.566735481173479e-06,raydium_cpmm
3vpxJHDyLZLnybuySVQaUa3GoMxSCAFqbZj6PJ1zEwzP4XXpVh3ohERjrb6pVBz9eNM3YDpXGGWe3aNFo5FxjfNq,1787075577,2026-08-18T17:52:57Z,2z2q5gk8TDgqCidzkXkyevXH1aDaVjWL8cQwoRbMF1Jq,sell,0.005454989,972.670000341,5.608262820985106e-06,raydium_cpmm
3M44cCwePEKqxwr7bbwBMpx4dKt14TsWG8oQ36pWwiSmDG9xEcgiX5JmbSRQKiaEBsTfna4QhXufaeQ4dK9vcazp,1787075601,2026-08-18T17:53:21Z,Bc2FpV584T1bKBp21xP2xzUH3tATBCvL85Y3ffubG6Yo,sell,3.1971482449999997,500000.00000000023,6.394296489999996e-06,raydium_cpmm
2SjuF93LRv1DqoAQXRFAK66UaGNcHHHKbanN5coS7CEdpBK4ge9tVFgmGVufzv355qEzxxekGzs7aquKxJKng5t6,1787075608,2026-08-18T17:53:28Z,3KEdzpSYJ7sXfHKpVhSF2Qj6ZAjd3Q3dugFCZ4umWvkR,sell,0.27445539399999996,47042.341339231934,5.834220538064763e-06,raydium_cpmm
2YDVtwYpcXWgT1JabwCRLJhrNXvxovGwxGACeua375KcoaKfUTas3anRuFJuty1LZSn8EQwTdzjYcBZkzsHDN3pQ,1787075608,2026-08-18T17:53:28Z,3KEdzpSYJ7sXfHKpVhSF2Qj6ZAjd3Q3dugFCZ4umWvkR,sell,0.27963112199999995,47042.34133923205,5.9442432931541846e-06,raydium_cpmm
NMRTC3GaefEFuHkU63Qy8Vy9MHf9DATF83GExfujqwXqzb5966C2zxYwUpwTZzzHTpAPmZkh5rKhqMeGnB7qjFP,1787075608,2026-08-18T17:53:28Z,Act5xzJ7DhXrdNKbRw1yTzQUmT4hYtAPgFKTP5WzPBva,sell,0.30337675,51047.45052638196,5.943034311639346e-06,raydium_cpmm
t5fCogGUGQA2L1pybwakcx7osxo1fU2PLR53kc22xgMGU928kAMzNpyj169a8qwhTfJDP9ChEMvte6pRr5tLH9D,1787075608,2026-08-18T17:53:28Z,Act5xzJ7DhXrdNKbRw1yTzQUmT4hYtAPgFKTP5WzPBva,sell,0.297764414,51047.45052638196,5.833090799433982e-06,raydium_cpmm
5ySE41ZdihjyRhbinaanUXRmRVijaKNb27zDmhgBqioQurgA8ZALGjiJG9ewnAxy466XNhZyg4oJGzcmanr4tbpS,1787075611,2026-08-18T17:53:31Z,3KEdzpSYJ7sXfHKpVhSF2Qj6ZAjd3Q3dugFCZ4umWvkR,sell,0.23480199899999998,40145.934098900005,5.848711812796842e-06,raydium_cpmm
zoAPQCxxwoHJT1WYsFAxEQZGV4L1ugimBoLmJ8SQpBGSJgLn2iq4KzzYsRBfshChGWr6RzorkupXEjh7c36uWsr,1787075611,2026-08-18T17:53:31Z,Act5xzJ7DhXrdNKbRw1yTzQUmT4hYtAPgFKTP5WzPBva,sell,0.25489656800000005,43563.89427921409,5.8510969282564905e-06,raydium_cpmm
2bVnNf2ApzRkQo6851xDTy6ybc9uQ9jQVacvwuDaFYioFnEe5rHFyBehUbyjKHsqrrgSD1FCeouj9LowHH2ddjah,1787075626,2026-08-18T17:53:46Z,6KsuesQQGfqZcqEPBKXgT5iwvZHhUgf6uvtuzQNigxgK,buy,1.642298666,319716.890391451,5.1367278844393325e-06,raydium_cpmm
3hBK3kuqYL2UkXeqJhUxrq4a9oDkfc1YezyheCLU2KgWL7yjbKNxud13nD3WLdJ8pMiPgCygXXGGR9AjtXbxvRfQ,1787075626,2026-08-18T17:53:46Z,6KsuesQQGfqZcqEPBKXgT5iwvZHhUgf6uvtuzQNigxgK,buy,1.813948818,356603.426259514,5.086739735024082e-06,raydium_cpmm
3BqcyQZ7Sn5WoAxs4PC4dMjudZyYeixgN6ueaUdFXJxPTetxbyM5DZgFNTdZbrfUP9zmwkUvKrtPPniJJfXuhqJg,1787075626,2026-08-18T17:53:46Z,H75xFpTZVYVzamJrPQHkbGqdWpq4zsZzUiW7L7U7GfQ8,buy,1.61911128,312352.122659559,5.183609018609786e-06,raydium_cpmm
3YrrhmfeGUakrM2BJZwopYmxhmwcgjb2RzXtYR1sxNha9PuvGxfMYCBN3J6PLzmUjMhAp5fg2UbMt66cG5CjNLEg,1787075626,2026-08-18T17:53:46Z,H75xFpTZVYVzamJrPQHkbGqdWpq4zsZzUiW7L7U7GfQ8,buy,1.644678193,321107.62040774897,5.1218908816662595e-06,raydium_cpmm
m1nwBxrRpGpmeLdRjQ6JJ5ewfZsz2j6xyoR7RsxTqf9NPWdQexEYdYhSzwHzbHJpYsxU9G976uUEoE5sLEsrRgi,1787075626,2026-08-18T17:53:46Z,H75xFpTZVYVzamJrPQHkbGqdWpq4zsZzUiW7L7U7GfQ8,buy,1.6832377950000001,331862.850161562,5.072088648007885e-06,raydium_cpmm
3V1ggPJu2U9pghB3NTKNLo1cBVJWA6ocQhuAPMEe7m3Prf7mgN7JKgW5LgaWThUbM5Q7TiNWHog6Qs7a9c9S4EZe,1787075651,2026-08-18T17:54:11Z,2z2q5gk8TDgqCidzkXkyevXH1aDaVjWL8cQwoRbMF1Jq,buy,0.00803928,1067.365107164,7.531893206964999e-06,raydium_cpmm
2wn7moDhAeKdouPnRZAk5LXNBg3weqfxzByEQPocsn9VR9mBZNzKGM2JpukmT7GwiJBMttmPht8QtPBm2WbRWzTP,1787075651,2026-08-18T17:54:11Z,6KsuesQQGfqZcqEPBKXgT5iwvZHhUgf6uvtuzQNigxgK,sell,0.636696351,114974.45383066405,5.537720161191069e-06,raydium_cpmm
43ujApAcsy64Bt5zoVxaAmpYDVCENDnWpK1JDLqTeL7FDRrW5Y9GbdrbEghsnrk537We8henMniqUiZ5SbEFcbfi,1787075651,2026-08-18T17:54:11Z,6KsuesQQGfqZcqEPBKXgT5iwvZHhUgf6uvtuzQNigxgK,sell,0.6370667339999999,114974.45383066399,5.540941598542237e-06,raydium_cpmm
43qGHaZrXNAqEWKxRoSrFNKaKNi3jAsF7ZiDb39QPnmbRS8hkuWqYaBNfn6ysJxZEVK7QCzjFjZhdFWB6DQUdGHa,1787075651,2026-08-18T17:54:11Z,H75xFpTZVYVzamJrPQHkbGqdWpq4zsZzUiW7L7U7GfQ8,sell,0.911398418,164104.8408489069,5.55375705728958e-06,raydium_cpmm
5nwk167dz1BqBKyDJPt1NHa4DLABuArRxfqjo6zCr6KRA9McqK1vemo1Tze7VL54jwYebS5deAEBZLsQHUvmDuYt,1787075651,2026-08-18T17:54:11Z,H75xFpTZVYVzamJrPQHkbGqdWpq4zsZzUiW7L7U7GfQ8,sell,0.907510394,164104.840848907,5.530064739744966e-06,raydium_cpmm
4HbQkrZFvZVcwzzNNXer5S4jy6zsN96kDzi6wuFntZ2vsVeqLNYCHrUuQVhLbNnwxD6KrRJy8ZTSjwcp1EJTdZVL,1787075677,2026-08-18T17:54:37Z,2z2q5gk8TDgqCidzkXkyevXH1aDaVjWL8cQwoRbMF1Jq,sell,0.005523894,1067.365107164,5.175261925768815e-06,raydium_cpmm
H93YEcKqwgDaToMQdnoC9X5g6eUZCsVRTg9MC2wa77U32ofb4Z9b4Hd36xddpM2ki22yR81ybBUTrqFsqCw3KXX,1787075696,2026-08-18T17:54:56Z,2z2q5gk8TDgqCidzkXkyevXH1aDaVjWL8cQwoRbMF1Jq,buy,0.00803928,1116.628679982,7.19960013934945e-06,raydium_cpmm
5mZUkqnw3FdpxsxSMEweS8h3vcnfuDqVpfG4K2LKpSZp6kYT9QahRYmakTCYzviFTgmpCT9pvLiVH4wKmUKFDMo7,1787075711,2026-08-18T17:55:11Z,CqyTUueWZJkdcJRJ6ZaZxAXvDQFGoFnL5hkEC9nxQz5o,buy,4.0600000000000005,681784.666417543,5.954959388179536e-06,raydium_cpmm
KKmfDSEqqZVTaXh5FBr34SQjG2UgA2acUHFCNZcwRqXrETsqMysSBZ3igmpcgqexMy1aDSAdxPkgHpw54M7uKbB,1787075714,2026-08-18T17:55:14Z,CqyTUueWZJkdcJRJ6ZaZxAXvDQFGoFnL5hkEC9nxQz5o,sell,3.9632850740000003,681784.666417543,5.813103857006927e-06,raydium_cpmm
NByn2NMqaSE7jQebst4cJS1hUpXFQG5uhhpDAZYwBC2tRkvLtwHDZSpwb9ZiWfKi5r7LfMhiAZCLcCPyVb2nHwx,1787075725,2026-08-18T17:55:25Z,6KsuesQQGfqZcqEPBKXgT5iwvZHhUgf6uvtuzQNigxgK,sell,1.3021266919999999,223185.704494818,5.834274623221816e-06,raydium_cpmm
1hGj9MedyYnUqBHYYRnLnwTiWkdKwhvRrEkvxkdmkfKVV1qjgTLk6rsF2xLStMn2Q3UhhDYfJWXXXM1gh4AnUFM,1787075725,2026-08-18T17:55:25Z,H75xFpTZVYVzamJrPQHkbGqdWpq4zsZzUiW7L7U7GfQ8,sell,1.8638198929999998,318556.455765528,5.850830706039295e-06,raydium_cpmm
5cehaJi3oqajRZF1LWNyZ4wufndnN82eM3H55zqaRymTZEgwsrQBC8f2CRMPf3ES3Ywo25ovxx2qWNfRgErUvTgo,1787075728,2026-08-18T17:55:28Z,6KsuesQQGfqZcqEPBKXgT5iwvZHhUgf6uvtuzQNigxgK,sell,1.309700379,223185.704494819,5.868209086081511e-06,raydium_cpmm
3cXGxG1QjvvQNWHiRGyMwhrgWm1u18ivongCQe6iFVXfgbTYXQEhT1CrDFpUJiXtorvn6oqQfxeRvKJVd1dj4QPy,1787075728,2026-08-18T17:55:28Z,H75xFpTZVYVzamJrPQHkbGqdWpq4zsZzUiW7L7U7GfQ8,sell,1.8647998989999999,318556.455765528,5.8539071026473785e-06,raydium_cpmm
ixqrd3jD6hhzPfdv1UchZQsWRRzNfuBQdeZFomiF1H1HSgRngP4xJ3spUQpe7JKj2TSfpBmYuFW5NN5k3GctGBf,1787075736,2026-08-18T17:55:36Z,Ahekwy9V7q2tmqJdTX92TAtEHM4pafQbsfc5oLakbZs1,sell,0.130080859,23109.078811346,5.628993698188153e-06,raydium_cpmm
5NfxmZmn5oVoBPd5woGCyKgocXxsRg2uoHK2KtofdxCCKLniCo3LgJk13Exc1YuXPDmHp3ZHDrP1pwY6jLAD5ciD,1787075736,2026-08-18T17:55:36Z,C7PNbARVAHeskaefdcu7fy21dCN3qNANKuT6Cka2av4L,sell,0.10363137600000001,18473.713064943993,5.6096668620805055e-06,raydium_cpmm
PTPuJN68x38v52UcFGE2WQXovwPKhCze9513wG8BLyEPq5DvLVgWpoKcikoRTMxsg7A4s49muvtpdgaw8zwZF2K,1787075736,2026-08-18T17:55:36Z,JAGPLMkgPWRxFJekMU8DRHRurw968GGYHRMEKUWheYcD,sell,0.127510083,22654.30496609601,5.628514456339716e-06,raydium_cpmm
2oZprLhWgDwmfUHvwrRocs24E3y7a1DrjuaVXrLVe4knr78uaKPbZdLJEcy77QeLy6otiUAe7uirzra4a7Dp78p3,1787075748,2026-08-18T17:55:48Z,2z2q5gk8TDgqCidzkXkyevXH1aDaVjWL8cQwoRbMF1Jq,buy,0.005999999999999999,1023.1490244729998,5.864248370945238e-06,raydium_cpmm
2gGXq1FUB381sYFi8Z2hcghuvGYoPYG9LsxEzTVnhRZajKWwUGuCJiAT8kiEsCHNDnM6yS9yRPgX4zPVkW8Qv5ox,1787075750,2026-08-18T17:55:50Z,2AwjJTdTWCu6QjyZKvF6oVEd9TkQP1WYvVswFvDEySxn,sell,1.105539485,198340.9988019711,5.573933234569419e-06,raydium_cpmm
3iEeQdvASX4D1Rs8TPFkLbSkKRLz42xqk8W7QcHC2MdUrpEaLDMMYkGVzXXPmgPT6GB8QEeC2iZwfQEp4WwWAQY9,1787075750,2026-08-18T17:55:50Z,2AwjJTdTWCu6QjyZKvF6oVEd9TkQP1WYvVswFvDEySxn,sell,1.126810621,198340.9988019711,5.681178514811441e-06,raydium_cpmm
2d5yLKoxAf8m11mrifi1Wcd3n4i8nnGVYpWtzfrDsqb8YvXUTv6aGdEbFYvcKhhCbxMnyXLNrAvNWqhfMf2BdB6e,1787075750,2026-08-18T17:55:50Z,5kidNviTucvoHuFGuPQUikWokMxsLZMncGrS5gK9Cujs,sell,1.1237362169999998,198909.04004712193,5.649497965169329e-06,raydium_cpmm
4rg8uUecp4qtQcmo6hdNQJfZJoZ5oUEfWaGXppuwEbjc497UqbESXzVynpACogBF7at966xWXcMv6GfzUzjjt54y,1787075750,2026-08-18T17:55:50Z,5kidNviTucvoHuFGuPQUikWokMxsLZMncGrS5gK9Cujs,sell,1.1172241569999999,198909.04004712217,5.616759081112281e-06,raydium_cpmm
2qN2SBXBBZQciuJD1kQLRU8bGhWdXpNJDjG2mgqze43rXasqrpnYEfsi9ycyBHHvEn6mWvx2tNN3s6MPaPsVTZin,1787075750,2026-08-18T17:55:50Z,DenZLNzBtE3L8T1kQFKh8oE7FCXBrdsM9xwCbsnKvdJq,sell,1.091297333,191403.80312896892,5.701544667138499e-06,raydium_cpmm
5oNepWu6mKzQY1zQuPy33koCywuqd6MVkKmBaUAcMqG3AtYaYYa2MyuoPH7boKHwqxTD5BUBtsDcxnQ4XeTDqrVG,1787075750,2026-08-18T17:55:50Z,DenZLNzBtE3L8T1kQFKh8oE7FCXBrdsM9xwCbsnKvdJq,sell,1.0706517649999998,191403.80312896916,5.593680728896424e-06,raydium_cpmm
34TCqUtt1u5UupcDgqd37SZsj5gfCqvrqQsDGwCZpFjfR78GU4rNicBWgKgpdCPJ51Qr9YgSfGn9RxM6g61MQYvQ,1787075750,2026-08-18T17:55:50Z,Hedt6aVyFRvxpQJkrrqgZ3e3JxUNb7ufCVyYXMnHYYE4,sell,1.0908430699999998,192424.52251013392,5.668939986287617e-06,raydium_cpmm
rXKZPixeEZsZ4vxQGqifUdrj6iJsqrLoDwdKkgBhFLYpoH75XTUCHHuBa3j6NrfbtDC17qzCuMsyUd8AG79riTs,1787075750,2026-08-18T17:55:50Z,Hedt6aVyFRvxpQJkrrqgZ3e3JxUNb7ufCVyYXMnHYYE4,sell,1.0683312809999999,192424.52251013415,5.551949757046873e-06,raydium_cpmm
2ZYcmajTU2NzpiRQPruoadomhXJG43xuhL7nhxk4KQKZ8GcEBJkxzduyHq2YyBc1Ne7eW9tiAhwzsTUxAiPHLifh,1787075751,2026-08-18T17:55:51Z,2AwjJTdTWCu6QjyZKvF6oVEd9TkQP1WYvVswFvDEySxn,sell,0.863374507,158672.79904157599,5.4412256682619916e-06,raydium_cpmm
5ctqagDnmNNYF5C18J2krMyXKgE4rdMu754nFexhZn6WF28GbWj3Su5WPPK1eBrtJ9HRusHofCrH6197ad8FCj42,1787075751,2026-08-18T17:55:51Z,2AwjJTdTWCu6QjyZKvF6oVEd9TkQP1WYvVswFvDEySxn,sell,0.987113409,178506.898921774,5.529833384381277e-06,raydium_cpmm
4SvVjvkf3SitXaivdHuWu1YtYX349b91zdnxQdeE6AAcjx96qSw6h2hHZktLLJcBhNk9JRgaYSLPBUenEerdGDLC,1787075751,2026-08-18T17:55:51Z,5kidNviTucvoHuFGuPQUikWokMxsLZMncGrS5gK9Cujs,sell,0.9882714890000001,179018.1360424098,5.520510440159405e-06,raydium_cpmm
52HAnDMioCU8y6wMJUog4Fdug5RXAZHCjgG5eAf1psZvDTf6GYejw6KNTRvqyZDtwK3QyXczujUVBxKTmsfvXbTW,1787075751,2026-08-18T17:55:51Z,5kidNviTucvoHuFGuPQUikWokMxsLZMncGrS5gK9Cujs,sell,0.8671882129999999,159127.23203769815,5.4496530976832304e-06,raydium_cpmm
21XQMj6j9RdKCLNzUGpvUpsdY9xGsB2a3LWnvg4qsWkhfaKQJ1zwNkpGcnSjkXrKxUDGt1aHMB3Mjc5ef75YZTBq,1787075751,2026-08-18T17:55:51Z,DenZLNzBtE3L8T1kQFKh8oE7FCXBrdsM9xwCbsnKvdJq,sell,0.9409930710000001,172263.4228160719,5.462523939308414e-06,raydium_cpmm
3k6H39Lt5gszj4S489KB2x6NTfNSY4yaKCcuXh2HYCEKbvtE6uLjFLLDEkd32J5sJe9j9Drv8f5Via5ftkQNVDqh,1787075751,2026-08-18T17:55:51Z,DenZLNzBtE3L8T1kQFKh8oE7FCXBrdsM9xwCbsnKvdJq,sell,0.831607811,153123.0425031751,5.430977581200793e-06,raydium_cpmm
4nPeen2mn2sfoQHBtRWX1xNiD5799ZrKkG76VYp7rFLPbREUJTiykEx3q6DZhgXgcYC2eumBHTa9ygmD2xBQWPZz,1787075751,2026-08-18T17:55:51Z,Hedt6aVyFRvxpQJkrrqgZ3e3JxUNb7ufCVyYXMnHYYE4,sell,0.950767339,173182.07025911985,5.4899871423031e-06,raydium_cpmm
5dYyVuKJFQD3C9vKcPRxeLCJQ5SPw7yshU6XNGwAfuYstCUwsWMPNbfG59SqYyPZYbo48rSaDXVVDUUbrGfAPU1z,1787075751,2026-08-18T17:55:51Z,Hedt6aVyFRvxpQJkrrqgZ3e3JxUNb7ufCVyYXMnHYYE4,sell,0.8310777619999999,153939.61800810695,5.398725635113846e-06,raydium_cpmm
2E2arNHrNqruU1MbyV1GKtW1CK5Rqzz4KrJrjF8eGmLbq4jeYPHLmxMP6Jg6inrsZ5ea9NnzYeNm5xa9TbQvQATS,1787075758,2026-08-18T17:55:58Z,2z2q5gk8TDgqCidzkXkyevXH1aDaVjWL8cQwoRbMF1Jq,sell,0.004880342,1116.628679982,4.370604201280833e-06,raydium_cpmm
3yJi9pfzXZbayvBGzuH9Aq6JbnpvrTujqPG9RjWoY5gAbmKQHPberY678jV8U5u4qHHSn3cc3cfmiV57ZJ7PXcA1,1787075758,2026-08-18T17:55:58Z,2z2q5gk8TDgqCidzkXkyevXH1aDaVjWL8cQwoRbMF1Jq,sell,0.0044718200000000005,1023.1490244729998,4.370643858360057e-06,raydium_cpmm
5QmbFUtwtci1KMUNFKZhoroLYk7WiWrtuF9c9T4u7NDtaRotJsof7R627PjJ1TcT4ecRcPrahQeXu9ScSAbBs3ZP,1787075769,2026-08-18T17:56:09Z,2z2q5gk8TDgqCidzkXkyevXH1aDaVjWL8cQwoRbMF1Jq,buy,0.008039280000000001,1262.385803723,6.368322565328869e-06,raydium_cpmm
3smZ19RxTdabf7Af6eAWAL7cHTo6AZtuhFazK83FLx3jTfHWskewXuR26UtQsMbdtb5k2dYPw47MEpMRa9o9YLkC,1787075779,2026-08-18T17:56:19Z,3KEdzpSYJ7sXfHKpVhSF2Qj6ZAjd3Q3dugFCZ4umWvkR,sell,0.181760667,37203.23712945101,4.8856142912390206e-06,raydium_cpmm
CSsMNSoB9Fgbke9DB1evmB2ZQRdpsSGCrSWohCGev6JM4Y25WgzaD3zC7Jev1CmTW8QMSC9v5U1bY85USM7uYgQ,1787075779,2026-08-18T17:56:19Z,3KEdzpSYJ7sXfHKpVhSF2Qj6ZAjd3Q3dugFCZ4umWvkR,sell,0.18491149299999998,37203.23712945101,4.970306545008134e-06,raydium_cpmm
3XfPHyknrRDw58JLBvMbVfMuwL5mz7YsfCS1vETiN2ypSuZxZGwg7b2D6r5vYNEs3468iBvbyAk9ZgwLB1wfFVDL,1787075782,2026-08-18T17:56:22Z,3KEdzpSYJ7sXfHKpVhSF2Qj6ZAjd3Q3dugFCZ4umWvkR,sell,0.155373566,31749.242566272966,4.893772368763607e-06,raydium_cpmm
FdukgGA7rNV6rZFo2SqaDygRgzyz27vFqBD382AC4QBTHp9XonhYFEeF6wqNuH9i1tovPuiuK6qNf3qi6DNbAXW,1787075784,2026-08-18T17:56:24Z,3KEdzpSYJ7sXfHKpVhSF2Qj6ZAjd3Q3dugFCZ4umWvkR,sell,0.144299655,29422.02308616502,4.904477662103846e-06,raydium_cpmm
3y6cMfAnXHfBuqHW91VBDzebnG3YgNRpRikts21DrJtKcuHCydVYM6Bbnxw6j3LoscVvq2fA4TyhoqFgcy4xD7oM,1787075786,2026-08-18T17:56:26Z,3KEdzpSYJ7sXfHKpVhSF2Qj6ZAjd3Q3dugFCZ4umWvkR,sell,0.26194039300000005,53303.277137422,4.91415175702401e-06,raydium_cpmm
4M4JAhUF1RSPDBKzqXZT3nptmxZFj54GJdar1tjLUDT5UAUdrycRPuwjAGXXJkSs7cnuLjQQxBhgg8pDuFosroxM,1787075788,2026-08-18T17:56:28Z,3KEdzpSYJ7sXfHKpVhSF2Qj6ZAjd3Q3dugFCZ4umWvkR,sell,0.522712991,106211.56322837202,4.921432046679161e-06,raydium_cpmm
56WPgwRoy1PzWm2jMN16VsnMhwkoZXCcjf6baifqncPzmtYgGVqigMKzG5gypfsoDY1dwjj7nCBxYwdR5axDMAKv,1787075791,2026-08-18T17:56:31Z,2z2q5gk8TDgqCidzkXkyevXH1aDaVjWL8cQwoRbMF1Jq,buy,0.006,1143.7737775980002,5.245792583740111e-06,raydium_cpmm
668Ko5KgG3WUaBM1DmdYpmcm3VJJYhssYruVU1wAgfUMF7jEKtimazbN1wopMYBewCjBVQgJcoaS5WDi1j2N5DQM,1787075818,2026-08-18T17:56:58Z,2AwjJTdTWCu6QjyZKvF6oVEd9TkQP1WYvVswFvDEySxn,sell,1.630128155,312387.073113104,5.218295810882642e-06,raydium_cpmm
5FpU7VRTY9SL6wvjHHxZEtRCcb6gtExS3VXY3y1Lc5XbSb3SnTt7ZV1WpBxKpUSaCSdC1v63uC6upGE2j4G6HsTi,1787075818,2026-08-18T17:56:58Z,5kidNviTucvoHuFGuPQUikWokMxsLZMncGrS5gK9Cujs,sell,1.6490379419999999,313281.7380742179,5.263753808750049e-06,raydium_cpmm
5NjgzdeFg1DCUyY6n9JKgpRHkvHMVc9MTVd4dT2NCXanjZ4eRZahMH5WBB7zJjRsGLgWGwUp19MHzWXvAMVWwnsb,1787075818,2026-08-18T17:56:58Z,DenZLNzBtE3L8T1kQFKh8oE7FCXBrdsM9xwCbsnKvdJq,sell,1.595505045,301460.9899281269,5.292575485074847e-06,raydium_cpmm
2U8MMaAGA1UPEJGSuDSRMKjKkEGzQaipTZuriSWXX71cMgc5QRvX4t9ZNpzhNCtjfzRigTTB1K5NzZ1SqccNawBS,1787075818,2026-08-18T17:56:58Z,Hedt6aVyFRvxpQJkrrqgZ3e3JxUNb7ufCVyYXMnHYYE4,sell,1.599549285,303068.62295346113,5.277845226642366e-06,raydium_cpmm
4faeLXZXdgDNMxo4oA58nrUztNjyHK6A7p3zvmWs6XWbEzt2odhtxqz4V2doUME8N3Q2xq5GwGYe5N8SPnmFMopq,1787075819,2026-08-18T17:56:59Z,2AwjJTdTWCu6QjyZKvF6oVEd9TkQP1WYvVswFvDEySxn,sell,1.2083483369999999,234290.304834828,5.157483310510316e-06,raydium_cpmm
3QDKsHNXrtBeCSjmm9JHNJi8c1pqXwc9dyVpTd65RZ8gZMY8icFxv8xJygkXJJcNHuRVBXpStudeXnrdxQUWLJMp,1787075819,2026-08-18T17:56:59Z,5kidNviTucvoHuFGuPQUikWokMxsLZMncGrS5gK9Cujs,sell,1.21446787,234961.30355566298,5.168799507074106e-06,raydium_cpmm
3eY17apeWT8BJKEWUV5wf4SRCkF1RMfric3cewq7iG7un33sr4N9Lu6rAhVCYN42vftmxWbsJtv6YKAn7XFq4hMa,1787075819,2026-08-18T17:56:59Z,DenZLNzBtE3L8T1kQFKh8oE7FCXBrdsM9xwCbsnKvdJq,sell,1.1559809799999998,226095.74244609603,5.112794108786014e-06,raydium_cpmm
YkvAoS1Qh9z2U2eCeehDqxxrcaZXaaSdwinjj6R4377mEigwZaKfo6J6jRXxYhnmVWHWFMWuvYTs38D1u47tGCy,1787075819,2026-08-18T17:56:59Z,Hedt6aVyFRvxpQJkrrqgZ3e3JxUNb7ufCVyYXMnHYYE4,sell,1.167013603,227301.467215096,5.134210602765937e-06,raydium_cpmm
3oxHoNnws8ZqXfCEVs9A99ZVAzAFbtFmWfZm3G9kx99HAootdyAMf7BpxQxvoeJiBsfsPx5zxzykvVU7kWkvEnb4,1787075821,2026-08-18T17:57:01Z,2AwjJTdTWCu6QjyZKvF6oVEd9TkQP1WYvVswFvDEySxn,sell,1.704100869,351435.45725224295,4.848972503582303e-06,raydium_cpmm
4YBFFKUCghDxQ8NA1ZLmxcxiwB1pUzchmtDwb3358yVuCxgB29gqhWa9cu49YoKvs6ngR2txvsYrk6pz3RRTae5c,1787075821,2026-08-18T17:57:01Z,5kidNviTucvoHuFGuPQUikWokMxsLZMncGrS5gK9Cujs,sell,1.703651699,352441.95533349505,4.8338504347132415e-06,raydium_cpmm
2ufKz7Lrpm9mByyUEJbrTRTReMj4LFCjYXVrBxtiairxcWcLRqBMpZYXnmcKdrbYqH32ssy4M9RAxtLvH1JJvxdm,1787075821,2026-08-18T17:57:01Z,DenZLNzBtE3L8T1kQFKh8oE7FCXBrdsM9xwCbsnKvdJq,sell,1.6492431719999998,339143.613669144,4.862963964313185e-06,raydium_cpmm
tJEYxZ6wXK6s8b2tCzscA35aNUqxJPDTKvnQKSstjkWEsfPUWWSHCEJuv6H7dvHwFogDcQhLMbJb9hShqKbDq5f,1787075821,2026-08-18T17:57:01Z,Hedt6aVyFRvxpQJkrrqgZ3e3JxUNb7ufCVyYXMnHYYE4,sell,1.6374126459999998,340952.200822645,4.802469795030718e-06,raydium_cpmm
5DJ2gauVr9NUVbxZMHhU2cagZSdcA81GeTkZeGbPTvSNUwsd9H1ecisha4A7Z9woEmRHaAE3pEAg8RUkf2PSkTK6,1787075838,2026-08-18T17:57:18Z,2z2q5gk8TDgqCidzkXkyevXH1aDaVjWL8cQwoRbMF1Jq,sell,0.006957708,1262.3858037230002,5.511554375437748e-06,raydium_cpmm
3SuhzThrmuS18dA45gz6WSsvfQ15Jmo51CHswR41Gs4YDEfZgYxdCraR6tdy6BxbECJ9Y8VZYZKDvUVEcHUzL5t3,1787075849,2026-08-18T17:57:29Z,414TRcpxccWfAiktShD7xGU3nUQsPYquAfw2LbnuW1rU,sell,1.313073209,238131.537762733,5.514066810874526e-06,raydium_cpmm
67GVYuTjr17U2bZsRB4evm1ixtNhrLuDR5oKdx33njRxmZwKfUGWqRNSbJAizcojf1W3fiugrqpkvDveypTKupvf,1787075857,2026-08-18T17:57:37Z,CQ4n79cjiQ3tRSMFTGzKPSYoCaazfuCGu2Y7Hzd1aUj2,sell,7.675652895,1293311.8044213252,5.934881958673814e-06,raydium_cpmm
2KB731jbnuNmvFBs8xgn6JpTmZmL7zb8Na8A7Xd4imANqvjPUKhD6eojG4BeXxUMpHaNz5jzNGzUjTHTCgp4BykJ,1787075857,2026-08-18T17:57:37Z,G5nGszFTvbcoVEQqek9qStAT76ffLmjr4UzEtMoouizp,sell,7.900357567,1348439.2627424086,5.858890189041611e-06,raydium_cpmm
2ZkakYigYs86HyFgupjJ8Juq88MrNewNPMsPu3gf1AZ8oEwUQi17wMMzfMVsnaHfKtbRaxEyo73Hc2Q8Xxw7Geab,1787075858,2026-08-18T17:57:38Z,CQ4n79cjiQ3tRSMFTGzKPSYoCaazfuCGu2Y7Hzd1aUj2,sell,6.204858589,1099315.0337581262,5.6442952188036815e-06,raydium_cpmm
pbsqujqh7Lkv6Ez1dPhSdcqSgqk85GdcYsW52G6E8ZeNiEvZiALNxFr3V5UmsaC4q7cSRvzgfyysujY9c2BR3E8,1787075858,2026-08-18T17:57:38Z,CQ4n79cjiQ3tRSMFTGzKPSYoCaazfuCGu2Y7Hzd1aUj2,sell,6.121501072999999,1099315.0337581262,5.568468441728657e-06,raydium_cpmm
yaSruPUwtFTQ7PK6Uoc2ZVPLi5ztsN9NNYaEQDmarvgdFYWypWZzAaZuR2JBGvFuRqB7bV7nEcbieRWmf5X6AU1,1787075858,2026-08-18T17:57:38Z,CQ4n79cjiQ3tRSMFTGzKPSYoCaazfuCGu2Y7Hzd1aUj2,sell,7.481538738,1293311.8044213234,5.78479119453141e-06,raydium_cpmm
3f6NYQciX3HRtaMua2K1wWyo9KieWmhvn7Bjqb8H3rGxF9Dwss32i1gigd4prDRL1AhuENZ7Afb8XaVukhZZTxN1,1787075858,2026-08-18T17:57:38Z,G5nGszFTvbcoVEQqek9qStAT76ffLmjr4UzEtMoouizp,sell,6.4005815969999995,1146173.3733310467,5.584304910520142e-06,raydium_cpmm
49bSx9bUH6fCSY59zhnGND2tbQu5STNwLwrS6o8sr8GyozX1GX7HdF21uBk3bJ48yUmw4koG1rCueeqQcHf6QbvN,1787075858,2026-08-18T17:57:38Z,G5nGszFTvbcoVEQqek9qStAT76ffLmjr4UzEtMoouizp,sell,7.701822429,1348439.2627424076,5.71165690721309e-06,raydium_cpmm
5TadAtKqeqjTLUiqgi8vRACJVd5GyGxWXCVopY3dHbzo7svYARE3boXeaRgdBDvEDf6Er7kkKSwZRtCkr6iUUQxN,1787075858,2026-08-18T17:57:38Z,G5nGszFTvbcoVEQqek9qStAT76ffLmjr4UzEtMoouizp,sell,6.3150503989999995,1146173.3733310471,5.509681646718934e-06,raydium_cpmm
FG8jsjneHkocx8EPp2D1FBakYiXSLptAegdVTm7ZpsTpbAndeDtdba3vVZ2pRdarymfkex2TCEDaXtyqQndFLmK,1787075859,2026-08-18T17:57:39Z,2AwjJTdTWCu6QjyZKvF6oVEd9TkQP1WYvVswFvDEySxn,sell,1.9247196149999999,351435.457252244,5.476737122795569e-06,raydium_cpmm
3pCodPeCAfVa7ARFyZgoikHcECeuB8BXRwh1HfdUGYuFP9532n3JQhdSd3h6J8NdF2va878j3uWrEePnNXpGNeYq,1787075859,2026-08-18T17:57:39Z,5kidNviTucvoHuFGuPQUikWokMxsLZMncGrS5gK9Cujs,sell,1.905091949,352441.955333496,5.405406252491474e-06,raydium_cpmm
5mfwT5fmqvahW1gfRFq82vXCtj6iGYK8ESczPhfRd9fZzvDS84LxpU8zJriVY5NL4EyCEMsgzL7Bxx7UkzK3uMJV,1787075859,2026-08-18T17:57:39Z,DenZLNzBtE3L8T1kQFKh8oE7FCXBrdsM9xwCbsnKvdJq,sell,1.8209345289999999,339143.613669144,5.369213677060233e-06,raydium_cpmm
XGwVS8wAwvNNLahPZyHsReK2xm1Gzqx95o1akcNCWcnE74ZgvNzPeJZfM7c72oDf9ecSoVbYhoK5mBDnuaE5Ejd,1787075859,2026-08-18T17:57:39Z,Hedt6aVyFRvxpQJkrrqgZ3e3JxUNb7ufCVyYXMnHYYE4,sell,1.848713794,340952.200822645,5.4222081263574415e-06,raydium_cpmm
3DdaTmJezwGg6FQW1hFXQfWRyn7E7ihgjYk9GxG1mMhVo7HKHn7SERBmz9Chp9cAuQkhdttnqDtacqhMkcyW1YGy,1787075860,2026-08-18T17:57:40Z,3KEdzpSYJ7sXfHKpVhSF2Qj6ZAjd3Q3dugFCZ4umWvkR,sell,0.165870568,30444.800513002992,5.448239607586082e-06,raydium_cpmm
2atfhgdVvv3XTPPS7mq8HhzojGVg1pi92pX1JJ22xLQY2Syz9o9RPNndWTqz6ANxnWygUZf9noHBm5LpPD4AYGCg,1787075865,2026-08-18T17:57:45Z,CQ4n79cjiQ3tRSMFTGzKPSYoCaazfuCGu2Y7Hzd1aUj2,sell,5.28057071,959206.2549458158,5.505146242294148e-06,raydium_cpmm
2pJvXN8bNfa9QA5SbLeFyn9sPX631RUorXiHKjdCgXpABkvLWUjmts7fHzdFHPimQghpWNhdyCG6tg2im4BbhXif,1787075865,2026-08-18T17:57:45Z,CQ4n79cjiQ3tRSMFTGzKPSYoCaazfuCGu2Y7Hzd1aUj2,sell,5.3800987430000005,959206.254945816,5.608907067963098e-06,raydium_cpmm
2uWjeJtaQoa7ZLpTFw7mdZwDcSkix3EiXHbyZG7HGof5Eb1EGPgV4gh32hYe6v18B9okKFHuqP9xRGCGEyoBAzHT,1787075865,2026-08-18T17:57:45Z,G5nGszFTvbcoVEQqek9qStAT76ffLmjr4UzEtMoouizp,sell,5.662203786,1000092.4532006192,5.661680345531173e-06,raydium_cpmm
4Lx6dpDDD32aiZkfcNrk18VNythTJoM5vzzjjHCgF3QWDVEfE6N1E7ZWLRrxhr4Pawz8JAXsRpfqhCUPz6grciMH,1787075865,2026-08-18T17:57:45Z,G5nGszFTvbcoVEQqek9qStAT76ffLmjr4UzEtMoouizp,sell,5.55697429,1000092.453200619,5.556460577435503e-06,raydium_cpmm
2U4dzoAkdQdi2u2bXqdBsLviUPpPivMxkhXtvDUCbGuBffc9kkz63FfTwysakdfzVYercEuTLfdb4iingGAwt8pk,1787075868,2026-08-18T17:57:48Z,2z2q5gk8TDgqCidzkXkyevXH1aDaVjWL8cQwoRbMF1Jq,sell,0.006532756,1143.773777598,5.7115804960306195e-06,raydium_cpmm
2dG4tSebesENBtWwDZoHj1EZZWVc6siU8HPMurCFhuJrZ1yc257oNP4x3jvv3jnvqFS94E2ES3QQjDd5Tf3barEf,1787075868,2026-08-18T17:57:48Z,CQ4n79cjiQ3tRSMFTGzKPSYoCaazfuCGu2Y7Hzd1aUj2,sell,10.612195492,1918412.509891634,5.531758908619426e-06,raydium_cpmm
58vUqor5cc6U7mv2JJExxic4pAdfLgfqkXRUaYmGKuWiPCfCNV7yeRtJ6Xw5TEk551kLwboiU9ewvH3gK3PhpdDn,1787075868,2026-08-18T17:57:48Z,G5nGszFTvbcoVEQqek9qStAT76ffLmjr4UzEtMoouizp,sell,11.272486037,2000184.906401241,5.63572197796533e-06,raydium_cpmm
U2wn3y3euuuemgrktJmpYUQMUqmkAgLn6iigzrWoEHQ82JT6QVvLLLHfZ3a6HiarWn5XQyWamfoFaDLwYL7hWfP,1787075874,2026-08-18T17:57:54Z,3KEdzpSYJ7sXfHKpVhSF2Qj6ZAjd3Q3dugFCZ4umWvkR,sell,0.345218342,60663.99719337199,5.690662633053758e-06,raydium_cpmm
62Ee9XRvFqyZHFBypwHZjU7xhPs5cmSaj117o8qk3EC8LJVJifoA2ptt3qD7PCp6KmeQxZj27j6Nu2smyvyfGqnR,1787075877,2026-08-18T17:57:57Z,HPiAxtK5UGhaNTjNPqDn9WijfQhZ6YEqgHc5MeLZUiba,buy,2.235914566,435045.690996536,5.139493649226382e-06,raydium_cpmm
sqxuGgVtTCiLe7bXoJmeqpzPvdhqg9zuWFyHczV23VDYQkkUBpPQodHbFKnHRLiKcfN9y87Kdx34Tphoi6xY8ZY,1787075879,2026-08-18T17:57:59Z,2z2q5gk8TDgqCidzkXkyevXH1aDaVjWL8cQwoRbMF1Jq,buy,0.008039280000000001,1132.25439252,7.1002418300249575e-06,raydium_cpmm
4K4RxiYHCR1QjnwrbiCTsUnZZLcEmH6L9iDQEWMZY6KEcDseBq9nCMrzXF7u1pFfhv63rpEKhaS8k3VWadofZGda,1787075899,2026-08-18T17:58:19Z,6DqwStHBhuxWGutooviZUgVDhT3F4Dy5pAiP2YErRCEe,sell,9.915682536999999,1540996.391550701,6.434591665086165e-06,raydium_cpmm
237tFcCE21tgW2XESKBnpc7GxPj8NqsaUqSVoWYUbbo5GHRCqH2riunY6TCbHVzKuWEygTrGkwbE59ugPYyj6EJw,1787075901,2026-08-18T17:58:21Z,8KQriAKQrWJY2CPMLGmxwMz2sEhKjq6hEd3Rwx1B5Zu6,sell,8.626797065,1371819.157053695,6.288581859089998e-06,raydium_cpmm
tjU5ffGC2ZsfJgHxAxJC2dzSjMgEXZG31goHzVc14wZBJer5N1WJtE5QjdMYZpcoumnnAtp1Rxbnudj9NgbpM66,1787075901,2026-08-18T17:58:21Z,8KQriAKQrWJY2CPMLGmxwMz2sEhKjq6hEd3Rwx1B5Zu6,sell,8.50942421,1371819.157053695,6.203021853314831e-06,raydium_cpmm
35f3DV1orThFi4mwwxjs6rDiXXkAERYSh9tyWcPMUqW7epfem4ZMLCNoqYikASsWYQPsyY6GU8Vw2nV6zA49bhTG,1787075901,2026-08-18T17:58:21Z,Gwk2S8xumrwaWQCKf1rwoGg3RS2rUx2GUCfiiE7Mm3QA,sell,9.657016576,1513366.6166750025,6.38114814321549e-06,raydium_cpmm
4vdqyc4c7MZ5sqhj7i7pLhvHtLn5Rpp8P3qeBHxM22Vn7mHsCzsD26PeQdLY6RsvLQdA9DWUB91hVL2dM6kDzcQZ,1787075901,2026-08-18T17:58:21Z,Gwk2S8xumrwaWQCKf1rwoGg3RS2rUx2GUCfiiE7Mm3QA,sell,9.253580963000001,1513366.6166750034,6.114566596778059e-06,raydium_cpmm
4AR2tBe3bwLb8y49nUBsmFjpQNW6a72VJoeDekTVE93W7FkumRmp8JQiX5g9XDHcHh6CRVzoKuUuta5dqKptmYbG,1787075903,2026-08-18T17:58:23Z,8KQriAKQrWJY2CPMLGmxwMz2sEhKjq6hEd3Rwx1B5Zu6,sell,5.504250181,960273.4099375876,5.731961464347685e-06,raydium_cpmm
3jnr4PbZgkMWB8gK4BrXvjoDkNXhe7W7o5JQwn89TaNCa7yWdyg3CXHB4Aeu9vE53QUH5JJ5h7Xm48AjoXhEcDeo,1787075903,2026-08-18T17:58:23Z,Gwk2S8xumrwaWQCKf1rwoGg3RS2rUx2GUCfiiE7Mm3QA,sell,6.131818462999999,1059356.6316725025,5.788247583176159e-06,raydium_cpmm
4YURqGYQuXcDvB2Jgo4bSRv1Eb2eycjoRP1ppnEvarnLFqd9ftrH7Pep3vTmoRHSTWRJjQz4MucSWi45JpKwtStZ,1787075904,2026-08-18T17:58:24Z,8KQriAKQrWJY2CPMLGmxwMz2sEhKjq6hEd3Rwx1B5Zu6,sell,4.059258304,693797.5386799062,5.850782220593607e-06,raydium_cpmm
5qvRRCdcz8irVokKNP8sBn9DwLjgcunFUMhzP91MSyWSrtBejKZALFD6oaYt96RuwQG4mmeduypR2ZYMDhJCFcxc,1787075904,2026-08-18T17:58:24Z,8KQriAKQrWJY2CPMLGmxwMz2sEhKjq6hEd3Rwx1B5Zu6,sell,4.777361337,816232.3984469483,5.852942551765799e-06,raydium_cpmm
4UFAqY4tG11q2zqRxHvvjiejgYkULv4btuqmq5k5s6yZAYMmGLRCVbSQpdiSKmovWdinpew2WDLKLpr3SQ6QJ8W3,1787075904,2026-08-18T17:58:24Z,Gwk2S8xumrwaWQCKf1rwoGg3RS2rUx2GUCfiiE7Mm3QA,sell,5.226778884000001,900453.1369216265,5.804609556771335e-06,raydium_cpmm
4pFhuzFFkTbFzmiuEzrGfHUzYaJFvaPSbrnjrw4KnXf7Miq6TFjQtUQ8oyPRUDV93PrP8Fd7qSj49ZBDhC3peDMU,1787075904,2026-08-18T17:58:24Z,Gwk2S8xumrwaWQCKf1rwoGg3RS2rUx2GUCfiiE7Mm3QA,sell,4.446693435,765385.1663833838,5.809746034159013e-06,raydium_cpmm
4gfo1o1hoCDpn7gToCKRhTMaZ4UqoKQfEt6dwJpPTj5JxeWWfFMmPMPVVovGZcyMTMKUZYBsxVBQLbgkN2qg18g6,1787075905,2026-08-18T17:58:25Z,8KQriAKQrWJY2CPMLGmxwMz2sEhKjq6hEd3Rwx1B5Zu6,sell,3.963943021,693797.5386799062,5.713400235668498e-06,raydium_cpmm
3qwe5N9d7yWhXS3Bp7QWxTtaCnFjcUzmYdgPEr4raoES9htZtW71YDz4dTUqxPwWXYvLNpPBXTA8DmJSc7G5AqQC,1787075905,2026-08-18T17:58:25Z,Gwk2S8xumrwaWQCKf1rwoGg3RS2rUx2GUCfiiE7Mm3QA,sell,4.403954177,765385.1663833824,5.7539058377753485e-06,raydium_cpmm
5fdpg2N9AeYAykQE57gKoMM56be4vgqgZok6FyLbRqCJ8scpwoWQSgbXDANxMoa8zsaHSGQsWBprdroimmwy3Exh,1787075906,2026-08-18T17:58:26Z,8KQriAKQrWJY2CPMLGmxwMz2sEhKjq6hEd3Rwx1B5Zu6,sell,2.758655277,485658.27707593516,5.680239393034519e-06,raydium_cpmm
65qPhMHhQqrmPQm9BvQFbgxf1g9oR6Hvbsen9tMQzC3SfSbL1Go6hpMd8QQ8WwEQRkazZ6XYRLWk8FHCdZEr41LF,1787075906,2026-08-18T17:58:26Z,8KQriAKQrWJY2CPMLGmxwMz2sEhKjq6hEd3Rwx1B5Zu6,sell,15.620604158,2752063.570096966,5.675960514767334e-06,raydium_cpmm
5shSi6m5nBqta7ihcRUiXvkvTxHjFSNQc5wQSe2XCE1t1NGexQDJBopE3WkwzfFiJveAJ1RX5iUUkuHa39mC3vYL,1787075906,2026-08-18T17:58:26Z,Gwk2S8xumrwaWQCKf1rwoGg3RS2rUx2GUCfiiE7Mm3QA,sell,16.765144272,3036027.82665409,5.522065418773297e-06,raydium_cpmm
61tCbv9HEYdTwf2FVu53dg9K6XAzvundPJEWZxSZGhuFzqmGh6LuTa4PF6NUfeJXaqHaCY4JmvHK9gavdKYPo2eK,1787075906,2026-08-18T17:58:26Z,Gwk2S8xumrwaWQCKf1rwoGg3RS2rUx2GUCfiiE7Mm3QA,sell,3.028645961,535769.6164683681,5.652888607166494e-06,raydium_cpmm
au9cSVHgRem5pjTknXFW6duVQkvbxJ78LZM4XUoNZadDScW13ifqLxt2dZVZ8WPWqYiNcAqsuL8odWKmwk1o6Wq,1787075908,2026-08-18T17:58:28Z,2z2q5gk8TDgqCidzkXkyevXH1aDaVjWL8cQwoRbMF1Jq,sell,0.0062308500000000005,1132.25439252,5.503047761318303e-06,other
5qT3x78rK82jkr2SAD9vv3UhRnamExCixDZX4nXqvHHn67e1Edk12U3M7nTxfUDDLkAwBaqTxoHyGrsLXydxAENT,1787075923,2026-08-18T17:58:43Z,HPiAxtK5UGhaNTjNPqDn9WijfQhZ6YEqgHc5MeLZUiba,sell,2.676765239,435045.690996536,6.152837033895167e-06,raydium_cpmm
5hwrLUoixTAyDxAC9YYsUF1xWxtQfC6DhfX8VPrmCjYPNa5MD7DJgesKJEezNz8H8caHempS88K2mA7YEiAhDEZq,1787075958,2026-08-18T17:59:18Z,4iDyxGxPRC66QBNwYqMn74VtVm5Moy1ns4w3bAqYGvRG,buy,0.0501,7443.016937281,6.731141474239608e-06,raydium_cpmm
4qmJePC4gjMhrtcb7eU78SSaTPDvAdX7arejJqfMfdRyRH81YavMEgN4tZ8UeT17CMsBJ3ygxpHZKdCaLouNuftm,1787075959,2026-08-18T17:59:19Z,HPiAxtK5UGhaNTjNPqDn9WijfQhZ6YEqgHc5MeLZUiba,buy,2.3079234819999996,342384.213494657,6.740741515046561e-06,raydium_cpmm
64Sr6r8jxoFSS3yKFWHc7FGTbJt3GH9xvJ1bAAMa5vZEX76r3hvq4oFxBdFa1rj6VAruPDBQ4wNexGrT7J1pCSxm,1787075961,2026-08-18T17:59:21Z,2z2q5gk8TDgqCidzkXkyevXH1aDaVjWL8cQwoRbMF1Jq,buy,0.00803928,833.910941914,9.640453909320545e-06,other
3ksGfCuxBixkWCn5f5JTDQ152kW4sjQpo8k3GytQhZ4g6R3tntsTrue5LmNQ92gjqmpBe3kDxBzjYTSKZTe6jvvH,1787075980,2026-08-18T17:59:40Z,rAHF9X8b6JfP5DvM3b1RhuJVco1NZ9RHsxJvdSVWixf,sell,3.623119762,500000.0,7.246239524e-06,raydium_cpmm
579HmEU1KCQGinp4SquEQikxxpSah4nigZoHTQNFzVsGSDw8NmQbXuLkKrAYrUsiq3KwujQMjPrsMjjGbVbLUjsW,1787076001,2026-08-18T18:00:01Z,HPiAxtK5UGhaNTjNPqDn9WijfQhZ6YEqgHc5MeLZUiba,sell,3.158025374,342384.213494657,9.223630207031383e-06,raydium_cpmm
3MoKi8bJQkwp5sRE5CUrcxCokvs84xUhAqkSRCF4j9G2Kk2mXSp9AYSNeGDZtmBCyZ3j1tBSB4uKATYE1wLoedkm,1787076011,2026-08-18T18:00:11Z,3KEdzpSYJ7sXfHKpVhSF2Qj6ZAjd3Q3dugFCZ4umWvkR,sell,0.09218528499999999,8894.676123259997,1.0364096873514162e-05,raydium_cpmm
3fKzpx1YNynwNje8LQDBPUjYh73g1Lyho2Zii9iJcARNRnqz6HDKtYfTvhD4pp6NHgmF56Xo43Qn63gxFyzmxEvw,1787076012,2026-08-18T18:00:12Z,3KEdzpSYJ7sXfHKpVhSF2Qj6ZAjd3Q3dugFCZ4umWvkR,sell,0.08984110399999999,8242.696363424999,1.089947998068308e-05,raydium_cpmm
5kXmo76dqzigK1EArc8W3545pyUmJyAq4wDC39StjEh1Vc3FJKq9Za22soLvA331WjHGTfNnopzj6eMU4SpX8mMz,1787076012,2026-08-18T18:00:12Z,93u5BsWsPxuLRzcDqwecZV9TiXEV7qNavef6fscPnSb5,buy,0.5426908109999999,48615.349443046,1.1162951973342796e-05,raydium_cpmm
2EmWr6SXXKpTE4pvF3wwAVFHGFDn1GqGTzzrSughLUNv5KKkhvaiPLmmy6mXuU8zFLKyCnL38o3UKvjfhnWgcNfk,1787076012,2026-08-18T18:00:12Z,GEPiePuVYQcbShk7ACa2YASeLuRHqvcSZpS89keWZecG,buy,0.483324145,43269.795559177,1.1170012216466154e-05,raydium_cpmm
5s2ACLgeMzH2hCiK5LWWnwErcjMeJU8LMKKojYGLACjBdyLXXRdRNFVMwykdT9vNwAcUjTMus9JNeWh9pFW5QbZ8,1787076013,2026-08-18T18:00:13Z,93u5BsWsPxuLRzcDqwecZV9TiXEV7qNavef6fscPnSb5,buy,0.034137886,2984.945484279,1.1436686592701993e-05,raydium_cpmm
7mXAg33hupFcfrHwRs3VoKbgeQCeAKkPz9hM4k7gvivd1FWTpVay9CnnyNuMQEkqmjrC7Z3xAkW1BA6C4HJiZu6,1787076013,2026-08-18T18:00:13Z,93u5BsWsPxuLRzcDqwecZV9TiXEV7qNavef6fscPnSb5,buy,0.036332658,3176.5449730309992,1.1437791156261219e-05,raydium_cpmm
4zk7t9noJ35uRXRYuZehxtNExT4TWFszJx7dmJdgixxYjB5Eh3ACacf4GDYpMfweZ9suLddoiiYjvMMzy7gECk3V,1787076013,2026-08-18T18:00:13Z,GEPiePuVYQcbShk7ACa2YASeLuRHqvcSZpS89keWZecG,buy,0.033483694,2926.9984756060003,1.1439600764762134e-05,raydium_cpmm
525mA2HHC8ZkWeAMq9kj2C3ixp3NxJhi1rCntwrKKmCELV5oEEWx4xA5UvxpK6ssDeQrJUFxVnvZdWKBHhYefWna,1787076013,2026-08-18T18:00:13Z,GEPiePuVYQcbShk7ACa2YASeLuRHqvcSZpS89keWZecG,buy,0.034135179,2984.5885673739976,1.1437147274886862e-05,raydium_cpmm
3FVKjdC9m5r7tgfBHwChCgZBi3weTm9BgpFyoQ3X4vKpGDoxC6SdfYHJU9M5zijmwQPDEunvFcgTM91zo9apuZDY,1787076013,2026-08-18T18:00:13Z,rAHF9X8b6JfP5DvM3b1RhuJVco1NZ9RHsxJvdSVWixf,sell,5.613607045,499999.99999999977,1.1227214090000005e-05,raydium_cpmm
5ogc1J6pZ76onE6vRQSmUmMkJ3Y1RUdXrCfaUM2WoogJL3hwhG7NVR6KAWAx4svppiQJVQdpFg1JJMF3VethPff1,1787076014,2026-08-18T18:00:14Z,3KEdzpSYJ7sXfHKpVhSF2Qj6ZAjd3Q3dugFCZ4umWvkR,sell,0.08675326,7638.506719986006,1.1357358601650734e-05,raydium_cpmm
5jsPv5izFU3mjDH4jV2Gpk7ShGzwT53CT7ywjpHG6PGgwsfrkPQ5hjrDbSDgw8rXkSvQqQyq57N5w77wkbEyXwKC,1787076014,2026-08-18T18:00:14Z,93u5BsWsPxuLRzcDqwecZV9TiXEV7qNavef6fscPnSb5,buy,0.030682037,2679.443317797006,1.145089981796154e-05,raydium_cpmm
pNEWRL3NZ26z1FpDvtUDQk6tXstrt2mgW7Tx3AWcC1reWBpv1CWpbq1Uspq1DNTGLCUfb4sD8gyvYSu7ioL9fnL,1787076014,2026-08-18T18:00:14Z,93u5BsWsPxuLRzcDqwecZV9TiXEV7qNavef6fscPnSb5,buy,0.0363374,3157.4894797849993,1.1508320212194118e-05,raydium_cpmm
32TDx42Jvr6aSLMzRoFfZFhr5WLxCKH87mVHYrBaHcKnoMM2ZwxmRpDUeBkg8n3JYkFyAKWdHPsmeRvQccGHH6rU,1787076014,2026-08-18T18:00:14Z,GEPiePuVYQcbShk7ACa2YASeLuRHqvcSZpS89keWZecG,buy,0.032994678,2882.1727602140018,1.1447848808879223e-05,raydium_cpmm
5neY35L2cp22kU5DEf4HfuFtGKKnDm9vsXbzbTj28Y48BN8yvDEmLSxEsgF6t58ZM3rVzm7bBpH2Ujqu3dW6dvGc,1787076014,2026-08-18T18:00:14Z,GEPiePuVYQcbShk7ACa2YASeLuRHqvcSZpS89keWZecG,buy,0.032605191,2832.1751990330013,1.1512420210138305e-05,raydium_cpmm
3jNJCT8gbZqmLzj2CLRZmY5CFceDhs6gWae4S4FJB4gBFYzwX19Zcdmj3PTmRUnvS8Must7mnnVHsskHozVPDEF3,1787076016,2026-08-18T18:00:16Z,3KEdzpSYJ7sXfHKpVhSF2Qj6ZAjd3Q3dugFCZ4umWvkR,sell,0.08078258299999999,7078.604177411005,1.1412219270261014e-05,raydium_cpmm
xaE8RPPYPXdX7c7ah8dtHD59cd4Mk5qEC42Ru9r6XaDnDi1E7YegsGDgi6QsaYQiStRjXLBeAF67t47XLZ6chbf,1787076016,2026-08-18T18:00:16Z,3KEdzpSYJ7sXfHKpVhSF2Qj6ZAjd3Q3dugFCZ4umWvkR,sell,0.07349004899999999,6559.742491205994,1.1203191146378218e-05,raydium_cpmm
3bPwRb2zbKnU9AsZL8BxEHWbmoXAEvGih8yDBi14Pb6qASp4SDbPuqxUULQLbvmuEGMi4LaqwwGKMCDcpMmd3ECc,1787076018,2026-08-18T18:00:18Z,3KEdzpSYJ7sXfHKpVhSF2Qj6ZAjd3Q3dugFCZ4umWvkR,sell,0.07181420599999999,6078.913366601002,1.1813658407202238e-05,raydium_cpmm
37UFqZ5btLnSwzb1QAN6ciC8y3vBtcFts46eW9jYYosQxpHGDRGDxBSnPhAycDXX6odpwRChduApoeFcbu5DKQWj,1787076019,2026-08-18T18:00:19Z,3KEdzpSYJ7sXfHKpVhSF2Qj6ZAjd3Q3dugFCZ4umWvkR,sell,0.07179535399999999,5633.329016828997,1.274474716202776e-05,raydium_cpmm
3FManbWWgBgUoE9YF4pSWHrEUctiCBimx8SCxDcNw4BxHxpToAKYPUPJazA3rRExU9jDrKLsDRT2omWWHj2pc1C2,1787076019,2026-08-18T18:00:19Z,93u5BsWsPxuLRzcDqwecZV9TiXEV7qNavef6fscPnSb5,buy,0.031140291,2359.439715986002,1.3198171917262391e-05,raydium_cpmm
q428Z3FTF1U7pad61BjDVycac2UsXx2eZJLoPi8vdzQk6vJz9nA2JSsg62f2qP23CW1K21RvdFvEXsq7tdSCGQv,1787076019,2026-08-18T18:00:19Z,93u5BsWsPxuLRzcDqwecZV9TiXEV7qNavef6fscPnSb5,buy,0.031517881,2413.9891294639965,1.3056347526717424e-05,raydium_cpmm
3bQi5DLax3z9CWuiEtQGnFALMKRLSxepwE3JErtxCNBZ1JcSbUgcPoLNgvf2CjEcwCsq4EN4F5LuN33tHb4utAvk,1787076019,2026-08-18T18:00:19Z,GEPiePuVYQcbShk7ACa2YASeLuRHqvcSZpS89keWZecG,buy,0.035621409,2729.083355982002,1.3052517770085626e-05,raydium_cpmm
5xfvbZkx2ghUwdTiRtZKLYVTSvHqDmhADDjSY37uqWhH2guQMAwxTSg7SSMFBaqvwecpjFBi9XjMf1Cx9JXhU4bn,1787076019,2026-08-18T18:00:19Z,GEPiePuVYQcbShk7ACa2YASeLuRHqvcSZpS89keWZecG,buy,0.034596472999999996,2622.057530416998,1.3194398901879914e-05,raydium_cpmm
5goWbrVVEHEn6wpcbz3mCc4HQqj4pnswKeE3JkDWg2otkuHctLTqpy2iugXkFbzjavevgcoWa7wWNThCajB1Wnf,1787076021,2026-08-18T18:00:21Z,rAHF9X8b6JfP5DvM3b1RhuJVco1NZ9RHsxJvdSVWixf,sell,6.165087471,500000.0,1.2330174942e-05,raydium_cpmm
4JNLEDRGZCkvURf9FCjLSR5jJxkFyvjTBvaj9EhF7Fs2CYNqDropCWKGDPLcmY7kaibM2FQPpWHVuiMgX4Tb39Ve,1787076025,2026-08-18T18:00:25Z,3KEdzpSYJ7sXfHKpVhSF2Qj6ZAjd3Q3dugFCZ4umWvkR,sell,0.061833555,5220.405999896,1.1844587375240898e-05,raydium_cpmm
5rNe6kud1EHveecnbC7rKsFpVKpZwxthoj6QGHakf6rJ7CH6xSJeMDiY5f18fWhc2g5dgwd7kRJzyzi8eYuZXenv,1787076029,2026-08-18T18:00:29Z,3KEdzpSYJ7sXfHKpVhSF2Qj6ZAjd3Q3dugFCZ4umWvkR,sell,0.06374511699999999,4837.750240103,1.3176603552531228e-05,raydium_cpmm
4DAvv1kgeZWVMpJxxEbQ2rgQAMRPCAFgQVHqJNjVn6SMzKDz5P4eTCaYuhBajCYTzczjmpYtCWbPmbb6L4pJFb73,1787076029,2026-08-18T18:00:29Z,5GjQkGJF1NtAsTt9P8Q3Ni6SD2QsSZ1sSnsi8GBqDnt5,buy,0.0001000000000000445,7.559231498,1.322885798992956e-05,raydium_cpmm
5JbAET7joraWNds16rmj9kYFH2AhqkwarTcMAy6t3MXowQE5giZPrznhALbW4vRkrKdZ21W8mNZP9vhJXVGGV2F1,1787076029,2026-08-18T18:00:29Z,5GjQkGJF1NtAsTt9P8Q3Ni6SD2QsSZ1sSnsi8GBqDnt5,sell,0.0010323410000000477,77.709527215,1.3284613058368712e-05,raydium_cpmm
4jmTnxRwhYNjyoCFBeD4YWxLSU4UN4SC978hsXafa5G5pEEhXJ4N6Hij9uEGBDaJdZtvvfEuCCTY7xRmxfbSLKju,1787076030,2026-08-18T18:00:30Z,3KEdzpSYJ7sXfHKpVhSF2Qj6ZAjd3Q3dugFCZ4umWvkR,sell,0.056645897,4483.143147504001,1.2635308562818861e-05,raydium_cpmm
5Pmmi9w29e9bsBQuyJmTWHfNddG4yrVMYS9GHSqEX5Cg21D9UCjAPstycHLxSuJDcmX3ZuRBinfU1RX3fiiFws94,1787076031,2026-08-18T18:00:31Z,3KEdzpSYJ7sXfHKpVhSF2Qj6ZAjd3Q3dugFCZ4umWvkR,sell,0.05334332,4154.528754792002,1.2839800407801163e-05,raydium_cpmm
dLqunvrVpEMNMcuqcyWFHyrbUfwU44nLXCqcAtnb6JGHhQL5XuNTXkVdbuuHyv3QYvjQarFrie8WVH63cJZgXZK,1787076032,2026-08-18T18:00:32Z,3KEdzpSYJ7sXfHKpVhSF2Qj6ZAjd3Q3dugFCZ4umWvkR,sell,0.04979759,3850.0017970650006,1.2934432923632024e-05,raydium_cpmm
21oiYqYdmQgNnzMRdQp9aaFDE1ZB1S36L47g8b53qp7kQiaxKbmYwPK7snHYgquuKXasxZo7sEZYeyG4YouJuGvz,1787076033,2026-08-18T18:00:33Z,3KEdzpSYJ7sXfHKpVhSF2Qj6ZAjd3Q3dugFCZ4umWvkR,sell,0.046067744,3567.79666534,1.2912099068742723e-05,raydium_cpmm
5PeWXSPvhe1wz23BKNwZ3qmruT2MhJx4Zy79YTjAuLirDFAaf6L4dHdntBJCZZKcn5Bd8AREibNeXUWrEvDUbrJ8,1787076034,2026-08-18T18:00:34Z,3KEdzpSYJ7sXfHKpVhSF2Qj6ZAjd3Q3dugFCZ4umWvkR,sell,0.041921952,3306.2771697709977,1.2679503213852949e-05,raydium_cpmm
4M4tvxyyk2xRekBLe6gcJEsiK5nZuYVGPKDX6nRoSvFQNTno4zh9oBEDMoe1Xd5ohYRX3nxXzxveKv33ajWeq8r7,1787076035,2026-08-18T18:00:35Z,3KEdzpSYJ7sXfHKpVhSF2Qj6ZAjd3Q3dugFCZ4umWvkR,sell,0.041957314,3306.2771697709977,1.2690198626906434e-05,raydium_cpmm
JFeHVg8TecmVynVs2vgpfgUBZvj2DHr23KeXHd6FxRsBLxYDsRicZ5aqVSAYmxmZzxai1LKZBC4ZQEXNFVQbWpH,1787076035,2026-08-18T18:00:35Z,3KEdzpSYJ7sXfHKpVhSF2Qj6ZAjd3Q3dugFCZ4umWvkR,sell,0.034949226,2821.5769366830064,1.238641610144633e-05,raydium_cpmm
58zD1qMhgPah3dtofkhk8tRjmYQ8ANzmTepXF288MnzEF63yatNUud33Jaoo6mJT4HNKk6QA6An8bW2hjVHPQyhX,1787076036,2026-08-18T18:00:36Z,3KEdzpSYJ7sXfHKpVhSF2Qj6ZAjd3Q3dugFCZ4umWvkR,sell,0.034972363,2821.576936682999,1.2394616125943017e-05,raydium_cpmm
5JXHAswU6DE462vrGQgVG1U5XdaKS7dHrkuE9BL2cqUFANDH8663CPoXVBmMKM6jGx9ii7k2wwbiKZvtLKeNndVp,1787076036,2026-08-18T18:00:36Z,3KEdzpSYJ7sXfHKpVhSF2Qj6ZAjd3Q3dugFCZ4umWvkR,sell,0.035064905,2821.576936682999,1.2427414097459183e-05,raydium_cpmm
4CiwWsk76wjiKpUYxJ6wfF8nM7oqMUTPrTafSUmZsALvQKa7yBjSnk2Wh2nUVg7MDQ7bzf6suNuiMuaf2sGLxdNK,1787076037,2026-08-18T18:00:37Z,3KEdzpSYJ7sXfHKpVhSF2Qj6ZAjd3Q3dugFCZ4umWvkR,sell,0.026719622000000002,2201.112168306001,1.2139146012065211e-05,raydium_cpmm
4ruw4nUBJXh9zENc4fev9ic3xqhbvWJk79NNb5GwDT9fhyyNKyp37FkdJJTBW7wynyRogj8GfE1z3wa3tQjKviwS,1787076037,2026-08-18T18:00:37Z,3KEdzpSYJ7sXfHKpVhSF2Qj6ZAjd3Q3dugFCZ4umWvkR,sell,0.026896162,2201.1121683059973,1.2219350920539236e-05,raydium_cpmm
2Z8rZ3mN1Ptegiyhz4hpgBpvKTPoUFLHeZQnHYicmGR1J98d3yaYRjtrLfw8Din9erF55zLvX6Etrm4EM3MHWs7b,1787076038,2026-08-18T18:00:38Z,3KEdzpSYJ7sXfHKpVhSF2Qj6ZAjd3Q3dugFCZ4umWvkR,sell,0.022826943000000002,1878.4291244319975,1.2152144950852192e-05,raydium_cpmm
2wcoy4qw79fJJJw5cNW3hEhSp852X6mf4aXGRko7HU3r1VfDHmeBbLiQAsBdNF1PcqvbFqpNyGNNXgYojQUQuRx5,1787076038,2026-08-18T18:00:38Z,3KEdzpSYJ7sXfHKpVhSF2Qj6ZAjd3Q3dugFCZ4umWvkR,sell,0.022729952,1878.4291244320011,1.210051084939022e-05,raydium_cpmm
2vxHxKce9nLHEaFybAiLJF27U5QcKr8p2wLNP4bmnpaWGyDVkzRCgqWxeLV4kY2GqMvibRWypfxt87uVateGpMjF,1787076039,2026-08-18T18:00:39Z,2z2q5gk8TDgqCidzkXkyevXH1aDaVjWL8cQwoRbMF1Jq,buy,0.006,484.475975198,1.2384515037196357e-05,raydium_cpmm
3nDLDAiKu9yzvwqkuoWFx29pkvH2BKsgu1YVruynrnrAbXMpyc5bJbt7ov718E1JV9LKmWfeAt1RdCgv4tybTqg3,1787076040,2026-08-18T18:00:40Z,93u5BsWsPxuLRzcDqwecZV9TiXEV7qNavef6fscPnSb5,buy,0.003584451,280.62283932800347,1.2773197679075389e-05,raydium_cpmm
5z1AvUUaekkib29ipGVdViDivqvsCMMTroksP3R6X5cYQf1u6LzRjG6msC6qmE5iLkgD62mz5LLkaeEJ5L6nhsqj,1787076040,2026-08-18T18:00:40Z,93u5BsWsPxuLRzcDqwecZV9TiXEV7qNavef6fscPnSb5,buy,0.003259291,256.21220966699184,1.2721060421890966e-05,raydium_cpmm
5zm91uZ4WCZxZEbMjod3xjSrKEimDt6hzjZbbbL5Lzypk6K3WVitfbQnywd9tjQ9zvG2HedELDZuwZUut6y3bJa2,1787076040,2026-08-18T18:00:40Z,93u5BsWsPxuLRzcDqwecZV9TiXEV7qNavef6fscPnSb5,buy,0.0031554639999999998,246.09863097900234,1.2821948612421297e-05,raydium_cpmm
2NTeXtd2L5xxikvVjG2nyRSk5ZdN7ScFb8SHhGKdKeSadMpoPhBg2oUrCDRssRrNQNS9L2SjKtsTUHfoYTL6yrvx,1787076040,2026-08-18T18:00:40Z,GEPiePuVYQcbShk7ACa2YASeLuRHqvcSZpS89keWZecG,buy,0.003341125,261.0283895399989,1.2799852942769737e-05,raydium_cpmm
2bqMG6dDqeYAcimRb9U5DHcyLStqZRkpRSd31zyUmqRJJnT9QDqJ9JNNFTzSsgPkLd9k6qgUbF7zmjF46qC9aU1v,1787076040,2026-08-18T18:00:40Z,GEPiePuVYQcbShk7ACa2YASeLuRHqvcSZpS89keWZecG,buy,0.003562487,280.79870830499567,1.2686977876445666e-05,raydium_cpmm
4DMJTWAXeRvSXvodq5jBT2QXqwQ3EUxwg18SjcMAmoSptjVpZy3VcpZLm944sZ4ND1o8zU4TRRVWoFWcswZ7JRvU,1787076040,2026-08-18T18:00:40Z,GEPiePuVYQcbShk7ACa2YASeLuRHqvcSZpS89keWZecG,buy,0.00344785,269.6464840280023,1.2786556488687414e-05,raydium_cpmm
48DEnisFBgxa7QqmFTPbhtdwpPVBbWoovXPRUHwwmDBiD9iq5U8fcppQyLAMFxWmj1Zcp4bsLLpEqbUexYSnpgRT,1787076048,2026-08-18T18:00:48Z,2z2q5gk8TDgqCidzkXkyevXH1aDaVjWL8cQwoRbMF1Jq,sell,0.009874474999999999,833.910941914,1.1841162531500083e-05,raydium_cpmm
4gXDXQGQ2UxmndN7bdH7uszBm7g4FTWRsQ9n7NjYH1RqjdVCuDAPwEHVZLe5wDXedKhT3pprciHXnj9SRhFwPFa9,1787076050,2026-08-18T18:00:50Z,rAHF9X8b6JfP5DvM3b1RhuJVco1NZ9RHsxJvdSVWixf,sell,5.929492346,500000.0000000001,1.1858984691999998e-05,raydium_cpmm
236UVC2Xonand2bq5PttNY8qGn56ndAmQFVgnjZALB6T9JkfRCiGo4peV7Wm9SvuqWrVD6uxaSWJYZ6K8VLtoysD,1787076052,2026-08-18T18:00:52Z,4iDyxGxPRC66QBNwYqMn74VtVm5Moy1ns4w3bAqYGvRG,sell,0.043384439000000004,3721.5084686399996,1.165775635487256e-05,raydium_cpmm
22N3tkgKZeYsUGX3pJfmabSxwMmCXxCcp3gE9E1Xknf7WheHFdzJwz4fcGgCxV5gFYNAw5r8ofEdMrDHwrJAqQuQ,1787076056,2026-08-18T18:00:56Z,3KEdzpSYJ7sXfHKpVhSF2Qj6ZAjd3Q3dugFCZ4umWvkR,sell,0.018865254,1603.0514147909998,1.176833994588975e-05,raydium_cpmm
ZeMugkdTveZGANkqLxrg6xEhJmXmdSAFFDN7tnb9aSJatVbwy8qRWnUTCdA8KF739HZddt7ffie8sVkZrUKv8oV,1787076060,2026-08-18T18:01:00Z,2z2q5gk8TDgqCidzkXkyevXH1aDaVjWL8cQwoRbMF1Jq,buy,0.006,483.22507309499997,1.241657425094005e-05,raydium_cpmm
3EaYTE15c2svhmwsTJzZfdZe9QTGzMnk7s8qLdzckXyoMW8CdwpkKBhzazzU1ukDbxcShkCQFeonaPvyZaCMqGPK,1787076074,2026-08-18T18:01:14Z,2z2q5gk8TDgqCidzkXkyevXH1aDaVjWL8cQwoRbMF1Jq,buy,0.006,470.25612988600005,1.2759004335476767e-05,raydium_cpmm
2LqVZjvRvHMzExhLQrATPFyTU3T1LsG4DLW8RdrXgsUZqHWoUo3goSvewCvtsPqTvbB8mViFg2v9c2sThqQxMdv5,1787076077,2026-08-18T18:01:17Z,3KEdzpSYJ7sXfHKpVhSF2Qj6ZAjd3Q3dugFCZ4umWvkR,sell,0.019154304,1485.5477460859984,1.2893765313478626e-05,raydium_cpmm
4QavNXwyjYvVxvDwjr1qQ5fMM7HNeVjW9GSJVMV9bPdfKNtDgu8jLmJzZxD3bbKyetqG49xrbkC9Bu51PoDzGnya,1787076077,2026-08-18T18:01:17Z,3KEdzpSYJ7sXfHKpVhSF2Qj6ZAjd3Q3dugFCZ4umWvkR,sell,0.017561879000000002,1376.6570962980022,1.2756901516889009e-05,raydium_cpmm
4RAswyVodXczDuGox3TLFjkkq7cjqE3bpibWJQvxiKZmZPFMmGj3dm5kW2Zj6cXsbxthAmT7U7gjLeTnGqAbuWex,1787076077,2026-08-18T18:01:17Z,3KEdzpSYJ7sXfHKpVhSF2Qj6ZAjd3Q3dugFCZ4umWvkR,sell,0.017561187000000002,1376.6570962980004,1.2756398849956309e-05,raydium_cpmm
63inBnjQ33B7nFYSYGq3pdba7Tj7nxqtLNUdKJfZ73oRb9FEMmLJ5y4bvahwHYeJQosnig9kxV7wY8Gn99hHwnwE,1787076077,2026-08-18T18:01:17Z,3KEdzpSYJ7sXfHKpVhSF2Qj6ZAjd3Q3dugFCZ4umWvkR,sell,0.019158862000000002,1485.547746086002,1.2896833542023932e-05,raydium_cpmm
gRJ4KENSDi5fhZkaVvcNLBxv1RhnDcHhaa2WUCsHEtb1cPf4pQHKvtd7tU6oGL3d4e4Fvmu9DgGxVDMksLBVa3D,1787076077,2026-08-18T18:01:17Z,3KEdzpSYJ7sXfHKpVhSF2Qj6ZAjd3Q3dugFCZ4umWvkR,sell,0.017561532,1376.6570962979986,1.2756649457025381e-05,raydium_cpmm
37zrpoRBAheFir5TAjBzsBKkzjkgQXjpnk1LXhQqmfcsq4mGRK4qoR1TCBNMDwwqJHqgfQWvJwKtRjbAj9k9G6ok,1787076078,2026-08-18T18:01:18Z,3KEdzpSYJ7sXfHKpVhSF2Qj6ZAjd3Q3dugFCZ4umWvkR,sell,0.016198714,1267.7664465100006,1.2777364509522235e-05,raydium_cpmm
QbK5nqY3BV9pzbwn6pm7tno6W7evaAN7pSARBjXQtfgdRhporVgrxRQG21pL5mwRsnmpYFUs91mZ7papWZ52nVo,1787076078,2026-08-18T18:01:18Z,3KEdzpSYJ7sXfHKpVhSF2Qj6ZAjd3Q3dugFCZ4umWvkR,sell,0.01221333,965.0395510340004,1.265578181424162e-05,raydium_cpmm
fEoWCTZzbh4usZXLvVBgsUHca8oAvrKZTfR8w2JgTZjGRncJTofi17vxSCaFADLdrVkSszv7j2ueHRnBPMLy6LR,1787076078,2026-08-18T18:01:18Z,3KEdzpSYJ7sXfHKpVhSF2Qj6ZAjd3Q3dugFCZ4umWvkR,sell,0.012213162,965.0395510339986,1.2655607728112407e-05,raydium_cpmm
23XQMbddZa7BSdZTKAqyscevp8D5ZJn9kAZio6xf4yEXpZ2GMurBE7J4WuLq9tJ4uteR7ikKHBYJL7iUvxGesk6Z,1787076079,2026-08-18T18:01:19Z,3KEdzpSYJ7sXfHKpVhSF2Qj6ZAjd3Q3dugFCZ4umWvkR,sell,0.010019401999999998,801.3748714140002,1.2502765381601105e-05,raydium_cpmm
5u1PAVjdzzTd6XCrXMX4N6J8ejJqgR7kNH9JxTaeC5cy4qzMNuY8yTCZi1j3pT57tHnaZ38gp8eokZhRyLaPV6UU,1787076079,2026-08-18T18:01:19Z,3KEdzpSYJ7sXfHKpVhSF2Qj6ZAjd3Q3dugFCZ4umWvkR,sell,0.00913378,730.6374723240006,1.2501110805263534e-05,raydium_cpmm
hhfYknpULLe1dJeHKtmU2hSVLTQjQgWwmPsmfF6SBJmWNA4gWZxyG1Mv2NX1aiKjA7iANcanh7GMnfEEyjuPjHA,1787076079,2026-08-18T18:01:19Z,3KEdzpSYJ7sXfHKpVhSF2Qj6ZAjd3Q3dugFCZ4umWvkR,sell,0.009052524,730.6374723239996,1.2389898332487492e-05,raydium_cpmm
vtptZFGPQj1NW44UBw38pfT8V7o9FsX3JRuPdav6YqFTAeCx1q9N2qE5NMBJ8JtDgmQi8aqnL5gywHprLbMqwKZ,1787076079,2026-08-18T18:01:19Z,3KEdzpSYJ7sXfHKpVhSF2Qj6ZAjd3Q3dugFCZ4umWvkR,sell,0.0076306740000000005,613.1559161740006,1.2444916209264101e-05,raydium_cpmm
yfYNM5F1qN9dVZ6GPhwHCbpo3jDURuUzbrecws6th6Cc45dXg3EZHVFLLif7yQ4JuFD1YFok6mFsE8fBqRTZip1,1787076079,2026-08-18T18:01:19Z,3KEdzpSYJ7sXfHKpVhSF2Qj6ZAjd3Q3dugFCZ4umWvkR,sell,0.010019289999999998,801.3748714140002,1.2502625621790815e-05,raydium_cpmm
2Rpcw2dxiioG56jFMcMpzxCajb1iRZWzd62VvFi7JCrLtVrMf2155aJbYpciPKDcLR6Teeos9NBx8AyxMMrDizYw,1787076082,2026-08-18T18:01:22Z,3KEdzpSYJ7sXfHKpVhSF2Qj6ZAjd3Q3dugFCZ4umWvkR,sell,0.024771623,2096.653133528999,1.1814840806931872e-05,raydium_cpmm
3VAzDaFc5mrSMHFG9YKAdsUaziSdA4UJjK2R2ezb9s3cXRmTC5VrL64BZjK6J3rUtVCtCtMhaXg1frZscGxdF3js,1787076082,2026-08-18T18:01:22Z,CASStbiKKzQrFvs835DagrLid7saGriDUHv39Mr8SRUG,buy,10.003540267,828868.815430773,1.2068906539572299e-05,raydium_cpmm
38VpZoLM4v6GShH2odp9v1yGaEVsx5FtLS4BjtRrP9kKLoY5fErkVpp7vNsPeqd6357824Fpi34T3eLj6oTGWuqW,1787076083,2026-08-18T18:01:23Z,3KEdzpSYJ7sXfHKpVhSF2Qj6ZAjd3Q3dugFCZ4umWvkR,sell,0.049267546,4193.935325905,1.1747330888887434e-05,raydium_cpmm
QR5UMVpgtesVytPX3dkgDWHxY6u5r1yUwcKMgLNGuwoWCfibxYoR5N1ofTgXECYaC7zohfTncMWYAKuBse47U38,1787076083,2026-08-18T18:01:23Z,Ahekwy9V7q2tmqJdTX92TAtEHM4pafQbsfc5oLakbZs1,sell,0.480799053,41134.16028419699,1.1688558844477358e-05,raydium_cpmm
vH3cDZuGwtZihRDiGfBgBmZD3ae7Vt7W7pzMtzBNmjwCKy7j3seerDQ4z54otTckbX3h8DTDK23RaW9CWBcWNwR,1787076083,2026-08-18T18:01:23Z,C7PNbARVAHeskaefdcu7fy21dCN3qNANKuT6Cka2av4L,sell,0.383760155,32883.2092556,1.1670398470448737e-05,raydium_cpmm
44w1uamijWUyDR3b6XweuutqT2UmvVuaGGvdFeGDge27hwKCkaqrgfs91aNhQp24HZ6dAbDbyPmeWr4UPZByLz6g,1787076083,2026-08-18T18:01:23Z,JAGPLMkgPWRxFJekMU8DRHRurw968GGYHRMEKUWheYcD,sell,0.471562528,40324.66283965099,1.1694146827095489e-05,raydium_cpmm
2W1xAN3Jt7aGgmjWJqaTJZT8WPqioVDXpQPD3BeR3ir78fkcasNPTKJFxcXcxYk66NhUTUm7hquB1BvdKmVFMTbo,1787076085,2026-08-18T18:01:25Z,2z2q5gk8TDgqCidzkXkyevXH1aDaVjWL8cQwoRbMF1Jq,buy,0.005999999999999999,494.359943142,1.2136905676187761e-05,raydium_cpmm
5X9pYxN9fCSLptRiE9pc2Vczmyvy2LVVagNQKKW8UP3iVPN2V4YeVPwUrxj2RW3PhNWMZowky96KFTJfog4sUNPc,1787076085,2026-08-18T18:01:25Z,93u5BsWsPxuLRzcDqwecZV9TiXEV7qNavef6fscPnSb5,buy,0.031286418999999996,2580.5791087670077,1.2123797675378587e-05,raydium_cpmm
4XAAx7ymWuiP43AxnmHD1du9yvSukve75rYHBP2Vn387AAfaBKcvURrjpywk8d3AR12VM9azhKYiX57aV7VnVHaP,1787076085,2026-08-18T18:01:25Z,GEPiePuVYQcbShk7ACa2YASeLuRHqvcSZpS89keWZecG,buy,0.035878428999999996,2960.440598165005,1.2119286913656982e-05,raydium_cpmm
7HGWiv5wkf8MQY56wnwDxRmSrirnnH18JdgHBPYLZ5Lp42GsUzxXxJ3jYCHnBp8NKpJpfYcgmodPVjuf61bwfbk,1787076086,2026-08-18T18:01:26Z,93u5BsWsPxuLRzcDqwecZV9TiXEV7qNavef6fscPnSb5,buy,0.036724131,3023.8458760059875,1.2144842199598695e-05,raydium_cpmm
4N2tdTQJEqNjskKpN6zg7xBZHULmPopLwqNjZWAwxpaeeguhSbGs8u851TFw9cz59XvkcqXY43oHPRcXtSnJWqNM,1787076086,2026-08-18T18:01:26Z,Ahekwy9V7q2tmqJdTX92TAtEHM4pafQbsfc5oLakbZs1,sell,0.187473041,16042.32251083701,1.1686153353004657e-05,raydium_cpmm
5aef6B4Hr9UYzLLofWnZzu8f1X74EgjSRWxH8RNhh945sDRAJkd5URkx4CDxPnno9Ev3yAwp3ywyZiz4HHzFtiNB,1787076086,2026-08-18T18:01:26Z,C7PNbARVAHeskaefdcu7fy21dCN3qNANKuT6Cka2av4L,sell,0.149437237,12824.451609683994,1.16525245326792e-05,raydium_cpmm
xiZ9CpJpux58zryWczRpjqRzsvDKrEo6JrAHZoouUmkzPfReUp3EiZj6233RXYkF94dTkbTYLS3JSZruJRBURoh,1787076086,2026-08-18T18:01:26Z,GEPiePuVYQcbShk7ACa2YASeLuRHqvcSZpS89keWZecG,buy,0.030602001,2518.2800968869997,1.2151944907887335e-05,raydium_cpmm
24KPp18PNKx8DQ5ak28whgCmFufrV3NfJTZpG3gx1AiGA1y47TwScjsb36NNaCyix2VmfKRp5cVz4UXeekkfdS73,1787076086,2026-08-18T18:01:26Z,JAGPLMkgPWRxFJekMU8DRHRurw968GGYHRMEKUWheYcD,sell,0.18367092200000001,15726.618507464009,1.167898375056456e-05,raydium_cpmm
4fHpQgjqtoKKc2ZpUK5zofr4DgBeVzRs4bQDNuw5jrKS6PCrkrVkrX2edmYAqQrapk3rUTiQ9zmuk5Bv6jbVtMUZ,1787076088,2026-08-18T18:01:28Z,93u5BsWsPxuLRzcDqwecZV9TiXEV7qNavef6fscPnSb5,buy,0.036494901999999996,2643.3486748949945,1.3806314069198508e-05,raydium_cpmm
5qiVCUKWSdFP9G6cYSooyWbcpybQbnKBrd4Q8JVfcey7KdSKLefSrCXG8Rw6J8qExLba3Swi4Q3LaWfT6vCryvr4,1787076088,2026-08-18T18:01:28Z,93u5BsWsPxuLRzcDqwecZV9TiXEV7qNavef6fscPnSb5,buy,0.035862533,2713.208879392012,1.3217756020331261e-05,raydium_cpmm
2qL4VbvxMkuwkrRboJTPbjS7H5sk1JjnvVhY1sLp5nYbHHDLkRykNjMyNb2gCtPtZzE8eUoUsfvTGAo72ehzFKqZ,1787076088,2026-08-18T18:01:28Z,GEPiePuVYQcbShk7ACa2YASeLuRHqvcSZpS89keWZecG,buy,0.033849620999999996,2560.312079851996,1.3220896493976135e-05,raydium_cpmm
65qEU8aRFeuGjzyHxgTeXR24Ug5UMDBXXG5GN1ZyPM9c5Se9bcNZGE2dbNAqkx2s2AzLuEqLgsrgBz5zvvadSrew,1787076088,2026-08-18T18:01:28Z,GEPiePuVYQcbShk7ACa2YASeLuRHqvcSZpS89keWZecG,buy,0.032927256,2384.3200595929957,1.3809914431379106e-05,raydium_cpmm
4BKuH8Px2FUt6Hgi7ZTHqt5XTfYFABEMqeab66UYUV1iBEKqRWztY2WA64N2vbnSZPApWK6nrMkSUB1qVrT17nrk,1787076091,2026-08-18T18:01:31Z,4iDyxGxPRC66QBNwYqMn74VtVm5Moy1ns4w3bAqYGvRG,buy,0.0501,3283.89783189,1.5256260262873547e-05,raydium_cpmm
5RHbwfPzdBh5YHWWYD4ag9TkDdMS1ukygWgAR5tJN4DRn5o6dXisHbcNJefYZCGsHifTVBoTjr1N9Ek5Yyg3Wbjv,1787076091,2026-08-18T18:01:31Z,4iDyxGxPRC66QBNwYqMn74VtVm5Moy1ns4w3bAqYGvRG,buy,0.0501,3498.4274704399995,1.4320719930117313e-05,raydium_cpmm
4xptCWJgBhEsRA6DVfU2XhnmyCMPmNe58BSUQ4EUjE79jjQoANptX689RJSZXeVHfjLx4AVrcQ1rdXGHchRgopnP,1787076102,2026-08-18T18:01:42Z,3883isRkbz3Brq8DcJNrbnq1QZqwmzTxAC3qAzs99Zvz,sell,12.18941025,796134.1734302472,1.531074868634309e-05,raydium_cpmm
2pnrr3F4DzLrzpMs3tKr7ZMGta8dpRktCkVzLFKtzjo4QW8crewsXsWVZnHJthNMC3NFG3xemNM7poPDrDrSg4DN,1787076103,2026-08-18T18:01:43Z,3883isRkbz3Brq8DcJNrbnq1QZqwmzTxAC3qAzs99Zvz,sell,10.134581577,676714.04741571,1.4976165509941392e-05,raydium_cpmm
3osQK6A49F4C6uQDUVSnDDzYmLmWnJownyhBoLjaJaUYzXLeKBrsUT7skfjTGzgwGZqDHwrns9wRQWebdVzWhRXf,1787076103,2026-08-18T18:01:43Z,3883isRkbz3Brq8DcJNrbnq1QZqwmzTxAC3qAzs99Zvz,sell,10.052695547,676714.04741571,1.4855160145396777e-05,raydium_cpmm
5Z31dRTGLyyQSHeten2KgWukhTsVrX4dxg6UVKnVSHDEALvVGpKUUHKqbRtYijxcvYyWv1Ui1iEi6raTCmB6DF1S,1787076103,2026-08-18T18:01:43Z,4iDyxGxPRC66QBNwYqMn74VtVm5Moy1ns4w3bAqYGvRG,buy,0.0501,3207.291819717,1.5620655311751657e-05,raydium_cpmm
v62SJAC6cKwxRoeWjrwrDeykMkLvCcJVz1BJMyZHdUpwpi4WVXu44tfget8y3W2zWJ76Nz5UbVMAiiD17kLL45d,1787076103,2026-08-18T18:01:43Z,4iDyxGxPRC66QBNwYqMn74VtVm5Moy1ns4w3bAqYGvRG,buy,0.0501,3238.430672409002,1.547045623883362e-05,raydium_cpmm
2S6UvzYQGi1YRPNuKSSqCdEnJZxMqLWZvaHE5qAHSb6Qwdp5NYPghatQjoxzeSJMjabUouH1RUBMyGff8XExCP3u,1787076104,2026-08-18T18:01:44Z,3883isRkbz3Brq8DcJNrbnq1QZqwmzTxAC3qAzs99Zvz,sell,6.210958963,402644.85821234714,1.5425402401946134e-05,raydium_cpmm
3tUehwcx41QoY4CnopacxYdUnB3zsJnwuBf28hspAWXupykks2fA7PQobvC2dbRof4eXMCtkkNodGNhmi4ACWKLW,1787076104,2026-08-18T18:01:44Z,3883isRkbz3Brq8DcJNrbnq1QZqwmzTxAC3qAzs99Zvz,sell,7.027732934,473699.83319099713,1.4835835779503849e-05,raydium_cpmm
3MHuUzXEws5hrciz9NFWJFmvn36kAuSGeCvA3ZbLtF9xUWuNFfGn3n2PZeypm85VLA3kd1s6xYGc31mcwUuecjh3,1787076105,2026-08-18T18:01:45Z,3883isRkbz3Brq8DcJNrbnq1QZqwmzTxAC3qAzs99Zvz,sell,5.130267881,342248.1294804949,1.4989907728019825e-05,raydium_cpmm
3rNAakC4H69RcWxVVvayNsuaQczeRERMUmoR1AHjPdTdKsGooa9ysRcv5XkFgbU7WqaXYLvJhnhb9kyqDMzcMXg5,1787076105,2026-08-18T18:01:45Z,3883isRkbz3Brq8DcJNrbnq1QZqwmzTxAC3qAzs99Zvz,sell,6.159754793,402644.8582123467,1.5298232840592915e-05,raydium_cpmm
4rXD8z3NuMKfqdCvaPohXp7WrfQMfbAQCrVeF4d3kW9FnvTYKuezdcEuXToWctey7BooX3L2nbdTmEbHYcdZWzpF,1787076105,2026-08-18T18:01:45Z,3883isRkbz3Brq8DcJNrbnq1QZqwmzTxAC3qAzs99Zvz,sell,6.100863963,402644.85821234714,1.5151972857883912e-05,raydium_cpmm
5Ey7WjiDHxQRNtxc8QhdckTBWVe2dZEcbzKCGRwXtdUAy7Kg6tMoRa6jrSSzDf4CGnRAHk8wLaCggpbkPfAdQFKC,1787076105,2026-08-18T18:01:45Z,CqyTUueWZJkdcJRJ6ZaZxAXvDQFGoFnL5hkEC9nxQz5o,buy,3.0010000000000003,191993.908609058,1.5630704232969697e-05,raydium_cpmm
3kN3dpGo172rBDtKVCLDjQPygKF3CHpxojqGwqXpCEksK5howGWzx4sv4DPsmNNaNRn4FSjy6doLg7NpmN4SJjkF,1787076106,2026-08-18T18:01:46Z,3883isRkbz3Brq8DcJNrbnq1QZqwmzTxAC3qAzs99Zvz,sell,1.5303820410000002,102322.12459321297,1.4956511576397726e-05,raydium_cpmm
4n5ggwZaJ5Wx6SLbaZ5CLiML2vHt2VGAETRcFmKqEdQvvT1X1mY6xP6c548xuNXY2axWRD38rsRkmAWG6nxnm48q,1787076106,2026-08-18T18:01:46Z,3883isRkbz3Brq8DcJNrbnq1QZqwmzTxAC3qAzs99Zvz,sell,2.543819001,170117.45259471703,1.4953309976139379e-05,raydium_cpmm
5JquVNXPwWJgxEAS1W7iGGzrn1Z5kMkXZqeDwCL7ymM321pApJYSG9WFMhUty3frqvVDMxbFXBwJpLLaremcWp7N,1787076106,2026-08-18T18:01:46Z,3883isRkbz3Brq8DcJNrbnq1QZqwmzTxAC3qAzs99Zvz,sell,4.229022123,281851.4007486431,1.500443890563265e-05,raydium_cpmm
2WHtxiNZaqcqkUVipUJeamEHmXdbmFKmexB8t1F7r9XkvHpzj6P4fiva1FBxMitzmHwAE5TZbFZny83Lyq74nxFa,1787076107,2026-08-18T18:01:47Z,3883isRkbz3Brq8DcJNrbnq1QZqwmzTxAC3qAzs99Zvz,sell,8.537457865999999,579825.372694877,1.472418812291729e-05,raydium_cpmm
oDBcVzxPXSNSL6KhUEehkekQVKWqRsUAX5ubUuxaaPp1nwoPruTvZmAARStU7tKbgLWka6Vbrwg5CCqBrwKVhNg,1787076111,2026-08-18T18:01:51Z,Act5xzJ7DhXrdNKbRw1yTzQUmT4hYtAPgFKTP5WzPBva,sell,0.6267350740000001,40370.66082854796,1.5524518577035696e-05,raydium_cpmm
5cXmMKw3q6CB8SZKnPn5qjm6Uv8VDHGYdtWzxL7XHq3SEWgnG7bHLq3HsbJiyWA6oRyFupyZnNJnYSVrxseQX5FK,1787076112,2026-08-18T18:01:52Z,rAHF9X8b6JfP5DvM3b1RhuJVco1NZ9RHsxJvdSVWixf,sell,1.6891888130000001,100000.0,1.689188813e-05,raydium_cpmm
26snXWM9reNXWxjgP83WsyMok7vhQjyxcmL59F2RegV5664TwAhfWPsvASu58mV67v1PnMERuSW4pa6z1TsRQ76t,1787076113,2026-08-18T18:01:53Z,2z2q5gk8TDgqCidzkXkyevXH1aDaVjWL8cQwoRbMF1Jq,buy,0.006,354.6915444509998,1.6916106667518523e-05,raydium_cpmm
2y8tt8R8zMaWzhaLAM8cBEWfqLyexDmq4ef2654gdWabdg18A331mwWgukVnF33Gs1HPui1M42AGXt3Pgx8oHtNY,1787076113,2026-08-18T18:01:53Z,Act5xzJ7DhXrdNKbRw1yTzQUmT4hYtAPgFKTP5WzPBva,sell,0.28289147800000003,16995.943564540998,1.6644646819738953e-05,raydium_cpmm
5Wyq1LckpCP8VGbPdvxfo7GTjQ8FHRLokRSU42nnRC5iN2KwW7scSehnu3A8VBbV9MwUpN4otWBwcVWM67Yda1QJ,1787076114,2026-08-18T18:01:54Z,Act5xzJ7DhXrdNKbRw1yTzQUmT4hYtAPgFKTP5WzPBva,sell,0.273448801,16429.978643840994,1.664328401927084e-05,raydium_cpmm
fnGbs7aKT5KdZTMpB7GovpTLjdcZRpvFXEmvL93KYdfiJGzcRf57h26tRCj9d3DUXUTvkQrfH9tvy1vEoA1qYoU,1787076116,2026-08-18T18:01:56Z,Act5xzJ7DhXrdNKbRw1yTzQUmT4hYtAPgFKTP5WzPBva,sell,0.26929890900000003,15882.860355001001,1.695531554020158e-05,raydium_cpmm
4azJGCVrE5C9mYPPqVuktfyynhuY99CpyBhLcdsTwLWZcWJSZUHcepNt6ptut7V1CvoHXJiq5x4YFvsT6jM5VUmd,1787076118,2026-08-18T18:01:58Z,93u5BsWsPxuLRzcDqwecZV9TiXEV7qNavef6fscPnSb5,sell,0.26432311000000003,15426.223552484,1.7134660929857815e-05,raydium_cpmm
5ZpSqfwicEHX8zD1YAZb7JDdPHN2Ls1wPjza3r1pFfNfUgPozszBqh7kGJwfX75JgxZCKaiRJjyuBzWTNoCFEMQv,1787076118,2026-08-18T18:01:58Z,Act5xzJ7DhXrdNKbRw1yTzQUmT4hYtAPgFKTP5WzPBva,sell,0.259252686,15353.961105180031,1.688506856465429e-05,raydium_cpmm
59Yi1EZTfMrSq9Fq3xB3DfU4NC1DZnmBSG1AYvLhJoYYpn8cczWM1zauw9GPb9McqpCLKfbbPxmNSLayytHiYXMY,1787076118,2026-08-18T18:01:58Z,GEPiePuVYQcbShk7ACa2YASeLuRHqvcSZpS89keWZecG,sell,0.245015969,14296.339572833996,1.713837082224747e-05,raydium_cpmm
65hisrvW396HRdLNTtgtfBVHAA4xtGyr884co2efrgbhTiy2NNtE1EKggEWMkFDLTeXCp7bzQ1nbgWMYPafCvKj6,1787076119,2026-08-18T18:01:59Z,93u5BsWsPxuLRzcDqwecZV9TiXEV7qNavef6fscPnSb5,sell,0.10391993,6170.489420992999,1.6841440428768526e-05,raydium_cpmm
3FyETw4qPChfnCYLzev99KgbqoCkriMsTrTeEyhWAUZ3WwikbSXQiqBX38yorQxgJZkupoK86EAhqFRgXoJx2Hzh,1787076119,2026-08-18T18:01:59Z,GEPiePuVYQcbShk7ACa2YASeLuRHqvcSZpS89keWZecG,sell,0.09628279299999999,5718.535829132998,1.683696594318579e-05,raydium_cpmm
3tmFxXkZJA2dHKm2gMw3kEzD4WmCSsJ4Bxn61EKkap4CvkFZ2KXwKkUxuQcZ84zMjTUsJCafzeBrjekWHGerDaon,1787076120,2026-08-18T18:02:00Z,93u5BsWsPxuLRzcDqwecZV9TiXEV7qNavef6fscPnSb5,sell,0.092010731,5553.440478894001,1.6568239337342183e-05,raydium_cpmm
5dXg98Xpp7kzvU55iJksVdTLCmqVoemipo8rr7yzXBge3qhdRbusbTgktDvzAvmhqtipyKQAzcmgcrPC7Z98kh23,1787076120,2026-08-18T18:02:00Z,93u5BsWsPxuLRzcDqwecZV9TiXEV7qNavef6fscPnSb5,sell,0.10286767299999999,6170.489420992999,1.6670909871432176e-05,raydium_cpmm
33oMz8jSUEbddkuK7dGyN1Ej6oH7TMkftRqXZD1PNnDLbGESe5zgTeaW3tT6kRvaDKQCw46yoopWK8h3hPwuAYbP,1787076120,2026-08-18T18:02:00Z,GEPiePuVYQcbShk7ACa2YASeLuRHqvcSZpS89keWZecG,sell,0.085256694,5146.68224622,1.656536967336911e-05,raydium_cpmm
3sibP8VnnFkzMyJGzz1FxsYL4EcusYkshTFFd5MZ98RcJGMrRqHAS42sWw7M2MwvWUqqfRTapeZCAcAAY63Vi3CN,1787076120,2026-08-18T18:02:00Z,GEPiePuVYQcbShk7ACa2YASeLuRHqvcSZpS89keWZecG,sell,0.095335147,5718.535829132998,1.6671251146896113e-05,raydium_cpmm
5ENJyz5fL2ZMBSJ6X986Q3FJK5bzn4rJAXcdajGBGngaK4tXAQyiL3eNgudj8dUMAsFAuqHwaSr3fXHiY1NLxoEy,1787076121,2026-08-18T18:02:01Z,93u5BsWsPxuLRzcDqwecZV9TiXEV7qNavef6fscPnSb5,sell,0.071002108,4381.047488905002,1.620665107598417e-05,raydium_cpmm
4Qe4eT8vF4PF64HE98orvJrQLmhm7YQTdovVgY7zWkAEk9uL9tFTXAx6XgZQZnfJidQ1RbeW2FQfAKy97hWCoZxL,1787076121,2026-08-18T18:02:01Z,Act5xzJ7DhXrdNKbRw1yTzQUmT4hYtAPgFKTP5WzPBva,sell,0.241282372,14842.674200376961,1.6255990581122648e-05,raydium_cpmm
2Sxqz9fYWJgYmE7S8bMj3gAyQUSww7kTK9DCyYPNBieLZ2NbYbpBitV3XrRweM2p4coPzAYhFyvt5ZeXoTKrcTzu,1787076121,2026-08-18T18:02:01Z,GEPiePuVYQcbShk7ACa2YASeLuRHqvcSZpS89keWZecG,sell,0.065802978,4060.1604386850013,1.6206989598990373e-05,raydium_cpmm
2BtNojQyatQPuHCmeQYs1rBNe7YavdzMRYjkCkKa5a9fXzxEpMHfFeJmdFvqeNjw3JSaSxnqRRn289CZxdpcZe4J,1787076124,2026-08-18T18:02:04Z,Act5xzJ7DhXrdNKbRw1yTzQUmT4hYtAPgFKTP5WzPBva,sell,0.220010121,14348.413149505039,1.533341134713489e-05,raydium_cpmm
3K8K9144ehi6waC3qknZZjJ5DPQ3kBz2rMZzCvuX3eMV486itoztG5XWQSJbGJ4HB565AP9ztGcJDg3tcPGE2YwH,1787076129,2026-08-18T18:02:09Z,2z2q5gk8TDgqCidzkXkyevXH1aDaVjWL8cQwoRbMF1Jq,sell,0.007662697,483.2250730950001,1.5857407710492592e-05,raydium_cpmm
3Tvoi8cmcif9t2UkgTcazcQRk5CCcXTo43GFevKdCR1dp1Af748ZG7DBbjyoUMuaUXJ2oc1G5aqsSZzo5Rr21M7s,1787076129,2026-08-18T18:02:09Z,2z2q5gk8TDgqCidzkXkyevXH1aDaVjWL8cQwoRbMF1Jq,sell,0.007456987,470.25612988599994,1.5857288243765652e-05,raydium_cpmm
4MSunVQy2F3x8fXYChWRkcVNne9o8MwKG1sbPsjjso2ut8zgeTWqkEQzostHdUYjS9jexAQczzYJtNfpD9CRtG7u,1787076129,2026-08-18T18:02:09Z,2z2q5gk8TDgqCidzkXkyevXH1aDaVjWL8cQwoRbMF1Jq,sell,0.007682652,484.4759751979998,1.5857653203257784e-05,raydium_cpmm
4ZXP9HxeXQWF7kRWfVpVNeeBxwqpWXvLv3qRejD5458Hn7xhr5QWFeaqvuFs2Z14UJKmizMGKPNTC5CU6rKoqY2F,1787076129,2026-08-18T18:02:09Z,2z2q5gk8TDgqCidzkXkyevXH1aDaVjWL8cQwoRbMF1Jq,sell,0.007839328,494.359943142,1.585753075011628e-05,raydium_cpmm
4YyMoTtWThmyhi5oXokvEWNeQfreWbyNT3d4qSjoViwsxkwMnxNZFc2N9jVYdWD9bD8AA2mLnthSiJZfuXoHw9rU,1787076143,2026-08-18T18:02:23Z,h1jpvLkFT6u81HZH1zWhd4Vrf1qybKTADovXxDLrbtK,buy,1.014,59217.126694257,1.7123424532827592e-05,raydium_cpmm
2xbNLE74C7VnMBugCZL8HEnbHYZfPr3fcAtKSBrCGCUdq3C6WtzSWWF5tb5BD12gCtN4HvVdkj1hQNWivFsWSPzB,1787076148,2026-08-18T18:02:28Z,h1jpvLkFT6u81HZH1zWhd4Vrf1qybKTADovXxDLrbtK,buy,1.014,65472.888050115995,1.5487326589653985e-05,raydium_cpmm
qBJRHwHXQpGpSaoERYyEkfwEPd1ZWJbDttQJ32KUPVU3rQHyGRWwTynffZwJCsSvLUR5BXqoh2RWaXrmoxf8G3U,1787076159,2026-08-18T18:02:39Z,2z2q5gk8TDgqCidzkXkyevXH1aDaVjWL8cQwoRbMF1Jq,sell,0.004785391999999999,354.691544451,1.3491700252981623e-05,raydium_cpmm
XsNFTNGkuMJZheA1qyh8CsjBkJT6ip4PcdaC9qGGaZFF589stZ14uFckMz3oTZf9RdFFGsxWf9X28sXx35VpQAg,1787076163,2026-08-18T18:02:43Z,h1jpvLkFT6u81HZH1zWhd4Vrf1qybKTADovXxDLrbtK,buy,1.014,71426.22073843,1.4196467200936893e-05,raydium_cpmm
3bwkGmR5wxWRkZqvSzQJHaDumYh3fpdrD6yw4ej9d2D7trvSgvf7fXTfNutqr59PqEk2SMrdQtw7okXFTSVE7GZq,1787076164,2026-08-18T18:02:44Z,93u5BsWsPxuLRzcDqwecZV9TiXEV7qNavef6fscPnSb5,buy,0.003366992,227.11113829100213,1.4825305466461995e-05,raydium_cpmm
4UNSvU7TutvrdiwFBnXzcix4pkCZUnKwGRDukyAqKfZTAtJoN5TxRyDhPQxe6mSPuWvxAwkkoHuN7Hz6EFt7aeQw,1787076164,2026-08-18T18:02:44Z,93u5BsWsPxuLRzcDqwecZV9TiXEV7qNavef6fscPnSb5,buy,0.0036319,245.62607547299558,1.478629658111887e-05,raydium_cpmm
2eqAJ6JSxmGb3iogvM3cp4VCrb1gLLtdtuCGCosH2yri7BMMy1pPiLp51WXeAA2hMKwBvJmJS6fMau6b3B4F1v2L,1787076164,2026-08-18T18:02:44Z,GEPiePuVYQcbShk7ACa2YASeLuRHqvcSZpS89keWZecG,buy,0.003286672,221.5267263479982,1.4836458129376857e-05,raydium_cpmm
3tXjqihfNe1QWdV7FYVzMXFv9MEpvQNXAqxG7g8DoSSpGMXtw667UnjhxN4QWas725EJPuu8YdGtUXRx3QJrU1BY,1787076164,2026-08-18T18:02:44Z,GEPiePuVYQcbShk7ACa2YASeLuRHqvcSZpS89keWZecG,buy,0.003338407,225.21586737799953,1.4823142964420259e-05,raydium_cpmm
bdKrnzZVeMcRRGe99haF5FMWBdcTENdKGjHcaMJB8bfy7ZXj3EHhuZUQCFk2RYBHcaaUZCMuwMB9TTjEHLYm2SF,1787076168,2026-08-18T18:02:48Z,Ahekwy9V7q2tmqJdTX92TAtEHM4pafQbsfc5oLakbZs1,sell,0.202101371,14277.667034643993,1.4155069627944948e-05,raydium_cpmm
5utVjCNyrrRzeRKCfRCejMuBxNo4AJ1xiECTzFcpuqsnCeTqvVNWXjv8FPCaTMp2jvBfXeSUBVpWPFhkJWYzYR1d,1787076168,2026-08-18T18:02:48Z,C7PNbARVAHeskaefdcu7fy21dCN3qNANKuT6Cka2av4L,sell,0.161129725,11413.761932619003,1.4117144369334779e-05,raydium_cpmm
3DRt8gBqNmZLETiKyLUZWQoqLAP7U9Kv7Y1Vu6AFXP4ATuY61qXKkd8gqinbBN54G6TN1mMtioNL6m8Gh4rxQRw8,1787076168,2026-08-18T18:02:48Z,JAGPLMkgPWRxFJekMU8DRHRurw968GGYHRMEKUWheYcD,sell,0.19800747300000002,13996.690471643,1.4146735144365662e-05,raydium_cpmm
2hddqHnQr1kFrUCqjKqnrafqyuvBfskXGvJEgvjhoAV2bKpawf6AjYS2CYQR6cmqWfHaDV2okyu2uHiEfo8hY9jg,1787076170,2026-08-18T18:02:50Z,Ahekwy9V7q2tmqJdTX92TAtEHM4pafQbsfc5oLakbZs1,sell,0.179687882,12707.123660833997,1.4140720338925754e-05,raydium_cpmm
MBoBtDaTNQUJyQi3kdUcSpvDRLBXU7gn3g9im4sUYFpy6RnCYciufcFALJxVZbWC5iPmM9ddWTSbuVc4i886oKe,1787076170,2026-08-18T18:02:50Z,C7PNbARVAHeskaefdcu7fy21dCN3qNANKuT6Cka2av4L,sell,0.143296267,10158.248120031,1.4106395640940765e-05,raydium_cpmm
4E1rF3XnQwqHc4CzYHXqY9MHfgxXeyEfisgjuxGdvUxvhK3By3tyqjMAJbPiqq1pTGiTVNP1ogJqAc24a8PGpCYj,1787076170,2026-08-18T18:02:50Z,JAGPLMkgPWRxFJekMU8DRHRurw968GGYHRMEKUWheYcD,sell,0.176146266,12457.054519761994,1.4140282176702352e-05,raydium_cpmm
4Un8ycjMjCd1V1dbdpfcyMZYhBpVrsGfSCadtRWSdgdTo3cbqXemMyT8m6Lx451ibqfdaRruD9iFEgFLZ9yqCc7E,1787076171,2026-08-18T18:02:51Z,4iDyxGxPRC66QBNwYqMn74VtVm5Moy1ns4w3bAqYGvRG,buy,0.0501,3425.029859712002,1.4627609700375787e-05,raydium_cpmm
4xfbHFVSNDoZpi2tweMQ4gwsN9Nws7oVH46cvHqyryPtt93YAAPdDPL2esz6nnqBiV7GGdXwsdu2YzFcssLpDTmy,1787076171,2026-08-18T18:02:51Z,4iDyxGxPRC66QBNwYqMn74VtVm5Moy1ns4w3bAqYGvRG,buy,0.0501,3417.2897813809977,1.4660740880966071e-05,raydium_cpmm
3y3xQasjNQD1z27Y2CvrNXYP8aEr8J6XzJr12FmEJJsKVFCXBqd9xjCKE4Cx8onBAyBEtL6DApjW2qxwnPjvMhWd,1787076182,2026-08-18T18:03:02Z,CbpnbXAD9PUAwVcYjHY96qooq6eNnoLiZzif766gqLPH,buy,5.003755,326917.786357648,1.5305851222563624e-05,raydium_cpmm
5VzJa4y7JEWHdku6Mcf2BNNYKafst28EZSR1aMjwyWM7AmZzFMMk7faTHZ3xwkC7Cajq6sXYFrZuNrEmHAJWrdjY,1787076183,2026-08-18T18:03:03Z,CbpnbXAD9PUAwVcYjHY96qooq6eNnoLiZzif766gqLPH,buy,5.003755,320791.718003617,1.5598142717461244e-05,raydium_cpmm
3MGJzFZJbiDcnvggsdrUPrLaZfBKubxmNcvksCUcCap7He9NdpncPZ1V1pJT8a7aeruQc3xKUpY4WCWCECGKAsSp,1787076189,2026-08-18T18:03:09Z,Ahekwy9V7q2tmqJdTX92TAtEHM4pafQbsfc5oLakbZs1,sell,0.07890061100000001,5140.609117337008,1.5348494545890106e-05,raydium_cpmm
2tz17g69NfgXuRGk7MdBdhFvMXo8hrXCG5qaNHySwCzHAJhhVEVwAGrgDKvjXRTyHqYocV9qNjXcuBFNx7yG4AiB,1787076189,2026-08-18T18:03:09Z,C7PNbARVAHeskaefdcu7fy21dCN3qNANKuT6Cka2av4L,sell,0.06266313700000001,4109.473103102995,1.52484601864614e-05,raydium_cpmm
mZy1X69ZLhUTKhTTqfokv2VGkqZ4tu6bzNH37eLQPSBYacTdayBTq6vK3E1evqbfbLBhoJx8ZxPiENQnGi7aB6M,1787076189,2026-08-18T18:03:09Z,JAGPLMkgPWRxFJekMU8DRHRurw968GGYHRMEKUWheYcD,sell,0.07730212700000001,5039.444782994004,1.5339413433174628e-05,raydium_cpmm
23MuErRf5u7r5wsd1TAeC3sps6mD1VpHUZeijCS4NVWUNfXSeCgWQwT16ew8QmE1pnSLtbkvF4i9zXKzMmoMcX2U,1787076195,2026-08-18T18:03:15Z,2z2q5gk8TDgqCidzkXkyevXH1aDaVjWL8cQwoRbMF1Jq,buy,0.006,310.18231170999934,1.9343462774916763e-05,raydium_cpmm
5mZg8jE1Kz8TeXnAzjLZYGWtrBKvyvw4nB4fcugN61nWrz4X5eLj6TsAuUuGsBptPKCgz6dfdvB5PMP93uPdzrZ1,1787076195,2026-08-18T18:03:15Z,2z2q5gk8TDgqCidzkXkyevXH1aDaVjWL8cQwoRbMF1Jq,buy,1.24203928,64367.615796771,1.9296027429717334e-05,raydium_cpmm
3k63d1iCorFQPu6ucFsF2nUw4C6UgHK9qTj2Nu4QdYZDhUfboQVEfRRWboSwPbUx2ZwJ7uhxBWM4xBNRo7JwaSyk,1787076195,2026-08-18T18:03:15Z,Ahekwy9V7q2tmqJdTX92TAtEHM4pafQbsfc5oLakbZs1,sell,0.207305306,10743.873055235003,1.9295211785752578e-05,raydium_cpmm
FWtqfb6hNvM3oMkgxo611vV1ACod1Xt2tnSq7g8EcLKY3VSHwiyVPFmZp9rgUv7u7jnMV6fbinFowZ22nfaAo3X,1787076195,2026-08-18T18:03:15Z,C7PNbARVAHeskaefdcu7fy21dCN3qNANKuT6Cka2av4L,sell,0.165292974,8588.798785485997,1.9245179463200908e-05,raydium_cpmm
53MgrWzGkuo3G1bdzXgLwenMgH1khmVrQLxvtXdBrbMyQESoqbN3phUJwkApr3uwPxkBEsnwYmK9DrPfupSGdF66,1787076195,2026-08-18T18:03:15Z,JAGPLMkgPWRxFJekMU8DRHRurw968GGYHRMEKUWheYcD,sell,0.20311668500000002,10532.439596458993,1.928486587934365e-05,raydium_cpmm
2iGK5gfqHjuJTQg6NwcU2dHqqh72sSpsjbzwtY2SQkWbJGfvw3Ba4De9uXR7fBSejtr4YXoVoL4NHhRCXJ6VUuV2,1787076196,2026-08-18T18:03:16Z,8n79PwcyrybEECM3ghGetPnm6Y2SRBVzJNd536Z1C1PU,buy,3.0097442799999996,144470.127392397,2.083298695947847e-05,raydium_cpmm
67LNDACfVFY4wJozK4Eqn5dSBQW4Ta3oGjtJMRzH6nXbMkrAUnapDAFkxaqrLNLAXxy5g6WxMnfeRARSVuQLy9MA,1787076196,2026-08-18T18:03:16Z,8n79PwcyrybEECM3ghGetPnm6Y2SRBVzJNd536Z1C1PU,buy,3.0077619999999996,141780.11732204902,2.1214272189999422e-05,raydium_cpmm
2xXNfUtxhYvHYXJP6BbieJaKN1wpXTyyRyzmEAHJMHmYiBP2FB512kC4UzWavJQJZ28FCWTmd4KU4ND87q7uPbHo,1787076196,2026-08-18T18:03:16Z,Ahekwy9V7q2tmqJdTX92TAtEHM4pafQbsfc5oLakbZs1,sell,0.195246699,9562.047019159,2.041892270648679e-05,raydium_cpmm
4Vjo1wTJJ3gRwMMfSmaEBoxdUG8RWNYihHt8diTMTFssrvMnWqxZnShktQhbWNiur6zCdA5GyzD4FncG3xHCQWgV,1787076196,2026-08-18T18:03:16Z,C7PNbARVAHeskaefdcu7fy21dCN3qNANKuT6Cka2av4L,sell,0.155657068,7644.030919082004,2.0363217999475772e-05,raydium_cpmm
3UecS5g53WZEAihk7qtvbCag3nVW9HPvPWEBkR7zaMcL1dTXrTvQZPaGGPdzk1eEmTQaSHbbq2hBCi5GESkUgMkC,1787076196,2026-08-18T18:03:16Z,JAGPLMkgPWRxFJekMU8DRHRurw968GGYHRMEKUWheYcD,sell,0.191398244,9373.871240848006,2.041827107310311e-05,raydium_cpmm
xDgf99X5g7wLncenZnbDcrPqH2MwaYp98HzhAtMjfNd7TAWx3vQsDxWngHp8tBTYVYr5JNdx1A26C33p9pwYM64,1787076198,2026-08-18T18:03:18Z,rAHF9X8b6JfP5DvM3b1RhuJVco1NZ9RHsxJvdSVWixf,sell,2.045701947,100000.0,2.0457019469999998e-05,raydium_cpmm
2XQYD1UtUVX5C3RuwLsWjV3u2bPfU6WXQrcV9UqCeeS4KQK4mVwuhaBMNwf4ae59mpSzyi3L4iYo1znmadKZAEJq,1787076200,2026-08-18T18:03:20Z,Ahekwy9V7q2tmqJdTX92TAtEHM4pafQbsfc5oLakbZs1,sell,0.170475244,8510.221847050998,2.0031821386545157e-05,raydium_cpmm
2YwN414jneWyaZDyDjNTeBHRu3wRengXALK2JcDVCFxpd2ozWHKTCgv9BiYfhjhDEFuuQUHG3rS3XpXZmzHBxVjM,1787076200,2026-08-18T18:03:20Z,C7PNbARVAHeskaefdcu7fy21dCN3qNANKuT6Cka2av4L,sell,0.136157449,6803.187517983002,2.0013772755799e-05,raydium_cpmm
3MHzMRy9VqYd1hY8v4c88WRMJ6vfsrN1w6uEpzTLNT3pgVRjsdjcTrDjb7F5Z7bfVQCeaJwM1M7oZje2JUf9Rrg8,1787076200,2026-08-18T18:03:20Z,JAGPLMkgPWRxFJekMU8DRHRurw968GGYHRMEKUWheYcD,sell,0.167055387,8342.745404354995,2.0024030328528958e-05,raydium_cpmm
5SeUNm8dHR58fGiQJyDXMhEsh8LrXUFq7pHpCgRy6oPdR7zdJjrGk3W8Bcaoi4NzW6K7Hnv1q4rJVQZqpyqNgKtD,1787076203,2026-08-18T18:03:23Z,93u5BsWsPxuLRzcDqwecZV9TiXEV7qNavef6fscPnSb5,sell,0.079098186,3990.216461390999,1.982303134813548e-05,raydium_cpmm
4piAC8hMk6kNsEeZyRiNBm5zZHPsXkSPRUD172mxxdzYWM3jxwMgy9VL4UBZsa3cnC2jv6vuxJEQGiytgAsSWHxx,1787076203,2026-08-18T18:03:23Z,GEPiePuVYQcbShk7ACa2YASeLuRHqvcSZpS89keWZecG,sell,0.07330946899999999,3698.8186541890027,1.9819698085759142e-05,raydium_cpmm
Gp6kpkERodmbD54P6K8tWAvHsKfJDCvV3oht3nXYhKzaovzyAUHJAyhtWWh6Ba8jNQdfsp3S4VwD9R5cpMhxkEq,1787076205,2026-08-18T18:03:25Z,93u5BsWsPxuLRzcDqwecZV9TiXEV7qNavef6fscPnSb5,sell,0.07554027399999999,3591.194815251998,2.1034858281476786e-05,raydium_cpmm
2YdJm9efg1zmiNZT8YdfCQWjcu7koDKYQiy4FXnZZjVVBPzkycG7oXMSGCtBaibu8mv5dRhHTvyu4eFncHDAb4HR,1787076205,2026-08-18T18:03:25Z,GEPiePuVYQcbShk7ACa2YASeLuRHqvcSZpS89keWZecG,sell,0.070011961,3328.9367887699955,2.1031327851036974e-05,raydium_cpmm
5N7Za7YrZrEodC2Kz4NSLpv66pMddTAvDF9yiTCCAmFBz24gNc3bAby6h8XSaUZnEP53Smf1WRDss7ShconccPYg,1787076207,2026-08-18T18:03:27Z,93u5BsWsPxuLRzcDqwecZV9TiXEV7qNavef6fscPnSb5,sell,0.07087731,3232.075333727,2.1929349622636834e-05,raydium_cpmm
4xQE9jYNXAnjrVwLWi4XqTK5BgGrQ85mvq8ncynbc8PpYXaoy4TQBZ6JjK6wkKo8nRhUcDAWD22ZiiHvLfRz5b1B,1787076207,2026-08-18T18:03:27Z,GEPiePuVYQcbShk7ACa2YASeLuRHqvcSZpS89keWZecG,sell,0.065701421,2996.043109893002,2.1929397738988608e-05,raydium_cpmm
2kgDGNzK6Ms1owEc76v6SwoPws7EBsevBbvjUHNNYn9KAEeSuD4esqdTjkFQBcqtLj4QiZXz4AUUX4KT7oJjSUer,1787076208,2026-08-18T18:03:28Z,9Q7rXKnZr3xDm5jgEARhh9sPMk4pDpXsct1HjaPsQZqi,sell,0.0004911190000000171,22.0506282,2.2272335987235825e-05,raydium_cpmm
5EmAGSCAmdABmZMBKScd25nu5dENjN8Am1tcH9qZ5EDnXQa9CibityqvTLJR1eEs41uSDPjuUtrbfe42B7h8PWt6,1787076208,2026-08-18T18:03:28Z,CqyTUueWZJkdcJRJ6ZaZxAXvDQFGoFnL5hkEC9nxQz5o,sell,4.362430311,191993.908609058,2.272171207203699e-05,raydium_cpmm
3G2WuqmRJyn3uSK6TkTSuSTxZfvhkZW9gyKkuiu2gDnYU5YTn83WeMvG9KGhNahMsN7Et2cC3kSTVWCthus3aG2k,1787076209,2026-08-18T18:03:29Z,9Nc7QXztAZyyhrza7PMyBLL61YsL7NXbRRkHNcU3Vx7i,sell,1.45165336,64915.23562162393,2.2362290548575617e-05,raydium_cpmm
4TrJZPiD71yXP3Fu21dHhFosWuBFckvpsBoueCzuae3hbt2vKkBtevgRFKisf3nUsSkCKrzS2CoNT9QyCB6dnuUy,1787076209,2026-08-18T18:03:29Z,Act5xzJ7DhXrdNKbRw1yTzQUmT4hYtAPgFKTP5WzPBva,sell,0.70694521,30532.005576163006,2.315423427512824e-05,raydium_cpmm
4W6vXppX8igN15kRfQ8JaUj5ocp2NK7HWEXvgdEYdSxU1kGP9u5gkHi6anw4M8Q6zoG6jRmYaBAjdMXV6ohK4Lk6,1787076210,2026-08-18T18:03:30Z,9Nc7QXztAZyyhrza7PMyBLL61YsL7NXbRRkHNcU3Vx7i,sell,1.3050453169999998,58423.712059461046,2.233759668799858e-05,raydium_cpmm
2mP2NsvgpQL5bLfmvQ3uwX2dNJMdNgNr82zbS87DDgymmFq7WFcZcZx2QJ5h5ra2JDDLT1KFUnyWMxyJVFgdLdka,1787076210,2026-08-18T18:03:30Z,Act5xzJ7DhXrdNKbRw1yTzQUmT4hYtAPgFKTP5WzPBva,sell,0.649325669,28294.009567429952,2.2949227731493294e-05,raydium_cpmm
4fJvau4nzbMXjGT6Xtk8zTWKwP8XBkczceXDRgKKFXYUUuHFwGmyYQ9nWgJaChEQsJce7rMBsKDRdKS76KMrM8s9,1787076210,2026-08-18T18:03:30Z,Ahekwy9V7q2tmqJdTX92TAtEHM4pafQbsfc5oLakbZs1,sell,0.174333007,7574.097443875995,2.3017000809905904e-05,raydium_cpmm
2BLstPnR2Apb1eGVaYSXhf8x2eFJa94qkzVwzGKcowyiWd6HNEimwioVQsHcMhkeaQTzkoqnDwuEVgatu1tUojs6,1787076210,2026-08-18T18:03:30Z,C7PNbARVAHeskaefdcu7fy21dCN3qNANKuT6Cka2av4L,sell,0.13894449,6054.836891004998,2.294768504935525e-05,raydium_cpmm
51qgzuRieMmAH42cRguizUNvT9qKMbaH7JULEUi47C3axPa9em4nUg6rp6jno9PLsxPDhWeG7qkMLUsCrE9kDJUr,1787076210,2026-08-18T18:03:30Z,JAGPLMkgPWRxFJekMU8DRHRurw968GGYHRMEKUWheYcD,sell,0.170887872,7425.0434098760015,2.301506705977007e-05,raydium_cpmm
3m92EWy2MKZKJhQ4XeSieSPxZACuGWNN4S4MH4i1BKXUxFQ3AWHsBfzxUMxSXzPH1FuFHKYV9zkYTyWyNevbazNW,1787076211,2026-08-18T18:03:31Z,2z2q5gk8TDgqCidzkXkyevXH1aDaVjWL8cQwoRbMF1Jq,buy,0.006,265.0751492319978,2.2635090529549073e-05,raydium_cpmm
3W2mEKwES885mBKjoXkkJrQEPciTRz973ND6D1wzpiZ8Yvt4CR5ARxfbhNriJgcgSi1AHf7mYK9FGo5xfuj5ZCqQ,1787076212,2026-08-18T18:03:32Z,2pUUZYtokRgDV2YzL6M5pjb1jyoHE367yU1sdQ7ac3ea,buy,0.1048,4450.520714555,2.354780636280642e-05,raydium_cpmm
RZZ8TMgqbN7GsjHqYwoe4jjfsn33zL9urA33c5MKrQAaCm6iXB2vCZVKCc3pCjYuB6h1ZBFvdJ2ThaPnp3fNnM7,1787076212,2026-08-18T18:03:32Z,93u5BsWsPxuLRzcDqwecZV9TiXEV7qNavef6fscPnSb5,sell,0.063670253,2908.867800354001,2.188832816405459e-05,raydium_cpmm
5KmuaFwZJ8b7npTcPTfdvdfAtGAXBe62CpAiChAJ8ZFESgaSsLKqaPnXJWSH7kEAgbncQPcRdc57stJSdjysMKpR,1787076212,2026-08-18T18:03:32Z,9Nc7QXztAZyyhrza7PMyBLL61YsL7NXbRRkHNcU3Vx7i,sell,1.140677328,52581.340853514965,2.169357626648937e-05,raydium_cpmm
2x64kPh1qGAepqzZEqtdJWejbkK6jo8t9Bnk66UszwKpq6PLYhCgwXtQx5BJ7tUM9PR8HrvZ3mH67pKQ1TNY9pf7,1787076212,2026-08-18T18:03:32Z,GEPiePuVYQcbShk7ACa2YASeLuRHqvcSZpS89keWZecG,sell,0.059007219,2696.4387989040006,2.1883388943959783e-05,raydium_cpmm
2NTy3RQTrmCj9vdFy9gbPghdEMq6ERaSfSaa3K8UXptsnWMzD1VQJ45cpPnuzQXLkmLaHbBvGPKgRVBdP8c7ZY8T,1787076213,2026-08-18T18:03:33Z,9Nc7QXztAZyyhrza7PMyBLL61YsL7NXbRRkHNcU3Vx7i,sell,0.999946302,47323.206768164004,2.1130146714248016e-05,raydium_cpmm
2tv4Q6wvtb6i1wbmcRtyxSRfsWCjRE4Z8k4BfE9hru1jQcLrgt8vTosgQjondXJsBuiVb7gt87Hyvavttwb23hkF,1787076214,2026-08-18T18:03:34Z,Act5xzJ7DhXrdNKbRw1yTzQUmT4hYtAPgFKTP5WzPBva,sell,0.250272176,11911.704687345016,2.1010609528113045e-05,raydium_cpmm
47c4c2GyB4kigkoQGT1Rbj5i7cCjEsYzhAxtXMTLQamorVegTSALGL35mRDAKoWHz9GkcJyCeAxpbxEs5Cn4NaTn,1787076214,2026-08-18T18:03:34Z,rAHF9X8b6JfP5DvM3b1RhuJVco1NZ9RHsxJvdSVWixf,sell,2.116715513,100000.0,2.116715513e-05,raydium_cpmm
5EhvoRuoCZxo6nDejPWVpAQMJfpkzd4AeMz2voCPQvioH4FBfYR8WeE89xoEeHTejASHDCCWajfH6v58ysZ1JL6B,1787076218,2026-08-18T18:03:38Z,Act5xzJ7DhXrdNKbRw1yTzQUmT4hYtAPgFKTP5WzPBva,sell,0.23755563999999998,11515.04492125602,2.063002286352247e-05,raydium_cpmm
4jUzDv7oBU7ZqpM1T1FMiASEmMXfSaDDARqJ8W3y2mdV7TAAAuiBTCWnJcX8hLwrv78VCpfQhJzC3c2pP6dP4ERf,1787076219,2026-08-18T18:03:39Z,9Nc7QXztAZyyhrza7PMyBLL61YsL7NXbRRkHNcU3Vx7i,sell,1.374450221,63886.329137021035,2.1513995866817296e-05,raydium_cpmm
34acb6PLy1entszsAkEJrwe8M94hRUrWWhtrBwxNHf6Mi9B6ULRyLEE57BNeSMRzFhyVh96JcFTch2Jouw6HPpnc,1787076221,2026-08-18T18:03:41Z,9Nc7QXztAZyyhrza7PMyBLL61YsL7NXbRRkHNcU3Vx7i,sell,1.166258761,54303.37976646796,2.1476725132312268e-05,raydium_cpmm
6FXtZiiUJX7Puemme67VSM5RHTv9ML48LLbizpa7emcmMgSvH7oUyqdtgnKqMqpbzqhwpAaEiFRAdqshUG6cSGv,1787076225,2026-08-18T18:03:45Z,9Nc7QXztAZyyhrza7PMyBLL61YsL7NXbRRkHNcU3Vx7i,sell,1.617277112,76929.788002496,2.102276834491637e-05,raydium_cpmm
49qoan8u3tRN7CeEtTJT2bAyZUeNmJyWV34ZUy96aK3zRVtnXXZCYwiLJZznb4RTLv7QWabxj3BsZ8oSwr7L2djY,1787076226,2026-08-18T18:03:46Z,6DqwStHBhuxWGutooviZUgVDhT3F4Dy5pAiP2YErRCEe,sell,47.228830959,2340752.3392795753,2.0176774008281392e-05,raydium_cpmm
5EvnQZoJNaWL5zHxgiPpv9T4GebShRXZJ4AfhdjuSEo2yKydo5vSDysLvB6MQ6zfZLxDtbChRoHSPCnNoTmUjarJ,1787076239,2026-08-18T18:03:59Z,2z2q5gk8TDgqCidzkXkyevXH1aDaVjWL8cQwoRbMF1Jq,sell,1.268271167,64367.615796771,1.9703559799454663e-05,raydium_cpmm
5yjnY8bxS5ufL7R3Dnur1BDNkFrffH9AgA8pHrVXGKURo6yiWjvNSDV2LeB4zM7YAm8X8thbKk6SeUSZs1vz63Ay,1787076239,2026-08-18T18:03:59Z,2z2q5gk8TDgqCidzkXkyevXH1aDaVjWL8cQwoRbMF1Jq,sell,0.005219942,265.075149232,1.969230995483241e-05,raydium_cpmm
deV1gDWDHtffnFfBdtZUMuiVJkpGrH7gV9MR7oyNVMgsM2Hqvgx9fgQHqEE6eT9yLQaCf8a2uZHNmUkUKsD1jEj,1787076239,2026-08-18T18:03:59Z,2z2q5gk8TDgqCidzkXkyevXH1aDaVjWL8cQwoRbMF1Jq,sell,0.006104927,310.18231170999934,1.968173802801404e-05,raydium_cpmm
vTb34Sy2aKugbP42RpxTkBLTrdSpFWezbJjPQCCy7AENqrsZBk4sBZWDSyyYwc2S2qR9pg3w3Hodsk7RBwJKiYe,1787076255,2026-08-18T18:04:15Z,34rTaBgPLXZXuZuP2LjpDdJZKr9NQ2P8iUy4as7fprPG,buy,1.70303928,82926.02146532,2.0536850193786495e-05,raydium_cpmm
Z7AC3xnjtaA6gBApEikusG4dAz35sEQtQivqarmcJJwZ9ZxPqGrCbvfKVHuhL4iQ8WKc46imipnFy1QugVwATZU,1787076258,2026-08-18T18:04:18Z,2R9ca7YkK8Ta3Nv1Gn4yhzJQumqpWzxMgN1xSB5J1Hrb,buy,2.00001,93650.435615367,2.135612062942525e-05,raydium_cpmm
2qVijJCoLmxMeNNpzq8J9T2VEEY6HMhjBAc2APDDyRBWGvXtg6yxg2RkrmUZCStnYHv2cfT5cs6KXu3zoUzSdoqX,1787076268,2026-08-18T18:04:28Z,CASStbiKKzQrFvs835DagrLid7saGriDUHv39Mr8SRUG,sell,16.544148561,828868.815430773,1.99599119341965e-05,raydium_cpmm
68R9cWkDPZ6BFDunB54XDdrF9MzaCurKVmiBmUPxt7GuU5nk29Q15Rz26rwEZhy2ryWMUEKtRP4GoDyQ2Q2UzjW,1787076285,2026-08-18T18:04:45Z,9Q7rXKnZr3xDm5jgEARhh9sPMk4pDpXsct1HjaPsQZqi,sell,0.00044567900000000936,24.833593256,1.7946617527543248e-05,raydium_cpmm
2Dktf7VjvCG9nigxrmApajt4WZMtTRALYzqFjQquTAnnkwGGJpQLd7WQ8h4RARjv7KdmsivDv8wrBkokGQAfFFtQ,1787076308,2026-08-18T18:05:08Z,2JuwsNWVYsr3jDEaSAMiMDfv5UWNWHQRGyQVvHBNCobC,sell,0.9364444350000001,50416.660871625005,1.8574106630830846e-05,raydium_cpmm
cbfnZXHUaRSHUEeFNWDYa8BkoohAd5NV4A7vJx27Ai9iLiY81ohPydi64Jkb59eGpXfiSvHzNi2Y9NWWBHnWChF,1787076317,2026-08-18T18:05:17Z,Act5xzJ7DhXrdNKbRw1yTzQUmT4hYtAPgFKTP5WzPBva,buy,0.5,26948.145980809,1.8554152124456826e-05,raydium_cpmm
rPw1F52o4QUdGSeNMEoEQwJVSWAYUJQ5FbHA8Hx8UYjWhGrfcQ6AAQwKGpVWM38kzVukiToyogUAfcmNpJp8a7Y,1787076329,2026-08-18T18:05:29Z,2z2q5gk8TDgqCidzkXkyevXH1aDaVjWL8cQwoRbMF1Jq,buy,0.00803928,304.686492894,2.6385416444426543e-05,raydium_cpmm
5ProhrC7wQJDvJNEHTg1otBRG8pppoc4gBpfYr17d7K4FLvZXZyC2SnLKpayuHsyrTpsEBD4uPfLtErRcUaMDkmA,1787076338,2026-08-18T18:05:38Z,2R9ca7YkK8Ta3Nv1Gn4yhzJQumqpWzxMgN1xSB5J1Hrb,sell,1.780409224,93650.435615367,1.9011222022632587e-05,raydium_cpmm
7jKBcsB5sxo1beXkiTHVTqQfcyY9yD1VKDrLde5KBcFwM1JvvVro5K1cYGYNvRHkRJEPsZDYkKcXzADUbjwybg5,1787076340,2026-08-18T18:05:40Z,2z2q5gk8TDgqCidzkXkyevXH1aDaVjWL8cQwoRbMF1Jq,buy,0.006,276.2638188899999,2.171837059267259e-05,raydium_cpmm
5FtM65FhUv9G5CnUvhqNZK6Z9uapkLuF3NZWXg494Ge5whQ2Wv7MfMk6jaEgX6NvVMduBpUtLSYjzmU91SxUhy3i,1787076345,2026-08-18T18:05:45Z,2z2q5gk8TDgqCidzkXkyevXH1aDaVjWL8cQwoRbMF1Jq,sell,0.006362944,276.2638188899999,2.303212930873708e-05,raydium_cpmm
4GjERast7a1eqG4orhZw3VPtJ8zhNpqJ97XjpwnXBTjjzYqcf56mJuqeqLvCid8Ka8NcvfeGursp3Cs3ak1FbMbS,1787076354,2026-08-18T18:05:54Z,2AwjJTdTWCu6QjyZKvF6oVEd9TkQP1WYvVswFvDEySxn,buy,2.315828794,102856.437292933,2.2515156610028867e-05,raydium_cpmm
2yn1Q36LazxHp4v9abeRCgAZEfGFG6M8CLxbBhysurcxmsRanHbtsGRwxkjwpq3s7C9wvUX4yK84pDRsBpzsangr,1787076354,2026-08-18T18:05:54Z,5kidNviTucvoHuFGuPQUikWokMxsLZMncGrS5gK9Cujs,buy,2.6463458340000003,116356.946404096,2.2743342067516164e-05,raydium_cpmm
2XNA75AwubnEJei4tyykxhNKiXRHP6j8Lv4DzMwR2ossnzS5UrWdQW7A8GSMNMy4RAeKr1cQni2o7xV9c8RJuAUr,1787076354,2026-08-18T18:05:54Z,9Q7rXKnZr3xDm5jgEARhh9sPMk4pDpXsct1HjaPsQZqi,sell,0.00015380899999998198,7.182965727999999,2.1413021560219535e-05,raydium_cpmm
2pinBiQjBj2KWZSepr2GKTMnt9EwEuPottxHaav2po7G4TcyvcFHRf1qWBvZhXfRbBoPhoj2pBKntn6hM6BC8sbA,1787076354,2026-08-18T18:05:54Z,DenZLNzBtE3L8T1kQFKh8oE7FCXBrdsM9xwCbsnKvdJq,buy,2.460981157,109100.726647149,2.2556963941764085e-05,raydium_cpmm
5paCvyz5tfYq5z5BAr3H7HCAmC4VPZj41aZvU4XegFjX7RziAicF9hMV4bECQbgpFSFCwirjZ4Pk77gbWv8zgh85,1787076354,2026-08-18T18:05:54Z,Hedt6aVyFRvxpQJkrrqgZ3e3JxUNb7ufCVyYXMnHYYE4,buy,2.724423289,119530.903375053,2.2792626944778934e-05,raydium_cpmm
5PVVgJzs8UcTSefHaVdWP8PyBEttSofzyCkhb1ppm1xLb8MRCCtw8RrnyooCAgJUyJ4NTSywwqoGzbKVnQKreEuE,1787076355,2026-08-18T18:05:55Z,2AwjJTdTWCu6QjyZKvF6oVEd9TkQP1WYvVswFvDEySxn,buy,2.2872724079999998,99497.69455844999,2.2988195034572786e-05,raydium_cpmm
3qT2s21t6QsC9YSqhAB1ATyXNFqmgqdxsKk6B41qHVneTcrXQbE7aTpU9Q5Yue42BJofhseKkRK9tRKKkErqt6Xw,1787076355,2026-08-18T18:05:55Z,5kidNviTucvoHuFGuPQUikWokMxsLZMncGrS5gK9Cujs,buy,2.576242117,111193.079378714,2.3169086883775766e-05,raydium_cpmm
3EjQZb5WZuCBDCyNLeZgMYCNbEABfxhZjrcq29nAso7rD2NdNikariseDYC39QbSXGeVBiNxARYcyLYcfxgT3BjH,1787076355,2026-08-18T18:05:55Z,DenZLNzBtE3L8T1kQFKh8oE7FCXBrdsM9xwCbsnKvdJq,buy,2.744907521,118229.266201467,2.321681939835926e-05,raydium_cpmm
37sr8pHZT2zJ621BLxWTA1x2KyVHBzt6cpD2DhHZ8awESbK43GzYjLDtXktZdoERYXHSTVfEZe42rDG3rM9NBsGu,1787076355,2026-08-18T18:05:55Z,Hedt6aVyFRvxpQJkrrqgZ3e3JxUNb7ufCVyYXMnHYYE4,buy,2.383329136,103486.605726514,2.30303150757352e-05,raydium_cpmm
3xoMpxKgqUQENkcR9jZhRL3DGjCU39bUYR2NMc7PgsagGu8EU5NfXVJtajzLk3Tp8ed23R7SWyu4MbzywzSkLur,1787076359,2026-08-18T18:05:59Z,2z2q5gk8TDgqCidzkXkyevXH1aDaVjWL8cQwoRbMF1Jq,sell,0.006940356,304.686492894,2.2778679599737096e-05,raydium_cpmm
3kAC94UxJzZrN3KuJ6FYxy8e8zkVs8gFZJhz8y93ZT3hAowSEMm9xGC2fLP78thgXxf4Y6ZxufExcyRJKW38RoDa,1787076360,2026-08-18T18:06:00Z,AaJsuS3A6zQsV2jdwEVoe4vJ3mjKXRw41siqweSKNchk,sell,23.023566844,1032775.9638015656,2.229289570145697e-05,raydium_cpmm
3Mh2Fha6p1swa7r1Az4XWCoC2FzqVN3mHVFY41eCefQiGewqZyTKKxv3y4f7T8sFKdwh6utb3b3cwQN4b7Gm7T4g,1787076360,2026-08-18T18:06:00Z,rAHF9X8b6JfP5DvM3b1RhuJVco1NZ9RHsxJvdSVWixf,sell,2.2758949960000003,100000.0,2.2758949960000004e-05,raydium_cpmm
329ZWvgiYoi1ogcQtVpEWHs7kvWTaRkQPmGEyr6ahYcaVt4Li7FPXnCyc7pwGXURhHmH4AaLpXsTebRbq1wR61zJ,1787076363,2026-08-18T18:06:03Z,AaJsuS3A6zQsV2jdwEVoe4vJ3mjKXRw41siqweSKNchk,sell,18.644455606,877859.5692313295,2.123854003474091e-05,raydium_cpmm
5fNrgdnmzLAnM4fRJdEyVHUWC94NE6nF5qt7SuQTEU55p8nr9qmsFdEehUELWnoY9igVpbdQZzZC46DZetEL1Sun,1787076371,2026-08-18T18:06:11Z,2AwjJTdTWCu6QjyZKvF6oVEd9TkQP1WYvVswFvDEySxn,buy,2.527803284,111416.42062951703,2.2687888102288587e-05,raydium_cpmm
2BtKifje1EaGhauwABR1AaBwrm14aVS8yND8TqrwaM5yYKuCKVtUaiY9QHxPocvi72CwaR23XGcKPgtjLurbYqhg,1787076371,2026-08-18T18:06:11Z,2z2q5gk8TDgqCidzkXkyevXH1aDaVjWL8cQwoRbMF1Jq,buy,0.00803928,265.716245163,3.0255131729218937e-05,raydium_cpmm
2ioQDNcnrWuG2LQjn4oEMubSKvwtjYLNFqaMYCAUZEEyTSbFtdzk4QrYHuC6miamZ5fBjxNNcFHa5H4pSCXcARgv,1787076371,2026-08-18T18:06:11Z,5kidNviTucvoHuFGuPQUikWokMxsLZMncGrS5gK9Cujs,buy,2.467854215,109451.17810667201,2.2547534505245883e-05,raydium_cpmm
2bFAzS4TkKRDkNxJkELqWGhAmZK4JamT18bp96Gk7FwEG57AtTjUiqRR9Dr3UzNFaUjM4qAmrAqSMJmtakF6rYHU,1787076371,2026-08-18T18:06:11Z,DenZLNzBtE3L8T1kQFKh8oE7FCXBrdsM9xwCbsnKvdJq,buy,2.719770235,120155.33370674701,2.2635451553386e-05,raydium_cpmm
3uXHntNFq8rwP9RwkaVi8TqCmNGgbeshEqaepiKXWkp8r42DBAsWgSpS3iX1MiW9zUdzxgE6s8My39sGfZvKtJBg,1787076371,2026-08-18T18:06:11Z,Hedt6aVyFRvxpQJkrrqgZ3e3JxUNb7ufCVyYXMnHYYE4,buy,2.327613301,103013.516415856,2.259522227746931e-05,raydium_cpmm
7vazfNQQbQYUGwHowqUrb46BBCwUXHs7Hu6CnhVowEzJ4SCezt5VZZont92vmiaxpiq5QyhgabiPcXALtp6ifBR,1787076377,2026-08-18T18:06:17Z,2AwjJTdTWCu6QjyZKvF6oVEd9TkQP1WYvVswFvDEySxn,buy,2.53138072,99776.44156903797,2.537052514794758e-05,raydium_cpmm
CQyscULqwSHkLkZSnFgv4T91eQK18xLts5AAbkG1B8WXscsfda6nbYPrb4vri1rbPnDUtxhTg7QQhvPcJfy41W5,1787076377,2026-08-18T18:06:17Z,5kidNviTucvoHuFGuPQUikWokMxsLZMncGrS5gK9Cujs,buy,2.394984381,93651.18448334996,2.557345530878789e-05,raydium_cpmm
5yFUpXVzVch539iM1z4cpuRvJL7m5TWiFrbPvYyFJsLHUtZQjbF4FrpMsQ2WcNxCYcfndraz86koF2vG68c1ywaL,1787076377,2026-08-18T18:06:17Z,DenZLNzBtE3L8T1kQFKh8oE7FCXBrdsM9xwCbsnKvdJq,buy,2.48493777,98343.00999882596,2.5268067044415927e-05,raydium_cpmm
5XpWWULsZXDtRajvj4VzppDfkQW23cQqCjugtpwRjURwWMScwekbF3QLHfh1c2cfX3bg5mvH87JwigKM8ypT6usV,1787076377,2026-08-18T18:06:17Z,Hedt6aVyFRvxpQJkrrqgZ3e3JxUNb7ufCVyYXMnHYYE4,buy,2.69704971,106096.948803704,2.5420615205343605e-05,raydium_cpmm
3Gs1mtLzYmmNzMR77zYrfKWYTAhzK1Nm6rW3t5gSwVsA8RkagXTUq8ndwG5WgPAvnVPzCCBSZ98isfAHq64NTzoW,1787076378,2026-08-18T18:06:18Z,8n79PwcyrybEECM3ghGetPnm6Y2SRBVzJNd536Z1C1PU,sell,7.112955326,286250.244714446,2.4848730987446504e-05,raydium_cpmm
5Fpms4BX8XARuWvXatS5fjuwmzrmAn6FvfzPofjz8Z4JhLvS3wxzKvX8qDeKEnmNNawJUGNUDhNAUwsaXKydqX82,1787076378,2026-08-18T18:06:18Z,AaJsuS3A6zQsV2jdwEVoe4vJ3mjKXRw41siqweSKNchk,sell,18.36588012,746180.6338466313,2.4613182501564215e-05,raydium_cpmm
58iTvh2aMCbc9tu6iQP2kJgy6ShGdsuM7SP1frRBDXMJNdw5Uecy862BrWVwxwBvvAudqbbPpNNY3mDX14v5c7aQ,1787076379,2026-08-18T18:06:19Z,AaJsuS3A6zQsV2jdwEVoe4vJ3mjKXRw41siqweSKNchk,sell,5.084569578,211417.84625654528,2.4049859877155885e-05,raydium_cpmm
4wcZaA17ZQKgWE8ZixPH4THREiHhqvHNxWKwjG5aPdZxjXdhQGrncFz3DEDdKo422jBXawm4B8ffqDPTtsYUwUbE,1787076380,2026-08-18T18:06:20Z,2z2q5gk8TDgqCidzkXkyevXH1aDaVjWL8cQwoRbMF1Jq,buy,0.006,247.57630185500005,2.4234952840979372e-05,raydium_cpmm
3ndfwx5DCf6ZnWCHfGniLLMYMKvE9gz1d4BBX4vPE818y4Tjt3YsWQtnsiPK7Fq6G2ZuE96cRWQk6ZxJd5jViNoz,1787076381,2026-08-18T18:06:21Z,AaJsuS3A6zQsV2jdwEVoe4vJ3mjKXRw41siqweSKNchk,sell,4.790155076,200846.95394371776,2.38497770662846e-05,raydium_cpmm
396XtmF8VWgj1A1dstz1wFmkgLb8TxVtJkKChTBRBEgiZWsaK24gQagAEyW1zC7zJw8Zs3Ts8p5tRvnurVJrQCpF,1787076388,2026-08-18T18:06:28Z,AaJsuS3A6zQsV2jdwEVoe4vJ3mjKXRw41siqweSKNchk,sell,4.5557975399999995,190804.60624653194,2.387676917041307e-05,raydium_cpmm
7v22Y6J8kwdWDYjsjbb8n8ZqdRbcHXD8JmJWB3mvxqGdLZgiXg41iQRSdaqEw2AXqGRAgehL7phN1pNzXeBhB3h,1787076388,2026-08-18T18:06:28Z,AaJsuS3A6zQsV2jdwEVoe4vJ3mjKXRw41siqweSKNchk,sell,4.590478506,190804.60624653194,2.40585308515498e-05,raydium_cpmm
3BmXv22EgBJQiWk6fAV5J8aZzed1xP1MePbjSEFB5YYp3CmjdXU5P9FuVPYobbRe8DRyLak3PFkC2YXDXK4UyTxV,1787076389,2026-08-18T18:06:29Z,AaJsuS3A6zQsV2jdwEVoe4vJ3mjKXRw41siqweSKNchk,sell,3.993350789,171724.14562187903,2.3254451344268124e-05,raydium_cpmm
53ByxGPS2Fo8hZZmdfagiHBSPNmb19x2cfBW65CupzMQyZRLcAF13TUNwkJSckYgMewyGhP6E2bAJ1ooaGzrdj3a,1787076389,2026-08-18T18:06:29Z,AaJsuS3A6zQsV2jdwEVoe4vJ3mjKXRw41siqweSKNchk,sell,4.069614528,171724.14562187903,2.369855743502094e-05,raydium_cpmm
4kk3DH4SH6V98vx6e5aVJHkVahXRTrFUSqKQU2P1ELm6iyw2wQTCgbUEui6NDALexEo9tahoeMCcnQTZ14Ysse8r,1787076390,2026-08-18T18:06:30Z,AaJsuS3A6zQsV2jdwEVoe4vJ3mjKXRw41siqweSKNchk,sell,3.570531409,154551.73105969094,2.310250027300561e-05,raydium_cpmm
VTNENAXabduQQ3Xejrdc7mwCyczP4ugZjWdetnZKUuhS9GNWHxhQNFp17CSvq8mg21mYwiwW7Ks7yuVMyyi4Sx7,1787076390,2026-08-18T18:06:30Z,AaJsuS3A6zQsV2jdwEVoe4vJ3mjKXRw41siqweSKNchk,sell,3.596018472,154551.7310596914,2.3267409865575272e-05,raydium_cpmm
j4mFHNeyaBAaNH5gWbQJn5ZtK2Jp7ktU6WV88jXStvaW7p8eAUoABHnY9iNobnTNxG3ZbXNspfJMhCwCEyaLGmq,1787076390,2026-08-18T18:06:30Z,AaJsuS3A6zQsV2jdwEVoe4vJ3mjKXRw41siqweSKNchk,sell,3.607569088,154551.73105969094,2.3342146110331727e-05,raydium_cpmm
2fGDok3eRESF8D2zPF6Pz154SvH1TkViiqAZx7cyQK8zrWHP7adFaZMBftq9jpLQwC6htqoruLNQ1VGwRMes4315,1787076391,2026-08-18T18:06:31Z,AaJsuS3A6zQsV2jdwEVoe4vJ3mjKXRw41siqweSKNchk,sell,3.560620443,154551.73105969094,2.303837309738587e-05,raydium_cpmm
5VtRgp95uowFdMUwtXMuZ8Ltj6WzRRe1bwFJvr2zgywaYJuoM2Pb7RXkR3Tfn6f9zGp1y17wMJVpbuyQo8LduJ3t,1787076392,2026-08-18T18:06:32Z,AaJsuS3A6zQsV2jdwEVoe4vJ3mjKXRw41siqweSKNchk,sell,5.64043209,247282.76969550597,2.280964459005939e-05,raydium_cpmm
3Uj5Vtbss889CtKM34oA8gy28MNm4GQ3cXfd5TjVyC9CnixtNm3zKjecjpRUwzkcCn4C1d4MyTWydmYDk6KanEYW,1787076393,2026-08-18T18:06:33Z,AaJsuS3A6zQsV2jdwEVoe4vJ3mjKXRw41siqweSKNchk,sell,5.636635463,247282.76969550597,2.279429120735232e-05,raydium_cpmm
56TTgjQcT3Y5CpyRdCz1ehAR5cWWRLbptW9yiwbTiWVbDZK9bp4R5rZ9CEGrj2sm9Qq1zennMaha39o4Ja7bGTiP,1787076394,2026-08-18T18:06:34Z,rAHF9X8b6JfP5DvM3b1RhuJVco1NZ9RHsxJvdSVWixf,sell,2.267945175,100000.0,2.2679451749999998e-05,raydium_cpmm
4PVRJz9cLWGFZDXJRzBMMYRquCbV4Gdg44cKTczjXtm1iqTKeUjHRaZ6z9r6puTdUuySbEbEwFXvFkFykk15BGkU,1787076398,2026-08-18T18:06:38Z,AaJsuS3A6zQsV2jdwEVoe4vJ3mjKXRw41siqweSKNchk,sell,4.2269274789999995,197826.2157564049,2.1366872246117597e-05,raydium_cpmm
9bpuLEdHQu2EG8XxBHfApQ9b5gNWsgNDkcv71e4XsyPxeQUJdGFGPqpFBQ4nCwTbcLMNcQUZ6rgAtwN1gryNGto,1787076401,2026-08-18T18:06:41Z,AaJsuS3A6zQsV2jdwEVoe4vJ3mjKXRw41siqweSKNchk,sell,3.78019917,178043.59418076416,2.123187406653922e-05,raydium_cpmm
5BPcWS39ukX84wbpKEVxNUvriBSUHAyuZSfPrE8f7PBXKchVbWgjrVXTU1w2BG8TtaXpn55LMGgd14GuLcmcuhZS,1787076403,2026-08-18T18:06:43Z,2z2q5gk8TDgqCidzkXkyevXH1aDaVjWL8cQwoRbMF1Jq,buy,1.24,56395.194208498004,2.198768915336315e-05,raydium_cpmm
2LBXadN36kfECfSkxt2CDnepYpfvewMX6VUE5LyFzG7SLPxPwaqQHTUcMV3ux92jARNY1NzY1ijPcLxyceTzqEcy,1787076403,2026-08-18T18:06:43Z,AaJsuS3A6zQsV2jdwEVoe4vJ3mjKXRw41siqweSKNchk,sell,3.4749463609999998,160239.23476268793,2.168598949031644e-05,raydium_cpmm
5eYkAL8zvKfqq7VtHaTkrLnxQJCFsQ29VxbceNPu83wpfe1TWHPgzW6vSaDZ38cJA6ZFUVHnBXdDtYZVFBrGafx4,1787076404,2026-08-18T18:06:44Z,2AwjJTdTWCu6QjyZKvF6oVEd9TkQP1WYvVswFvDEySxn,buy,2.6145373430000003,113980.72326809197,2.2938416848350708e-05,raydium_cpmm
3pJ9ZmxdSvZ9LT3TytuT3XMRoiQYvfAE39wLdyNZF65UdyzPE1WsKb2J3VBa3ZpE8SEwMoDLXid8z2hCSeg3UCqa,1787076404,2026-08-18T18:06:44Z,5kidNviTucvoHuFGuPQUikWokMxsLZMncGrS5gK9Cujs,buy,2.606302045,113165.011309998,2.3030988243004192e-05,raydium_cpmm
5cgSGuypHjdVgWfTtxSNv13iSf4HuwrBoRsyUoWGdnvEdA49njwDHR4xAUPBuhEz4jSfBdWduazXjyKFLQMrMwxD,1787076404,2026-08-18T18:06:44Z,AaJsuS3A6zQsV2jdwEVoe4vJ3mjKXRw41siqweSKNchk,sell,3.276512737,144215.31128641893,2.2719589950422665e-05,raydium_cpmm
2h3WBRBcYMcMc3djVpk47PjqLFPibvR5eW2RUUoYNYTSoW2SHUZxnqEVDkGz4N7kWyffiVBMipV8Y5kxFobTAcs1,1787076404,2026-08-18T18:06:44Z,DenZLNzBtE3L8T1kQFKh8oE7FCXBrdsM9xwCbsnKvdJq,buy,2.3623531210000004,101931.39310652402,2.3175913219700717e-05,raydium_cpmm
3rJHe3FxAmiRwGWjAodghjrn4eEdgrZGDCgn5KutNkPeTcd4qtyQdUWYJHruSjT9Tpcp2tnzJv1ETUFLbLTN5Kt3,1787076404,2026-08-18T18:06:44Z,Hedt6aVyFRvxpQJkrrqgZ3e3JxUNb7ufCVyYXMnHYYE4,buy,2.721589314,117226.04702024901,2.321659207300479e-05,raydium_cpmm
55zYZMxErejLnuE9HNsPhvov5dgJPqJDokg34ojkvSFC9rd9FvXEvvD4awXKbcHnVy4sT1xDkFjDPFZAN1mKEty9,1787076405,2026-08-18T18:06:45Z,AaJsuS3A6zQsV2jdwEVoe4vJ3mjKXRw41siqweSKNchk,sell,2.980657752,129793.78015777702,2.2964565392707718e-05,raydium_cpmm
4dtTQyGCNaVmW6zD5aerynC6xcUd5WWMubAPYNv1eeS4EnS1ZCuiB34K6ZiiBDMS1hfjX77nBF8eRVgFwwVkJHZr,1787076406,2026-08-18T18:06:46Z,AaJsuS3A6zQsV2jdwEVoe4vJ3mjKXRw41siqweSKNchk,sell,2.6653304859999998,116814.40214199899,2.2816796877152508e-05,raydium_cpmm
2aZ444oGn82rgw37C1JNJvzFDBVdHZzADXBmta9PNsdPw35MEwNsiEzSw88wMKJRnfG4otXUr9Jf2f2xfrAWJbgH,1787076407,2026-08-18T18:06:47Z,AaJsuS3A6zQsV2jdwEVoe4vJ3mjKXRw41siqweSKNchk,sell,2.3459368709999997,105132.96192779904,2.231399960567164e-05,raydium_cpmm
4dzjiVY6SRbuHfTmuxNWamikLTjJYvrvzYsh4JBAUHN17MPTpKtBvDGGzsoU3kz9gpkQFMvFH8HyBqUks15BZVc5,1787076408,2026-08-18T18:06:48Z,AaJsuS3A6zQsV2jdwEVoe4vJ3mjKXRw41siqweSKNchk,sell,2.1040534799999997,94619.66573501995,2.223695744066936e-05,raydium_cpmm
nFNFPRV4kBzzXvnVRRiUGYkXr2JGTBtnLk9aJ5nhZma9WPiCfbRtWZ6g3DirDTZ9NYSL9SXsdjfyTD2Bh4hTtQs,1787076408,2026-08-18T18:06:48Z,AaJsuS3A6zQsV2jdwEVoe4vJ3mjKXRw41siqweSKNchk,sell,1.985122864,85157.69916151802,2.3311137848321046e-05,raydium_cpmm
5MtUAGu5qoJNyi5emPrW8zrpqm6CMpfBCBuY9mUxDyRLQZhikNCsrNPNp1pFkp9ZGhs8ACfEUGmL6jqnRjD5ssz7,1787076410,2026-08-18T18:06:50Z,AaJsuS3A6zQsV2jdwEVoe4vJ3mjKXRw41siqweSKNchk,sell,1.758446717,76641.92924536602,2.294366457517535e-05,raydium_cpmm
35o9uZ7piYYbwN6sMfEWrjyiChR1Duw3XE63D5juJfVsJNhRhyVFLf81h18GcCoGcWKXCdbRwKaVGWN1NQ7ePhxm,1787076411,2026-08-18T18:06:51Z,AaJsuS3A6zQsV2jdwEVoe4vJ3mjKXRw41siqweSKNchk,sell,1.432734838,62079.96268874605,2.307886113242991e-05,raydium_cpmm
5aP49UVhYd7TYHh3D7ReJCk1mca2B9vh2avbVTGErozLhCYBvfYcFhTGFjz6XyczM4Lpfc7VwzWzWF7d32KYukVS,1787076411,2026-08-18T18:06:51Z,AaJsuS3A6zQsV2jdwEVoe4vJ3mjKXRw41siqweSKNchk,sell,1.600584104,68977.73632082902,2.320435823749519e-05,raydium_cpmm
2ie4sDFuaj8KsWPMv5rxT4h4E75JqaLyZ9PdM4K7rz9tVRcHT4e3KRCKwdd5UQ68icy4ncCoL2T7tnunXtbpxrRm,1787076412,2026-08-18T18:06:52Z,AaJsuS3A6zQsV2jdwEVoe4vJ3mjKXRw41siqweSKNchk,sell,1.3030454519999999,55871.966419871955,2.332199017675072e-05,raydium_cpmm
q9EQdXYWwS2jEsk7is5yEjp7ESDvUDcRME3D1nEK2WrUbsZwEEfHN9gJf2DgKCTHf1W8SgAwhsQSjjkprfPZStU,1787076413,2026-08-18T18:06:53Z,AaJsuS3A6zQsV2jdwEVoe4vJ3mjKXRw41siqweSKNchk,sell,1.159192497,50284.76977788401,2.305255651204811e-05,raydium_cpmm
4FS37v47PnuBnuWE2cJgDupuGvvF3x4EPjVyPxehEKHPT5GBCvVw9j8v898hKPDDqR5iGhgVFzPTfm8XA3vuWe4z,1787076414,2026-08-18T18:06:54Z,AaJsuS3A6zQsV2jdwEVoe4vJ3mjKXRw41siqweSKNchk,sell,10.240792962,452562.928000965,2.2628439777944348e-05,raydium_cpmm
3siu9j4YD9V31urJT9Wn987VMFJ458pZKfCWL4uWtuurEAHQo6KcquMqz1BMNn3i9CHbu61KRkN6BZNEtTJMazJY,1787076418,2026-08-18T18:06:58Z,2z2q5gk8TDgqCidzkXkyevXH1aDaVjWL8cQwoRbMF1Jq,buy,0.006,252.0560481700013,2.3804229430563992e-05,raydium_cpmm
22SZ5a8MXmd5NNGnDqcbidBZvLjsLLUWj648EdHUNb77QLJ4DVeHr6QkVT4nXaTPWSJdkZL5yKfcBZoyNSP18yoY,1787076424,2026-08-18T18:07:04Z,rAHF9X8b6JfP5DvM3b1RhuJVco1NZ9RHsxJvdSVWixf,sell,2.3512585610000003,99999.99999999997,2.351258561000001e-05,raydium_cpmm
45T44FmEWXfXJCzuSbHhPgV6F59iePULyGGnVtPdAj9wPXu8jWdcFXpDfVubURmAMmrHCEahionCJtRJa8tLkdqL,1787076431,2026-08-18T18:07:11Z,2z2q5gk8TDgqCidzkXkyevXH1aDaVjWL8cQwoRbMF1Jq,sell,0.00570343,265.71624516300653,2.146436322137989e-05,raydium_cpmm
4NwGwQLhidTPVs3tzkEbo1dLqMx21qK3ATnxCME848e7efVWtazL4Jy7wzesP4i21LviaZUesr2CFdreRjh2p7hz,1787076440,2026-08-18T18:07:20Z,2z2q5gk8TDgqCidzkXkyevXH1aDaVjWL8cQwoRbMF1Jq,sell,0.005307059,247.57630185499875,2.143605409821597e-05,raydium_cpmm
2YYm4YTLTEM2ucBk8VHtLFfxMpR5UrJyKpe56baEH4voKeFJSBVKVKvvc1FT3E7FBiNgFjmxWVEyZS1CJsgfToyG,1787076450,2026-08-18T18:07:30Z,2z2q5gk8TDgqCidzkXkyevXH1aDaVjWL8cQwoRbMF1Jq,sell,0.005500311000000001,252.0560481700013,2.1821777497242478e-05,raydium_cpmm
59iFbp3JXMzPKE9xF5nbZMe49GR4fHLiQEC8TKwEPTSweR4wQdBxMbMvZaiDyfgyPtdbTf66LpnGQ1aL893uie7N,1787076456,2026-08-18T18:07:36Z,CbpnbXAD9PUAwVcYjHY96qooq6eNnoLiZzif766gqLPH,sell,7.7542802040000005,326917.786357648,2.3719358589797925e-05,raydium_cpmm
4jLy4213jmY741u25TE6i9CL5z4zpT2JnTcoJYN1crqm5gyfpPAYqrKaC2LmZ6oRPxTD3xhUS7C4crfsVQQxgceL,1787076458,2026-08-18T18:07:38Z,CbpnbXAD9PUAwVcYjHY96qooq6eNnoLiZzif766gqLPH,sell,7.9374468799999995,320791.718003617,2.474330362827666e-05,raydium_cpmm
wnnkCSXFKbxVjhpSTbEZuNNPu7t5cYTLz9oJ6cGbpibDxXyrF5e3nHJn86WsEGTJMtVrsjg1rJ762KuxWW8N7CV,1787076467,2026-08-18T18:07:47Z,34rTaBgPLXZXuZuP2LjpDdJZKr9NQ2P8iUy4as7fprPG,sell,2.0135812619999998,82926.02146532,2.4281657631942317e-05,raydium_cpmm
62XkWqcPBYs8X426QzRHJg1xRSPHToP8odHZ9AxU2a8RqkeRgVwiqZGPAMMoMe7DuFN8PXHcqLm5HkZz1WoyeRFt,1787076473,2026-08-18T18:07:53Z,2z2q5gk8TDgqCidzkXkyevXH1aDaVjWL8cQwoRbMF1Jq,buy,0.006,249.6979055480042,2.4029036154035762e-05,raydium_cpmm
exyyGfnBQ7w2w62dKoviyYjXJ7mSCUtsBbToa1zfFpGHVpZN7gPWLtRNK4WoyA6uG52yXwXUp1nZwtueAzZH5aX,1787076477,2026-08-18T18:07:57Z,4W1G7xANgXQK3zxMktXQDaVQL8gNvbdSwKJSeCA4xesy,buy,0.50803928,21774.99938742,2.333131087450261e-05,raydium_cpmm
3Zyj5rVCZJp7mnZd5qTFuHBr2zaF82zp9UBkm9rzC3nSkpY3VhscJa7jyD8fhP83qk6DiB44QLQdM9WYtGZiFmyb,1787076480,2026-08-18T18:08:00Z,2z2q5gk8TDgqCidzkXkyevXH1aDaVjWL8cQwoRbMF1Jq,sell,1.293509015,56395.194208498004,2.2936511402333026e-05,raydium_cpmm
4SGQwkLPWTH4m6fDmsGvp6rKBkD9WA21989a9juWUiHuXybxvznhHJMpzRCLy1jG8keGdKJKoDi2XBw1mgveLKZY,1787076481,2026-08-18T18:08:01Z,2DCW6PvdpXwscZVanFmDLB7svT2STkUj2SuXSMR6C29g,sell,0.565820027,24953.753288987005,2.2674746377720937e-05,raydium_cpmm
2XnmhJn4QKsuihU8eHQRRYY5cNaq3iPcMR3K2WEhyUXE7eg919Dz1bCx8Vw24TG222WtP2zbLZ8189NC3n9TH6JP,1787076490,2026-08-18T18:08:10Z,2z2q5gk8TDgqCidzkXkyevXH1aDaVjWL8cQwoRbMF1Jq,sell,0.005684481000000001,249.697905548,2.276543324432195e-05,raydium_cpmm
3EcwhrvCLAQcENBDWotvL1e38QTVzVC7zrURNNfBU88d5mfRrQpot8xnfDtZ6n8favQYxEmhVPhbtdhjhBSCA5Z3,1787076505,2026-08-18T18:08:25Z,9W298hjW9MJ9mW3H8LHxzdqV5N7jKgnN66gQzPACg9ZT,sell,14.092304516,647123.8118248153,2.1776828882654323e-05,raydium_cpmm
4G94MVu9Kw6oXXHZnjbg5EbzeHzcLufns5suKXdur5xGyvEeni8C97eZ9Zp4LNNDf9xRPVC9A6UTApiUd3CqtoUa,1787076507,2026-08-18T18:08:27Z,9W298hjW9MJ9mW3H8LHxzdqV5N7jKgnN66gQzPACg9ZT,sell,12.420640658,582411.4306423347,2.132623091600627e-05,raydium_cpmm
3sKoCvs2zNM6GXZVAo7GxBo4NFqBrGnBeuHwdDmxdFK2sKqrFumcNbmxHma9qrT6eAGr62HVrknbxYQoBeMrWCYc,1787076508,2026-08-18T18:08:28Z,9W298hjW9MJ9mW3H8LHxzdqV5N7jKgnN66gQzPACg9ZT,sell,11.088987783,524170.28757810034,2.115531544955753e-05,raydium_cpmm
556ZSjdtHu6uukENPYCEMqHSNkqxgVawGbY2LotAR1vpDLBkLLQe377UfxU6V9sXAirXQ16JBKbtue5ANyKiWgWY,1787076508,2026-08-18T18:08:28Z,9W298hjW9MJ9mW3H8LHxzdqV5N7jKgnN66gQzPACg9ZT,sell,10.996816066000001,524170.28757810127,2.0979472371107026e-05,raydium_cpmm
5jKJhVUgvEWWUTm8qXPCxUHZBFsjViS5runb4rHK2XR6J4T9CCSvQt2hsHkJyvj1ZutGbLsXDHNJLPqkrWHDvDRf,1787076510,2026-08-18T18:08:30Z,9W298hjW9MJ9mW3H8LHxzdqV5N7jKgnN66gQzPACg9ZT,sell,8.567101847,419336.230062481,2.0430149442902903e-05,raydium_cpmm
AoBFP4acjxQEdRbRnNUjBMPBCAjKaXVJ36C9KjSDgeqifpXBDuEKdVYPspFsYx3YQTzbB377DRHPERsBVDVfjga,1787076510,2026-08-18T18:08:30Z,9W298hjW9MJ9mW3H8LHxzdqV5N7jKgnN66gQzPACg9ZT,sell,7.584060671,377402.6070562331,2.0095411449741184e-05,raydium_cpmm
4PA54HFuq9q1USSTMhbDZVGsVE2CPuWacwuSj3twuQj7YGU4cZ8nM6KQkeA5JiV9T9y18hfxMDPrmypC3jeYewK8,1787076517,2026-08-18T18:08:37Z,Act5xzJ7DhXrdNKbRw1yTzQUmT4hYtAPgFKTP5WzPBva,sell,0.582454312,26478.17702022096,2.1997523151053375e-05,raydium_cpmm
5r8kqJfZ3uHvGWMH3TaYfn2qrU5PJeaEDkar7EXWwFL1RmbVN5FD4jRs3a6L4jGTg92QkoNjjzAHPxXDDdiT2PxB,1787076568,2026-08-18T18:09:28Z,2z2q5gk8TDgqCidzkXkyevXH1aDaVjWL8cQwoRbMF1Jq,buy,0.50203928,28076.130387305,1.788135590889704e-05,raydium_cpmm
4o33XAMq1iwyFNsgNMbxrcMVKMa9arFMzqxPpTgpJb2fb1JKwaApvWqbTRfyc5JMcUQcSaX1UkdjoeQqCcwkW5dV,1787076605,2026-08-18T18:10:05Z,2pUUZYtokRgDV2YzL6M5pjb1jyoHE367yU1sdQ7ac3ea,sell,0.07478870900000001,4450.520714555,1.6804485092140055e-05,raydium_cpmm
3bbJ85ZYpwSAWRQrLTSn6jDJhRtiLzZPLDXTPAFH7geNf6APeDXd8NiUJ9VhbQjCSRukpYw6RHHxJoZB4TGuNNrD,1787076617,2026-08-18T18:10:17Z,9W298hjW9MJ9mW3H8LHxzdqV5N7jKgnN66gQzPACg9ZT,sell,6.263720612,339662.3463506093,1.844102144173027e-05,raydium_cpmm
4EFHoaTznEzTAw9uQRbAzmsh7HmvLNn5fvLefToAuVs8sLYv4DVQiqqkBDWDgzHsh4ZUGXRCWcSVvmLDWZ9Lpepc,1787076617,2026-08-18T18:10:17Z,9W298hjW9MJ9mW3H8LHxzdqV5N7jKgnN66gQzPACg9ZT,sell,6.293525551,339662.34635060886,1.8528770170196166e-05,raydium_cpmm
5pjmAfNoKEBC788HBCVR9ShYnL8MfuRCWaoULw2jD9EUhjkJkrBa5inpud7Hj8GMgT4ANPR6Ue8A11DUECieEJQp,1787076617,2026-08-18T18:10:17Z,9W298hjW9MJ9mW3H8LHxzdqV5N7jKgnN66gQzPACg9ZT,sell,6.348200865,339662.34635060886,1.8689739776004527e-05,raydium_cpmm
3BygiC8fMejbCAi1cXqdxNBThetrAzwp5M1pRLneGN7Dqo2ufcUjiZtHCupJXq6PVfy5g93bmFDmRZi2mWEsX6r4,1787076618,2026-08-18T18:10:18Z,9W298hjW9MJ9mW3H8LHxzdqV5N7jKgnN66gQzPACg9ZT,sell,4.3750847660000005,237763.6424454269,1.8400983098179947e-05,raydium_cpmm
3VvSY57HqckvefJMiFLLvddZvSNwHWVdL6xTAupixv52bXc48gc5g8kAb7G2Ahn9Jsi64meR6rzaKJxnUUL6jgGk,1787076618,2026-08-18T18:10:18Z,9W298hjW9MJ9mW3H8LHxzdqV5N7jKgnN66gQzPACg9ZT,sell,5.027242062,271729.877080488,1.8500880786513222e-05,raydium_cpmm
4C2uFUmKae66HXJCpvC9obSi7qAe2vagfnvtSughGApgsAZ5zarLBjinRWHjzM3Ws47Gbp4SSW3gdBDmqaCAfGnZ,1787076618,2026-08-18T18:10:18Z,9W298hjW9MJ9mW3H8LHxzdqV5N7jKgnN66gQzPACg9ZT,sell,2.983609638,163037.92624829197,1.830009560754737e-05,raydium_cpmm
4ehS6y7oqrgPXeWej9PfmWE4dDHLjg5dNxtm32JmTcRUG9FBbzprihx6mE4ZbBiRYTHkiZ9CHAN3tpPvLCznSxfN,1787076618,2026-08-18T18:10:18Z,9W298hjW9MJ9mW3H8LHxzdqV5N7jKgnN66gQzPACg9ZT,sell,4.3582141320000005,237763.6424454269,1.83300276155566e-05,raydium_cpmm
2zgBujFLeAxeiDu7SH3uqiBwy45iJLo4tBhUvKUL3LJDxfLiv9m12smCz7x89Pj49SxG1c4J128XzWAMtqb3NF51,1787076619,2026-08-18T18:10:19Z,9W298hjW9MJ9mW3H8LHxzdqV5N7jKgnN66gQzPACg9ZT,sell,2.631543572,146734.13362346299,1.793409281819082e-05,raydium_cpmm
4SJbD3HyFz7T6ZE6g123UHkjzWqMfeWDWkGyAVpW9MQx4SoF159SG7uRHsG7JvBZwN6zhvTStCagQKrR4YLEvCFP,1787076619,2026-08-18T18:10:19Z,9W298hjW9MJ9mW3H8LHxzdqV5N7jKgnN66gQzPACg9ZT,sell,2.6389761729999996,146734.1336234631,1.7984746342469437e-05,raydium_cpmm
EuM1Hv56NxuLY2kFhUGGNPSDrUmB7ZWqaddYCg64svTMPBoZoMVK56AkKPEA3QaAP5jHJZLXsJKm9RHpZtz3FHi,1787076619,2026-08-18T18:10:19Z,9W298hjW9MJ9mW3H8LHxzdqV5N7jKgnN66gQzPACg9ZT,sell,2.9400552999999996,163037.92624829197,1.8032953237656875e-05,raydium_cpmm
4eZbAoYJoJzSvqhji9z2hdaW8eJG71Dda8MoHB4q7UbVpe5UfvaB1CTrAboPBgrKZWpvM2KWEq3AQLhgaVJyUtqk,1787076620,2026-08-18T18:10:20Z,2z2q5gk8TDgqCidzkXkyevXH1aDaVjWL8cQwoRbMF1Jq,sell,0.505881612,28076.130387305,1.8018209953489218e-05,raydium_cpmm
3Tk6QxLEXWY5Rru6mVN8RUqidgFKd27wWzwESzjoU7DnPFfqxvK9oUxCLwpAf7mUEgApd6B7v5HpvLDrQeXU7WkV,1787076620,2026-08-18T18:10:20Z,9W298hjW9MJ9mW3H8LHxzdqV5N7jKgnN66gQzPACg9ZT,sell,2.3404196109999997,130430.340998634,1.794382804706852e-05,raydium_cpmm
61m4kLbgHWHJbQzA8Xc9qUt3E2khWWZk9FYexV78Gopd5qG7CX2VxXBnTBFXdYdcVRnAZhvfyAqr7UnqXxc97wLP,1787076621,2026-08-18T18:10:21Z,9W298hjW9MJ9mW3H8LHxzdqV5N7jKgnN66gQzPACg9ZT,sell,15.450805920999999,880404.801740785,1.754966112230398e-05,raydium_cpmm
4TyYMKpye46LRXU5gyBqnTXTnDm9erDhVwi2NM94VVJkdeaBWnv5FqUdoEEyRLsEA8nsYqC2d662bAWXRtfWVBDy,1787076622,2026-08-18T18:10:22Z,4iDyxGxPRC66QBNwYqMn74VtVm5Moy1ns4w3bAqYGvRG,buy,0.0501,2797.729005590998,1.7907381272410538e-05,raydium_cpmm
4Z8nMj7M4K4eqhBe535KYVYw8Wxu5a8rteV95fcF8F6UpqU2iVaXmVLYNjMsWCwdPGDTQXsGqPNJgox5dy6biKyo,1787076622,2026-08-18T18:10:22Z,4iDyxGxPRC66QBNwYqMn74VtVm5Moy1ns4w3bAqYGvRG,buy,0.0501,2738.5566375609997,1.8294308510128104e-05,raydium_cpmm
34QwLjUTxyfgZmPmsh6Jw29KKATeJJRnNguKqxeeWMgWSbD4hATnwGZNh6pZo4h1NRzapexGWD1KjKSYYakFW3tb,1787076647,2026-08-18T18:10:47Z,4iDyxGxPRC66QBNwYqMn74VtVm5Moy1ns4w3bAqYGvRG,buy,0.0501,2716.2790658560007,1.844434934162835e-05,raydium_cpmm
3T23sPTHNhHqnoejyKc174Zv94MANttDs7VWfCdNspMtJSvKDeyDRHZ5nrXsbwEg2xiTqgvDnqE2sKYvk3oCKQu,1787076656,2026-08-18T18:10:56Z,9Q7rXKnZr3xDm5jgEARhh9sPMk4pDpXsct1HjaPsQZqi,sell,0.00017744500000003104,11.014685928,1.610985562002772e-05,raydium_cpmm
eigo5qtmgQf7Qbu1v3C8yp9dpaMUxDPg6VuVUW3u5vFxFFau9pf2dPzf4mDrJMfAQkDZRbRcYRpR7ciPcswNVwy,1787076691,2026-08-18T18:11:31Z,4iDyxGxPRC66QBNwYqMn74VtVm5Moy1ns4w3bAqYGvRG,buy,0.5002,24093.490681063,2.0760794134041656e-05,raydium_cpmm
3nm79hW8G7FT54EQ7QvfWcrMqW6nQQmL7o7FQpAfQRu68S8x9yYT6gL75bahzEUVtfg5DfGKzjvWHW2DMzbW6p6n,1787076761,2026-08-18T18:12:41Z,2DCW6PvdpXwscZVanFmDLB7svT2STkUj2SuXSMR6C29g,sell,0.7503999920000001,37430.62993348,2.0047752157352857e-05,raydium_cpmm
4xGoWf1xsurqSwx6numuBhYPAw6dWzqPsyWZNWtKoDaajLsDUuXBxisLTuZ7KotQoPXNG2DXs4XZ7nWiR3hDa3wQ,1787076783,2026-08-18T18:13:03Z,9Nc7QXztAZyyhrza7PMyBLL61YsL7NXbRRkHNcU3Vx7i,sell,4.474579468,230789.364007488,1.9388152860696047e-05,raydium_cpmm
51Mzk7rvJitTm2BTvoDGVvBmZ7jhhVboLxRriKA1yMSeDfG3jyUbc4ez9kmnWdqVJUzqgfk6sL7mbfyxcUNgTEZF,1787076806,2026-08-18T18:13:26Z,2z2q5gk8TDgqCidzkXkyevXH1aDaVjWL8cQwoRbMF1Jq,buy,0.00803928,268.781740275,2.9910067520861837e-05,raydium_cpmm
5dRntkPuJRe4pkjRw3in7dsXbb4Vy9WeSPBmvx7R43QYvuM74n6JXze7dPw9iBgiC225bUB7mK4JKT9Nxfo3RvqR,1787076809,2026-08-18T18:13:29Z,2AwjJTdTWCu6QjyZKvF6oVEd9TkQP1WYvVswFvDEySxn,sell,1.131828789,52752.77173180296,2.145534256956695e-05,raydium_cpmm
5oyW6KFMyWVyY39fcpspgYhGJCxiVhXxUHhqmtkBL6HF5TLwWwKzVWhRGy7Gh3QTRJTKWygiU89fdXFzaXRRPa7U,1787076809,2026-08-18T18:13:29Z,5kidNviTucvoHuFGuPQUikWokMxsLZMncGrS5gK9Cujs,sell,1.1693636490000001,54381.739968282986,2.150287301734014e-05,raydium_cpmm
2L7oBidY52iM5qJcjswgc8uo7D9rqKE3tvNds9PLPVfeCRRa4y8h8Vw5Hv3sSuT9WxaEWUexh1U8ET9mKh1EVzyc,1787076809,2026-08-18T18:13:29Z,DenZLNzBtE3L8T1kQFKh8oE7FCXBrdsM9xwCbsnKvdJq,sell,1.1744336960000001,54775.972966070985,2.144067247746491e-05,raydium_cpmm
246AhU1E4Pe9MAYuXuvHATkXzN2NJDpW2kNK3KDZoGTGDpN9aLBTCFRSKKPgFg6WjftTFHN3EvUZP1HSCUaTCiA6,1787076809,2026-08-18T18:13:29Z,Hedt6aVyFRvxpQJkrrqgZ3e3JxUNb7ufCVyYXMnHYYE4,sell,1.175516261,54935.402134136995,2.1398155202900232e-05,raydium_cpmm
3j69ktNE6zwkuum4w8huGcX9BGH3DBnka3jYVRxuHWxcA2vicb1NHdqEL4R5dsRcnmrCUa1UD8YkNGW6amzNmZrQ,1787076810,2026-08-18T18:13:30Z,2AwjJTdTWCu6QjyZKvF6oVEd9TkQP1WYvVswFvDEySxn,sell,1.030357703,47477.49455862201,2.1702023507743942e-05,raydium_cpmm
39DRGmPrATUBXXXKranzCAti1GiCw1ynLcmm4U6PqBMRyTHkowFYpCd3fUzSiPJGDktHzFarJWLtroizEVv8R6j7,1787076810,2026-08-18T18:13:30Z,5kidNviTucvoHuFGuPQUikWokMxsLZMncGrS5gK9Cujs,sell,1.066301859,48943.565971453965,2.178635409651013e-05,raydium_cpmm
VbwBgG4NUrSYeGV2obtsrNMHr7QPyTUkdRTYXSfMKCofgp8R3RA78PcxMESftkjUN7zCo15qjJ2qqAdm78Jt6VK,1787076810,2026-08-18T18:13:30Z,DenZLNzBtE3L8T1kQFKh8oE7FCXBrdsM9xwCbsnKvdJq,sell,1.073112966,49298.375669464,2.176771448201485e-05,raydium_cpmm
3sn1ZHBwQJ46Kcph8FPc6Tc8qmgAKB3Hc7NoBzNXPuVpM7wAzsAiV4n67sot1fHMUavAVwRKECDkognHBAUHA64Q,1787076810,2026-08-18T18:13:30Z,Hedt6aVyFRvxpQJkrrqgZ3e3JxUNb7ufCVyYXMnHYYE4,sell,1.0714496439999999,49441.86192072299,2.1670899969705914e-05,raydium_cpmm
35WKW4kDEBJFRhxsqKPiy14XYgH9G7hTUwendZHhuXvzTa2XPGbHEknfsoBUa35nNXKspbqZoCABNAQtniGd3UxH,1787076824,2026-08-18T18:13:44Z,2z2q5gk8TDgqCidzkXkyevXH1aDaVjWL8cQwoRbMF1Jq,buy,0.006,280.543027406,2.1387093650047627e-05,other
4ZHHLdQKnWrgvfTRL2qyrR6BPZzYKHksLFxLkP4fEqU86hF364kFVxpWZBoNBgXDHKRbXwC8atHT4DqMe5Yxttej,1787076826,2026-08-18T18:13:46Z,2AwjJTdTWCu6QjyZKvF6oVEd9TkQP1WYvVswFvDEySxn,sell,0.923564155,42729.745102759975,2.161408060775784e-05,raydium_cpmm
5352rja4NAA6svPL2CX3q2kycJEqtiNoC7DCoDAwq52iDqNQCFUvyDmaTk9Y6qgUZUtNq7sJGXnHggC2uvpPV1S1,1787076826,2026-08-18T18:13:46Z,5kidNviTucvoHuFGuPQUikWokMxsLZMncGrS5gK9Cujs,sell,0.947595648,44049.20937430899,2.151220558688779e-05,raydium_cpmm
3Qne2wPeuooTefnpY1CpAhoqMjPz3U38FfswSeDapZgucc9XvRmdw2bXFocWSwQkzGxMCycfTyr1Z1hh3DKvGLRC,1787076826,2026-08-18T18:13:46Z,DenZLNzBtE3L8T1kQFKh8oE7FCXBrdsM9xwCbsnKvdJq,sell,0.956817853,44368.53810251702,2.1565232796023087e-05,raydium_cpmm
2sLTczQrs6KYC6hpvteVQXvjViPsXHaXzquMCHHkkti8Mmae2P7t4V5HdxD3SnSTpCyMJFRKhWjwijBvoU25pBxx,1787076826,2026-08-18T18:13:46Z,Hedt6aVyFRvxpQJkrrqgZ3e3JxUNb7ufCVyYXMnHYYE4,sell,0.958058973,44497.675728651,2.153053968126988e-05,raydium_cpmm
4sY6YY9KUbkctMZHPzUhQ3tE53wMkSq74QYh4gbZZi2jDWtauJgCnTF4XAKpA2aYny5MZcbRt8MpW41u5jVgZsej,1787076830,2026-08-18T18:13:50Z,2AwjJTdTWCu6QjyZKvF6oVEd9TkQP1WYvVswFvDEySxn,sell,2.08313657,96141.92648121103,2.1667306306859852e-05,raydium_cpmm
5RjLUBvpqwVum74sBnmu2xBvuNrwGiJymzAxFxZgYa4eL6vb4j8vpdjeTgMd93fpSCQzYGeMu9NmiG4ZD29ir8aP,1787076830,2026-08-18T18:13:50Z,2AwjJTdTWCu6QjyZKvF6oVEd9TkQP1WYvVswFvDEySxn,sell,0.8338269939999999,38456.77059248398,2.1682189667869918e-05,raydium_cpmm
2iWJrRC2cnRkAqqyQzdfzTCd8e2bc6uMeoCGBTwmH4qEJHDHn9szLd3gwH345bEVAAPFxcSQddWqhLsFzSsKPdZd,1787076830,2026-08-18T18:13:50Z,5kidNviTucvoHuFGuPQUikWokMxsLZMncGrS5gK9Cujs,sell,0.860924901,39644.28843687801,2.1716240471077502e-05,raydium_cpmm
4ugSwNDyytvdR8pHGBNFbxjS9mrYwfEjLWzCVD37pidW3BvcJA2XoP7oafWEnkkES6PRY47EP4RuxRyoWaTL9HwP,1787076830,2026-08-18T18:13:50Z,5kidNviTucvoHuFGuPQUikWokMxsLZMncGrS5gK9Cujs,sell,2.128372343,99110.721092196,2.1474693348463473e-05,raydium_cpmm
1pFjDCAtVuSAev5HkZomCTYufQktz1XnZa4wFvPkANdxdJBSKEFy6dfEx4hbSdanwXLBffdp5n7AsmFR5fok7po,1787076830,2026-08-18T18:13:50Z,DenZLNzBtE3L8T1kQFKh8oE7FCXBrdsM9xwCbsnKvdJq,sell,0.8690868469999999,39931.68429226597,2.1764342336251666e-05,raydium_cpmm
2USkgH9jqJkbmZ5t4v3zKZUtnQBPCcQAEisJjqBzQ1WWmzU6oYPQytze3uSYKTEH9EnTzx4d6YzAFmJsH382j6NR,1787076830,2026-08-18T18:13:50Z,DenZLNzBtE3L8T1kQFKh8oE7FCXBrdsM9xwCbsnKvdJq,sell,2.139903896,99829.21073066501,2.1435648747873707e-05,raydium_cpmm
3XjNM837h1QNshriStRsSQci54drYjPhcsAHxrnC5r8G4ePffsaoP5e9sPE5mNbBn5gcP4k6oLozCCBmpEdnAte8,1787076830,2026-08-18T18:13:50Z,Hedt6aVyFRvxpQJkrrqgZ3e3JxUNb7ufCVyYXMnHYYE4,sell,2.15788088,100119.77038946596,2.155299469431304e-05,raydium_cpmm
4vBx2vvGDmtmMLppDzEaL2a1eiC63zPHMZUawWTmqGCxHnFDRVbdfmhHbhXDib52gtFb7rt6L9rxWku45gkBz7v6,1787076830,2026-08-18T18:13:50Z,Hedt6aVyFRvxpQJkrrqgZ3e3JxUNb7ufCVyYXMnHYYE4,sell,0.8678247539999999,40047.90815578605,2.166966500782434e-05,raydium_cpmm
5ycfpU1tABmQjqcbzmxwnq8FSxrmR12uURkoHVyWSHc66hnJCZ1hrPKBC4Dro4Fu6EK1skVD8mHEjqqZQv7j5yBj,1787076833,2026-08-18T18:13:53Z,DenZLNzBtE3L8T1kQFKh8oE7FCXBrdsM9xwCbsnKvdJq,sell,2.791487097,129777.973949865,2.1509713952526256e-05,raydium_cpmm
21iucwxeFGf14DAsS3Psj3voAbkQJBjZaQyRMGpYXFf2S6kQkaEzoiZ2ZAtCMafkXoK6i2U3xhup39EjcYG6xGQq,1787076834,2026-08-18T18:13:54Z,2AwjJTdTWCu6QjyZKvF6oVEd9TkQP1WYvVswFvDEySxn,sell,2.662742531,124984.504425575,2.1304581261796285e-05,raydium_cpmm
5APdriyVY6L7Kzb2xrSgfzJ7k573LgxCBXHc9o13ZCCQJVVde7ynfvZN8RVi3ocNZ3JtLhTx7ShkpC3vZYtsnJNS,1787076834,2026-08-18T18:13:54Z,5kidNviTucvoHuFGuPQUikWokMxsLZMncGrS5gK9Cujs,sell,2.738689383,128843.937419855,2.1255865334785746e-05,raydium_cpmm
tPEwaREdYWgx6g1scE3yrzX2YX6dHBAogiUhdPu6cb3EkwLkEFEFbEtbL6yBaSbrDxryBJeMDcLANzXiR8gpnvH,1787076834,2026-08-18T18:13:54Z,Hedt6aVyFRvxpQJkrrqgZ3e3JxUNb7ufCVyYXMnHYYE4,sell,2.78578394,130155.70150630601,2.1403472208745533e-05,raydium_cpmm
4oRfnQ9HAKysbTZyxj5pNCuqxcnnopzu8FMfof38gRTo64KvshVJeDow29TcbyLcPKnZkHDLZeWzfWHPZnDasuEY,1787076835,2026-08-18T18:13:55Z,2AwjJTdTWCu6QjyZKvF6oVEd9TkQP1WYvVswFvDEySxn,sell,2.664449124,124984.504425575,2.1318235698463e-05,raydium_cpmm
3ddPNBoVkd8Crhovh4prQhFHwn8dBSwaszPiKtHPMgD15jqaKr4uSqyoivPi5nnXQc7g5gz5FCpSKyQNMZniZfP1,1787076835,2026-08-18T18:13:55Z,5kidNviTucvoHuFGuPQUikWokMxsLZMncGrS5gK9Cujs,sell,2.740442744,128843.937419855,2.126947374380453e-05,raydium_cpmm
5pCj3YmL9NmBcCZfv8U2Ph7xHst6EJiPKMgGAfEFxFJNsBEiQdjbbuPmNfbDG9dTYbsbT4Fmrxr5itr2yJ1f1xtY,1787076835,2026-08-18T18:13:55Z,DenZLNzBtE3L8T1kQFKh8oE7FCXBrdsM9xwCbsnKvdJq,sell,2.7538070759999997,129777.973949865,2.1219371763839007e-05,raydium_cpmm
3Ntn9okjQ5ZJmG3XdfuU2piFCwo4ZSSH9ZP2iQKX6oPhFX63BVy4K2exn7EYyiGvYYCwJftsep6oJj2YmKNjv6bX,1787076835,2026-08-18T18:13:55Z,Hedt6aVyFRvxpQJkrrqgZ3e3JxUNb7ufCVyYXMnHYYE4,sell,2.7552774959999997,130155.701506307,2.116908797780546e-05,raydium_cpmm
WN9aHZYFfn3q3TpzHEhw9RkcwKqGq5a2sLTmNgxkvpJM2fxNdED2foZxwFnQW7K4kNK2xma9pLvHUZwkxCNK9fB,1787076867,2026-08-18T18:14:27Z,2z2q5gk8TDgqCidzkXkyevXH1aDaVjWL8cQwoRbMF1Jq,sell,0.005441496,268.781740275,2.0245035970198774e-05,raydium_cpmm
2Rc29VGhU72T8oYf99fx3YtPTeTakp8SeanX7iotVQ2eTH3hKwPgnr3UXTezBBM2r7rjEHWKnFZvHEAKWjZG2mtv,1787076872,2026-08-18T18:14:32Z,7kjxRWRMGGcRVPugDhCciUy11Xye9HuNmgffWRaDnAiS,buy,0.314079852,14703.917012924,2.1360284591101792e-05,raydium_cpmm
5vo72GiVQfvpibpLbRgE2JLDK2GQT27HWLuyFrujTZqNUmC59LZhi7sYiS1MpVFXsAN33xdJ4NqTJpcR3Mmq4ao4,1787076879,2026-08-18T18:14:39Z,2z2q5gk8TDgqCidzkXkyevXH1aDaVjWL8cQwoRbMF1Jq,buy,0.005999999999999999,269.767352301,2.2241386694211024e-05,raydium_cpmm
3kRA57adAaM7iHEjrss85UsmkbJDbRxyPJDC3aEpkz5gKJdGfCPKce4aMYFXEFLRsG2PgAXHgCt2B6o9ER6rtks1,1787076885,2026-08-18T18:14:45Z,2z2q5gk8TDgqCidzkXkyevXH1aDaVjWL8cQwoRbMF1Jq,sell,0.0064648679999999995,280.543027406,2.3044122891866014e-05,raydium_cpmm
Tutt5jz2SHJw9vW2QxMd32Wn17enGXkq8khYgnoEj2ScpeKCz3VydXb8GFbMGi9e2xxYXCEj8jhJZH2iuyiKWJw,1787076897,2026-08-18T18:14:57Z,4W1G7xANgXQK3zxMktXQDaVQL8gNvbdSwKJSeCA4xesy,sell,0.522843335,21774.99938742,2.4011175646786037e-05,raydium_cpmm
5Uo5qKqwfzouKqVT1UCffMtPvR5ev9UvcVpQTtpH6ro3ACczUBWbuo9hRHFX9sxbAsxeD6bCrLVTe1uHY64tp9SQ,1787076899,2026-08-18T18:14:59Z,93u5BsWsPxuLRzcDqwecZV9TiXEV7qNavef6fscPnSb5,sell,0.06438022099999999,2617.981020318999,2.4591553758535387e-05,raydium_cpmm
3ZZyMM5nNmqn2PaWpd8mCzZPNKeeEXjR5DonoJu84AkMttzyeGvaKYvpwJUDbh9P9W3oAwrLmKrMY7nEyQ4NfQz1,1787076899,2026-08-18T18:14:59Z,GEPiePuVYQcbShk7ACa2YASeLuRHqvcSZpS89keWZecG,sell,0.059674319,2426.7949190129984,2.4589765922317877e-05,raydium_cpmm
oqrX6XjH7KPdPnykERP7ZXmeGs3jk8wFiXMCNNN3KVYDr59v8Q8eZj7Xt7devdVpqQEK7Ci1BpU7NYqnU3kbun2,1787076904,2026-08-18T18:15:04Z,93u5BsWsPxuLRzcDqwecZV9TiXEV7qNavef6fscPnSb5,sell,0.059684917000000004,2356.1829182869988,2.533118992450398e-05,raydium_cpmm
5JXN5hDYtkUt4AToFDAP6iL41mBm7Hw75LUg1jqU6g9pfSZtAzE1cqXDiYV98bSCcdUpNdtSQoL8VfuufLp7meBv,1787076904,2026-08-18T18:15:04Z,GEPiePuVYQcbShk7ACa2YASeLuRHqvcSZpS89keWZecG,sell,0.05531643,2184.1154271119995,2.5326697166890815e-05,raydium_cpmm
2JqcxXiAaRXJqqxXFYqVJ45pSAcXGGeFCyi2qhptQDV6XT6iFHoSuUrSWgGBbq5bYA1txf93JMY5s5p88p8VZYQP,1787076908,2026-08-18T18:15:08Z,Bc2FpV584T1bKBp21xP2xzUH3tATBCvL85Y3ffubG6Yo,sell,2.5144851470000003,100000.0,2.514485147e-05,raydium_cpmm
3hj3vrutRJ6diNKxvzS8t62METEaAJxQKuyp4jdnvzHBVFKcQ6xiiDz2CypNLwwZHAae3DbnNTnk8JWKXj2mcyph,1787076918,2026-08-18T18:15:18Z,2z2q5gk8TDgqCidzkXkyevXH1aDaVjWL8cQwoRbMF1Jq,buy,1.24,48273.455548909,2.5686994765553396e-05,raydium_cpmm
2K2PPRkydrmmbSUg9BzAX3fWWW3YPhGJKaFVMPtfQhd89otQ19teRhuaDzPgLCPjxBNp8jMjG7NjwKybbiXGqHs2,1787076923,2026-08-18T18:15:23Z,Bc2FpV584T1bKBp21xP2xzUH3tATBCvL85Y3ffubG6Yo,sell,2.620018155,100000.0,2.620018155e-05,raydium_cpmm
2TAz9DZGQC5gMWboi315ZyetZyAVwK77Px4ohKA22DXRskgC6j8ywfAuMZSYJdnj8RWd2GFVJc13TZ3GguUEC1K7,1787076940,2026-08-18T18:15:40Z,Bc2FpV584T1bKBp21xP2xzUH3tATBCvL85Y3ffubG6Yo,sell,2.609462889,100000.0,2.609462889e-05,raydium_cpmm
3jfo2ntHS4fjTM7mB5aPHk9VYo8EXoktAmYVBHc7nCEaAGBinZkki8ksZbV3FcWhMfwJgvbYsftbq3r8r7TgdizG,1787076951,2026-08-18T18:15:51Z,2z2q5gk8TDgqCidzkXkyevXH1aDaVjWL8cQwoRbMF1Jq,sell,0.00695383,269.76735230100167,2.577713700596742e-05,other
3R1WBxUhXLY2w7uBUaz3BDKKmjPeFHsBmQRe4xpDuXSg2Xvd3xRx3HFxsi1F4BRLdMhY8mCNNuK3N9tx7DQ2jQNF,1787076979,2026-08-18T18:16:19Z,2z2q5gk8TDgqCidzkXkyevXH1aDaVjWL8cQwoRbMF1Jq,sell,1.2206915489999999,48273.455548909,2.5287014056063117e-05,raydium_cpmm
3EXQVAWaFVhxn2VGtHSTNstGwLcVEi58pG9Ens7e6ftVZxJBCHE3DVcwASKLv1XBNgJAqze477d7mnzeCCrgdzvD,1787077029,2026-08-18T18:17:09Z,GjGhvk8AdrQQnyhfGcaF3TNLo8tngc42QELQMoBkTGaD,sell,0.116081223,4646.181617119,2.4984219853200556e-05,raydium_cpmm
3BJyodEED5k3qJKxHSk9TPZY3HFX4jBR5m8GWxAT9KZiqQ5iNPwJAAMK2qR7AXgt2ExoNJmsNjocfWsiLNkSoXo1,1787077062,2026-08-18T18:17:42Z,Bc2FpV584T1bKBp21xP2xzUH3tATBCvL85Y3ffubG6Yo,sell,2.4361308200000003,100000.0,2.4361308200000002e-05,raydium_cpmm
nanifyhUqukeDxVi4SMDFcXr64iJJwK1TkviStzGCNGvTm2f8gRB2XrDsUBkMzrnc9DD5NZfbCEJ7mwLsMftAz7,1787077066,2026-08-18T18:17:46Z,h1jpvLkFT6u81HZH1zWhd4Vrf1qybKTADovXxDLrbtK,sell,1.170703508,49029.058870701,2.38777479104253e-05,raydium_cpmm
cXuqHtN5LFrcSRWxs2K8QkJVkaCAv3PsopRDVzJJ8P5qkGp2pRXup3seh1Q7FheNDnEK54ht6gVu593gzJ1jsgw,1787077087,2026-08-18T18:18:07Z,2z2q5gk8TDgqCidzkXkyevXH1aDaVjWL8cQwoRbMF1Jq,buy,0.008039280000000001,223.747101375,3.593020848357795e-05,raydium_cpmm
4GnjaHPTDH1RrkGHpuDM9AVdGgiavzjULrA3Q4CPLAf6DFbBZdHzwKK9nLAxyNjyLjnFiWtJdN9exj7Wdb921ouy,1787077098,2026-08-18T18:18:18Z,h1jpvLkFT6u81HZH1zWhd4Vrf1qybKTADovXxDLrbtK,sell,0.40228177,14708.717661209987,2.7349887275415075e-05,raydium_cpmm
2Sytzjbm3PF2ecLSHjtDRSKdxyxvccafbdRQPRWiHGN5s4ZkPL11YZxfP9xehZs3H12g8w4ELGVRW74CdDSCD42u,1787077147,2026-08-18T18:19:07Z,2z2q5gk8TDgqCidzkXkyevXH1aDaVjWL8cQwoRbMF1Jq,sell,0.005432818000000001,223.747101375,2.428106539308682e-05,raydium_cpmm
3b4F7CuWFDDYG5XRkKC8CcQ74qPEVDmKybMYkVTZ9zbCKYcNGEMrbQxjv1CTsAEQTDfybhsCpvgbk4bLSBGjfH9C,1787077165,2026-08-18T18:19:25Z,h1jpvLkFT6u81HZH1zWhd4Vrf1qybKTADovXxDLrbtK,sell,3.097788989,132378.458950892,2.3401005069481708e-05,raydium_cpmm
7TUFisHWWhN1FvAttQibpNkVU735XTaz5TAe2c41B2h1wSpkErDkrvqPDWCzTDEWjt8G5MDtsfEaVLvLTuEB8Es,1787077196,2026-08-18T18:19:56Z,2z2q5gk8TDgqCidzkXkyevXH1aDaVjWL8cQwoRbMF1Jq,buy,0.00803928,307.86605376,2.611291469720497e-05,raydium_cpmm
2EDLmRF73h8dHUczTf8Dec41kpzc9UrkeYVuZdTGvqSXyVJ21Tzf1C92dHeX2MZyEksh1QcdxQsBT2G4YvHXG6Qi,1787077198,2026-08-18T18:19:58Z,6KsuesQQGfqZcqEPBKXgT5iwvZHhUgf6uvtuzQNigxgK,buy,1.7592556099999999,86778.120797212,2.027303188681773e-05,raydium_cpmm
3CMTgHCfvKwdSaWyVTG7NdD5mfq11QwFffnPYrxiGAnpGpLgSzonb3QktQynVxgafbL9jNyUN6nmBxSdixmJ1DLz,1787077198,2026-08-18T18:19:58Z,H75xFpTZVYVzamJrPQHkbGqdWpq4zsZzUiW7L7U7GfQ8,buy,1.553893254,76511.598235146,2.0309251013478515e-05,raydium_cpmm
2vmSq7WHN225cjtPg5tPYQd3RXeeAm3ZXkvnv8iTTsBiiMVMQM8tydY8gBMQZYeS8sabYDRcT49vzN4RCa3wpY9W,1787077199,2026-08-18T18:19:59Z,6KsuesQQGfqZcqEPBKXgT5iwvZHhUgf6uvtuzQNigxgK,buy,1.7229116999999998,85005.204924591,2.0268308293926385e-05,raydium_cpmm
yAY93p8yFPfWxCb2w13nBhLaC86gu75pekF8D3LMgqpcWTZ6zko4hAud62AsPeipr3XS2xYcDtRKD6CWNsbpSmK,1787077199,2026-08-18T18:19:59Z,H75xFpTZVYVzamJrPQHkbGqdWpq4zsZzUiW7L7U7GfQ8,buy,1.514013645,74566.10366728102,2.030431483661304e-05,raydium_cpmm
2WdNYRRbepNEPswoc5mvJmYScuUDspqK9Mkr37qTMps2ghP6ZLbTVMDCMp6mRL7Fra8XF2RPRStZKSxSSywLT4YF,1787077209,2026-08-18T18:20:09Z,6KsuesQQGfqZcqEPBKXgT5iwvZHhUgf6uvtuzQNigxgK,sell,1.239663273,56688.497488194,2.1867986062925257e-05,raydium_cpmm
3PYXzejR5Cdmr2DNWawtR6Vm5WV1na6jKuMoEr9GQGisSZ7UZSTt3zyUpqd7PFjqmqbQLZXT81DgJTKHoKbE6uBW,1787077209,2026-08-18T18:20:09Z,H75xFpTZVYVzamJrPQHkbGqdWpq4zsZzUiW7L7U7GfQ8,sell,1.0912078939999998,49855.64162780001,2.1887350325294604e-05,raydium_cpmm
2mXSW4h686PRqb9f9qAvTAQCnAGEvGj9TDfyqjnnx6ZVJfERA8Znu1gKgeHz4F1ZWJKyWVPnieoWhctfr5jT4isW,1787077219,2026-08-18T18:20:19Z,6KsuesQQGfqZcqEPBKXgT5iwvZHhUgf6uvtuzQNigxgK,sell,2.593276238,115094.828233609,2.2531648709153152e-05,raydium_cpmm
5J4Uf5zKZvTXuYYkdrttrmxWTWFJnhbHPzWKaiYAVr6jeXjqZSAuLPW1RD9CSqZFRgWzr47djsAS62B37GgspzVS,1787077219,2026-08-18T18:20:19Z,H75xFpTZVYVzamJrPQHkbGqdWpq4zsZzUiW7L7U7GfQ8,sell,2.27596949,101222.060274627,2.2484915677719216e-05,raydium_cpmm
5gdKDCXHSJwHsk5BJHpNsegMxp7r1Ws5yzQ7j2m6wx9A24E3AXtDimrsEcKb4dJDJ8Sdkx3PgSYfdZdJUyBNwdVW,1787077262,2026-08-18T18:21:02Z,2z2q5gk8TDgqCidzkXkyevXH1aDaVjWL8cQwoRbMF1Jq,sell,0.006710163999999999,307.86605376,2.1795725504803377e-05,other
VNpCEC7qKfQzyv7LbcxVnKZeVtKUZdusomkPG7FkwLUG3LWZoJVUJGFYVV1rQwpzPg2sWG1QdxYHmEgWzqCMD4L,1787077345,2026-08-18T18:22:25Z,2z2q5gk8TDgqCidzkXkyevXH1aDaVjWL8cQwoRbMF1Jq,buy,0.00803928,200.650130237,4.006615889311569e-05,raydium_cpmm
2v5REJcS1V9L4u3J2apK7HmYsGTWMCeDyZKjFUkCAJ3Dh2YGZVkXMF8ryTrTfDCNNre1b97SxrTZZX4FW8bFXMmk,1787077361,2026-08-18T18:22:41Z,Bc2FpV584T1bKBp21xP2xzUH3tATBCvL85Y3ffubG6Yo,sell,3.361123975,100000.0,3.361123975e-05,raydium_cpmm
4vkCfxF4T5KEUCS55iKK1aEzmL2W83gA4FuoWUVU8UDoD9NayB9o1Zc54cJC4TYTtfp3nYvXL7pgNMUPeY4zcZZY,1787077366,2026-08-18T18:22:46Z,2z2q5gk8TDgqCidzkXkyevXH1aDaVjWL8cQwoRbMF1Jq,buy,0.005999999999999999,174.30370321299998,3.4422676566245814e-05,raydium_cpmm
Jfo7NVA2ydrNGWdfREw7fYJo14g5aW9iDZqXwZ1w7t6T6VTyizkyUkzB88v7ck3A3VMzdWPBu5vVqx272DdZN1U,1787077367,2026-08-18T18:22:47Z,Ahekwy9V7q2tmqJdTX92TAtEHM4pafQbsfc5oLakbZs1,sell,0.09884991400000001,3064.066693204004,3.2261019063079066e-05,raydium_cpmm
5JSNAgeu68tLNSjuA3CeTq7rsnUb2fJoUs8dUrfSDehnfJroHKwKfZEeL65Mi1R6ozj8WuXGyi9uZQrJWbusrfG9,1787077367,2026-08-18T18:22:47Z,C7PNbARVAHeskaefdcu7fy21dCN3qNANKuT6Cka2av4L,sell,0.07861027200000001,2449.4567422699984,3.209294152594386e-05,raydium_cpmm
22rZdPVWpkdLfGKtWLRLBNLECCSJGLVfzUiAZ1yQtATMfPxRrgwfqXu58mMTsGsRkSBFg31ohEhNYotxfAxbmptx,1787077367,2026-08-18T18:22:47Z,JAGPLMkgPWRxFJekMU8DRHRurw968GGYHRMEKUWheYcD,sell,0.096858445,3003.767561268003,3.2245652509514554e-05,raydium_cpmm
5WGwo67otfMSM1fGrmxLWAtePHrtv4VfaDvPUJMrJNCqb1WHr6VXrx1YFMixTt6YbeY2naSzcyTCBTc7T7VCxsD6,1787077369,2026-08-18T18:22:49Z,4iDyxGxPRC66QBNwYqMn74VtVm5Moy1ns4w3bAqYGvRG,sell,0.47804739,14034.482823564998,3.406234458439188e-05,raydium_cpmm
5TsWmdz6ho3UsRDFxM9dWMiT7oJjzGbm3dpKTP7hNJMedammDmJW27fgyWCvgHMa7qiqWGyDpQY3GaufDD24fjdz,1787077382,2026-08-18T18:23:02Z,2z2q5gk8TDgqCidzkXkyevXH1aDaVjWL8cQwoRbMF1Jq,sell,0.006458691,200.65013023699998,3.2188820372911046e-05,raydium_cpmm
2pth4hFFMx3gKEytqsmXzwVzePMQM4J8qbZmtgmqEoRMuq3hyGkTNDmxrFEUqXDZ9cnYo4bGWyJhwYzYcWh4ZtXZ,1787077414,2026-08-18T18:23:34Z,9Q7rXKnZr3xDm5jgEARhh9sPMk4pDpXsct1HjaPsQZqi,sell,0.00014823999999999892,5.087217520000001,2.9139701500320137e-05,raydium_cpmm
3KcixGjhKYHKLY9yxqJTBw8BNtiYtQe5rJdkHmTRHfbhN5mn1iSQJih3MdnUK23DcnArpc1BNXeH78i5aqxXtqeq,1787077426,2026-08-18T18:23:46Z,2z2q5gk8TDgqCidzkXkyevXH1aDaVjWL8cQwoRbMF1Jq,sell,0.005516499,174.303703213,3.164877680916974e-05,raydium_cpmm
4y11n7MsC2dUYysgQY7KSYsaaodjD2B9fNoNLJVc1JL8gGHTcfY8qSYXG5T9t3wNCw1tNctSb79iaRfjmmAqFvff,1787077471,2026-08-18T18:24:31Z,2z2q5gk8TDgqCidzkXkyevXH1aDaVjWL8cQwoRbMF1Jq,buy,0.00803928,187.132327152,4.29604019912071e-05,raydium_cpmm
Kna1CnyYGCXcFUyivcVRSAQgMT15e5hYSrKXr8XXkzzhuzhi6vGZvZ7zfWZgbELZ2fFqyhKNMwJF3JLKqtu6Qyz,1787077488,2026-08-18T18:24:48Z,2z2q5gk8TDgqCidzkXkyevXH1aDaVjWL8cQwoRbMF1Jq,buy,0.006,218.850189368,2.7416014659740168e-05,raydium_cpmm
3itjGLgwmb4Y3y7udG9LyVmkeVFKBF4V9v82CaEbY6ksX6FD6CpCSjedGnrYQjgQweWdeajT1aBYwTM8fY2n6FAH,1787077492,2026-08-18T18:24:52Z,2z2q5gk8TDgqCidzkXkyevXH1aDaVjWL8cQwoRbMF1Jq,sell,0.005175506000000001,187.132327152,2.7656931748602407e-05,raydium_cpmm
2JEajsBkUMjjkakHv3dzc5DQuQNjHg8wgrafZTMJKsQmDqm4kr4oWGSBrHD5Ex4R2T1JFhiNYqdDkF7Fcey7mApd,1787077500,2026-08-18T18:25:00Z,Ahekwy9V7q2tmqJdTX92TAtEHM4pafQbsfc5oLakbZs1,sell,0.178682132,6403.899388796999,2.7902082957859557e-05,raydium_cpmm
4FGhXuNZu7XCTRCvjdg1ATW8fEUvF3NV9sqBS3hgTj2u7yadYN97xxRUgWFcJPYBN6bWp8HAki5uYhZ7nGJB4jAU,1787077500,2026-08-18T18:25:00Z,C7PNbARVAHeskaefdcu7fy21dCN3qNANKuT6Cka2av4L,sell,0.142403324,5119.364591345002,2.7816601349462907e-05,raydium_cpmm
NvoXTGaJZSaBgtXs7xfpj4tmHxCN9uGyUoY89g5uFtEHHY5tfwW4SBU73JDgsUZ4fU3okcrGxBk9R7cV1tEUXkr,1787077500,2026-08-18T18:25:00Z,JAGPLMkgPWRxFJekMU8DRHRurw968GGYHRMEKUWheYcD,sell,0.175102873,6277.87420305,2.789206462833059e-05,raydium_cpmm
36HtjaWi2zV5Xj85r3BrGaMeNaopaAjeaC8AVrqT7t9coMCBiGKhtuitmxngF9eidG2mbD1YLUZRUbexk61nH5G9,1787077513,2026-08-18T18:25:13Z,2z2q5gk8TDgqCidzkXkyevXH1aDaVjWL8cQwoRbMF1Jq,buy,0.006,183.49249933500002,3.269888426908325e-05,raydium_cpmm
HKeu9gkZX5zwERCHiuEFFRuSbXNsKimokYZmwmkBKVTPJsd424sub1HEidtBXXT8DeqMsA6yoaz2hnbGxyTkwbc,1787077514,2026-08-18T18:25:14Z,2z2q5gk8TDgqCidzkXkyevXH1aDaVjWL8cQwoRbMF1Jq,buy,1.24,36704.018374409,3.3783766871274244e-05,raydium_cpmm
3RNjo4xJcg8XDTKXbrHCv3ZT41x2MH9L5wKkMdZJ77T67HwVry3g4r1rn3DbG36nuF4Pc6vLYTdWQ5LQC96cyRvG,1787077517,2026-08-18T18:25:17Z,Ahekwy9V7q2tmqJdTX92TAtEHM4pafQbsfc5oLakbZs1,sell,0.09055892500000001,2590.668389104001,3.4955815024755205e-05,raydium_cpmm
3ytDubmGeEmWG9kyVjMauy1AvPKQcuz1LwipG2UcsWMb4ujpjtGLr1cecfhKBzufkQjDuqMM7rq2SEhqSAsE1X5V,1787077517,2026-08-18T18:25:17Z,C7PNbARVAHeskaefdcu7fy21dCN3qNANKuT6Cka2av4L,sell,0.071984372,2071.0156755889984,3.475800441709723e-05,raydium_cpmm
3AvptEPEMDy32BcZjrKu2aZvdukrrnbUafruzj9NLkmoCfAec5D4ierhUNWYNxwVBUoyFoQZj6g2UZwdzkR7HACf,1787077517,2026-08-18T18:25:17Z,JAGPLMkgPWRxFJekMU8DRHRurw968GGYHRMEKUWheYcD,sell,0.088731928,2539.685473051999,3.49381562959325e-05,raydium_cpmm
2gYoGCwr4SzK8NFGgF5YEuLc74qRxPR3yDCmDQgWqB2cAAzXZTysRS89sA6KVP6JzY4KNyzb5TDvMLwkKAUjwRx1,1787077519,2026-08-18T18:25:19Z,2z2q5gk8TDgqCidzkXkyevXH1aDaVjWL8cQwoRbMF1Jq,sell,1.329475739,36704.018374409,3.622153098983149e-05,raydium_cpmm
47Vz4D8L6g4euwa1r495ifH1nuptjuETfCa6qtPZR1qN4poFqH4baiMN28keaKczYJFibVcZP9oqvY75Q9XX1tHU,1787077527,2026-08-18T18:25:27Z,2z2q5gk8TDgqCidzkXkyevXH1aDaVjWL8cQwoRbMF1Jq,buy,0.006,166.22332256699997,3.609601773891608e-05,raydium_cpmm
GqRNufmevgjv49XEH65MnHx1t7q6X6UDjQMvBSYW4C2AWaBzVKke6JEsrZ6dRTceYKHNrQzj6Bk7gLHxNmAcH7g,1787077532,2026-08-18T18:25:32Z,2z2q5gk8TDgqCidzkXkyevXH1aDaVjWL8cQwoRbMF1Jq,sell,0.006618514999999999,183.492499335,3.6069676003031916e-05,raydium_cpmm
5otvjvDYAqffnm641HpD8KwZ98U6Nk8tfMVpoAdvFupWnsJ8sqxscFr1xqJzZPw8Byvmt5C5je2znm1SUegvxjPQ,1787077534,2026-08-18T18:25:34Z,Bc2FpV584T1bKBp21xP2xzUH3tATBCvL85Y3ffubG6Yo,sell,3.5971353130000003,100000.0,3.5971353130000005e-05,raydium_cpmm
21QGdy8D1zUPLbBEQUXkXwFDQsLamRgt3ydazGW9zNYbTjt3bLgLcCD8zmr21aQhAsQK98QAvGXVhNW19NYqChzi,1787077536,2026-08-18T18:25:36Z,8n79PwcyrybEECM3ghGetPnm6Y2SRBVzJNd536Z1C1PU,buy,3.007560904,75519.079433512,3.982517963090237e-05,raydium_cpmm
3CwqK1b61V11f2cQDvTu1oVM8whi9SDRyXDxLC2Z3zDCGMVrzViVvYS7YdASXth6KRtUC8ymtRRpaTRLYPHCXTus,1787077536,2026-08-18T18:25:36Z,8n79PwcyrybEECM3ghGetPnm6Y2SRBVzJNd536Z1C1PU,buy,3.0075542069999996,75609.28280457901,3.977757882948544e-05,raydium_cpmm
5AsBxttkit2NSbrhTpRbmjvaPmRTW2YBb5Qi2ZznomwnFwGzUcERGynUFJa1uZespcRmmEfef5urZ8SoGPu8UKFe,1787077541,2026-08-18T18:25:41Z,93u5BsWsPxuLRzcDqwecZV9TiXEV7qNavef6fscPnSb5,sell,0.07888301099999999,2120.5646264580027,3.7199060106816436e-05,raydium_cpmm
4fFg7852iaW2eHj5uZ6KMCVfiaVnwrFSwbjKmPWU2MsReSa5dLD4nvnzDUQwhYCAUc5RCQTPsqnfGufoRNYJWqPH,1787077541,2026-08-18T18:25:41Z,GEPiePuVYQcbShk7ACa2YASeLuRHqvcSZpS89keWZecG,sell,0.07311606899999999,1965.7038844010021,3.719587145358887e-05,raydium_cpmm
2M87GaDn529toabZFWB2nRNmp7385UPrhitqJosPXCZMSJenbddjG65rtASBHG4nZT1x7bTA2ZojZeA2a1szbd6t,1787077543,2026-08-18T18:25:43Z,93u5BsWsPxuLRzcDqwecZV9TiXEV7qNavef6fscPnSb5,sell,0.071957909,1908.508163811999,3.770374702315831e-05,raydium_cpmm
THETgBRG1JQ9pRwXLynL6KeqE8HozM1HFCun2pzqyhvP4Fy8JFm6sys7FohHNdZiDjjWTZkqeZXsZV2QE5ymYcc,1787077543,2026-08-18T18:25:43Z,GEPiePuVYQcbShk7ACa2YASeLuRHqvcSZpS89keWZecG,sell,0.06669268399999999,1769.1334959609994,3.76979375226697e-05,raydium_cpmm
3Hn83uTsFkMYZfbuPCQ3bTRndG5cWLPynVzXLhJQxUVjjdbii8fhJPZ4etPAprxjAuMynm2JNk5La5JfZX2GdPrd,1787077544,2026-08-18T18:25:44Z,2z2q5gk8TDgqCidzkXkyevXH1aDaVjWL8cQwoRbMF1Jq,buy,0.006,154.92187543300003,3.872919807632238e-05,raydium_cpmm
5RJWBSR5BfUkSVh3YiQWsYz19PUFdxbJbbc7fNfeHUzSBJzgRagq7ftfzpS3aeqtPxp1mtVuELVbm47F1QFLT8Ff,1787077550,2026-08-18T18:25:50Z,Bc2FpV584T1bKBp21xP2xzUH3tATBCvL85Y3ffubG6Yo,sell,3.749109153,100000.0,3.749109153e-05,raydium_cpmm
4qZjyMpD4tfe1NWrTjUJk8uXDBqg7T6GXRKk3Dq5TNJZiPseKHaqFRge9Z4rDZjJar1P6CATEo9v8HiTDJ8wPgPS,1787077573,2026-08-18T18:26:13Z,8n79PwcyrybEECM3ghGetPnm6Y2SRBVzJNd536Z1C1PU,sell,5.898314302,151128.362238091,3.902850672534692e-05,raydium_cpmm
3fXgVwffDQm1G79izkLm7XwEFhT3Qkdondhiv32toRubHVn5hTAZPMXqvcq9HYpPESsv5WizjCkAzcxCJKj5YoUM,1787077592,2026-08-18T18:26:32Z,2z2q5gk8TDgqCidzkXkyevXH1aDaVjWL8cQwoRbMF1Jq,sell,0.00598805,166.223322567,3.602412650358606e-05,raydium_cpmm
57ZCiBqdvoW8XyQq2Na7XcrsbYEeDSu8DVKXMoV822p6WHScz5tmd3PPeQaPkReZpcjk4cnTWEuu6NzEHnajVA9G,1787077592,2026-08-18T18:26:32Z,2z2q5gk8TDgqCidzkXkyevXH1aDaVjWL8cQwoRbMF1Jq,sell,0.007883924,218.85018936800003,3.602429599337955e-05,raydium_cpmm
fh5yrZJThQT4r42GwXK2FRShDULD3LQeyzETgBdLKmnMoU3GVh37CZbxFe2TgHGSyKnMxp1G5NgBMV62nRdzydX,1787077606,2026-08-18T18:26:46Z,2z2q5gk8TDgqCidzkXkyevXH1aDaVjWL8cQwoRbMF1Jq,sell,0.006013602,154.921875433,3.881699716836141e-05,raydium_cpmm
4XUqyDrXQdSGARsbwhwsHsKgK3GZw5Bqiyp1KDN9EcLwxcfVDSyLR621Cb39afGVBM62ag5nMyTRwQvosQWPsF14,1787077610,2026-08-18T18:26:50Z,93u5BsWsPxuLRzcDqwecZV9TiXEV7qNavef6fscPnSb5,sell,0.065297341,1717.657347430999,3.801534752997241e-05,raydium_cpmm
5CBaN9fZWNrwFHtaPV5K5GK4Sv7rgqFREnaKoaFsPVBnNT5y392d2UmqPyB64WYfC2i9oVBdT7bgwrmnLfRoei83,1787077610,2026-08-18T18:26:50Z,GEPiePuVYQcbShk7ACa2YASeLuRHqvcSZpS89keWZecG,sell,0.060519062,1592.220146365,3.8009230154613705e-05,raydium_cpmm
5cGYHU9BEMuMKcKUuFYarDsD6qX4SqyyYj6Ro6epHLuE7bPiX491W8kv8YY7rDYoM8rd9AJwbc13rF21Agsn1RwT,1787077612,2026-08-18T18:26:52Z,93u5BsWsPxuLRzcDqwecZV9TiXEV7qNavef6fscPnSb5,sell,0.030533671000000002,772.9458063440015,3.950299070050315e-05,raydium_cpmm
3c5yUi4hDWZrrzqvZmxvf9YSanJTmVEi7NDL1ZWZShEBc9Ci61ZvENLBiM1jpCV6xqR7Yfqr9HfRmbYTVx1yKhQY,1787077612,2026-08-18T18:26:52Z,GEPiePuVYQcbShk7ACa2YASeLuRHqvcSZpS89keWZecG,sell,0.028296029,716.4990658639999,3.9492066840141455e-05,raydium_cpmm
5oHHm3zh5nCdLwy6mMv3jeViASaYnp5VsoYFFPx2STkU4CkQTWeBrJCE4a4jdKEomc6E53XFsVSkULZQuPJztbMG,1787077629,2026-08-18T18:27:09Z,Ahekwy9V7q2tmqJdTX92TAtEHM4pafQbsfc5oLakbZs1,sell,0.093287413,2461.1349696489997,3.79042247379486e-05,raydium_cpmm
AKKTFQzywy8f4nR72byMFzLP1yZHFehsS4w39VA7RZVhHKdbaF4nDAKF4Se96AfNrNMmKDRcomHeD4qWQHkqHQh,1787077629,2026-08-18T18:27:09Z,C7PNbARVAHeskaefdcu7fy21dCN3qNANKuT6Cka2av4L,sell,0.074182695,1967.4648918099992,3.7704710924602326e-05,raydium_cpmm
yzqSRhANdeGqp41XZCVXFQFXqETBCfRKSwozr87nZsTEMjicPq9ryceutTKpH329VhkJghVMMQFqcD8K4c7XD8H,1787077629,2026-08-18T18:27:09Z,JAGPLMkgPWRxFJekMU8DRHRurw968GGYHRMEKUWheYcD,sell,0.091417787,2412.701199399002,3.789022321652261e-05,raydium_cpmm
5ZPYfVkjzq1X51Fc6sgKKum59RL7krZr5BHQ42gV9wThCedDm6JqWEjBMU8SCiqia6Mw1MW2SXcLTkLr3DftwW7x,1787077662,2026-08-18T18:27:42Z,Bc2FpV584T1bKBp21xP2xzUH3tATBCvL85Y3ffubG6Yo,sell,3.724393652,100000.0,3.724393652e-05,raydium_cpmm
2koFtRe8CnR7y2kNb8KUneTLmmZrQdWJnqAFrksKES4jDDnZHFipmRBK2hHJtunxKCsUBh5KmxpruVp4ampL8Hoy,1787077770,2026-08-18T18:29:30Z,2z2q5gk8TDgqCidzkXkyevXH1aDaVjWL8cQwoRbMF1Jq,buy,0.00803928,144.078611021,5.579787272399679e-05,raydium_cpmm
3dFnhCaC7DcU6brhn8LG3jWnagCcM2Gy6TnuqGZdmGnYw9j5FhxQE2MfJLLgnUstX8yzEmQRRjv5HuSf6GHJwD89,1787077785,2026-08-18T18:29:45Z,4iDyxGxPRC66QBNwYqMn74VtVm5Moy1ns4w3bAqYGvRG,sell,0.446654979,10525.862117673998,4.2434051862604266e-05,raydium_cpmm
mKNaJLzqTRMLThyA5i8Vnyfnvr5rPtseDyu6YF9uziRjg7egd62sPXUq3joxs4Pru3jDQSGaZyVCZfBEQfEGQap,1787077801,2026-08-18T18:30:01Z,2z2q5gk8TDgqCidzkXkyevXH1aDaVjWL8cQwoRbMF1Jq,buy,0.006,145.63577519499998,4.119866833520995e-05,raydium_cpmm
3UxPie2jrxCyi6rcFL3Rrzy9hYLJdQPsSMQkzQRMEQixXa72ZkkKAqH8fkHNSouqC4SpovWdK7HrCtCp5uyTMaxv,1787077802,2026-08-18T18:30:02Z,Bc2FpV584T1bKBp21xP2xzUH3tATBCvL85Y3ffubG6Yo,sell,4.033634124,99999.99999999988,4.0336341240000044e-05,other
4VyRCnyZEiQV69PrmsTaHcphiGwvzanSi2JzVx2UqWnnPKELkqetS7TCEL2L5KEEqhoeZuPkND3VNUHLEA3cvxbb,1787077830,2026-08-18T18:30:30Z,2z2q5gk8TDgqCidzkXkyevXH1aDaVjWL8cQwoRbMF1Jq,sell,0.006230215,144.07861102099997,4.324177583230535e-05,raydium_cpmm
5sRFUcDfGq1HJN3dSkiQvgWnvHVTsy4HQ5MMGzGbbSwrjxPMt8cmDi1aRQJGTQprMRQQMsTsPqAGM5XgEdmtKrAY,1787077848,2026-08-18T18:30:48Z,2z2q5gk8TDgqCidzkXkyevXH1aDaVjWL8cQwoRbMF1Jq,buy,0.006,143.984978555,4.1671013603048146e-05,raydium_cpmm
5sKSodw4JuAqGtkx7RPA4EG3962jZbrorNEghG8SoTQ35HtoyHWKUVAGyVdnoato84mEBWFYMKg1xMSMfCMdE9wW,1787077862,2026-08-18T18:31:02Z,2z2q5gk8TDgqCidzkXkyevXH1aDaVjWL8cQwoRbMF1Jq,sell,0.006016234,145.635775195,4.131013819883557e-05,raydium_cpmm
3RNKCfYunv8bNNZGoa1aJiAdhXNmWxF3Z1zW9ZdYz5YJr8YQe7umsNbKr3AN4f8tEQ9YWuzPocZtADA9kbiF6M9c,1787077883,2026-08-18T18:31:23Z,6DqwStHBhuxWGutooviZUgVDhT3F4Dy5pAiP2YErRCEe,sell,95.57050342400001,2614416.637578873,3.655519248550406e-05,raydium_cpmm
3PCPXSLDjuWCM65dCbDhpwSepGXVXfgpGQMnp4FAcUSuGxjUQPSeDGKmfT2xFuh7HvinL4sUBZuvsK3s1eX1c4rD,1787077893,2026-08-18T18:31:33Z,2z2q5gk8TDgqCidzkXkyevXH1aDaVjWL8cQwoRbMF1Jq,sell,0.00572051,143.984978555,3.972990833772882e-05,raydium_cpmm
5rnk2uUzMbSHVbF8gMyDYqQWUH2ztZoGY1p419fqpLptfXb9TZhrPn2LVaZy8jpQirwPoxkxTnxXQu4ozDUtZYPd,1787077902,2026-08-18T18:31:42Z,6DqwStHBhuxWGutooviZUgVDhT3F4Dy5pAiP2YErRCEe,buy,10.001000000000001,239966.51295342576,4.167664844944869e-05,raydium_cpmm
ePvBSxj7faZTmGCarV53Tsft1RfypvHDDPTreBEsVu4BTYtmZCXn1inZm1jDrBwqXy6HkwvtLYZJhFp4RA3kXNT,1787077906,2026-08-18T18:31:46Z,6DqwStHBhuxWGutooviZUgVDhT3F4Dy5pAiP2YErRCEe,buy,10.001000000000001,247807.3082829183,4.035797034921179e-05,raydium_cpmm
4MEgoqbDcPBWWMz7wc9MyVBfz5c3jUX2uj1MsbRQkkEd3oVHoubavsknENT4NUgR7raZLpyYiks1683oarvjMsVD,1787077950,2026-08-18T18:32:30Z,6DqwStHBhuxWGutooviZUgVDhT3F4Dy5pAiP2YErRCEe,buy,15.001000000000001,393747.98051156756,3.809797317692986e-05,raydium_cpmm
4MZYBfAasSnFp8HF82FiPbw6Rkp3j8SqjyoZkGCbrpkhDngSp7AAyR5TxVKJn78cFC1SgMaynGRGGUKnqreXKf3q,1787078106,2026-08-18T18:35:06Z,Ahekwy9V7q2tmqJdTX92TAtEHM4pafQbsfc5oLakbZs1,sell,0.19566646000000001,5143.772086566998,3.8039488668439365e-05,raydium_cpmm
uozb2Umr4fqy6Sv8mK2Gk8mc47SynHgHZZqFTDEhsUaVEg4DZYXsG1SsCqxxkqB9zEGCGxcz443SCbojUocjQVt,1787078106,2026-08-18T18:35:06Z,C7PNbARVAHeskaefdcu7fy21dCN3qNANKuT6Cka2av4L,sell,0.156035059,4112.001623882999,3.79462542265863e-05,raydium_cpmm
2mRZHLPsTe4sU1oyQ9Z433iUPxf78PdSVFFhZEnFVLoCWFdVJmPMFzoFM9aHcRUrv8jrNDFZ4Pnsrc9bmGzWjkn7,1787078106,2026-08-18T18:35:06Z,JAGPLMkgPWRxFJekMU8DRHRurw968GGYHRMEKUWheYcD,sell,0.191752482,5042.545506744995,3.802692147121104e-05,raydium_cpmm
5Ys5ba7XKjxCfDEFitGm5GY5SRG3ZAyTLJZQzGAKUy7gcNts9Ko9u1jJMjzSz2EVLdtXqKinBWaGjBrca24W9pMz,1787078109,2026-08-18T18:35:09Z,Ahekwy9V7q2tmqJdTX92TAtEHM4pafQbsfc5oLakbZs1,sell,0.07732794700000001,2080.8896168380015,3.7161003819848475e-05,raydium_cpmm
2rsw9STr4UTJWcjNfUBCdJfgQ4ybGMAZJMxXrRKb7DrM2uYBJGHdyXrAhhh6yb6auicyr63WesR5wXmsix4ZPRvW,1787078109,2026-08-18T18:35:09Z,C7PNbARVAHeskaefdcu7fy21dCN3qNANKuT6Cka2av4L,sell,0.061421856999999996,1663.4915660250044,3.6923455612564703e-05,raydium_cpmm
xR2n2UMpaFNan9c81yi9ME5mG58J1pxZjLYwNsy1nXNvYhHMEb2yw1srnPB3orFpo7VaCDtpcHgCLdcXyHoHmR6,1787078109,2026-08-18T18:35:09Z,JAGPLMkgPWRxFJekMU8DRHRurw968GGYHRMEKUWheYcD,sell,0.07577070100000001,2039.9388640920006,3.7143613631640075e-05,raydium_cpmm
2y1H6bEoNbBqwnHTaRFsqEDnCghqJsDcfg6is9a48JiZpExNkr9rS1b5XJppKsAN3QK3D3odmAuTaHV84RrdVDeq,1787078194,2026-08-18T18:36:34Z,2z2q5gk8TDgqCidzkXkyevXH1aDaVjWL8cQwoRbMF1Jq,buy,0.00803928,164.399341088,4.890092592096654e-05,raydium_cpmm
izq8pf8X61MexsDS9LcpeySRttjLsJWxbYQZpcWJZSXDC2vydwGegKYDcghcxEXQ3oKsW2pCrkibSH4MKDjTQcq,1787078244,2026-08-18T18:37:24Z,2z2q5gk8TDgqCidzkXkyevXH1aDaVjWL8cQwoRbMF1Jq,sell,0.005221128,164.399341088,3.1758813420092875e-05,raydium_cpmm
5Hwo2XkrMwsQoJFJH1PG9zrduidwQBEcdDBmZcFsxpP3j9aPExY4UnWR4rEVpbwM7uEpx9Mn9L3yKckPqr63dd93,1787078548,2026-08-18T18:42:28Z,FYTiZbk17NNPQ5j1aRH67mhJZH3ggYcmwbQqqEN9GAk5,sell,37.762202335999994,1056689.0606841543,3.573634263948074e-05,raydium_cpmm
5jFZNUWQQJCsWRfEPc6ZvP9GnXS9qnKqmsxT3kuhKBc17WLTdw4JgyNHS99k8HzttuUm9QoN7UwxEwFp4vcuq9RS,1787078552,2026-08-18T18:42:32Z,FYTiZbk17NNPQ5j1aRH67mhJZH3ggYcmwbQqqEN9GAk5,sell,27.66790745,792516.7955131149,3.4911446175833305e-05,raydium_cpmm
2RDj55DrvuSz5qGNFQWjpzVPpKURVuQkfN5aGYqwhnNMKSbRRPiC4ivnLXeBC9dK6Esde821KrEruz6cv61hKzqU,1787078554,2026-08-18T18:42:34Z,FYTiZbk17NNPQ5j1aRH67mhJZH3ggYcmwbQqqEN9GAk5,sell,20.341135595,594387.5966348369,3.422200548962097e-05,raydium_cpmm
56MTduSYF2QUM7h2nFNPsd3PcqxBYT7s3zWtSKEiT6UQXiKR5w41wPcxohwZW7b9T6nMssgXtABxFEJqLxw2rLH4,1787078672,2026-08-18T18:44:32Z,2DCW6PvdpXwscZVanFmDLB7svT2STkUj2SuXSMR6C29g,sell,0.300947572,9357.657483370003,3.216056716489464e-05,raydium_cpmm
4LBWxRSa3AQnKbt3Ng7jjvco3tWqPbGEQvffSJ3wEH29BYUWzmwHgEYSpKz2QuXEjRiRogQbBs2ZJpFL3nLv6YLd,1787078863,2026-08-18T18:47:43Z,2z2q5gk8TDgqCidzkXkyevXH1aDaVjWL8cQwoRbMF1Jq,buy,0.008039280000000001,190.624004044,4.217349247445441e-05,raydium_cpmm
5RDJzSUoE5fT2pk4sPnsxPayPbVkR4wuGTQERsFjdwoPhr9jn2iDDUXUCaPgosGGFBdxe9Dk6mL777xb5hXyK66W,1787078923,2026-08-18T18:48:43Z,2z2q5gk8TDgqCidzkXkyevXH1aDaVjWL8cQwoRbMF1Jq,sell,0.005847085,190.624004044,3.0673393045769674e-05,raydium_cpmm
2Xfciho4aGiTQjMdsNJSZE4wv55q8M1TXVjdv7cUVSmteH7CAjdHQGeri9cyZcXp9XvkMA29iDPVS9gVb9K9uJSQ,1787078926,2026-08-18T18:48:46Z,93u5BsWsPxuLRzcDqwecZV9TiXEV7qNavef6fscPnSb5,buy,0.02295158,750.7817068270015,3.0570244042038985e-05,raydium_cpmm
485GgrELr28TFZDtyHRvQvrPRvog7iMEQ9UenLDtAAS1DGk91PVJeEv6wx8pBeU9c3mVxbkf9DMnhKjb9ftFxcnC,1787078926,2026-08-18T18:48:46Z,93u5BsWsPxuLRzcDqwecZV9TiXEV7qNavef6fscPnSb5,buy,0.026889606,880.1012916669988,3.055285369377021e-05,raydium_cpmm
4W9HvJMe15jmrLSnbVJdg9CG5NnMSvsgPYkSvgNAYhn2wVYQpJwhRs2Hj1EP8nM5otX1ACtyXwSciHxGsj5AtRhE,1787078926,2026-08-18T18:48:46Z,93u5BsWsPxuLRzcDqwecZV9TiXEV7qNavef6fscPnSb5,buy,0.025493194,834.1544435100004,3.056171935346691e-05,raydium_cpmm
4gUtrRfqeUL2Gy8LigY7dFDeRPdPJh9ZnLdqmFXYb44JB7VF1RGDXak8zu7G544j8q7Q26Bt57LJMvWD59fh7Xxd,1787078926,2026-08-18T18:48:46Z,93u5BsWsPxuLRzcDqwecZV9TiXEV7qNavef6fscPnSb5,buy,0.027318508999999998,894.0504685380001,3.055589137453583e-05,raydium_cpmm
2uihJmYC2BkJ94m73Y8k8pR6TGrhT38ccq5nV1eqCf1iyQRCQnLcHP4jwGgHxFg5wfVSZng7mjQFo1ZRVQtoLSgx,1787078926,2026-08-18T18:48:46Z,GEPiePuVYQcbShk7ACa2YASeLuRHqvcSZpS89keWZecG,buy,0.022943263,750.4416131730013,3.057301540487844e-05,raydium_cpmm
2xtJpVjn7iZejPsfWFEdWv7zZcu7mHrpAaqVyoVQNpJWNshuCQFdsJen66YtgozP2awoRwYTs28E9bYa5JYAK1EU,1787078926,2026-08-18T18:48:46Z,GEPiePuVYQcbShk7ACa2YASeLuRHqvcSZpS89keWZecG,buy,0.023588678,771.5083816450006,3.0574752732698136e-05,raydium_cpmm
4SoWqiqprVMReAPF8MPRKq125hfj5MCu3UMzepJNagR4xEeS7GJJWnfskeygUkT8qbAT9SYP5gN8n7T9T1HvqTMD,1787078926,2026-08-18T18:48:46Z,GEPiePuVYQcbShk7ACa2YASeLuRHqvcSZpS89keWZecG,buy,0.026336534999999998,861.9784922939998,3.055358716655456e-05,raydium_cpmm
B47QCYbWiHNtJBNMSR3ZuFciChbVQVZpDZxrpcg9UqmrqwyAGUjzLtYs3jWjaqaFTLq7eQLueQSKFMd7c1gpr82,1787078926,2026-08-18T18:48:46Z,GEPiePuVYQcbShk7ACa2YASeLuRHqvcSZpS89keWZecG,buy,0.022805073999999998,745.8635546329988,3.057539661020333e-05,raydium_cpmm
2ARVYpTnsZ6FGhKhXxSnMSBWTdEWuLDiTT1ngmT6M2EYBduyAjeoYKg6LjNydUhgSxpLSGZvb2B8Dq4xP3Wobz6G,1787078927,2026-08-18T18:48:47Z,93u5BsWsPxuLRzcDqwecZV9TiXEV7qNavef6fscPnSb5,buy,0.023528682,765.4639156480007,3.073780686328222e-05,raydium_cpmm
3VjbtimyM6HNSBDXZx554beEWh8rqeYHhcf6xJjhJHTKaBWEJ4FsZsy5uQBnfkmt6bzBsCyY4Gh1YCTe8aQhwY85,1787078927,2026-08-18T18:48:47Z,93u5BsWsPxuLRzcDqwecZV9TiXEV7qNavef6fscPnSb5,buy,0.023481222,763.9396754320005,3.073701072891861e-05,raydium_cpmm
2c8g4vZWqzwvwSftDz256jLWkfisxmHxxYvMi11q9wNKX5HwnpwezTtUb8x33ZVKqW1yWsczgrbkEbysMqg3xW9B,1787078927,2026-08-18T18:48:47Z,GEPiePuVYQcbShk7ACa2YASeLuRHqvcSZpS89keWZecG,buy,0.024130891999999998,785.1122977100022,3.0735592946874526e-05,raydium_cpmm
gnN8HRjN91f1TZepQta9gFwRSwEC2HzikLs7wE82eyf2VPymcYKLKX8E1FPuV8ENMHPjwFQk7nJFhYM6hfFhxgG,1787078927,2026-08-18T18:48:47Z,GEPiePuVYQcbShk7ACa2YASeLuRHqvcSZpS89keWZecG,buy,0.024842892999999998,808.4434952519987,3.0729288003308454e-05,raydium_cpmm
4kVejG9utZbrYQksWgZmNZNWmut7sE759ec45dz4vYamGUrM4hcpDzqcx1YLaXZJACpWtxH6NHN8Mnegov1CLgRy,1787079014,2026-08-18T18:50:14Z,FYTiZbk17NNPQ5j1aRH67mhJZH3ggYcmwbQqqEN9GAk5,sell,2.771122896,89158.13949522516,3.108098611847331e-05,raydium_cpmm
8YncKfBaRSC9Gz95e2LqfBP5ZXNtnoTJ9JismaBLsjuxK2dPbtfgB8KMeV2rYi78AzTruuhawzZa4BYNFdfXB1N,1787079016,2026-08-18T18:50:16Z,FYTiZbk17NNPQ5j1aRH67mhJZH3ggYcmwbQqqEN9GAk5,sell,2.642369079,84700.23252046388,3.119671576298913e-05,raydium_cpmm
3othVGjeyF2yVZxaEgNyZBLnmvrUK6HExB2KtfsnYUZ9EKniTNpTroxB9GfgXAQSJjoGz5j8waqiB1N51oT6JmYL,1787079019,2026-08-18T18:50:19Z,FYTiZbk17NNPQ5j1aRH67mhJZH3ggYcmwbQqqEN9GAk5,sell,2.512823804,80465.22089444101,3.1228694534952804e-05,raydium_cpmm
5pp93xcYdya389v7Z94D2uTJaaDTEDtZQfq4VkrXo7avd1LSjbm5Gke8WTZZ6kebqiMgqovdZgW9jTN8YsVQfFF4,1787079021,2026-08-18T18:50:21Z,FYTiZbk17NNPQ5j1aRH67mhJZH3ggYcmwbQqqEN9GAk5,sell,2.376744628,76441.95984971896,3.109214667798366e-05,raydium_cpmm
3oyJkcsPv35t3i9tx4m52Ue9SioVSnmY5zwopBHqBSXTsnCf6NmuRw9j1yHj4suiGfD5pEBDHWLLv6MVf8S7jpK,1787079023,2026-08-18T18:50:23Z,FYTiZbk17NNPQ5j1aRH67mhJZH3ggYcmwbQqqEN9GAk5,sell,2.272703881,72619.8618572331,3.129589926056343e-05,raydium_cpmm
sftqAPaABurHG7v1wK2TJ7hrYAuUxqiuvUcFkcrmWBdNLAP8PRgdbVWX1FL7mcBmDXpgkDhfxLMNerYBUV8RbbS,1787079027,2026-08-18T18:50:27Z,FYTiZbk17NNPQ5j1aRH67mhJZH3ggYcmwbQqqEN9GAk5,sell,2.186440163,68988.86876437091,3.16926513241971e-05,raydium_cpmm
4fHiwyp69RAf8HmgumGRmY34hfYfcGXmGiqKkGBtFPoy8XXoKyqeSxMLNxmEqLuFbLppCuRjcAZhHEEc6rx7TPFs,1787079030,2026-08-18T18:50:30Z,FYTiZbk17NNPQ5j1aRH67mhJZH3ggYcmwbQqqEN9GAk5,sell,2.093419434,65539.425326152,3.1941376104264816e-05,raydium_cpmm
fi85KKbNDaMaDxQTLt1EdvvoesenvmYnQZ5FVmPKMW9QpUkLAAs34FVSvGwpwAGiqKuZr7Uewi4C1d1G3cc3U9G,1787079032,2026-08-18T18:50:32Z,FYTiZbk17NNPQ5j1aRH67mhJZH3ggYcmwbQqqEN9GAk5,sell,1.988283198,62262.45405984507,3.1933903473976684e-05,raydium_cpmm
59t2tPYenxfGadazxynjERiCVnNzDXn2pA58ugiUELpVgubYrws78pxk7ZmDi1Dz2wpWSe195sny7N4ayHSsW1Wr,1787079101,2026-08-18T18:51:41Z,2z2q5gk8TDgqCidzkXkyevXH1aDaVjWL8cQwoRbMF1Jq,buy,0.00803928,205.774456683,3.906840591193825e-05,raydium_cpmm
3XyBLhjPBphJ6EAucmzNdTqpiY5qZrv8Hgs2m3zt5GBdf9McoihGQxc9Ed1yPsZd61gwbYsKEQkG3mgAF8svPjwj,1787079163,2026-08-18T18:52:43Z,2z2q5gk8TDgqCidzkXkyevXH1aDaVjWL8cQwoRbMF1Jq,sell,0.005854881,205.774456683,2.8452904672320775e-05,raydium_cpmm
nFX6629GuEJST1Cd8g8a6mbnzN3aKEP4Cv4k4bJjfbdkVXCu1XwjPxCcuNDpFSmFZBVprtZWUzHBjCAsHhNu1aX,1787079203,2026-08-18T18:53:23Z,2z2q5gk8TDgqCidzkXkyevXH1aDaVjWL8cQwoRbMF1Jq,buy,0.008028536,193.375572219,4.151783965198869e-05,other
2GnQi34w17jiraWBVgd8JhFmJ4AjrjHqQFFnaK6dHuX4kSjujcn8QuRzswKd9f1NkMHrRm9rRYK9uJ8KYDyB833T,1787079265,2026-08-18T18:54:25Z,2z2q5gk8TDgqCidzkXkyevXH1aDaVjWL8cQwoRbMF1Jq,sell,0.0061583459999999994,193.375572219,3.184655605324133e-05,raydium_cpmm
WrMQN7cFRWcYPPdikTZGPNyQMuo1W1T3LxhVhV4qc4vkTBBDirKj6mGpZES2sDaBiqNULXFj13euzD2z6FjfR7u,1787079380,2026-08-18T18:56:20Z,93u5BsWsPxuLRzcDqwecZV9TiXEV7qNavef6fscPnSb5,sell,0.062152844,1957.446182216001,3.1752006550513445e-05,raydium_cpmm
35bSQk3FjyePJmTvdiZehFk1zHuP4rXZyuoWGXatJw5b5N5NJFftnfcNWqqiC6QyujYTSCtnQK67nZ5fQi4pKABV,1787079380,2026-08-18T18:56:20Z,GEPiePuVYQcbShk7ACa2YASeLuRHqvcSZpS89keWZecG,sell,0.058219227,1833.6830086120026,3.174988628163641e-05,raydium_cpmm
4Tmth3KaegCi9TopMKzCUf7zFGRM2wduKycpJGHwibUJrpoH89yitZcgrBZpXPLKR7mEitqgTx1biK8fitAWPUYV,1787079381,2026-08-18T18:56:21Z,93u5BsWsPxuLRzcDqwecZV9TiXEV7qNavef6fscPnSb5,sell,0.055947612,1761.701563994,3.175771262481013e-05,raydium_cpmm
LYHZPtDb3KnPsuTNPNJkBcjNirJcoR6QcvjeAZrxfVyhxkybTTcnoJek3uBGFGjCiyvnakB9goPMSoVEMA3w6jf,1787079381,2026-08-18T18:56:21Z,GEPiePuVYQcbShk7ACa2YASeLuRHqvcSZpS89keWZecG,sell,0.052405872,1650.3147077509984,3.175507783689162e-05,raydium_cpmm
2A7W19pM442vek5UDokpUd35fjKDdNX9YRSBLkgF1n9Nua3SqoeFmCKjUu9GxT4mBfBkM9fDtr8fecck87mRtVvZ,1787079446,2026-08-18T18:57:26Z,2z2q5gk8TDgqCidzkXkyevXH1aDaVjWL8cQwoRbMF1Jq,buy,0.008039280000000001,187.436710035,4.2890637583741355e-05,raydium_cpmm
4QYP7cHHdamqCmo7yTthTueRStsEHfHK8xJMrtivBaTi9w4Xz8mbGqDsajWREGcn2nbSQDb5G3BkdhsgoEF5LxhB,1787079463,2026-08-18T18:57:43Z,FiN6YjR6Q1ovRhUHJsGW2VuLKWgqgQ59Yr3ck6pU7jbm,sell,22.679646058000003,728737.0265424568,3.112185223468766e-05,raydium_cpmm
3WHDLeRNpSgg5NCEvDYNj34aAJMTgoZZjNeJkWxRpcVJBp88RCzGiCATCnjqLCoMWM5XZDttpxDK59BdNHiDqgYe,1787079467,2026-08-18T18:57:47Z,FiN6YjR6Q1ovRhUHJsGW2VuLKWgqgQ59Yr3ck6pU7jbm,sell,20.251138053000002,655863.3238882106,3.0877070443493394e-05,raydium_cpmm
5ZGTmAEEPMXDtnBD9JAEcSbzCjefmTWt4dus9TNt2PvfCpzvstyGXeC3ddrxvcqJ2VLkDXfBCjT6jtHVE7GK3c2J,1787079468,2026-08-18T18:57:48Z,FiN6YjR6Q1ovRhUHJsGW2VuLKWgqgQ59Yr3ck6pU7jbm,sell,17.904777107999998,590276.9914993905,3.03328392701183e-05,raydium_cpmm
2c7DmifXJtFfqQxXD7CTx8H5R8eZ4ZNWLQnSvGU5EWtoe3abqJzYUVBJtGYKePqenqCGmSi7ALiQdyyZvRAFRTCU,1787079504,2026-08-18T18:58:24Z,FiN6YjR6Q1ovRhUHJsGW2VuLKWgqgQ59Yr3ck6pU7jbm,sell,7.508872504,265624.64617472515,2.826873414096048e-05,raydium_cpmm
AVax2ndvPnDfse3XZq4DVZ3Xtyi2g4JcrCZHFsvdvobxa284pzDToYiCeCjfmDRJNGFAZaBjaQhtkUfaaayxrta,1787079507,2026-08-18T18:58:27Z,2z2q5gk8TDgqCidzkXkyevXH1aDaVjWL8cQwoRbMF1Jq,sell,0.005223734999999999,187.436710035,2.7869327193294062e-05,other
2ixxVnUxX86w9da38eQkBxDyhyuRPqrjQ2o4dExBJk2KaMuJ1sHVnkUPoxTUtstdxqGXjYsJxdXE65QiFBq5a48e,1787079595,2026-08-18T18:59:55Z,93u5BsWsPxuLRzcDqwecZV9TiXEV7qNavef6fscPnSb5,sell,0.436994676,15855.314075954,2.7561401427092602e-05,raydium_cpmm
5imhF2RRFWdDMpckL8XbhsjUipdyCmuHkWKpsdiRx9n9gDNKbWGEVfctWSuo6vu1DZRagSJy6yL6uMESr7JzPr3A,1787079595,2026-08-18T18:59:55Z,GEPiePuVYQcbShk7ACa2YASeLuRHqvcSZpS89keWZecG,sell,0.408974229,14852.832369766,2.7535100297266955e-05,raydium_cpmm
55GcNKDQA1fYnX7RTBKQat2ekpNDVW8n8N9bBXxjAyKr9F62vE3PTt8vmwcspEtrToy4xFs2DMCKoYLrkefGAKCg,1787079960,2026-08-18T19:06:00Z,2z2q5gk8TDgqCidzkXkyevXH1aDaVjWL8cQwoRbMF1Jq,buy,0.00803928,209.380851102,3.839548821054156e-05,raydium_cpmm
5bT5akYBGKDVCYfgRHVKXdDNuhenzZBBFhe56nt6Scw94KPqWdgzfY1TfHmmyL8iP4yp63v9CfHstf9pzUcNQQHb,1787080065,2026-08-18T19:07:45Z,2z2q5gk8TDgqCidzkXkyevXH1aDaVjWL8cQwoRbMF1Jq,sell,0.006445093000000001,209.380851102,3.0781673520183895e-05,raydium_cpmm
5EVVhWPNaNwwwSbdx5kK6vkMJE9t6wHECFcDvxkFTbppDwxk8UceeUwJSn7xj6tGFnTyrUaVdm2MpYvVvrnVizga,1787080170,2026-08-18T19:09:30Z,2z2q5gk8TDgqCidzkXkyevXH1aDaVjWL8cQwoRbMF1Jq,buy,0.006,186.429504312,3.2183746999394856e-05,raydium_cpmm
4pAsz1MGd1ka1LhrKAAbqtMuijTVdqsKrqD3bhMgN6MpumNoeZxb56TzLJk4Qv6VQppbPkqqFS8mWweTHJAaEHN9,1787080231,2026-08-18T19:10:31Z,2z2q5gk8TDgqCidzkXkyevXH1aDaVjWL8cQwoRbMF1Jq,sell,0.006244208,186.429504312,3.349366841393289e-05,raydium_cpmm
3QmHWvZvzjtBuzc6GGj3eQcvR3YChJWWztCf6CyQsjKGtF2q2s7xnMYR35F22PpMVm3T6VSnxw4vxS1dpNJDktcU,1787080432,2026-08-18T19:13:52Z,2z2q5gk8TDgqCidzkXkyevXH1aDaVjWL8cQwoRbMF1Jq,buy,0.00803928,168.666147771,4.7663862050819014e-05,raydium_cpmm
3V91gL2SGtytyqTwDTXUADdPBX4TWafSGLJ7PDxNQxXhzHjQpyPNWhkoeaoPMosmwXKxNi8fnMiGdmxuxBDauuv1,1787080507,2026-08-18T19:15:07Z,2z2q5gk8TDgqCidzkXkyevXH1aDaVjWL8cQwoRbMF1Jq,sell,0.006177391000000001,168.666147771,3.662496050118555e-05,raydium_cpmm
3t12Sbu2cURiS4QryzKWGf8igUbsAWvcqE8BnkMkGeDQ5v2nsTDHq7dU8thumLzNdvCTunPEAydAPp5KqbMxLpuv,1787080766,2026-08-18T19:19:26Z,CHvWpTWTZXUMvWfX7jmy8vhHbAqn6YvLc8wBxXYi4KiW,buy,0.0038092079999999997,1.520964169,0.002504469255514723,raydium_cpmm
1rgM1LZHPsDr3fUvnmvt1zFswUhFmmrG6b6aLxKyCJgb4ddWS1nhyC2nHuJjViMBy2dcG1D2BxvwgsDjrBRMyXz,1787080766,2026-08-18T19:19:26Z,GHJFdDSYx1kGg7nLTDZ7B468SqHsqySZwHRSxs4DgEVk,buy,0.003800792,1.284854064,0.00295815073983375,raydium_cpmm
5wHiADKvvE6o7ceZeLWpQ96h7HRbve3PaqtbBugCLrU5f1BxQttW7D13ci8R6G8Z3avNqkyBJwZGrCzNAkY9d7R7,1787080933,2026-08-18T19:22:13Z,2z2q5gk8TDgqCidzkXkyevXH1aDaVjWL8cQwoRbMF1Jq,buy,0.008039280000000001,189.974902036,4.231758992288659e-05,raydium_cpmm
5614hQBA2MvWH7uYoJaD39fbtDe3s5K9guZWmWih3w47MGviesYU5UqmRz5nJ7QwBMc4MXQfV3WavYjTape8Rjt4,1787080980,2026-08-18T19:23:00Z,2z2q5gk8TDgqCidzkXkyevXH1aDaVjWL8cQwoRbMF1Jq,buy,0.006,187.66347389100002,3.1972124759264346e-05,raydium_cpmm
3zeBCLiq3S5yE1XYJc72nBTv38PCNRb8BQELLso7ViexeTbgNwa9gLJVt4nPnoNyPoJsR6XJ29F1ttEppVC2kaht,1787080993,2026-08-18T19:23:13Z,2z2q5gk8TDgqCidzkXkyevXH1aDaVjWL8cQwoRbMF1Jq,sell,0.006313712,189.97490203600003,3.3234453247953554e-05,raydium_cpmm
NN8oDe5QMTyJ82qsZrEybw2tZgQKixPDrSmSQhEXbZ98uSJgiLNyycHRzYQvbRLTSiiMUM9bTRaN1N9Ey8LczGR,1787081069,2026-08-18T19:24:29Z,2z2q5gk8TDgqCidzkXkyevXH1aDaVjWL8cQwoRbMF1Jq,buy,0.005991044,162.73616612700002,3.681445951801865e-05,other
4Bb3ojEuggYwwPUXdnaM26Uw3MX1PW43qRMUwYwVjDk95CSTXt6TzDiHGUYeVzEfnnNK9WfXeSAL36DHW88Benp9,1787081095,2026-08-18T19:24:55Z,FiN6YjR6Q1ovRhUHJsGW2VuLKWgqgQ59Yr3ck6pU7jbm,sell,168.578058648,5046868.27731979,3.3402508126787435e-05,raydium_cpmm
3aBMZpLMhrvBEivyhJ8M96Vfyz2ppqwkLerWFtBnfBAUm9MNHUcriv4yUeP9WeksKzXnh3sdxv5vitkPsLLumVBR,1787081098,2026-08-18T19:24:58Z,2z2q5gk8TDgqCidzkXkyevXH1aDaVjWL8cQwoRbMF1Jq,sell,0.006214064,187.663473891,3.3112804911675544e-05,raydium_cpmm
51PBJ4Qh2MWWRH8rMSYHEdtJ7ib8MzWjZu4PdNVRi8QbkpXYsAS37Uc3JVqeCVGknBBGWohZ6uWQxbGNVxp7ANYY,1787081098,2026-08-18T19:24:58Z,2z2q5gk8TDgqCidzkXkyevXH1aDaVjWL8cQwoRbMF1Jq,sell,0.005388672,162.73616612700002,3.311293444012105e-05,raydium_cpmm
44xxyuqAFmV94zu212LzeTNmn19kTouVYg5bq8tbG4scP2U3UqPxRudFsUwuvVGCgN5xF3zBMztW8RjLGKxs8e24,1787081391,2026-08-18T19:29:51Z,FYTiZbk17NNPQ5j1aRH67mhJZH3ggYcmwbQqqEN9GAk5,sell,0.84962371,23659.73254274088,3.591011472615636e-05,raydium_cpmm
5t5yTEwLHk3dQmNTwvfWyKBxmdiQyHtibe4vTdR5NKJ76tPHiiXbhUb77w3Eu7eQSHstvo6H13y6ycDey5y3YHu1,1787082359,2026-08-18T19:45:59Z,CbpnbXAD9PUAwVcYjHY96qooq6eNnoLiZzif766gqLPH,buy,5.003755,176096.37051377504,2.841486729908828e-05,raydium_cpmm
5y5FeJn5F1397QrkUo4eMgT48BvjZmk6KVMiWwVGrkKr59jcfGh49b8LXFHxy7Zo6AGWGyzsxPfvEe6t71Yda4NP,1787082359,2026-08-18T19:45:59Z,CbpnbXAD9PUAwVcYjHY96qooq6eNnoLiZzif766gqLPH,buy,5.003755,176862.487785496,2.8291782291724296e-05,raydium_cpmm
2qLBLFNstZ3KVAF4RhDBaaoePnYB33Hhc6o4r4EE924t744woyv4fjnALhBDrnii7HdZ4KixehRuvDZf9cgjWmeq,1787082362,2026-08-18T19:46:02Z,CbpnbXAD9PUAwVcYjHY96qooq6eNnoLiZzif766gqLPH,buy,5.003755,175012.326041568,2.8590871929852154e-05,raydium_cpmm
55eLBuPd4CCCd6BJt8Jio4op8Tk4BqVMoPiVCU6w26LVcPb6jn4Ch1H1VDz1pEeMidFKR6sWbrhydbfhCnnK5BcC,1787082492,2026-08-18T19:48:12Z,CbpnbXAD9PUAwVcYjHY96qooq6eNnoLiZzif766gqLPH,buy,5.003755,203237.075707322,2.4620286345813283e-05,raydium_cpmm
RkJbVXnwydUMjbWzSzVk8VkYtkffLBZvSdDRbk9NQaxVx3ZqnUKQwpSofH8Dq5DFneqFDRucDYcQEURvpJfVHcx,1787082495,2026-08-18T19:48:15Z,CbpnbXAD9PUAwVcYjHY96qooq6eNnoLiZzif766gqLPH,buy,5.003755,205378.73608007294,2.436354948668658e-05,raydium_cpmm
5TmXQA7mHbd2w1JPL3L18atpS6MyUXZnvvzo3vWuJpa33qJciKgtKaVAhntWhGbGyZqPg5mRREWqVfcfZbrEBsLy,1787082500,2026-08-18T19:48:20Z,4iDyxGxPRC66QBNwYqMn74VtVm5Moy1ns4w3bAqYGvRG,buy,0.2502,10033.126752097996,2.4937390524612023e-05,raydium_cpmm
xCrwZrJ61etVbKSwbkkzSaFreo32CMWmzPysr4HfiGRJqnFFNp1zeo1Ff1k8Z95r2xzQsimwxZQoc6nsKCqa7ap,1787082501,2026-08-18T19:48:21Z,4iDyxGxPRC66QBNwYqMn74VtVm5Moy1ns4w3bAqYGvRG,buy,0.2502,9987.662063406002,2.505090765102204e-05,raydium_cpmm
4KZvL8FpCzaMN8B1RFqkNLCHh4zvJK91ah93RttNpb4RdV8xBPPzTZxzbpAdMyiMW1eqKbUsrWMdhmH3MHfbNmS7,1787083234,2026-08-18T20:00:34Z,4iDyxGxPRC66QBNwYqMn74VtVm5Moy1ns4w3bAqYGvRG,buy,0.2502,10885.769780117,2.2984134797430083e-05,raydium_cpmm
4LuubJzKD2kFf8mEM7d6uSVxHayRzYU1bio1baLLJrRALG7yrjp45aohMxuGxehqzSdHAVVn9qaBcoP2NxQGJMgn,1787083239,2026-08-18T20:00:39Z,4iDyxGxPRC66QBNwYqMn74VtVm5Moy1ns4w3bAqYGvRG,buy,0.2502,11528.402234943998,2.17029207431376e-05,raydium_cpmm
2kKWg2aJKCphbZk2MB26CpxuBB4ghNtbDfpZUQi2V6VpC5JTgNfKbsHBem3TEeqEyn77ohnoxSGpQ9R2obXChxPb,1787083344,2026-08-18T20:02:24Z,4iDyxGxPRC66QBNwYqMn74VtVm5Moy1ns4w3bAqYGvRG,buy,0.2502,11633.419513884,2.1507003998385576e-05,raydium_cpmm
4yRyNqjJ5uBLBsB1vkMTcP9E95T5BKVkxyqZhyzg3CRL4Exc8j7J7nokmVk7jziEcfuo5pdrtBeCbgi8hpJYbEok,1787083362,2026-08-18T20:02:42Z,4iDyxGxPRC66QBNwYqMn74VtVm5Moy1ns4w3bAqYGvRG,buy,0.5002,24346.086887908998,2.054539615762295e-05,raydium_cpmm
2gP4zGNPmy8WYWBYQeW9cngrwF7Bv6rxxFzB7MBtcWXNtX2xCnTpDgkKZiRKfhYqJDkMZSn6nZ8myxe2nG2AKrDg,1787083559,2026-08-18T20:05:59Z,4iDyxGxPRC66QBNwYqMn74VtVm5Moy1ns4w3bAqYGvRG,buy,0.1002,4700.328211047003,2.131766027838306e-05,raydium_cpmm
2bTWVTFNWv5tZ2ZmuHho9xtgAuU5LLP11aTNFKaBnBV3g1NMEgJvk8zkBdv4kseeHpmrHWeyYY7SE43286rXvQw6,1787083889,2026-08-18T20:11:29Z,CbpnbXAD9PUAwVcYjHY96qooq6eNnoLiZzif766gqLPH,sell,22.953891197,936586.996128234,2.4508018253391637e-05,raydium_cpmm
37Wf1UjdJyyUn5kN69F8uatdBMc2JdcgzD7SyUC4vNS2oLLXsANuo4AVt7otHeXgHFMLxw7iWJcpgD3U6q54Xbnj,1787084076,2026-08-18T20:14:36Z,3KEdzpSYJ7sXfHKpVhSF2Qj6ZAjd3Q3dugFCZ4umWvkR,buy,0.934180824,38168.331979143,2.447528554589394e-05,raydium_cpmm
3nhDWWgKaEkYkjcmL9impd8RRvibq3ZXmuUMixvCcF94vLiMd7AFewYJM8zEuQdjjJau6Fm6QRYaXus3uJa7a7fn,1787084076,2026-08-18T20:14:36Z,Act5xzJ7DhXrdNKbRw1yTzQUmT4hYtAPgFKTP5WzPBva,buy,1.065819176,43580.511617619,2.4456325463813602e-05,raydium_cpmm
3gRNrMmnRoXVAo2TSP67ieKME2RiLD58U9fZnkjSXHm7abs7grPME7uJM5mtkL8WoTFECsmYvofbBt2Stppr8fgD,1787084742,2026-08-18T20:25:42Z,2z2q5gk8TDgqCidzkXkyevXH1aDaVjWL8cQwoRbMF1Jq,buy,0.00803928,252.007784701,3.190091928921313e-05,other
4mBmTeyKgbJFYmpJ9JF78u22Dk3x6EYNPRFMGk9bC4TMZtUdc97og2rReusZwf5m6Mc8LP1vq4DEdb6qHfEABX5e,1787084803,2026-08-18T20:26:43Z,2z2q5gk8TDgqCidzkXkyevXH1aDaVjWL8cQwoRbMF1Jq,sell,0.005911823,252.007784701,2.3458890395049535e-05,raydium_cpmm
i7WXMeeyVcPHmDa6f1oG8h4BeKgMHz9wuifkN5hzDzheCJAcVHY9pnhUCVWcARkj2yjo2kDPaXKKEouiVswd91b,1787085192,2026-08-18T20:33:12Z,2z2q5gk8TDgqCidzkXkyevXH1aDaVjWL8cQwoRbMF1Jq,buy,0.00803928,274.609978941,2.9275265345427376e-05,raydium_cpmm
5cWUQzYWE5x1VLEiPTjbm6DXKQvREGgajhhsn3TGriJ5szPCV6QRAPXktwA79g5rjYefdzWGfZeYnqeu7WK3Wxmr,1787085215,2026-08-18T20:33:35Z,4iDyxGxPRC66QBNwYqMn74VtVm5Moy1ns4w3bAqYGvRG,buy,0.2502,11766.827299590004,2.126316581604948e-05,raydium_cpmm
5nKoM8MQLY6kgH2NXHcnkTqGXvd3VtFJqWgMz3EtouCLJ2DZiBrSoyta3PPa78NASPjP7shQuAb4fitoyrwSCgnS,1787085220,2026-08-18T20:33:40Z,4iDyxGxPRC66QBNwYqMn74VtVm5Moy1ns4w3bAqYGvRG,buy,0.1002,4743.7575692590035,2.1122495940628705e-05,raydium_cpmm
4sZQZvQ5S9chGbUwUyRwRhiJz2UCabDftA4isT95TF5hoeeXo3g7QVbCednHNdiSyx8k8d1YW8PWSyatNZUFS37y,1787085234,2026-08-18T20:33:54Z,2z2q5gk8TDgqCidzkXkyevXH1aDaVjWL8cQwoRbMF1Jq,sell,0.005470363000000001,274.609978941,1.992048148102917e-05,raydium_cpmm
66MY9ZKcvteARZhU4CHjt8FeEHQsRgTK5Mnh79t1aY7Gt6eKbmC3QbLYL99vMhRNEMFXivAx32eiriobPxuho5ob,1787085254,2026-08-18T20:34:14Z,4iDyxGxPRC66QBNwYqMn74VtVm5Moy1ns4w3bAqYGvRG,buy,0.0502,2490.438134608994,2.0157095774588093e-05,raydium_cpmm
5qupibSc1xjKnX5RmyLaw4UCvELAQBer42qR1sPgSHZaEvUN4gBRXUe8cx4RZQdSzH6LWrRgmUoFvUHzGkFWsQYd,1787085555,2026-08-18T20:39:15Z,Ahekwy9V7q2tmqJdTX92TAtEHM4pafQbsfc5oLakbZs1,sell,0.6983603460000001,39536.902719932,1.7663506697704248e-05,raydium_cpmm
5XMdtAhWVPSFtWsQALKVCofdSTfWTGFyfH3NAxHpnMMd2SmutvqCGpMGbHSQRdJ3f6P16dG92Q4DAYWtGdHGExpq,1787085555,2026-08-18T20:39:15Z,C7PNbARVAHeskaefdcu7fy21dCN3qNANKuT6Cka2av4L,sell,0.558555561,31606.339754488,1.7672263392052126e-05,raydium_cpmm
5QMQWFSSS8u4SEZMe3Q91tbvfmoqCoTKqktLuuYbE2g6ZUDPrNrLMk9SREkMWvSwnvzXFk95Y7jHGaPzeFX5cram,1787085555,2026-08-18T20:39:15Z,JAGPLMkgPWRxFJekMU8DRHRurw968GGYHRMEKUWheYcD,sell,0.685015331,38758.83841776,1.7673783812006956e-05,raydium_cpmm
2btjTq7yv6Sh4eyF2iCEvS61DV8pVhfpzFaM74iaFxJmvmrHKsEseYqTF2XUVtwuZB3yPqPLMS9LyA4ZYBhXRRv7,1787085560,2026-08-18T20:39:20Z,2AwjJTdTWCu6QjyZKvF6oVEd9TkQP1WYvVswFvDEySxn,buy,2.6074531430000003,144389.166899482,1.8058509505877307e-05,raydium_cpmm
jddz5R6DTmNZv9UcRu75k6WHCEuK2cmBxSvrxPQGHSDBrqRPy5uMW95SUqhJSf1hqagqULVSGjAigr6Lnr4zPij,1787085560,2026-08-18T20:39:20Z,2AwjJTdTWCu6QjyZKvF6oVEd9TkQP1WYvVswFvDEySxn,buy,2.363502281,129602.53690928101,1.8236543337530505e-05,raydium_cpmm
5ANscTngmBbeFt1uvGK1C1vFc4PuBTBP9gSQATHpeN43MzEftRAHfoqBUGLhecELZbEAmmYHi4v4Wjb43QVCeyVV,1787085560,2026-08-18T20:39:20Z,5kidNviTucvoHuFGuPQUikWokMxsLZMncGrS5gK9Cujs,buy,2.6195354610000003,142057.118830088,1.8440015414737364e-05,raydium_cpmm
jHmcuGjA9WUknjzeZurqrjCNtHTG2uuwcEc7C8rQ3zR4omPJZ3h2gCDSkfUy2TLQaGKS5Q526RwYiQ59SeJZHnk,1787085560,2026-08-18T20:39:20Z,5kidNviTucvoHuFGuPQUikWokMxsLZMncGrS5gK9Cujs,buy,2.4214205250000003,134691.696720469,1.797750406266891e-05,raydium_cpmm
2Rw24W1N8CajMVA6Q5eKENwySfd1a7mCkvuQfUtTTPZoVL7wr32FvN2Ku8ZLXkg6JoBUbirhd24Mb29CSRDSJsbS,1787085560,2026-08-18T20:39:20Z,DenZLNzBtE3L8T1kQFKh8oE7FCXBrdsM9xwCbsnKvdJq,buy,2.3223927100000004,126788.035836327,1.831712822649938e-05,raydium_cpmm
3iVGqXJeW3KMLhRXN4vSLqHifJGCPcceb6WC9aMCrwPD621Y7j2EW53KCteeSzasWaotAaVyLUhFS93jKcx4yVXv,1787085560,2026-08-18T20:39:20Z,DenZLNzBtE3L8T1kQFKh8oE7FCXBrdsM9xwCbsnKvdJq,buy,2.5974326980000004,143496.901070041,1.8100967189055814e-05,raydium_cpmm
2GMsvjpS91pXkkwJiMTvpTw7gXNGiHVsbU3ve4k89Yr1dEbjGvKABAiX1NLKfjNKtdh5kcUDRhYigvGNmwudtX3V,1787085560,2026-08-18T20:39:20Z,Hedt6aVyFRvxpQJkrrqgZ3e3JxUNb7ufCVyYXMnHYYE4,buy,2.4748726100000003,138372.022826094,1.7885643061751153e-05,raydium_cpmm
4VyYhbsQ4haTiuXaGJZSuRycUgFdsUUq2mbdA4Ceutx4gaqRPpt9bS4eBD4VyfxVp39rfR5D1tFxPS2gyCsGFzgM,1787085560,2026-08-18T20:39:20Z,Hedt6aVyFRvxpQJkrrqgZ3e3JxUNb7ufCVyYXMnHYYE4,buy,2.4551878400000002,134927.60818110697,1.8196334116473163e-05,raydium_cpmm
3NhyVFxAYtn5rec2cUiRb6a4Pmd1jNLdwCFy1up5PYSjgcCpS96UVrJjrhdacTdUgi2tgrw5WKHBAGXssMSj8qXh,1787085563,2026-08-18T20:39:23Z,2AwjJTdTWCu6QjyZKvF6oVEd9TkQP1WYvVswFvDEySxn,buy,2.590517783,146037.398225834,1.7738728671363976e-05,raydium_cpmm
2mt8eK2Z9BVx6WWgigQdpFFRM3vFchLxsUMsdmKSZFoNhfnG1QVi2eb1CXez37y5weWv2kX3XMn7QctkLviqSsy8,1787085563,2026-08-18T20:39:23Z,5kidNviTucvoHuFGuPQUikWokMxsLZMncGrS5gK9Cujs,buy,2.4494765700000003,137144.33821931802,1.786057377070029e-05,raydium_cpmm
48rkEDh2gTHQTrsap8UnZguar5yLasVZEkPSKpuLGfr2CsB3Bb9wkUH48phKTdjrdbcM8hseR7dBx6HWkF131CiQ,1787085563,2026-08-18T20:39:23Z,DenZLNzBtE3L8T1kQFKh8oE7FCXBrdsM9xwCbsnKvdJq,buy,2.4121257930000004,135660.671572596,1.778058272186277e-05,raydium_cpmm
5tC84yjdAzJb9bcGopTCQUzZaAKq94dPS6x5Lbt78cqebxsup18W36cMVpFAshrQQzEFefoHtRLxk4DtanFMt4XR,1787085563,2026-08-18T20:39:23Z,Hedt6aVyFRvxpQJkrrqgZ3e3JxUNb7ufCVyYXMnHYYE4,buy,2.5429527120000004,142706.72785472102,1.7819431152459675e-05,raydium_cpmm
67FQfiB29MdjHAfxVdGNQ4mj8aWeuDVEeutfvCb4J9BVRvHbt9nm2uatGacDR8oL9uBfuBBC9L3GCnWp4Zc4duaF,1787085568,2026-08-18T20:39:28Z,2AwjJTdTWCu6QjyZKvF6oVEd9TkQP1WYvVswFvDEySxn,buy,2.4292705220000004,146579.87756308698,1.6573015084928412e-05,raydium_cpmm
2q6bv65EhiQX9fmD1q8P7K3HJtEAs1xwuHaJvYHPAKVm2WwTa6qZ9ZAQ15pFSpZovwL8YgaVRAjpb4Tr3XRVLPk2,1787085568,2026-08-18T20:39:28Z,5kidNviTucvoHuFGuPQUikWokMxsLZMncGrS5gK9Cujs,buy,2.585827031,156808.893678246,1.6490308491722557e-05,raydium_cpmm
3Q8qK3hEHTA9ZcTMrZG1hjT6tDMagWAJDya3c1zgRV5wLusKfWvjVLsDJgcb2JidHW8HbFNQwkTnpLRKft6SFdiA,1787085568,2026-08-18T20:39:28Z,Act5xzJ7DhXrdNKbRw1yTzQUmT4hYtAPgFKTP5WzPBva,sell,0.707232773,43580.511617619,1.6228188856646546e-05,raydium_cpmm
2ZDgUkumimAdEjnJdDbfhwQXf4XQKKn8V9trbNc7VQUAx8Hw7TXh1EWmxtnVMVQBaNvyZoqx8GLxDEb4HYFF5rcq,1787085568,2026-08-18T20:39:28Z,DenZLNzBtE3L8T1kQFKh8oE7FCXBrdsM9xwCbsnKvdJq,buy,2.302729445,139943.43531962502,1.6454715719538122e-05,raydium_cpmm
5Wb4xWAVPcp8G44hQYw7G42ANdkr3rGrMohDY19fkEHDuEwwYxxUgbc1zfkq7mUAnbAmN58SZRizLZsqyxeF5PxK,1787085568,2026-08-18T20:39:28Z,Hedt6aVyFRvxpQJkrrqgZ3e3JxUNb7ufCVyYXMnHYYE4,buy,2.531208503,154576.65652643604,1.6375101906587733e-05,raydium_cpmm
4dEAFBst5MvmJdkKu1ApKmBMHqu9UAcXpJbzbsqiixUnW9Gc4AkaqvUqujPB7kx1Ls8jjLtGywi4shca8DMYCqGx,1787085569,2026-08-18T20:39:29Z,2z2q5gk8TDgqCidzkXkyevXH1aDaVjWL8cQwoRbMF1Jq,buy,0.00803928,359.577845208,2.235755096465865e-05,raydium_cpmm
bd5xM71xmQRwYMLJaf6H9yzUJQSguVqFWgmYWwoGKnA9gcjPjfxy3CMeBwQa1yL9D9ehjDSYphZ5hpGX1CKyBuM,1787085573,2026-08-18T20:39:33Z,2AwjJTdTWCu6QjyZKvF6oVEd9TkQP1WYvVswFvDEySxn,buy,2.5814334320000003,155742.79989167897,1.657497767983765e-05,raydium_cpmm
4eJShZb5CDa4fSrrxRZSgiQ3yR4M4hcGbPWbhSExWHmhnowVZqjFBjRDD1h9yJcg7dqqQAZgFASSuNxMHDfpbot1,1787085573,2026-08-18T20:39:33Z,5kidNviTucvoHuFGuPQUikWokMxsLZMncGrS5gK9Cujs,buy,2.4218237140000003,145416.67202419403,1.6654374497011344e-05,raydium_cpmm
3DMdzJfLTaurZkwFjWVmrgWrq8JpP8c45hx4hAe1iQJZqEJabAJkErVTGhFNZWkdpcZjpTXrQgVoU8GUTsGiK1Ha,1787085573,2026-08-18T20:39:33Z,DenZLNzBtE3L8T1kQFKh8oE7FCXBrdsM9xwCbsnKvdJq,buy,2.5092624490000004,151022.16350836295,1.6615193364390176e-05,raydium_cpmm
57noqFRn3CtZsqr7N2SVxCzfenCGvPYSgFr59bWudhfG9uwSVFkk2YTTw829EB5jTA3wro19HcoxPbUpcuB8RfpM,1787085573,2026-08-18T20:39:33Z,Hedt6aVyFRvxpQJkrrqgZ3e3JxUNb7ufCVyYXMnHYYE4,buy,2.749009977,164273.06995375594,1.673439217866852e-05,raydium_cpmm
265Grubwc5XtCRxwGTbevWDryj7tkkTxBGENkgaLejXJsAqAUegERhPyFTQy4NBC6288RZfgcZDu76dM1ALRox34,1787085599,2026-08-18T20:39:59Z,2AwjJTdTWCu6QjyZKvF6oVEd9TkQP1WYvVswFvDEySxn,buy,2.278557739,139626.76641667308,1.6318917908621804e-05,raydium_cpmm
2SL3nwUw7dfqMVtNVig9XPLUrv76P7EGn7LKSedxvcVraxySBJYeEykSPDr8emhXgB1SQQuWZj8vPsyCpgBwCsnu,1787085599,2026-08-18T20:39:59Z,5kidNviTucvoHuFGuPQUikWokMxsLZMncGrS5gK9Cujs,buy,2.5192677050000003,154091.21906393894,1.6349197055509374e-05,raydium_cpmm
2sKJ1g8x61dCa6u3A3LKWSeLxSXjx1dFbRBCmj3fZ5jzYNHh1K3zndxGhcBZHp69iwuoTE4E8ynAQG48PqAoBaBM,1787085599,2026-08-18T20:39:59Z,DenZLNzBtE3L8T1kQFKh8oE7FCXBrdsM9xwCbsnKvdJq,buy,2.381367936,144611.88973214698,1.6467303901572805e-05,raydium_cpmm
31TAYSN5naVvFoYe8DfPB4nLqhognmuTDCCvEq5EZQU8SDv7zwNBjZYUZAHPL5MM5f9tjWxyyf5FH9FaGN9utupZ,1787085599,2026-08-18T20:39:59Z,Hedt6aVyFRvxpQJkrrqgZ3e3JxUNb7ufCVyYXMnHYYE4,buy,2.2700986920000004,138129.07128067105,1.643461923657822e-05,raydium_cpmm
2HuRBBvZKJeaxtHNZFoxnC8ji5AVKftUi26BHdKZBMpFcjhXyiagu54T6bp7vuweThkW2PNg8MfqEQfi9XFn3GRc,1787085603,2026-08-18T20:40:03Z,EXgjdaTYUSoS33cKZREWNfCGba6i4PGhsW1VpDqDqevz,buy,6.286676926,373328.604692963,1.6839526484102008e-05,raydium_cpmm
PrtCXGRaGYLDHPk7SMSr5jcyRxaUiXDvXnCKdEhkyjrryYmi5iruSKRZvj8FB7XrTUzTQfQPW2Sza26kRmKpvhJ,1787085603,2026-08-18T20:40:03Z,FYTiZbk17NNPQ5j1aRH67mhJZH3ggYcmwbQqqEN9GAk5,buy,9.0015,538405.390316648,1.671881478509348e-05,raydium_cpmm
2RLDC3bQGiuLXnK3RnAgNQbwi3hjDghxnk7Jd2ms1BVBmPofSbL1grak85vYdFa928juZcMmsvnKPZL144xvxyCh,1787085630,2026-08-18T20:40:30Z,2z2q5gk8TDgqCidzkXkyevXH1aDaVjWL8cQwoRbMF1Jq,sell,0.006070092,359.577845208,1.6881162398892287e-05,raydium_cpmm
4RJEA2cSiqf45vR36BCootYQ3X2VujshuE8RiHKHzZmkWjTjjtWdVJmNSTCtv52swYFCF44yFdPQdinhQPQPtN2b,1787085642,2026-08-18T20:40:42Z,2z2q5gk8TDgqCidzkXkyevXH1aDaVjWL8cQwoRbMF1Jq,buy,0.008039280000000001,360.807066775,2.2281381769646192e-05,raydium_cpmm
3Hp5qdXT8A7QDQLRNPHGD1Dy55VyZeLAbHxU9yaMGhH6jdE31LZudnuB2xSW3yWRr65fPMdb5jMCrxBB4WEqgmJ9,1787085683,2026-08-18T20:41:23Z,CbpnbXAD9PUAwVcYjHY96qooq6eNnoLiZzif766gqLPH,buy,5.003755,314167.911399879,1.5927008514982053e-05,raydium_cpmm
4GcRkqF9amxJzpJxezDETtKojfsME31MjEqZHL9Cv9gTGDuFj1XLggo9U8qnuKjDf9Vo375UUgg4FDyRH8PgAbuT,1787085685,2026-08-18T20:41:25Z,CbpnbXAD9PUAwVcYjHY96qooq6eNnoLiZzif766gqLPH,buy,5.003755,315310.669955475,1.586928536451551e-05,raydium_cpmm
Y3iVcRDdRxu2N3mTWBPvxpdDq1P2LzcpxQ5Y6oX7yc8VtevdAsnpA7hqZjJXDtWepy3NWHxnvtX96iErSErugVe,1787085685,2026-08-18T20:41:25Z,CbpnbXAD9PUAwVcYjHY96qooq6eNnoLiZzif766gqLPH,buy,5.003755,317116.455580608,1.5778919422010545e-05,raydium_cpmm
4T7WaCtTtcJmd1wRWgSW7AJwRGYGfekaydzyn6N8ugaSKZsHAw15tshrBZiZ2Eh4L2Y6pECAtpYWH57X7ehbzBZK,1787085689,2026-08-18T20:41:29Z,2z2q5gk8TDgqCidzkXkyevXH1aDaVjWL8cQwoRbMF1Jq,buy,0.006,375.171814295,1.5992672613945784e-05,raydium_cpmm
4bajZTdq8Uki5ygzUdEshvHNcug4L59fjNk2BMdQz2p27YKXvEPhQzv4r92t4fb2UswJiHjMPMintnHt4NXz8P8t,1787085689,2026-08-18T20:41:29Z,2z2q5gk8TDgqCidzkXkyevXH1aDaVjWL8cQwoRbMF1Jq,buy,0.006,375.1696522049999,1.599276477917645e-05,raydium_cpmm
62ioQsw3dkCEPHfPWznEUnDApbqBA1CzH5h6MjEi5iaRoWEq14raY7HRdFPVaYywRYzProAiTQqKyBhCutmN6BwJ,1787085689,2026-08-18T20:41:29Z,2z2q5gk8TDgqCidzkXkyevXH1aDaVjWL8cQwoRbMF1Jq,buy,0.006,375.17397640400003,1.5992580448967488e-05,raydium_cpmm
5aDrgF8jREAPXDb4ughnwH4ejDkEoZzcrBHUVhg8kRXidWy2N1R1wJAjSgwVptQP6ZxbKEJwU2FRYDi7TUHcLGcH,1787085703,2026-08-18T20:41:43Z,2z2q5gk8TDgqCidzkXkyevXH1aDaVjWL8cQwoRbMF1Jq,sell,0.005464106000000001,360.80706677499984,1.5144121341191553e-05,raydium_cpmm
mfnN5jzg5qGysuSzEsx1AMMt9vXsSFqoAVHmWXFuRjbnThWtwzFJNwaBdZDDTLfnQqf66RuzYYB6VibR43yjnCf,1787085748,2026-08-18T20:42:28Z,2z2q5gk8TDgqCidzkXkyevXH1aDaVjWL8cQwoRbMF1Jq,sell,0.006188057,375.1739764040001,1.6493833232549397e-05,raydium_cpmm
5oNq4LZnFuTnDe7UjBfvZuBHZvhFKdY1nAoyxuyGWFxAAPBvBCREKsyeETcMLCD1XVtJqxnmzo7wBum2UJbKqyjC,1787085749,2026-08-18T20:42:29Z,2z2q5gk8TDgqCidzkXkyevXH1aDaVjWL8cQwoRbMF1Jq,sell,0.006154496,375.171814295,1.6404473271973146e-05,raydium_cpmm
roUFj5vphWkAQEmAdCQXGkK2uzpCcuzGJBz5rAyKTm8iGAfxxwYzouyJPEaGb6uoADH2H73psFDxxmDGRqRCi3W,1787085749,2026-08-18T20:42:29Z,2z2q5gk8TDgqCidzkXkyevXH1aDaVjWL8cQwoRbMF1Jq,sell,0.006154496000000001,375.16965220500003,1.640456781039705e-05,raydium_cpmm
5wk9GagB7WR5QPESYHDsRwWPFUu226dUFX9CAWUpEkzDugis9z2yT1fpVroJQPHcmu98spoPz8mR86VsyTVuZBiN,1787085749,2026-08-18T20:42:29Z,CbpnbXAD9PUAwVcYjHY96qooq6eNnoLiZzif766gqLPH,sell,15.500300842,946595.036935962,1.6374796229835513e-05,raydium_cpmm
tLgvUprGUSc5sN56Jv3fQmiRHgAEMCE14daKwCVxZL8vsBtwaj6DzHA5AUNh3PRDPvdNt2cvsTSDbeP5jtyHCYK,1787086262,2026-08-18T20:51:02Z,3KEdzpSYJ7sXfHKpVhSF2Qj6ZAjd3Q3dugFCZ4umWvkR,sell,0.670926958,38168.331979143,1.7578105282846172e-05,raydium_cpmm
5hW1U1SqBEP4GvoiMw1WYmU3o4vTkya4xZgxRuYJYrSLXATPDPbYxawEQqasC8zWyQtA9adnFoMAQErS8J3oiHGZ,1787086499,2026-08-18T20:54:59Z,2z2q5gk8TDgqCidzkXkyevXH1aDaVjWL8cQwoRbMF1Jq,buy,0.00803928,350.88124334,2.2911683518545977e-05,other
5K4XQ87nhHz4NZRw1i3XQxZovjM5qcEqAFtny6ShUrDdMDYHhhWjHvENnjYBWXJTGPixKgNqQ4nm6tzVCUqpH96,1787086561,2026-08-18T20:56:01Z,2z2q5gk8TDgqCidzkXkyevXH1aDaVjWL8cQwoRbMF1Jq,sell,0.006177912,350.88124334,1.7606845955039188e-05,raydium_cpmm
2atGtTQK1WKFw2hAXbnrna9FSwa4TqakdhwANFPdayGkzwhKDSRAH8FsD2CtvakpofqzFEi1GRe1Vhu4kr4DAobN,1787086634,2026-08-18T20:57:14Z,CbpnbXAD9PUAwVcYjHY96qooq6eNnoLiZzif766gqLPH,buy,5.003755,274990.242030366,1.819611838971165e-05,raydium_cpmm
3DaezjUTLwsNY3m6gkFf19BeWs8kkK3A9AaQTZ65jN6hqjEGRYP9fQcxsjgrYahbnWHpixrMaWtSqPTUeh8qjj3y,1787086634,2026-08-18T20:57:14Z,CbpnbXAD9PUAwVcYjHY96qooq6eNnoLiZzif766gqLPH,buy,5.003755,276225.972717689,1.811471582766036e-05,raydium_cpmm
5Lw35CgXyRUDKWYfu5AAGbtozsWoGN2tLDtxSeyo16F1Pn1DzHiroKe9two5MN315BcLtUrGEHuSp1RqwCb9jEAZ,1787086635,2026-08-18T20:57:15Z,CbpnbXAD9PUAwVcYjHY96qooq6eNnoLiZzif766gqLPH,buy,5.003755,272872.09297801205,1.8337364387069076e-05,raydium_cpmm
5fcGu325CZ3mgK54jvbthwhJVV9zeBtQEw4pLobAhbDFgYBYDjJj81L7hVipZYPNADEgP7eQbq5kgAUGo86NW1LA,1787086635,2026-08-18T20:57:15Z,CbpnbXAD9PUAwVcYjHY96qooq6eNnoLiZzif766gqLPH,buy,5.003755,273916.8354724271,1.82674240937764e-05,raydium_cpmm
LCbftDWiZnSXFBM3wFXk5q5R267dTkwmT58yM8wMKwGqf3UvG9kj9Jvp3eenVdZjJAB3666H2yoLu2hnG1khAxV,1787086675,2026-08-18T20:57:55Z,CbpnbXAD9PUAwVcYjHY96qooq6eNnoLiZzif766gqLPH,sell,20.423715792,1098005.143198494,1.8600746925925703e-05,raydium_cpmm
4SQpktydKWDw6UgfSx4rpveQxr7npTExkg2SzsuhGkgRaiURZ7nbZgEVwFSdjzkJt68FR9Ug5wqr6yysDFKx548y,1787086721,2026-08-18T20:58:41Z,2z2q5gk8TDgqCidzkXkyevXH1aDaVjWL8cQwoRbMF1Jq,buy,0.00803928,307.171328049,2.6171973963395348e-05,raydium_cpmm
4LFrDFk4FD8eTHWALKAqiJ1SZzHxeH4H8GyZMsNcsvp23iRhJGgEUfEFi9M3cdmVjnfVc5DeoW6iMyi8Vhj1DivY,1787086807,2026-08-18T21:00:07Z,2z2q5gk8TDgqCidzkXkyevXH1aDaVjWL8cQwoRbMF1Jq,sell,0.006490286,307.171328049,2.112920512869179e-05,raydium_cpmm
5WxV41StrBBKwnoNJjmiaYp585PHFRXAshPLT19euxpSMm1wgf7yb23dGxghthC25BXAttsPyRiEpj6P8DNja3Ff,1787086950,2026-08-18T21:02:30Z,2z2q5gk8TDgqCidzkXkyevXH1aDaVjWL8cQwoRbMF1Jq,buy,0.008039280000000001,271.946671165,2.9561972446878292e-05,other
2Y4MUUjHUs9qu2Hjk1sYprMsiQhBmdMdNfeidReopbTBfW5DUAjb5fSXdtCfWvzUgNWmQNBzcGoxV5EKbPBL21No,1787086985,2026-08-18T21:03:05Z,EXgjdaTYUSoS33cKZREWNfCGba6i4PGhsW1VpDqDqevz,sell,3.83740134,186178.97516038,2.0611357091714305e-05,raydium_cpmm
5DuYAvwFxVRhaEJyGbffzhXx2WkqDaVtDAssRg1kvjmHCobyvR3pbvDdupyd3DHKNUP4qpV8BL6EgGo58j9rWAYY,1787086985,2026-08-18T21:03:05Z,FYTiZbk17NNPQ5j1aRH67mhJZH3ggYcmwbQqqEN9GAk5,sell,17.650341003,848866.142455484,2.079284367726519e-05,raydium_cpmm
2AQaHbGTL6tQUpLR1YDizTCg6WNni4LE1QLoqRmMeabVeGUys9z5Jr4FChqnKf1KNpHz4xkLo1hWNvazyyiEUapW,1787087011,2026-08-18T21:03:31Z,2z2q5gk8TDgqCidzkXkyevXH1aDaVjWL8cQwoRbMF1Jq,sell,0.0056857800000000005,271.946671165,2.0907702144845265e-05,raydium_cpmm
te662o4RhYMgEmhqqLSQ1nfXNuWpEZD1APAcPuHQyHoMjaCX8wbc1y9VJzfdPTZTdH7SbHWLDHhfKhLTy7jsKwQ,1787087125,2026-08-18T21:05:25Z,FYTiZbk17NNPQ5j1aRH67mhJZH3ggYcmwbQqqEN9GAk5,sell,16.714521485,848866.142455484,1.9690408945573578e-05,raydium_cpmm
4PLDXkszt7SUDWDev1Dd9fxPKSRE4JmYvjZkCvDSGM3nWpphh1ZAcG9y5qfHEbDLeNaJfJ88ysqif5SAgidd3GAS,1787087126,2026-08-18T21:05:26Z,EXgjdaTYUSoS33cKZREWNfCGba6i4PGhsW1VpDqDqevz,sell,3.649987316,186663.040495798,1.9553883330654123e-05,raydium_cpmm
2yF1MrbjB8LPQ4zQaVpRvQt2ssDZxMzkdhWqEvkAgzDb2tzhR85MZq3gWbattcEDbbq6yqP4TRfpJ8q4CMhsywPN,1787087614,2026-08-18T21:13:34Z,A1igHDVAzKcGUAbVMFV8HrCCSUfcs5YzVfW3i9895pdW,buy,1.1574205000000002,63334.48769814,1.8274727436280993e-05,raydium_cpmm
4Y4aVvQKujUBTTgWzpPGeq3mBSCHACvXoMXvkdg3JF6p3aK5aHYmyLexYGgkK1ietb9gqiwzPt4Yf8izeje9gkUj,1787087614,2026-08-18T21:13:34Z,Ebux1vXaJYiugKxnBNgQbsBjbjjFK1K2k1zXjkD3tqDk,buy,1.3276969250000001,72724.313828328,1.8256575484976634e-05,raydium_cpmm
4bGNo7BHGjUNsWocZCmFJgcUtbi6rCoHALoHB3x4uWeh3uKvo43RTSfYAXXVWzfBGQxQ2pZvT9S33iA1DcxVh2fm,1787087614,2026-08-18T21:13:34Z,GpNHGPQXQEnrrbL8paxGdEWrNEvdFcZFVtC6ztMoYuYo,buy,1.299798496,70919.760407082,1.8327733886001722e-05,raydium_cpmm
KfjnbS6nJXRJPvwmUtDZVEMNQQNwxw83XGUS68fW7mKcCifgoL6QFBG3Gg9WiZN88HaPhJpKn7HQHaYM1S1qxPx,1787087614,2026-08-18T21:13:34Z,ZZGtLggQHdZ2LgkDtnbJ1eVQMYLpQN7H1fjCGZAw8G1,buy,1.233201919,67347.812349219,1.8310942493654745e-05,raydium_cpmm
3aSVUc1j4tHQbmPxVoU9ZrZkPAqKAB8kQDGNVJKWLNEf4ttiozhduMhL8JGyAdUdbKuLPhooKSQ3ysVtnYQHo4DL,1787087616,2026-08-18T21:13:36Z,A1igHDVAzKcGUAbVMFV8HrCCSUfcs5YzVfW3i9895pdW,buy,1.287412128,67361.002898105,1.9112128273200302e-05,raydium_cpmm
5ktBofKQwfbEoiEZaURqsv7rGJqRreMma9wqXcwmhH27CiL3x7fTcm8B9GkePUwe3dWXUp6L3KfECnvV3bXPMajT,1787087616,2026-08-18T21:13:36Z,Ebux1vXaJYiugKxnBNgQbsBjbjjFK1K2k1zXjkD3tqDk,buy,1.199781993,62908.81348859599,1.9071763183349414e-05,raydium_cpmm
4h9SKEvXvkZYp5LQNd75WGw33ihgvKieaFGBHbQsrtTS7qbUv7Ua8nRG5h9iBPu3FNxTz15kzo1b7hF5xYKQb3a6,1787087616,2026-08-18T21:13:36Z,GpNHGPQXQEnrrbL8paxGdEWrNEvdFcZFVtC6ztMoYuYo,buy,1.375782343,72079.23888586702,1.908708199844432e-05,raydium_cpmm
3Ywzn3vt8KZPu2xbPNnMLEcvGYVca4xaPXZzkasUa6ZbbrTYbkaJaqoYSPoAi2cXbAEQVNLKJjVywGsqnieVx5hh,1787087616,2026-08-18T21:13:36Z,ZZGtLggQHdZ2LgkDtnbJ1eVQMYLpQN7H1fjCGZAw8G1,buy,1.149023536,60039.436384245,1.913781349722191e-05,raydium_cpmm
ZgJeDv3XrSJwAwF3u8pvLijRjfa5QCS9BU86WzefpzBsw1cHhBZd2SZtCzJkA5BsPMYFJh39dbQ8EPNrSQ7MPL6,1787087622,2026-08-18T21:13:42Z,A1igHDVAzKcGUAbVMFV8HrCCSUfcs5YzVfW3i9895pdW,sell,2.3509456959999997,130695.490596245,1.7987963358756807e-05,raydium_cpmm
2qBH8Npc9LaFp8gfowCe71jqFhJyf6D3eerCJ7A79kjoWb8MovFqmq4XMT5R7oq2pBJw5CzvXtMnZUFTPqsWnZiY,1787087622,2026-08-18T21:13:42Z,Ebux1vXaJYiugKxnBNgQbsBjbjjFK1K2k1zXjkD3tqDk,sell,2.4238321,135633.127316924,1.7870502199189206e-05,raydium_cpmm
3G4V9STdnmDkLPF8ryjHYkCtX1k6BVP9beGMPGqEAaDCeNifv1u1x9fR8G62jy7Hawypc5f5JK91HZPaiy4J9Ym7,1787087622,2026-08-18T21:13:42Z,GpNHGPQXQEnrrbL8paxGdEWrNEvdFcZFVtC6ztMoYuYo,sell,2.566788318,142998.999292949,1.7949694268430893e-05,raydium_cpmm
4L8BvvDEQh44LT2jkxV9uetzBs71SHwq2WCNA3WuXmXUCx7A5ejf4UWzJ5LJdNuYvh8ocJt6Evjhh8fnzQKcMPvV,1787087622,2026-08-18T21:13:42Z,ZZGtLggQHdZ2LgkDtnbJ1eVQMYLpQN7H1fjCGZAw8G1,sell,2.281186063,127387.248733464,1.7907491414411428e-05,raydium_cpmm
3FRBFfGzR4j3LUZGUK9M9XmjFWMSuxZRq2fhr74xH4HAcyNGehfyjehbLRg4WBHAz3Y2uMqpsjyRXh3EtNX9Mtto,1787088449,2026-08-18T21:27:29Z,FwiYAjHmzpH2twsMxTnkj4WDPrXFNYqTQMn8soTMYGGB,buy,0.01214928,567.846446415,2.1395361504333387e-05,raydium_cpmm
67VV1RdjxzcvdX1LuPzy83k3CuWYmuufgW4bYuxGTkwAqLnWjz4RgQcgjFzG1scfoSia4BrEbGMT9XiXgx9RUxwN,1787088523,2026-08-18T21:28:43Z,FwiYAjHmzpH2twsMxTnkj4WDPrXFNYqTQMn8soTMYGGB,sell,0.011538636,567.846446415,2.0319993323630316e-05,raydium_cpmm
Vem4fdW1Z7CdJ5CchiH7YR3kHU9DSMCjYYjrD5nJ72gKguUcm4zRmVLGcR9E28AW6zqgvwQhXE64EHS6DVbCMQb,1787088557,2026-08-18T21:29:17Z,2z2q5gk8TDgqCidzkXkyevXH1aDaVjWL8cQwoRbMF1Jq,buy,0.008039280000000001,350.63965444,2.29274695494421e-05,raydium_cpmm
eXWwfDssbWagUvrwRZ35WBznSeZNqB3BEAdh9iq5wsvZsiVqfKEZMiVgSTtFF1nyg69zBhannd7sJi3DrqPCeBz,1787088618,2026-08-18T21:30:18Z,2z2q5gk8TDgqCidzkXkyevXH1aDaVjWL8cQwoRbMF1Jq,sell,0.0060888439999999995,350.63965444,1.7364961215594334e-05,raydium_cpmm
51qwpWmi7macyPxeivXthjWs9n7NosKvz9EVFAFjpn9ALnMW4GceuazWukPUNrRWRbE2ERDFpDhv19R9hWWfdUym,1787089250,2026-08-18T21:40:50Z,2AwjJTdTWCu6QjyZKvF6oVEd9TkQP1WYvVswFvDEySxn,buy,1.131792532,69099.43629786698,1.6379186179192275e-05,raydium_cpmm
Y8HxpTqb8t97fdFXSTTq87V2UuBByrAXRHbu8wT8PxtVQWApVHq9U8nk6EZ9kkygRy8qqMdAw4b9qy6L8t8jxvi,1787089250,2026-08-18T21:40:50Z,5kidNviTucvoHuFGuPQUikWokMxsLZMncGrS5gK9Cujs,buy,1.323754166,80389.27158480405,1.6466801351764315e-05,raydium_cpmm
5qt75Q5UNvzskd6rpfiLP67KttbEko5xkXpq7xcxgkRYtm7uRfvym5gt5AMfX4zXMu3FinshYKEM2hpQ1XJCFgec,1787089250,2026-08-18T21:40:50Z,DenZLNzBtE3L8T1kQFKh8oE7FCXBrdsM9xwCbsnKvdJq,buy,1.190790511,72553.20693130104,1.641265164374515e-05,raydium_cpmm
TkPC6YweMWPjBjJBbf3xnoNQHDLJ8s2Ho74Ffa9GKntyvxjjESwFza6FeFRfnLo17PQF3FQJDH3DuTqgQY7AuUx,1787089250,2026-08-18T21:40:50Z,Hedt6aVyFRvxpQJkrrqgZ3e3JxUNb7ufCVyYXMnHYYE4,buy,1.174422823,71632.56335910293,1.6395096977229095e-05,raydium_cpmm
4fCaKXoLtW8ce9Qafttc4JBqxdXHfammDHHpcKVtQuEVh42X7iz71kSJ1f4Wf1kwmCpTG3n75rr7cNXRheQYkWMY,1787089314,2026-08-18T21:41:54Z,BfCP1ncxu7ZWp4B6TvQEcXGVSCiM2LhAzyYjG7zWyKdY,buy,4.853649280999999,250644.272519487,1.9364692566923264e-05,raydium_cpmm
PegHdhx5qKLgCmhu4bt1HoXsRitC81VzqQgKyaXs6amPM4zRcE1EmstX1Ln98JYjC8B8LAskMRGrv2fKwVEQDkz,1787089314,2026-08-18T21:41:54Z,HrtVLLCBM4LXfRGLGcXBYvkkJ9xnbiJ3ob1MxKdmNs7o,buy,5.157723469,266960.377566926,1.9320183451969298e-05,raydium_cpmm
5t46YW1WwkmGAJ2Xcd2PJ9cE2Vk4U5vQ392KWchrgJExgp85CEdBpcYdmvfEdAE3uvnKV92teJt15eFoUBkUoJkY,1787089330,2026-08-18T21:42:10Z,BfCP1ncxu7ZWp4B6TvQEcXGVSCiM2LhAzyYjG7zWyKdY,sell,2.5902276079999997,125322.13625974301,2.0668556133064048e-05,raydium_cpmm
56BRKJfADh7qRiH114khyLrh1KzGeEFSP8yKDWmBhhybo52jWAHNk8PsgMEvJ374UzNkXx7hZ7u38JrPq5p1myuc,1787089330,2026-08-18T21:42:10Z,HrtVLLCBM4LXfRGLGcXBYvkkJ9xnbiJ3ob1MxKdmNs7o,sell,2.7651161269999998,133480.188783463,2.0715554511881037e-05,raydium_cpmm
3SjDsyCv9s8eV38tTQaUw8hzJAi98VTqv7kBAo7kMcK5EivTbLaZPsvajeuGLpcdqUahKvVeFcZzs456BD26bwUE,1787089346,2026-08-18T21:42:26Z,BfCP1ncxu7ZWp4B6TvQEcXGVSCiM2LhAzyYjG7zWyKdY,sell,2.562693597,125322.136259744,2.0448850246923128e-05,raydium_cpmm
3NrLBQcMe2pfQFKgwKLk4HVkBpQQikiw9j4pJgkeAXri9cfAmiFBf4CPQVDe98Lmt2QUZBPdPAQTg7MTv4JYBKzz,1787089346,2026-08-18T21:42:26Z,HrtVLLCBM4LXfRGLGcXBYvkkJ9xnbiJ3ob1MxKdmNs7o,sell,2.7233902509999997,133480.188783463,2.0402954744227957e-05,raydium_cpmm
brtuAdJjkZ2dmwF9jq2qmGcz2MwbZEDRA2PWkwYkGAU9p3ySUKnEVASa5yRWgckPwrvz8hBtEz4FAXYrGnjVLcK,1787089439,2026-08-18T21:43:59Z,2AwjJTdTWCu6QjyZKvF6oVEd9TkQP1WYvVswFvDEySxn,buy,0.27270064699999996,13568.314445317024,2.009834368882275e-05,raydium_cpmm
3M1MTauUBFtC6RNhuW3FLNndUJGiVuYrJ6GSJSVzZSoz4U9VKKYMSFSatrBz1Adpq3v4PGddLcqKZ3SZi4hpvctN,1787089439,2026-08-18T21:43:59Z,5kidNviTucvoHuFGuPQUikWokMxsLZMncGrS5gK9Cujs,buy,0.26499344799999996,13193.394416681956,2.008531236396129e-05,raydium_cpmm
2qEdBGqjRJtA3vgC86SSfvax8K8QzaDhadq9eUBhYTLR4hk3UwgxDVFgmLpAixCJXbrWbjeXfBEMRqsqXWdjVmEf,1787089439,2026-08-18T21:43:59Z,DenZLNzBtE3L8T1kQFKh8oE7FCXBrdsM9xwCbsnKvdJq,buy,0.25230342499999997,12564.112462059944,2.008127719024203e-05,raydium_cpmm
2X98ixWehC9cUuVsKT8nVYUJsA3UhVDXcbZC99oBVKEuuZxTL3meFKuakkrQcZTTMRWXuXJ7Zo8BRojZZHxMmLkR,1787089439,2026-08-18T21:43:59Z,Hedt6aVyFRvxpQJkrrqgZ3e3JxUNb7ufCVyYXMnHYYE4,buy,0.268728097,13376.368859630078,2.0089764256652806e-05,raydium_cpmm
APZsCsaeU82d5PHD5TyFUta3GxC6vmjWUycFDMTAjoGLA6SAiPZYPStM7FBN5FTrE5WVqHktE5jNNJETtTEVmMT,1787089632,2026-08-18T21:47:12Z,CHvWpTWTZXUMvWfX7jmy8vhHbAqn6YvLc8wBxXYi4KiW,buy,2.652438514,127936.637324488,2.0732438881229716e-05,raydium_cpmm
43TDyKmtWJEXsmHTnrakY2dMvVcDC1Fi5bbycHsgwiUYE2gTN46pP7uyj7hov6mwPHXKkDDutgMaKox3rFf9cEGS,1787089632,2026-08-18T21:47:12Z,GHJFdDSYx1kGg7nLTDZ7B468SqHsqySZwHRSxs4DgEVk,buy,2.3548764859999998,113326.924812237,2.0779496928039125e-05,raydium_cpmm
4j8twMPiaWcBfmT7mejbFL8Wc5ghJA19nLXgUgkv9wafgtbwUD5Rgrp3j9pQMGkawDE48bZhn85dBU35PcPZprhv,1787089642,2026-08-18T21:47:22Z,CHvWpTWTZXUMvWfX7jmy8vhHbAqn6YvLc8wBxXYi4KiW,buy,2.703392252,125977.834013669,2.1459269189424812e-05,raydium_cpmm
2W6idjU5EAcFFGwpCs2mJyWo8xvesJ2Jdawk4fF2ZTNaPd25NUSUKUWsKUmnSw8DBM7bhwavHvzmnShJQKy8vZX9,1787089642,2026-08-18T21:47:22Z,GHJFdDSYx1kGg7nLTDZ7B468SqHsqySZwHRSxs4DgEVk,buy,2.3038966800000003,107115.685514129,2.1508490273313956e-05,raydium_cpmm
4Ph7RL7HcDuuikrfYCB5XRPTzdrtVgdbKf9wdZCEkUDDwemmbMcHNxUn9WbSQYouoKD7V66DHSWQEHN8hhKvShJR,1787089807,2026-08-18T21:50:07Z,CHvWpTWTZXUMvWfX7jmy8vhHbAqn6YvLc8wBxXYi4KiW,buy,1.618834928,73023.58391750403,2.2168658961313445e-05,raydium_cpmm
65jMZgHvaeWLxxqfNDPiisF7yNDrVsmqX1gLcedWfhh2pq8GFgKmsfQmXGzDnbhi4J6MJgd27V6f5AVGQ4gfsaRf,1787089807,2026-08-18T21:50:07Z,GHJFdDSYx1kGg7nLTDZ7B468SqHsqySZwHRSxs4DgEVk,buy,1.3881807400000001,62520.468960027996,2.2203620079809755e-05,raydium_cpmm
2eoJSrQiUfsk4mRBNRGSvmfzcQP2dUMQFa63vCF5dVJ5Ym9vdpdALg5CPLWrFHqR374pChk9hfgBb6dpzBc62SKJ,1787089838,2026-08-18T21:50:38Z,CHvWpTWTZXUMvWfX7jmy8vhHbAqn6YvLc8wBxXYi4KiW,sell,6.5348058490000005,326939.57621983,1.9987809137570056e-05,raydium_cpmm
5Spjn4UtdFzpz4J9RWCi3TCqmyh8eF7QS7T4TrxTDpnARN4nuV7DX8X3FdpgpKAY8FUNdiwtfYMFPCK5ju9Dw79t,1787089838,2026-08-18T21:50:38Z,GHJFdDSYx1kGg7nLTDZ7B468SqHsqySZwHRSxs4DgEVk,sell,5.633604443,282964.364140458,1.9909236486766895e-05,raydium_cpmm
61cr47CrtTuCbmRixG6PHKLVsoafx5kJCWNuE9r9DbpDeXGotuJWXLarLz2i6v5NtASQrkEb54hKWH6eX6Ck98gb,1787089858,2026-08-18T21:50:58Z,2z2q5gk8TDgqCidzkXkyevXH1aDaVjWL8cQwoRbMF1Jq,buy,0.00803928,295.686736615,2.7188503928289398e-05,raydium_cpmm
2NAdLyskHSAyhufGkq1Vqh1prMpyYotHfSGGdHXGtjw2xNTWTuQuYFRnKkVmnZs2X5mKEQKYvBDDgsYbsz4UKP6g,1787089918,2026-08-18T21:51:58Z,2z2q5gk8TDgqCidzkXkyevXH1aDaVjWL8cQwoRbMF1Jq,sell,0.006089332,295.686736615,2.05938625104062e-05,raydium_cpmm
2dugjJKLaHEyL2PADbcxCYo2wH6j13jy78nfF4BkExbMYzYfQeERZ4qTcPuRSbdBWvgFN64ifLfkNwp85gNvV1Ln,1787091092,2026-08-18T22:11:32Z,3KEdzpSYJ7sXfHKpVhSF2Qj6ZAjd3Q3dugFCZ4umWvkR,buy,1.9704557999999999,82231.675121409,2.3962248088595632e-05,raydium_cpmm
5oxpabqXgGyCJoA6Sd1JMCeLM9b2NBEKoHPzCsV5Wu1Yz6FFYPpNz245jLCWM7f6KDYYzdw1NY7us2Sgs9m3YQUy,1787091092,2026-08-18T22:11:32Z,Act5xzJ7DhXrdNKbRw1yTzQUmT4hYtAPgFKTP5WzPBva,buy,2.0295442,84829.487357404,2.3924984851660307e-05,raydium_cpmm
25xQ3KAu2HrgXyR1terFe6aUGhy9XTvX5LzRJCDtkesT9kn94v7S5D6qhtt1AzVthpaSJT3rbs3Kjei9wUh2i6zr,1787091261,2026-08-18T22:14:21Z,3KEdzpSYJ7sXfHKpVhSF2Qj6ZAjd3Q3dugFCZ4umWvkR,sell,0.6680212,27407.817317965004,2.437338195340831e-05,raydium_cpmm
3dx2yC4gvc5VPfe1t7EjwZdTtwZsP4s1FNmAHzA95U16EyxFuGXg1X8ioYijXiCtoEfjwTDrnkKmYdEpRB6aynFK,1787091261,2026-08-18T22:14:21Z,Act5xzJ7DhXrdNKbRw1yTzQUmT4hYtAPgFKTP5WzPBva,sell,0.6894893160000001,28273.668136221997,2.4386270386921627e-05,raydium_cpmm
k5qaQUhDPtHwb8k2GnTdfG2t5Nkd5jAgoknJhQEHGoqPyAz75j9xHqPLnxJbn2Sx3eS7FpmDy5dzFrNcqJS9iUt,1787091264,2026-08-18T22:14:24Z,3KEdzpSYJ7sXfHKpVhSF2Qj6ZAjd3Q3dugFCZ4umWvkR,sell,0.444684151,18272.791805887,2.4335862616063672e-05,raydium_cpmm
5qC3MLN1hAc4r6CHHMsrqn8qHgsjKy2meRKGNZW4oSqbwprnANYZ2tcJK1Anbyowun4JN2W6o4x2yZoATw8mEggD,1787091264,2026-08-18T22:14:24Z,Act5xzJ7DhXrdNKbRw1yTzQUmT4hYtAPgFKTP5WzPBva,sell,0.458893916,18850.054546419,2.434443438187172e-05,raydium_cpmm
37tjvpAx5Fz7sjeYG4kytbNdE2YZNgQz4CwsQEuYWNfcN1cV1krpibjBTgko32cuT9QZn7oDB7ow4KeJaGrj7Tkn,1787091287,2026-08-18T22:14:47Z,3KEdzpSYJ7sXfHKpVhSF2Qj6ZAjd3Q3dugFCZ4umWvkR,sell,0.30086652900000005,12182.470296985,2.469667659066327e-05,raydium_cpmm
WPGdwW2QjF8haQHr2macsZ5yJpiCryFhY7Ynm3xFcdXDhTir1SVXuPrVHeZcwwN2QHoaXFziQyAgW9H355m8JFV,1787091287,2026-08-18T22:14:47Z,Act5xzJ7DhXrdNKbRw1yTzQUmT4hYtAPgFKTP5WzPBva,sell,0.310297931,12567.331366097998,2.469083705686864e-05,raydium_cpmm
3bSeF3nSTfEhqVA91BU9TfcgwKi1k6qAmnRZ3SNiCWmnrHhAxUWqZoYSzTyg6ZhgzTVxf18Nc2ERoj28jUL9WXvk,1787091290,2026-08-18T22:14:50Z,3KEdzpSYJ7sXfHKpVhSF2Qj6ZAjd3Q3dugFCZ4umWvkR,sell,0.601336321,24368.595700572,2.4676691607054113e-05,raydium_cpmm
2vEswJnUdAXMsaXpcTvEMZe4WapmvTBtcvdrDLU1wBtHixgzVeU7ShUKNHeCP2VBLpu5k6dnDyYKCEALcC3LgriE,1787091290,2026-08-18T22:14:50Z,Act5xzJ7DhXrdNKbRw1yTzQUmT4hYtAPgFKTP5WzPBva,sell,0.620626813,25138.433308665,2.4688364838793486e-05,raydium_cpmm
35sJs8m2EGrr2KzDMERWJwzbKufmc1pTRBjApsw1zdhHtZX1TwUZGTUZcw8ZKxnNAdbZPfrrh6tpWu6gqN7yhznE,1787091376,2026-08-18T22:16:16Z,3KEdzpSYJ7sXfHKpVhSF2Qj6ZAjd3Q3dugFCZ4umWvkR,buy,0.527161087,20674.621439168,2.5497980146872004e-05,raydium_cpmm
3oJNxranEKKFp4KWnDLDwkyXuxJ8wRvuFZ1q2kfTs9b1Cweyp3oQVdQvicSgWxGGv7xB6woiYnytvGz4DqCTfQZR,1787091376,2026-08-18T22:16:16Z,Act5xzJ7DhXrdNKbRw1yTzQUmT4hYtAPgFKTP5WzPBva,buy,0.47283891299999997,18551.16334787,2.548836987381119e-05,raydium_cpmm
5XyRvsfJVBS2n42nBpRzwoiRUz8Z8F9W16neoWKg6VYRFQnHXbpCR1NSchs2ezfQ2Ld4ggRzXZaX7m1KTfb6LsgT,1787092573,2026-08-18T22:36:13Z,3KEdzpSYJ7sXfHKpVhSF2Qj6ZAjd3Q3dugFCZ4umWvkR,sell,0.564458727,20674.621439168,2.73020102767461e-05,raydium_cpmm
2zuDufPMhpSQLsSxgmH9cJkDygjAmzwgPeymRVq9qCtZiZ75ro6iv33qVa2HfVyL98qEEVfnS3rjUzj597eq3s5c,1787092573,2026-08-18T22:36:13Z,Act5xzJ7DhXrdNKbRw1yTzQUmT4hYtAPgFKTP5WzPBva,sell,0.506284663,18551.16334787,2.7291262197749467e-05,raydium_cpmm
51pgYxbEFinMkcePmcVurBvhc4P92tZGiV98QAT6wLVq4kERyNxuXqcdX5SnQXgXEpPQCR2nY4Rz7bqJxdQRqVha,1787092725,2026-08-18T22:38:45Z,3xqUaVuAWsppb8yaSPJ2hvdvfjteMq2EbdCc3CLguaTE,buy,1.013,37975.678627795,2.6674967679407554e-05,raydium_cpmm
5hvhNdjBUtKLJiC7apuyhPGnWasC9epFXimbca5idg4iU4WHKcyKLzf1kxpwBx8HfwuhzzqDwVSRGpLtA23XzRq6,1787093018,2026-08-18T22:43:38Z,3KEdzpSYJ7sXfHKpVhSF2Qj6ZAjd3Q3dugFCZ4umWvkR,buy,0.226727053,7084.749663163,3.200212622597836e-05,raydium_cpmm
5uze5vDd3Pn2a3DvLy9N2e8joh3sNudExoaY6bSSpyn3xaoLj89c7z2KagTdszhU6oMrAikmwCst7UhR3eyYKaZa,1787093018,2026-08-18T22:43:38Z,Act5xzJ7DhXrdNKbRw1yTzQUmT4hYtAPgFKTP5WzPBva,buy,0.273272947,8537.777853565,3.200750261801357e-05,raydium_cpmm
38JFWE3EaxhpDKUyP1vKA14Yjnn2NifBbvPc6CkYNPXSTKU98L5sCpyE4dHTvrxLQKYnEwwh7NNxMSJigKWEB8Vy,1787093173,2026-08-18T22:46:13Z,2z2q5gk8TDgqCidzkXkyevXH1aDaVjWL8cQwoRbMF1Jq,buy,0.00803928,172.851796003,4.6509670052028095e-05,raydium_cpmm
KYzBJBsNcF4h7tcvXsLw43q86buGx2rqLGwYK7H3TDUvA3ugQJ6vByi6tD69N5MqV4SVDPbFp3UZpxXNF6cbXYc,1787093233,2026-08-18T22:47:13Z,2z2q5gk8TDgqCidzkXkyevXH1aDaVjWL8cQwoRbMF1Jq,sell,0.005579110000000001,172.851796003,3.22768413693727e-05,raydium_cpmm
95E3hSAx84S3k9fBpdEdTzja6eU45JWanK3n95spRVaiCuTQ6iDNM3J8NXvNsH45tacbSKW62dPL9PvuULpL5z8,1787093965,2026-08-18T22:59:25Z,2z2q5gk8TDgqCidzkXkyevXH1aDaVjWL8cQwoRbMF1Jq,buy,0.008039280000000001,147.339192165,5.456307912287923e-05,raydium_cpmm
39UcJHJMMyALf5ca5mQcJN9D2ryppWYctyacuhXVe3gLwiYs79TmyRA4ZuaKtpLQtMhf52jQkbWTvA8XdJYnnSAA,1787094025,2026-08-18T23:00:25Z,2z2q5gk8TDgqCidzkXkyevXH1aDaVjWL8cQwoRbMF1Jq,sell,0.005597884,147.339192165,3.799317695274945e-05,raydium_cpmm
CsdhxtJLKmykLo5HmX8wgJ3pVf5CkmUo1wRZh7BwrUHzJJkhyXcCvYmTd4fZiuaYJDZa1sv8vnknUEF7V1Sfyxm,1787094944,2026-08-18T23:15:44Z,2AwjJTdTWCu6QjyZKvF6oVEd9TkQP1WYvVswFvDEySxn,buy,0.022692900999999998,634.366139766993,3.5772560320346317e-05,raydium_cpmm
H6HYTjM4ftAgAxR2DM5b3e5zARZnA8FpohJmYSVWqWxcMBYJivp8RGAEX89NV3wxqMCSDpwyZzPexfyFuUdWMGb,1787094944,2026-08-18T23:15:44Z,5kidNviTucvoHuFGuPQUikWokMxsLZMncGrS5gK9Cujs,buy,0.027425062,767.2598211580189,3.574416546223883e-05,raydium_cpmm
58YeFiGuY2UqiRgtYuF26EjYkib4xqwNkz83zaqv9if6jkibZkJSRd4yi8uWxPwwvMD4MT3B1uDpffMinJ1LQx4P,1787094944,2026-08-18T23:15:44Z,DenZLNzBtE3L8T1kQFKh8oE7FCXBrdsM9xwCbsnKvdJq,buy,0.025886931,724.0259150230559,3.5754149765724416e-05,raydium_cpmm
5SyRtT5BcCu5UueNC1Kfcwkjtwz22iYYDKz4AnMZViW1FkXU5x9yZDVfi35AuvVyo6hFQfW7mnyjV3kUeemeXuBz,1787094944,2026-08-18T23:15:44Z,Hedt6aVyFRvxpQJkrrqgZ3e3JxUNb7ufCVyYXMnHYYE4,buy,0.02330195,651.4765946309781,3.57679004772215e-05,raydium_cpmm
2xfscKtib8vEqE6c1diFL8g54SopnMMNLobFduHQsbC5PaEfU5tUfam4c1ufxKz43k1WDMPbVPYR9Bxb99FpKDJ4,1787095085,2026-08-18T23:18:05Z,2z2q5gk8TDgqCidzkXkyevXH1aDaVjWL8cQwoRbMF1Jq,buy,0.00803928,170.975232543,4.702014368062423e-05,raydium_cpmm
53QyjtDhcPMLtzfZwTDkErM3g1CyDHGBGDfc5mb9ndN4LjcV881gLzrWp15C3BRjbsujYFP43Yd5quLbqrRCUuxK,1787095146,2026-08-18T23:19:06Z,2z2q5gk8TDgqCidzkXkyevXH1aDaVjWL8cQwoRbMF1Jq,sell,0.0061717329999999996,170.975232543,3.609723413271462e-05,raydium_cpmm
25fsUGDs98FCZ3EUHo3VvjevH9jHAJE8HSzkKFu7DkHm3cH5L8w9Y7z9mHD4BvV2WBjnzs2UKGAhC4dTST7BqcYt,1787095526,2026-08-18T23:25:26Z,3KEdzpSYJ7sXfHKpVhSF2Qj6ZAjd3Q3dugFCZ4umWvkR,buy,1.5,36029.85073649,4.163214582737205e-05,raydium_cpmm
42ATueWQLEqc5GhakDv6J2kFjjukYKYLi68PZM1xAqe9PYQLtW8VcBzZf15C471YdKHdpRHZGNAwGDsbHZbpmeN5,1787095526,2026-08-18T23:25:26Z,8n79PwcyrybEECM3ghGetPnm6Y2SRBVzJNd536Z1C1PU,buy,3.007438158,71956.147119785,4.1795430666869004e-05,raydium_cpmm
5AtcxusGzK1CP9gbA8YGF8XTYFXn4yV4aTM1uQucwXcnQpSbBpa8zFjiYhuDyQNy9Sug5hXGjNYo6pZFej7pFVw4,1787095527,2026-08-18T23:25:27Z,8n79PwcyrybEECM3ghGetPnm6Y2SRBVzJNd536Z1C1PU,buy,3.007438158,71716.18455038601,4.193527830370073e-05,raydium_cpmm
5PUaYnSmUKmGmeSaWTJu8ZBhUwUF11Cv3o58c1UhCaAwDoKvyAfHP2SnnrN87XMaustf21RL6mySgxPoFQ9QMZUW,1787095527,2026-08-18T23:25:27Z,8n79PwcyrybEECM3ghGetPnm6Y2SRBVzJNd536Z1C1PU,buy,3.007438158,71821.17139465899,4.187397809865921e-05,raydium_cpmm
4bRqyTBUdmZjAFzZQsgHfPSBZjrbJmeKYmyxxkP2RqxhCaLzVm3L1jozechAgZVddTnoFfDZ1xMJ2vvhNuBjGqX,1787095530,2026-08-18T23:25:30Z,3KEdzpSYJ7sXfHKpVhSF2Qj6ZAjd3Q3dugFCZ4umWvkR,buy,1.5,35646.594234533004,4.207975634729389e-05,raydium_cpmm
5ABHi6fE8Mwaq5X3zGx8Z5WcsARSAzoiFFTFmuGYo5MUJDgQxVMkRox31ny3oK3r6kA4JPwuj9f19xCFuzAvcsnk,1787095545,2026-08-18T23:25:45Z,2z2q5gk8TDgqCidzkXkyevXH1aDaVjWL8cQwoRbMF1Jq,buy,0.008039280000000001,141.304219069,5.6893417995356215e-05,raydium_cpmm
h57UAPc6RyeguLm7GUC3mt6MvRcjiDk52nJHWhdTjgt4wEDoZuKazAs5ZM7EU1wgaum9226HeA6Ki2y3G4niSay,1787095557,2026-08-18T23:25:57Z,2AwjJTdTWCu6QjyZKvF6oVEd9TkQP1WYvVswFvDEySxn,sell,0.801021471,18905.613255779026,4.236950476891542e-05,raydium_cpmm
5TKmeurwJxknABsb9JX4zWzVxYp3XbJTHafvXM2uszFj3Wpc3k2tsuwqv3iXnYM5rDVm7tzC8ig7YELjQhfmGVWp,1787095557,2026-08-18T23:25:57Z,5kidNviTucvoHuFGuPQUikWokMxsLZMncGrS5gK9Cujs,sell,0.81858846,19291.19728717697,4.243326361833037e-05,raydium_cpmm
MkvceBE7K2LvNLmtEs9P9ujxgAEqvZ2SR94bh4MzFUSoP97YnPNQL5QUvDCCCV6iPibkrQYn2FD2uussxh1iw6a,1787095557,2026-08-18T23:25:57Z,DenZLNzBtE3L8T1kQFKh8oE7FCXBrdsM9xwCbsnKvdJq,sell,0.78653312,18547.288846949,4.240690520810989e-05,raydium_cpmm
25C1vtopp55kdrXF3ciRecKVMhevEUu71v7VHyE3c99f4zsmavXyEHLdgRycryk4GCjRqTRy7pgcu3Vnb7QpEXcH,1787095557,2026-08-18T23:25:57Z,Hedt6aVyFRvxpQJkrrqgZ3e3JxUNb7ufCVyYXMnHYYE4,sell,0.812001789,19172.91130872199,4.2351512293837744e-05,raydium_cpmm
4Ux8gPbcBervZM9hFdwxPTm5Bzuwe4f48BFvYmPJAvbZ5vRF2vd4WHRSecsCcRZZ5HkVBf1hxfRbCEfEqzqxQV92,1787095559,2026-08-18T23:25:59Z,2AwjJTdTWCu6QjyZKvF6oVEd9TkQP1WYvVswFvDEySxn,sell,0.787684127,18527.500990664004,4.25143211379081e-05,raydium_cpmm
4UgjotqwaEzUCexUD5PQWqwG8G3wy4id9xCMLcfVEBnbBycAMVYcVYbKtj9vmsS65PdEAb7nJ7ynsaxQH6kuTCza,1787095559,2026-08-18T23:25:59Z,5kidNviTucvoHuFGuPQUikWokMxsLZMncGrS5gK9Cujs,sell,0.803050378,18905.373341434053,4.247736151499271e-05,raydium_cpmm
5ERuR5RnTjLnDcgNgBzufEmpp9fDgPBEepXBwmeUaTMroBMhARrpvZpwoW6Wg1VC7dF19QwJ6yY8JEdkzDA2EDEp,1787095559,2026-08-18T23:25:59Z,DenZLNzBtE3L8T1kQFKh8oE7FCXBrdsM9xwCbsnKvdJq,sell,0.7708729559999999,18176.343070009956,4.241078378807128e-05,raydium_cpmm
4KWH1WZngDtAMnYREQvBiAdpc1qXk1CfSXtMQkfMAXHtjUWEzNU7RF13dKpYm89u1J3FFBM6cVkSYpqLVBnm2sS,1787095559,2026-08-18T23:25:59Z,Hedt6aVyFRvxpQJkrrqgZ3e3JxUNb7ufCVyYXMnHYYE4,sell,0.797730752,18789.45308254799,4.245630506089333e-05,raydium_cpmm
2dExHZrGi2vKTSxNwGAevwfLsccpgjRzJjVTVMQ1UyVngLs43BtGGsJzAbnu1o7qfRjgaw5pJvZuzTtUDTRn8z86,1787095606,2026-08-18T23:26:46Z,2z2q5gk8TDgqCidzkXkyevXH1aDaVjWL8cQwoRbMF1Jq,sell,0.006303126,141.304219069,4.4606778492028836e-05,raydium_cpmm
4e9VnbGpgpNpNvT9BrQQvQ4E7k3ptf1Sc5AGMpqfWT2mw3ZqxafY1EZzDpucRaXeG9cfjhwuqW5KYA849Q8MnztH,1787095634,2026-08-18T23:27:14Z,2AwjJTdTWCu6QjyZKvF6oVEd9TkQP1WYvVswFvDEySxn,sell,0.813166026,18156.95097085007,4.478538424791094e-05,raydium_cpmm
acfa6zv8YjfyEPt3tYD1KqZdr3CAnpyQQ4j9pN41TD678WbdzUJYfnQjHqms1JAWF8sFJWoCTEVTCGu9pHYzpX2,1787095634,2026-08-18T23:27:14Z,5kidNviTucvoHuFGuPQUikWokMxsLZMncGrS5gK9Cujs,sell,0.8310013719999999,18527.265874605044,4.485288750236143e-05,raydium_cpmm
4aCmnQHzmnbQiftAJB58XXYMSZsS6u5uKXdhA8BG15mHmwdgxYPJk8x2RaPvWjd7aFYcHmdbzvSRjY9AxNYyYfnB,1787095634,2026-08-18T23:27:14Z,DenZLNzBtE3L8T1kQFKh8oE7FCXBrdsM9xwCbsnKvdJq,sell,0.799214773,17812.81620861008,4.486740129355223e-05,raydium_cpmm
2ZdCE1QPhdw1PwhgDYrM1efecoHoMtMM96G4GAXotX29cWAbQKTNRf47zhhw8SexnWguLcJGLEo9fqpVvu3BGjeC,1787095634,2026-08-18T23:27:14Z,Hedt6aVyFRvxpQJkrrqgZ3e3JxUNb7ufCVyYXMnHYYE4,sell,0.8250939089999999,18413.664020897006,4.48087848275949e-05,raydium_cpmm
42dTzL8hJmVtEZpot1Rzgf4cKVDhXugsJAJWVSmJEd1uHdbwaq8igJ8HULqe1saXbxyYMHHECyBMhxZvLjG3VHke,1787095636,2026-08-18T23:27:16Z,2AwjJTdTWCu6QjyZKvF6oVEd9TkQP1WYvVswFvDEySxn,sell,0.794022318,17793.81195143296,4.462350845154662e-05,raydium_cpmm
ea7ZfxWrmpdisakDhZWU7ud7rWpzQUZT85gT1TQwF8vfvPNDe89s6o9JNdxTDCWC6xDdmPz3vcjBVdcwCCP5hHa,1787095636,2026-08-18T23:27:16Z,5kidNviTucvoHuFGuPQUikWokMxsLZMncGrS5gK9Cujs,sell,0.809527335,18156.720557112945,4.458554794923389e-05,raydium_cpmm
34ofcWkY9QK5sP4KKnfLstKS9UK8AQjniY6fJixo26yAZ54a1w4fiqAEGt1gNVjMJfgJXVDbz445JKWj5sA1EWHg,1787095636,2026-08-18T23:27:16Z,DenZLNzBtE3L8T1kQFKh8oE7FCXBrdsM9xwCbsnKvdJq,sell,0.777838591,17456.559884437942,4.455852677442033e-05,raydium_cpmm
3DsJDm73G5sehqHDv1T3cYT4YQRGJVfZhKGwk8nCR3ZwNiy5uTdPnBb8MQE58BR547FfdTKN8EtwgrBUSqNYqiF9,1787095636,2026-08-18T23:27:16Z,Hedt6aVyFRvxpQJkrrqgZ3e3JxUNb7ufCVyYXMnHYYE4,sell,0.806805847,18045.390740478993,4.470980199892221e-05,raydium_cpmm
396FX9XULqMaxb5nvKat3FRWJm6sfdDL5DvFKW256YBR2P6nt8HvKAj3BhYjqUCrhmAovKRMnheXz6iH57HDWZfX,1787095675,2026-08-18T23:27:55Z,2z2q5gk8TDgqCidzkXkyevXH1aDaVjWL8cQwoRbMF1Jq,buy,0.00803928,142.581584423,5.6383719065357596e-05,raydium_cpmm
mcLaF3itVAMTzsEnAxPYTHa7XBCLRuLqmKpWtQ8KnUW2ozzxu3gddssaZoHFHYWRq5PBVSSarbMHbgHTL7ihNSZ,1787095736,2026-08-18T23:28:56Z,2z2q5gk8TDgqCidzkXkyevXH1aDaVjWL8cQwoRbMF1Jq,sell,0.0060997510000000005,142.581584423,4.2780777227890324e-05,raydium_cpmm
2T3VG9ZwbEum3WAT5CgNCzPJ2A6vekYk432aiNmmvZnEzLJPLqyhAExzbX5VuvbbaKH9zvB1XmPLd5PeeAJXGNix,1787095796,2026-08-18T23:29:56Z,8n79PwcyrybEECM3ghGetPnm6Y2SRBVzJNd536Z1C1PU,sell,9.736993715,215493.50306483,4.518462773362908e-05,raydium_cpmm
3UWvC5tgBKpZBjbfbhp2Gab5sn6ZZkPD7CNNhFPTmuon8r4By6sgy3Di9qzucBVuF1VFsESx4AwkPcGSppPexJk2,1787095805,2026-08-18T23:30:05Z,2AwjJTdTWCu6QjyZKvF6oVEd9TkQP1WYvVswFvDEySxn,sell,0.7940033310000001,17437.935712405015,4.553310346448641e-05,raydium_cpmm
22KQWc7VJ11zm8dWxSmL6tdGmry1fgnhKJpwFD9Amcgb5MZxxBu5HnWkRRRREcdWwfjBR4tfAdbqhV9WRL9ofFxH,1787095805,2026-08-18T23:30:05Z,5kidNviTucvoHuFGuPQUikWokMxsLZMncGrS5gK9Cujs,sell,0.811764617,17793.58614597097,4.5621192397116037e-05,raydium_cpmm
XpDYEQ7hEHE1RV5t4CM7b6R2FhcVoRZig8oYEYPWXBzjFuCznT6EvkxhsjSPzP1jWMftbv7d11RdcyuFNVcUxPh,1787095805,2026-08-18T23:30:05Z,DenZLNzBtE3L8T1kQFKh8oE7FCXBrdsM9xwCbsnKvdJq,sell,0.777830432,17107.428686749074,4.546740753638127e-05,raydium_cpmm
5M2kj2tN3MpHhNvt4WXoHdJCvcUb27zD4YiKuw6GpD9ZpYF9iFpmtLdEUdcWPnQb7roDH54QUWuaCt1LCS3c2c8r,1787095805,2026-08-18T23:30:05Z,Hedt6aVyFRvxpQJkrrqgZ3e3JxUNb7ufCVyYXMnHYYE4,sell,0.8045318260000001,17684.48292566999,4.549365844517729e-05,raydium_cpmm
3soSG2MnHGdF81X1Kaw2g5amJLNdtH4vTjstahUdLDb73Kd4RBw1iQZnTjB3tJzsoovg3wQdRbDytVcouAhDZxUu,1787095807,2026-08-18T23:30:07Z,2AwjJTdTWCu6QjyZKvF6oVEd9TkQP1WYvVswFvDEySxn,sell,0.775272471,17089.176998156938,4.5366284817789225e-05,raydium_cpmm
3YJzpmBuNJhRD1EANopQHQhC7pG65Cj9nvooZVxAgxnr4UdXygLEuZwStdEE7iW6xWDxJAQk2bhSKKDgjzPgpgHg,1787095807,2026-08-18T23:30:07Z,5kidNviTucvoHuFGuPQUikWokMxsLZMncGrS5gK9Cujs,sell,0.791499571,17437.714423050988,4.539009825471814e-05,raydium_cpmm
F2oDY5hxbrwquxWbTQUjqhDWdkFy7uuftBK3kB74ThfZB3cY7b4xzEMdsP8fd1e4y12MZs1roGfVmk4ywmyyoQY,1787095807,2026-08-18T23:30:07Z,DenZLNzBtE3L8T1kQFKh8oE7FCXBrdsM9xwCbsnKvdJq,sell,0.7584643179999999,16765.280113013927,4.52401816663503e-05,raydium_cpmm
4e87G1hy3ctJUJj4jKxNJyuuWtQaSjLwkbgGY92tu2QeH668Sd1QXCofspRX21UWys1CwjjvkhNX7uFTe4wx7k82,1787095807,2026-08-18T23:30:07Z,Hedt6aVyFRvxpQJkrrqgZ3e3JxUNb7ufCVyYXMnHYYE4,sell,0.78556924,17330.793267155997,4.5327944768041925e-05,raydium_cpmm
2nWpuVFrSf3S7Xdpchf5MEBeaMwgaVCu16KrK8AYhdT89iYA1um9sFxCLNzPhZ17sGhMvXnCq6Yj1RGnHszYVbu8,1787096157,2026-08-18T23:35:57Z,2AwjJTdTWCu6QjyZKvF6oVEd9TkQP1WYvVswFvDEySxn,sell,0.781784347,16747.39345819305,4.668095658895149e-05,raydium_cpmm
5n9YxVS52qQCD1JZKB4CSwAXCwChpzXSsqVA3SSZicx9fJ5StUG5ZXhKPiJDcJ7yjVXsVw6zJCpTiECRiZey3CY2,1787096157,2026-08-18T23:35:57Z,5kidNviTucvoHuFGuPQUikWokMxsLZMncGrS5gK9Cujs,sell,0.7967284349999999,17088.960134590045,4.66224058529652e-05,raydium_cpmm
5bNzHK2nvXKLJWo2JdtwNksLSSpxu6ZK7N4gaG1ERnGa8XzDx3arnjScsG8soPzYcqcyp9hp6dGkGD3U6PEShgtK,1787096157,2026-08-18T23:35:57Z,DenZLNzBtE3L8T1kQFKh8oE7FCXBrdsM9xwCbsnKvdJq,sell,0.766575911,16429.974510753993,4.665715765403344e-05,raydium_cpmm
4VAG7eRKbKAyaycgNMSy2R238EEJwABBGZhmKiKUtoD4XztyCkXmcnuDd4KQtbE3QH2qcPCsATKqaA6a2RNuayYT,1787096157,2026-08-18T23:35:57Z,Hedt6aVyFRvxpQJkrrqgZ3e3JxUNb7ufCVyYXMnHYYE4,sell,0.793593987,16984.177401813096,4.672548856651027e-05,raydium_cpmm
21s7MgyEkdsMatF4DMvUhQw6pqX1bmcADqAfYjbKhEAnGHPMy1F6icHF35Zfe8YUQsN52Du4n7kKTCb6wRbcWHfm,1787096158,2026-08-18T23:35:58Z,2AwjJTdTWCu6QjyZKvF6oVEd9TkQP1WYvVswFvDEySxn,sell,0.767575359,16412.44558902993,4.6767884459159884e-05,raydium_cpmm
4bRP66j6mb1cfZ8737ZPB15n822ZHPvgwBDDcUdMM7ki369pqhYTcLpTXaVs6iPUa8HkQKFTC2unREhjwFwyKPV9,1787096158,2026-08-18T23:35:58Z,5kidNviTucvoHuFGuPQUikWokMxsLZMncGrS5gK9Cujs,sell,0.784656025,16747.180931898998,4.685302130494306e-05,raydium_cpmm
4DnC14A84CYsRKXPUVtk1RZ8Gjz1iKe56cctkqBLPAK9gk3ditS8pJataPiqaGfawWvXLx19RoVsPm3zB8drh9BQ,1787096158,2026-08-18T23:35:58Z,DenZLNzBtE3L8T1kQFKh8oE7FCXBrdsM9xwCbsnKvdJq,sell,0.753956372,16101.375020539039,4.6825589183423614e-05,raydium_cpmm
5qD4AwgoKScPpr3TerqkvoyHTEzeFobYJvJUrx3qXaN3NXgo7GrBD4JjWTwTyzVfdrLSnSEGQo3jnEFQyeQzCqdy,1787096158,2026-08-18T23:35:58Z,Hedt6aVyFRvxpQJkrrqgZ3e3JxUNb7ufCVyYXMnHYYE4,sell,0.7805192679999999,16644.49385377695,4.689354178366231e-05,raydium_cpmm
2dLHBPZEvATtffvwuSBr8yq2UNHSbjU3aGQQt4KsYweXSUk5H4uj5p3WAeBbc88eNK4g6ruBPhE8VaVpRgMzzNdu,1787096916,2026-08-18T23:48:36Z,2AwjJTdTWCu6QjyZKvF6oVEd9TkQP1WYvVswFvDEySxn,sell,0.740288608,16084.196677249041,4.602583659320281e-05,raydium_cpmm
5GZrh9TaiuZ1uumwAbjaoQc8s9WLPjxesjuhnyBxqQwmXY3PL2g4aFRh8SswxHFzo2bPtZg3MTXpakyksBh9QuKK,1787096916,2026-08-18T23:48:36Z,5kidNviTucvoHuFGuPQUikWokMxsLZMncGrS5gK9Cujs,sell,0.756743729,16412.237313261023,4.6108505169405154e-05,raydium_cpmm
4FfXWyd35Dwff8cAWJ2p1VytubAX4KtUnFu6XuQdsUfxv9txWBcUyzNY1Wfo6EGsVeNg197cXnhSTQpg2sBX3qNV,1787096916,2026-08-18T23:48:36Z,DenZLNzBtE3L8T1kQFKh8oE7FCXBrdsM9xwCbsnKvdJq,sell,0.728062449,15779.347520128009,4.614021258301646e-05,raydium_cpmm
45YM3KXo52pSbcCZ3YMJQNNafUxQK6M7E1Rb2CZ7ANPryntnzid4XA2na5uVuhyYGkNoPJ5QVQTSqgma5uo5g629,1787096916,2026-08-18T23:48:36Z,Hedt6aVyFRvxpQJkrrqgZ3e3JxUNb7ufCVyYXMnHYYE4,sell,0.751114741,16311.603976701037,4.6047877454165006e-05,raydium_cpmm
38jcoYa5BU1imH2kpj4EBUoseFameSbH2K9WP1z2JjeN3C8miZJvmvb6RHJ9i66RTNZfDB5dQ9ELmj4hcStURzNv,1787097907,2026-08-19T00:05:07Z,2z2q5gk8TDgqCidzkXkyevXH1aDaVjWL8cQwoRbMF1Jq,buy,0.5,12940.869489159999,3.863728016257549e-05,raydium_cpmm
3JsEGLkrkKmjq9KDNCk2aAvLEvFaU666WHQQHm5SbR8UZ3cm7zVZPd7883boHQoMw1o68362FGnGAmtzi5g6CPgr,1787097907,2026-08-19T00:05:07Z,2z2q5gk8TDgqCidzkXkyevXH1aDaVjWL8cQwoRbMF1Jq,buy,0.00803928,155.6641548,5.1645030356082974e-05,raydium_cpmm
3mywPTfpeTEzTJbKETgrjJz2oeAvcCRsk5jYhdaaNFTtfxm6VXtR61BN1238TPJ4KTcGHszLrsjLAVnPDg3SF12K,1787097968,2026-08-19T00:06:08Z,2z2q5gk8TDgqCidzkXkyevXH1aDaVjWL8cQwoRbMF1Jq,sell,0.005549643,155.6641548,3.5651386840665256e-05,other
5ExnL41pc4F5CryL7jV5RGC56Ue6F9UD3LezT1MQUbgcaBQHjdveAjrzLoxXWsN9AK9oafBjFmqq76KjHDemFNgq,1787097968,2026-08-19T00:06:08Z,2z2q5gk8TDgqCidzkXkyevXH1aDaVjWL8cQwoRbMF1Jq,sell,0.461359984,12940.869489159999,3.5651389915218685e-05,other
ju3h63Hp4ZQ6ozU29ihMBvgQtEYshH7zHbGqy5qBxDBr2hCp3AMsWutfcxtnXu1nQRYLeirNKPNsxeV1VUrm6xE,1787098774,2026-08-19T00:19:34Z,2AwjJTdTWCu6QjyZKvF6oVEd9TkQP1WYvVswFvDEySxn,buy,1.244065979,41534.42893918301,2.99526443669571e-05,raydium_cpmm
3HCewJ1QKkqv2fjAyk5F1sCubzpAyukAHoqKR6Z3EzKPP4yZbJFmEMp9ZN3dnUTMdJUsLjj1Wvg1dsj6wDMcaTjC,1787098774,2026-08-19T00:19:34Z,5kidNviTucvoHuFGuPQUikWokMxsLZMncGrS5gK9Cujs,buy,1.2207685879999999,40649.01917022397,3.003193220697024e-05,raydium_cpmm
Nptpusm4MKG2ZkGetacki7ZUJT9byLpvb5yF9qUTrjzqQACBvt1AmdZaBxz7C2HkGigFChMMhAFdtAcH9WV1Qc2,1787098774,2026-08-19T00:19:34Z,DenZLNzBtE3L8T1kQFKh8oE7FCXBrdsM9xwCbsnKvdJq,buy,1.192727897,39745.23334594502,3.0009331851656804e-05,raydium_cpmm
5FFaU39azy1NUo88d1WqjsukgYnRGGu5mKVdwwDDbXxaaGM7RjQWnMmHHHqgddRWkvhBUCpiW4aFPr5iJgshCAA6,1787098774,2026-08-19T00:19:34Z,Hedt6aVyFRvxpQJkrrqgZ3e3JxUNb7ufCVyYXMnHYYE4,buy,1.208177482,40404.120726185036,2.990233323446651e-05,raydium_cpmm
8DVQ15DTCc7cLyeASb5G69JmnV1EGdw6Jmc4LVHDbe7crTajdbdprgFjGe1aC9vk1PYqih6Qvb6pwvxtfmwnjnA,1787098838,2026-08-19T00:20:38Z,2z2q5gk8TDgqCidzkXkyevXH1aDaVjWL8cQwoRbMF1Jq,buy,0.00803928,189.087994238,4.251607846599279e-05,other
4ucxjWNDex53y9PoKKJeitY5cUa87mpEzKe5S6AyiD8oegv6YLdq7rVrU6twRe1xoE6BJP6Kq8KNu7XycMtADgtn,1787098876,2026-08-19T00:21:16Z,2AwjJTdTWCu6QjyZKvF6oVEd9TkQP1WYvVswFvDEySxn,buy,1.305954075,45792.687358116964,2.8518834563844695e-05,raydium_cpmm
5TMtvgoMMvkxC6wuF6p5NTCM4Vtak6axgnJtZ2h2fn7NfGE5qjJJaLbcm7Zioit1phHjJF7tfYrBe9DCH5Yo7bYJ,1787098876,2026-08-19T00:21:16Z,2z2q5gk8TDgqCidzkXkyevXH1aDaVjWL8cQwoRbMF1Jq,sell,0.005283973,189.087994238,2.7944518747970878e-05,raydium_cpmm
5kWLdR9sm8F4ZERPU4Tvgs4u1abEYj2edteg5BnRsrpWtuKMs9vvVtCNL1APruyo6KFUhSw8D3vTBaJqbS7ew9KE,1787098876,2026-08-19T00:21:16Z,5kidNviTucvoHuFGuPQUikWokMxsLZMncGrS5gK9Cujs,buy,1.2234901679999999,43158.77665267803,2.8348583136312817e-05,raydium_cpmm
ByTQw9cCcMp6zWQPErigGL4XduCZJfbCRJBht8DUkfqU1XCLqkQEcUTKZsvUdryquatjLJnzrrZGVHfCXXvdN74,1787098876,2026-08-19T00:21:16Z,DenZLNzBtE3L8T1kQFKh8oE7FCXBrdsM9xwCbsnKvdJq,buy,1.2317595479999999,43413.71502752404,2.837259025676728e-05,raydium_cpmm
3iNzaLVtfzg9r4nfu4hSST4edDQW9HYeBn64ee5bcHnNHmgXSCUBnFvyj5ha1c9u147JVfRNjCU1ZRFwAejpB8GX,1787098876,2026-08-19T00:21:16Z,Hedt6aVyFRvxpQJkrrqgZ3e3JxUNb7ufCVyYXMnHYYE4,buy,1.130359257,39759.483305017,2.842992823443878e-05,raydium_cpmm
4bGfD7UkYgUdBKhwyZryGmfyiSTPRqbMcmD3SNg7PLY8qXzqaTXFJrokRe4C2GeErfSquDGR2zZACw86jXkguWgq,1787098890,2026-08-19T00:21:30Z,2AwjJTdTWCu6QjyZKvF6oVEd9TkQP1WYvVswFvDEySxn,buy,1.377057024,49537.23740222899,2.7798421878448104e-05,raydium_cpmm
2qw3QpL5yFK2BwL5NaVhtddcqPrfX5KEyJKpWHpEYg6XDfSavfTyMAEr4QZR5CUv4Kxexhz7XktDza5nspLd4cDF,1787098890,2026-08-19T00:21:30Z,5kidNviTucvoHuFGuPQUikWokMxsLZMncGrS5gK9Cujs,buy,1.191034741,42669.88309998403,2.791277253347914e-05,raydium_cpmm
2xhCQeRc6SdbAAxMXSEBL7917fGUD4cuPqsHo37gaVYMZ8qLGYHEsJmozK8maBUP39JgfAoX1cn1wqHMZxJFazGo,1787098890,2026-08-19T00:21:30Z,DenZLNzBtE3L8T1kQFKh8oE7FCXBrdsM9xwCbsnKvdJq,buy,1.274461445,45628.67260980897,2.7931153200499288e-05,raydium_cpmm
4wGigBkJnvfyjo3upP3NVLyHKwSuRxdVg9aDxQchNcGnWhmrXV1miCNVx475B3zHP8iku5VjviGxE2Ck3CEeGYmr,1787098890,2026-08-19T00:21:30Z,Hedt6aVyFRvxpQJkrrqgZ3e3JxUNb7ufCVyYXMnHYYE4,buy,1.188014749,42677.837033808,2.7836807850849918e-05,raydium_cpmm
4poM5ydgQw2Djne61wRbmAoUSpFuC2ZeXnTGfReiNuzC8cDQYJywd6oHtAxVptH9EcWB36fDT1rA2FgSTVczvLf7,1787098968,2026-08-19T00:22:48Z,2AwjJTdTWCu6QjyZKvF6oVEd9TkQP1WYvVswFvDEySxn,buy,1.305514383,42428.764529003995,3.076955922455767e-05,raydium_cpmm
v3kXz42k5Y36aqAqaBGMxPbkAW9GNBnG48qc4uGrDfbMXZy9ESeTkbteKwcMpq2y8r5LTn9eqYw6ySRiqhiVQQf,1787098968,2026-08-19T00:22:48Z,5kidNviTucvoHuFGuPQUikWokMxsLZMncGrS5gK9Cujs,buy,1.143977572,37170.82790017198,3.0776219864468155e-05,raydium_cpmm
5FM2f5N858dJj7yuWtYS7ZSXgMsZhC9W7jFZ7D7tiPGiCyz5a6xhSPp5DPkhUteVeKhsdCr3jGimMg6i8H6iGPVG,1787098968,2026-08-19T00:22:48Z,DenZLNzBtE3L8T1kQFKh8oE7FCXBrdsM9xwCbsnKvdJq,buy,1.255438417,40616.078610581,3.090988741273862e-05,raydium_cpmm
3h9s6WWmn41EqL5K9WFiT6VsQXjC28ufXY1jXVr139m1UyKnWPXq6JeFFaLyc59TKjm2iXdtcJ1uw7o3P5Kh5LmB,1787098968,2026-08-19T00:22:48Z,Hedt6aVyFRvxpQJkrrqgZ3e3JxUNb7ufCVyYXMnHYYE4,buy,1.185664228,38372.99740519095,3.089840012966013e-05,raydium_cpmm
3baLJHFvXWSZZJvFx3y9HjSPZq3VYbKVpohTgug85xVCNRWtDpV4y7ShSRVVZszMr7FrbCkCBjpLQFfuF29jyioz,1787099023,2026-08-19T00:23:43Z,3o7YPX68tAMJdYH6CeqNpvcNe9ZGcgFzBzVsoUQZgSbo,buy,0.129931141,3988.957314592,3.257270779125639e-05,other
4JHKjPSNbmRUNNjFe8TPbzjvZMMt2nXtEM9auAinx3d1kTF9gJaCWSkSo4iC2CnyHteKVu5jSWb7cWV3bU6TCxPJ,1787099502,2026-08-19T00:31:42Z,2AwjJTdTWCu6QjyZKvF6oVEd9TkQP1WYvVswFvDEySxn,buy,1.2218683080000001,41979.911289710086,2.9106024059167048e-05,raydium_cpmm
2f9B17J2CEzW3jDdoG8CsBAbKUPbRa1yJdRjeAX2mYs6z542eG1FFrSzDrgU7xXMexWXV99QMbnftpbjRzNHA9Ef,1787099502,2026-08-19T00:31:42Z,5kidNviTucvoHuFGuPQUikWokMxsLZMncGrS5gK9Cujs,buy,1.236760848,42459.362192927045,2.9128107068127882e-05,raydium_cpmm
3SB5UGzgtRcLcHW566VaxTmCDt3bubH9uTL49ZdUvN6PdPx22Mj2MpzbjrWHGYbTFRVtQvZ6uzjNQLkFSx9VES7Y,1787099502,2026-08-19T00:31:42Z,DenZLNzBtE3L8T1kQFKh8oE7FCXBrdsM9xwCbsnKvdJq,buy,1.3428343710000001,46088.65851251001,2.9135896212633522e-05,raydium_cpmm
2MFzeskbeVqopnw3GGQNKMYpgHF39da2PWHvKUrtrR5uiDS6aRiYKL3NFpLrstdG6jjLSSTzzd5X2q92S7sffYh9,1787099502,2026-08-19T00:31:42Z,Hedt6aVyFRvxpQJkrrqgZ3e3JxUNb7ufCVyYXMnHYYE4,buy,1.371473388,47204.076521725045,2.9054130258618612e-05,raydium_cpmm
4pshKvnbakac56xhmzSJAbvgediCvjDhtwkFd7btmM6wYP8QdeRzrZZooUY1QJN4uZC3YJ6oobCKp71eKov8SnHT,1787099566,2026-08-19T00:32:46Z,2AwjJTdTWCu6QjyZKvF6oVEd9TkQP1WYvVswFvDEySxn,buy,1.340285452,44711.43432502891,2.9976346593062097e-05,raydium_cpmm
38C1yrY37ZmU9zq4nHNpKYe91PqAHpKiuc6XwPVDCcPK6fwaQGttETdnHtPRDLyrC35fHSkzgbs1xu7ejGXKBiJz,1787099566,2026-08-19T00:32:46Z,5kidNviTucvoHuFGuPQUikWokMxsLZMncGrS5gK9Cujs,buy,1.274270306,42382.37294410402,3.006604438313473e-05,raydium_cpmm
zagVDbtN1LS3vyuGnUyVYF1YkYdJvuN8PHLZw1rTt9oqvW8DHY7PZZjDvRcCkV8LFeF5JhKmUJujcFKiVUhRYYB,1787099566,2026-08-19T00:32:46Z,DenZLNzBtE3L8T1kQFKh8oE7FCXBrdsM9xwCbsnKvdJq,buy,1.3692978690000002,45643.81991709699,2.999963349884081e-05,raydium_cpmm
65A8H9hWNzQB4sRnip9xFKTJYUZrSgKWqP93GtpaSsXHpQBCZzvT3NZxnWPQaZ81bBPvh1QwdzWWVrzhCtriAMFq,1787099566,2026-08-19T00:32:46Z,Hedt6aVyFRvxpQJkrrqgZ3e3JxUNb7ufCVyYXMnHYYE4,buy,1.3039406550000001,43338.42652452795,3.0087401864071315e-05,raydium_cpmm
4Dk8JidUz4AL74rCPQrTSK4rZo9jUaviMVmovqY7i4UoaktanjgP6HRkoj41wBbDUWv8vTGEMFAJ7gBaYBkb5t1z,1787099846,2026-08-19T00:37:26Z,Act5xzJ7DhXrdNKbRw1yTzQUmT4hYtAPgFKTP5WzPBva,sell,0.5540641350000001,17366.083367179002,3.1904956534249545e-05,raydium_cpmm
ooRUpKWig4bcUWmQe4mX6eah4cSMvfaZBeTMdK4aJ9Dj99mktqgHBkKXPiwgDha8ar4RzrF9V9kqE8tAvNKmaCA,1787099848,2026-08-19T00:37:28Z,Act5xzJ7DhXrdNKbRw1yTzQUmT4hYtAPgFKTP5WzPBva,sell,0.47579386300000004,14877.523620661988,3.198071635653227e-05,raydium_cpmm
4pedMGv5B8tHsmLn6wfFiHkbSETXYtrzvjFqkLBJS3zgbXZaF2jFGfvJWteNYEvy9rcKLeSoxt3GEJ81XzEzYqBv,1787100000,2026-08-19T00:40:00Z,Act5xzJ7DhXrdNKbRw1yTzQUmT4hYtAPgFKTP5WzPBva,sell,3.1863178260000002,88943.297179497,3.5824147822737816e-05,raydium_cpmm
3zwqs4BbQhmtST1RXxv8pBimTuXZNTeR98ssZ2grUBCy2PvDefF6MzoRZ8gxzp4WfiEy4Frk5A32TnEXXqgCJB9L,1787100686,2026-08-19T00:51:26Z,6DqwStHBhuxWGutooviZUgVDhT3F4Dy5pAiP2YErRCEe,sell,9.86369158,326826.6623236099,3.018019249064016e-05,raydium_cpmm
3EojBULBAANJhraXU5fP7izKcjMkxZioNfruM4YtPgcANDLGANez5178AQyynzxbw4UVFQxRBrejmMwxfSrdvpgj,1787100940,2026-08-19T00:55:40Z,6DqwStHBhuxWGutooviZUgVDhT3F4Dy5pAiP2YErRCEe,sell,6.9107828510000004,223488.4553418085,3.092232590014767e-05,raydium_cpmm
5jDMdPdTtZAZqfT3TgURwTVyur9By3EREgSk2CN2ryeoJp8RyLrUe5KUZqXnPZtXUHGNGCXYW4q56TYqrt435YHo,1787100995,2026-08-19T00:56:35Z,2AwjJTdTWCu6QjyZKvF6oVEd9TkQP1WYvVswFvDEySxn,buy,0.254308008,8094.912485169014,3.1415782254091936e-05,raydium_cpmm
2qGvXg3Zs9K8Z87cuPN4QwYQ885vDzaofcHH6zrV9Pdg7VQULpKmmrW8iZZ7fGq2uAG4kzjh4p29wX9V5EsJWYCM,1787100995,2026-08-19T00:56:35Z,5kidNviTucvoHuFGuPQUikWokMxsLZMncGrS5gK9Cujs,buy,0.267173935,8499.006583804032,3.143590163927333e-05,raydium_cpmm
3LNpxp3mkz8XkgzYnk84WwB89vgmvVCopWGoBqs4VrH8K6VHP8TZ4bddUedJQvtdUfdp3gesW1a6cVsKGBLTcSec,1787100995,2026-08-19T00:56:35Z,DenZLNzBtE3L8T1kQFKh8oE7FCXBrdsM9xwCbsnKvdJq,buy,0.273402469,8707.336755283992,3.139909213159666e-05,raydium_cpmm
SFWfTcuk18jVyrL2V39JMrebNJGD4RTkGcyhV2UmbTXwqNBT4VadCHBVPsUWVFwfkzaSpateLugjcVHU2ZerAA8,1787100995,2026-08-19T00:56:35Z,Hedt6aVyFRvxpQJkrrqgZ3e3JxUNb7ufCVyYXMnHYYE4,buy,0.268200035,8533.19459899608,3.143020259160074e-05,raydium_cpmm
dVjJs6DmRGHpPmHoFVQbWsyzNPFCmVGeDLaTNKK49DwrRxJ3ThgXhutfFD6tgyq6KNWu7KyGEP1znBhMnEDZmHY,1787101331,2026-08-19T01:02:11Z,Act5xzJ7DhXrdNKbRw1yTzQUmT4hYtAPgFKTP5WzPBva,buy,3.001,74943.756536503,4.004336236519312e-05,raydium_cpmm
22jYkkHPYF3KNm5EhwHgvknJo4EBCbTZ9ySkMHDfqb2byVNXiHRjpDvBd46aGeKYzBTehuTcXbXyeF8sgWUS7P91,1787101332,2026-08-19T01:02:12Z,Act5xzJ7DhXrdNKbRw1yTzQUmT4hYtAPgFKTP5WzPBva,buy,3.001,73088.076751988,4.106004882552026e-05,raydium_cpmm
CoXCBcYs8sBohNHeDqwc66M6QwPzc52m6NvnwHDwEiuh7P8sHcqAZRt913F5TmM54aMmcospwJtKAESNcMt2F9d,1787101332,2026-08-19T01:02:12Z,Act5xzJ7DhXrdNKbRw1yTzQUmT4hYtAPgFKTP5WzPBva,buy,3.001,74227.06314315999,4.04299978056796e-05,raydium_cpmm
4iTApcC9VishHBVyvH3RMW2S9BMuaWxfjqkSwTNwtMYP65PX31vCodvzqM7Lu5AMt8kkkm1Bz42h5QjXpf6kmvyr,1787101343,2026-08-19T01:02:23Z,Act5xzJ7DhXrdNKbRw1yTzQUmT4hYtAPgFKTP5WzPBva,sell,2.993268836,74078.890180669,4.040650215870942e-05,raydium_cpmm
2KCZuics8dUDmT88z7nPfft54BrtXyHSfA5HiJaLsQFiZvaXvpZmsWNK7jEaKD6MEKvC3A8HkZE5N2FmRyESnHTp,1787101345,2026-08-19T01:02:25Z,Act5xzJ7DhXrdNKbRw1yTzQUmT4hYtAPgFKTP5WzPBva,sell,1.940479764,49388.396083452,3.929019603554557e-05,raydium_cpmm
2bDMU7MzDFqbWEjG3dASVqE6DKcqsMMmaS1A6pChEzYfSsxcuFvJzcNDDSwYNFABda9Ds6AY9yYfTq8rajPwtZLd,1787101351,2026-08-19T01:02:31Z,Act5xzJ7DhXrdNKbRw1yTzQUmT4hYtAPgFKTP5WzPBva,sell,1.230720074,32927.24366883701,3.737695406204856e-05,raydium_cpmm
3nvgMHsJ9rNrheah8zL4XQ6HaGvGfqCVCYXkJNCHzVKKC7TcDA8MBiXeRehq3Cog2pEbVyPkgMNcgrJm3kWYveSP,1787101385,2026-08-19T01:03:05Z,Act5xzJ7DhXrdNKbRw1yTzQUmT4hYtAPgFKTP5WzPBva,sell,2.256930734,65864.366498693,3.4266339357333474e-05,raydium_cpmm
2R86pDgAa2ouDK7vApugWA1Hxzxny42di3A34pkE3KkWKvCFgRJCwVE35Zxc99BsVLR7jntMxeYb7iGqrUjsVbZ3,1787101538,2026-08-19T01:05:38Z,3KEdzpSYJ7sXfHKpVhSF2Qj6ZAjd3Q3dugFCZ4umWvkR,buy,0.694396947,17261.433184147005,4.022823247595327e-05,raydium_cpmm
48eMrRDin8oQ2pS7dQwYpz3M4v6Lq6KJigi29fi12junjCstJgGsHUvvaDgj8ooVcp1EgmPP4ieHcWG9igxddpqC,1787101538,2026-08-19T01:05:38Z,3KEdzpSYJ7sXfHKpVhSF2Qj6ZAjd3Q3dugFCZ4umWvkR,buy,0.754258954,18740.921083461,4.024663199001671e-05,raydium_cpmm
5vjZ16gm5HHGRjmQtzvC8pHZjYnGUDKsWpbT5n13N9xG7xesQCK8FjmFvKM5HhP3UxvQJSb4QjHHnm16S3M4sjRk,1787101538,2026-08-19T01:05:38Z,Act5xzJ7DhXrdNKbRw1yTzQUmT4hYtAPgFKTP5WzPBva,buy,0.7477410459999999,18570.486422421,4.0265022088878505e-05,raydium_cpmm
UqVEWCwzdb87Ze15AphLSssoaxwCMKWA28irjfX3FKQMBEcnFnK6RoZMa8BMabR8pCdig4GnV1JVWXYSuwZeb6V,1787101538,2026-08-19T01:05:38Z,Act5xzJ7DhXrdNKbRw1yTzQUmT4hYtAPgFKTP5WzPBva,buy,0.807603053,20070.647327912997,4.023801723010878e-05,raydium_cpmm
5gbBEPzJa7jGjfo6WdGEm8JLqHn7VpEy8wHMnBCoFeY7dqZYynk8LN6ZaVy5ntCmXWJ6ZrcZQrD1iddb2cB8SXgY,1787101541,2026-08-19T01:05:41Z,3KEdzpSYJ7sXfHKpVhSF2Qj6ZAjd3Q3dugFCZ4umWvkR,buy,0.775879584,18767.588451609998,4.1341464088500955e-05,raydium_cpmm
1BBZDpxrmJqBGc6prE96o2BKhrdnz7kpVLoopHxjnjLWpDDBrWdFx7SFyB22cV2bTWkkRdSGxruiC7HzE22zMXD,1787101541,2026-08-19T01:05:41Z,Act5xzJ7DhXrdNKbRw1yTzQUmT4hYtAPgFKTP5WzPBva,buy,0.726120416,17570.139251696004,4.132695851741239e-05,raydium_cpmm
5ui586GXE7yJi6EwESFduLJCgJszuUWF5fqLesP6ps3PEu731w85FEQ6xzUC6Q7azdyqLtT4eGMdfZUm397cvFNT,1787101558,2026-08-19T01:05:58Z,3KEdzpSYJ7sXfHKpVhSF2Qj6ZAjd3Q3dugFCZ4umWvkR,sell,0.270848846,6723.838042618001,4.028188131291484e-05,raydium_cpmm
ctC58XbkbCDJeoR4jwPCM4LHGJKWSxf5o7UsTdvARL1kMvq5HkpuAVrNpwsQTAKDWdmEhmTUfRcaCJYpSMum4dH,1787101558,2026-08-19T01:05:58Z,3KEdzpSYJ7sXfHKpVhSF2Qj6ZAjd3Q3dugFCZ4umWvkR,sell,0.31454480999999995,7848.532791662998,4.007689314034861e-05,raydium_cpmm
4NAUJxeYvP29sGXfuLwX1KCBEn915Srbj8kgLxy1GTj6DdogLY14SdA7Xpu6SbH53RfYDN1WuN9wFtrm2c4KHD7w,1787101558,2026-08-19T01:05:58Z,Act5xzJ7DhXrdNKbRw1yTzQUmT4hYtAPgFKTP5WzPBva,sell,0.278048792,6900.7831133340005,4.029235340880975e-05,raydium_cpmm
xAQzJRfD6RPmv34RqA4Xg6gqV4JT8xknuK6ttuKB8VV6uNtBDbB2DFgrXfG1dib3SC2MVWKXA21VD1uFVNWyggA,1787101558,2026-08-19T01:05:58Z,Act5xzJ7DhXrdNKbRw1yTzQUmT4hYtAPgFKTP5WzPBva,sell,0.32291079699999997,8055.075421189998,4.008786760090888e-05,raydium_cpmm
5X6JU8f3ugYUL8xkHxFQ7Qibj4HCDj8LvBzHMv8hAg4uiFqTe4rxXkqU3thMz1B65P6JpNwoCoVyy6FFnj7CY3RD,1787101560,2026-08-19T01:06:00Z,3KEdzpSYJ7sXfHKpVhSF2Qj6ZAjd3Q3dugFCZ4umWvkR,sell,0.236170468,5760.312051111003,4.099959618584367e-05,raydium_cpmm
DgAMYtc6tYUVGvs3rhGJjRjGzU74ZZaD1mPXuux8tsthRemy1QownhYZ8sR6NXjMCJxi3wSD4xKBHqqP9g3q66p,1787101560,2026-08-19T01:06:00Z,Act5xzJ7DhXrdNKbRw1yTzQUmT4hYtAPgFKTP5WzPBva,sell,0.242446523,5911.900893193,4.1009909905484787e-05,raydium_cpmm
2pgUTYmrU5JnZ5SfmcyFr5ydKkZQqpHNBpYUFQrzmTfdsBFAFtvpSQQmPioe4wTgYH98nHQEUfB2ZWt7VUcUh8RF,1787101560,2026-08-19T01:06:00Z,CbpnbXAD9PUAwVcYjHY96qooq6eNnoLiZzif766gqLPH,buy,5.003295171,116376.872495229,4.2992177601310914e-05,raydium_cpmm
5Diz6GNAjPkDDsc9LkKHLqrskpo6aexTLpxVU2YwyEdHkobXeuW8AvgGgZyRpyZ9U1dHsQeoZRNLmxQBfCyGvDiR,1787101560,2026-08-19T01:06:00Z,CbpnbXAD9PUAwVcYjHY96qooq6eNnoLiZzif766gqLPH,buy,5.003297628,118264.489887133,4.230600100482361e-05,raydium_cpmm
5QvNzd3sexpV7VGdH7tTgkHn48d2v3hxT3QJtDMKE9TbggpJeKUxuumNvi14VQixRJkyczJpjxoHm8X7e97wEss8,1787101560,2026-08-19T01:06:00Z,CbpnbXAD9PUAwVcYjHY96qooq6eNnoLiZzif766gqLPH,buy,5.003303282,117922.96329880202,4.242857491057324e-05,raydium_cpmm
5WzUELntmzwizvURNXEMM25WRVGSzPeFNepvbhNpGEFE8tmccMznit3Js5zu72wBUbmv2bCLPXPLGpd2nSNmQ9H9,1787101560,2026-08-19T01:06:00Z,CbpnbXAD9PUAwVcYjHY96qooq6eNnoLiZzif766gqLPH,buy,5.003295171,117047.96966068898,4.274568098450645e-05,raydium_cpmm
atcK4Gdqdht2KzUqPUnrh7URRfjVE8kkgm4jcKD4ykinaDvx8wN77QyyJHmozWgyE7fJXidfjZPXqGJ4phSd4UC,1787101560,2026-08-19T01:06:00Z,CbpnbXAD9PUAwVcYjHY96qooq6eNnoLiZzif766gqLPH,buy,5.003291098,116711.697295802,4.286880590314201e-05,raydium_cpmm
69rd3L9fdhSwSBVr7dqGDZh4VNyLZzZUjjX7thtK2zDu5jq5G6A2nmLyyft1dMNGHBJKMS7zyMaFjyPHCk6W6XK,1787101561,2026-08-19T01:06:01Z,3KEdzpSYJ7sXfHKpVhSF2Qj6ZAjd3Q3dugFCZ4umWvkR,sell,0.210897877,4934.859334187,4.273635026209813e-05,raydium_cpmm
59FsLz7FFtxJXtS8U1x3LSSHpgYo5yUKmXgfS7mW2UjNkrHnzihYkTSnBxuceZ2ZRug8S3AfjDdBsGsgMfyhEFA2,1787101561,2026-08-19T01:06:01Z,Act5xzJ7DhXrdNKbRw1yTzQUmT4hYtAPgFKTP5WzPBva,sell,0.216447116,5064.725495199,4.273619887300437e-05,raydium_cpmm
4zurAftUd69okModbxJViUQnH8fhZWvNBDCvqwWcsuxDuCjxJDPKz9Z7gJBvS8XoZuMqtt3zdL1L7ZWLiDXBAruL,1787101564,2026-08-19T01:06:04Z,2AwjJTdTWCu6QjyZKvF6oVEd9TkQP1WYvVswFvDEySxn,sell,0.902156232,21244.10027027293,4.246620099333628e-05,raydium_cpmm
4uXMuyTtKDY4cS8SdWRqRpQtGqRCcmiZRKacaGuYErDcsf7gjmKZGukQ8QgmC8X3Rc3hzDBt4pcjM4RkxSmYcdry,1787101564,2026-08-19T01:06:04Z,5kidNviTucvoHuFGuPQUikWokMxsLZMncGrS5gK9Cujs,sell,0.902248272,21223.77753787313,4.251120095798063e-05,raydium_cpmm
8KyLQ8gUXQ8icQpbnCpnoHaTZy6Dptdw6mY8UGJTb19myp8jz9J9E4WYcSvbfKK1dzYcLCDmsXWXVp9XLaHMSqX,1787101564,2026-08-19T01:06:04Z,DenZLNzBtE3L8T1kQFKh8oE7FCXBrdsM9xwCbsnKvdJq,sell,0.8848822909999999,20860.630865299958,4.2418769437693904e-05,raydium_cpmm
2rkY5NmuFrujeim2mgStQ7s8m4E65jFYsnrPGZipB9tmCcviCWsNxB8Pyy1ssg25oG4E2Q32ajwjgryCrQVt8CGC,1787101564,2026-08-19T01:06:04Z,Hedt6aVyFRvxpQJkrrqgZ3e3JxUNb7ufCVyYXMnHYYE4,sell,0.9013337579999999,21191.174619476078,4.2533449616880376e-05,raydium_cpmm
2dLxUs9pSXKFH931jGwD59ZnDwpbGSBu8U1R3PX8eP12j6wrDU3uEJY8DRb5iGAddm8mjejZ9Zt1A5HGo2TNsoq9,1787101579,2026-08-19T01:06:19Z,CbpnbXAD9PUAwVcYjHY96qooq6eNnoLiZzif766gqLPH,sell,12.681125282,293161.996318827,4.32563751142174e-05,raydium_cpmm
7JCwbJUPsuxHRJZtMStYDtAQZATuRMikLr68C6Rd2NHmxngaMcDbmpb4omHTtg9YAGAEjwToVD2nY9oX2fZCQEV,1787101582,2026-08-19T01:06:22Z,CbpnbXAD9PUAwVcYjHY96qooq6eNnoLiZzif766gqLPH,sell,12.41347752,293161.996318828,4.234340629369892e-05,raydium_cpmm
4LAW5BrcfVyoWRmnWf2mCgktGj9mErUVxBUJ7Lr7TgTNX8dqWRDbvGXZ26vRdKBG9BXPqDQW47voCXgad251Dsdr,1787101592,2026-08-19T01:06:32Z,CbpnbXAD9PUAwVcYjHY96qooq6eNnoLiZzif766gqLPH,buy,5.00331625,117201.328241059,4.268992787956472e-05,raydium_cpmm
5AxWexcQmhVCzjkAid9i5YxzfBrSYgub3wiJyZu7gxUVCTA7mnf3kZsuUG1ydRJqRp6HqntHAViK8N2oJFsvCLzg,1787101593,2026-08-19T01:06:33Z,CbpnbXAD9PUAwVcYjHY96qooq6eNnoLiZzif766gqLPH,buy,5.0033834100000005,117457.590289985,4.2597361291402325e-05,raydium_cpmm
43oC5iTgBC3YahYBqQ5vXDcjbjuscpZeZDtT74MkvxHTjYePP1C2KnXi7xjHhRAYXjeAqFu1gWbGJcH5FGJdw2X4,1787101596,2026-08-19T01:06:36Z,CbpnbXAD9PUAwVcYjHY96qooq6eNnoLiZzif766gqLPH,buy,5.00339425,115340.33029305696,4.337939935916054e-05,raydium_cpmm
DS6sMZ2GX1Cvm5KBzgpeWCDKizhvQKV44DGeWYoKfb7PjHmrNHjVvqEURSob144EcuGf8GQviXSmkngAJyzcXzY,1787101596,2026-08-19T01:06:36Z,CbpnbXAD9PUAwVcYjHY96qooq6eNnoLiZzif766gqLPH,buy,5.00339425,115704.073060255,4.3243026089447964e-05,raydium_cpmm
57rPmUyjpodTBGHv5wfZEaZDS9Ygi33XBuXV6ToMtcqPTb7AuydGLM8nnXdxWtG7jbjEGgCMGbHgzzZoKySNjDXH,1787101597,2026-08-19T01:06:37Z,CbpnbXAD9PUAwVcYjHY96qooq6eNnoLiZzif766gqLPH,buy,5.0033897960000004,114557.54908075102,4.3675775504529494e-05,raydium_cpmm
Aa2jaHvgqDYWjFG7fFDF2FkopSdY9yWxYK47RiMSbWMkUdbjuYZCBQf7bHLJjDaMZgF9iETeWgtbEynm7s165Nm,1787101602,2026-08-19T01:06:42Z,3KEdzpSYJ7sXfHKpVhSF2Qj6ZAjd3Q3dugFCZ4umWvkR,sell,0.430144865,9833.150086529,4.374436078111736e-05,raydium_cpmm
3tLqLSy6kdWg1ta6fyrdkW6chYHn7voBnN8mJJSjAo5AXwgSmZ1MMTx8i99ywodqWJxH7wEDuCkgotcnc2iNx3R2,1787101602,2026-08-19T01:06:42Z,Act5xzJ7DhXrdNKbRw1yTzQUmT4hYtAPgFKTP5WzPBva,sell,0.44137999,10091.920066768002,4.3735977601867256e-05,raydium_cpmm
opLH8yT2BQF6GmWdeYgmJVaT6Qimzv1jgdJBWAHr9vYni4YEUqT7JVKe6CyoobP78qcDPp1aiSBpfCLjKrJ6DV4,1787101605,2026-08-19T01:06:45Z,3KEdzpSYJ7sXfHKpVhSF2Qj6ZAjd3Q3dugFCZ4umWvkR,sell,0.28673804399999997,6555.761162688999,4.373832982688888e-05,raydium_cpmm
3qKtThWABDYUN6EBZqmC2yJN7wDaRF1Ygi5ogQei3xRv1kHuawZ6efmaxS96AN3X8PE4xrh1tw6qBaPFvUAY85RX,1787101605,2026-08-19T01:06:45Z,Act5xzJ7DhXrdNKbRw1yTzQUmT4hYtAPgFKTP5WzPBva,sell,0.294359575,6728.283108514001,4.374958221177049e-05,raydium_cpmm
NpzT5623nCcGA3tpJpv7thwWfLmFdDN4RPu5x3uJuCher5J3DNpMX46HrYk44X7kAeHjJAJpVwY5QLjK7etuoCb,1787101608,2026-08-19T01:06:48Z,2AwjJTdTWCu6QjyZKvF6oVEd9TkQP1WYvVswFvDEySxn,sell,0.9118950100000001,20819.218264867086,4.380063643114036e-05,raydium_cpmm
3Leb2DtauLQLsgJC2MZ84gnfBJzfrxpCovsioEmFa5CHGXBetx9gQmDWTKH4yRaq91b8zoiEBxnaCqGMqYZN3jWm,1787101608,2026-08-19T01:06:48Z,5kidNviTucvoHuFGuPQUikWokMxsLZMncGrS5gK9Cujs,sell,0.910540785,20799.301987115992,4.377746837677674e-05,raydium_cpmm
3Sj9sooWkUKhmRBjPE5qXY9ER7JnqEra9UzwVRNXonSBTv7QCN197s7GqZ8sRHeo9dZHBPzg3A4AUeAMLmdanhFZ,1787101608,2026-08-19T01:06:48Z,DenZLNzBtE3L8T1kQFKh8oE7FCXBrdsM9xwCbsnKvdJq,sell,0.896800924,20443.418247994035,4.3867464487647345e-05,raydium_cpmm
knCq6AzpcSKWUJKPohnmMkjYoAQQGHPbx3MDoi6aWW2iWAMe3RR8bASsBMgSqGhGn7XMEvSD443dRJtrRbkUMjG,1787101608,2026-08-19T01:06:48Z,Hedt6aVyFRvxpQJkrrqgZ3e3JxUNb7ufCVyYXMnHYYE4,sell,0.9105838660000001,20767.351127086906,4.38468950819791e-05,raydium_cpmm
22VqEMSDBon9hVSABwbwVdwuz6prW12MEQ8iXXjQcn7iBWGanQxwGeEAHsp51kR69CjzWwDvASfKBmUcGMZebnM5,1787101620,2026-08-19T01:07:00Z,2AwjJTdTWCu6QjyZKvF6oVEd9TkQP1WYvVswFvDEySxn,sell,0.8077375809999999,20402.833899570047,3.958947982304662e-05,raydium_cpmm
4YuWaHuWN8bzWLSxXwwTy2QoAhxosedYRyG2q6L8d59HQW5Q7YqPkSWWSCgy5xwKc1SFrmscXGcPMYucXQXxqo5,1787101620,2026-08-19T01:07:00Z,2AwjJTdTWCu6QjyZKvF6oVEd9TkQP1WYvVswFvDEySxn,sell,0.8238944699999999,20402.83389956993,4.0381374178484426e-05,raydium_cpmm
3p1o4UvU6JQjeFCdqzVtA2ZyMFSuS6mzeecD9r68PsW2uVxvZveuZpNEUYoM8DSxf2an8xW4ZTTPDQKEAnaiBuAj,1787101620,2026-08-19T01:07:00Z,5kidNviTucvoHuFGuPQUikWokMxsLZMncGrS5gK9Cujs,sell,0.808146925,20383.31594737398,3.9647470857366316e-05,raydium_cpmm
PaAYqpDYii88mbsJHDEwAaxZtMGfQ3MvBZag3sB48biVy85nk2MDpxeMsAMVzReQi16oXUnMPY37R1AjV4JEHfq,1787101620,2026-08-19T01:07:00Z,5kidNviTucvoHuFGuPQUikWokMxsLZMncGrS5gK9Cujs,sell,0.8222852629999999,20383.31594737398,4.0341093918329635e-05,raydium_cpmm
2byQwnpS44ptF4bZUg4L3pn4q841npd8qs1ToZQXsGhwVmWuMYpyPgqK9CpoLxRyWiZ5SF2cJb1nYzApbiZC4o68,1787101620,2026-08-19T01:07:00Z,CbpnbXAD9PUAwVcYjHY96qooq6eNnoLiZzif766gqLPH,sell,23.235876869000002,580260.870965107,4.004384584877041e-05,raydium_cpmm
2NDi7kG8z92m7HwqrU8TixMdWbfuc8Jpxhxky6vZN5g5tKpwHkGZMAtmSCGLQt3h8ZkhVoRCBNCrhVu5fuFPnjEC,1787101620,2026-08-19T01:07:00Z,DenZLNzBtE3L8T1kQFKh8oE7FCXBrdsM9xwCbsnKvdJq,sell,0.79348898,20034.54988303408,3.960602981512216e-05,raydium_cpmm
4BX5RaPpUhwhpZ9A2r17SDq94YVAg5kH44CYtPGHCRdWus1pv471rcKzd5swYUaEZpkV1gdRAxcxjVac6w4UW1Nr,1787101620,2026-08-19T01:07:00Z,DenZLNzBtE3L8T1kQFKh8oE7FCXBrdsM9xwCbsnKvdJq,sell,0.809365821,20034.549883033964,4.0398502872550304e-05,raydium_cpmm
4xQgFCq7f4AM17UQX6HspxH94KTAUWHfGJAvTKX8dcaWKHSFopuBsbw5Pjv2d5a5TEqbc1rorvjxacddPALexMF9,1787101620,2026-08-19T01:07:00Z,Hedt6aVyFRvxpQJkrrqgZ3e3JxUNb7ufCVyYXMnHYYE4,sell,0.820202959,20352.004104545107,4.030084481050337e-05,raydium_cpmm
5CUMvCjQonxCcYwYhhPoUNGtx1FNFZtCqehsCB7QscWNfodERiYS5iru429RCMxGT5NduXkjgecXVCVaNKYQ9L2P,1787101620,2026-08-19T01:07:00Z,Hedt6aVyFRvxpQJkrrqgZ3e3JxUNb7ufCVyYXMnHYYE4,sell,0.8053231529999999,20352.00410454499,3.95697224147157e-05,raydium_cpmm
7QaBAS1oBnQnfaDc58ikfvDzp6Y5Qs1T6BBm9jZzjPkqBybqqVpV7x6RFcFXUU6aRsXYfm5DhmQPaEWo235Yref,1787101621,2026-08-19T01:07:01Z,3KEdzpSYJ7sXfHKpVhSF2Qj6ZAjd3Q3dugFCZ4umWvkR,sell,0.520477592,13113.489250421,3.969024430193439e-05,raydium_cpmm
516F7VYYGFceoKwQVhmYyTYTGNppE4dBZfbTnTWbKbDqws9S2NzriNUEnEYyZLnWVzYdHDJBosqdsLfMH8D5Ek34,1787101621,2026-08-19T01:07:01Z,Act5xzJ7DhXrdNKbRw1yTzQUmT4hYtAPgFKTP5WzPBva,sell,0.5343712850000001,13458.584903832,3.970486413083823e-05,raydium_cpmm
4yNcE5VcYBpNSdazmX1BEUNYuR2Mndmx1bafvhGdkdLNEf571of4qvujuCGqvTo8MgEukRMB8hFVNZwtSNbaropt,1787101625,2026-08-19T01:07:05Z,34rTaBgPLXZXuZuP2LjpDdJZKr9NQ2P8iUy4as7fprPG,buy,1.2209999999999999,31302.394818693,3.900660020014985e-05,raydium_cpmm
5WiXE32FZ6i7SH43WmMuTGm9WrCYw3TrU8ULSnsFaKSbVZQCmk7sN6ed1JLX7by2k78wBp8qRwMU9f1JyXtVfhV2,1787101652,2026-08-19T01:07:32Z,2z2q5gk8TDgqCidzkXkyevXH1aDaVjWL8cQwoRbMF1Jq,buy,0.00803928,150.527073213,5.3407535457918556e-05,raydium_cpmm
QKus3fAN4q1MHu1HfjAF6QehwpEmgkAkQ3Pi62RvAABWKPd21P4Ncy54iqYiFjJzmivimhcN5qE6VyXj737JAEG,1787101653,2026-08-19T01:07:33Z,BfCP1ncxu7ZWp4B6TvQEcXGVSCiM2LhAzyYjG7zWyKdY,buy,5.336639121,131470.580932684,4.0591888186243606e-05,raydium_cpmm
KesSRSnCFymBmS12ay1aYSnJcHqkqAKjYfAeuNX8fpfNM99XAhJ3eNd37XsVKXp1DvexYpH68ghHRDNx74Hucr9,1787101653,2026-08-19T01:07:33Z,HrtVLLCBM4LXfRGLGcXBYvkkJ9xnbiJ3ob1MxKdmNs7o,buy,4.674862673,114810.436586901,4.0718098562943416e-05,raydium_cpmm
V8wWrKFQnTMDGxUTjNts7CLwjNtrnWiEyqEqbUaeu4tim4gADtzNZ4gsfFk9BemcMSwejvPXxPU6vtsVqko5BdQ,1787101686,2026-08-19T01:08:06Z,BfCP1ncxu7ZWp4B6TvQEcXGVSCiM2LhAzyYjG7zWyKdY,sell,5.030392188,131470.580932684,3.826249304074862e-05,raydium_cpmm
2UWa4KoGqqjE9U4uhBD48Lc8DZnm2SgEcn3BMXQ9GF7dmTVyovNzMS7JrDk6FTQRzbfkKA1q7wS6nW4W97VEcDJt,1787101686,2026-08-19T01:08:06Z,HrtVLLCBM4LXfRGLGcXBYvkkJ9xnbiJ3ob1MxKdmNs7o,sell,4.4056472520000005,114810.436586901,3.8373229672942916e-05,raydium_cpmm
5ecYxtCookKGW3y8TVZT8M7A4Kf18xZooXrDRV2tKc6rcrxeTTn5zoBuP95S4tPEgiMmGfG4dVAjAPUZY79PTsog,1787101713,2026-08-19T01:08:33Z,2z2q5gk8TDgqCidzkXkyevXH1aDaVjWL8cQwoRbMF1Jq,sell,0.006044865,150.527073213,4.015799198756989e-05,raydium_cpmm
JzCkV2GEGRtno59DA5zjqATJcLE1vY4qLCKXCFwpStoFFraYfTdbVsfqDYDDMQBPQuwLsmUMC2dciXii7Nesvs7,1787101779,2026-08-19T01:09:39Z,2AwjJTdTWCu6QjyZKvF6oVEd9TkQP1WYvVswFvDEySxn,sell,0.859627749,19586.720543587,4.3888293963608715e-05,raydium_cpmm
5qExRJnpHQ99n1m1QAfCmnc7cgDiKPf2kvv6Sp49F6e4R15Mm2XuqoTccg3biH7QJjHYUdM9DM4muWq5qBSyNSop,1787101779,2026-08-19T01:09:39Z,5kidNviTucvoHuFGuPQUikWokMxsLZMncGrS5gK9Cujs,sell,0.8596461950000001,19567.983309478965,4.393126166371867e-05,raydium_cpmm
3a1j4BcvGTzApfncSgubyhZ5hUdp8J4jfoTQHBTU32Wt3wT1ZSjUXiTZXgo282uPZ2LKHbdPjq4pXsDmGar5HfGf,1787101779,2026-08-19T01:09:39Z,DenZLNzBtE3L8T1kQFKh8oE7FCXBrdsM9xwCbsnKvdJq,sell,0.84446887,19233.167887712945,4.390690472470147e-05,raydium_cpmm
2aaauZGMLJDP2T27DvpRSj8iQLqe2z6j8EwJob4dzAWtSazymBX8SFXjCTmVAvmyiZvVzNy7H4N279xpCExN6SFd,1787101779,2026-08-19T01:09:39Z,Hedt6aVyFRvxpQJkrrqgZ3e3JxUNb7ufCVyYXMnHYYE4,sell,0.8566261540000001,19537.92394036299,4.3844277243311095e-05,raydium_cpmm
4oGFh6KvwQFVT6L2T7C5kc5LGWBqQAuYd7ydWXpG1GAgwZnQyA72mvMfiTJN6cTP8b5QVHd6wsKKSQwQjx1syECH,1787101782,2026-08-19T01:09:42Z,2AwjJTdTWCu6QjyZKvF6oVEd9TkQP1WYvVswFvDEySxn,sell,0.841655315,19194.986132715945,4.3847664654754935e-05,raydium_cpmm
62mCCVbeC1NHHSiVH3VUiQoGv4vghDp5z9zZp27bPh6RQEZ2JvuHfwUCvCq77gvxTG18RxokEbTWNFsjiS9GUKRg,1787101782,2026-08-19T01:09:42Z,5kidNviTucvoHuFGuPQUikWokMxsLZMncGrS5gK9Cujs,sell,0.839620404,19176.623643289087,4.3783536644305346e-05,raydium_cpmm
57atW3Hv7cBzatGuU4yhHVa68gu3mjk1iMVaYTxXeGKyHjjAVf7n7TabQBaxJSDu5g2HRRi36QqodZNXuWdebDcH,1787101782,2026-08-19T01:09:42Z,DenZLNzBtE3L8T1kQFKh8oE7FCXBrdsM9xwCbsnKvdJq,sell,0.82680392,18848.504529959057,4.3865757025223054e-05,raydium_cpmm
AacXPyMw23T8ZwTZXRRBksRABVZHSnUQjipz42R1skQusy668JPHWjbbwPgAzWA9ADZLC9TXxCvHxW6nbAREwrr,1787101782,2026-08-19T01:09:42Z,Hedt6aVyFRvxpQJkrrqgZ3e3JxUNb7ufCVyYXMnHYYE4,sell,0.838731886,19147.16546155594,4.380449355201023e-05,raydium_cpmm
3EJnJZ3UwpErEHMrvpQVVfepqkhFhphF4MkHzfcSTG8rm6yZ4bHZe5FcWvnDdaqrHJBf9QyVyKbvJwHpqr8wY5jM,1787101836,2026-08-19T01:10:36Z,34rTaBgPLXZXuZuP2LjpDdJZKr9NQ2P8iUy4as7fprPG,sell,1.260481086,31302.394818693,4.0267880246890005e-05,raydium_cpmm
LbqTtQwBQZSKDfBTcJEfRFtLpKpf9jKGDdo8d3WjxEWn2qXxUQLCwyS2Do8uAZT3xRWpRS8Wpcyj3tRKQXtC6uh,1787101901,2026-08-19T01:11:41Z,2AwjJTdTWCu6QjyZKvF6oVEd9TkQP1WYvVswFvDEySxn,sell,0.8329481719999999,18811.08641006099,4.4279642006987056e-05,raydium_cpmm
i6KyPMTP9WB8ufScsKGiPHhswpRZSqJrXy25CgMj9CQe17QzXiBwxkH8JBnkTHPWZCSEy5kb2bmVhcqsp1bbbPP,1787101901,2026-08-19T01:11:41Z,5kidNviTucvoHuFGuPQUikWokMxsLZMncGrS5gK9Cujs,sell,0.833337991,18793.091170422966,4.434278445429605e-05,raydium_cpmm
3etT7PdhMBdyD7Q3HdsNpvpc15GyDMozhpXJ3XeBV4pVEwDHGgqz5grvCFGEQ6jVXdoA2x8i7yHTUGbX7oM7tfFe,1787101901,2026-08-19T01:11:41Z,DenZLNzBtE3L8T1kQFKh8oE7FCXBrdsM9xwCbsnKvdJq,sell,0.818640127,18471.534439360024,4.4319010404225143e-05,raydium_cpmm
3WXvnVm3GPTUHw5TfnDoCWbf9rWsEY2sjJb8CV7S2GGPAdDDptR6vTESknGgP4UZV8v36qqnnFJbLGFDduddgULR,1787101901,2026-08-19T01:11:41Z,Hedt6aVyFRvxpQJkrrqgZ3e3JxUNb7ufCVyYXMnHYYE4,sell,0.832857693,18764.222152324975,4.438540997004797e-05,raydium_cpmm
JcGbJ6r11vUs9GFXafqHgeA5pBJ3ArDai2WQam618V4oBJVAPuec292ug2q66Gqemdroew4X5k9cDeLhRAuJ5E3,1787101947,2026-08-19T01:12:27Z,2AwjJTdTWCu6QjyZKvF6oVEd9TkQP1WYvVswFvDEySxn,sell,0.783614474,18434.864681860083,4.2507199674271385e-05,raydium_cpmm
2vKB1jNp2ZSeUsqRXtPH1EEYhYkccEBCjcNFqU8839QwtBcMXYEQq343kTnyjvrq6NWxdmvd2xcZbkcyrNuMp9vL,1787101947,2026-08-19T01:12:27Z,5kidNviTucvoHuFGuPQUikWokMxsLZMncGrS5gK9Cujs,sell,0.784299824,18417.229347015033,4.258511468920352e-05,raydium_cpmm
iubspsKDBkbDdLMYsuQZgQ9YjHGGoVWe9h41ZvqJGu8BVHBWi9DG7obMWiR6WXy4gK412BTWYYaSwdtHhEAWDmh,1787101947,2026-08-19T01:12:27Z,DenZLNzBtE3L8T1kQFKh8oE7FCXBrdsM9xwCbsnKvdJq,sell,0.769765633,18102.103750571958,4.2523545528550975e-05,raydium_cpmm
mV4r6KKNssKG7MH6E4KkoTXuoad49igxfNQWBZomWfouXAgDWwmG767uohmvDotmFGs5rPSPPUmUTp5giwcpc5k,1787101947,2026-08-19T01:12:27Z,Hedt6aVyFRvxpQJkrrqgZ3e3JxUNb7ufCVyYXMnHYYE4,sell,0.780930357,18388.937709278078,4.246739911495726e-05,raydium_cpmm
42sxwBas4tKsx5kd2TpDijHt88YxmAPeiLm52Q1RHBXRcUykdvQsjARFs6njph7BArZ2Gs4ubpo2ryLZ528FT419,1787102728,2026-08-19T01:25:28Z,2AwjJTdTWCu6QjyZKvF6oVEd9TkQP1WYvVswFvDEySxn,sell,1.515065167,45165.418470557895,3.354480525820058e-05,raydium_cpmm
4Hbg4qz23RWnLAvr8xL28d5uNFePKBuA9TdNS8rmkqJFWJEqjTAAhaznBgauqjkZcNysi7qx9mKtjAqpm5wLCkni,1787102728,2026-08-19T01:25:28Z,2AwjJTdTWCu6QjyZKvF6oVEd9TkQP1WYvVswFvDEySxn,sell,1.517144004,45165.41847055801,3.3590832441616386e-05,raydium_cpmm
4iJJa1HZrpDuG82vVeRJrAc2MgqRzX3s1jptSyHwctMDWKm5LpFqwC9M8WvVswSkphrDpSTe3KGJZPtjVbDCH7P4,1787102728,2026-08-19T01:25:28Z,2AwjJTdTWCu6QjyZKvF6oVEd9TkQP1WYvVswFvDEySxn,sell,3.0028609069999996,90330.83694111602,3.3242921339890555e-05,raydium_cpmm
2U4QKHTGmZGuA3bkQehDbGQK28FUt5x9UXcZpifn5zkq5MPZ7jB5gdiyEQYKKCRNh23hJEraUn9etFvUMM3CJ59B,1787102728,2026-08-19T01:25:28Z,5kidNviTucvoHuFGuPQUikWokMxsLZMncGrS5gK9Cujs,sell,1.5060493640000001,45122.21190018696,3.337711740132491e-05,raydium_cpmm
5GinTSzxVPtzwrE1obbu9NsonW6xxe29TCV13HnE2sNbVyjJxwKSgmoLmGi5NW17W1m7nkgNCPyWz2axVq1ZSNrG,1787102728,2026-08-19T01:25:28Z,5kidNviTucvoHuFGuPQUikWokMxsLZMncGrS5gK9Cujs,sell,1.521746496,45122.21190018696,3.372499777639879e-05,raydium_cpmm
yBKKCWz1qNJVW8GPqPv8HKRVpucPGLd75dgwHzPea8pauXPzRJomGdJ4siw81SPcNtKe1VgZvPM4ZUUeB8iKJXH,1787102728,2026-08-19T01:25:28Z,5kidNviTucvoHuFGuPQUikWokMxsLZMncGrS5gK9Cujs,sell,3.0177474739999997,90244.42380037403,3.343971125213713e-05,raydium_cpmm
2CESwVzj51BgYFDRUmhjEmjUtXTEkzPQfqd3NpyGzM7mmcdH1A19dXBHSxAJg9gChtzGhdntaoDirQgam6nuHMEe,1787102728,2026-08-19T01:25:28Z,DenZLNzBtE3L8T1kQFKh8oE7FCXBrdsM9xwCbsnKvdJq,sell,1.492680618,44350.15418890293,3.3656717666462835e-05,raydium_cpmm
2x7w3JfPszR6yJCkBCsfgZrBsp1Ah9pShXKM9hGWhLJB1fB5znn1Wi7THUoT5C4Ax64bJGiNxfUx63WG3FXu8uPV,1787102728,2026-08-19T01:25:28Z,DenZLNzBtE3L8T1kQFKh8oE7FCXBrdsM9xwCbsnKvdJq,sell,1.4787743150000001,44350.15418890305,3.334316062806401e-05,raydium_cpmm
3Xbf7s8EhD2x72aFz7tuojG35do7Xa74QpVtXWXaHfZazg2Epe3iLALnZSSC8B85SKARcS7DhhGWmCySGRdpp6Td,1787102728,2026-08-19T01:25:28Z,DenZLNzBtE3L8T1kQFKh8oE7FCXBrdsM9xwCbsnKvdJq,sell,2.9602393859999996,88700.30837780703,3.337349599046779e-05,raydium_cpmm
4159dRMJMt74ajcqvJmG785tmsnrSB1xNxoq2CC58sKxmsZzArAm23V3LWfeGucn7Ca3RYttEg4wTzJMrixshKzQ,1787102728,2026-08-19T01:25:28Z,Hedt6aVyFRvxpQJkrrqgZ3e3JxUNb7ufCVyYXMnHYYE4,sell,1.509781975,45052.897387732984,3.3511318084751726e-05,raydium_cpmm
4Af6EAqoUkTXLPPdTdJquCQdkhdzHNLLPcJG8z95k3msBJhgJ1F6JEATd9RoKi25RoMBS1TWF8H11QsS2TDtYjjM,1787102728,2026-08-19T01:25:28Z,Hedt6aVyFRvxpQJkrrqgZ3e3JxUNb7ufCVyYXMnHYYE4,sell,1.524007378,45052.897387732984,3.382706698936875e-05,raydium_cpmm
4szGbCF2zFrPonKYYnuozpdnTZFeG3NsxkdgC1Jw5FfdHU5wpu7gpvr8WnxYGnSvmEztKRgzvTqQ9AWFxG2SjY9,1787102728,2026-08-19T01:25:28Z,Hedt6aVyFRvxpQJkrrqgZ3e3JxUNb7ufCVyYXMnHYYE4,sell,3.0013007779999996,90105.79477546597,3.330863220816065e-05,raydium_cpmm
r5QG6DcSf2EqzXAv5y2qh12T88TnvFndi2Ep4wqqBcerGeNBeXwhrxDRhnQj6D7omU5Sh2kRFnzDAxESHY31GNc,1787102729,2026-08-19T01:25:29Z,5kidNviTucvoHuFGuPQUikWokMxsLZMncGrS5gK9Cujs,sell,2.8995032999999997,90244.42380037403,3.2129445542406825e-05,raydium_cpmm
PN7GqakivAaMjjgLTWtAtveuoECJPRMds3WacMBMBnXH97iMorR76dwxJcRFZN3v8fgUhodVz1JAFfNvtpfSCaM,1787102729,2026-08-19T01:25:29Z,DenZLNzBtE3L8T1kQFKh8oE7FCXBrdsM9xwCbsnKvdJq,sell,2.844356907,88700.30837780703,3.206704642879982e-05,raydium_cpmm
b5QAwLP3uwVptyVJ3Kr6c4CH74Jxr2WMyNqpnVRWGzM8EiXGcYyKPRHtdYmMDohwHx1rtkSBXSaceTudULTdffy,1787102729,2026-08-19T01:25:29Z,Hedt6aVyFRvxpQJkrrqgZ3e3JxUNb7ufCVyYXMnHYYE4,sell,2.846463787,90105.79477546609,3.1590241161437846e-05,raydium_cpmm
2SKqyJZPm1gryM56Q7PPxvWiz5tteW7r95iwxMwmrHsGn9QqVjNJUjx6cRK75cirSdJVQFm2BjHxsbJxjCBEg8Yc,1787102730,2026-08-19T01:25:30Z,2AwjJTdTWCu6QjyZKvF6oVEd9TkQP1WYvVswFvDEySxn,sell,2.6360501359999997,85814.29509406001,3.0718077135174936e-05,raydium_cpmm
2TiysXeubgzJXNSh92JFfLrYFmwKEzSjeE38Dq6TBSdaLQ7pFBQZobdSx3xjLzRFQSQS2y42o8aY1Gx1KTMAYPoW,1787102730,2026-08-19T01:25:30Z,2AwjJTdTWCu6QjyZKvF6oVEd9TkQP1WYvVswFvDEySxn,sell,2.194929855,72264.66955289303,3.0373484976547967e-05,raydium_cpmm
4CKQZkwAKX6MfBJqY5kTLZoHkMeeXKHJvuBphgCQGvTceSZnhKuWzEskckA1qdJmKyX5C1VWrvutxYXpkwoppDFf,1787102730,2026-08-19T01:25:30Z,2AwjJTdTWCu6QjyZKvF6oVEd9TkQP1WYvVswFvDEySxn,sell,2.569147733,85814.29509406001,2.9938458740283167e-05,raydium_cpmm
4ZUVY1x1TY9z5eCCnBcvEtFvVrQzYyqwbc2NYY2zrGjKrPFkN3iRXoy3tjHTw9ShFvkNH8FMN1eUXHptara3wTGB,1787102730,2026-08-19T01:25:30Z,2AwjJTdTWCu6QjyZKvF6oVEd9TkQP1WYvVswFvDEySxn,sell,2.7224728359999997,90330.83694111597,3.0138908574208167e-05,raydium_cpmm
6gZeNmr24sFLgU9jswaABwHdgyrNZgVqwauwXoSqMzkYREAGeN5LMs4bUedXc2BBxza9tdrYCuhMCSX12ufNMu1,1787102730,2026-08-19T01:25:30Z,2AwjJTdTWCu6QjyZKvF6oVEd9TkQP1WYvVswFvDEySxn,sell,0.775406297,27099.251082337,2.861356923274538e-05,raydium_cpmm
Qefcr7LFxLUtzJKnMjSJ344odrcg81HeMqEB6pAwWPWrEa4AFLwEfhZo8NxmVgTKtRckVWiE2JPA3Zm5usknvjL,1787102730,2026-08-19T01:25:30Z,2AwjJTdTWCu6QjyZKvF6oVEd9TkQP1WYvVswFvDEySxn,sell,10.914259012999999,361323.347764466,3.0206348636276392e-05,raydium_cpmm
2gYKzdH9V4AyGZWfk1GfxNS73CYmtCKqHD9uyhd4mtPo3ZTcjxA2VcTeEFwAEWnfQ4mrUWoTewK3fvjdP4UvUHan,1787102730,2026-08-19T01:25:30Z,5kidNviTucvoHuFGuPQUikWokMxsLZMncGrS5gK9Cujs,sell,2.1861823009999997,72195.53904029896,3.0281404226093397e-05,raydium_cpmm
2kBd1wEmLbN5iq983TkLjE99n4tdtBMavRcGi73Eg1gZ4t7Qu3wTePsgheUyy2p7YQPP9YB3CfvKh9GiNHeRreEK,1787102730,2026-08-19T01:25:30Z,5kidNviTucvoHuFGuPQUikWokMxsLZMncGrS5gK9Cujs,sell,2.571270528,85732.20261035598,2.999188694225155e-05,raydium_cpmm
3QggnU6QzwSRSDpzWvUbv5H8DShUfn5d23PTdno4sHTAbx2mWxWGxvxTDPj1YM8hMxY7GVeQPED3u7wZPeWKZhgM,1787102730,2026-08-19T01:25:30Z,5kidNviTucvoHuFGuPQUikWokMxsLZMncGrS5gK9Cujs,sell,9.125100563999998,315855.483301312,2.8890112872585657e-05,raydium_cpmm
43mNTcqzyGSykRBPob8Hhu1TymKm25MFBa1dji8nDCwC8miSU6yWcVuaEQCTRpMYYpTBY3pTjhhPErviv6KzW1qB,1787102730,2026-08-19T01:25:30Z,5kidNviTucvoHuFGuPQUikWokMxsLZMncGrS5gK9Cujs,sell,2.2034579059999997,72195.53904029902,3.052069331832325e-05,raydium_cpmm
KMHeXUQ4MPSjUsoadvx5fDsHEoodm5juxyDCwci45tqYsErUk1ithYwDXe784YWnRwheiMKDkpMCH3NexU5Df2w,1787102730,2026-08-19T01:25:30Z,5kidNviTucvoHuFGuPQUikWokMxsLZMncGrS5gK9Cujs,sell,0.642291069,22561.105950097,2.8468953180783166e-05,raydium_cpmm
xH2M2mCNJP9F4b44P5KAN2i3nmQKmK8jMFB2Wtnt6qbSDbsUX4bU3RV1rQTaC3w8xGjTRuvhQtw54F1k362tmxt,1787102730,2026-08-19T01:25:30Z,5kidNviTucvoHuFGuPQUikWokMxsLZMncGrS5gK9Cujs,sell,1.815576349,63171.096660262,2.8740617861429255e-05,raydium_cpmm
3WeVHRp4WjhsPjB79HiEVFk9LmCsYyFWUsYqMQa4zSSn8RaviuqM1m3v3HLeDLDRCzDurjYk8vNpHR4TzTxJAiZk,1787102730,2026-08-19T01:25:30Z,DenZLNzBtE3L8T1kQFKh8oE7FCXBrdsM9xwCbsnKvdJq,sell,2.518264211,84265.29295891698,2.9884951711112713e-05,raydium_cpmm
44oUcDcDFZAw4URTepa9JkeigyYP29RUjB849CX49ZfbyMxnnhxankd45jBMW4GKATSARLNnZDjXcLW7Vg2F7J2t,1787102730,2026-08-19T01:25:30Z,DenZLNzBtE3L8T1kQFKh8oE7FCXBrdsM9xwCbsnKvdJq,sell,2.092090435,70960.24670224602,2.948256992085375e-05,raydium_cpmm
5MQGudaFp7qX3p1hZVpATEHMk671qziioy5SATsbksqJm66SRC3cBDGapWcU3pbg183zbMq1N9u8dcxbTJvNBbgj,1787102730,2026-08-19T01:25:30Z,DenZLNzBtE3L8T1kQFKh8oE7FCXBrdsM9xwCbsnKvdJq,sell,2.131188355,70960.24670224608,3.003355334913939e-05,raydium_cpmm
YPtyaLvhutfmWJ9iAMM5iHkv3oLBKDXbq335nSo2BfGR27rj7kTwec2RQuDoxu4p59abYAtWNnGjHSgT2f6MsCM,1787102730,2026-08-19T01:25:30Z,DenZLNzBtE3L8T1kQFKh8oE7FCXBrdsM9xwCbsnKvdJq,sell,9.189452505,310451.079322328,2.9600323906295677e-05,raydium_cpmm
cVsjt1WnMJMqHNQXQeTN3qtTjRj4dR8EJU8yeQcEabcybKQxGUgBWxXVEm8Gc1YxExLwx5TPrnjdYe8agNQ9uCi,1787102730,2026-08-19T01:25:30Z,DenZLNzBtE3L8T1kQFKh8oE7FCXBrdsM9xwCbsnKvdJq,sell,2.1455110829999997,70960.2467022459,3.0235394924748676e-05,raydium_cpmm
kXp29QonbVN9m811umpunx4XWknjcAdyG6Asx4KwtQ5LtSgjzKXXAn7J2d55JRcPaBqks2bJUxifGJsYQvQkTuN,1787102730,2026-08-19T01:25:30Z,DenZLNzBtE3L8T1kQFKh8oE7FCXBrdsM9xwCbsnKvdJq,sell,0.379020819,13305.046256673,2.8486997466085943e-05,raydium_cpmm
2k87pk7EwP3RxtG3cb9zzmRAzBf5x4AjzwWp4wp3MfyUHoa196BTNdLEUPmwoG2UPbqxqvLvsVX6CPt4CmPx5ykP,1787102730,2026-08-19T01:25:30Z,Hedt6aVyFRvxpQJkrrqgZ3e3JxUNb7ufCVyYXMnHYYE4,sell,2.203405024,72084.63582037203,3.056691622179618e-05,raydium_cpmm
4QCj9oWHtw5Jxr9MfBFznSYBbdnscZnzENXrdtym2RiFH721wLZY8vZed27yhLYAJPPLgGv4rD9SMaczT3uFVG41,1787102730,2026-08-19T01:25:30Z,Hedt6aVyFRvxpQJkrrqgZ3e3JxUNb7ufCVyYXMnHYYE4,sell,2.2067466139999996,72084.63582037191,3.061327270209151e-05,raydium_cpmm
5Mc6PksmSxCRqo6zaBG4PqM9UmGsJTDySbLoHiC9rN7G2NJJixaDragrjTRMXrhE3k1DzadMph2LfNsycvhQ6uk8,1787102730,2026-08-19T01:25:30Z,Hedt6aVyFRvxpQJkrrqgZ3e3JxUNb7ufCVyYXMnHYYE4,sell,9.458923579999999,315370.281714131,2.999307204403644e-05,raydium_cpmm
HU3eDj4LcW66SuajzZoM6VC7G6RgDvUZK73fRvev4GaHnBFjFfNjHHyk2RtrPKCJHiuoUYJ5TmoLTjJzgEMPuWP,1787102730,2026-08-19T01:25:30Z,Hedt6aVyFRvxpQJkrrqgZ3e3JxUNb7ufCVyYXMnHYYE4,sell,2.6088212609999997,85600.50503669202,3.047670407881061e-05,raydium_cpmm
tPdjeaKePRrHp45L9TUGGTmsh5bAvmS4dKmcc8uoSdsFysECHe4bWGSX6LtEfKLqNJNybW85cVBRThzoXWApF7i,1787102730,2026-08-19T01:25:30Z,Hedt6aVyFRvxpQJkrrqgZ3e3JxUNb7ufCVyYXMnHYYE4,sell,2.5329497959999996,85600.50503669196,2.959036041801706e-05,raydium_cpmm
5kCvTWZa2Ezzrum3pBmbZV2AcbMxeCWvzF3MkcNYSkw21mjcRBJADmvPmGr7vD8vXRyJfRVf78r727QqdV6NYUum,1787102735,2026-08-19T01:25:35Z,2z2q5gk8TDgqCidzkXkyevXH1aDaVjWL8cQwoRbMF1Jq,buy,0.008039280000000001,199.252050204,4.0347288731880823e-05,raydium_cpmm
3Qk9d8MBpjXdTfanPEyUjSTrth9dYCpnHMjxM7E4exYkr12RgAQnB9UfiH69az7uLc2JZVt1iRD4VB7bzpSBmyWt,1787102743,2026-08-19T01:25:43Z,2AwjJTdTWCu6QjyZKvF6oVEd9TkQP1WYvVswFvDEySxn,buy,0.02364283,763.312824693,3.0973971922336046e-05,raydium_cpmm
3bMdB65DctNakhS9ANL3F84EPndzZX6bS8oMq5AKrBGsM9AWpY1u7NLw6nUKYqS5dMDZsa4mMnzbxuVqnjoM86Kj,1787102743,2026-08-19T01:25:43Z,5kidNviTucvoHuFGuPQUikWokMxsLZMncGrS5gK9Cujs,buy,0.026423981,853.569907205,3.095702036465282e-05,raydium_cpmm
31BC7sw4KjnsE4x23uY8CCuEohHJtgv4MKPMxoJTsHoTzPYVGffBh2Pc6fE1bpoQ2RPaHPEPSzobkSXBYFKrFUjt,1787102743,2026-08-19T01:25:43Z,DenZLNzBtE3L8T1kQFKh8oE7FCXBrdsM9xwCbsnKvdJq,buy,0.024628094,795.297616779,3.096714170947118e-05,raydium_cpmm
66LLyVizqGsAfo34xSPQGBWDfkreW5S1bMgzRB3Mf2VKKNN87LEMp8YU8CR8gUyrz3L3NsAzYVehQY3jG4EJJj9u,1787102743,2026-08-19T01:25:43Z,Hedt6aVyFRvxpQJkrrqgZ3e3JxUNb7ufCVyYXMnHYYE4,buy,0.027134557,876.537661144,3.095652155388936e-05,raydium_cpmm
4SMcNK4GYQPMAnpEb7wCnE14LHrvNWvXwWFGVCgcVwyy5pAHz8JzHfBy8BymgqoEUcrbX1jgky5XdCuSvM32w3C1,1787102744,2026-08-19T01:25:44Z,2AwjJTdTWCu6QjyZKvF6oVEd9TkQP1WYvVswFvDEySxn,sell,0.022821862000000002,763.312824693,2.9898439095633985e-05,raydium_cpmm
5WtzwemMAsWmpCTapNv4nRYLWTxHw6H7C9cLj3V7eKZ5Y3RgfF53pkPqVG4yZDygyA8sqoZixmZv7tAffBhdmKDm,1787102744,2026-08-19T01:25:44Z,5kidNviTucvoHuFGuPQUikWokMxsLZMncGrS5gK9Cujs,sell,0.025521162,853.569907205,2.9899322579879373e-05,raydium_cpmm
2oZD6ubnfzBGBNBXW1By2dS53HWaUnv1miRcuscfsMAzYHZn8rjidTmyNophzFqNHT2A9wjEt1Pd5ACMocR2e9ZP,1787102744,2026-08-19T01:25:44Z,DenZLNzBtE3L8T1kQFKh8oE7FCXBrdsM9xwCbsnKvdJq,sell,0.02377777,795.297616779,2.9897952034989497e-05,raydium_cpmm
4HtwJb1AYxsiuncrKhGEwZmrZ24hguAs5ScUQwJkCbU7wb6gPtLKVc1AcT91W15bgHDG6Kap8W5a92CgrnpaTBsG,1787102744,2026-08-19T01:25:44Z,Hedt6aVyFRvxpQJkrrqgZ3e3JxUNb7ufCVyYXMnHYYE4,sell,0.026206781000000002,876.537661148,2.989806617741561e-05,raydium_cpmm
3LQcMJsQiC6Yk87hJbRWdq7m1g4mtMfDq9rMMbxnFxNrtQXPrabvskxggz5yeJZtkVKSVvuit8EJVAj3K7qv6mhx,1787102795,2026-08-19T01:26:35Z,2z2q5gk8TDgqCidzkXkyevXH1aDaVjWL8cQwoRbMF1Jq,sell,0.006191970000000001,199.252050204,3.107606668870149e-05,raydium_cpmm
39XeK6oGU3WQHXP6yEXD6bcA2BCon4hKmvhcGfoW3ZJ4RvZdJsBDb4G5A8pwZirKWBDi4YpAc53MaoCsiqrQgE3T,1787103229,2026-08-19T01:33:49Z,797CrVjYgQRU7V6CVhhz8hSNDTx5wF53apb6mf9wqPfZ,buy,5.0120000000000005,188856.962928166,2.653860319625268e-05,raydium_cpmm
52KxaSDBA8ZYymzA48j7JF1c6djyLKscfPGpqmPP9RNAaR1T7GjLhjYAwciLUoddWJhpzPZ6obv7SNrsoPMd3DSd,1787104073,2026-08-19T01:47:53Z,3KEdzpSYJ7sXfHKpVhSF2Qj6ZAjd3Q3dugFCZ4umWvkR,buy,3.9999999999999996,160420.650100939,2.493444576794285e-05,raydium_cpmm
xUYZ9LLVn7NEM28v6nQeCKxjb6YV7mdY5pZh8fBDSsmvPbGTKoztfhpbyTVjZ2gKnYLcirkMUknmv3KLPfXyu2R,1787104115,2026-08-19T01:48:35Z,3KEdzpSYJ7sXfHKpVhSF2Qj6ZAjd3Q3dugFCZ4umWvkR,sell,4.001614565,160420.650100939,2.4944510338800682e-05,raydium_cpmm
2ycGCUcu2f66Vi86T8pzqERKgdmQvbNvJb7djmJ3ajH9dcEjX4WbThvpBy9sMkQBMP6zBVNTEpybHs6pWq6BKKnw,1787104366,2026-08-19T01:52:46Z,797CrVjYgQRU7V6CVhhz8hSNDTx5wF53apb6mf9wqPfZ,buy,5.0120000000000005,196195.05326919697,2.554600595929956e-05,raydium_cpmm
4rxpPbs9cTaT6YkpLoPUxsfZdGh2SRVEjpHCh5jiLMSYVZ3Hpw1vVDnPy6FRTA9jg2fAuGSRBvhGKTDae5fuQjcV,1787104467,2026-08-19T01:54:27Z,6DqwStHBhuxWGutooviZUgVDhT3F4Dy5pAiP2YErRCEe,buy,1.5010000000000001,57454.12297099549,2.6125192107757844e-05,raydium_cpmm
NUchwQZhxNQcKchgdozqR5ywHkAELKTtn9t8PqUcxdNt5p21TawvEsWdzmba9448GZ4yLXtXjQZcFME5ZhKrsdG,1787104520,2026-08-19T01:55:20Z,3o7YPX68tAMJdYH6CeqNpvcNe9ZGcgFzBzVsoUQZgSbo,buy,0.065189304,2548.95131387,2.55749506258811e-05,raydium_cpmm
4zYrpeUkTd1pxmUEMcwbj3MwZepEF15vBhEL3ZKSic3azJ3mghztT6rYgseU9gZU5kvg8F31eeV6tu2VzFdxr4Xx,1787105582,2026-08-19T02:13:02Z,797CrVjYgQRU7V6CVhhz8hSNDTx5wF53apb6mf9wqPfZ,buy,5.0120000000000005,220706.39177389705,2.2708902808463066e-05,raydium_cpmm
4ZDSTvq6Rh5mkGqRjChUqLgDghosNMJ6W2VGYJ652UVfnjgxLLAbJi97QUs9Z87boGahVKDF9mwkxWwPc8UpDADP,1787105841,2026-08-19T02:17:21Z,797CrVjYgQRU7V6CVhhz8hSNDTx5wF53apb6mf9wqPfZ,buy,5.0120000000000005,233155.89147079992,2.149634722238059e-05,raydium_cpmm
611jV7HrxYpMg7cFte32zo1q39Skx8SK4BCApjqVS3CTZjyNaCzQtUHLsrdnVPUKLB2aSYpP5ctpAgwG8pcnb5Pv,1787105919,2026-08-19T02:18:39Z,797CrVjYgQRU7V6CVhhz8hSNDTx5wF53apb6mf9wqPfZ,buy,5.0120000000000005,238421.442468054,2.10215991821774e-05,raydium_cpmm
5g5bg93t5byEvHueWVDCittjoi4ELvE2z7YnbmsjUEzqrmkKXpKAHbrLgXyHyemro73wBXmNVWcxo8v3p5YEMfuP,1787106695,2026-08-19T02:31:35Z,3o7YPX68tAMJdYH6CeqNpvcNe9ZGcgFzBzVsoUQZgSbo,buy,0.06507864000000001,3080.016313037001,2.112931666125828e-05,raydium_cpmm
E1bzYcmwve9tKR1LkFhDanb9yNzE8TmVBHmxMn2zsmXb6fmaBYmSK6gU3esMAM9qrx3wFUTz9GNigWChNBnjqsG,1787108928,2026-08-19T03:08:48Z,6DqwStHBhuxWGutooviZUgVDhT3F4Dy5pAiP2YErRCEe,sell,18.667228689999998,851363.3996173907,2.1926275781163713e-05,raydium_cpmm
BQQsJmhPManNduKvAYe1rQxsiKQhTxyACz3N2e16cyAFMv4nRXpS214SQmmk98AGdXPW6eHn1fiKCeNUHczVwAP,1787110880,2026-08-19T03:41:20Z,797CrVjYgQRU7V6CVhhz8hSNDTx5wF53apb6mf9wqPfZ,buy,5.0,266160.95606609015,1.8785625337017706e-05,raydium_cpmm
2pK7rxKF61yFtBeQJyPQpG8PJmqtCWy5GLLGyRWyEafwykPFVyJA6VmZUCBVWZRPBhmsC2utRLppXUhvPgF4gM7G,1787110901,2026-08-19T03:41:41Z,797CrVjYgQRU7V6CVhhz8hSNDTx5wF53apb6mf9wqPfZ,buy,5.0,274423.3749898118,1.822002225643362e-05,raydium_cpmm
3r38UxUYbLyS4zEvtGyMAM5PH2KEovE91HFRZQVHSsdzyCM4BrFiYtgADQpxJK4GUKhNZGsEETwPgS8aAFqeaVGx,1787110906,2026-08-19T03:41:46Z,2z2q5gk8TDgqCidzkXkyevXH1aDaVjWL8cQwoRbMF1Jq,buy,0.00803928,330.007978333,2.4360865578491655e-05,raydium_cpmm
5oxsnNkMaB4DVSpnN6bX6iiGgUKBz1k4YXQ3Wn4Y8tNdxA71z3S3h9nVfQLqzvPvfwmHvFzwLw91DKKc44zTfEDD,1787111007,2026-08-19T03:43:27Z,2z2q5gk8TDgqCidzkXkyevXH1aDaVjWL8cQwoRbMF1Jq,sell,0.006296851,330.007978333,1.9080905352070182e-05,raydium_cpmm
3qUQjPFhkJWm5Z66EwJujCffQvwv4Urqtew7YrY4EBZXPhSU6ZXkg9iDhJxyUZxTWbUyzKzMYTWKujgKVwa5r43c,1787112356,2026-08-19T04:05:56Z,JHCa7HtNnk4UhenAr8znYWSRsQQ9c4FNsNXhRnsBBJX,sell,0.024806621,1406.111112048,1.764200623083703e-05,raydium_cpmm
2p1pLiqjc4rUXspVkBSmNtrfV7GqiUdYMn7sjDX7zo59eoaZe8pezgjhYErhSFRrBxs2WiW1TnHHQvesVzYeixDu,1787112567,2026-08-19T04:09:27Z,2z2q5gk8TDgqCidzkXkyevXH1aDaVjWL8cQwoRbMF1Jq,buy,0.008039280000000001,313.973040667,2.5605000935499e-05,raydium_cpmm
4k49jknHLBHztYf15LTKCwmLr1f8mGbWAja4VgwP3t4QQdd2eThxtPpGDvKykT7PDC2XLqrPbL9b4UpEaSk9c2rw,1787112627,2026-08-19T04:10:27Z,2z2q5gk8TDgqCidzkXkyevXH1aDaVjWL8cQwoRbMF1Jq,sell,0.005955383,313.973040667,1.896781643210024e-05,raydium_cpmm
21ggoq16yPP62q7t1Ht9VbpeHWqardKy6MCFkh8LMEEpVrHkh2Lo7esY9RpQCNvQzNHgsHYPQ1iuK9Z7NE3DTPmk,1787120249,2026-08-19T06:17:29Z,2z2q5gk8TDgqCidzkXkyevXH1aDaVjWL8cQwoRbMF1Jq,buy,0.008039280000000001,287.503601271,2.7962362782448075e-05,raydium_cpmm
5KCee5RHuMxc9LQTa8j7nSN9KgLMD5ppbnx2VpSa7xMRxt2VobK6Fps2bpYrmZYycSH9GcpE5bhFZFQ56YELD4rB,1787120310,2026-08-19T06:18:30Z,2z2q5gk8TDgqCidzkXkyevXH1aDaVjWL8cQwoRbMF1Jq,sell,0.005945697,287.503601271,2.0680426171064217e-05,raydium_cpmm
61Qths2SSuW9Kw2BCveT9QjEouSbLj4s6usPytJxBMbiZh5wJwf8bFJv7KM4McBXfP4mwKTv2MASin9mvZpTu9wF,1787129150,2026-08-19T08:45:50Z,797CrVjYgQRU7V6CVhhz8hSNDTx5wF53apb6mf9wqPfZ,buy,2.1525196109999998,115028.7735126582,1.8712879788839342e-05,raydium_cpmm
2WMDSri3BwNMbQ2wdokLWyEhuTpC8ZD11rFesLciE7feiNU8QVZTkkSpLpUkyH68c1Yp7KdNgMK9Q9F6Gnr7F8YG,1787129209,2026-08-19T08:46:49Z,ATj6HNyLtkdm8LMiTf6LftgDLDK378dAjDv8bCBhkoD1,buy,5.0,267072.430890235,1.8721513049225837e-05,raydium_cpmm
3uiuqF9bQq5hFpkm14NUMdNvsqF2Q1CUAUaePGxHbHCNKDBCsdGLQmyZAd2nA6mhXdR7Ds2uZGRCtK8mwaVghXnp,1787132938,2026-08-19T09:48:58Z,ATj6HNyLtkdm8LMiTf6LftgDLDK378dAjDv8bCBhkoD1,buy,5.0,288559.11775084503,1.732747188504099e-05,raydium_cpmm
3Ba2iCX5nsD1KN8vVmKcayUVu7ox5AR4hNJAUxjU1XBuLAZwwWottmZ7uuj3WKittuXDvBEmZQjkp7DVqEuj9Xmt,1787133021,2026-08-19T09:50:21Z,ATj6HNyLtkdm8LMiTf6LftgDLDK378dAjDv8bCBhkoD1,buy,5.0,289500.9227933419,1.727110211517085e-05,raydium_cpmm
65evwNVHh5NbWp96NTMhm8vsQaxZiR79o5UQfsVcFHxpkYbucgfHUHt4GyztXt3nAWG29vtPxHi5rRn9F7vkXnfX,1787137038,2026-08-19T10:57:18Z,ATj6HNyLtkdm8LMiTf6LftgDLDK378dAjDv8bCBhkoD1,buy,5.0,297833.1182104711,1.678792482865061e-05,raydium_cpmm
f4vR1Vk9rSeYfdeH8oWCsuBHTexUJqF6tvta4d1Xi8z3m9j1farCZJJgmbLRTYjXusg5nJuMwUmKfQwfnBTs3bP,1787137611,2026-08-19T11:06:51Z,ATj6HNyLtkdm8LMiTf6LftgDLDK378dAjDv8bCBhkoD1,buy,5.0,296709.27240938484,1.6851512456615264e-05,raydium_cpmm
4wyWQj2k5Vm6NXNmcX6LexMTbmwsXqoUN76cPdxdfgB86gKu5guGRvp9YeMNV8zfszMAmfrafCHdK4bV3WXDrwJr,1787137953,2026-08-19T11:12:33Z,ATj6HNyLtkdm8LMiTf6LftgDLDK378dAjDv8bCBhkoD1,buy,5.0,302553.46190067613,1.6526004920219445e-05,raydium_cpmm
4cs6V9WmS4XZokNoeQjbV38qehGz1zi6WyHg9nJ7u1GwDNrhufYMDD2uMUmajXWVQG8kMh5tR4YTQe3F4En3X9w4,1787138205,2026-08-19T11:16:45Z,6DqwStHBhuxWGutooviZUgVDhT3F4Dy5pAiP2YErRCEe,buy,2.001,120519.69786142185,1.6603095058376484e-05,raydium_cpmm
43xMwubt6BpjZUpMZ3FD2DTWDhbYfhuuxtSucGWRTFNfvKdSXQbJZsmkitk2JcZAcMXhosztKyM7z4aSPz79vSbC,1787138237,2026-08-19T11:17:17Z,6DqwStHBhuxWGutooviZUgVDhT3F4Dy5pAiP2YErRCEe,buy,1.5010000000000001,90094.50543783978,1.6660283473508904e-05,raydium_cpmm
5NJMEXHQW88kEVxmq4R68d1V3FDSwYar2i9ygYr9p7cU4iPpGXJB3rVKe58u18cmtyFLBUy93GGogkxHyEAJjLHx,1787143101,2026-08-19T12:38:21Z,6DqwStHBhuxWGutooviZUgVDhT3F4Dy5pAiP2YErRCEe,buy,2.001,97037.93237708136,2.062080210266929e-05,raydium_cpmm
4ZtbCist1eRm2TTtPKfPjByYMDxpRJXfgHMRd3dxtvkTXaJdMW5kdQ6QedXoqiR8Sm8JevPQ9Zh2tb6gaj7j5ZRV,1787148852,2026-08-19T14:14:12Z,2DCW6PvdpXwscZVanFmDLB7svT2STkUj2SuXSMR6C29g,sell,0.40779549,14036.486225055,2.9052533765330013e-05,raydium_cpmm
5AK1hmkL318sYN8yQfkZVnQtmd83DkMa1GHuYZSAQftsNksQrUsmAu5dAwZjkHufWK347CRmJw7X3hDiouxL6UDi,1787148919,2026-08-19T14:15:19Z,2z2q5gk8TDgqCidzkXkyevXH1aDaVjWL8cQwoRbMF1Jq,buy,0.50203928,14417.0346279,3.48226450832301e-05,raydium_cpmm
KLagPDAsYMUKRUrC4CanetWe5i7NgDjHPqr4ARxMhGLPgj5UDNFoMHf3gT2cMnHZZ6cvcFewn2b4N51mZQ3xwdi,1787148919,2026-08-19T14:15:19Z,2z2q5gk8TDgqCidzkXkyevXH1aDaVjWL8cQwoRbMF1Jq,buy,0.006,173.0167112529998,3.467873106908319e-05,raydium_cpmm
4NeCe98LW7uwcSuGV7bpxro3eG96m6e143sJxDuMhLQLHtvbuoZrTcMbFCF58iUo4BKehropwQtBxWK2EhjmLz7o,1787148920,2026-08-19T14:15:20Z,2DCW6PvdpXwscZVanFmDLB7svT2STkUj2SuXSMR6C29g,buy,2.001,58113.556175954,3.4432585642177e-05,raydium_cpmm
5i6s2CD7KkrCVb64L7p2DfD1FKGBAhCarSmTDvnRFxXajJcszABvQLZmNRzc7oNgVPo7iMHoLZuitMftdKvguc4x,1787148933,2026-08-19T14:15:33Z,Ahekwy9V7q2tmqJdTX92TAtEHM4pafQbsfc5oLakbZs1,buy,0.35737128300000004,9043.829694631,3.951548128025439e-05,raydium_cpmm
2MZUYmTtebjDn1qD5yVnco8QcufjoCYmL8K4avctZg63EmMk1maAp7sZiNKZfCqu4BbsL5EBvnivPe1taJDgz7Go,1787148933,2026-08-19T14:15:33Z,C7PNbARVAHeskaefdcu7fy21dCN3qNANKuT6Cka2av4L,buy,0.24505112099999998,6178.109138912,3.966442085922018e-05,raydium_cpmm
Ttf6qJ5wW8X5XPMCcmGaAuLGninhn9pKqx91taJH5moGeDGo35FamXvqsGuTTSMFyXSqiLkbm7cguTasJv1cQgc,1787148933,2026-08-19T14:15:33Z,JAGPLMkgPWRxFJekMU8DRHRurw968GGYHRMEKUWheYcD,buy,0.406695436,10306.564372951,3.945984532608649e-05,raydium_cpmm
3kgAQDKarUE53FiQBmfKcnu4Ynii2K7E2CwdKWuCzgak4iD41fD33rh9c6NGoUzbCrgnEZ4gNNKWWB7xzuo4UeKS,1787148934,2026-08-19T14:15:34Z,Ahekwy9V7q2tmqJdTX92TAtEHM4pafQbsfc5oLakbZs1,buy,0.28694434100000005,7294.208134035,3.933865550958286e-05,raydium_cpmm
WY7fAYECSbSSGmsJriS1H6X6izjuYkHuT5QqapCLJiEHhnai7EE7gt2JYo942X6YKdm3osUq5aQfHkeNbhWwmW2,1787148934,2026-08-19T14:15:34Z,C7PNbARVAHeskaefdcu7fy21dCN3qNANKuT6Cka2av4L,buy,0.417023024,10614.624159358998,3.9287592074779915e-05,raydium_cpmm
4Co4i7Zm8DUfx6RMsTAgE5M64AsSyCCMytk6gk71U7YEbanScAW74uHxABW5K3D1nAHDCwgcBXMVLaxr1Yzupk9p,1787148934,2026-08-19T14:15:34Z,JAGPLMkgPWRxFJekMU8DRHRurw968GGYHRMEKUWheYcD,buy,0.29903263500000005,7601.251711002,3.933992010384056e-05,raydium_cpmm
vj9P6idqA82EDpENgvhAQ1FG2boEtknn8ueXZge1fDVrzN5iqKRrwizansoS7EA69jF3tscwgcgxquTVf6nxiFF,1787148935,2026-08-19T14:15:35Z,2DCW6PvdpXwscZVanFmDLB7svT2STkUj2SuXSMR6C29g,sell,1.3522644069999998,36075.021200505,3.7484784817841495e-05,raydium_cpmm
V1NJzWhceRUoau7Fwi3pJpafxum3Qz3gc3LdCYByzdE4BiuwUt729WQREtY3eEy7o1823UoHDCVc8QS3tEhUrRM,1787148942,2026-08-19T14:15:42Z,2DCW6PvdpXwscZVanFmDLB7svT2STkUj2SuXSMR6C29g,sell,0.665242167,18037.510600251997,3.6881040945345647e-05,raydium_cpmm
3unhXiMs5zjL8g477D6XMeB9p3gro2tPiczaasSigkkXpGUMwx9pdJTZnUyXB69eweWfdv5Xd1PQSLYMVpaCvck5,1787148987,2026-08-19T14:16:27Z,2z2q5gk8TDgqCidzkXkyevXH1aDaVjWL8cQwoRbMF1Jq,sell,0.508512035,14417.0346279,3.527161084956556e-05,raydium_cpmm
5xqDFHCgoKkaYUJRq2EV5qU6u3X1j2MxkXewUpRsYpW8HDi1ejQXmGUJQnw1c1vocQDA9XU3PKJJb9XizFwVakwV,1787148987,2026-08-19T14:16:27Z,2z2q5gk8TDgqCidzkXkyevXH1aDaVjWL8cQwoRbMF1Jq,sell,0.006101588999999999,173.016711253,3.526589400417933e-05,raydium_cpmm
3CjKTsFY9Wr2FBN5HKv4MH9kV6JUdMVfvYrMnCMGYkP5CDxQGevVgCc7B2k7EExUwZKDukiUQSyREACv3nEvGQN8,1787148994,2026-08-19T14:16:34Z,2z2q5gk8TDgqCidzkXkyevXH1aDaVjWL8cQwoRbMF1Jq,buy,0.008039280000000001,169.651754232,4.738695474381142e-05,raydium_cpmm
42E66YEkQaBzD8BoBPFdmpwkJPrLRy2Kww6BEhWtMtHj7LH1GhAaR18LXLnzRQyED8badw5yFq5NEpBJSq9vNNNx,1787149055,2026-08-19T14:17:35Z,2z2q5gk8TDgqCidzkXkyevXH1aDaVjWL8cQwoRbMF1Jq,sell,0.005842451,169.651754232,3.443790502755666e-05,raydium_cpmm
3bhFqkoPqce8sg6LyXqFcxV8P7FMhBtJXMVojXqm1WdNrVmFBdoRgjmnX3NonuSA6QfTQ9naTj5DJF99wxrEdcQP,1787149087,2026-08-19T14:18:07Z,Ahekwy9V7q2tmqJdTX92TAtEHM4pafQbsfc5oLakbZs1,buy,0.19298501599999998,5750.252308746001,3.356113882280856e-05,raydium_cpmm
UHR3yid7m4cUuXtxTBYm857oDHCNPCLXmmseCJo2SPj8JUGgaSCyWtqM2d1F8ehd7VKqzbS39XH6uxAerKW4DmS,1787149087,2026-08-19T14:18:07Z,C7PNbARVAHeskaefdcu7fy21dCN3qNANKuT6Cka2av4L,buy,0.151545195,4508.567701558,3.361271362247291e-05,raydium_cpmm
5nw8m8mRRx2cZbE53ixd1udqJZ7GJ81tPTYDQ7KcduKEokZ1v9fEYWzz1v6NoHMezz8y8yaBfyWGgJubgADjHdod,1787149087,2026-08-19T14:18:07Z,JAGPLMkgPWRxFJekMU8DRHRurw968GGYHRMEKUWheYcD,buy,0.158469789,4715.479981398999,3.360629026633781e-05,raydium_cpmm
piQdYkifB5xX8R2nCSGx199fo3DrB8jiC7a8yQXNMDsuaw7NVsYttzPhU7UtjeAMZhR1tdHfFwPxzPb6SKcRKjH,1787149157,2026-08-19T14:19:17Z,Ahekwy9V7q2tmqJdTX92TAtEHM4pafQbsfc5oLakbZs1,buy,0.28634955500000003,9347.875014353998,3.063258275921533e-05,raydium_cpmm
5u9vaPJybWLkfUcp9jDTY2o9WizAWcFYM4RRES5SjzVv6qoHEqupwRFNAcCyTQorUZSzB4PtCTdFQtACzg3i9i9V,1787149157,2026-08-19T14:19:17Z,C7PNbARVAHeskaefdcu7fy21dCN3qNANKuT6Cka2av4L,buy,0.27478429800000004,8970.691721157,3.0631338868989644e-05,raydium_cpmm
2QWoGaff7aVybZwwt2ziyr116pjquMPWz3X8m5AU3LMjQjG7Fc6ddSjL4Zgo5LTB5q4CHSnXu7mc18XHNN9NAMfi,1787149157,2026-08-19T14:19:17Z,JAGPLMkgPWRxFJekMU8DRHRurw968GGYHRMEKUWheYcD,buy,0.44186614700000004,14448.694490987,3.058173506787296e-05,raydium_cpmm
usXhEbefNFQzuDj8E6MN6uSJ6QxViqUS2SoYJcvhcXii8PEbzfPhA7f6LiHnnPzA8M9ZCpXxwQjvCMtPiLcyuWT,1787149160,2026-08-19T14:19:20Z,Ahekwy9V7q2tmqJdTX92TAtEHM4pafQbsfc5oLakbZs1,buy,0.251771317,8681.779257273003,2.8999967580272575e-05,raydium_cpmm
UgvbuhvV9APLTBmyKkwZGTcDqMXANCmphyxZMzyYyaRePoC4ta8c7XCoR2BexMU6f4d5W29AprcQrGrBGVEhQeV,1787149160,2026-08-19T14:19:20Z,C7PNbARVAHeskaefdcu7fy21dCN3qNANKuT6Cka2av4L,buy,0.408382524,14106.918577703003,2.8949094853746294e-05,raydium_cpmm
55fYSDHiNAsGJS1QuSYvAhYvwcjVyBY2qEhtNTiHFGZyv3NtC6Q3yvkBzsvoHNzzeySPHzk3uPnTaz9hF3pLuBLa,1787149160,2026-08-19T14:19:20Z,JAGPLMkgPWRxFJekMU8DRHRurw968GGYHRMEKUWheYcD,buy,0.34284615900000004,11840.580950549003,2.89551805297276e-05,raydium_cpmm
3vhjuYbAkyQ7rcbKK9a5jg5ADHKf7woR1aLXUS4TgiAxUNwi4w4unjYgrq9JoeSW8rVxXkWv3oEQSsmwtPNcWBpd,1787149161,2026-08-19T14:19:21Z,Ahekwy9V7q2tmqJdTX92TAtEHM4pafQbsfc5oLakbZs1,buy,0.442944891,15236.285121536996,2.907171186852382e-05,raydium_cpmm
4RbaQpHH9YqP5AoYKfhyeCv9CaHuaDDWRbyhA5bwZuwYLmWpxCqaC67zcSvK7dUYvddCCB1EeG9qUpwTxTZwHCRd,1787149161,2026-08-19T14:19:21Z,C7PNbARVAHeskaefdcu7fy21dCN3qNANKuT6Cka2av4L,buy,0.25307392500000003,8688.300829663996,2.912812642673967e-05,raydium_cpmm
3TerrFMLVTXqbDpL5QC77DfSipK5o1cT8g6n9qUw2tGbm7YDkWDqFAnFtmfXa2PWfgH56S2UKzKCgR6dexSqcD9p,1787149161,2026-08-19T14:19:21Z,JAGPLMkgPWRxFJekMU8DRHRurw968GGYHRMEKUWheYcD,buy,0.306981184,10544.306626546,2.9113453816598454e-05,raydium_cpmm
bYM2zhJ4pTRZVBZHCswG6pR79MqeTT7jawBJKJgeviAVd6tVMihPvzrWUHZZJvRZGbUgqJCfQCqKYyshrMnRyfw,1787149478,2026-08-19T14:24:38Z,Ahekwy9V7q2tmqJdTX92TAtEHM4pafQbsfc5oLakbZs1,sell,1.543831577,55354.229530576,2.7890038215548356e-05,raydium_cpmm
2Lhv7aB48nUpRfQaz9Eqk76wB7DiTL1v7Wm7mHCBdYb4ZiJD6ZPsV3oDFdZbtuStgtZ4uckCpAkKWR28omyibgCr,1787149478,2026-08-19T14:24:38Z,C7PNbARVAHeskaefdcu7fy21dCN3qNANKuT6Cka2av4L,sell,1.478371957,53067.212128353,2.785848168214076e-05,raydium_cpmm
2QwbQNLqvX2o9vWu3ybVajffkbPPzS4eFmvRmKoYTjR6b4v5UEiVcZwL6PyJsVJRpAciFTTRArsCaYLHw6yEaUqV,1787149478,2026-08-19T14:24:38Z,JAGPLMkgPWRxFJekMU8DRHRurw968GGYHRMEKUWheYcD,sell,1.660294803,59456.878133434,2.7924352154412512e-05,raydium_cpmm
4jvAEKp6AgGfFSG3qtxeWxGCTL8armJGUhSfzidwuE9zCLVNTmBRJKToPz6ceiFs2G4NouYSwaMcmgxf99tU37wD,1787157044,2026-08-19T16:30:44Z,2DCW6PvdpXwscZVanFmDLB7svT2STkUj2SuXSMR6C29g,buy,2.001,80395.41290624,2.488947973105925e-05,raydium_cpmm
584aV22m6aDfJpV5YEjuB2vJjD6gE1jG5kmbHfFamj1tJUb17y93x6f7jyiBiBG4zsvnBuGcvzqg87mKXVLNXbiG,1787157044,2026-08-19T16:30:44Z,2T7W5XtariS53AbHY42u8CZzAyrzvNzGpeWcHsARNGkx,buy,5.006365068,205854.769059244,2.4319888681127387e-05,raydium_cpmm
5KJcCDXqARvY216t4vdbqxMj87YZXpQ5vYsN2PrjiegxJzHMr7QWPSHH4NQSb7YDXyVbWCpMZruif19apwWrBDon,1787157044,2026-08-19T16:30:44Z,3XQyz76yGTfdVezAEX32drhFBK6Zdqu5vP1C1ocPXVt2,buy,4.587466211,189307.071202719,2.4232936370810592e-05,raydium_cpmm
PQ7UFgnQac8d4rqrPYj6Gu7up5hxemiPPRwVRjtbWVVE9WCUo9FTK6QTwvgNcAHyS6vEdtEWtRTaUopdwmA6RiC,1787157044,2026-08-19T16:30:44Z,FDQKtMRyjWHPxyvtuWzqypyn3JXmCtv3CH9tKQpLbtPD,buy,4.979065705999999,203056.138178937,2.452063626666804e-05,raydium_cpmm
qWyt8fnnATw32rgW87ko5C3Tgp679Gwq3k8KynrrFe18oDQS7M3nKXyGp6iU5uftTmXRZ1bNajdWKe4HzUTcuRD,1787157044,2026-08-19T16:30:44Z,FMrLCzfeRZLiawdoj7PRiAyo3kwbYWJ7XWQXgxmeHr8w,buy,5.4358724789999995,222563.020193349,2.442396977843691e-05,raydium_cpmm
4YBzQ3pJB2s6DGqZfpPLbwYNSzLBiYj84maVrgbeyCi9sqe2MyN1TPH4GfAGsGnQD57ZPUvVMChjWoubyCPcEuqT,1787157044,2026-08-19T16:30:44Z,GXUgrpvBnCDrEGQVpV5NWrrCAigURaWSwmhQ3aZtyJK4,buy,0.10110000000000001,4059.365065585,2.490537272863641e-05,raydium_cpmm
66TZL5vZs85VfU35677bowXmUwvTTiaGwrwKEQM93eHWQQVQMMHvNLzg6o9aA7SiBAgQ4C6UqD2GBeQAZyrVYh1s,1787157048,2026-08-19T16:30:48Z,2T7W5XtariS53AbHY42u8CZzAyrzvNzGpeWcHsARNGkx,sell,5.311160185,205854.769059244,2.5800520479909186e-05,raydium_cpmm
2FGy2iGLUngdjC1m8C6pu5rcDogsmvVa8tbYvS9kXYTJszWZNu3bjjJ6qXSx6knp5LDCfDwkvEXbEt4Vr76HZSF,1787157048,2026-08-19T16:30:48Z,3XQyz76yGTfdVezAEX32drhFBK6Zdqu5vP1C1ocPXVt2,sell,4.826922832,189307.071202719,2.5497847498951067e-05,raydium_cpmm
3DfcDQQYhSKmKtKvPfvFnyQfQb2GkydNK2zSzsKvRRLhzLkcgHTLYHxAQvehuDxRkqJQXa4AXruC7WjWu3MW9V19,1787157048,2026-08-19T16:30:48Z,FDQKtMRyjWHPxyvtuWzqypyn3JXmCtv3CH9tKQpLbtPD,sell,5.218671072,203056.138178937,2.570063194741351e-05,raydium_cpmm
2beTbSfncNXVuPD1nx4E3fgmQ5m35pWr8gh5XfrD9E6RzjbejSCgBL4cztG6iFapJDbK2wSBwcHjXMCMMBBnbjdY,1787157048,2026-08-19T16:30:48Z,FMrLCzfeRZLiawdoj7PRiAyo3kwbYWJ7XWQXgxmeHr8w,sell,5.697010875,222563.020193349,2.5597293162407614e-05,raydium_cpmm
FqntAhix4UB5Wisq3956heBoQZiEAoejkS8h77oMwhyjnWadLKJTF24citQFZCaLZF4azrRWMHJvaSCUh7q79Cs,1787157048,2026-08-19T16:30:48Z,GXUgrpvBnCDrEGQVpV5NWrrCAigURaWSwmhQ3aZtyJK4,sell,0.098989887,4059.365065585,2.4385559170134516e-05,raydium_cpmm
4Wd4h4TZGc4itZkDUkHq1xLawzM7d2wJBT8t3LCzdqm768gPLx4EA8Jzf731UPBoGEMfqTe46QDosnvAoWLgzF84,1787157049,2026-08-19T16:30:49Z,2DCW6PvdpXwscZVanFmDLB7svT2STkUj2SuXSMR6C29g,sell,2.2352020510000004,98432.923506493,2.2707870206177084e-05,raydium_cpmm
4XRCtHRdmpL5UCYahZnEGBACdPD5x3DteCY8JaXPrnuZ25Hj8WxkhVofPf7KfsR58Zbdse4KmMVFpxXXXKZKD8Vp,1787157051,2026-08-19T16:30:51Z,2DCW6PvdpXwscZVanFmDLB7svT2STkUj2SuXSMR6C29g,buy,2.001,88997.602726305,2.2483751682095194e-05,raydium_cpmm
2eCwKB51Zqhm9an699SksvqVqE3z6s1ffbSdfg5ToSf76VL9iCWyugewqpi6Q3oTWmgqirQv4NoDTiQYxMuvuZPa,1787157061,2026-08-19T16:31:01Z,1jr7nW5HbUqTQgyNQjDy6Yawpswbn4jp1fYtCxHckUW,buy,1.36133613,54957.388875660006,2.477075708745908e-05,raydium_cpmm
2sdFhbcATxxJY96zsptfNY4hgjfutorynv7XKnB9DGg2Bz4HKiCNdx74MZbqpEu5UN1aUs1Kvk9mdsT3Vby5XgYU,1787157061,2026-08-19T16:31:01Z,1jr7nW5HbUqTQgyNQjDy6Yawpswbn4jp1fYtCxHckUW,buy,1.359580856,55700.556764342,2.4408748044514468e-05,raydium_cpmm
SYQpgDxtn9B13jubQLcZYGhfCN7qxVhEgxJijb47yrvp1jp2puKoSMLVVGd137fQzaDvkzYpcNR2SDHzBahM6Jv,1787157061,2026-08-19T16:31:01Z,1jr7nW5HbUqTQgyNQjDy6Yawpswbn4jp1fYtCxHckUW,buy,1.320684191,54772.052712219,2.4112373475193323e-05,raydium_cpmm
2UXhAPBhQURn6xLptUBRyrNw1AeMZ4LQQSmYTQ7WERHkMHPT3LenG2nqVVnDmyGKvmfNYaB7cSQyR2yzXAhf1WZP,1787157061,2026-08-19T16:31:01Z,8SMeWRvmJDHzXWDWerhvZyjSnUtEuBaAaKozoGTFSUxX,buy,1.171117393,47335.155711375,2.4740964203030424e-05,raydium_cpmm
3sq429B1ZrRdD4GAu8ghrnmZo5yRPDQuRQwa4cMeLbjtgAwBqxMgqLLmE8YcXvbsG4njgJ2AdibHaoz5gL1JypwW,1787157061,2026-08-19T16:31:01Z,8SMeWRvmJDHzXWDWerhvZyjSnUtEuBaAaKozoGTFSUxX,buy,1.3146737880000001,53754.014105512,2.4457220728101717e-05,raydium_cpmm
43FMDTi89q3wdZPMb66nC37f64UUz4yLVgBP9K4zVRFpmLpw5bd3EFNxkmaU8rrdY4BBxLGVwfWyh5xrJbMkpGe9,1787157061,2026-08-19T16:31:01Z,8SMeWRvmJDHzXWDWerhvZyjSnUtEuBaAaKozoGTFSUxX,buy,1.212742427,50223.497438539,2.414691307557968e-05,raydium_cpmm
2dwgA1Pkd8cXTYTKnGrpz7AHYbQJJefUqRAv7PJc7VmBj3RnJBbC9Ad47mrAxRbexHcCDiebfqcY6jwtrPL8AXAD,1787157061,2026-08-19T16:31:01Z,CmYzjUFEeJJHKcziZA29GpNKNZfJQjvyTgmttNaMkTXw,buy,1.2327051709999999,51201.319875605,2.4075652229178675e-05,raydium_cpmm
3X7Nte2FH7LT1C5bqpTTRsq3tUvWzycDfRw7DgpZzKNgdKVFqh75ipc4KWUrkvjVVzGS4xxRLY2KY5CT5vTQ6iVu,1787157061,2026-08-19T16:31:01Z,CmYzjUFEeJJHKcziZA29GpNKNZfJQjvyTgmttNaMkTXw,buy,1.148381467,46971.718226389,2.444835978673721e-05,raydium_cpmm
5yrYW5nhX2D9SaGAQZ5JykLLpJ38oNRX48iJgPpefTpmqrUAcFnxyqRgZToS372AokP7TWHCUrshhLt1qfNfKieP,1787157061,2026-08-19T16:31:01Z,CmYzjUFEeJJHKcziZA29GpNKNZfJQjvyTgmttNaMkTXw,buy,1.3189477280000002,53186.892183810996,2.4798360532925836e-05,raydium_cpmm
2gdSw8uSTbf6N7DEPrSzG1du32gQvWaJpi4a9PdHFmLbisffxz6C1vyLD4MeA5rh2oyJBbsYQqTJutpGeLoJFz4P,1787157061,2026-08-19T16:31:01Z,JCrhqruFBagARts9dNSQm8Vqc5QKL3MckAT36LjgV4nV,buy,1.2621813309999999,52383.54725752,2.409499541516455e-05,raydium_cpmm
2pizsxQymjWwpRW2ERH89dnQF3YGyLy5tXteStcAjSJ1WCLjSqAnn8mXfUxYxu1XoDEBeGiitdkCxZ4Woj2SPj9r,1787157061,2026-08-19T16:31:01Z,JCrhqruFBagARts9dNSQm8Vqc5QKL3MckAT36LjgV4nV,buy,1.168754749,47198.24491863701,2.4762673930243918e-05,raydium_cpmm
4YLaUzG1CuKPgdws3TAM2uRshVzX1Bb9rKmnJRyCeN4F1giDkUXgQJ667cyC2gzu13w1PPe7CA7KNYjSNnRabAWQ,1787157061,2026-08-19T16:31:01Z,JCrhqruFBagARts9dNSQm8Vqc5QKL3MckAT36LjgV4nV,buy,1.197519889,48899.547486853,2.4489385905298245e-05,raydium_cpmm
5YgKL8Z79w1LPaDHBMJWhfq3vcWUuGVFS3jUBmKXqD1vrKbX9VLrBfwbGsF3AChoLocf5gLhoBBZ5qgYCqXmGwmR,1787157075,2026-08-19T16:31:15Z,1jr7nW5HbUqTQgyNQjDy6Yawpswbn4jp1fYtCxHckUW,sell,3.797311429,165429.998352221,2.295418888244835e-05,raydium_cpmm
3CEZA4rUMSpVfySTAurEhet8SgHMtuFgPHddqJe6oiznfmiMcPYoAZcwquiHcKzxqNHheRt8QZ65RiotWsyBTems,1787157075,2026-08-19T16:31:15Z,8SMeWRvmJDHzXWDWerhvZyjSnUtEuBaAaKozoGTFSUxX,sell,3.4539730619999998,151312.667255426,2.28267277594774e-05,raydium_cpmm
4u68ZNiP5E4ikcAbPZxXQNFi5J17j5c531yy9KVt9x4CeYWk9UCsLnCXVXBznozczzeMyEERDy9Voeij5i4MDwhY,1787157075,2026-08-19T16:31:15Z,CmYzjUFEeJJHKcziZA29GpNKNZfJQjvyTgmttNaMkTXw,sell,3.4457222229999998,151359.930285805,2.276508859705223e-05,raydium_cpmm
593Jz6e6uzxM8w1VDMhPtqkcGKmMEycgEpLag2UPQqJtgWCeVnYUrNH4qCaT7cM1aVxS9fnDQ2FcMiuDHuy1gsuS,1787157075,2026-08-19T16:31:15Z,JCrhqruFBagARts9dNSQm8Vqc5QKL3MckAT36LjgV4nV,sell,3.398389647,148481.33966301,2.288765480371413e-05,raydium_cpmm
5jY2WCFyoMKuieJxPLj98PdkVk52vVJdQVYws4dXAEpAMpntjZKHh9aNMEqTmL6BhSpn8Wkg5Dvhu3mpYvu4HeDf,1787157116,2026-08-19T16:31:56Z,Ahekwy9V7q2tmqJdTX92TAtEHM4pafQbsfc5oLakbZs1,buy,0.37253212700000005,16126.678289293,2.3100363281094015e-05,raydium_cpmm
2Zqx1WiNpr4bGQMt2L5kVLkZgyNVu8usLpUT4fdrz4DNFHGKvmmy3ShYAGiG5YLUbwR2oPwBR8Vh3iUwBFBPcitU,1787157116,2026-08-19T16:31:56Z,C7PNbARVAHeskaefdcu7fy21dCN3qNANKuT6Cka2av4L,buy,0.217106467,9340.94920296,2.3242441670831736e-05,raydium_cpmm
8DFN9Dqsx4Um5wXvrif4bf7wTfkBnTL5BNCeiA5VnZxQ5byQwCjnHMx5fnk78MVTKvCFhcxX69N8eEeZyziT65d,1787157116,2026-08-19T16:31:56Z,JAGPLMkgPWRxFJekMU8DRHRurw968GGYHRMEKUWheYcD,buy,0.41947924600000003,18167.180498817,2.3089947613352298e-05,raydium_cpmm
4Cc7UR2sPic87tvRUivn6S2ueUri1m8aH7ySrg2uNSQodYvwTPP3rfNahNWFGWFZif72hVk8EqrSGQRq2gUvbCpH,1787157124,2026-08-19T16:32:04Z,2DCW6PvdpXwscZVanFmDLB7svT2STkUj2SuXSMR6C29g,buy,1.0010000000000001,45260.15626953701,2.2116582939722138e-05,raydium_cpmm
4YfbNf47BZEM4aox5CDcia55hHwTZ73FQifbV82RLa8uutNjbp5RL8b6zbHFynNBxsXgdrQt2ZVpxRZ4xs6pr9Ps,1787157301,2026-08-19T16:35:01Z,2DCW6PvdpXwscZVanFmDLB7svT2STkUj2SuXSMR6C29g,sell,1.566034692,67128.879497921,2.332877747569882e-05,raydium_cpmm
wUZzohJAAyu3CSC9QqYwaGaBEfVF4GsAMVhDWKJJ1cozm2f7QWMEotPj6GLsQVwHMCsfyweUU2wsbLS4rBFC1eD,1787157310,2026-08-19T16:35:10Z,2DCW6PvdpXwscZVanFmDLB7svT2STkUj2SuXSMR6C29g,sell,0.7995564390000001,33564.43974896001,2.3821533890634188e-05,raydium_cpmm
2bdgtZqcSCshfYyA7WpPJhFnfyXSgqRY3YoKkR938NhU4vm5aiiVi5VR3YSLz3tTGfmQVinjxFiALqNgM97PEHH7,1787157318,2026-08-19T16:35:18Z,2DCW6PvdpXwscZVanFmDLB7svT2STkUj2SuXSMR6C29g,sell,0.7998184660000001,33564.439748961,2.3829340575385556e-05,raydium_cpmm
d2DKha9J5mdCy2FEXKAUe1Xrd9bgoVnq13KFSAmuGREcw4yYZjpRgsPcZGJ2aMWMApQLXVHqLsR7sJXkk3264dP,1787157748,2026-08-19T16:42:28Z,6DqwStHBhuxWGutooviZUgVDhT3F4Dy5pAiP2YErRCEe,sell,19.553590744,822539.9022418782,2.377220933684263e-05,raydium_cpmm
4EfC8CsEuu4YuCPZU1pEZvyeC9agSuqu9EPXs7y4BbK2NAxKaECLkxGh8ww9mgCjgVrZarAPanjGmp9cf2SBwGP2,1787159919,2026-08-19T17:18:39Z,tronFPfm42zg7TowSTvPw3ya2tU2oYqvwKJ7i2xgBGB,buy,6.0,240034.416985802,2.4996415411357025e-05,raydium_cpmm
U2Cc7DocbzVfB4Jap6KrkNXcGKQ5hCTAKQ5ESpW3oDUauEnxq6rEZCP1r4cQrotHk6ZzbL9UK8sjetJHsKwRuXK,1787159919,2026-08-19T17:18:39Z,tronFPfm42zg7TowSTvPw3ya2tU2oYqvwKJ7i2xgBGB,buy,6.00203928,241108.093983609,2.4893561973941988e-05,raydium_cpmm
4Mou5soxCD5mWPRneachvJpFQhyEZYTkAoSqJsXgc6uc5nwBxLDe5EXrmNwtShgAhqBz78CrJp4bRPBfCJY3dUBH,1787160291,2026-08-19T17:24:51Z,tronFPfm42zg7TowSTvPw3ya2tU2oYqvwKJ7i2xgBGB,sell,6.425929408999999,241108.093983609,2.665165363314948e-05,raydium_cpmm
jHJxZNZ1EqqjY6vQqq2VpdAiYxSYtEwegFPQPxcWQbNbqd9Rc1eVDJbo2VMdNSWk1ZwbeQ1fdifaPaRhKCbJN4x,1787160306,2026-08-19T17:25:06Z,tronFPfm42zg7TowSTvPw3ya2tU2oYqvwKJ7i2xgBGB,sell,6.405942373,240034.416985802,2.6687599442787035e-05,raydium_cpmm
3fN6qc9VTjvUoR1EqTWDBnjNf3voZtZEYPTzJjQH11rKyACHjGd4eDUnrGDXMRAcogcCjBbYWPFAXYEq7cmYXuNP,1787160559,2026-08-19T17:29:19Z,2z2q5gk8TDgqCidzkXkyevXH1aDaVjWL8cQwoRbMF1Jq,buy,0.00803928,261.080869054,3.079229829872067e-05,raydium_cpmm
3KrTYqevH3Nyx6EStZXMzr6M2khwX6y3ZZwRbPSNNC51K1HsXmpJ2hALaNyiHDLg8WWBxxNYd6wepN7Toa3ScpuS,1787160619,2026-08-19T17:30:19Z,2z2q5gk8TDgqCidzkXkyevXH1aDaVjWL8cQwoRbMF1Jq,sell,0.005995314,261.080869054,2.2963436661305022e-05,raydium_cpmm
Zvv2rf7rbrjhwhxrLe1RFghXaqdrfJ1ic2MovmPGvmafHybgZyfBudewuKVFzudtMAXF3r7gdfAYRUhzm7ns9zY,1787164238,2026-08-19T18:30:38Z,2z2q5gk8TDgqCidzkXkyevXH1aDaVjWL8cQwoRbMF1Jq,buy,0.00803928,276.966240746,2.9026209036691432e-05,other
3hUgjrrzwjARGZ2NPmftJJWA1mhKcoVVXmPoo2TnN4MTJMhXqGDwnr9jkQ3pGpD2YhpiTGWCv4TbbJPEfqcBVLa9,1787164239,2026-08-19T18:30:39Z,2z2q5gk8TDgqCidzkXkyevXH1aDaVjWL8cQwoRbMF1Jq,buy,0.5,22403.38237164,2.231805857284033e-05,raydium_cpmm
977oUiiSgTbkMZDkaux8XBe3QPmSRkyphVXSJEURQtrBaQmrhGjCdCJeKVV3ACRzM2Dj5rQXg8YSv5U5XsE4sc3,1787164241,2026-08-19T18:30:41Z,BfCP1ncxu7ZWp4B6TvQEcXGVSCiM2LhAzyYjG7zWyKdY,buy,4.629025353,189498.434494361,2.442777622597061e-05,raydium_cpmm
5fYYW71hMESRW6rLJpyYetCBAFvk1QL3xYgfLbeEyLBWTpwWvY3kiRJprfHNbiR5JM1ySH4X89yn8wEEWtrhAatM,1787164241,2026-08-19T18:30:41Z,HrtVLLCBM4LXfRGLGcXBYvkkJ9xnbiJ3ob1MxKdmNs7o,buy,5.381608259,221168.053918346,2.4332665426385943e-05,raydium_cpmm
3o4z7LCYE3JSfbiGPqPTVFSFZ53ZcsjbaMFfkRyXjxa1ytpWx79FHV2G27TfXkjGM1Fngw3P4zrRkYCcrPhqBnr6,1787164242,2026-08-19T18:30:42Z,CbpnbXAD9PUAwVcYjHY96qooq6eNnoLiZzif766gqLPH,buy,5.003300007,199090.612495265,2.513076806732409e-05,raydium_cpmm
4aGBfqMi7RUpBzHDNnTLGTCDh4NqBS2PugahqZ8fBpnaDHwmBTPxpqHKB58Qg6LaRzXWysiqcEACgeRkfjuwRNJK,1787164242,2026-08-19T18:30:42Z,CbpnbXAD9PUAwVcYjHY96qooq6eNnoLiZzif766gqLPH,buy,5.003300007,198360.88885510902,2.5223218326343643e-05,raydium_cpmm
55rksMAexUSkaCU7vP3tzZbhJTFh82hFyqeh7nPxq5wPQ99xjvKeEsARqqW1KC8iQY1jXGQ9oRdJzYE9AfoPC16D,1787164242,2026-08-19T18:30:42Z,CbpnbXAD9PUAwVcYjHY96qooq6eNnoLiZzif766gqLPH,buy,5.003257642,194732.19402351906,2.569301736206867e-05,raydium_cpmm
61hTssjN9jXFc5n4ouDPhdJ9NrW1SdtUp5sh6shhyWofT6p1TVZp9KNKa9C3sofquZ6NQHQAdN4CMZugj3Kgmw2f,1787164242,2026-08-19T18:30:42Z,CbpnbXAD9PUAwVcYjHY96qooq6eNnoLiZzif766gqLPH,buy,5.003257642,196507.11964203493,2.546094844356851e-05,raydium_cpmm
CHL3AYprmbu4bFQfwzbJTVptJk4TW4VKCFb7jxZiuFJEa14cvw9Wts6e2GQ2zpsEFTqtTVKNgx8bCs9i18eK5oL,1787164243,2026-08-19T18:30:43Z,CbpnbXAD9PUAwVcYjHY96qooq6eNnoLiZzif766gqLPH,buy,5.003241302,192893.74435383303,2.5937810055790853e-05,raydium_cpmm
jMYiBEQovaf2v2WZFeXeBNeGrfWCFoV1NMsnVZhUBTG1Q8c3UherjvE1QYVx7SAqGJReef1rspYCKUyiWhgrmqZ,1787164256,2026-08-19T18:30:56Z,BfCP1ncxu7ZWp4B6TvQEcXGVSCiM2LhAzyYjG7zWyKdY,sell,2.365772323,94749.21724717999,2.4968779602983077e-05,raydium_cpmm
2qnRk7foKWSzfdMWJy2gdfiVGb7RP5xianivdEPfB4ktmgwijCK3Awm3NxkMpDbihKr95ZUxrrA1FdxPZY4yZft5,1787164256,2026-08-19T18:30:56Z,HrtVLLCBM4LXfRGLGcXBYvkkJ9xnbiJ3ob1MxKdmNs7o,sell,2.7664713709999997,110584.026959173,2.501691652105747e-05,raydium_cpmm
2a5QbGZhFuzrPQ5bEdP1ywwyb2nZfmJCcWV61Bawa1N1MxXUU5zGqmXK55A4jQH2byyE3zr9yqqqu8fb2quE9UAi,1787164258,2026-08-19T18:30:58Z,2z2q5gk8TDgqCidzkXkyevXH1aDaVjWL8cQwoRbMF1Jq,sell,0.575251601,22403.38237164,2.5676997850476346e-05,raydium_cpmm
5ufhYkYkW2dwD35K79LnBfeH2E3SVwW3zQnphJ1TL5GvqT3GF8ZSTeHSv5fYkQMhTHEpkoL1MqKxyJU5eh7Xf29A,1787164267,2026-08-19T18:31:07Z,2z2q5gk8TDgqCidzkXkyevXH1aDaVjWL8cQwoRbMF1Jq,sell,0.006577691,276.966240746,2.374907130299777e-05,raydium_cpmm
uL7g5wqxFPqJMy8AejSpZZTVhg72UffobcpuW7RLgoyKAVGptZfCUUa6mdHqjxRzb6dfnDFo9tTtGaR1Jq2trDc,1787164280,2026-08-19T18:31:20Z,BfCP1ncxu7ZWp4B6TvQEcXGVSCiM2LhAzyYjG7zWyKdY,sell,2.35750543,94749.217247181,2.488152935184423e-05,raydium_cpmm
2jMn73AxGM33GWP7MMqBP1A6mGpfgKruoPqNLVBQiyGX9tuiL3Gt2J3bTPP3LzP3T3u4kZAXmJuFuukQXCkSH2KX,1787164280,2026-08-19T18:31:20Z,HrtVLLCBM4LXfRGLGcXBYvkkJ9xnbiJ3ob1MxKdmNs7o,sell,2.746288075,110584.026959173,2.4834401047937183e-05,raydium_cpmm
L55cMRFHKg3CmyVJysvvzf1KHiExLJgPqnzuNqMPHKto8CBaNAVVZg9m4AYBzkoTCbUZNNhLEoHtnndpDcPbHD5,1787164403,2026-08-19T18:33:23Z,CbpnbXAD9PUAwVcYjHY96qooq6eNnoLiZzif766gqLPH,sell,12.130409552,490792.27968488005,2.4715974668119264e-05,raydium_cpmm
3CRz2PuJhzmS9tjDqUzXAsZxtPxzqJ72wyaCa4AdnMY9a4Ppsoxgq4jJNWp14Na3AmPa2R7jCa1hhWAtp7oW1YTv,1787164431,2026-08-19T18:33:51Z,CbpnbXAD9PUAwVcYjHY96qooq6eNnoLiZzif766gqLPH,sell,11.705250717,490792.279684881,2.3849704246602036e-05,raydium_cpmm
2sM5utqBBUHfzVcy9YJbouKy9LzvKVexKyA16FYHDr8akeomsFUu1Jiv1nnYyJUR5B3QHSZNxLEK461mqTXQ27BM,1787167937,2026-08-19T19:32:17Z,4iDyxGxPRC66QBNwYqMn74VtVm5Moy1ns4w3bAqYGvRG,buy,1.0002,57946.42988243999,1.7260770025507632e-05,raydium_cpmm
2E5Bw9YBqtxSXwNStV5oYs1GViscodauTGGxWg7fjugd9N9Y28kxWHPMpBtuBntZ5kXrJCu9QHrgsxe5GJ5iHN8m,1787167944,2026-08-19T19:32:24Z,93u5BsWsPxuLRzcDqwecZV9TiXEV7qNavef6fscPnSb5,buy,0.9773268279999999,53518.906066099,1.8261337905392605e-05,raydium_cpmm
3YTDzz5uTAvMQCj7gzKCFAAaZC9S66UXkLTDCKA2VuZNaNyynYjMiXY7Vq2JbhYhdqpAvPmetFb1qGrrea1RyLQm,1787167944,2026-08-19T19:32:24Z,GEPiePuVYQcbShk7ACa2YASeLuRHqvcSZpS89keWZecG,buy,1.026951732,56193.84088347,1.8275165318021327e-05,raydium_cpmm
3w9qQMohdfgczUSG7Be2jHSHwpjSMKEy5RHG2ax8CDeNLePBRfKKAAxHs5GoKw14wb7SV1zxTTrB4ZLpwbdfUt27,1787167947,2026-08-19T19:32:27Z,93u5BsWsPxuLRzcDqwecZV9TiXEV7qNavef6fscPnSb5,buy,0.053679085,2907.695373342998,1.8461041514911092e-05,raydium_cpmm
5CYafbr25tmFKdqBwce8huFJu2qYgTTJr2m7eycVobP4tBQfvPi8tupwep5iDmZ6mQLme6Hzg52T6FCig28K3Maf,1787167947,2026-08-19T19:32:27Z,93u5BsWsPxuLRzcDqwecZV9TiXEV7qNavef6fscPnSb5,buy,0.048384888,2620.0481688869986,1.8467174983486656e-05,raydium_cpmm
2wgTPWsGVgDBb9bPJz3mmbRyTyRsbSnXqhtwzjjSidpykvrDLP8d52eQqyMwBpxT3zaqsxmP83ApCbXTCUXs7zXe,1787167947,2026-08-19T19:32:27Z,GEPiePuVYQcbShk7ACa2YASeLuRHqvcSZpS89keWZecG,buy,0.046520914999999996,2519.118916296,1.846713733879712e-05,raydium_cpmm
4nPnWrb2Lz8QmdLUmLZc2ewcCeiz8K4FscRRgQpTu6SREh4AiZHiKDVeYDfTKjFRRp9HU2VCpJgParpAzypGusTm,1787167947,2026-08-19T19:32:27Z,GEPiePuVYQcbShk7ACa2YASeLuRHqvcSZpS89keWZecG,buy,0.051815111999999997,2806.300376922998,1.8463850992605894e-05,raydium_cpmm
5iV1MEuw2dUa82SZ2u6m6YtNVqEjpNFbhHAjouMgMuyx7JSDFLKx9sAbC8PFAtNGHaoeoFT2z37xjBLYPvTHs1jy,1787167954,2026-08-19T19:32:34Z,93u5BsWsPxuLRzcDqwecZV9TiXEV7qNavef6fscPnSb5,sell,1.057857234,59046.649608329,1.7915618261442914e-05,raydium_cpmm
JpqrePC1twytzDzTXgTyWifY4DeGeQ2WMsmRBzCoexQWY4v6379pxYU12umKjx2G9U5rjLmEiG7ikAg7WfsaZFS,1787167954,2026-08-19T19:32:34Z,GEPiePuVYQcbShk7ACa2YASeLuRHqvcSZpS89keWZecG,sell,1.103207273,61519.260176689,1.793271358971949e-05,raydium_cpmm
71u6x7iFE8U3eeXAcxznhUQ7fFYSRJ4Cje2W7fCChg4kM7KqL6YmUqL759ygYdXxUKnUzh91eaFCo68riCfh758,1787167964,2026-08-19T19:32:44Z,4iDyxGxPRC66QBNwYqMn74VtVm5Moy1ns4w3bAqYGvRG,buy,0.5002,28429.41684158001,1.7594451647999424e-05,raydium_cpmm
3Y9snymvzEuVWoeaHfJbENd6HkF7Kffu3sshoR2cV8EK1ypKQm4j5MaSnWDSFRp5uchYQ9kLRSaKTM3kzQNqsXMP,1787167968,2026-08-19T19:32:48Z,4iDyxGxPRC66QBNwYqMn74VtVm5Moy1ns4w3bAqYGvRG,buy,0.5002,28912.54465830399,1.7300448850542018e-05,raydium_cpmm
3U4Xcf8T29DTS6uyFrUkFoyTHkQFNoBhiNmaLjtG1w92o5UdyhCUqPSZCFz9LkFeCDf2hjEpbwtPJEU5BRnV8tyt,1787168006,2026-08-19T19:33:26Z,4iDyxGxPRC66QBNwYqMn74VtVm5Moy1ns4w3bAqYGvRG,buy,0.2502,15760.995073127036,1.5874632206858463e-05,raydium_cpmm
2zPDcUz4qifDykivyLJaf8jiBvWA9qKoSJ6ciPC6FrGphe7kiNFokZK9AYzvoXMcCnRTtGtNpn2efd6fjGfqiMwG,1787168153,2026-08-19T19:35:53Z,797CrVjYgQRU7V6CVhhz8hSNDTx5wF53apb6mf9wqPfZ,buy,10.011999999999999,621930.1748178029,1.6098270200401608e-05,raydium_cpmm
64VTAsZvVZAWXhQyNUJXF6qysm2rsJJZHwJED5kB81qaZVUdJjXDLthJyAP5MJmLTzKzRyYZzRD9xh5WWjsLSYFj,1787168155,2026-08-19T19:35:55Z,797CrVjYgQRU7V6CVhhz8hSNDTx5wF53apb6mf9wqPfZ,buy,10.011999999999999,609615.4589658761,1.6423468028491107e-05,raydium_cpmm
54TwJY488hcaw561x91aDGKVX29oTkJyfYSb6H6xgtgsWFw9V3B6vrLsZR9JZkUenRHswpehnC5UgseVCEfouT4t,1787168159,2026-08-19T19:35:59Z,797CrVjYgQRU7V6CVhhz8hSNDTx5wF53apb6mf9wqPfZ,buy,10.011999999999999,659648.396049202,1.5177782679324853e-05,raydium_cpmm
RiRHB5XY8JD9q97w4tWtVNSj3zn82wm7Nor7RM91hWg1FrH6tcUPgUQJbnFZGp9ZJXpumUvqGc5nqh7GDjYX18S,1787168161,2026-08-19T19:36:01Z,797CrVjYgQRU7V6CVhhz8hSNDTx5wF53apb6mf9wqPfZ,buy,10.011999999999999,653500.6508956528,1.5320566224804964e-05,raydium_cpmm
HoD9bg8wkzP3jDRaor3EJScbgPnqQr4zBCWzFvS8AL3CxzdL5YAVJPX96XLF3otPrs3UHMK2nH1oW2A4daMJxnN,1787168169,2026-08-19T19:36:09Z,4iDyxGxPRC66QBNwYqMn74VtVm5Moy1ns4w3bAqYGvRG,buy,1.0002,64178.760714796954,1.558459510374116e-05,raydium_cpmm
4QhFdvkYTXCuUV4XuHYY9V4tHJGPiWjjJf5MCQqh9SmJnqdkJam6aCArmT7ASdvvoXKGv9UijDfXh68kuWJUGH9K,1787168184,2026-08-19T19:36:24Z,4iDyxGxPRC66QBNwYqMn74VtVm5Moy1ns4w3bAqYGvRG,buy,0.5002,33122.00716440502,1.510174179714405e-05,raydium_cpmm
agkyEf5GmUVjJSFUdHmXQgqDx9pSWy4hkjWsWKMzxuYtdWSdcVDSpCFvKE5Q1Za5Vgh9PTUAPgACaBtwZ9f4FYy,1787168190,2026-08-19T19:36:30Z,797CrVjYgQRU7V6CVhhz8hSNDTx5wF53apb6mf9wqPfZ,buy,10.011999999999999,665380.2232595645,1.504703573988601e-05,raydium_cpmm
fq56HnoX2t1cwbZzVSZ6a3nQRurCM4WtxnVuDgT5Ry2HxcKe1z8oJxeQRGhdgSS1jaxtLpYEwAuVpjXgMSPLHs1,1787168194,2026-08-19T19:36:34Z,4iDyxGxPRC66QBNwYqMn74VtVm5Moy1ns4w3bAqYGvRG,buy,0.5002,33003.57251780201,1.5155935004617875e-05,raydium_cpmm
3ktX3CPUXJEQ2J5husrrNYSsBXDsV82NwCrgLwq8SBrrRchHD6VS5u9bix5rLyCopc68sRk2HLiNwLe5ymKDhoQV,1787169616,2026-08-19T20:00:16Z,93u5BsWsPxuLRzcDqwecZV9TiXEV7qNavef6fscPnSb5,buy,0.737883317,30559.228604060998,2.4146005992505424e-05,raydium_cpmm
eawVWo5S5eYAVrgdq8BmqxTSveqA1mpKzoFPR4pP7b24wwUzMn1AEyVAy2DFjAq7Rwp8FARY3h7FpZFe9VR982K,1787169616,2026-08-19T20:00:16Z,93u5BsWsPxuLRzcDqwecZV9TiXEV7qNavef6fscPnSb5,buy,0.777866159,32166.504728369,2.4182489380450684e-05,raydium_cpmm
5NkJy9KUb3VVgZGEEiv7svnS9VZPrxcNd7akiLdU2eJcuJ1YMdmPKsMi9bjmRKvNcCnVKv8aBkNbCoeqc7GNpJxe,1787169616,2026-08-19T20:00:16Z,GEPiePuVYQcbShk7ACa2YASeLuRHqvcSZpS89keWZecG,buy,0.762316683,31553.554953736,2.415945474662722e-05,raydium_cpmm
5jJb7sxkY31v1nAM1qWMADmhJ519Wzxvpypr5sn47QPg1LE2wgrFHqC5eM3BB9iDEAsiYmStAKAqgw3LhThbAASK,1787169616,2026-08-19T20:00:16Z,GEPiePuVYQcbShk7ACa2YASeLuRHqvcSZpS89keWZecG,buy,0.7264124009999999,30016.049941494,2.4200799319560433e-05,raydium_cpmm
4ss1qWChFuUV5juKbZgzBFKsDjke8BcuYB5TpKnWmX6fKE2srZAhp1RCReRgSjwsBJVrPmhZWxrzQkNFs2n2ee83,1787169617,2026-08-19T20:00:17Z,BfCP1ncxu7ZWp4B6TvQEcXGVSCiM2LhAzyYjG7zWyKdY,buy,4.577973308,187987.524678867,2.4352537838989067e-05,raydium_cpmm
5RfDpWw1YjxvYyXsFYVfv6bgXVRkyxFHT5qSaePuxDbebyPvaTBUXFiVw6MCXDAFoRFQAPFdaa11AetmP6K3iYjU,1787169617,2026-08-19T20:00:17Z,C4eNLxxC7XLUivghMi35YUeSfvACgnvKB18115uPUqjg,buy,0.50213928,20441.96440645,2.456414021744218e-05,raydium_cpmm
2GQ5uG17gAj3CBgfwj3jNwoeaRiDymYLRwUStLtTcRmf3AahSF8q4AZGV6MQS9hR4rWzZART35E5o8MpqQsJFvs3,1787169617,2026-08-19T20:00:17Z,HrtVLLCBM4LXfRGLGcXBYvkkJ9xnbiJ3ob1MxKdmNs7o,buy,5.429223126,223803.780756256,2.4258853481626167e-05,raydium_cpmm
gsKBT9cg75En3qo5uuUrU4AkZvaLZp2cdvbGhqcukuGhLT5LQaCWdadHAgDxmtrpQc9xo8EwLeofu3oPYspsCk4,1787169619,2026-08-19T20:00:19Z,C4eNLxxC7XLUivghMi35YUeSfvACgnvKB18115uPUqjg,buy,0.5001,20361.542272239003,2.4561007870304503e-05,raydium_cpmm
2M26WsTwwQsMuGL9xZrgQ46QFTSd9nrMJHkwjiW6r66W17CwQRzU2MNFSh3jYu2UTn7ESzobDGpC5wcoBSx6xJ1P,1787169620,2026-08-19T20:00:20Z,4iDyxGxPRC66QBNwYqMn74VtVm5Moy1ns4w3bAqYGvRG,sell,4.762756022,197523.56582617,2.4112343264354836e-05,raydium_cpmm
2aNiSSKP8u8CiCrBMZWorZpiS3PBdFEWVf47WyPWe7soZSPVjojXNqoFA2Gy3feVe1vFQYprACi6pDQPj5NvKby,1787169620,2026-08-19T20:00:20Z,C4eNLxxC7XLUivghMi35YUeSfvACgnvKB18115uPUqjg,sell,0.988166871,40803.506678689,2.4217694787396868e-05,raydium_cpmm
3364tUNXKVK9aEYFXJFBPrkmGGuumWWD3XtcGcq6ghfKpcxrEcqWoMcLnFvixpctQxqK6XiAfzNU9GmNQL1Xw6HW,1787169623,2026-08-19T20:00:23Z,3KEdzpSYJ7sXfHKpVhSF2Qj6ZAjd3Q3dugFCZ4umWvkR,buy,0.794456565,29888.138959396005,2.6580998103605404e-05,raydium_cpmm
5ej5XLsK5owk56yvTc6UbRtXKsE3n1HiRGk6tSQtu6FZQpwJs2DR4CM9k1udDHtGnooRYChB6H6o7tAgahggemb5,1787169623,2026-08-19T20:00:23Z,3KEdzpSYJ7sXfHKpVhSF2Qj6ZAjd3Q3dugFCZ4umWvkR,buy,0.7315701259999999,27231.814124601,2.6864538757963446e-05,raydium_cpmm
48c8sdA4npoAyPy9DUddaU5i86ASWEcwpFPVFRyb6cN5rhmSN12uQ6P1JoZ6YpfSDKb7wJUKiNcozB498PpobL93,1787169623,2026-08-19T20:00:23Z,Act5xzJ7DhXrdNKbRw1yTzQUmT4hYtAPgFKTP5WzPBva,buy,0.7745084339999999,28821.443885025,2.6872645141918714e-05,raydium_cpmm
e3s3MdBFtoY8pyR6v1SRmVTCGVdFc5DRAF4SFCx8ejtE6ieMUY52kXb7SHq3ofxbk2F2tVkUHhuFyyDN8wwdCit,1787169623,2026-08-19T20:00:23Z,Act5xzJ7DhXrdNKbRw1yTzQUmT4hYtAPgFKTP5WzPBva,buy,0.7075434349999999,26600.034907663,2.659934234883914e-05,raydium_cpmm
5Y4WHx2nRtjmFCzCeiRVSiV47cWc9s4nAVMtdZFs6Mwjb5HHesrSBjnPL3NsA6VPC5KoSeJaujuAKSyw8i6ggXnq,1787169623,2026-08-19T20:00:23Z,BfCP1ncxu7ZWp4B6TvQEcXGVSCiM2LhAzyYjG7zWyKdY,sell,2.4668855799999996,93993.76233943299,2.62452051987398e-05,raydium_cpmm
2KGUtGZPv2u4STvUuT7LkF8quqybSsuPWtGKTx1S89YA9X1poYL9Tar4hKq7avB6EpwfowrocRFDgCYJerXpQvxP,1787169623,2026-08-19T20:00:23Z,HrtVLLCBM4LXfRGLGcXBYvkkJ9xnbiJ3ob1MxKdmNs7o,sell,2.931183155,111901.890378128,2.619422375346145e-05,raydium_cpmm
cmX76irfxKS6ZCzANVbj56ca6a9nVePBeVUZ9w8mRN2XXn7MXQPFXYW7TzMTVpE77zfHzZnY62pABg4f5Umfqjw,1787169626,2026-08-19T20:00:26Z,4iDyxGxPRC66QBNwYqMn74VtVm5Moy1ns4w3bAqYGvRG,sell,0.681593828,29628.534873925004,2.3004641670616187e-05,raydium_cpmm
5UWdL5642g4ZqZPEG7ctkz16H8cUvsQKjv5AmUuX4vVCYMyAB1MQ8bMwTzhMRng8sQPkbzk2VXrTU2kdAkfhJTrQ,1787169629,2026-08-19T20:00:29Z,BfCP1ncxu7ZWp4B6TvQEcXGVSCiM2LhAzyYjG7zWyKdY,sell,2.292924768,93993.762339434,2.4394435449021595e-05,raydium_cpmm
4jyWcPPP68MF6P8J5ShYyZwLukFwNuR4RV4Kn4vaBHHrBgtde6hkX6zSy974WT4nKq4H4qnmp6eTybL83n1CRPUi,1787169629,2026-08-19T20:00:29Z,HrtVLLCBM4LXfRGLGcXBYvkkJ9xnbiJ3ob1MxKdmNs7o,sell,2.7349829399999996,111901.890378128,2.4440900245368608e-05,raydium_cpmm
23emWMTDpvASkoxwiuD2SJf8UPAjmprmtApSQkkXJhp4wVG7cYoztnm6G5KWhur2fY4UqAeF58okor6qDrh8APJ2,1787169631,2026-08-19T20:00:31Z,3KEdzpSYJ7sXfHKpVhSF2Qj6ZAjd3Q3dugFCZ4umWvkR,sell,1.517314012,57119.953083997,2.656364247653939e-05,raydium_cpmm
2r9gcZSzXwqdZ1zuQ6cQrpHWi7P9YzVXPERPrXbShS8UsW4pxN3khjLU3u81DPkZZnMY9aVMTS1XEFpKwvb7MEdA,1787169631,2026-08-19T20:00:31Z,Act5xzJ7DhXrdNKbRw1yTzQUmT4hYtAPgFKTP5WzPBva,sell,1.473782481,55421.478792688,2.659226193716149e-05,raydium_cpmm
iAcKnLpejDAYArYgQoqkGZacAT3p4rDqN44Mqid7MAQFuZtR3h4wwqP2JUhYpAptUAmvXXy1rvBsoTAmCShVY7Q,1787169633,2026-08-19T20:00:33Z,1jr7nW5HbUqTQgyNQjDy6Yawpswbn4jp1fYtCxHckUW,buy,0.17095533999999998,4988.585893725,3.4269298683428474e-05,raydium_cpmm
4vKUU11tDERguqrJdHKTMt31tf7Pt9JDbathgpMoxLFor8KkTXh6NbnFMG9n86KHhUEqqavq5Ga7fjqh5k6Fcqcd,1787169633,2026-08-19T20:00:33Z,8SMeWRvmJDHzXWDWerhvZyjSnUtEuBaAaKozoGTFSUxX,buy,0.152214107,4231.169564287,3.597447577727833e-05,raydium_cpmm
2nF5F55ZgBDEuGEQpimuHMwi4hFRrWKp3NVuGMvtmCy2g2DwgAQywtwkKjFxYHny23U2EfKeCeq9tyA2MXYDv162,1787169633,2026-08-19T20:00:33Z,CmYzjUFEeJJHKcziZA29GpNKNZfJQjvyTgmttNaMkTXw,buy,0.170090642,4881.998742881,3.484036988908049e-05,raydium_cpmm
1mSm93rVdQ6FaunLwF6Y5ApygPHKs1ATEzvHjvN6HZFwmzZ5mWLjLKGEYkqAn7fSgLA7E8jEumcGApkR7fQsLg1,1787169633,2026-08-19T20:00:33Z,JCrhqruFBagARts9dNSQm8Vqc5QKL3MckAT36LjgV4nV,buy,0.148651912,4101.878923588,3.623995607114873e-05,raydium_cpmm
3Rejb9D3h8MvfCv6tQjyDVzcjZFZk5vz1uaL4pobm8QhZdmuFUzfkvSugWE6GnR9pC93VyMQLCSbpZ8dDZRUNsB,1787169634,2026-08-19T20:00:34Z,4iDyxGxPRC66QBNwYqMn74VtVm5Moy1ns4w3bAqYGvRG,sell,0.439210168,16789.503095224005,2.615980744093249e-05,raydium_cpmm
PR4y9xD3ZeB1UrhQzecwTG8WgahhQUXMSyd54dQ54vqPSCjAJD1Jskr1scTuAuPCSbCQ6SLq9Ed7BKjeSQaNTbw,1787169636,2026-08-19T20:00:36Z,1jr7nW5HbUqTQgyNQjDy6Yawpswbn4jp1fYtCxHckUW,sell,0.113811989,4988.585893725,2.2814479177989272e-05,raydium_cpmm
33gL8ADWfaVsyr8UpW3xDnQqp3yui4UZiPt3X399yBxjsJexKj9PMv39xpfuEF9jEUngKFyHpGbZ9Qj8bsVceC7g,1787169636,2026-08-19T20:00:36Z,8SMeWRvmJDHzXWDWerhvZyjSnUtEuBaAaKozoGTFSUxX,sell,0.095067939,4231.169564287,2.246847769997609e-05,raydium_cpmm
46C8Y7e8DMJijjgzDMst46nZGi9oLD8aNXarspouyRzhJPyFNrnhTdsdcL6BTuP4Mz9grE7piC91scdUFgB5Lp1z,1787169636,2026-08-19T20:00:36Z,CmYzjUFEeJJHKcziZA29GpNKNZfJQjvyTgmttNaMkTXw,sell,0.11116084300000001,4881.998742881,2.2769535359282166e-05,raydium_cpmm
3TSijYfHq43bgDACfeKEqcjgJSM2p53wPoShCr55gcj4FNiD6QjDFBvJBnY8kJjSWjJsqe4BSBtSrFYt5C1eaJZr,1787169636,2026-08-19T20:00:36Z,JCrhqruFBagARts9dNSQm8Vqc5QKL3MckAT36LjgV4nV,sell,0.091857123,4101.878923588,2.239391379198746e-05,raydium_cpmm
5iEoSveXnEUkPUkvDskvTa5XqPS9CUrLugfNYy46ycDw7rmsu3jWP6Fi7JmyAawP82skzsNywpzNYeLvUyCVrU37,1787169638,2026-08-19T20:00:38Z,1jr7nW5HbUqTQgyNQjDy6Yawpswbn4jp1fYtCxHckUW,buy,0.149058976,4334.647651237,3.438779527038658e-05,raydium_cpmm
U2TYn9A1kK66a2UpnDTAxdo6hsNdFrbbdUwxoqimfngrEWtL7CUoyGckyYUQDwKUtRhy179p8SvKzj9aR6rHnC2,1787169638,2026-08-19T20:00:38Z,4iDyxGxPRC66QBNwYqMn74VtVm5Moy1ns4w3bAqYGvRG,sell,0.382840766,15110.552785701992,2.533598680534402e-05,raydium_cpmm
B2SfrbgAs2kZRXT386SHi1onJkjVWV42GgyZ8RpL4zTpgnc5QTuN1fkhZL55PtrGVHnydXFm2itgJPG95avb2H9,1787169638,2026-08-19T20:00:38Z,8SMeWRvmJDHzXWDWerhvZyjSnUtEuBaAaKozoGTFSUxX,buy,0.160179211,4752.987070438,3.370074620994899e-05,raydium_cpmm
5Yyq6SisHmauxED3aVRHnR9QZrZ7xZNEY54D9yqQLoCr9XpCuHaz7v165Fhi4iXdv53DG23x7BpAmHtYEr2qsarK,1787169638,2026-08-19T20:00:38Z,CmYzjUFEeJJHKcziZA29GpNKNZfJQjvyTgmttNaMkTXw,buy,0.163714751,4886.958399394,3.350033653249457e-05,raydium_cpmm
3FfrtESQSkdmCByyBvhTVGnhTMxem3tzVnkR9c1yY8AWRTxf5F3BC6WnE4dfpywxLPLdZycmZc2sKAxwmqbpamCA,1787169638,2026-08-19T20:00:38Z,JCrhqruFBagARts9dNSQm8Vqc5QKL3MckAT36LjgV4nV,buy,0.162841222,4852.778898083,3.3556282991654e-05,raydium_cpmm
2CKfVLbFxGd8bpgnZndMGfzKFArSkJPLZcopRjpjTc2dU98VQaQrqZrqaAKAvsqsR3HJ48VjV2gP1TeWdSna3QmL,1787169641,2026-08-19T20:00:41Z,4iDyxGxPRC66QBNwYqMn74VtVm5Moy1ns4w3bAqYGvRG,sell,0.361119218,13599.497507131004,2.655386478880152e-05,raydium_cpmm
4XTdoEDHTbQEgAU8a1C62TiT6oBubpAhQuXacGFTWfSLfYqVCr44TKiYCJaWRqkUBgkRwZ2jUh51NGtdcAH1xJQV,1787169642,2026-08-19T20:00:42Z,797CrVjYgQRU7V6CVhhz8hSNDTx5wF53apb6mf9wqPfZ,sell,32.198781426,1235755.9376166933,2.6055939078147818e-05,raydium_cpmm
2ssXmhNpWV3RjZD6hTchfAwCtav9Gh9dVCvezE91fvs4eyyyp9iLp6aMmy1hBdqzUBVKenPBsJEdn9jHm8nCHhZT,1787169645,2026-08-19T20:00:45Z,797CrVjYgQRU7V6CVhhz8hSNDTx5wF53apb6mf9wqPfZ,sell,47.008858876999994,1853633.906425039,2.5360379260467003e-05,raydium_cpmm
64A8TmEpZnVYoE1Ay3c6jWNPkp93mEppaNeVtpt5n5XFrYpkeEKHGbKzpN63XxwoXhpLgZ1NLzawifey8avr4BKd,1787169647,2026-08-19T20:00:47Z,2z2q5gk8TDgqCidzkXkyevXH1aDaVjWL8cQwoRbMF1Jq,buy,0.00803928,228.883772651,3.5123853066937276e-05,raydium_cpmm
5sFa1bxuPDsDSU5dyA6ZP7v3u6bLMxop5omUME3YKSkzJTUP4GVey8WajwwSKLUycjsELDp3cx3CwfRmF9fhqRke,1787169647,2026-08-19T20:00:47Z,797CrVjYgQRU7V6CVhhz8hSNDTx5wF53apb6mf9wqPfZ,sell,45.019577311,1853633.90642504,2.4287199945444333e-05,raydium_cpmm
3xrMLF3qCG5aJXG8dRHMieWtXD3NeN534SFn3pU7KWMEWGP5rDTuhrRawuNR78VRLgdrRS8gXesUwR9zfCMfyU9G,1787169650,2026-08-19T20:00:50Z,1jr7nW5HbUqTQgyNQjDy6Yawpswbn4jp1fYtCxHckUW,sell,0.049058335,2167.323825618,2.2635443038149274e-05,raydium_cpmm
45aZwnpVzA3MtvT3DFaV3LnaeTwL6sYct8TiU2VY2XLfsme2UxnujDnJL6jd2ww13AC79SftecKu5BKEfwguv7Hf,1787169650,2026-08-19T20:00:50Z,1jr7nW5HbUqTQgyNQjDy6Yawpswbn4jp1fYtCxHckUW,sell,0.049063958,2167.323825619,2.263803748200251e-05,raydium_cpmm
2hui2fyqM9rP8vE6uAiit3aiibtqFHcceGAwXJShNNn7ZdTPw2oYFc4HAsznm8NSij4YcPcfiYZ9Qy5WTpT5xuDf,1787169650,2026-08-19T20:00:50Z,8SMeWRvmJDHzXWDWerhvZyjSnUtEuBaAaKozoGTFSUxX,sell,0.05409104,2376.493535219,2.27608614113126e-05,raydium_cpmm
2uCPbKM4AkqaweR8q3787P1DJ4bcUyX292EVte61SRL33jqk8DK1YWVd4tgRRkcgQB9NcQ8QbMBwkXBoN79B353P,1787169650,2026-08-19T20:00:50Z,8SMeWRvmJDHzXWDWerhvZyjSnUtEuBaAaKozoGTFSUxX,sell,0.054080157,2376.493535219,2.2756281975333196e-05,raydium_cpmm
2eu1cV4umZVuxdd3CVfZ1pQJS4m2MjipGV1Efur9Jqe7iHVPwUeVqTd8rFF3uZuDa2u2J8PVzHcKLaWGAYBdWbqK,1787169650,2026-08-19T20:00:50Z,CmYzjUFEeJJHKcziZA29GpNKNZfJQjvyTgmttNaMkTXw,sell,0.055683901,2443.479199697,2.278877635091185e-05,raydium_cpmm
2wzx2h9cydKcmgBDJ4jkaiY53eCYbB36jNqCghE2ruvApraGLeM5Emhug5VdAhwXA3TZVHGYGf5RP72g2zBvigkH,1787169650,2026-08-19T20:00:50Z,CmYzjUFEeJJHKcziZA29GpNKNZfJQjvyTgmttNaMkTXw,sell,0.055695366,2443.479199697,2.2793468430959603e-05,raydium_cpmm
38k2jr6hjBC8jRaivuG7KXr3jM6wv8WpNRRXA3oe6Vh498ZWWS4uNwCgo7rieeXaQWFKQLW2Lkwf8AG5enwTpq96,1787169650,2026-08-19T20:00:50Z,JCrhqruFBagARts9dNSQm8Vqc5QKL3MckAT36LjgV4nV,sell,0.055282269,2426.389449042,2.2783757579322993e-05,raydium_cpmm
5UwtvoW4UMTGiGLbgcqtkWRYfLagpDAHgHyU8hfqG4BNBBKTAtG5axkfbyopPRFfwsiSU2gwtLSNUuWxLxQxTUmc,1787169650,2026-08-19T20:00:50Z,JCrhqruFBagARts9dNSQm8Vqc5QKL3MckAT36LjgV4nV,sell,0.055276045,2426.3894490410003,2.2781192451132342e-05,raydium_cpmm
4yVEkKavrQ4p2TqxEVHhycvt1r5rCDZyaC8f8aoAGn72Rf7SnS5pYBLLyMUfRs6ymk2a7Jf4reQ4GCNcjbGEpvGg,1787169656,2026-08-19T20:00:56Z,4iDyxGxPRC66QBNwYqMn74VtVm5Moy1ns4w3bAqYGvRG,sell,0.301547057,12239.547756418004,2.463710775930254e-05,raydium_cpmm
bAMpV9oV8j71Fo9vcmXzhSKi2YTTCxGwXmVjkGWgtBvTuVx11S9Mg9Aeuy4iGpZcbYsmeNvxDvxZKVhygGn2DB2,1787169661,2026-08-19T20:01:01Z,4iDyxGxPRC66QBNwYqMn74VtVm5Moy1ns4w3bAqYGvRG,sell,0.27855269600000004,11015.592980776986,2.5287126756234988e-05,raydium_cpmm
UDZnXuoHJV3Aq3Py62hkc1zhu7LS6LuDYmeN3gqPSpZtexpt53MA7YUoZqqxMDPusYjXM1Wbo8SedY9SUfaGEDS,1787169669,2026-08-19T20:01:09Z,4iDyxGxPRC66QBNwYqMn74VtVm5Moy1ns4w3bAqYGvRG,sell,0.238461895,9914.03368269901,2.4052963973295765e-05,raydium_cpmm
2E1P7ycgbeve1etoXBzRmdGyjA2nejoPJJ89jSG8qJdb1Koz7GfyvmERH7MNjQotwBW63xRsGQukYZgjRMSVhsBa,1787169671,2026-08-19T20:01:11Z,ATj6HNyLtkdm8LMiTf6LftgDLDK378dAjDv8bCBhkoD1,sell,21.069358934,871114.161977477,2.4186679374114865e-05,raydium_cpmm
wqu6ry8JmTs3aHwJP1Fad5PmxEiPs6fVoFiVLwjbMawuTPnXPjMQcLG6riGAPH7qULWgWoR9SPpo4PawSEPL63a,1787169678,2026-08-19T20:01:18Z,93u5BsWsPxuLRzcDqwecZV9TiXEV7qNavef6fscPnSb5,sell,1.385155184,62725.73333243,2.2082726026637894e-05,raydium_cpmm
3zpUGBJFiDkLV1nn2tsqhoVPSGNgj9zUEkpbxXro1b74KUekBDLBMSMZd9HCkZzj731xAyutVV864RKBzco2qrxd,1787169678,2026-08-19T20:01:18Z,GEPiePuVYQcbShk7ACa2YASeLuRHqvcSZpS89keWZecG,sell,1.358150804,61569.60489523,2.2058787064024517e-05,raydium_cpmm
3zGvN8Yfhwdtp88avHGe9g4rtoHxxpqrtMStLRQf4CB3PHMLcB8fNkbHKBQL4sLrPPAxezr8vyaToARysnNQ4zN1,1787169680,2026-08-19T20:01:20Z,4iDyxGxPRC66QBNwYqMn74VtVm5Moy1ns4w3bAqYGvRG,sell,1.857403665,89226.303144294,2.0816772628092244e-05,raydium_cpmm
4SPjmQpAkzuckJLAZTtNdAabrdf4EZ6qSWXtCSjAi5N5RyGcgQtGbDnwL1KLan7aytXh74Nv4oN5hdMrcLMLn3kB,1787169682,2026-08-19T20:01:22Z,ATj6HNyLtkdm8LMiTf6LftgDLDK378dAjDv8bCBhkoD1,sell,18.643965463,871114.161977477,2.1402436416229502e-05,raydium_cpmm
385ceeDsVmruebwtFFsckYDGPi7zUhAdXcbFYBWpYENJtmRVyXQECuKzkMB5PM5Fd1wqsCBM8EMhHrS9299LQqJc,1787169684,2026-08-19T20:01:24Z,2z2q5gk8TDgqCidzkXkyevXH1aDaVjWL8cQwoRbMF1Jq,sell,0.005303833,228.883772651,2.3172603887857263e-05,raydium_cpmm
58LePWkja86B2fHQhQWic62jQ75cREefDg1ZgjRchTL4LuhrEpMzBabbtJohGws25nsJD3jrp6Wbe3s5R18SxD4W,1787169686,2026-08-19T20:01:26Z,4iDyxGxPRC66QBNwYqMn74VtVm5Moy1ns4w3bAqYGvRG,buy,0.5002,22801.693446127,2.1936967145962655e-05,raydium_cpmm
4UskS1ncEv9AYTJRnLmYCw21Ddmvcf1fy3CpLJLL3FbV4i57R5NtUvrZJXvYkLQRfwtWNAMbe7WDC5k4uakCmrVY,1787169694,2026-08-19T20:01:34Z,93u5BsWsPxuLRzcDqwecZV9TiXEV7qNavef6fscPnSb5,buy,1.353616672,62563.885972024,2.1635751216049492e-05,raydium_cpmm
rAcxJKLYneQ3UdvnGNs9zfLqHJtoJKDb5UqBfWWUb8yivmZjjBnKehREcziJan6YTX2iLthpNHGs4Y7vAq48FA1,1787169694,2026-08-19T20:01:34Z,GEPiePuVYQcbShk7ACa2YASeLuRHqvcSZpS89keWZecG,buy,1.646583328,76195.954785595,2.160985228983954e-05,raydium_cpmm
5SsiJ4ZF7ftKefKbimVvF11PiPi844cmgeAM4G4By9g2JGQCrwuJom4AJe7r7TPRmhtRPvjwBDbxrY71uJ3Yroio,1787169709,2026-08-19T20:01:49Z,Ahekwy9V7q2tmqJdTX92TAtEHM4pafQbsfc5oLakbZs1,sell,0.34925898299999997,16126.678289293,2.1657217731681534e-05,raydium_cpmm
2GZ59HDtzfffxLnWqQdCvG3N9N4kVsrAnFAJmiCCmuQYrAQ4iqbb7zqBrC7LjErwmRrY3o9zBjN3NuFanFRMMFy3,1787169709,2026-08-19T20:01:49Z,C7PNbARVAHeskaefdcu7fy21dCN3qNANKuT6Cka2av4L,sell,0.201566267,9340.94920296,2.1578777768765383e-05,raydium_cpmm
2GYLiCXvpfxN5xEPNjQ7onKFRCdA61qgAv7RLvEg9QVZimdDz1y6tE23bEHbhJcESnPdJG5vBeUBLKaouFjsFeWv,1787169709,2026-08-19T20:01:49Z,JAGPLMkgPWRxFJekMU8DRHRurw968GGYHRMEKUWheYcD,sell,0.39382111599999997,18167.180498817,2.1677613431850064e-05,raydium_cpmm
5gTBJENDvH54sfrsznZXTMHo765ZSVx2dEDbd6px3HFHAbt6dJ8Krgo8oLubi9p9t21j9JWMa35YNoR7YXamUrVu,1787169818,2026-08-19T20:03:38Z,4iDyxGxPRC66QBNwYqMn74VtVm5Moy1ns4w3bAqYGvRG,buy,0.2502,10790.052108071002,2.3188025182274084e-05,raydium_cpmm
3h4vsVWUAbb7pwWoGVNNXuGdLqA9s4p8Ea1pq6Yy7v6pBkTPQ9MwSeQdsPr4hfVe1hT2mfXqaHg9CsuKuBrsjrs4,1787169988,2026-08-19T20:06:28Z,93u5BsWsPxuLRzcDqwecZV9TiXEV7qNavef6fscPnSb5,sell,1.31920966,62563.885972024,2.1085801169542064e-05,raydium_cpmm
5bVZdv6uaLNbdPKqAsNfj1Qc3iqnQ6ed5xfv1XUL6oTdL24K6V6gUwafqKtEXtTKVdpqJBmbGohQ34WudxXigdDN,1787169988,2026-08-19T20:06:28Z,GEPiePuVYQcbShk7ACa2YASeLuRHqvcSZpS89keWZecG,sell,1.604778686,76195.954785595,2.106120581487072e-05,raydium_cpmm
272t3CeDGPTuKGU1vcCpiDe3sQ2K8bEsD1UJb59d5TwtJJNEubd3PDyd6bi6JipxRxXF4cYki4HrpKpkGtJQWR8z,1787170097,2026-08-19T20:08:17Z,4iDyxGxPRC66QBNwYqMn74VtVm5Moy1ns4w3bAqYGvRG,buy,1.0002,55936.276360481,1.788106154142648e-05,raydium_cpmm
3KXXnfsjAtsuPfiVkctoPVTYeWLPExBT3E39G2RyHqoASvbzNZ1TQBS34mH5gGzrCYjfmgnyAFaZB8pM46tkSHN,1787171151,2026-08-19T20:25:51Z,CHvWpTWTZXUMvWfX7jmy8vhHbAqn6YvLc8wBxXYi4KiW,buy,2.72414339,146611.987161471,1.8580632066597437e-05,raydium_cpmm
2yMZZU2EcggAHv8wunm6m8J2K44rTxT33FGjBXBSzj9kBKgWaN9nkcfN9kFiwmVhoY2K6PerBQNhiaKUxcFxnyjp,1787171151,2026-08-19T20:25:51Z,GHJFdDSYx1kGg7nLTDZ7B468SqHsqySZwHRSxs4DgEVk,buy,2.286962028,122773.565352979,1.8627479143616063e-05,raydium_cpmm
8RfuiAaZT8M3hKMD1Tz966YZ3iCRduF9KLgEj4g5Ug4zNDRgG6XgYPdogjFD5Bp8EdeGPmqtVUXorpsz8Xj1siW,1787171184,2026-08-19T20:26:24Z,CHvWpTWTZXUMvWfX7jmy8vhHbAqn6YvLc8wBxXYi4KiW,sell,2.5106351719999997,146611.987161471,1.712435129356042e-05,raydium_cpmm
3b29RFq7usg3nr3Xp4ggPgVdAuwXHEmnf8i4CnLtys795hKKgPte1WWuviqY8iwzsxfNE7dgFwQy4PFpXF2CEEQm,1787171184,2026-08-19T20:26:24Z,GHJFdDSYx1kGg7nLTDZ7B468SqHsqySZwHRSxs4DgEVk,sell,2.106516536,122773.565352979,1.7157736927682104e-05,raydium_cpmm
4be8FK8SvVwuninaxVpDCkcjqtgXTefiLa3RuFoHYVZPA6cxTHrEssPPBFAXwTyGkN3pVFSzdvB2WG2J7dMhEZVb,1787171308,2026-08-19T20:28:28Z,4iDyxGxPRC66QBNwYqMn74VtVm5Moy1ns4w3bAqYGvRG,buy,1.0002,58969.73931027501,1.6961241675791554e-05,raydium_cpmm
3zz1npJTc5zHEVnBS1ZFvHdcZ9HnCWsCPvPU4QUY5hkpXJNDBKHkoJcEEZnz3CxcbhbH4EohgzXzWcfWDmfBTMSb,1787171702,2026-08-19T20:35:02Z,4iDyxGxPRC66QBNwYqMn74VtVm5Moy1ns4w3bAqYGvRG,buy,0.2502,14876.296650409,1.6818701984752442e-05,raydium_cpmm
4iJjmfwu3bvyP1dyK2gamDFz7jVarFwZFv3Pk2JjD2L9qoVGK3v8i4sw9RqRcyhQtDTTcUGSKGWQyKUGDbePHHrv,1787171982,2026-08-19T20:39:42Z,797CrVjYgQRU7V6CVhhz8hSNDTx5wF53apb6mf9wqPfZ,buy,10.011999999999999,630741.287966365,1.5873386110937295e-05,raydium_cpmm
3UccbUFpvGkvCQD59SdCzMavq4jBwrhwZGoy4QPgYjn6yyU5XnbMrNKEbJfeFAy4mCd1nVApfyrAKkZagn9zu7SP,1787171988,2026-08-19T20:39:48Z,4iDyxGxPRC66QBNwYqMn74VtVm5Moy1ns4w3bAqYGvRG,buy,1.0002,62527.36552342298,1.5996196091538854e-05,raydium_cpmm
5W5MKgAeYkYKYvUS4J5WteDZdhuWJcGusiDBLLWPT5ZvwV2K7YAGXXc8Coq4Nyk3VNhRsX3nxEa8GUtzrMREStjY,1787172512,2026-08-19T20:48:32Z,4iDyxGxPRC66QBNwYqMn74VtVm5Moy1ns4w3bAqYGvRG,buy,0.5002,32002.977436383022,1.5629795727423185e-05,raydium_cpmm
3EhyKwF8bismpeER5c7Vwt7ynLDEaNR1PZnajLGBfRVEc4dQMWk4udd9isg1wrHaP2FvcsJ9Y4YEH81s1PjpW7qQ,1787173579,2026-08-19T21:06:19Z,797CrVjYgQRU7V6CVhhz8hSNDTx5wF53apb6mf9wqPfZ,buy,5.0,312389.26098627795,1.6005671847405888e-05,raydium_cpmm
4eFebvYwo48bxCKt8yf4DLw9BqtR47RDveEgnPrEjcTcvB6AtMjzqrALecarNEeGHeWLgZVVc7o36TdxUjJQVH2R,1787173744,2026-08-19T21:09:04Z,797CrVjYgQRU7V6CVhhz8hSNDTx5wF53apb6mf9wqPfZ,buy,10.011999999999999,650777.9215545751,1.5384664519784848e-05,raydium_cpmm
NAmvCAryxXy5tPz6pewJrgkJP4c1dXAtzsqEG6TpPPb6YLcnkHYvXMB9eXdhvV4Wsgb2qhLP1SoF5SVUoRVcpAr,1787173822,2026-08-19T21:10:22Z,797CrVjYgQRU7V6CVhhz8hSNDTx5wF53apb6mf9wqPfZ,buy,10.011999999999999,693819.9487600159,1.4430256751615873e-05,raydium_cpmm
wEPQr94ZkTHkEo56X5T2PkdRpe3ERC7j31SYecdEpmFtgPg8fF76HHrWBXnPFxjxbCk3H5innPvsCqvoCnq4aTp,1787173839,2026-08-19T21:10:39Z,4iDyxGxPRC66QBNwYqMn74VtVm5Moy1ns4w3bAqYGvRG,buy,0.5002,34330.394251241,1.4570179309313302e-05,raydium_cpmm
5hmykjV4RBkMJSmpv9ETy8TRmPBDwraSpQQPvF2esUHYroo1W3nZtgdcmrSsGUWvyeFUMiJZeam16o7DC4X1Tani,1787173930,2026-08-19T21:12:10Z,797CrVjYgQRU7V6CVhhz8hSNDTx5wF53apb6mf9wqPfZ,buy,10.011999999999999,699730.5571907149,1.4308364694256422e-05,raydium_cpmm
5iMsqKRmewjtaEDm5KbxzrhdRHd6TPb873cPrx56SdeoVVtLz8pAVYpu3LJBhNec9oZWbS8qwJrCEs9HdkrEZDAZ,1787174089,2026-08-19T21:14:49Z,4iDyxGxPRC66QBNwYqMn74VtVm5Moy1ns4w3bAqYGvRG,buy,1.0002,72257.33887740399,1.384219257917867e-05,raydium_cpmm
3hK2uM2vdwUak3RbsP5zbCUs2rHRbAPXnFQfaWfei5hLtZBLTYxmn4QZeW9VpN65fpUW2HQMSqP9yfxHPKrDvBZz,1787174094,2026-08-19T21:14:54Z,797CrVjYgQRU7V6CVhhz8hSNDTx5wF53apb6mf9wqPfZ,buy,10.0,720060.8797190753,1.3887714610883183e-05,raydium_cpmm
2XXw2ehot4WqWFYz8iedvkKzCYMQ2fHDfxz8HePZA7GTdrfS3K5GLeAXK47752hnZyR7obBg1zjNB3ViU8hsDmW5,1787175107,2026-08-19T21:31:47Z,4iDyxGxPRC66QBNwYqMn74VtVm5Moy1ns4w3bAqYGvRG,buy,1.0002,74563.45120805199,1.3414078664480997e-05,raydium_cpmm
4e5WrU6zaEYfs3C8n7wMsYH3yvHBPUcvy2f81k55TRuTDWFS1U2d7Rxp5iWEiRgnddhstN14VeLRDcXFAJk7KWPi,1787175183,2026-08-19T21:33:03Z,6DqwStHBhuxWGutooviZUgVDhT3F4Dy5pAiP2YErRCEe,sell,4.8467970320000004,376126.7287642257,1.288607445667124e-05,raydium_cpmm
4DGQv4dynUuQgk4k4FkHmgCnFByiZzo1wH1ePVYxn5248YNkqMexvrHv7HtkP2cMy5bTGeTtJQXXqqQJ9JqbVMiv,1787175190,2026-08-19T21:33:10Z,4iDyxGxPRC66QBNwYqMn74VtVm5Moy1ns4w3bAqYGvRG,buy,1.0002,78117.393316178,1.280380664971395e-05,raydium_cpmm
5PmqaRs5t6cjhWDaqyBJfNrd18et3j7m37Z23Dnns7RCU87Je3kYUrKoRDrKJzUNs4d5MgSiR8DNH8AdzrYMgfKg,1787175192,2026-08-19T21:33:12Z,4iDyxGxPRC66QBNwYqMn74VtVm5Moy1ns4w3bAqYGvRG,buy,1.0002,79727.66226900695,1.254520666397131e-05,raydium_cpmm
2J4f4AyRCBGyvSzW6LKMdCgmkT1LdEtAd81qLUyv3i953pNgoVFXmJxjf6bvo6nBBcHkJmHbfZzNqVr9FA7DoJfY,1787175195,2026-08-19T21:33:15Z,797CrVjYgQRU7V6CVhhz8hSNDTx5wF53apb6mf9wqPfZ,buy,10.011999999999999,792248.7336451947,1.2637445255272357e-05,raydium_cpmm
4YCjxoUNggjm5UYHeSAJTz6ULUS3e5DPhYyocxC72WrWEBh5BicxX7o6Mk3zViqRdjbsPrD4QXRu1n1ZdcNginqT,1787175204,2026-08-19T21:33:24Z,797CrVjYgQRU7V6CVhhz8hSNDTx5wF53apb6mf9wqPfZ,buy,10.011999999999999,783141.5672297776,1.2784406318024528e-05,raydium_cpmm
4oXZFBMgArveediBy4CKgoG5MXadNJ8oRwDarS3emeMx9tUYc848vaVAzgwukFkEpsEMxSX3LVJvP3Y15L6zN1FY,1787175237,2026-08-19T21:33:57Z,4iDyxGxPRC66QBNwYqMn74VtVm5Moy1ns4w3bAqYGvRG,buy,1.0002,81783.28390725807,1.2229883078970306e-05,raydium_cpmm
3WMWvqC53X96UauQijDJQ6Jp9EUqrs6vXwfqGx67YJG8XZRwTwGBLhujjV35g4H6nAdw4b8BAbYgNB1K7maHkfwP,1787175240,2026-08-19T21:34:00Z,797CrVjYgQRU7V6CVhhz8hSNDTx5wF53apb6mf9wqPfZ,buy,10.011999999999999,806120.1334127197,1.2419985043189619e-05,raydium_cpmm
59FUdUwz9ZdZLDG2QvpXDU1xwb6xi4yfg8BccHHykTxcfLFKvvu3MmcqrPLjKAKiVhScn5KbXyRxJc6gqWy9rrpT,1787175543,2026-08-19T21:39:03Z,6DqwStHBhuxWGutooviZUgVDhT3F4Dy5pAiP2YErRCEe,sell,2.951964689,220061.18622160004,1.3414290542028583e-05,raydium_cpmm
25o5r73pbcn1LzXxTyApBgB9UcEjpCAvikfTpESUfzvtxivoLXqHxwC9h16bUb1TShvzjte9c2LiNoYTT8Z5G2aJ,1787175648,2026-08-19T21:40:48Z,h1jpvLkFT6u81HZH1zWhd4Vrf1qybKTADovXxDLrbtK,buy,2.02603928,134171.0170777,1.5100424250542104e-05,raydium_cpmm
5YgaujmrhCLfZuTX63Dw4pUj7mUciYZnt49kRSBoQg26AHfwvhExEUEetgvkGRfCVmd843FDJQYTrP9kfi66Duvi,1787175665,2026-08-19T21:41:05Z,h1jpvLkFT6u81HZH1zWhd4Vrf1qybKTADovXxDLrbtK,sell,1.812506169,134171.0170777,1.3508924717700817e-05,raydium_cpmm
3QawHUq8Dg1BydkLakxaWkWk12miN7qL5FMWHHYFewzw2trkXxQyDYqiAwXKBN3NX9Qh8W1SQeLnNdwcyXd61Uz5,1787175788,2026-08-19T21:43:08Z,Ahekwy9V7q2tmqJdTX92TAtEHM4pafQbsfc5oLakbZs1,buy,0.294908007,21648.011944449,1.3622867899221598e-05,raydium_cpmm
3eSAaJPutqcnMXt4NMjoDP6xAgDNt4FPeogmLEfoGVooYmAN1WK5UTmZmvE9hMdpyjVKm34khLX3XiHzKFDeP7Bk,1787175788,2026-08-19T21:43:08Z,Ahekwy9V7q2tmqJdTX92TAtEHM4pafQbsfc5oLakbZs1,buy,0.30244565,22189.906173667,1.3629875116773386e-05,raydium_cpmm
2hBJWYmN77B9AyLBAzoCexatra4rdTQ15voqtKjGAf8Tu9EJMsty8ezjvxesfSo3kQQ8evggD9XDukN2QvT6STKD,1787175788,2026-08-19T21:43:08Z,C7PNbARVAHeskaefdcu7fy21dCN3qNANKuT6Cka2av4L,buy,0.393975222,28917.579079361,1.3624073471668562e-05,raydium_cpmm
5kdDEspRuz17f52ACvnQdHJzxRxZN7ZihQixMrtR1ABxftddtbwj8nThpUUpubyXSvuWJpPbitMTTLidxJuQDTNA,1787175788,2026-08-19T21:43:08Z,C7PNbARVAHeskaefdcu7fy21dCN3qNANKuT6Cka2av4L,buy,0.314504606,23098.380875491,1.361587237197701e-05,raydium_cpmm
4GbtuhwLKk5ovWHsKxP2Sov8DQCHWVf4iV7unahP9cDYxTUJoJfe8GRybpcEG1Uy1k2wUhkhNAesT39XYbh95Jef,1787175788,2026-08-19T21:43:08Z,JAGPLMkgPWRxFJekMU8DRHRurw968GGYHRMEKUWheYcD,buy,0.393587387,28935.186688696,1.3602379387922224e-05,raydium_cpmm
54uTxwmkQnP9dfHFDKcGLdfhpjhDtMypbcTuRv7x1iZSeBfNtSwiW9PVukXXw7RSPH6mtBbqAKympAyoRwFfcBRH,1787175788,2026-08-19T21:43:08Z,JAGPLMkgPWRxFJekMU8DRHRurw968GGYHRMEKUWheYcD,buy,0.30657912800000003,22500.958286993995,1.3625158719449248e-05,raydium_cpmm
4F622fKQYkuxDG9EKEBxnwh7mK4na88wiop9Z8MxGYqeNpQ5oPnaQX1J6CUaAccFCCxY17Ea8AbYS5q5k616L5wy,1787175789,2026-08-19T21:43:09Z,Ahekwy9V7q2tmqJdTX92TAtEHM4pafQbsfc5oLakbZs1,buy,0.371183947,27223.865536387,1.3634505595977223e-05,raydium_cpmm
4p2vstYzN824BiRcysAYLh7KyiQKR75XqyxT75diNatmyBw6TET3piNuuibbLJRpqAWU9LVTFnxk89fGfXcqb8LH,1787175789,2026-08-19T21:43:09Z,C7PNbARVAHeskaefdcu7fy21dCN3qNANKuT6Cka2av4L,buy,0.23314480499999998,17077.368611633,1.3652267530325671e-05,raydium_cpmm
xJvLX6S9v9zJjqo3WANB4Q4L1fLfSQDkojRHvtUC3JznKpUsScFPwcrYpTgC6hPVV36Sb5ybdPtSXaZv1PaZQoD,1787175789,2026-08-19T21:43:09Z,JAGPLMkgPWRxFJekMU8DRHRurw968GGYHRMEKUWheYcD,buy,0.39867124800000003,29234.18262826001,1.3637160753542456e-05,raydium_cpmm
3DjREtPwKbfSYnJh5venpwvCkN119cL7Gwk1zoWb8MU3gTe2rsovDmgp3V5CRc1pPV8T8QTeE2Kg53RsUtRqY6Ay,1787175793,2026-08-19T21:43:13Z,Ahekwy9V7q2tmqJdTX92TAtEHM4pafQbsfc5oLakbZs1,sell,0.938594766,71061.783654503,1.3208150960062818e-05,raydium_cpmm
k2VhZ86mt9A79cciA8cjwmuf99YSviJi4ZXNnuMjXwZnGqkSLr8XzTRY8CRRrcLkGSPBPBHTRYS8WmZUDLFU5Jj,1787175793,2026-08-19T21:43:13Z,C7PNbARVAHeskaefdcu7fy21dCN3qNANKuT6Cka2av4L,sell,0.910688483,69093.328566485,1.3180555950835265e-05,raydium_cpmm
3NuVR9ydGGHqpRKdZHaiWdX9P4uz4oeS2kVHozGcMkP2kHWY56p1DP3hK3akSFfybPF3YjEuu9UANEA89wBEGxsK,1787175793,2026-08-19T21:43:13Z,JAGPLMkgPWRxFJekMU8DRHRurw968GGYHRMEKUWheYcD,sell,1.0646878069999999,80670.32760395,1.319801020552528e-05,raydium_cpmm
4oqVRRbWDGf5yFBVqAJYf1EDSiAwC9Y4A1s173Upr52eReRYGRHdDDbjihBne7TmfSECS8WS4hGe3nQMnywDNM8,1787175986,2026-08-19T21:46:26Z,2zXpLvhzH3BTAoaNpDRQPUKZqPZiQdDqc29d8wdr4UNz,buy,8.531098518,590952.626804021,1.443618004397024e-05,raydium_cpmm
48Wbi7RuCni7BvMNaiAnonTkFxkJ8SnWKMVjhZNDpuvfhchhKos4tnjMQkL7Df9UprAj3x2huy77boYYsGYZgGjq,1787175986,2026-08-19T21:46:26Z,4AXv1nmDRxosiz2Zr5bn4veEg63Ty32TParXHnTpQhzG,buy,6.8608646339999995,466702.40257461,1.4700727050367344e-05,raydium_cpmm
3h45Q6mWHFkqEYWbCkHjgkbiDtdMkURs65EzKXUcBRtXzmbJ6AAXMNiH8uvXrZxEUrL95wjLo1Luetyc61qrLDyV,1787175986,2026-08-19T21:46:26Z,5ZJYjAUVMLAJGccsEMV5SNjgnBHduumHyMjjHUtSubkG,buy,8.373546461,567808.292834509,1.4747136606968362e-05,raydium_cpmm
zeryhmpqLADXvRs8EXRvuoiT5hkAHqgTR5EUuxsh8k8xYimFE1ZBSzS1CVZtPKhaJjiScr5Ks4uWzD38k53bu7n,1787175986,2026-08-19T21:46:26Z,EyVaGh2eyp6zFPWLAiXx8wzEjn98VktPaANra78vkAKm,buy,6.835800139,467979.220470054,1.4607059117141767e-05,raydium_cpmm
2zQzTgvKYjkYkDn12PCsYTSTqaucnhCECEGDibuJ5MaHjoNzhezYCEdx7YVvLUxo1goWEf6FQPKSgA2t79wvx91y,1787175987,2026-08-19T21:46:27Z,2zXpLvhzH3BTAoaNpDRQPUKZqPZiQdDqc29d8wdr4UNz,buy,7.480633409999999,494481.146942653,1.5128247975180252e-05,raydium_cpmm
2nqBwKwpGoAxDHgxTBEsfhVpfGnbQZ73iNyEuDkMTAeLa2MjwmxXonBcmMpV1W5AWmnszDi6hZetTmMaicz5mQyZ,1787175987,2026-08-19T21:46:27Z,4AXv1nmDRxosiz2Zr5bn4veEg63Ty32TParXHnTpQhzG,buy,8.158534138,544157.6654756479,1.4992960047468283e-05,raydium_cpmm
92uND7wH5JGxeQkQ7Sez3rQscaPgwUszJicFaj1suzhLfpHh5BYLfr2atwPAeR5FEnSfGuQ393DhtsiybTJdhJS,1787175987,2026-08-19T21:46:27Z,5ZJYjAUVMLAJGccsEMV5SNjgnBHduumHyMjjHUtSubkG,buy,6.833196622,447831.204012029,1.5258420049301559e-05,raydium_cpmm
5DazBHy7gX9jc4GzgPy6UcACAMaoommV8KD4J26HE6qhsxvSzrn7xW4MWiUXyHSvB71JTSmRM79qt7uTNBHADZEj,1787175987,2026-08-19T21:46:27Z,EyVaGh2eyp6zFPWLAiXx8wzEjn98VktPaANra78vkAKm,buy,8.120788462,530401.7525989581,1.531063655466502e-05,raydium_cpmm
2V5tsoRaDmg6Ckb29hinKRU3hGSoPKY91HK4zYJPHwETQU5CyLg6CyUFqa6XTg5s4Q3QJjTCG5UY2BnuDJjuhCR8,1787175992,2026-08-19T21:46:32Z,2zXpLvhzH3BTAoaNpDRQPUKZqPZiQdDqc29d8wdr4UNz,sell,15.086076557,1085433.773746674,1.3898661458567156e-05,raydium_cpmm
hV2vKxRVtR1pvQWG3omqs2szSvEzDsrGGwUTdqFnCaoR8pegZ6vMMVmq5hzSTNZAAW3EadRFY4rAuUAZmJvqWCD,1787175992,2026-08-19T21:46:32Z,4AXv1nmDRxosiz2Zr5bn4veEg63Ty32TParXHnTpQhzG,sell,14.254643881,1010860.068050258,1.4101500624606023e-05,raydium_cpmm
4ZzwFNL9TgcPJfDa8qtArF3pGuEGhKyabhNdvAxmtKzh3avRCXB5tzf9YRDLmUNGiPFWwrxxs19etN1K5SaRbfqf,1787175992,2026-08-19T21:46:32Z,5ZJYjAUVMLAJGccsEMV5SNjgnBHduumHyMjjHUtSubkG,sell,14.525635699999999,1015639.496846538,1.4301960237959124e-05,raydium_cpmm
5wxM6MktZQKewvoz21Ynq23HNQzL3oHbfH4XjYLY6hrgsULbtHdtQjFRbKhNZkDmTmat3oRUsNzaKR2m9FWeFxUD,1787175992,2026-08-19T21:46:32Z,EyVaGh2eyp6zFPWLAiXx8wzEjn98VktPaANra78vkAKm,sell,14.481931044,998380.973069012,1.4505415702667794e-05,raydium_cpmm
5nZfVvuLbtwkMRDcFkpG8LyP8CYPNTZohnhCwg5Uq66eMERvGNMTRFjF9z6KQBByiFWAQRoSSK2NBBKbRmtGZ2YL,1787176054,2026-08-19T21:47:34Z,2zXpLvhzH3BTAoaNpDRQPUKZqPZiQdDqc29d8wdr4UNz,buy,7.776837661,494954.67183255206,1.5712221953995373e-05,raydium_cpmm
V3PRWSH21te9VehSqKeSVdavvaTRGBsNYM5g6SCooFFMfN4HJFmQFKzBcchfsikC799w19jFJrpZKWwZSVrn76w,1787176054,2026-08-19T21:47:34Z,2zXpLvhzH3BTAoaNpDRQPUKZqPZiQdDqc29d8wdr4UNz,buy,8.433799567,556502.33290128,1.515501206083192e-05,raydium_cpmm
3f24Mv4duj3fHv2cYz8oAXkRngwe2bG8yoW3zjRTu4UMDosnAmoS5FMkuEguWXZKis3Q74FTvD9FFRsBH2ecDPGZ,1787176054,2026-08-19T21:47:34Z,4AXv1nmDRxosiz2Zr5bn4veEg63Ty32TParXHnTpQhzG,buy,6.613745946,416753.68445279996,1.586967600462582e-05,raydium_cpmm
KGVz8x86uPKE69wQX4Fk9NTTYRhJ8LCUficU4AjkkRcxZG5gzCNjeRPyQDMncjeM4hkWHq8ojozNfiGZAgSh5zZ,1787176054,2026-08-19T21:47:34Z,4AXv1nmDRxosiz2Zr5bn4veEg63Ty32TParXHnTpQhzG,buy,7.960352454000001,517228.367298146,1.5390401913921737e-05,raydium_cpmm
2kWGPmJtQkpehX5s4tpGwRLFTBdBaXRUErAYEkjs3AddQjnxywbB662RAjSHurPnQoqcrnWBKADriVT9UVu3NWj8,1787176054,2026-08-19T21:47:34Z,5ZJYjAUVMLAJGccsEMV5SNjgnBHduumHyMjjHUtSubkG,buy,8.354748268,540282.789273089,1.546365798407294e-05,raydium_cpmm
4wipWLtM6DR4wpnaE59WAbDFiss9GbKdQdCvoynvHr9AeB3zY5RwPkqLgKTHi4wsEWcjYaGap9kRP3ch1nRrqopT,1787176054,2026-08-19T21:47:34Z,5ZJYjAUVMLAJGccsEMV5SNjgnBHduumHyMjjHUtSubkG,buy,6.909640625000001,444610.188289025,1.5540895838644826e-05,raydium_cpmm
3cRoh6RoySUa9JjnZtqrCE2PnoaBWXJ9WtxHgv5uEMVm4W5bTXd1RGJYb9WxLDTgxob2XeAvPwoBXyUhtuZ2eQ7T,1787176054,2026-08-19T21:47:34Z,EyVaGh2eyp6zFPWLAiXx8wzEjn98VktPaANra78vkAKm,buy,7.287409986,476020.357101963,1.5309030122926118e-05,raydium_cpmm
5prcmetbUDcNfE39RnCHjM1DMPvEaTvANxs7un4Cf4nkGtBmb9Fz4gAEMBHgbnf7nQTfPyGeQTTKEswTQSWuG55T,1787176054,2026-08-19T21:47:34Z,EyVaGh2eyp6zFPWLAiXx8wzEjn98VktPaANra78vkAKm,buy,7.845870758,503019.517344294,1.5597547386277378e-05,raydium_cpmm
2V7BxQzY1SZ5pi4Egp6tE9H3Zwu84VzRhfvGLGN3VcRaCdjum5vxxKZ1ZZAU55EaAgbvJZYRW1JLqJWbHyQT52QL,1787176058,2026-08-19T21:47:38Z,2zXpLvhzH3BTAoaNpDRQPUKZqPZiQdDqc29d8wdr4UNz,sell,15.634754215000001,1051457.004733832,1.4869608690236282e-05,raydium_cpmm
52NKTQEG5uewRz1wyLMbxV3g6mfzri7P8DXPZWbsbx5aMKYpw5dWVzc2nrvcirST1z3ZtgUro1j9basu75GpfhYZ,1787176058,2026-08-19T21:47:38Z,4AXv1nmDRxosiz2Zr5bn4veEg63Ty32TParXHnTpQhzG,sell,13.320564474000001,933982.051750946,1.4262120400523542e-05,raydium_cpmm
2TxmPrHBBWHsBQeepDh4BY7Lw5n1Lytx1xWSA7eZJ128iGknc1e32EyZHVZGjaxbBGGgb26SbEnRXptXCbgN9SjG,1787176058,2026-08-19T21:47:38Z,5ZJYjAUVMLAJGccsEMV5SNjgnBHduumHyMjjHUtSubkG,sell,14.434654416,984892.977562114,1.4656063902221959e-05,raydium_cpmm
GQ49ta3TwGHfG6nc1SZdtFGs6WVEXnfNgZHKbHqCTutKXSNC43UiJdHvhYrWqoUPEidSVMeGs1KyMT8YgGsVuCN,1787176058,2026-08-19T21:47:38Z,EyVaGh2eyp6zFPWLAiXx8wzEjn98VktPaANra78vkAKm,sell,14.151556359,979039.874446257,1.4454525018201217e-05,raydium_cpmm
5LZGkY5JGopJq5Ps36ncL7uBxR3fRUbdArBg45QPeARdRhsmpNFDAdtvmzniyAfN3wbyu84rehMZ5rmY5tih8Z3Q,1787176228,2026-08-19T21:50:28Z,2z2q5gk8TDgqCidzkXkyevXH1aDaVjWL8cQwoRbMF1Jq,buy,0.008039280000000001,444.851512667,1.807182794951609e-05,raydium_cpmm
4wHprvQvzYiu2mnY3D3bRWuB5GJxh1EStoZCAsJV1SnkYp6vFmfXWrJDRxMGB7BbsGLmEDwKTKoUbciiw53vVbQX,1787176290,2026-08-19T21:51:30Z,2z2q5gk8TDgqCidzkXkyevXH1aDaVjWL8cQwoRbMF1Jq,sell,0.005961908,444.851512667,1.3402018044755694e-05,raydium_cpmm
5eHCir146LKs746fpfKdJA9rwfWEsDfVjSxamsB6Cf4YCbrHhZryap4jBfjwBkspBqv4joCAGczNBWrAsNQc1drF,1787176980,2026-08-19T22:03:00Z,8n79PwcyrybEECM3ghGetPnm6Y2SRBVzJNd536Z1C1PU,buy,3.0096467799999997,200299.139649804,1.5025759897231513e-05,raydium_cpmm
4rofsZToMcb9FKXEQh5ECUTzUPTJDx5nHRRadVQAWdR2YPjQYQWeRd1te5SyozHRmsA8xMdrBoQTCCzLN4GJZmUB,1787177007,2026-08-19T22:03:27Z,8n79PwcyrybEECM3ghGetPnm6Y2SRBVzJNd536Z1C1PU,sell,3.0657949010000003,200299.139649804,1.530608122611075e-05,raydium_cpmm
2CgmSHskddmYh1fKasSRW1FAyPhgCJ2Cs6TvCpz7nyuafYqiS13oEyM4hQyS65PCCgBNjBTbw1GZLs6QGoq3P7Rh,1787177809,2026-08-19T22:16:49Z,797CrVjYgQRU7V6CVhhz8hSNDTx5wF53apb6mf9wqPfZ,sell,30.0,2058796.886291443,1.4571617141912272e-05,raydium_cpmm
nAKDiXwZxWzGpLv1pYBT81uoo97FFNdma2rMS9n2QyEu5saccfHJ9r6LUS5zKZ9dvK4ubFdHQuEA5w8tFJrTyVJ,1787178384,2026-08-19T22:26:24Z,6DqwStHBhuxWGutooviZUgVDhT3F4Dy5pAiP2YErRCEe,sell,2.950018579,212616.58288924908,1.3874828289083405e-05,raydium_cpmm
3SsY2BH2NgXKCqfKwvYv9w7CdUfQxMgZiER85d5jFYxq4s2oLmHo2rvYdvqvDCP9fBZ5iC3jq3Cq33vS8R12R565,1787182828,2026-08-19T23:40:28Z,6DqwStHBhuxWGutooviZUgVDhT3F4Dy5pAiP2YErRCEe,buy,2.001,139604.32501930883,1.4333366818852062e-05,raydium_cpmm
664VppsMeBuZiykJ31rCbLhuc9PRLFVQcqzsv8SLWR7AimEfJZAfz1anRuaTEm7p2cnEJEPXJAKz1W652kTycVja,1787182857,2026-08-19T23:40:57Z,797CrVjYgQRU7V6CVhhz8hSNDTx5wF53apb6mf9wqPfZ,sell,27.912987536,2015116.702086636,1.3851797023515481e-05,raydium_cpmm
5FMsn9wJZHATLXmASEjUufiDvD3ZDV15ififCAtkLq7MXmUYcKPxYF7mRch9jfwTT9nAa2LVerMNqiCLuhoDAy2A,1787182893,2026-08-19T23:41:33Z,6DqwStHBhuxWGutooviZUgVDhT3F4Dy5pAiP2YErRCEe,buy,1.5010000000000001,109146.34354426432,1.3752178508767628e-05,raydium_cpmm
ZZqn784UfH1SPkYmnHVjN6zoUKQvGTWj6JuEb3RCDa4bdbsvxonYSNPGhY7bK1irEJRuk3RUxWu7sS6dRyHYDVi,1787182900,2026-08-19T23:41:40Z,6DqwStHBhuxWGutooviZUgVDhT3F4Dy5pAiP2YErRCEe,buy,0.701,50905.44855980761,1.3770628092519635e-05,raydium_cpmm
4DtWzkRDq6wzeWvjvhLQKbaHumEbYAfmfEuL1KXvWw6TM7TGFrNthyR662n1XwN5BSLnGSfo9mdXccM9adssEq2b,1787182933,2026-08-19T23:42:13Z,797CrVjYgQRU7V6CVhhz8hSNDTx5wF53apb6mf9wqPfZ,sell,26.968968102,2015116.702086637,1.3383328158649003e-05,raydium_cpmm
4WZ8qPo2K8LwCRq9j7ExfUENRXRqtYkjVFprSSMajXkQPGM7aYGkYc5LGYQPcJ9R5rUNtw78dvQyiGoqGDQRwZto,1787183123,2026-08-19T23:45:23Z,6DqwStHBhuxWGutooviZUgVDhT3F4Dy5pAiP2YErRCEe,sell,2.952742733,228752.7331886869,1.2908010723371019e-05,raydium_cpmm
4EAWzaWCe9En9MWyXRAaNvJaFEbVvMYUR6b3TBwbHHQo3iqSVj1NTZ6zVXA39WneypqUxe82YaVAF4GVpwJFTuEo,1787183312,2026-08-19T23:48:32Z,6DqwStHBhuxWGutooviZUgVDhT3F4Dy5pAiP2YErRCEe,sell,2.9644441230000003,228839.73550990317,1.2954236799804867e-05,raydium_cpmm
2WDDR3ZjFd9F4nkp3Ye5N2cceXbPKVDd8cyurn4HH3CapbDr9rEsmdH42anjvgAYw1zk9D5RNvUWkV4BFHu3ztLD,1787184427,2026-08-20T00:07:07Z,6DqwStHBhuxWGutooviZUgVDhT3F4Dy5pAiP2YErRCEe,sell,5.940909346,554475.180008112,1.071447300114152e-05,raydium_cpmm
3c3xxP7k3vvsBW3heZaUGsTENuLVt1o78SS9PjMzzjmPgyF5eQNGv9wFkWFCuezsDiMhnG6EiKdsxsW8GGQrywuy,1787184459,2026-08-20T00:07:39Z,6DqwStHBhuxWGutooviZUgVDhT3F4Dy5pAiP2YErRCEe,buy,1.5010000000000001,129901.05448831618,1.1554948540737258e-05,raydium_cpmm
4ux6VgskeCh5Q5J4gcnPxsHQ8h1z4vixaY3jMnQWut6zhusFpFEpCVUrvGcysk4C132GKHSWau4mrXg7MypouhzU,1787184463,2026-08-20T00:07:43Z,2z2q5gk8TDgqCidzkXkyevXH1aDaVjWL8cQwoRbMF1Jq,buy,0.008039280000000001,524.042316624,1.5340898520926467e-05,raydium_cpmm
2VEKG8VRXMiZpCh1yb3XbhRnfYMMRCv7vSDivDywzu8oZb9GcgriBuKKXqpB2TtubUxY4ek6qMVmyX2zKe4YuiAH,1787184523,2026-08-20T00:08:43Z,2z2q5gk8TDgqCidzkXkyevXH1aDaVjWL8cQwoRbMF1Jq,sell,0.005801561,524.042316624,1.1070787255073174e-05,raydium_cpmm
C5y7N99tYVkg7k4pCvYjiKF1qJxh86wGkLMZ8S4ieeyrCZhuevXaWfaQgHHH1Pfdub1apP2dntS1qRGWMBRreXS,1787185099,2026-08-20T00:18:19Z,tronFPfm42zg7TowSTvPw3ya2tU2oYqvwKJ7i2xgBGB,buy,6.00203928,538221.820345,1.1151608970726409e-05,raydium_cpmm
2tuiUWom1PMAdJuvdTv3v35eAfJgrVTE46ZUXQbqinKeFVuVrG9WT9H9nr5RsXCQWy6ECMpz7NWiXLLsNQhrN8GC,1787185470,2026-08-20T00:24:30Z,tronFPfm42zg7TowSTvPw3ya2tU2oYqvwKJ7i2xgBGB,sell,5.53532592,538221.820345,1.0284469545385317e-05,raydium_cpmm
o7tudGZHfbcihQT2qVV8aF38f4TVd6jgscdMEJVZyjrotDRXPVqmZzNzM9cumktnMp5ZzjNYukcJHtQSzEX5aTY,1787185869,2026-08-20T00:31:09Z,6DqwStHBhuxWGutooviZUgVDhT3F4Dy5pAiP2YErRCEe,sell,0.988444663,88333.4639661368,1.1189923032780946e-05,raydium_cpmm
2yjmoif7TeiAWDQus7txdhDqXK7rUvDkhHW6AeeEdMFKR6cUbSYY1Fq9ZwaXcLbXKvLbB2bBFo5DRmEWELkeZEkD,1787187502,2026-08-20T00:58:22Z,6DqwStHBhuxWGutooviZUgVDhT3F4Dy5pAiP2YErRCEe,sell,0.9843656900000001,90328.67037536297,1.0897599686892818e-05,raydium_cpmm
62BvawfJX442q6jxwBtYNGmBcbjRW6wMZrZkuqvK3qRWrzcmJhrMovcKmRMSFn2GoqivM3nUbiGpXsydoHX5Yiwi,1787187575,2026-08-20T00:59:35Z,6DqwStHBhuxWGutooviZUgVDhT3F4Dy5pAiP2YErRCEe,sell,1.680289165,154364.37191413622,1.0885213629053248e-05,raydium_cpmm
4ZEEAKPz9WPwk26mKKjJwnoGCwvYADHmcWAYa9EAmU6acF4JL7fM7vDanoKja8vyzfHrfe5dzqsWcBNtCCe23LWA,1787187863,2026-08-20T01:04:23Z,4iDyxGxPRC66QBNwYqMn74VtVm5Moy1ns4w3bAqYGvRG,buy,1.0002,96421.67487987597,1.0373186332285443e-05,raydium_cpmm
3WyhLZx6PMUHuimoFnHcUUerEKo8TAbtTVvwcqirLsZrp4BxSe181KSqvQSPfaE4hjzA4ERycvBCbthVJY1dLCv5,1787187998,2026-08-20T01:06:38Z,6DqwStHBhuxWGutooviZUgVDhT3F4Dy5pAiP2YErRCEe,sell,3.9486767890000003,372577.25852013985,1.0598276461327692e-05,raydium_cpmm
3QARzHynCgnd54LE81dKdRBHrjr2D3yRE2gGnhVG6VnGATeZHtzbHiKTrhEPXtPHVYiFc3WMPw4t9tZJPNkNGyBS,1787190054,2026-08-20T01:40:54Z,2DCW6PvdpXwscZVanFmDLB7svT2STkUj2SuXSMR6C29g,buy,2.001,203133.066067571,9.850685753615216e-06,raydium_cpmm
2XWunzuLMATp9ujsBwp9XNCM9xyicQsfPRxEdLeswzh5agCJFZzaaqCLcDfigpbGLVtc1QSaQoHrqSAw9yKDp2ej,1787190056,2026-08-20T01:40:56Z,4iDyxGxPRC66QBNwYqMn74VtVm5Moy1ns4w3bAqYGvRG,buy,1.0002,101389.63394716696,9.864913808853411e-06,raydium_cpmm
5R2Ahrz7FQgqCczLQ2RpBj8541xq8wCQgcica3bdLddrSj31RTYMp6aHyFeqgA6AFVpkZDM17EgR7wJjavAcYBF7,1787190057,2026-08-20T01:40:57Z,2DCW6PvdpXwscZVanFmDLB7svT2STkUj2SuXSMR6C29g,buy,2.001,202426.742620226,9.885057547727711e-06,raydium_cpmm
2dKbWQTZQnNPmSF6KosEV8cK4G6he54FeCjGNgkLHvEEkPikDCNB9cbtNRgENxYEr1VgbTvhePBLGctTZEXgtagd,1787190256,2026-08-20T01:44:16Z,2DCW6PvdpXwscZVanFmDLB7svT2STkUj2SuXSMR6C29g,sell,1.9635905539999998,202779.904343898,9.683358715220183e-06,raydium_cpmm
446HMTrCds21LXiPAbsn2oL9wH9iFtV2wgVWbJBYco88xMmYtgfnbNFaxrWWbdqxAcAxDHfD53FeaAMpPWCiRmZc,1787190289,2026-08-20T01:44:49Z,2DCW6PvdpXwscZVanFmDLB7svT2STkUj2SuXSMR6C29g,sell,0.989550338,101389.95217194899,9.759846185959377e-06,raydium_cpmm
4K49hq3wvuiu4mUU4VcB14b2ihgcA6J8ed6XDUfyGPDxEhRjF2GvEsPEPxobK2BZtfxmSHsUZctjB2cxLQcBc4Zg,1787190344,2026-08-20T01:45:44Z,2DCW6PvdpXwscZVanFmDLB7svT2STkUj2SuXSMR6C29g,sell,0.988428567,101389.95217195,9.748782259248894e-06,raydium_cpmm
49YbtanTYDc2PxTC3Xo2SLAWsgkqVKFZhZKYUz5yMHVDax3nkaFh6kxTsb8vvfdvqqhwx7V3gjrt7hwhHmqZXk6n,1787190619,2026-08-20T01:50:19Z,2DCW6PvdpXwscZVanFmDLB7svT2STkUj2SuXSMR6C29g,buy,2.001,236501.736113873,8.46082583950479e-06,raydium_cpmm
2NxVmYjeTLtPu3wfGT2XXpPExDuzHvnVWNTZVD7icXULdTMaZSo3g9nZNh5Aw2DSPKCDuaGyYoSUuAvKoFbYNNvY,1787190622,2026-08-20T01:50:22Z,2DCW6PvdpXwscZVanFmDLB7svT2STkUj2SuXSMR6C29g,buy,2.001,235909.867722598,8.482052994718044e-06,raydium_cpmm
4XoCd2RH63vDFXtrUtUwC1T2pyBMeZszWGNVj4N7hj5KBCMPq71TQyZUvHsVwUb41vw5m6TYXRrMJEsQTJKtt26Z,1787190702,2026-08-20T01:51:42Z,4iDyxGxPRC66QBNwYqMn74VtVm5Moy1ns4w3bAqYGvRG,buy,1.0002,121171.1186756161,8.25444223782078e-06,raydium_cpmm
4QPDFmaPWxX3KoD164DA5t2qetPczoYjKFhgYL145aLzLC5f8fyyYJfKzaDudGPkY8XzWRqwuyg4boPPwWfDWvwF,1787190703,2026-08-20T01:51:43Z,4iDyxGxPRC66QBNwYqMn74VtVm5Moy1ns4w3bAqYGvRG,buy,1.0002,120745.38165026007,8.283546636152818e-06,raydium_cpmm
4dEQuLucmrQ2qypaq4372zpqCemECMGYdsmv34PcVFxfKwWL1Kje8WPe75a2bGLu9s16eQiSsKC4LS2Dd5kaFsXF,1787190830,2026-08-20T01:53:50Z,2DCW6PvdpXwscZVanFmDLB7svT2STkUj2SuXSMR6C29g,sell,1.020274798,118102.90095911699,8.638863141500501e-06,raydium_cpmm
2hGTi7UBwPVeFgnEFxZZFfsnS6jomBuEdHmFG1YMSSPAxBPiAKkscbdw9TrhjTFoRajBHX9BBE9bcGLt8jstqzJt,1787190883,2026-08-20T01:54:43Z,2DCW6PvdpXwscZVanFmDLB7svT2STkUj2SuXSMR6C29g,sell,2.9737141570000003,354308.702877354,8.393003425686014e-06,raydium_cpmm
3GrkgaCavFYBznaSnu9zpe1BRkj9wQenUK9LbwnYTsXQEk5G7oyD8fpYi1nvRLr7Mwxzy5ezypjQa292uh1zMzng,1787192291,2026-08-20T02:18:11Z,6DqwStHBhuxWGutooviZUgVDhT3F4Dy5pAiP2YErRCEe,buy,9.001000000000001,1060521.5522711189,8.487333407533546e-06,raydium_cpmm
5u8CPrLkrXjjLYfC4eD9mgZzmw2qrsebc93PtuBsftSPTCG3VXQid8evc4V1kBgbfpjVkgrYvj7MLEfTdmGzrd74,1787194400,2026-08-20T02:53:20Z,6DqwStHBhuxWGutooviZUgVDhT3F4Dy5pAiP2YErRCEe,sell,6.907806626,859818.713062387,8.034026848981573e-06,raydium_cpmm
4FyDgFKjGzfDbqC1cXiD1bohBr1AUJcvNRuasVwegBjWwtotGLaYzro14WxSRnbxJSaBbmfdGYKY7aa6kY2CMF7C,1787196460,2026-08-20T03:27:40Z,6DqwStHBhuxWGutooviZUgVDhT3F4Dy5pAiP2YErRCEe,sell,2.956524247,409054.06690383423,7.227710188479945e-06,raydium_cpmm
3z6bXTYfuazYaaPp6UHb19hiHNygNaWVhkaeKmZp2rzqxBSkG8gyaym77qvqfbyuuusDMY5XcDT18NBaHcsaQ21w,1787198995,2026-08-20T04:09:55Z,GjGhvk8AdrQQnyhfGcaF3TNLo8tngc42QELQMoBkTGaD,buy,0.010100000000000001,1242.040439456,8.131780318218697e-06,raydium_cpmm
3mMBGV7Qnt97dCZxRPxyp6zjtgTR1Hy7nY4Ye7Pcv54kuKEjAU8vAePX5LEUj7nMLKdahxLgbHepA4XAC5FxjckY,1787200507,2026-08-20T04:35:07Z,6DqwStHBhuxWGutooviZUgVDhT3F4Dy5pAiP2YErRCEe,buy,4.0009999999999994,447006.1806868864,8.950659236639442e-06,raydium_cpmm
om6gDvHT34swrMYwyoGcbyg2actf9kwPM5SqLuwvLbPH4VLL83gepnVvxhkkUvWeH3yuPVJHXad2ueiPboj4BQS,1787200516,2026-08-20T04:35:16Z,6DqwStHBhuxWGutooviZUgVDhT3F4Dy5pAiP2YErRCEe,buy,0.891,99073.52389457077,8.993320969870406e-06,raydium_cpmm
2dXePL3SA4TCcxam6FzyThHoTNNL9XLbTiCSxHKrL8rhYHaAVNbs7LPLCnWTpPtC9YnDmmBa6DkSTLidsFQdecvn,1787205935,2026-08-20T06:05:35Z,6DqwStHBhuxWGutooviZUgVDhT3F4Dy5pAiP2YErRCEe,buy,0.241,29720.325194785837,8.10892876913343e-06,raydium_cpmm
55ygAhsHd8AdLrHLAf4ny4Jxcp2iVhZ7ZLC6uQ8h2RkYKzczEdgZ7LvgTFL7VEi66a3YuL2v5hZR1jPFB5HgZJ6N,1787206525,2026-08-20T06:15:25Z,6DqwStHBhuxWGutooviZUgVDhT3F4Dy5pAiP2YErRCEe,buy,2.001,237339.55162052438,8.430958878692682e-06,raydium_cpmm
5W8aWafK5WSri3Nr9vJunZEJkcaDzB5gZaZh4PM4mfNfQZ4m3wcMVsYZ73WPQGv6WDjUA2ge5Z2V76J8sp5t7toH,1787206564,2026-08-20T06:16:04Z,6DqwStHBhuxWGutooviZUgVDhT3F4Dy5pAiP2YErRCEe,buy,0.701,82918.43426569784,8.454091134352178e-06,raydium_cpmm
3ryCCYpjwFbrQTcjepJDHobQ3wzzEihcXGWkN3vwjkETfJHyLmjnJSZtSPAAX2ebXPADAJSrG5iYHUD8fpewe38c,1787209224,2026-08-20T07:00:24Z,6DqwStHBhuxWGutooviZUgVDhT3F4Dy5pAiP2YErRCEe,buy,2.001,225597.67314414913,8.869772334581793e-06,raydium_cpmm
2VWtPigLMRnQqAtJiaV4fnoAU17QCwheTW9h9wCFU4KS1ZVdSJHxo34UU6xrSw8TFTvoMbmvPK2C9bomK79AwYAi,1787217401,2026-08-20T09:16:41Z,DHa6wxqgfTsb9v24meJo8tvZtqPBBk2MKTbcVXbmTvur,buy,1.0001,104796.473169857,9.543260090241878e-06,raydium_cpmm
3R9FsdP82SkFvaMNhLPSoqkae4EqxScaXKABt8q19g93gL5bxarXQCzNugphqFjdJPPVZeZyAEYigFscwFwnSkJk,1787219714,2026-08-20T09:55:14Z,3883isRkbz3Brq8DcJNrbnq1QZqwmzTxAC3qAzs99Zvz,buy,2.2827285570000004,237878.051859038,9.596213434405885e-06,raydium_cpmm
MbH5KCSeXYSruJp8MPNMLkATwz5dC3SSm6AGa68rUY7h9iuWUztDhmuPUbyADWY1uiyQ2dW3kLpXEUK1BWDY4G3,1787219714,2026-08-20T09:55:14Z,68gwUiYYRgbUU1PsRfuRYzVVZkvJjvd7zDvv8yqkbe42,buy,1.0002,104443.010210916,9.576514483641937e-06,raydium_cpmm
4g7hbyPu2xYsjsg7ck6DtQKv4FuZQa2CpyRLhNVBfkGP5JMW7sZTe1m2j3U1NCWuAcTk3iZN9qujopVdvjBANEKD,1787219714,2026-08-20T09:55:14Z,8KQriAKQrWJY2CPMLGmxwMz2sEhKjq6hEd3Rwx1B5Zu6,buy,1.468116538,153693.198251576,9.552254456940132e-06,raydium_cpmm
2aM7Q6AmTrJ2qcnDVHn7VfZJPxtjtnvjbk3SxP8XTKWywPCqfrQCVXrUYo3MgRRsQnw3AhTLCcBaosqQDFZ6Saxz,1787219714,2026-08-20T09:55:14Z,9W298hjW9MJ9mW3H8LHxzdqV5N7jKgnN66gQzPACg9ZT,buy,2.2871330530000002,240356.206197899,9.515598074954107e-06,raydium_cpmm
2jL5D6f3ssEPiX5ipjqG9QXVk5VY6rek8Ey5b6YH7foQ9NNkhFpXiTT14EdNTAoCtooJebVMseKMkiQekHv4JNae,1787219714,2026-08-20T09:55:14Z,AaJsuS3A6zQsV2jdwEVoe4vJ3mjKXRw41siqweSKNchk,buy,2.348075455,247454.238629533,9.488928005453706e-06,raydium_cpmm
4DwbRkoCd4Dbh9QnxjtRpr6xCPB7ghjeA1PnugP4y5wHU4KAsYg8edHHwbETtofQGs8FfvdzT6pq1kAmpNyJEvD6,1787219714,2026-08-20T09:55:14Z,CQ4n79cjiQ3tRSMFTGzKPSYoCaazfuCGu2Y7Hzd1aUj2,buy,1.882397685,196873.918968868,9.561437568059315e-06,raydium_cpmm
61mVDMchVxrXXcBqozWJWUo9w4nVJ8U9j7pgmnP1q9SbuVmKFvkdRfW5R3RVGY3GrUZy9mFdQZUhVAM7QJFZ8Eac,1787219714,2026-08-20T09:55:14Z,FiN6YjR6Q1ovRhUHJsGW2VuLKWgqgQ59Yr3ck6pU7jbm,buy,1.546103036,161251.973517232,9.588118534467286e-06,raydium_cpmm
57YvAwWWoCPhKrupCTqdzq5kMLYnr8BycuCsSNNTBxQJTAHrWwWZn1VHkwvQD8MzL9x3VfYGLuXtyCytYxz44Rmg,1787219714,2026-08-20T09:55:14Z,G5nGszFTvbcoVEQqek9qStAT76ffLmjr4UzEtMoouizp,buy,1.80348972,187342.073380565,9.626720188670098e-06,raydium_cpmm
QbnuUVAPhgagY5mcykLkhv2ArxuCdxkeWKky1BRQZzGhfepedpr12pXTrDhfnS8PyGtmRhtxPAJTFqP8CyXoQis,1787219714,2026-08-20T09:55:14Z,Gwk2S8xumrwaWQCKf1rwoGg3RS2rUx2GUCfiiE7Mm3QA,buy,1.437455236,148683.480174182,9.667888014969974e-06,raydium_cpmm
3ofU7omx7xf4h2b6vZJKL3FY7Skp18Qs1F6xsBx9Vkp6wed9GgjhzCQzST2PJysg8yMPqZT8rzZtxAZWrpJR4QgP,1787219717,2026-08-20T09:55:17Z,8KQriAKQrWJY2CPMLGmxwMz2sEhKjq6hEd3Rwx1B5Zu6,buy,1.572073992,160731.992290168,9.780716144934911e-06,raydium_cpmm
LTKDihFLzF2vnPPeUNaiN2Gz9yPa4uCHAPEFJp4ujK9Be5R5XKdS2rYuk6c1aV31yg6UY5qbbG2W3VNX3tRcbDu,1787219717,2026-08-20T09:55:17Z,9W298hjW9MJ9mW3H8LHxzdqV5N7jKgnN66gQzPACg9ZT,buy,1.465863217,150090.835567343,9.766507138554068e-06,raydium_cpmm
5Y3BZ7qdbToL6cBHHE7UvB8HCV57vaoQn5DioC23GcDGveuy6mxU3QKuPdinvjN76UPY5i9X7wHSoBehXWLvrVP4,1787219717,2026-08-20T09:55:17Z,CQ4n79cjiQ3tRSMFTGzKPSYoCaazfuCGu2Y7Hzd1aUj2,buy,1.570075184,161368.31233372,9.729761446305419e-06,raydium_cpmm
5SRXisirb6dxH7gQm2yHSXrmuqJg85UoRf7pdAJFKVEaZGLTJGNn9jC3rW81wxGcjgmXT6bCmwCCvhkKnxgQQDCs,1787219717,2026-08-20T09:55:17Z,FiN6YjR6Q1ovRhUHJsGW2VuLKWgqgQ59Yr3ck6pU7jbm,buy,2.2916632150000003,236993.972997953,9.669710946699029e-06,raydium_cpmm
9QZhyCsBA67EvwjtjKkky4UGZPGyXkA4WWCKDBrS1dFAS1BLtZkGR98Zf9Ef4zwEe3tpHMYpe3mx2uDwU3yQzq8,1787219717,2026-08-20T09:55:17Z,G5nGszFTvbcoVEQqek9qStAT76ffLmjr4UzEtMoouizp,buy,2.2240714190000004,229378.216994988,9.696088181941868e-06,raydium_cpmm
3oNP42qNve1kz4wZg1fMrcee8uvgnteCvtdhPJRnsQfgPKG7thik4gKfaWGz3NyiY2QUu4pjkewxaNbx3Ntpmfb5,1787219717,2026-08-20T09:55:17Z,Gwk2S8xumrwaWQCKf1rwoGg3RS2rUx2GUCfiiE7Mm3QA,buy,1.463743864,150128.077675358,9.749967405599163e-06,raydium_cpmm
4GUfhxJURQK7Kd9qhCsTGHRKuyahu84zbZRsNyxwrzBGogfkQx2G36Mg6XifBnFJcoQD4ugCRJG9j4x2ie2M6p5P,1787220635,2026-08-20T10:10:35Z,3883isRkbz3Brq8DcJNrbnq1QZqwmzTxAC3qAzs99Zvz,sell,2.949596771,237878.051859038,1.239961714815066e-05,raydium_cpmm
5oGGBDor9NDVmCd5pkWwFz9b7sAsfufbGBiSnAzNjPoDPAENfPf8eRQcJAAxo8d12w84dSfQLQQSsxKUMxLZ98rG,1787220635,2026-08-20T10:10:35Z,8KQriAKQrWJY2CPMLGmxwMz2sEhKjq6hEd3Rwx1B5Zu6,sell,3.819222051,314425.190541744,1.2146679610560494e-05,raydium_cpmm
4skJ969STvqgXoEPn42x9LNdJiE9rVwS2Yh2YEVpvh2HKho1gKwJt2aPL2uKnagn5SWJXY8dg6mzpxLkrjft5NxA,1787220635,2026-08-20T10:10:35Z,9W298hjW9MJ9mW3H8LHxzdqV5N7jKgnN66gQzPACg9ZT,sell,4.764464515999999,390447.041765242,1.2202588331722218e-05,raydium_cpmm
2dc176m6W4JV7NfksthGsqbJihJCdvLkY2s37YVkrTcbQHmqR5yUBchp1SkTNYhZCdjKHYQS4ZSiMYo7otAoWWmt,1787220635,2026-08-20T10:10:35Z,AaJsuS3A6zQsV2jdwEVoe4vJ3mjKXRw41siqweSKNchk,sell,3.047016517,247454.238629533,1.231345453557467e-05,raydium_cpmm
3Xbupah1fqKSCjDYzPS8yijXho4vGRuhkmspNpij2rWfLV4jtZ8ZFaVzjBYEvd5PvtpjF34U4R7jdCjdwZuUZVue,1787220635,2026-08-20T10:10:35Z,CQ4n79cjiQ3tRSMFTGzKPSYoCaazfuCGu2Y7Hzd1aUj2,sell,4.459992584999999,358242.231302588,1.244965611336002e-05,raydium_cpmm
2V1ZzxxrgjzJ2BmFjSa3kc8XgLahoHVFHKvM2hAhHysmpCuMa6QaoB9tdz8gYTA9uDCAj94fYmmLenfabxcopU78,1787220635,2026-08-20T10:10:35Z,FiN6YjR6Q1ovRhUHJsGW2VuLKWgqgQ59Yr3ck6pU7jbm,sell,4.8843409289999995,398245.946515185,1.2264634384203986e-05,raydium_cpmm
612iE39sRPdw9ka2gnqEmWLFZDQbAcXSSXob7bBwPQPXjEc3BDkaHsJdWifJt1udggqeecJnZAjWHyio4e3Qe6AQ,1787220635,2026-08-20T10:10:35Z,G5nGszFTvbcoVEQqek9qStAT76ffLmjr4UzEtMoouizp,sell,5.038646415,416720.290375553,1.209119529663198e-05,raydium_cpmm
5NhpBbpuKsobwMXnt3dnjJdQiwLYvcXq5otWDtUHP5ea1k2pyy7TS5wd9t4tJhPyDGBp88zPchKpbSYTu2UUaGqQ,1787220635,2026-08-20T10:10:35Z,Gwk2S8xumrwaWQCKf1rwoGg3RS2rUx2GUCfiiE7Mm3QA,sell,3.692698396,298811.55784954,1.2357950350298621e-05,raydium_cpmm
66amEJe3q2AaJ8F6NGcbKFovb4vcqcUx4KuzfQUktMLgACKGDYxHzvt7gXVra6PWYJ5cJDbeaDKivr3F1aF1tTQw,1787220636,2026-08-20T10:10:36Z,68gwUiYYRgbUU1PsRfuRYzVVZkvJjvd7zDvv8yqkbe42,sell,1.2651701499999999,104443.010210916,1.2113497566233196e-05,raydium_cpmm
3btRcQ9aEC4jUoyw6kn7U73MsGC6Li59n5EwpBHoqdC6befmUKm8UejWQxK28kAb9bs3YthbwQeVoG8nqDoinWRk,1787222554,2026-08-20T10:42:34Z,DHa6wxqgfTsb9v24meJo8tvZtqPBBk2MKTbcVXbmTvur,sell,1.2373728800000001,104796.473169857,1.1807390483403313e-05,raydium_cpmm
3sT2BsbfLQM77fVd7isNxHpipoMbw5k9zD2mGZipZYUHuY6QoBd6NQUhgDXvpAdrzEwojzWt8gLeSqwL1F8pv9NM,1787227954,2026-08-20T12:12:34Z,4iDyxGxPRC66QBNwYqMn74VtVm5Moy1ns4w3bAqYGvRG,sell,8.445367606,559205.866908614,1.5102430260053314e-05,raydium_cpmm
nkh279x1Td1NC1c1LBtEBRHtqEw8mkNqNd34mb7mxWDugXUBBxUHia2baTeyv3teffbCgDJw9FB2VcdXZFDK9oe,1787227960,2026-08-20T12:12:40Z,4iDyxGxPRC66QBNwYqMn74VtVm5Moy1ns4w3bAqYGvRG,sell,8.367558526,559205.866908614,1.4963288157646304e-05,raydium_cpmm
4XhaocAPtZUbvnZLzXTK4y8Wyt9ACyHxuNRdjni6KBFmY5J7BFgwnC7SSMx7PHzj2Z3vspUNxfJNU8KhCieGYMMD,1787230037,2026-08-20T12:47:17Z,6DqwStHBhuxWGutooviZUgVDhT3F4Dy5pAiP2YErRCEe,buy,0.501,35039.215997492895,1.4298265122023486e-05,raydium_cpmm
5uMBtvvsKR5FxmMUzqdHQn6JU9U5vX7m4mTwE7XQuKfZFjpyEWPLdgu85NvjHpcH75DGyeXVivybfDs69WSBVFrG,1787230433,2026-08-20T12:53:53Z,6DqwStHBhuxWGutooviZUgVDhT3F4Dy5pAiP2YErRCEe,buy,1.101,78658.70416300278,1.3997179482113267e-05,raydium_cpmm
2byxSomqAFpeRDEDqxKq9TZo5cw3UWisTymrojZh2YaUcrFmjaV3A7kxFMx3RemFF8acSLTf9qPwauzpLA99K6Kw,1787234727,2026-08-20T14:05:27Z,Ahekwy9V7q2tmqJdTX92TAtEHM4pafQbsfc5oLakbZs1,buy,0.561564952,45126.235492129,1.2444311959014378e-05,raydium_cpmm
28Fhx7DGgNeTMdkr2M1XdW7YiUF2K6A4qAsJqQBVtvieqjsa6AqmP3aNRp3AYj2XwbirpTLarVyhnX4WQdZ1YHeL,1787234727,2026-08-20T14:05:27Z,C7PNbARVAHeskaefdcu7fy21dCN3qNANKuT6Cka2av4L,buy,0.690857983,55651.3742146,1.2414032766485668e-05,raydium_cpmm
5arTB1HuzmKTubVSBmCe7Lenm43Y95dnguNWLNdXanpUjZ7baJPgR4n4A7Mogwtq81GiqPYUfcmPNtjsTtErHmZb,1787234727,2026-08-20T14:05:27Z,JAGPLMkgPWRxFJekMU8DRHRurw968GGYHRMEKUWheYcD,buy,0.7566949049999999,60932.978231612,1.2418478908477625e-05,raydium_cpmm
2v9S2w7yynHnnwa3ySdNWuByFkEx9KSRuqDaJLAnEdBGJqtEsjMPsioiSXj1TrrjgYBaKRExbhaKKVH45hoeFmGx,1787236947,2026-08-20T14:42:27Z,Ahekwy9V7q2tmqJdTX92TAtEHM4pafQbsfc5oLakbZs1,sell,0.57657205,45126.235492129,1.2776870122493748e-05,raydium_cpmm
9gZB6kQoc3qkYDaeY1LT9T7g5A6zxcNWbTFw1NMhoXQovyeWDqrq8rNKGwvLXdafgcbVxUxzqiw99GtwpPHPmz5,1787236947,2026-08-20T14:42:27Z,C7PNbARVAHeskaefdcu7fy21dCN3qNANKuT6Cka2av4L,sell,0.711046229,55651.3742146,1.277679552454715e-05,raydium_cpmm
2HhUgmDuEs3axV2UoDFK2wQHA8CVsTbiUsn4uRMQoPNBSQEu6HBDu6oEbk1oPJ96nXHtGHGyQXNtwM9cHkuP4cJd,1787236947,2026-08-20T14:42:27Z,JAGPLMkgPWRxFJekMU8DRHRurw968GGYHRMEKUWheYcD,sell,0.778122494,60932.978231612,1.2770137232456994e-05,raydium_cpmm
cpcrwuzPUeyvZ53zM7mD5jFFbyegX8gn3NxNaUzGkMjBhPzHNGMEBDJHAHhWWZdthf96vDYMLGSERFUGxxQRzUF,1787244536,2026-08-20T16:48:56Z,3o7YPX68tAMJdYH6CeqNpvcNe9ZGcgFzBzVsoUQZgSbo,sell,0.12850968399999999,9617.924941499,1.336147711503882e-05,raydium_cpmm
4KXKmDdiNospcLCNyd4kUsbs2UpX2tVGx3bTcS4KzqjimrBczy7HdpztzugdSTgqeM2yKGW9uuvW5STvuUjX8Tnv,1787246507,2026-08-20T17:21:47Z,6DqwStHBhuxWGutooviZUgVDhT3F4Dy5pAiP2YErRCEe,sell,3.9327807210000003,287562.70956461877,1.3676254222789822e-05,raydium_cpmm
3DNmCZ52joqJTAknVPEFqpq3oywAG9BRuqNzHbVRAFtrgAe5HYoMBqasCzW4CbZsxHYHuC9muePMeQGVKLYxWo7Z,1787247719,2026-08-20T17:41:59Z,6DqwStHBhuxWGutooviZUgVDhT3F4Dy5pAiP2YErRCEe,sell,2.458723142,174023.01099811215,1.4128724287081053e-05,raydium_cpmm
rDdqPCtg2R83xCtFNDRwo9ZSfVfgtD5fevXppFM6pLb6Qo12SU9xFimZMZpSJBc8iGLfqRAgohHTkBCfuJLAKBB,1787248522,2026-08-20T17:55:22Z,6DqwStHBhuxWGutooviZUgVDhT3F4Dy5pAiP2YErRCEe,sell,1.476971397,103857.60726678604,1.4221119048179148e-05,raydium_cpmm
3nLpz8gVnifo7BAtn2gq9ddugHKaaihrkPNCDH8z3Br99TAZKRWtGo1nEFfdWr5UpvUiHctajdFy9NJLdx8PL1jJ,1787252076,2026-08-20T18:54:36Z,6DqwStHBhuxWGutooviZUgVDhT3F4Dy5pAiP2YErRCEe,sell,2.949268323,280603.3744283179,1.051045208921182e-05,raydium_cpmm
8C3rdyzweFK5iS24fkmJF55kNqffr38Admxguv4HiPGR53Qy1HzvhJhHcpXMqivdSBeKFEHbZKgsgzenX132juA,1787252136,2026-08-20T18:55:36Z,6DqwStHBhuxWGutooviZUgVDhT3F4Dy5pAiP2YErRCEe,sell,3.9332057750000002,360153.24517141096,1.0920922767551447e-05,raydium_cpmm
5FzBQnDiSTL1Dr99F8Pe7cspEtxXjo3FF2sj88DzYs84fZeQ2RPwwemuL1biy9DVXSJ363EsR1WCi9nRaf7bN4Br,1787252879,2026-08-20T19:07:59Z,6DqwStHBhuxWGutooviZUgVDhT3F4Dy5pAiP2YErRCEe,sell,2.963212888,273048.3382707301,1.0852338112609005e-05,raydium_cpmm
53eWJfrrEmWwaNMas1rnbW5rBTUCzEWZL64w5MjGGfMnqctgngTFVwCofvFd9aVZfxqJv8mM94xQQaM5ZuVcXXsT,1787252969,2026-08-20T19:09:29Z,6DqwStHBhuxWGutooviZUgVDhT3F4Dy5pAiP2YErRCEe,sell,0.988417938,90687.5588033339,1.0899156963123185e-05,raydium_cpmm
48Y64k75DyXLcwB9THNP8qy8eaTC9hnJ4v6wcamEgCbpRJNpJnXpGC5yrVtqYd6cUghdQawbBeKg8zFx8U9sXqrb,1787253975,2026-08-20T19:26:15Z,6DqwStHBhuxWGutooviZUgVDhT3F4Dy5pAiP2YErRCEe,sell,3.932264415,379957.2745362581,1.0349227869895032e-05,raydium_cpmm
4YAhxcT796nMpVichAobbug8miMzh5kfg7d73ZM1ZHnKFsDgzDXadfiC75VXE7r8RFQ3GKPVHeLtaLFirAgziJM8,1787255854,2026-08-20T19:57:34Z,6DqwStHBhuxWGutooviZUgVDhT3F4Dy5pAiP2YErRCEe,sell,1.967059262,181522.8651216589,1.0836426918898908e-05,raydium_cpmm
5e1KVr7yxo9hjViUZe2jEwJGEigW5YC32CXpboFo9xJT3bbtYKQTy8Hz43gKuj9sDnwPSNo5ywCjQnbNz5DyQ4j1,1787256861,2026-08-20T20:14:21Z,2AwjJTdTWCu6QjyZKvF6oVEd9TkQP1WYvVswFvDEySxn,buy,2.755445404,224601.791526501,1.2268136354891372e-05,raydium_cpmm
A3Btt5sJDdFfKwZ5x6TJVX6Agu9sdCZpaH2QPX5pE2UhBmiM4vcQTjaBpAuBSWCk6j8td1KQmDf9exgG6APAWX6,1787256861,2026-08-20T20:14:21Z,DenZLNzBtE3L8T1kQFKh8oE7FCXBrdsM9xwCbsnKvdJq,buy,2.514725742,204341.323490673,1.2306496302568885e-05,raydium_cpmm
5UtsnPxKUuCqxKELwjniez5DZYPcvDRbaKPPt2fSJgD2dLj6hT9birDi41kqMaq1Erqc2Bqqn5nBK3u31QAMUjQP,1787256861,2026-08-20T20:14:21Z,Hedt6aVyFRvxpQJkrrqgZ3e3JxUNb7ufCVyYXMnHYYE4,buy,2.602077837,210917.999627335,1.2336916913670418e-05,raydium_cpmm
4qYTHKVuThLmGzKYEzEQM3UnPXaJ1r9DwxFqMpJtiBw9ByABs69NBfNKaq9svqFPbnPqAGjQZ8jPVd5FAdcpprLf,1787256862,2026-08-20T20:14:22Z,2AwjJTdTWCu6QjyZKvF6oVEd9TkQP1WYvVswFvDEySxn,buy,2.380615174,184167.57572557603,1.292635342904932e-05,raydium_cpmm
57Y4Lw2aMt1dMwNiSbpUSqYzgv9BtLUZ5JR8q1gXDquJ7tNnnvhduaXN2dSUwCzhoKonYdqALo7WWnEVGzUCDGSN,1787256862,2026-08-20T20:14:22Z,2AwjJTdTWCu6QjyZKvF6oVEd9TkQP1WYvVswFvDEySxn,buy,2.572921444,203386.79110504797,1.2650386143666048e-05,raydium_cpmm
5iYWFC2L3aaxkvzRzguVuowgyNwf2JrhD2fJ8typCx818auL71X4aejNG7vsjj1TnSYdtuBT8G4hwF5nQGi81RQi,1787256862,2026-08-20T20:14:22Z,2AwjJTdTWCu6QjyZKvF6oVEd9TkQP1WYvVswFvDEySxn,buy,2.754231972,215539.66546078003,1.2778306796162141e-05,raydium_cpmm
2bLgtU1A454voCRdwixvxYPRkEsbNyZjp9Hf6jWYm1JwAj8SozEbC3ByUsaD3e3dZHCyRCDuzAz74RK1oMLxRS34,1787256862,2026-08-20T20:14:22Z,5kidNviTucvoHuFGuPQUikWokMxsLZMncGrS5gK9Cujs,buy,2.7453295239999997,215959.21720819996,1.2712259099148835e-05,raydium_cpmm
2xCA6yYVU18VruNgoZPP2G1kC2yrAGza1zAQuzsG6ViH3q2uK5Ext4xv1sBgRdfsCX8VxyasXQtGrkEpQvSSD3ub,1787256862,2026-08-20T20:14:22Z,5kidNviTucvoHuFGuPQUikWokMxsLZMncGrS5gK9Cujs,buy,2.717436091,218187.67345270503,1.2454581177744852e-05,raydium_cpmm
3LihDoXyFjFFeVXNrqAHDYM5A52GfE96yQRRKP7jke74nFdNBGGA4rqnNveupdA8A8CuWtCXQPj65f6oFPdpc5qm,1787256862,2026-08-20T20:14:22Z,5kidNviTucvoHuFGuPQUikWokMxsLZMncGrS5gK9Cujs,buy,2.474923309,200289.406802547,1.235673592782605e-05,raydium_cpmm
52zUCD56mUgBH4FeK8HoHgBKDM9wtdPJEwgKKrJ2EgcmjNi5LTXj9sNFr1GvAETwvMjGmYR7Hv6eVwbWARKm3h3j,1787256862,2026-08-20T20:14:22Z,5kidNviTucvoHuFGuPQUikWokMxsLZMncGrS5gK9Cujs,buy,2.573446969,197154.811228232,1.3052925023579083e-05,raydium_cpmm
2tm8Pq9Ex8LFHNUt3g8H9eEtamUXXCW5qhSQpcLk3ikqBpETGPHqniiiiB9iLm7hsQj78UkKTMSFXfoCTTR4Dbji,1787256862,2026-08-20T20:14:22Z,DenZLNzBtE3L8T1kQFKh8oE7FCXBrdsM9xwCbsnKvdJq,buy,2.39273536,187635.860948805,1.2752015248582144e-05,raydium_cpmm
3CHp3s9eJzgNtWeU3A3ihH9WrKTgpeqXGfr1gXd6iTX61ALxDmhCGKACSw5joVxdrYkyrLw5UhQSwhS52Z9yBqHH,1787256862,2026-08-20T20:14:22Z,DenZLNzBtE3L8T1kQFKh8oE7FCXBrdsM9xwCbsnKvdJq,buy,2.6931492059999997,215099.935825507,1.2520455646182672e-05,raydium_cpmm
5D8aRni2RxjzaXTVJLBo5P9TWKQn58NMtaB6jiUcBg5xr5aQor3PkCnxM8zDCmcqyPnZEST8EqpWxBV5Uqb34kCa,1787256862,2026-08-20T20:14:22Z,DenZLNzBtE3L8T1kQFKh8oE7FCXBrdsM9xwCbsnKvdJq,buy,2.6507870739999997,204637.86058083293,1.2953551539662067e-05,raydium_cpmm
25JWPyy9y1C8EwubTko3RKrdtBifMG5Xc8RFh9Np7J9D3vkpMzqGaRqu1xvMhFEyJyG1Uj1KcJE6xF7rJWcPkSbY,1787256862,2026-08-20T20:14:22Z,Hedt6aVyFRvxpQJkrrqgZ3e3JxUNb7ufCVyYXMnHYYE4,buy,2.275105124,176383.01826021506,1.2898663071087567e-05,raydium_cpmm
3omfP6gtwre3YTKYvG2xMJi6UrKybePoECXiRVt8zphQxaGCacoxT5rYEN3F7TrnnknVNSXDcFN9vv1cEmPUoWNH,1787256862,2026-08-20T20:14:22Z,Hedt6aVyFRvxpQJkrrqgZ3e3JxUNb7ufCVyYXMnHYYE4,buy,2.432815483,194739.85910257202,1.2492642719427072e-05,raydium_cpmm
EY1oUeV6Haaf4PHkn5JehnCHMCsSh9r8Xx3hzs3dtMd7eknvK4XXrFzXjuTgvaoPaof9cbkypJXYhJg9C6vCscd,1787256862,2026-08-20T20:14:22Z,Hedt6aVyFRvxpQJkrrqgZ3e3JxUNb7ufCVyYXMnHYYE4,buy,2.716336888,215857.01056619798,1.2583964175520566e-05,raydium_cpmm
25Z4Ph8orQMxVS4wmmswPxe7DCcknWwCsA17GhuKozyLWonWVQ3E4CudH8WpqyLxttucqqxSpXunz7HfCxppo8nZ,1787256863,2026-08-20T20:14:23Z,2AwjJTdTWCu6QjyZKvF6oVEd9TkQP1WYvVswFvDEySxn,buy,2.371065792,176327.62153744302,1.3446933448804595e-05,raydium_cpmm
3F2yueVYbXSwDgpE4nNHDaV9W5VDZ8vUzcBrPadkedEfK8dNrwkk9LjU2T8yLE8mQCvDkx5CDcb6d7Kbv4QCwZDA,1787256863,2026-08-20T20:14:23Z,2AwjJTdTWCu6QjyZKvF6oVEd9TkQP1WYvVswFvDEySxn,buy,2.714290774,198900.27039434598,1.364649112149803e-05,raydium_cpmm
sHtbJggD7B1Exk9AAx7MJnMyhMJJPrXbRoVn7MDfcG9eDbW5H3GiGLo7A6HGiBErXNsnJUPbjekoNABeNb4MqzM,1787256863,2026-08-20T20:14:23Z,2AwjJTdTWCu6QjyZKvF6oVEd9TkQP1WYvVswFvDEySxn,buy,2.264043584,171176.27910111193,1.322638624866156e-05,raydium_cpmm
2CmVxWoaeUn9Wwzb3s8GxNaT6BYWdpJvGWXBdjyd6vw8fMi9gd7kL7tt5uu5wCftqDm5cQyphjdBRFwBfKgtnU65,1787256863,2026-08-20T20:14:23Z,5kidNviTucvoHuFGuPQUikWokMxsLZMncGrS5gK9Cujs,buy,2.433846909,182220.21034349408,1.3356624407424834e-05,raydium_cpmm
3Vv9twa5gaMrQgztCNQpLj2GpxHTYFNBoN2DeL5eNz9NMTsC3e6nhPfsTvvqSiu7cHneXU7Lz4FhN9C4g3WULLoc,1787256863,2026-08-20T20:14:23Z,5kidNviTucvoHuFGuPQUikWokMxsLZMncGrS5gK9Cujs,buy,2.693433412,198908.90115141706,1.3541040126452941e-05,raydium_cpmm
5q95D4KxNQ1BuzTFXNfLHRvDQiYAGyNJY7SkUgEQBDKQnQXZwzT9EyBnVMgu7n3me1xgZHSRPCUTmSERg2BaSvjP,1787256863,2026-08-20T20:14:23Z,5kidNviTucvoHuFGuPQUikWokMxsLZMncGrS5gK9Cujs,buy,2.636429795,192670.590780786,1.3683612970282733e-05,raydium_cpmm
3Sdy6nnv92SfawwZqYSURLXmTMA6joqvBEhRSkvJHhkB1sM7YBzuWPhbmmxR8DcRCb77y2NW15byhfEk6xeB6Kfc,1787256863,2026-08-20T20:14:23Z,DenZLNzBtE3L8T1kQFKh8oE7FCXBrdsM9xwCbsnKvdJq,buy,2.316396234,167937.11926974892,1.3793235492382656e-05,raydium_cpmm
5LRRvzR51JBMr2DvBnGVswmkzbTj1h2v8KTmEUHhg8EZxKtgJc3LLYpgcernV1QQPhnYBWnS767wmmsPcdTyoU4P,1787256863,2026-08-20T20:14:23Z,DenZLNzBtE3L8T1kQFKh8oE7FCXBrdsM9xwCbsnKvdJq,buy,2.530829202,185514.07838794612,1.3642248739244158e-05,raydium_cpmm
zmEFqZhw46hA3GNwsQffnM87RVa12xnKVJVvCRc4Twx3w5oV7HUF7upYLTDD2qBMa33FoXSphSuSAqCJFzK6Z9n,1787256863,2026-08-20T20:14:23Z,DenZLNzBtE3L8T1kQFKh8oE7FCXBrdsM9xwCbsnKvdJq,buy,2.746473577,207293.85954414203,1.3249179609274217e-05,raydium_cpmm
58XuxngGkF8E3BMFfRAB9xqKEwr6v7JskqhrWKA9FGWtZKYAdoJFqjKGVcahfdQp4gE9A2RJt6C91PvMvqLrcPzQ,1787256863,2026-08-20T20:14:23Z,Hedt6aVyFRvxpQJkrrqgZ3e3JxUNb7ufCVyYXMnHYYE4,buy,2.3523433160000002,178288.9639536069,1.319399285203155e-05,raydium_cpmm
5PJGoT3Vna4TTvrvNcmZHwSsEF2VN15Ag4FAzDk6XDhm68rMbWHCJzGdPTEy7RPDebuJkQjdV4cX1C93Yp6wr8ah,1787256863,2026-08-20T20:14:23Z,Hedt6aVyFRvxpQJkrrqgZ3e3JxUNb7ufCVyYXMnHYYE4,buy,2.7565226050000002,200474.59868082986,1.3749984402705227e-05,raydium_cpmm
5dYdVTaPZrfoDQmJEAGnPpUMGGBMuVPkbG9EVSVHJdVikfeDeoU2htv5cq5MyrX2JZEmvzqDtFwJMaEPcAtLuPzJ,1787256863,2026-08-20T20:14:23Z,Hedt6aVyFRvxpQJkrrqgZ3e3JxUNb7ufCVyYXMnHYYE4,buy,2.398618238,177500.1726643351,1.3513329040732541e-05,raydium_cpmm
4vHAxHsuEQnBRqPmCZcnSEj2UMqL8uxpdPEprVD9bM1GyJYyAs2mp3csBL1ni9NPhs7gD1BG7K51wSzrdRooH5QY,1787256889,2026-08-20T20:14:49Z,2AwjJTdTWCu6QjyZKvF6oVEd9TkQP1WYvVswFvDEySxn,sell,0.978890607,68704.99974253983,1.4247734672414295e-05,raydium_cpmm
5Rzm5quXSPCKt39FUU4pPUwjLa6BaBnQ9Zw2daBoD3TuWgHKNPaFyMU6vZfE6f1tXsy3SU6xAy2QwZ3N9z5kd2NQ,1787256889,2026-08-20T20:14:49Z,2AwjJTdTWCu6QjyZKvF6oVEd9TkQP1WYvVswFvDEySxn,sell,0.999771367,68704.99974254007,1.455165374785631e-05,raydium_cpmm
LneoZDSw8w1ERsbmxGjGRQazRVLa88VkTEvcWWTMkYrBicCsm46971jRn749KYeiEfvY47hNW5WzogrTFBnvchr,1787256889,2026-08-20T20:14:49Z,5kidNviTucvoHuFGuPQUikWokMxsLZMncGrS5gK9Cujs,sell,0.999372228,70269.54054836906,1.4221983240549241e-05,raydium_cpmm
SsKYWwuH678X6MNytmTMoB7zbJcUR3W4XWCNF1stQ7YjTevgt3MaSFdBGVoWC1riqAqqRo64iuNKykCa8ai63Vw,1787256889,2026-08-20T20:14:49Z,5kidNviTucvoHuFGuPQUikWokMxsLZMncGrS5gK9Cujs,sell,1.026456165,70269.54054836906,1.4607412500348614e-05,raydium_cpmm
32fYkBKfCETWdK4FtZtiY12LY5UZNp5LycBHfntEHxyChDsc3JqiGmAL8Yrj4WSzLVAR9SJDM4ZKfU6BVB4WSo35,1787256889,2026-08-20T20:14:49Z,DenZLNzBtE3L8T1kQFKh8oE7FCXBrdsM9xwCbsnKvdJq,sell,0.974948699,68623.00190238189,1.4207316380401012e-05,raydium_cpmm
3Hv1ripBxYUu9v3o7WJYVy1KyeDarV3jBZpDaHZUkRQKixR2YGn1ZtxaXkMTqKPnJArZUkHoZr1m6UNcvGQm9rj1,1787256889,2026-08-20T20:14:49Z,DenZLNzBtE3L8T1kQFKh8oE7FCXBrdsM9xwCbsnKvdJq,sell,0.996673243,68623.00190238212,1.4523894545123395e-05,raydium_cpmm
3zLamxj2KyA9wbFn5tePorndee17mSGycjm3E5t3M4zgnkkBHFsWE4qwnYDd7Rv36w2BxjUXsgikP8ofdZ8aeYGD,1787256889,2026-08-20T20:14:49Z,Hedt6aVyFRvxpQJkrrqgZ3e3JxUNb7ufCVyYXMnHYYE4,sell,0.9842820680000001,67708.08114275383,1.4537143150235895e-05,raydium_cpmm
4toUTJDRGry9yPx5PLAzgymC8cHtyVMYQ2z97Mi9DkQcqiXneCfp5B439sLPyyGLf4yBVDbkxgYFPTirAovz9Rjx,1787256889,2026-08-20T20:14:49Z,Hedt6aVyFRvxpQJkrrqgZ3e3JxUNb7ufCVyYXMnHYYE4,sell,0.966438879,67708.08114275406,1.4273611992671657e-05,raydium_cpmm
5c7tmWKNu1ejfF7zX4owrhpf65jCXYwDVj2sAz7URCTsC8TnLHBwLmDTFM78Wd2g7LgNBRK25XtvL6cP5hYTiF3y,1787256890,2026-08-20T20:14:50Z,2AwjJTdTWCu6QjyZKvF6oVEd9TkQP1WYvVswFvDEySxn,sell,0.8626715939999999,61834.49976828601,1.395129898734058e-05,raydium_cpmm
61zc7XHUc8dLpTZXAk1g5crrHdZ6C4FLUd4sUhGEegGeEbPKhWVZnLe1p75AoJJs2FEW8ZYCQ9Nwt1sqREa97bXZ,1787256890,2026-08-20T20:14:50Z,2AwjJTdTWCu6QjyZKvF6oVEd9TkQP1WYvVswFvDEySxn,sell,0.923079123,65269.74975541304,1.4142525847870987e-05,raydium_cpmm
4mivVBvkbBgDUBzwDkqgpuv1PSCuWHmChmoomJhtexZHajRnStvr76crJcCztc16vHWLkrwpFztQi1x6tw3dgMMT,1787256890,2026-08-20T20:14:50Z,5kidNviTucvoHuFGuPQUikWokMxsLZMncGrS5gK9Cujs,sell,0.941671999,66756.06352095003,1.4106164284304681e-05,raydium_cpmm
4zaUVCNAjkRhbEkLuxmwYpdzaoShHZDLvYqzTq4wpGoqffNemap7ZYAzvRMsqwoeKZuxPrkDyRAfudxs2tyk99HQ,1787256890,2026-08-20T20:14:50Z,5kidNviTucvoHuFGuPQUikWokMxsLZMncGrS5gK9Cujs,sell,0.8794442579999999,63242.58649353194,1.3905886946764014e-05,raydium_cpmm
2vCxPFAUytiTJMrFZAv83NStQjYQa4v5vPQHigsc6r8YQP9BzMUYfcEtNuFK6dU1AxUPvZdtMMh7M29Xf1ynf7VT,1787256890,2026-08-20T20:14:50Z,DenZLNzBtE3L8T1kQFKh8oE7FCXBrdsM9xwCbsnKvdJq,sell,0.917901856,65191.85180726298,1.408000893599002e-05,raydium_cpmm
3gf7JJttLK8tyqA7LfEnQhgjDqoeeeW9KAkvR6wGvBVuZUfrWPBtbhBQTd6mJRTTmhy9syoUM7PKwmVg1dv3qDRZ,1787256890,2026-08-20T20:14:50Z,DenZLNzBtE3L8T1kQFKh8oE7FCXBrdsM9xwCbsnKvdJq,sell,0.8602067489999999,61760.70171214407,1.3928059836646198e-05,raydium_cpmm
2cmU65hGGf9guDiSsZ7hKMe4S94uEVMscDxLsjzU3K28fksBUHGWdwoHffwz2VPtZsdpSf2p1dZmbvyy1oG5hrSW,1787256890,2026-08-20T20:14:50Z,Hedt6aVyFRvxpQJkrrqgZ3e3JxUNb7ufCVyYXMnHYYE4,sell,0.8465583459999999,60937.27302847919,1.3892291268176026e-05,raydium_cpmm
4LhFrhAhHYk9CCo8XgedZcvj5c5uqf4caHTKJJaVNZRmsJQFf9Q5j6Mj76KzNwgbUs2eHZxF5jmVNDTjqSho8Sdh,1787256890,2026-08-20T20:14:50Z,Hedt6aVyFRvxpQJkrrqgZ3e3JxUNb7ufCVyYXMnHYYE4,sell,0.911246092,64322.67708561593,1.4166793629983665e-05,raydium_cpmm
3dhmRG6be82fHRzbKCy8UgwYyBpD2TLVPgD7mjZ3cqLF69qRVhDTKMxvBz4NnMqdXbAS66qCXSLNPdsEm5KLsuVT,1787256903,2026-08-20T20:15:03Z,2AwjJTdTWCu6QjyZKvF6oVEd9TkQP1WYvVswFvDEySxn,sell,1.520724294,110958.57458420203,1.3705333722054831e-05,raydium_cpmm
5v2KnBcBZHAqxZzfnyaXR6fB4uXP9jhkZQpPbCx4W7X85irr4JnX57fQQgjuhkwCgicQK2LuQE4bwDnGeXEMjjrL,1787256903,2026-08-20T20:15:03Z,2AwjJTdTWCu6QjyZKvF6oVEd9TkQP1WYvVswFvDEySxn,sell,1.491914072,110958.57458420203,1.3445685271198631e-05,raydium_cpmm
4tRyxtRmGGpd17JqMwCz7nWk6rb6RhoD24Lyiy2CppRKvNPVvugmz1YZKxUNYw8mzbZVNjrbXwNUP7z8TznQ24MT,1787256903,2026-08-20T20:15:03Z,5kidNviTucvoHuFGuPQUikWokMxsLZMncGrS5gK9Cujs,sell,1.5394475,113485.30798561603,1.356517004117503e-05,raydium_cpmm
aVmWMdEY6hxSrttpT7VuN9dhFWdVFVmrjoUWz12CkpXWVxLkzQ2LUVCUaM9XhgrBpJXE3HFoM6znkPHaWZPvXQm,1787256903,2026-08-20T20:15:03Z,5kidNviTucvoHuFGuPQUikWokMxsLZMncGrS5gK9Cujs,sell,1.550800481,113485.30798561603,1.3665209255074321e-05,raydium_cpmm
4X6iLATyi8nbyYbaPsHE6icP6h2nVrdDo9kxzBN5Ww2f3wXBQLboAGNiRvicJRaQDeTaiWhkfbDUFxUbWu1auqoq,1787256903,2026-08-20T20:15:03Z,DenZLNzBtE3L8T1kQFKh8oE7FCXBrdsM9xwCbsnKvdJq,sell,1.521190253,110826.14807234798,1.3725914682218838e-05,raydium_cpmm
4m6nEiETyPh12jUW19UVkdBN3gw4shaVMCSgSD1kXRtSWBwCkxG5M1UDf11t6dYdo2eg1EZTJNUb76RCTaA8FU8m,1787256903,2026-08-20T20:15:03Z,DenZLNzBtE3L8T1kQFKh8oE7FCXBrdsM9xwCbsnKvdJq,sell,1.498863951,110826.14807234798,1.3524461303315645e-05,raydium_cpmm
2GJqbQG7pxSyGJMMPxUueHyLsMMQ6Rx6ioatGauoQcgkCsuH8Ce8ia2bMxxNfx8ppvohi1AzJRD5z7R4qUa72nHp,1787256903,2026-08-20T20:15:03Z,Hedt6aVyFRvxpQJkrrqgZ3e3JxUNb7ufCVyYXMnHYYE4,sell,1.472398402,109348.55104554794,1.346518438444318e-05,raydium_cpmm
5n4ZffKmUBNAJ8JyCdfBYbfRHMARwSk2DhE79mWVSUepc2dn66XEXVNe5W5nFESarUfCABpnnfyB3ZFAnQYxXDjN,1787256903,2026-08-20T20:15:03Z,Hedt6aVyFRvxpQJkrrqgZ3e3JxUNb7ufCVyYXMnHYYE4,sell,1.491911868,109348.55104554794,1.3643636369525926e-05,raydium_cpmm
22qNkqpGwRq12VUcSunFfm9JcWmGowKg6dYPBGjUbq2YvAeULRaAhEnmM1fcZK2jksnN2bURoVFX7GMhQFQx1LRR,1787256904,2026-08-20T20:15:04Z,2AwjJTdTWCu6QjyZKvF6oVEd9TkQP1WYvVswFvDEySxn,sell,1.177634423,88766.85966736206,1.3266600028580199e-05,raydium_cpmm
2dizCgr53iGAk53b7zxPt93wa27Vg6Hkp6pHu22X9Rh6nwKcrM4vsFXkRCQUrnUGGuQ6vJSLYe2EGeZNehvFh9vb,1787256904,2026-08-20T20:15:04Z,2AwjJTdTWCu6QjyZKvF6oVEd9TkQP1WYvVswFvDEySxn,sell,1.485893668,110958.57458420191,1.3391427148087742e-05,raydium_cpmm
3SoHFN4yf9H1eMJsgSd24q1WrMo176FbipyQyC8u5gWd6mkLmkn7BcDnixn2EZwZtQmmAMC7DccP3UiQPpmumL5Q,1787256904,2026-08-20T20:15:04Z,2AwjJTdTWCu6QjyZKvF6oVEd9TkQP1WYvVswFvDEySxn,sell,1.163127058,88766.85966736195,1.310316780788024e-05,raydium_cpmm
2JKMVcLqaUZhX3EJGuur6xyZEVF4skCb2Tiw9uJQdMYGz2QiNPwrJxjWEamHvHwYZeo7J4DjmU6BquMvty1bPtfn,1787256904,2026-08-20T20:15:04Z,5kidNviTucvoHuFGuPQUikWokMxsLZMncGrS5gK9Cujs,sell,1.517517109,113485.30798561592,1.3371925722687758e-05,raydium_cpmm
4dTya1Vd2KcowsDdpYgfQSbTXvVjgpTmt87itXuXpnPbW8vvQFkaFDb3MZ1xDLgLCMcnsdct1kQnJd3tWaozKQq8,1787256904,2026-08-20T20:15:04Z,5kidNviTucvoHuFGuPQUikWokMxsLZMncGrS5gK9Cujs,sell,1.201700013,90788.24638849206,1.3236295013980162e-05,raydium_cpmm
KWQS5vQ5ERDDXvGbzL6dH1qxpwBWsZTTgB2kmYWymyeTdxNrRf3ATkshdXkFhmYn643VtdR3X7Y7DLEtV3BqdPb,1787256904,2026-08-20T20:15:04Z,5kidNviTucvoHuFGuPQUikWokMxsLZMncGrS5gK9Cujs,sell,1.195252267,90788.24638849194,1.3165275402340043e-05,raydium_cpmm
4sqPxrZRECf9cTQaD4qtogXm7BGMtXGaWpYc89rvysoCFcqbywz8ohpD3aN1xVyUTUHuJvhM65bWh1244JBHtMnL,1787256904,2026-08-20T20:15:04Z,DenZLNzBtE3L8T1kQFKh8oE7FCXBrdsM9xwCbsnKvdJq,sell,1.177618633,88660.91845787806,1.3282274236302608e-05,raydium_cpmm
D92Z4pBwb3HXfMtgnpquMWpcnoRsREpLEEqW2cesQWv1xA1CGMETsDEHamtxh4BMPaS2b3t89M4if8uxGUuqXDz,1787256904,2026-08-20T20:15:04Z,DenZLNzBtE3L8T1kQFKh8oE7FCXBrdsM9xwCbsnKvdJq,sell,1.16578462,88660.91845787794,1.3148799271167651e-05,raydium_cpmm
qLuw7qmxLDkfZ4BYr6kqA6kG2b26K917eQezPFbRZv1Rm8EtpuTyKSKDLaKUp5AS5rHC59MSXmDo3d689cmNhqg,1787256904,2026-08-20T20:15:04Z,DenZLNzBtE3L8T1kQFKh8oE7FCXBrdsM9xwCbsnKvdJq,sell,1.473329073,110826.14807234798,1.329405648961292e-05,raydium_cpmm
5M2brkwoSUhj1YjWchduHrShQBxeBknQkrhoxeg7TCvRPH4XxSGDgJtdFNLJDddqxmQvxtz5Bg1SxCDN37F9V8uf,1787256904,2026-08-20T20:15:04Z,Hedt6aVyFRvxpQJkrrqgZ3e3JxUNb7ufCVyYXMnHYYE4,sell,1.156412434,87478.84083643905,1.3219338790304362e-05,raydium_cpmm
61TvURFTfSGe8NEmc1r28EjQEoCkJLiY7iuE6rfp7icodeM9FjpuWNzM3fa1JuUs25iYQC3N5HwT6W9kdN777R74,1787256904,2026-08-20T20:15:04Z,Hedt6aVyFRvxpQJkrrqgZ3e3JxUNb7ufCVyYXMnHYYE4,sell,1.147546808,87478.84083643893,1.3117992842927502e-05,raydium_cpmm
myeEr1QhYPboUNYA5ovrMjiytyamSxA6jZyyDi3H3kkaiofSzJP2UPiCwvPp7jibj1b3Ns4ia7Lk5Py1K1cq3ef,1787256904,2026-08-20T20:15:04Z,Hedt6aVyFRvxpQJkrrqgZ3e3JxUNb7ufCVyYXMnHYYE4,sell,1.468569514,109348.55104554805,1.3430168941043231e-05,raydium_cpmm
5su89MSM4eQqPV5fHzvb14PVRPVWTxyPSeKqYP211hwH2NYb3c184c8YwteLfkXdyhKyZBcwuxBgask5QubVH6nY,1787256924,2026-08-20T20:15:24Z,2AwjJTdTWCu6QjyZKvF6oVEd9TkQP1WYvVswFvDEySxn,buy,1.1554057739999999,89520.54105441202,1.2906599540073442e-05,raydium_cpmm
o7QdDrZT6725EDQMpNg5msHoniUrHPvvwp4qJQKafpjj1Nximn9GMQJJndpVMa9v1RFSJvfcJyaK3UNknhFrKrU,1787256924,2026-08-20T20:15:24Z,2AwjJTdTWCu6QjyZKvF6oVEd9TkQP1WYvVswFvDEySxn,buy,1.150511586,90748.28623045597,1.2678053038690637e-05,raydium_cpmm
3nba5XV72qjcwcSznddiYuHrWVJyBHpwakoK3cB1Gu2Yrzi4Rc6gL3qMBRvRWyxSdN2J7qfmAvZ4ojhGYbrmFDSV,1787256924,2026-08-20T20:15:24Z,5kidNviTucvoHuFGuPQUikWokMxsLZMncGrS5gK9Cujs,buy,1.179766346,91307.51694169804,1.292080198340415e-05,raydium_cpmm
65HXfch1gkeJ11aXMW5WaJriMdGUtSxsKmXuRetzUb5vWahDvFDfNwSK9vbYoxmSF5fxe8jzvFKPnNyBrpo8cqBV,1787256924,2026-08-20T20:15:24Z,5kidNviTucvoHuFGuPQUikWokMxsLZMncGrS5gK9Cujs,buy,1.230753208,96726.34056665096,1.2724074960242378e-05,raydium_cpmm
2DFdTR8iezp8d8uEu5PtDe26xsKGUR6iN7Fa7S2xevJeq3HDKbptaXAcwU8butwKmZjtYE45yAwuZu6dwBr27aKt,1787256924,2026-08-20T20:15:24Z,DenZLNzBtE3L8T1kQFKh8oE7FCXBrdsM9xwCbsnKvdJq,buy,1.294779841,101517.51408202597,1.2754250857185295e-05,raydium_cpmm
4tpgnRipvfN3rtmZCpjnePqa8sZ7a6z9HeMAgub3HGdf7RtAaecLi3tBFCYpyCGD8ywkTznRLEH7bUVXeFqi8g4v,1787256924,2026-08-20T20:15:24Z,DenZLNzBtE3L8T1kQFKh8oE7FCXBrdsM9xwCbsnKvdJq,buy,1.304754572,101385.20587713004,1.2869279701234201e-05,raydium_cpmm
4Sna2vs7kF7hRb4udKwdj6uqw2mdPo5JFUHcyTtH7fCCtXBA1kWqBN5Q88mBmCRmTZ8tViDBUXsyYjbnrSytUtS9,1787256924,2026-08-20T20:15:24Z,Hedt6aVyFRvxpQJkrrqgZ3e3JxUNb7ufCVyYXMnHYYE4,buy,1.359833409,106222.94953776698,1.2801691300395671e-05,raydium_cpmm
54KYoHJdpUeksJJGDH3UzyqsRp7KYEJyAF5XNiRAZUnAAWT4PCdVFvstAK7NwS8nMUyhvhra4TA7EzLQJ5CGvPi7,1787256924,2026-08-20T20:15:24Z,Hedt6aVyFRvxpQJkrrqgZ3e3JxUNb7ufCVyYXMnHYYE4,buy,1.252621552,97952.33101661003,1.2788072922813748e-05,raydium_cpmm
W2RFZjpPAwTRwLUQAVnxeCPEHohineba1gBDGqxVDeFpBLuJbr7Dym6MHuCSAKAdz8Brw37MFWnhPpLS9y6rmVA,1787257001,2026-08-20T20:16:41Z,6DqwStHBhuxWGutooviZUgVDhT3F4Dy5pAiP2YErRCEe,sell,4.8969316350000005,391161.4129445781,1.2518953743767728e-05,raydium_cpmm
3rXpsiiboQE358MAoyagQoLmaRLwdJ2e5MMwEJn3gJ6Ux3Jq4JDocjvtKPYwatVZUugxVqxwssVBbNCcrWUMSS8j,1787257444,2026-08-20T20:24:04Z,2AwjJTdTWCu6QjyZKvF6oVEd9TkQP1WYvVswFvDEySxn,sell,2.2259187540000003,194861.28250989108,1.1423094035558415e-05,raydium_cpmm
eGHjF44t7TMxsQD8guADFbrK36PSgjjAVtqKS5TcmMHjPYBtc1nqRNFkubaE8nH6HsFMT9QtfwKRwmGEQUtCTnf,1787257444,2026-08-20T20:24:04Z,5kidNviTucvoHuFGuPQUikWokMxsLZMncGrS5gK9Cujs,sell,2.3096249720000004,200213.63015766907,1.1535802883056269e-05,raydium_cpmm
548fQvYANijCUHoGBT55GVqojppv1jQsLBUy1R94erw4UPvi6zUhPZ4jpsVZvSqJuLaYsKJaML1nGyJHzYZXrPzw,1787257444,2026-08-20T20:24:04Z,DenZLNzBtE3L8T1kQFKh8oE7FCXBrdsM9xwCbsnKvdJq,sell,2.316875162,200340.97988746,1.1564659228987933e-05,raydium_cpmm
53YiB1hWQTfMhx2GERWhPnLKxwXtZNEkFC2NTmHZPDWbwkz5NnsDYH5EQa2GwcHDid9mrRCesNna5Mu85Wa9JMmv,1787257444,2026-08-20T20:24:04Z,Hedt6aVyFRvxpQJkrrqgZ3e3JxUNb7ufCVyYXMnHYYE4,sell,2.3031426290000003,198664.364050086,1.159313417890763e-05,raydium_cpmm
3LdruzGuJubeUHxC94xMeH9iFrVxgnGwAFQyubpa1gHgewqXkkiM1WJdyY3kCcms5TQffQrJ5XQpQ4NcJNApHE2k,1787257445,2026-08-20T20:24:05Z,2AwjJTdTWCu6QjyZKvF6oVEd9TkQP1WYvVswFvDEySxn,sell,1.644807862,146145.96188241796,1.1254555656647794e-05,raydium_cpmm
Ck1PscpUz9zb8cdEGBv31PpFnWVX63HLv1e3eXtV9wsPhnXtowj2zJcdMnyH47cNAJm3c7gkj4JtHRFfshZwnDF,1787257445,2026-08-20T20:24:05Z,5kidNviTucvoHuFGuPQUikWokMxsLZMncGrS5gK9Cujs,sell,1.693306318,150160.22261825198,1.1276663609542216e-05,raydium_cpmm
2povZhLN9DHqCEyNWNVVxgTNWUhggARBsbLCtqJyYFT2uwKESkHEM5wXMb8MKZKsYvDjUqpFJZ6gWhqGunuDamFC,1787257445,2026-08-20T20:24:05Z,DenZLNzBtE3L8T1kQFKh8oE7FCXBrdsM9xwCbsnKvdJq,sell,1.6842116230000002,150255.73491559504,1.120896732458227e-05,raydium_cpmm
5q3tsCVAWRaCVXotyJgGGpzk11rUcNsy42WRNq7EPaVt4A4juFsBYRScHrqYMKNDepvWcu3FknoUBQi6kefLdrbX,1787257445,2026-08-20T20:24:05Z,Hedt6aVyFRvxpQJkrrqgZ3e3JxUNb7ufCVyYXMnHYYE4,sell,1.683244259,148998.273037564,1.1297072272613769e-05,raydium_cpmm
29UvV2rGwm9iX63XFubhWtBJeWgkT7vmuYrS5HuwqMXsf1bRPKsvXEHqSHVJzD32BTksQmjrNeANGz9VvhgJuwFz,1787257515,2026-08-20T20:25:15Z,2AwjJTdTWCu6QjyZKvF6oVEd9TkQP1WYvVswFvDEySxn,sell,4.753680628,438437.885647256,1.0842312636788329e-05,raydium_cpmm
p6Fedb4eqwU7TpZCDVcUZALU4goXGfc8ts93SaPeVbtXiSNo5Yvvf1u1K2b7hciFx8Zt1ayYQHiXqri6LDAWUVG,1787257515,2026-08-20T20:25:15Z,5kidNviTucvoHuFGuPQUikWokMxsLZMncGrS5gK9Cujs,sell,5.068101164,450480.667854757,1.1250429875570257e-05,raydium_cpmm
EoHuVkPquCyaaCbzMckEZzeyEqDKJHzNLZfg5iMfXtVYGCBqSbxDpTVfZnCyz9tzSEwYfUgJM1wsf95vbeZMHee,1787257515,2026-08-20T20:25:15Z,DenZLNzBtE3L8T1kQFKh8oE7FCXBrdsM9xwCbsnKvdJq,sell,5.016027791,450767.204746785,1.1127756718277043e-05,raydium_cpmm
4o1NysoowxwYimSGvsA38uTSjcqToSMTEriTw8rLp12ff1NdDGoeDjBEFT24irdMMrZPRAafZVHtZFP5VHnsUiHn,1787257515,2026-08-20T20:25:15Z,Hedt6aVyFRvxpQJkrrqgZ3e3JxUNb7ufCVyYXMnHYYE4,sell,5.001325946,446994.819112694,1.1188778330647925e-05,raydium_cpmm
4CT79Qn5Z98WaZSu3B2CKnpgDgYdtiBEstBkaCXmcJwXsp6gFbGiBE8zn5j19UuKMvNdYY15DD8Ytn6ruV3W84o2,1787258753,2026-08-20T20:45:53Z,6DqwStHBhuxWGutooviZUgVDhT3F4Dy5pAiP2YErRCEe,sell,4.68102467,428601.13040051196,1.0921633980819778e-05,raydium_cpmm
5BQ1RvXwUTGuVWY9ZZRezFwUsBwkMLpsEXUimXdHC8C3hqKFY1DdDv1gSmPVdXDf7hBKV9vz9dgPpwSTH6EZBVhQ,1787259559,2026-08-20T20:59:19Z,2AwjJTdTWCu6QjyZKvF6oVEd9TkQP1WYvVswFvDEySxn,buy,2.521511053,213414.614053064,1.1815081475034528e-05,raydium_cpmm
5DjsK1LZQ4w5seRvZavEhjcGF7kEPkZohuoZgoqPLG3V8Pyxp5mSKbJvfM5Yf65RH7hZYp6tevHzaFAqvmeAfZFw,1787259559,2026-08-20T20:59:19Z,2AwjJTdTWCu6QjyZKvF6oVEd9TkQP1WYvVswFvDEySxn,buy,2.3358009859999997,193833.86368388397,1.2050531014587656e-05,raydium_cpmm
65xF6qxFGVSD7MBnxFxi5HGuLN5QBmaGh2wXrsSPhtgrBgk1fNqM951iy1VFenzVhqng5CEtvV3SBspq811Lw6Q1,1787259559,2026-08-20T20:59:19Z,2AwjJTdTWCu6QjyZKvF6oVEd9TkQP1WYvVswFvDEySxn,buy,2.702978486,231234.808752425,1.1689323508788784e-05,raydium_cpmm
2TqipYfTvT3vrbvhpSDKwUPHrqPLRhE5LwpCBfRevUtprwAu1vP6ZuhhwpRcF6msMmdc1Ji4Bmj7ojUPUq9f83NB,1787259559,2026-08-20T20:59:19Z,5kidNviTucvoHuFGuPQUikWokMxsLZMncGrS5gK9Cujs,buy,2.663542623,222912.99111727905,1.1948799438067099e-05,raydium_cpmm
5rVyEnhDgsRnFJFpW9iJtrbyQKarLTFyubabJJtCcvaJqe9QR8H5uF2NUKtbeSBoewRs4B97kib9uban85p3XxCW,1787259559,2026-08-20T20:59:19Z,5kidNviTucvoHuFGuPQUikWokMxsLZMncGrS5gK9Cujs,buy,2.439187454,204792.59516572897,1.1910525632169858e-05,raydium_cpmm
KK6AYsaGUsrPjvzQWYw4x9Ps5Nvn5gjxbtXUpk9SMpnLRZDeK8vohuaWhZbr2FmEfpUTgaSKkuSrv9YKfpDaajJ,1787259559,2026-08-20T20:59:19Z,5kidNviTucvoHuFGuPQUikWokMxsLZMncGrS5gK9Cujs,buy,2.458590396,211901.228156588,1.1602530185352125e-05,raydium_cpmm
2WoTACdCCzkorYdQyMw64cWLU2ZN9kgXVJexx3HXRDxHWHDXcqyFUXn8pPo2DL5cANNTeRVmKvoQT4TaykgPdgeA,1787259559,2026-08-20T20:59:19Z,DenZLNzBtE3L8T1kQFKh8oE7FCXBrdsM9xwCbsnKvdJq,buy,2.551403398,217618.028481807,1.1724228069703788e-05,raydium_cpmm
2Wpw4hkY94mBN75bs3KTk1ESqM2VgP5Yr89STVbhdD7D11BpF2LJ5v3qebefXRoLkZSX5zcLaKDy1wy7bAE9u3Mw,1787259559,2026-08-20T20:59:19Z,DenZLNzBtE3L8T1kQFKh8oE7FCXBrdsM9xwCbsnKvdJq,buy,2.620033963,216960.610643883,1.207608125375577e-05,raydium_cpmm
4g5YPWf2JZXJog7Dni8nXjCAi2eFf4szHVZZ3Cj7jiAyrDXQ5sVWa3dYMTsAe6yMp3KZkae9AbWgzaQ3u7ofsWef,1787259559,2026-08-20T20:59:19Z,DenZLNzBtE3L8T1kQFKh8oE7FCXBrdsM9xwCbsnKvdJq,buy,2.438993359,209136.246431636,1.1662222118905992e-05,raydium_cpmm
2QE1ZacQcq2hx94DQAu9xtxaXtH1w9Ctd7UcDRUPmuLhPLSaes8yreRF2jxQaVrGjUv7sVKfuP2ddYeNCN4bbD27,1787259559,2026-08-20T20:59:19Z,Hedt6aVyFRvxpQJkrrqgZ3e3JxUNb7ufCVyYXMnHYYE4,buy,2.352883683,197334.262595838,1.1923340894018801e-05,raydium_cpmm
5ekNhya9i3dz6Zs6s5wVaBoGU4YwnnSbyXhCrucNzqyfC9dFZ8sajcTYm3giMfu4bzBDoHZn2RxMxffXvXAA42FP,1787259559,2026-08-20T20:59:19Z,Hedt6aVyFRvxpQJkrrqgZ3e3JxUNb7ufCVyYXMnHYYE4,buy,2.349639274,199320.08346110798,1.1788271574040704e-05,raydium_cpmm
JsdpA3vdp14bvdMYhNr2YHkQQJW7wcqestgTnRRJoSZ92Sc4PAPE21TphjryiN54RNc7QKeEd5u3qpN5MgNQt7u,1787259559,2026-08-20T20:59:19Z,Hedt6aVyFRvxpQJkrrqgZ3e3JxUNb7ufCVyYXMnHYYE4,buy,2.711720492,235090.158675167,1.1534810760610729e-05,raydium_cpmm
M8cBD7EcvN84cX7cRoRD2R168EBSSLRnJM3dePL35fb33kEYCij1YbBcVMttpPuhWzkrGTfMZa7fPEHsoJnB9sS,1787259560,2026-08-20T20:59:20Z,2AwjJTdTWCu6QjyZKvF6oVEd9TkQP1WYvVswFvDEySxn,buy,2.669216355,217883.206211254,1.2250675035560087e-05,raydium_cpmm
5GVeLYBXsHVoRvPypnT7zNPfN2jHzU57LTtbSzWh7QwzPbcJ8fpSRUQPd9o3FH2jfneHWUYxVJGFAXXs3cizr2FR,1787259560,2026-08-20T20:59:20Z,5kidNviTucvoHuFGuPQUikWokMxsLZMncGrS5gK9Cujs,buy,2.557524847,209796.462475335,1.2190505105874599e-05,raydium_cpmm
5MKbnuiaBnFz7iCLex2sj8TFJptd7kFnoWLSWkxxKcE5SrHyMjvm4NfXQBHry1t613peav4AdW7TPChVQ6aBiALM,1787259560,2026-08-20T20:59:20Z,DenZLNzBtE3L8T1kQFKh8oE7FCXBrdsM9xwCbsnKvdJq,buy,2.5211499649999998,207891.150279284,1.2127259681872222e-05,raydium_cpmm
9Jnuo9WZK6HxYemucr2Ehs8ZjxDkMWWbRkCHAyCCtqrKW8EK5afo29qC82zmDmZ7tdidrAM2G17wtKyNiAtH3Mb,1787259560,2026-08-20T20:59:20Z,Hedt6aVyFRvxpQJkrrqgZ3e3JxUNb7ufCVyYXMnHYYE4,buy,2.624209381,212555.29686294904,1.2346007931724384e-05,raydium_cpmm
2HfzUz1CZyx17KEQKQyxB272vWnKAWjgDN8C3xdpWQUjqq2KNA2ZU1WPj893aDA54cNFgcQ9PDmLAk2BpzoRLvxb,1787259577,2026-08-20T20:59:37Z,2AwjJTdTWCu6QjyZKvF6oVEd9TkQP1WYvVswFvDEySxn,buy,2.7105272360000003,211962.58348467306,1.2787762780764548e-05,raydium_cpmm
2W2Fbi9m1DdyfnvmGTEyLg4LAdegXnxvmAnPfVoYVsvrGySZseFMeHgZBCcRxB2ofi6xpVreFagJ4YHwBUhNjoXd,1787259577,2026-08-20T20:59:37Z,5kidNviTucvoHuFGuPQUikWokMxsLZMncGrS5gK9Cujs,buy,2.418942844,189569.42228142603,1.276019526191808e-05,raydium_cpmm
2fjHHwtXebJQxQyWUT9HBixtUPozHubdB4GPH2JfFkFBozhUMR8ktjc8U6sBTeDe4M5BJRApK7bjQCg2ZnKTCAkn,1787259577,2026-08-20T20:59:37Z,DenZLNzBtE3L8T1kQFKh8oE7FCXBrdsM9xwCbsnKvdJq,buy,2.5620885120000003,202364.484341786,1.2660761696072761e-05,raydium_cpmm
3bxrzTZTA44x2KoHEre466mTxr6ty5CNvUZjohVqDbk9KqHeJfrRWjwa5AyYFfvjyU1bffb9wD5yBWuFPcbCXvKZ,1787259577,2026-08-20T20:59:37Z,Hedt6aVyFRvxpQJkrrqgZ3e3JxUNb7ufCVyYXMnHYYE4,buy,2.5446435650000003,200462.802066318,1.2693844138515883e-05,raydium_cpmm
4LncHPnMAZtxHmM4ZdM8SZbUwNmoPJwPmHdTiyqHjNncB6DUuWeYuf3fwfFfJuQmrdSuyUuGm4C2GrK7vYsGuTND,1787259629,2026-08-20T21:00:29Z,2AwjJTdTWCu6QjyZKvF6oVEd9TkQP1WYvVswFvDEySxn,buy,2.50155699,197892.38929662597,1.2640996447065745e-05,raydium_cpmm
4enoxMkC16ZrNM6ZcHds3aB3oadGbQ7UUeQb9uty9Wk7vjgNP8E1k6g2ba4V385h6BbdL3wCjXsrrpaRhoiYiQdq,1787259629,2026-08-20T21:00:29Z,5kidNviTucvoHuFGuPQUikWokMxsLZMncGrS5gK9Cujs,buy,2.654613239,210596.13021409302,1.260523275665753e-05,raydium_cpmm
28j5nsmd1uYzm7scZscLhLYsE3Kb98aEmPeH1Ke3mE5qhnBJrfs8QFNxmh9QdXgg4KSkiiZRa5Zwc2nto4Ba6Gqn,1787259629,2026-08-20T21:00:29Z,DenZLNzBtE3L8T1kQFKh8oE7FCXBrdsM9xwCbsnKvdJq,buy,2.609610239,207567.26811946696,1.2572359132741579e-05,raydium_cpmm
5wcL8qCyEMXPB5eAPVyVwc3QsWgsKKDYwmVf26wfF2fG6hi1UvC7hhohqeCrC4U9jnanMSSJJqqjehTwoffoXFUa,1787259629,2026-08-20T21:00:29Z,Hedt6aVyFRvxpQJkrrqgZ3e3JxUNb7ufCVyYXMnHYYE4,buy,2.49795845,199635.3906457289,1.2512603311067493e-05,raydium_cpmm
346g4q8LrfHEsakVhgXxaiHhXwr6DeddhJCYThVz8K6bMGMYbvferhGbuh311NqBUbFYGLbHQk3Ju9efVxhgmHtf,1787259660,2026-08-20T21:01:00Z,6DqwStHBhuxWGutooviZUgVDhT3F4Dy5pAiP2YErRCEe,sell,5.143550468,428601.130400513,1.2000786052975475e-05,raydium_cpmm
4h541Pb4awni8je7QBskYTePW6hriFreV1H8HpV1VqJ26LW8EdzD5CferoqnkAuy7X5f3Ehdb4gefkAWpLNNMVrn,1787259674,2026-08-20T21:01:14Z,2AwjJTdTWCu6QjyZKvF6oVEd9TkQP1WYvVswFvDEySxn,sell,3.683012212,316555.366370481,1.1634654165646278e-05,raydium_cpmm
cMpFq6vfjiTQpmc9UVoGSxo6KJjENHr2LjrkH3mmxtDiWnwdSjey52WPr8R5FLT9q6haGdKC4KCFCECyhTsB34b,1787259674,2026-08-20T21:01:14Z,5kidNviTucvoHuFGuPQUikWokMxsLZMncGrS5gK9Cujs,sell,3.7055264219999997,312392.20735261205,1.1861776109598645e-05,raydium_cpmm
5UD6wLYe4EGkNhen3ZjffBo5hU9Qo64YAgXTYYqzVgHKP1qwnL9VNrFrW4kBDRx53CK9eB4gz62DJkSU2pZEyKy5,1787259674,2026-08-20T21:01:14Z,DenZLNzBtE3L8T1kQFKh8oE7FCXBrdsM9xwCbsnKvdJq,sell,3.770453361,315384.447074465,1.1955102402718558e-05,raydium_cpmm
4td9qLwQv8SxSmHZhnsNgGt6nDnu8J4ehnt5b5XEnXp5hzsLrt5kpwVeFVPrwBo1YrtoMkR2oF4e2dR3Txbtbr3n,1787259674,2026-08-20T21:01:14Z,Hedt6aVyFRvxpQJkrrqgZ3e3JxUNb7ufCVyYXMnHYYE4,sell,3.6757173159999996,311099.49857677694,1.1815246674506809e-05,raydium_cpmm
4nnHwFH4vHF1VQXFpxFK7WL1DH9DFdgUmPd3sLeCXcTUiaDpqH77cwoUs2s7GmzgToS3EAyoDB6wniR7cJZhq6Gr,1787259675,2026-08-20T21:01:15Z,2AwjJTdTWCu6QjyZKvF6oVEd9TkQP1WYvVswFvDEySxn,sell,2.7236546759999998,237416.52477786096,1.1472051823470966e-05,raydium_cpmm
RwYjHj3H6yKZAPKM7ANojRaCKFVnxPeWZqBRt5RPYFmquuKTyj4BaquGcnFc9BzEjE13RvczdzuqoStHUP3HqAX,1787259675,2026-08-20T21:01:15Z,5kidNviTucvoHuFGuPQUikWokMxsLZMncGrS5gK9Cujs,sell,2.6649883819999998,234294.155514459,1.137454059043114e-05,raydium_cpmm
3GbuGWUxLABEie3JmfybnFoEWj6Ur7FnSFtdctddtE1R7Jjoku7VyjzBRjLVCy8Z7UsTQHuv5BfksgC2UFbTSqVc,1787259675,2026-08-20T21:01:15Z,DenZLNzBtE3L8T1kQFKh8oE7FCXBrdsM9xwCbsnKvdJq,sell,2.721543456,236538.33530584897,1.1505718311921777e-05,raydium_cpmm
irc5rmAsT8YmUKYGZk5ebYy2yiKgrkJj3ij1wnBFRL1vQuc5iHhvLPhY8gkNZQ84YkEHvgqDqTMq5xkWDmjm2VE,1787259675,2026-08-20T21:01:15Z,Hedt6aVyFRvxpQJkrrqgZ3e3JxUNb7ufCVyYXMnHYYE4,sell,2.6923171729999997,233324.62393258302,1.1538932872245493e-05,raydium_cpmm
HUKUW9UNU2xbWUTxuXAcdTPYH3wmLEhzZ2ChUhquM9ZespcbPqATrZRnQAHBGkSYFtpy6Y4E6kZiDdKPEFQ2nzt,1787259811,2026-08-20T21:03:31Z,2AwjJTdTWCu6QjyZKvF6oVEd9TkQP1WYvVswFvDEySxn,sell,3.858521885,356124.787166792,1.0834746763057666e-05,raydium_cpmm
6jtKttAJBgBGds6SvG1Ls6GpCiMMsRUkbjPUqdR7hw8Bzj7eL8QFkgjEZMm1S1jb4ijqngztcXqwApVajeZWMxK,1787259811,2026-08-20T21:03:31Z,5kidNviTucvoHuFGuPQUikWokMxsLZMncGrS5gK9Cujs,sell,3.905303698,351441.233271689,1.1112252428789207e-05,raydium_cpmm
231ZEVeiNy4q62wTRWN1qk9W8pLq7pmW5bMRJmfMJQisLs5kwsjCNoXVzU55S4EmREGDUeyWjKLaJYHsKCy8KgVy,1787259811,2026-08-20T21:03:31Z,DenZLNzBtE3L8T1kQFKh8oE7FCXBrdsM9xwCbsnKvdJq,sell,3.877265855,354807.50295877404,1.0927801195485174e-05,raydium_cpmm
5npm8Zg45Hi6ACXpi9E5AaHeV1iJzx1HmGHHd2qtPHNLKsdtbLsnGur1zjFySxbZF9wE4wGSBRcz7ve5v6fu6JTx,1787259811,2026-08-20T21:03:31Z,Hedt6aVyFRvxpQJkrrqgZ3e3JxUNb7ufCVyYXMnHYYE4,sell,3.840812364,349986.93589887396,1.0974159232931406e-05,raydium_cpmm
4nV4u7gfoow2SSysmp8j4PkiUyyTPgQYeNB6ayD6aVVKzFx8w8hyKqk9J58ZJtttqcVk6JmU9At4K7nRRRwzFCJV,1787260071,2026-08-20T21:07:51Z,2AwjJTdTWCu6QjyZKvF6oVEd9TkQP1WYvVswFvDEySxn,sell,3.765112746,356124.787166792,1.0572453481696569e-05,raydium_cpmm
4HXr7W34LyxyB1rWtvzCnNY3qKGLALzNpCeSh22gERPuc1zwvdHgBtRJQjkfunPKUcdbfJAjKQ8bQFqNerJUE7mX,1787260071,2026-08-20T21:07:51Z,5kidNviTucvoHuFGuPQUikWokMxsLZMncGrS5gK9Cujs,sell,3.684672596,351441.23327169,1.048446296895241e-05,raydium_cpmm
SsvUEg7tjh5nAWhJ1oFKbq2jXUkdEQeyByQ9R8PUz5erEhzvbr7jfj5iYf3qq6Yz7Ad9hHL6oyMJk46ENmqX8vX,1787260071,2026-08-20T21:07:51Z,DenZLNzBtE3L8T1kQFKh8oE7FCXBrdsM9xwCbsnKvdJq,sell,3.7045403859999997,354807.502958775,1.044098660571569e-05,raydium_cpmm
5NDRTYGBL5F9RTHFfF9fPtATsJccrKfMV2cgvTQBsSxZUREbL2eEFoizoRL3MDBwLpRQ9YooAVBoGASWbUVXrEVL,1787260071,2026-08-20T21:07:51Z,Hedt6aVyFRvxpQJkrrqgZ3e3JxUNb7ufCVyYXMnHYYE4,sell,3.6246468419999998,349986.935898875,1.0356520401799519e-05,raydium_cpmm
9sD12wuX9H7zJcdxT8tbhsTPwngQzUnHFMU4qVRQhxfHj6aVHJ97KUzMMo9aA7JZbbXQ6u6KfQ4Wt5a6zGZDK39,1787260867,2026-08-20T21:21:07Z,Ahekwy9V7q2tmqJdTX92TAtEHM4pafQbsfc5oLakbZs1,buy,1.293106254,118317.647700737,1.0929107188394055e-05,raydium_cpmm
seMB7ZHn465F4udmBvgLXXSnvAxE3gUTxFcEByhFHzkacahbg6cfP67kW8GJfPLCmt4JLuEFk13h3HiZDQpGUtD,1787260867,2026-08-20T21:21:07Z,C7PNbARVAHeskaefdcu7fy21dCN3qNANKuT6Cka2av4L,buy,0.788673269,71972.255437837,1.0958017977930167e-05,raydium_cpmm
34qHdEKJTa5YBdHxMz6QRMba9RT436ywdx9boaRrKyNLjjHn54doCWAPEq5Dyk8SMqNN37k9z12Lse3Znt9r3JP7,1787260867,2026-08-20T21:21:07Z,JAGPLMkgPWRxFJekMU8DRHRurw968GGYHRMEKUWheYcD,buy,0.9273383169999999,84874.085181413,1.0926047862758966e-05,raydium_cpmm
5G8taG91dau4eyAWFGGNYzCHYkkMNQBHoMicT4erxMjLnif48nykJzXTWoRvUcipceXqADCg5ZnQiiszXq4BEdG9,1787260868,2026-08-20T21:21:08Z,Ahekwy9V7q2tmqJdTX92TAtEHM4pafQbsfc5oLakbZs1,buy,0.79987731,73122.217455078,1.0938909374451036e-05,raydium_cpmm
2VzyPpsToLeoJraLjfA2vLMCdcgWMoKEej5gXn9Yo7puafyYggqfYRb3g3M51bgu5nJp4tygSnhbKiBVBjkgXH2D,1787260868,2026-08-20T21:21:08Z,C7PNbARVAHeskaefdcu7fy21dCN3qNANKuT6Cka2av4L,buy,1.168047574,106586.562555202,1.095867570919232e-05,raydium_cpmm
EL9PypryUHto5BJZr7nsvBEVCQdRVK5kR5utV2eumqrJRRv8MiNjT9T7GoXrHp7MqJvH1k4XY2YuLVkzia9Dgty,1787260868,2026-08-20T21:21:08Z,JAGPLMkgPWRxFJekMU8DRHRurw968GGYHRMEKUWheYcD,buy,1.035075116,94555.57822252701,1.0946737733061663e-05,raydium_cpmm
dUQUNKGYbMdYCTwPjRyoGyKiUcLpe7QsCZt34Twg72GE4t1ESMuKqUoC3BqyjHXLUBfHuJTFHvCjJy14jfpWfZw,1787260925,2026-08-20T21:22:05Z,Ahekwy9V7q2tmqJdTX92TAtEHM4pafQbsfc5oLakbZs1,sell,2.044813142,191439.865155815,1.0681229535633576e-05,raydium_cpmm
3D2cvJqb5roSUMjiGvPLPCc1nuLi2zmDMUFUtHhHDj2r7DQALscfJXaCFHn8QgaP1PnKRb4n3cpF5BECdfXrU5km,1787260925,2026-08-20T21:22:05Z,C7PNbARVAHeskaefdcu7fy21dCN3qNANKuT6Cka2av4L,sell,1.9028919759999998,178558.817993039,1.0656947651132988e-05,raydium_cpmm
3vWXagYoVueXNctdTZbUDF4ioo2EUe3jfLkgygMu8Nof95zW6L2Q22wej2s78Qhw2rw71qNYk3FhboxfPxdbGysQ,1787260925,2026-08-20T21:22:05Z,JAGPLMkgPWRxFJekMU8DRHRurw968GGYHRMEKUWheYcD,sell,1.908111153,179429.66340394,1.0634312726231758e-05,raydium_cpmm
2EEcjppWsciLyKDKm7jNdZMBsz46yXoeUaA5XrqLArMSakR8gXwWCbffZaFC9XcLjNK15ZPkfk2Y1W8LHUTYsxt4,1787264919,2026-08-20T22:28:39Z,4iDyxGxPRC66QBNwYqMn74VtVm5Moy1ns4w3bAqYGvRG,buy,0.1002,7004.72666184,1.4304626695266291e-05,raydium_cpmm
2Wr4sSsTneXR6PaQ9TnEFWVPJBFkeGF1UCJfsHRmq35faDGBtcjjqpeEzo1KEvAvwztz9SNvAe71u3NMJhRGhucN,1787265037,2026-08-20T22:30:37Z,2z2q5gk8TDgqCidzkXkyevXH1aDaVjWL8cQwoRbMF1Jq,buy,0.01003928,507.956709364,1.976404645303324e-05,raydium_cpmm
5kxSYY6HkPRfGT6qTEArUhcV5vmGUWtAyti9g7cqTRcPgTjSZweyDcoKPJHFyQyKiL1Wfi6eCUfGKaR9a4bHQMU3,1787265097,2026-08-20T22:31:37Z,2z2q5gk8TDgqCidzkXkyevXH1aDaVjWL8cQwoRbMF1Jq,sell,0.007927487,507.956709364,1.5606619331647e-05,raydium_cpmm
9SeVkuSJtKnYpeRgsCsjvTYxifFaqoKnb3A52hpQ8i5sVKZ111mb4dfJ5cG1YEsc4HqqdoBmioDGXCsR8FMEH16,1787265577,2026-08-20T22:39:37Z,4iDyxGxPRC66QBNwYqMn74VtVm5Moy1ns4w3bAqYGvRG,buy,0.1002,5916.9404314369995,1.6934427709907707e-05,raydium_cpmm
3VzotiJt6vkCSd9ofXBvYJrHizk6F7jGHckBKetFdLzp75LVMQQbC4fRpRafCL2x1mSKUuBoj4AToY4kp7ybE854,1787265677,2026-08-20T22:41:17Z,4iDyxGxPRC66QBNwYqMn74VtVm5Moy1ns4w3bAqYGvRG,buy,0.0502,3101.778898222001,1.6184261240791728e-05,raydium_cpmm
5WfH81mGmP9s7NRAaETKLkzY5ziGqcLjUqeNTL3e1qFPE4rnDXR4mPqq9CcfkJySKWEfsiXvJr3VNnMvZVB6oeEb,1787265975,2026-08-20T22:46:15Z,6DqwStHBhuxWGutooviZUgVDhT3F4Dy5pAiP2YErRCEe,buy,21.001,1242370.055775523,1.690398114665648e-05,raydium_cpmm
34suihpRFuAnoAiXHF4vwMyB6eWNVWgd4RGWB1XyuKZYHGakYcV28bkGJKBeEFYCsMQqsvdivMxE37tTtbjzBcWf,1787267742,2026-08-20T23:15:42Z,6DqwStHBhuxWGutooviZUgVDhT3F4Dy5pAiP2YErRCEe,sell,0.786762796,50725.42033984605,1.551022723377964e-05,raydium_cpmm
59qpS9G2A3ieajodFrx5vMgpUcyaoKv6DP2EffCHbrqmfMkUS7W9BWkhVmy5cK6VUf9xGmw2gJrRtHZEE5cwoCRT,1787269125,2026-08-20T23:38:45Z,6DqwStHBhuxWGutooviZUgVDhT3F4Dy5pAiP2YErRCEe,sell,0.688305766,49861.368048430886,1.3804389910269635e-05,raydium_cpmm
5Kqt29uSJHtwD1YPr5PMvpmf9NgVSSNHhccd86qvQgqz3KqHPn2GDwSHD1rHMqPbk1F6YqrbT6VoeVtW1okBrEoY,1787270044,2026-08-20T23:54:04Z,4iDyxGxPRC66QBNwYqMn74VtVm5Moy1ns4w3bAqYGvRG,sell,0.232883753,16023.445991499,1.4533936902433659e-05,raydium_cpmm
2LwLEByKgAH14AHqcsrAvSH4AH2P9E4ZHoZVKTfkYXEVFNM1ZKJJZDjKnxdqBdbY6qXhEjeBwSmgdBEi13ARv29r,1787270116,2026-08-20T23:55:16Z,8n79PwcyrybEECM3ghGetPnm6Y2SRBVzJNd536Z1C1PU,buy,3.0092286899999996,175888.039395277,1.710877385606246e-05,raydium_cpmm
5sK9q5RfaWDtLUHaCgNKzWuU6x3EHwApVUSBgGJNpwvcAqXfWQooihqepZ9QATFSCMiXh2kdL2W2nA3u9pQNp9mp,1787270116,2026-08-20T23:55:16Z,8n79PwcyrybEECM3ghGetPnm6Y2SRBVzJNd536Z1C1PU,buy,3.0071894099999996,175516.88149278596,1.7133334323306103e-05,raydium_cpmm
eQLZA1wLCPHVgxHn7YEro5YJ86Rkst8w2qk639JFP4pVoX2bNWmovXCzpbtbzSSyAy2NNmjUBFxWAThKVy731BL,1787270165,2026-08-20T23:56:05Z,8n79PwcyrybEECM3ghGetPnm6Y2SRBVzJNd536Z1C1PU,sell,6.057582112,351404.920888063,1.7238182370045955e-05,raydium_cpmm
56234oPaBtxHXiEuRmxgNMeH2gQe1RuAzK6LmLak1czs4N1EWfEBiBbs5cRchNzj7Gnyb3ePw9RrLbLpQNoYLeVT,1787276460,2026-08-21T01:41:00Z,6DqwStHBhuxWGutooviZUgVDhT3F4Dy5pAiP2YErRCEe,sell,0.983868026,60385.26195994299,1.629318138344181e-05,raydium_cpmm
2b9Yetd8TZM1e6GYsygEVzpaRq7gYQr9ruX9XbV8Cm9QAHsL711aezugAopfvedQTxwSq94AFJBgQ7WRW999QzeA,1787326208,2026-08-21T15:30:08Z,2z2q5gk8TDgqCidzkXkyevXH1aDaVjWL8cQwoRbMF1Jq,buy,0.010039280000000001,483.544958581,2.0761833665810606e-05,raydium_cpmm
4Bkkp4fbRXXK5STRCVrp4uyG7LB3VYrX15PZVgrzsygvPJTkh7DUeVEuPvLNMjEeyWRbg8D19Xa5BwCX9aqrExge,1787326268,2026-08-21T15:31:08Z,2z2q5gk8TDgqCidzkXkyevXH1aDaVjWL8cQwoRbMF1Jq,sell,0.007834467999999999,483.544958581,1.6202150102010887e-05,raydium_cpmm
DDfRu2JohrPgXjMDqSUnVUZHFLmd7tMXzuySHwhZ5egPwa9qQkeTBRm1WfYb679iZa5BhCkDBVkzLdctCZjvefN,1787339792,2026-08-21T19:16:32Z,4iDyxGxPRC66QBNwYqMn74VtVm5Moy1ns4w3bAqYGvRG,buy,0.50223928,31287.960681545,1.6052157732870156e-05,raydium_cpmm
4iZyFWA9ZMhZkEENjhpUD2DzspxsLX3Xm2PrH5wcSXqmsvcDTo9bmudxhJZ6VQY8tpdHKjRb2rEjmBxLfuRx9ViY,1787340038,2026-08-21T19:20:38Z,2z2q5gk8TDgqCidzkXkyevXH1aDaVjWL8cQwoRbMF1Jq,buy,0.01003928,489.412744536,2.0512910855065678e-05,raydium_cpmm
2xtC8HeXCt85mbmtMt8zZoJstXSwgsjE44yB9qp5VcW33SV6Mn79dyowH8cb3vXeup1uy6eDry9aifGAhmjytucL,1787340098,2026-08-21T19:21:38Z,2z2q5gk8TDgqCidzkXkyevXH1aDaVjWL8cQwoRbMF1Jq,sell,0.007945632,489.412744536,1.623503288115853e-05,raydium_cpmm
3iVkG3sTSjF1sUaf7UcBRSyZAYUVM3rNZPN1zedemsc5ei4ACJ93PrZnWBwJhgSS9jC2T86xMpftFmzJsN4q3CPQ,1787340119,2026-08-21T19:21:59Z,DoYfpDfAzzYReVKkjhN9uG82298gBABKQL9uRHt52h8P,buy,0.47530542299999995,28786.531273472,1.651138230183412e-05,raydium_cpmm
5XmBoGwMpWAgFcPZ8wBBy98k2zT2i9isWestHzoG69W4rEkcrNFom9t7rG8NDNiA3wDULttBDdw6ykR3SyZUt2Mq,1787342967,2026-08-21T20:09:27Z,2z2q5gk8TDgqCidzkXkyevXH1aDaVjWL8cQwoRbMF1Jq,buy,0.01003928,439.419662194,2.284667907183394e-05,raydium_cpmm
4SwRfbRESdfguiwnMwrnDFKq4aceDsskyEdECLS665MBR9W1bbZfHYjXcmotWf91bXiGq74MXkPHAsTWCeJZpDGv,1787343027,2026-08-21T20:10:27Z,2z2q5gk8TDgqCidzkXkyevXH1aDaVjWL8cQwoRbMF1Jq,sell,0.008036409,439.419662194,1.8288687765755902e-05,raydium_cpmm
2eqxYjo8wtTXMB9R5g5v4dqi2g1BYG9vQmvVwdjj2zL84XvBmRmWwKqhceN8rRN1qqHRRTNzy2d23ypRtQaWMshf,1787349414,2026-08-21T21:56:54Z,DoYfpDfAzzYReVKkjhN9uG82298gBABKQL9uRHt52h8P,sell,0.526308243,28786.531273472,1.828314214033197e-05,raydium_cpmm
4YTGt3xJdVB7KDVQKJKYJ7WZmFnhxApyrLCwifHurVFiMkw8SeDvrffq1rXnKoPGatcjnUFMJF5Wm1wUe3ScA56b,1787364041,2026-08-22T02:00:41Z,4iDyxGxPRC66QBNwYqMn74VtVm5Moy1ns4w3bAqYGvRG,buy,0.5002,37062.953927722,1.3495956123072668e-05,raydium_cpmm
4GsSfcGC1pn2iqkL9f3MbpH6N8RrzkhVr5Hk2g9zzJG8ov63ZUygZFykgFZXsBNNJLukJTA4BYf6Zjnh2QYstGU,1787364674,2026-08-22T02:11:14Z,4iDyxGxPRC66QBNwYqMn74VtVm5Moy1ns4w3bAqYGvRG,sell,0.894783231,68350.914609267,1.3091020597384743e-05,raydium_cpmm
2vmVZX3tnixubBJtWrF7QGppNGPfjhR5SXTNc5rVf4X7QthKMa8roEcs69pamSGf37zYxrGwXrMdMqyAETabkSEX,1787389465,2026-08-22T09:04:25Z,2z2q5gk8TDgqCidzkXkyevXH1aDaVjWL8cQwoRbMF1Jq,buy,0.01003928,568.778118828,1.7650608677926138e-05,raydium_cpmm
4oMv4yeHbTswZDsCM5hfm3P8VNLJtXNDQo3649KPcDHu9TG7CGNb5jPh1ieh2BqbJNaUnGCUvE2g4siyk4Xh55QY,1787389525,2026-08-22T09:05:25Z,2z2q5gk8TDgqCidzkXkyevXH1aDaVjWL8cQwoRbMF1Jq,sell,0.008095817,568.778118828,1.4233699806669597e-05,raydium_cpmm
3LZPiBZWrmUCdBqkRmN7igqq49NsGLZPT4TW8Fr7jLwKgCQiaJXznHg4QdRKjtSrHbkxnNHbF6BkkPgksMex2wy,1787396045,2026-08-22T10:54:05Z,2z2q5gk8TDgqCidzkXkyevXH1aDaVjWL8cQwoRbMF1Jq,buy,0.01003928,593.965167699,1.690213592640763e-05,raydium_cpmm
3mT2SkfJRmKFBkccxcVca3X3XLN9RqjMQMEVQSrYP3FqXaaCTMujZ1zrqtA6CxgEPvZR99NVvtkp2cbiiYCfE4Ee,1787396105,2026-08-22T10:55:05Z,2z2q5gk8TDgqCidzkXkyevXH1aDaVjWL8cQwoRbMF1Jq,sell,0.007894274,593.965167699,1.3290802944863144e-05,raydium_cpmm
3t1qwaNEfdUt6EJ9BJKeZ8c1i7yzgwquUwm2DMBSfdaSBFkwJzqHXwcAjKNTzN5HW5u4JMozHuKTAd7bsefGo6mv,1787401335,2026-08-22T12:22:15Z,2z2q5gk8TDgqCidzkXkyevXH1aDaVjWL8cQwoRbMF1Jq,buy,0.01003928,476.214604383,2.1081419821232144e-05,raydium_cpmm
5hFR6ddiWekUGvykbrL2MSRjQ9GmhDeGn9pgQL4WvsKCk4MussQNXAG9GuLKp36UyhrNv9sHvbJJqTujFFoG3ct9,1787401397,2026-08-22T12:23:17Z,2z2q5gk8TDgqCidzkXkyevXH1aDaVjWL8cQwoRbMF1Jq,sell,0.007949214999999999,476.214604383,1.6692505704018204e-05,raydium_cpmm
394KnN4KA8C9o14LYNULYuwaRrnSRKu8njabxk7bMVCz1kuQiKxqKuzzgG3Mk79nxg9hFjsivMvhwxjWNCU8n9ZQ,1787406698,2026-08-22T13:51:38Z,2z2q5gk8TDgqCidzkXkyevXH1aDaVjWL8cQwoRbMF1Jq,buy,0.01003928,414.004060287,2.4249230775757297e-05,raydium_cpmm
59iKrtAe16UEdcbhUYsK8JWjeJS6Bng3PSFXXR34xvMWj8xey4ksqeF33NTh2u7JudoCaXMXoeTZKRo2f6vyJjRg,1787406705,2026-08-22T13:51:45Z,2DCW6PvdpXwscZVanFmDLB7svT2STkUj2SuXSMR6C29g,buy,2.001,101707.013445023,1.9674159452942998e-05,raydium_cpmm
kRJm9MJ1jt9GZykoQ6RjpqG9sWPEHYfLiUgXyuFZWDATvJFksNwzmfiJ7vWioZcy7NPxCSqnWmNQnTLVkz2WnpR,1787406736,2026-08-22T13:52:16Z,2DCW6PvdpXwscZVanFmDLB7svT2STkUj2SuXSMR6C29g,sell,2.0333412810000002,101707.013445023,1.9992144220212586e-05,raydium_cpmm
2y3upmPtcWGUirafpdCTRSPVK7ch9UCcEEdYiHq1usD8xvfQPJxj1zqGrmvJkn2scUM9cVEAyikUu5jfAtg6jrfE,1787406790,2026-08-22T13:53:10Z,2z2q5gk8TDgqCidzkXkyevXH1aDaVjWL8cQwoRbMF1Jq,sell,0.008488371,414.004060287,2.0503110510838002e-05,raydium_cpmm
3Ceh6Amc9eExC9q18cFwpeLkMM4hZ9Vdbc93Gb7Um3Kx3u1pPG632QGZK1v3wUjQ7auv62syd3o74shLKtiHTZqz,1787411189,2026-08-22T15:06:29Z,6DqwStHBhuxWGutooviZUgVDhT3F4Dy5pAiP2YErRCEe,sell,6.877548026,272064.73273408704,2.5279086917605146e-05,raydium_cpmm
4SWxF6DczFy4W5WkzavW1cZtJ7ydN8wn1gKRYDfoUfcjhcmDDutZNiJ9AJDpSmVGS9S9Kam5BwW9eR1c4pY7QUxn,1787412409,2026-08-22T15:26:49Z,5e96SkPWmHz9cizDSqoqVahvf6QQjRS9xdJA7ueYuvD1,buy,2.515,95038.068905711,2.6463079784324926e-05,raydium_cpmm
5dUx1to5N6H21gnp5ELfMjAEDBm6vSdFsQ5Y2iZ5AiFFJFvMMBREYRhxPQUzvvKj8KPUSVD6SYgUi1NcRYuzkhDi,1787412484,2026-08-22T15:28:04Z,6DqwStHBhuxWGutooviZUgVDhT3F4Dy5pAiP2YErRCEe,sell,0.49145110399999997,18526.828153986018,2.6526456656006984e-05,raydium_cpmm
5CSKhukSXoZzUuwwPHk7zjSPxKQg7w7o56HrqD8jLLYiFjUgFELa3qjB5x3eeL2jM9LgYz9C7vjuKvtsodYAuhiE,1787412668,2026-08-22T15:31:08Z,6DqwStHBhuxWGutooviZUgVDhT3F4Dy5pAiP2YErRCEe,sell,0.49386751199999995,17861.382575511932,2.7650015888305053e-05,raydium_cpmm
488WixcA2U8r9SJCZWs7if16G9zMKb95Gc7ESb5cZ5XsdJT7ZRRS7vbVWWArc8cb7U93sTHZcuhCjRoikYvEYwie,1787412819,2026-08-22T15:33:39Z,6DqwStHBhuxWGutooviZUgVDhT3F4Dy5pAiP2YErRCEe,sell,0.591700554,21998.51516551408,2.689729509233323e-05,raydium_cpmm
5XePTAdLS4f25csMfQT6o9CMUdZMr3CZt1HGXb6S7J7XputYqnyLTJzy5nUFkbBfkn8FcFRm7p54W8GojvYLC9Y,1787413470,2026-08-22T15:44:30Z,5e96SkPWmHz9cizDSqoqVahvf6QQjRS9xdJA7ueYuvD1,buy,0.715,26808.202217836006,2.6670941758425594e-05,raydium_cpmm
3A58ESyKHmn7nwetk5xuBMcQLWHC9QRy5Ks4zkgQb9gRGDdb9PWUctPVbvyDWKadLU8f8EeNqCUsaySkLTneoZqC,1787414757,2026-08-22T16:05:57Z,6DqwStHBhuxWGutooviZUgVDhT3F4Dy5pAiP2YErRCEe,sell,0.691819276,29337.268646437908,2.3581584377794483e-05,raydium_cpmm
51WdXZjrB2uWF9xu4VWpapiURgvEHyqj2ieo3xkVmveMUA5Sye8nUjYxSsawVzLyHaGLwUYbFAMZJmVVwQdVX4yw,1787414834,2026-08-22T16:07:14Z,6DqwStHBhuxWGutooviZUgVDhT3F4Dy5pAiP2YErRCEe,sell,0.9840220390000001,42364.06321585202,2.322775400428997e-05,raydium_cpmm
5G97fv7gJamuFUKF1twSE3uhThEvSwXTmtgxP32RrgjzHoVGAdZVoyh2t6vAM8X2njSgqYTFadjXhgCvbLun9sp7,1787415816,2026-08-22T16:23:36Z,6DqwStHBhuxWGutooviZUgVDhT3F4Dy5pAiP2YErRCEe,sell,0.7868436000000001,35156.45112011605,2.2381201029411604e-05,raydium_cpmm
3jVDmuFfHsnpkg22NHDUyyNRdWvyKB1UohSFUdJkbHiX59L2d5xTiW212ce8GGx8w8YwVkkhqut8fzAKp7Uh9RzX,1787416297,2026-08-22T16:31:37Z,6DqwStHBhuxWGutooviZUgVDhT3F4Dy5pAiP2YErRCEe,sell,0.5835064440000001,24690.759098698967,2.363258422584289e-05,raydium_cpmm
4FHVAefSRVGRXH3J61Vh556dqVucAmdATNdpcwNaSStFah2XfY3qT2S4f42sA59KfCzro1iQVCfUDSMHezMCpM51,1787417392,2026-08-22T16:49:52Z,6DqwStHBhuxWGutooviZUgVDhT3F4Dy5pAiP2YErRCEe,sell,1.574249557,62656.546041212045,2.512506125001759e-05,raydium_cpmm
3vyp518YavGLThi6j4iSFfzBouUNvHSGQwGdoa6H9t2igkobmgop9YyJRqbGJAAFQUpatson7hVWo4snoBRnXm9B,1787419001,2026-08-22T17:16:41Z,6DqwStHBhuxWGutooviZUgVDhT3F4Dy5pAiP2YErRCEe,buy,9.001000000000001,367374.885275534,2.4500858280633914e-05,raydium_cpmm
5VAficVrhzRwwyp2M6j1CthxS4pWUzBo79FsqgRQ6nCUYWBDF1mNu9gBX3uPK2cQ732WcpCfrrnhynoEcaMSvoLp,1787419023,2026-08-22T17:17:03Z,6DqwStHBhuxWGutooviZUgVDhT3F4Dy5pAiP2YErRCEe,buy,0.701,28465.468344651046,2.4626329400679792e-05,raydium_cpmm
SBVtmZAjqk976W5DHvUVuc3CeCn26cEsMuQRTqBxiZdUAWcGAs6Uu19tSmsiDMv4vECtGjyprqz2rqCvNCwF249,1787419160,2026-08-22T17:19:20Z,6DqwStHBhuxWGutooviZUgVDhT3F4Dy5pAiP2YErRCEe,buy,3.001,122158.50426346599,2.4566443557032898e-05,raydium_cpmm
4vMQj6fU3JtFLhGJBgVmeEKfbxJQpEuzkf4opsE1BQMnHSLwrhsxkuhUutnq3Xn5T18BcwtzY1NkoTvbPrHzA14h,1787420993,2026-08-22T17:49:53Z,5e96SkPWmHz9cizDSqoqVahvf6QQjRS9xdJA7ueYuvD1,sell,3.312493817,121846.271123547,2.7185844806373025e-05,raydium_cpmm
21oGJ4EgqYxYC5g64XPrSzZzY7HguQtL8Q5hB9odKahVVJ6KDMd5KH3zMMyFDGzxLuDiRfbvdQmWG7KTuBtv3oMB,1787422573,2026-08-22T18:16:13Z,6DqwStHBhuxWGutooviZUgVDhT3F4Dy5pAiP2YErRCEe,sell,1.67307867,55919.415025917,2.9919459443997715e-05,raydium_cpmm
46FScHe3MNV9CYxXJpEmCJwnBXvHbjzc8Zcrf99kziGnke7s2EXSb5chSWVnuKzPtqnqq6KxhM7iWsiYKzVm1Sqh,1787423085,2026-08-22T18:24:45Z,6DqwStHBhuxWGutooviZUgVDhT3F4Dy5pAiP2YErRCEe,sell,1.9777116259999998,63418.95502685802,3.1184866183342755e-05,raydium_cpmm
3R7DqzDHFUucMMGszRPK3Qn4J9V8mTM3i58wZ7Dey8BUsNPMwyEzVc3iTTxMzqmSzx9KeXnaaKQCNV3WJi8YbWRX,1787423297,2026-08-22T18:28:17Z,2pUUZYtokRgDV2YzL6M5pjb1jyoHE367yU1sdQ7ac3ea,buy,3.00603928,63102.812335251,4.763716811906245e-05,raydium_cpmm
42C9uCxwVRn6UAy9voyn4YCcuwqdM56cpVnphWD9xfTRzNdcVfyYenj28nPDxjzW5wRHgTJhPFqSypYdYDyEEXwv,1787423299,2026-08-22T18:28:19Z,3KEdzpSYJ7sXfHKpVhSF2Qj6ZAjd3Q3dugFCZ4umWvkR,buy,2.0932464200000003,42271.366181904,4.951925166062176e-05,raydium_cpmm
2yn4cao2LAkd4NYiyz21oKjwWUXQgXgB39KqFeBEDJumKvN6oMZL8KGthtfmrPduSKAqnUy4CiqNLyPfw1hL5fXJ,1787423299,2026-08-22T18:28:19Z,Act5xzJ7DhXrdNKbRw1yTzQUmT4hYtAPgFKTP5WzPBva,buy,1.9128321400000001,38583.923684415,4.9575884392821365e-05,raydium_cpmm
5hYrnpHF85NCGPSvxKgFHo1BZDEGxiHssKpc2TXsrcdhNpMvBTM3nPqctTKCvTGjaj6nx3nMWoqq4mgeJ1w8nB9R,1787423302,2026-08-22T18:28:22Z,3xqUaVuAWsppb8yaSPJ2hvdvfjteMq2EbdCc3CLguaTE,sell,2.015139703,37975.678627795,5.306395503160508e-05,raydium_cpmm
4YzxuKyAVHoQ5cu2nij9v5WxbLyAfwZuGShHDwJAFDaaXL9armgGLCK8casiww5aCT12H6FsvFBR29PgAHG5G6uS,1787423308,2026-08-22T18:28:28Z,2pUUZYtokRgDV2YzL6M5pjb1jyoHE367yU1sdQ7ac3ea,buy,2.004,40171.787030668,4.98857568489573e-05,raydium_cpmm
4nrdvYeG5K3RbknTGuV8wZHPJ5dnRpHX1VaTXAKRWtxZzJ8hoRpGZQDiqsQ53s4vMWGNYZVuGvrDP6eXTNbCRQbo,1787423311,2026-08-22T18:28:31Z,3KEdzpSYJ7sXfHKpVhSF2Qj6ZAjd3Q3dugFCZ4umWvkR,sell,0.66637608,14089.046348427997,4.7297458147289845e-05,raydium_cpmm
5BYWB7kK1RTMPent2Rx7DMMtS7sYf9nqyna2Sc1UrqHxH9qo6suWAqM9M4TMzV5p7Gc5oSHxhLS1ACBiPbJCchKL,1787423311,2026-08-22T18:28:31Z,Act5xzJ7DhXrdNKbRw1yTzQUmT4hYtAPgFKTP5WzPBva,sell,0.607957356,12860.021764015,4.727498655571411e-05,raydium_cpmm
27fSUomK9KJqNaxAnLSkepQqJmQQMA4dgQerxL6VwPNYYP31YEGWMiYVUJyoevUwQ5yz8mX8pqsrUKpgFSBSbsGz,1787423345,2026-08-22T18:29:05Z,tronFPfm42zg7TowSTvPw3ya2tU2oYqvwKJ7i2xgBGB,buy,6.00203928,114970.821256171,5.220489176663895e-05,raydium_cpmm
pJ4uvxhAAqjuLu3gneq5tieicn3uxxcdafY4TG8cahCgti8S9fbCDpGWaSmVZt5KgZaLSgEuk8wy6DibUhFjEqe,1787423409,2026-08-22T18:30:09Z,2z2q5gk8TDgqCidzkXkyevXH1aDaVjWL8cQwoRbMF1Jq,buy,0.010039280000000001,162.760616489,6.168126059339727e-05,raydium_cpmm
3awZrz4t8ut1q1nHWCUxq8r11VoqrTYse7EwMbk4at7JB7DyMqfiJX17huYHm7ca22EkdZ5ZqTf7Anu8vrwwL6eT,1787423411,2026-08-22T18:30:11Z,3KEdzpSYJ7sXfHKpVhSF2Qj6ZAjd3Q3dugFCZ4umWvkR,buy,0.26154075299999996,5171.345535246997,5.0574990825382564e-05,raydium_cpmm
4ToBZLM3Seab1eTSQQgr1w2NTr4sC6CUA9GyKyopnHoDhLMEgov311xZmmrAbDMr8HE1dKmfSp39scXA2QhLCSdr,1787423411,2026-08-22T18:30:11Z,3KEdzpSYJ7sXfHKpVhSF2Qj6ZAjd3Q3dugFCZ4umWvkR,buy,0.242921682,4770.578183015001,5.0920805126910996e-05,raydium_cpmm
3NEQiguPCNr2HhGoDngdMaCkevSYnKrPHwfs19WBSzKx7qWtCh15zeZs5AuZuVTCABfsdcvXZT9kfkLLuhYSCRP4,1787423411,2026-08-22T18:30:11Z,Act5xzJ7DhXrdNKbRw1yTzQUmT4hYtAPgFKTP5WzPBva,buy,0.257078318,5049.215955884003,5.091450241901792e-05,raydium_cpmm
PxnJhap9nMaSTDQrT2Eiqaf95PvDyyTSJSJx8ggw8SrafShizZNkyryAhZhxYex9QCbduTqH9GMAQtbwHWeKcJ5,1787423411,2026-08-22T18:30:11Z,Act5xzJ7DhXrdNKbRw1yTzQUmT4hYtAPgFKTP5WzPBva,buy,0.238459247,4714.378164733,5.05812725809418e-05,raydium_cpmm
36tZWN16isqcXy4V7KnnTnHE43LMUt3U2SuGvtrWvpn4inxXFeUL9XmWCFu886vMo6FL6mAuy3wpUkg2aRDZJ5Sd,1787423414,2026-08-22T18:30:14Z,3KEdzpSYJ7sXfHKpVhSF2Qj6ZAjd3Q3dugFCZ4umWvkR,buy,0.228040258,4407.256595942999,5.174199709858448e-05,raydium_cpmm
3WyXJUhN9qV1ePR3xt9FaXTnrK6VQhkftSTY58Qz3x3q7XXri1HKStHumwZD7QhdqaQJb6NKrj3mxM85fWPk27V5,1787423414,2026-08-22T18:30:14Z,Act5xzJ7DhXrdNKbRw1yTzQUmT4hYtAPgFKTP5WzPBva,buy,0.271959742,5255.428290689,5.174834988840565e-05,raydium_cpmm
2ihiZ9GZt46VdoCKSwPnPNLYs3XPZAmuVZkL23LvjbRaUdkmtaYvTN2oU6343tH8871Ak9VZC94XLf9cWuYcSW5N,1787423442,2026-08-22T18:30:42Z,2z2q5gk8TDgqCidzkXkyevXH1aDaVjWL8cQwoRbMF1Jq,sell,0.008584975,162.760616489,5.274602164326532e-05,raydium_cpmm
4tK7fcHrR6PCP9ixeMicri44ngv9gMhQN6GPFqo4HEzQwBoEUDz8iRVqzMe8iZfQJEtyifStuppFQLXv33nzpseP,1787423450,2026-08-22T18:30:50Z,2pUUZYtokRgDV2YzL6M5pjb1jyoHE367yU1sdQ7ac3ea,sell,5.105509487999999,103274.599365919,4.9436255568616e-05,raydium_cpmm
2XxTEwAaQuWuPKSbRnEvtpE8dseogPYcLZDW3MWBbNkNdq41WGABnFUAkr2xSAfQ7Sybzvueey2ZJLHVM3khEaVd,1787423537,2026-08-22T18:32:17Z,2AwjJTdTWCu6QjyZKvF6oVEd9TkQP1WYvVswFvDEySxn,buy,2.5016415260000002,59296.801717821,4.2188473130552664e-05,raydium_cpmm
3QmQicZybKCWDfXptHwcPeQVNgqu9TcC3ozNkLMvgspJg1RP3wFzBpmrDKNzso8BWsgznu3V3VtjTCZp6UiLCj6t,1787423537,2026-08-22T18:32:17Z,2AwjJTdTWCu6QjyZKvF6oVEd9TkQP1WYvVswFvDEySxn,buy,2.621780418,62833.589759403,4.172577801203301e-05,raydium_cpmm
4EdJ3CbQgw73DDjrWfEu4GSM3pmNRcUdg8AHp7KRsPrTY2DeTTYrY834LQpQXAuH6MKb6sye7YsbyEm8FPXemNfE,1787423537,2026-08-22T18:32:17Z,2AwjJTdTWCu6QjyZKvF6oVEd9TkQP1WYvVswFvDEySxn,buy,2.611695175,64052.627057474,4.0774208568472036e-05,raydium_cpmm
23LebctUc3GRauFGVLmjs62yDnM6skt8eHRfG9JZSnk6WdVeyY2MXNfpsMXJVkW7Rm7hTuA9AF6hCsXVthhH6rHy,1787423537,2026-08-22T18:32:17Z,5kidNviTucvoHuFGuPQUikWokMxsLZMncGrS5gK9Cujs,buy,2.274467157,54650.798031091996,4.1618187454573084e-05,raydium_cpmm
ow3RrJd1AkDjrNiaGqWJm3Ssf1NDUg18eivxHAKVkrEqLMz3mGEyFKfLqjLixm2E8hbvegnQkrV4Dro9T6Ghbsb,1787423537,2026-08-22T18:32:17Z,5kidNviTucvoHuFGuPQUikWokMxsLZMncGrS5gK9Cujs,buy,2.65224518,64779.247325705,4.094282180626024e-05,raydium_cpmm
xokxrAE2zvUnR4Jk9E4pvLzqkHicS3New66QgXtoNAaYSNZsnSAPwXYZpzTtwA2WXqFZRDKPSUjU4b5pZuwtTXw,1787423537,2026-08-22T18:32:17Z,5kidNviTucvoHuFGuPQUikWokMxsLZMncGrS5gK9Cujs,buy,2.4124018250000003,57017.66611300199,4.230972590528201e-05,raydium_cpmm
4RnBVy8CRJ9M7BmJwLRJsBqDktSgmGx4jLYM6u47bnragRSbtMD4CqyZce1tzJ2AaMhdCrMKzohkXTrkyh2wsoSJ,1787423537,2026-08-22T18:32:17Z,DenZLNzBtE3L8T1kQFKh8oE7FCXBrdsM9xwCbsnKvdJq,buy,2.56456553,63159.977422494,4.060428193070644e-05,raydium_cpmm
5FJnsDxfMm7ZPQd6W1BhszYG6TYSw9nn5rJecS2oQtUwfqJsQmZNi79sugxoYMb64e9BeDhLRd43wNnVyqEHm6iH,1787423537,2026-08-22T18:32:17Z,DenZLNzBtE3L8T1kQFKh8oE7FCXBrdsM9xwCbsnKvdJq,buy,2.2729184410000003,53648.66157041,4.2366731517000824e-05,raydium_cpmm
FSNgSf21XXqJT6VtpdcXy1AiXGDEhom3AWHhXGJPp1WFVzx1mv56EbKPJ7hoinLiHZWqcPkgzeyRGuFuQRUTd7R,1787423537,2026-08-22T18:32:17Z,DenZLNzBtE3L8T1kQFKh8oE7FCXBrdsM9xwCbsnKvdJq,buy,2.330606765,55771.88227321201,4.178820348187212e-05,raydium_cpmm
3gpJchugiD8JYegbdq1E2TkuMVow8vspz36H2M2maTYk9SkXEqC6yA1FJbNAnwJ5nSnrqRbs11wEu9oP3dasd9j3,1787423537,2026-08-22T18:32:17Z,Hedt6aVyFRvxpQJkrrqgZ3e3JxUNb7ufCVyYXMnHYYE4,buy,2.596901716,62325.444231798996,4.1666798335871915e-05,raydium_cpmm
47RrN5VeJzqN6ijRqMq3RYpaQ5r44VewwsT7oRGokz16YbGz1AGaPUAgS9wS9Uj3TcdFcLniHmZ2dq9E9VZtsrUD,1787423537,2026-08-22T18:32:17Z,Hedt6aVyFRvxpQJkrrqgZ3e3JxUNb7ufCVyYXMnHYYE4,buy,2.2853231579999997,56193.84118805,4.066856989455971e-05,raydium_cpmm
ChE4gqnMWVUszk5WxY9WSGJfJd8eBgG2zbCr32FsHjzvzdkijfNjBvPy4zES6cCTLEtRaZbz4AJCS7h6Tk1pfir,1787423537,2026-08-22T18:32:17Z,Hedt6aVyFRvxpQJkrrqgZ3e3JxUNb7ufCVyYXMnHYYE4,buy,2.6422765150000003,62210.875656209,4.24729034454008e-05,raydium_cpmm
3R9H2dJKgnzM522uBuWmm25eUC43U3kc9aQ3JAEYcQjJH4jcbddvsk7ZbP73wz4KKXf2GbLvszhH54kSeAfSpxyu,1787423549,2026-08-22T18:32:29Z,2AwjJTdTWCu6QjyZKvF6oVEd9TkQP1WYvVswFvDEySxn,buy,2.452090939,57365.51215542201,4.274503698941065e-05,raydium_cpmm
4MUujuC7GnpiPfUADcQdXT615W9m65QgMNAJ522jATZrag4oMwECPMKWmEFiRjDK5DgoMtaQFNXcaDfC5KZ4cZQg,1787423549,2026-08-22T18:32:29Z,5kidNviTucvoHuFGuPQUikWokMxsLZMncGrS5gK9Cujs,buy,2.704802729,63549.407654069015,4.256220205424391e-05,raydium_cpmm
4R3gArjvGEAQhbpjU2CuNSuPz52Ft8bWqs5oG7PvNLDPxXoC9PSQg9WpoWs3UzRQk3axfXPcUpZJbsk5F5JSpaNV,1787423549,2026-08-22T18:32:29Z,DenZLNzBtE3L8T1kQFKh8oE7FCXBrdsM9xwCbsnKvdJq,buy,2.6232333889999997,61797.90426142901,4.244858171731373e-05,raydium_cpmm
4Q8vKi94rNUjk4Pz1AMArjiFTfMvXgD3LN1QnVCv6XrskHSZk9nKMyfzce6E9thwvoKSxaDxFV4PVi6qabtQ5c1j,1787423549,2026-08-22T18:32:29Z,Hedt6aVyFRvxpQJkrrqgZ3e3JxUNb7ufCVyYXMnHYYE4,buy,2.341293092,55074.341359414015,4.251150416345008e-05,raydium_cpmm
5oJ6pDBZgyAyHghw67XSmdfwrDQbrB5X4ZRN6bQBVK51b3bTKxLJbmsNBRq2C84ZTyvB1PzCfdyiExZzVw6LhxZ3,1787423665,2026-08-22T18:34:25Z,2AwjJTdTWCu6QjyZKvF6oVEd9TkQP1WYvVswFvDEySxn,buy,2.546619258,56488.21337645699,4.508231196884293e-05,raydium_cpmm
21cpF8FvuZoSPcgVXrkG3XfxXkkHByfZ83MkhG1ktkKRU8Pjjh7J45mnGwSwDSkxVH9DbHL5jNXgm4xdN3gKDE4X,1787423665,2026-08-22T18:34:25Z,5kidNviTucvoHuFGuPQUikWokMxsLZMncGrS5gK9Cujs,buy,2.4172467170000003,53198.846331254,4.5437953709531527e-05,raydium_cpmm
4vtcFWJiZ8rCw7VPHpz63r2ZYHDU9TLCSzDSjrUjZ4AEyMjjRV8ZB4B4tLJ8qLUBZZyhag23xvZFbW6CtKLJ32f1,1787423665,2026-08-22T18:34:25Z,DenZLNzBtE3L8T1kQFKh8oE7FCXBrdsM9xwCbsnKvdJq,buy,2.365802382,52265.05220007899,4.5265474392780275e-05,raydium_cpmm
31AY4sSrLy1hCjovnhBRb9YG5u9E8hTg3bPBoxztgKaT2gvCZnQLrtE7JgbB27z63bffLt2Mfk7AJe7VveN88YnD,1787423665,2026-08-22T18:34:25Z,Hedt6aVyFRvxpQJkrrqgZ3e3JxUNb7ufCVyYXMnHYYE4,buy,2.509982008,55313.551518565015,4.5377343148135574e-05,raydium_cpmm
dHnXSQVEgSLnVqMJVDVLe81g432MJvjWMST9QKnkZ3UiAkpxLCZyRpuCjw6fJkLuYm5nmw7jLE6hZtu3G4VpJ5A,1787423895,2026-08-22T18:38:15Z,2z2q5gk8TDgqCidzkXkyevXH1aDaVjWL8cQwoRbMF1Jq,buy,0.01003928,204.863582413,4.9004707824356284e-05,raydium_cpmm
2DMhb6X4Fk81gBdNg4XKMwA7QKfnEWJN7QxHQy625U76JLPwF9houffw4tYoebqyUphXSqf6pQWdHfdCDoruytfR,1787423955,2026-08-22T18:39:15Z,2z2q5gk8TDgqCidzkXkyevXH1aDaVjWL8cQwoRbMF1Jq,sell,0.007904832,204.863582413,3.8585833103631136e-05,raydium_cpmm
2UfVaYLVr6LLptUSdLSbwGw1wZE8d57fY1zaLvebWqybJrS9LkSCQosoiKn2kkriDCYm1U7Ez6Fxiq98GmjXvm54,1787424272,2026-08-22T18:44:32Z,2AwjJTdTWCu6QjyZKvF6oVEd9TkQP1WYvVswFvDEySxn,sell,2.918453331,75009.186016644,3.890794562618525e-05,raydium_cpmm
3KJ2G6eBY7YSLYvL3ECPUp2sjNF27Z4xtXq2KXasRnTydtz7o5B94YFj3VnXcPWKrUz9WHXMz6kTXGcfuQ3Qmyg6,1787424272,2026-08-22T18:44:32Z,2AwjJTdTWCu6QjyZKvF6oVEd9TkQP1WYvVswFvDEySxn,sell,2.15775471,56256.889512483,3.835538595714947e-05,raydium_cpmm
3yDZZp11c4W22Md5MCBg4a2aKtK2rsgTpJAKeP66z2TfHrpeUN9ThM7TGHQKCERLzYfv9NuVCd9ahjZ3a8hFzHQ,1787424272,2026-08-22T18:44:32Z,5kidNviTucvoHuFGuPQUikWokMxsLZMncGrS5gK9Cujs,sell,2.124022438,54974.24352283502,3.863668332457782e-05,raydium_cpmm
4EmC93hR9EoAmNasgXbnzarJBjTESp862dLmSHKba8zErgszUjnXVxmiKo3hDEG4zZcAHSTYTbr4o4zSHVRThmTN,1787424272,2026-08-22T18:44:32Z,5kidNviTucvoHuFGuPQUikWokMxsLZMncGrS5gK9Cujs,sell,2.861185506,73298.99136377999,3.90344458056735e-05,raydium_cpmm
3wq2szjeecSQpYQkwH35vY9cTi1QEFqk5xBdppEMK5m7gqGjfDk9eYEJkHCaxvDnso4m2yB9G4B3NvcQv6amrmza,1787424272,2026-08-22T18:44:32Z,DenZLNzBtE3L8T1kQFKh8oE7FCXBrdsM9xwCbsnKvdJq,sell,2.806478556,71660.869431906,3.916333388428657e-05,raydium_cpmm
5d4BU2qPKP4fjC8xHpPqnNwVHwbF71EkgAWiF8fpBabg9ECnL9uDzRNTqMyRvu8XkbvFMYs2Hi5geLs658DvzxXD,1787424272,2026-08-22T18:44:32Z,DenZLNzBtE3L8T1kQFKh8oE7FCXBrdsM9xwCbsnKvdJq,sell,2.0664040839999998,53745.652073929,3.8447837253097045e-05,raydium_cpmm
3wQHEc6vufBDCpSQux8N6SPDnDfY3VxncrnVydJmz5wuk4pZoLkpS3hvirYnYAueD7ZLsQ4oUR2rZkTSs5wvHg5H,1787424272,2026-08-22T18:44:32Z,Hedt6aVyFRvxpQJkrrqgZ3e3JxUNb7ufCVyYXMnHYYE4,sell,2.1115117359999998,54584.63511638201,3.8683261901411706e-05,raydium_cpmm
5ETYnmNKg7p2cFihwQvvoMimR9N8opAw7Bo2V9qkvP2TepKc83nd3QqnzmeSnGHSbDwskeMZAmki9XiAUMvZPX8b,1787424272,2026-08-22T18:44:32Z,Hedt6aVyFRvxpQJkrrqgZ3e3JxUNb7ufCVyYXMnHYYE4,sell,2.836270687,72779.51348850902,3.8970728863800547e-05,raydium_cpmm
2ZB6dUVxqmB3fFRUiJEUznDsKnJjLdcEJxvVWADtuTsNUFdN1PGed8PQyvnsMXqCn7Mjx529ZPuyCyC6oqM4nvg1,1787424274,2026-08-22T18:44:34Z,2AwjJTdTWCu6QjyZKvF6oVEd9TkQP1WYvVswFvDEySxn,sell,6.395430834,168770.66853745,3.78942080956494e-05,raydium_cpmm
4r3ALaoMc6oGNba1N3oExJFb1e8ZvA881gv1WkLax9T33ys6Juc5DwF22hQYN2D7mcuVpkNmEaEuV6xD5eQqUSRw,1787424274,2026-08-22T18:44:34Z,5kidNviTucvoHuFGuPQUikWokMxsLZMncGrS5gK9Cujs,sell,6.226747027,164922.730568507,3.775554167418712e-05,raydium_cpmm
2wKS5gKFbTeejr7dwp1xf5c4k9w1GpfKKcjgHGPpXvjGUy2RbMd6oi9Z3UCtaJ9mTQczZe54oPbrx8TfdzHgfHr8,1787424274,2026-08-22T18:44:34Z,DenZLNzBtE3L8T1kQFKh8oE7FCXBrdsM9xwCbsnKvdJq,sell,6.1550150949999995,161236.956221789,3.817372418351465e-05,raydium_cpmm
5vo4F51VRtUHdoC276xz54ZXdURDeony7jof6FeQUYjaC2aPTs31DYj8LkXdfHduxnL2ycHPicp53oZeWia1bS9C,1787424274,2026-08-22T18:44:34Z,Hedt6aVyFRvxpQJkrrqgZ3e3JxUNb7ufCVyYXMnHYYE4,sell,6.160418473,163753.905349146,3.761997895479277e-05,raydium_cpmm
3hUcss7it3DMwSi2XPZjngeQGKkvuWqaw3VNUA7LQtJib9Wkw7uf1gDaaJDyQdBBo1UwUsYSeZQfjuNt3uyKAdZi,1787424468,2026-08-22T18:47:48Z,6DqwStHBhuxWGutooviZUgVDhT3F4Dy5pAiP2YErRCEe,sell,2.45983461,61890.96059287002,3.974465069594313e-05,raydium_cpmm
46UyXpumeX8b77j9YJzMCu5UKDrud7oHuD3zeEMnRWwyXMbD1VauZKf3M77SzaKo1d9E1stuWKaw7J3oQh7sDN9B,1787424804,2026-08-22T18:53:24Z,2z2q5gk8TDgqCidzkXkyevXH1aDaVjWL8cQwoRbMF1Jq,buy,0.01003928,153.175566616,6.554100123009659e-05,raydium_cpmm
rVivrc1qks2VQWEpRAPmdryUTbYDPhabi1e7XnkvNJCtwB8kRzTV8BWASxXWjMZnMfjVSAf62VDGhcTWYDQu14H,1787424864,2026-08-22T18:54:24Z,2z2q5gk8TDgqCidzkXkyevXH1aDaVjWL8cQwoRbMF1Jq,sell,0.007517266,153.175566616,4.9076142925883465e-05,raydium_cpmm
5zw4afx9hMsRzRJUbrQSWofJdZPfH4R8ipP56jQqyWk1WN4542d82WiRnEydYsYgAPgV9JtnwZCZ6hDS3exfR82E,1787424864,2026-08-22T18:54:24Z,3KEdzpSYJ7sXfHKpVhSF2Qj6ZAjd3Q3dugFCZ4umWvkR,sell,0.6968501850000001,14175.748999222,4.9157909401347674e-05,raydium_cpmm
47ZPuo88QiLUk66uSbLVdNEphYfgbXAqMy2L3khdRzqtMVR9RpCvVi42D3DbKTLMjyK5ZMaMp3ApeW1iA313JLC,1787424864,2026-08-22T18:54:24Z,Act5xzJ7DhXrdNKbRw1yTzQUmT4hYtAPgFKTP5WzPBva,sell,0.667734861,13579.616679757004,4.917184901068567e-05,raydium_cpmm
4SMVtk8chT4ERjxiCWXXomExbLp8ywqfLj3ZBXexVkkBn1RQF4gWgCEewLhzcbgA6YwCXgcv1X88MALnWL7tYosq,1787424879,2026-08-22T18:54:39Z,3KEdzpSYJ7sXfHKpVhSF2Qj6ZAjd3Q3dugFCZ4umWvkR,sell,1.319299502,28355.751148459,4.652669911979029e-05,raydium_cpmm
vG6tjKZirnwTpa2dLmnJNcQsc9ffGkALMvshA4jHeq1sJF4zidUJxEAEoQAGZMF9BfBD14AK9AnkiG6E2mkNMqa,1787424879,2026-08-22T18:54:39Z,Act5xzJ7DhXrdNKbRw1yTzQUmT4hYtAPgFKTP5WzPBva,sell,1.2646285849999999,27163.307651949,4.6556501925466406e-05,raydium_cpmm
53VNPtq2b486HZHtiKkA83xaB1ZCcAo1BbhqggjQqx7DueG7wFReM57V6Rf8LPXQbFf8YTevQCBDWmYC2oS3PxU,1787425572,2026-08-22T19:06:12Z,6DqwStHBhuxWGutooviZUgVDhT3F4Dy5pAiP2YErRCEe,sell,5.925754531,134321.67245510803,4.4116146134053394e-05,raydium_cpmm
5baFwoWmu6eMeukhPMkDTFyuFfBUdmVoMjCWWvgpnWYdvSdBCSJrwS49ioFSPNCz3kqK5rbm2bqLgFwtbNZF6yw6,1787426399,2026-08-22T19:19:59Z,3T4di8HBeLujDhS5hhhA79PBFBYkVCAfJP4qGLf8FdFw,buy,1.695372613,31678.003478782,5.35189224957174e-05,raydium_cpmm
3httjiJsfrkYnpU4sZHyutLpL1Yw4jcVecaiZdg64pM5jTFKyRRenaPxeFbQBopRLA31XyAq7h4THWggkc5yiSq2,1787426399,2026-08-22T19:19:59Z,4E5zARdejTv2nK8gBKoRQbMDHUnnqZczqiDkA1TqtRp6,buy,1.2745392800000002,23741.652201163,5.368368086605051e-05,raydium_cpmm
4JA5vs5GNaGRHXv7EzffTTGtWoAm8nWa1sCrsC9Jo92H7Wk6ybnnwGeZnf7XRYXsxVt6ekqLx2x6josr5SP6sJVp,1787427173,2026-08-22T19:32:53Z,2z2q5gk8TDgqCidzkXkyevXH1aDaVjWL8cQwoRbMF1Jq,buy,0.010039280000000001,119.326772128,8.413267048932673e-05,raydium_cpmm
2Rp3art1bWMTNoai4A9Z5WgVnX3VBG2myBon8DP5MSk4p6GCPNAm6ZWKxVYPZDsY4eNAbH34qwvY51fdc8qr3Uoi,1787427217,2026-08-22T19:33:37Z,6DqwStHBhuxWGutooviZUgVDhT3F4Dy5pAiP2YErRCEe,sell,2.5584833330000003,39331.69499895,6.504889588583206e-05,raydium_cpmm
4MGjbKvhP9p5EnH3wPAvtuTYEG9H8az9ngT7XfHqeSXqhgbQMR9dFKgcma5pin2pM2aC57bpXbspDBSyQobEask6,1787427233,2026-08-22T19:33:53Z,2z2q5gk8TDgqCidzkXkyevXH1aDaVjWL8cQwoRbMF1Jq,sell,0.007704654,119.326772128,6.456768973634296e-05,other
4i3oX64rfqiaFCsft5Kd2zhj7LTy1M1HwyW84UmWjUcosmPaydYcRy43qNGYoB2FKFFadr7QaPRjvU8qDgxvxDwF,1787428737,2026-08-22T19:58:57Z,DHa6wxqgfTsb9v24meJo8tvZtqPBBk2MKTbcVXbmTvur,buy,1.001998805,13815.738488011,7.25258954394304e-05,raydium_cpmm
2Y294zEKUoZoSXbySreJc68vtadt4xFCwtTVai39DZJnzgXuMH5mVtAL9LTx6rDKjUzarbVJjKgUJo9XBpUEibiY,1787428743,2026-08-22T19:59:03Z,DHa6wxqgfTsb9v24meJo8tvZtqPBBk2MKTbcVXbmTvur,sell,0.968330884,13815.738488011,7.008897025955556e-05,raydium_cpmm
2HgVxKeop9bmjnGVh4GmCcbhUZ6k4ZVDERBFDqx5m6qy8oHo8rWgQDSx9upusP6BAByrXTbUnLr1J1ViYemmxb8F,1787428778,2026-08-22T19:59:38Z,DHa6wxqgfTsb9v24meJo8tvZtqPBBk2MKTbcVXbmTvur,buy,1.001998805,13895.456761502,7.210981417869497e-05,raydium_cpmm
3GZfNKD737ru8Qp3wLGk89RnPr2Asp8maetTskXDKDsL8meSFyvK67HydSdYx72yCsxse1AbG6AskGBJoqFTLFMx,1787428780,2026-08-22T19:59:40Z,DHa6wxqgfTsb9v24meJo8tvZtqPBBk2MKTbcVXbmTvur,sell,0.977218722,13895.456761502,7.032649151249416e-05,raydium_cpmm
2QqzZ1qim6gKRPD4p2GSYrjrq3UjoBKyadLN7Xpqz4r1LXdrSqFfiaD6g9SpKEXcpmS6A1PgqpPyHkL6hZTHqXzj,1787428797,2026-08-22T19:59:57Z,DHa6wxqgfTsb9v24meJo8tvZtqPBBk2MKTbcVXbmTvur,buy,1.001998805,13831.72512827,7.244207036417046e-05,raydium_cpmm
7FFQtQL79e4Cd32H7pqbA5VFiCGHGL7VPZ9M1pU1hnv8eFUs53uyLxV552AyfgCRh5rZyCuZsdFQCxwaec7uGfp,1787428797,2026-08-22T19:59:57Z,DHa6wxqgfTsb9v24meJo8tvZtqPBBk2MKTbcVXbmTvur,buy,1.001998805,13796.122416622,7.262901667158016e-05,raydium_cpmm
1HKNms3Avk6BkhG9Q9XdLxML5V6FAWcyVX7g35rhdBh1rYeQXeStAjF41ayouFe5J4YxtDAtxzTpXdsvYkNEFjF,1787428800,2026-08-22T20:00:00Z,DHa6wxqgfTsb9v24meJo8tvZtqPBBk2MKTbcVXbmTvur,sell,1.950347042,27627.847544892,7.059352122277769e-05,raydium_cpmm
5abDQYUPePtKoTKHKJCfRWEHDQqV9sNqSktxPHbgLYpNxPCiNW6z6wbJNj3NSA59kxh6GacAXF6L2YrvZQ5eazdW,1787428946,2026-08-22T20:02:26Z,DHa6wxqgfTsb9v24meJo8tvZtqPBBk2MKTbcVXbmTvur,buy,1.001998805,14987.944892371,6.685364886216164e-05,raydium_cpmm
5mu71AhWu38YwG7tGxoaomGcZMEMPQ3Kfh4grxgUi1UJnfz2uruuoiUkH3DmmruYEy33DZrvSxRJbRTxs9ANwMuJ,1787428946,2026-08-22T20:02:26Z,DHa6wxqgfTsb9v24meJo8tvZtqPBBk2MKTbcVXbmTvur,buy,1.001998805,14981.594895297,6.688198499577278e-05,raydium_cpmm
kPUDjtKn7fXRnezedi1McfCTo4iXNnhJ2YUdhTApnG5JYj1Gdma9Sx52e42KUqz8bqbn5uoVd9NsDD1NFMiGF3z,1787428948,2026-08-22T20:02:28Z,DHa6wxqgfTsb9v24meJo8tvZtqPBBk2MKTbcVXbmTvur,sell,1.969319172,29969.539787668,6.571069112013339e-05,raydium_cpmm
Md7WVQpaazfRvegfCGpkoc2Ly9PA1f2xBRM9e5iKMdNTcfnAyZwKEDsxTP8BT3FsdJ8GgpaoHv2jyRS8fTnbD9d,1787429154,2026-08-22T20:05:54Z,3T4di8HBeLujDhS5hhhA79PBFBYkVCAfJP4qGLf8FdFw,sell,1.781324234,31678.003478782,5.623221284110077e-05,raydium_cpmm
48rKt7kDaKt4SzFfJpW3ep9yNwCzc5sD2WAvGNh7672S4xRzpo98XsGAQXk12TYRCSAFkBhrYMac2FaMbxQ1v9eW,1787429154,2026-08-22T20:05:54Z,4E5zARdejTv2nK8gBKoRQbMDHUnnqZczqiDkA1TqtRp6,sell,1.3335380079999999,23741.652201163,5.616871128853769e-05,raydium_cpmm
SVBX56r39HsfbRRMVi3avQ4b44k7jAkHusrFK7sQaKQit6CKP1kPBaBN9St9CEpF2P2qoAUo1YwuGHQTsr8A8Eg,1787429373,2026-08-22T20:09:33Z,DHa6wxqgfTsb9v24meJo8tvZtqPBBk2MKTbcVXbmTvur,buy,1.001998805,16159.322827489,6.200747492311228e-05,raydium_cpmm
4Ct6NsZvRy1GVdARQNLjEBaJwvBNWZqD2XgiKYD2GLDcmEdFvL9nGFuawHacLjzxadThiQyW7FGTmantWS7ypqXk,1787429377,2026-08-22T20:09:37Z,DHa6wxqgfTsb9v24meJo8tvZtqPBBk2MKTbcVXbmTvur,sell,0.97658499,16159.322827489,6.043477195335862e-05,raydium_cpmm
4X9GCHSqbdgL1daH6BaRSAKLDZHfAjaA4eYYvvrhq1c4GkQ83DtBE4VBZziwRXezRWfsCEvtjr8zFk9u6qX7SQrn,1787433835,2026-08-22T21:23:55Z,6DqwStHBhuxWGutooviZUgVDhT3F4Dy5pAiP2YErRCEe,sell,1.9681653499999998,38684.582251393935,5.087725485077664e-05,raydium_cpmm
2WunWYxgCLHeJUzp1iXa1xi9EZoSKeTagfXaMtFeFKAtYtCAx5UEdQHwQh5H7TXiaoRdxNTMX4DsXd8V7FSQ2cLU,1787434135,2026-08-22T21:28:55Z,6DqwStHBhuxWGutooviZUgVDhT3F4Dy5pAiP2YErRCEe,sell,2.966918552,55362.16146778304,5.3591089533715954e-05,raydium_cpmm
4JfrcUaUdckeGvWxaqUeknnD9qHLyd664iTK4DKgHBmFZHU8uwFm3TBX13GZLYyGjLatZdDrSpsSCiZTHfaq1PDQ,1787435357,2026-08-22T21:49:17Z,6DqwStHBhuxWGutooviZUgVDhT3F4Dy5pAiP2YErRCEe,sell,2.9525492570000003,47518.306067207945,6.213498546905346e-05,raydium_cpmm
5EnURQH7t4fzEmwsQLYAYrq4BtvqU6Q966DrYuoi6JoSKSqxHzhU8Zaz6o9xPghLfZBMs6tK4SX3H65jfRSb93Wj,1787436927,2026-08-22T22:15:27Z,CUkKyTN2GnkLKSucTF24qjhFn6jgSDAUQHF3RzLKhsZf,sell,0.0010394880000001994,11.032952877,9.421666271838998e-05,raydium_cpmm
5WicLFy782CgFgSf5FdBFBvD7cGHK8xugKWtjqisXRzqt8P6bofPtq95h58yCGHSAx5dBHhDkLpPoPtfUFtCk7Nj,1787436927,2026-08-22T22:15:27Z,CUkKyTN2GnkLKSucTF24qjhFn6jgSDAUQHF3RzLKhsZf,buy,3.0000000000196536e-05,0.3169322960000045,9.465744065475773e-05,raydium_cpmm
3oYrHcLinRC1dwVeib8wcMWzSp3v1JbLoatyjuDX9rrujZDqGyhf9pRWcbjY36Rkuz44fxxTu1WuXDYSMtofALvG,1787437259,2026-08-22T22:20:59Z,6DqwStHBhuxWGutooviZUgVDhT3F4Dy5pAiP2YErRCEe,sell,4.923856665,57007.88353731803,8.637150442143296e-05,raydium_cpmm
QhHKJJmNrwwkUBuht6dg2uPjiy3pDj5v2oh8LHYkQBz1aAsQnmY7mbmyGKPFwAbnQ6rhrRa2xpVXj3a6ADtM5kr,1787437388,2026-08-22T22:23:08Z,2z2q5gk8TDgqCidzkXkyevXH1aDaVjWL8cQwoRbMF1Jq,buy,0.01003928,77.345433499,0.00012979796667801725,raydium_cpmm
5oG6AeCBbp7LEYGs8kiJEm1M5j4bLAJC5pdzPyQXsN4mSRY4qGVbkxpLuJd5h8rLvmwQoPCdG36zzPvvcroMnx7c,1787437388,2026-08-22T22:23:08Z,CUkKyTN2GnkLKSucTF24qjhFn6jgSDAUQHF3RzLKhsZf,sell,0.0010278929999998354,9.961350819000003,0.00010318811360797181,raydium_cpmm
vKn3VfEE7pqrH2yvQspr2uqsX9xMZSjETZ3WEhhYiLFBZmHzxeZK7W9o3sR92VBRBeZnrTgeC9YKWcBMPkPhNzo,1787437388,2026-08-22T22:23:08Z,CUkKyTN2GnkLKSucTF24qjhFn6jgSDAUQHF3RzLKhsZf,buy,2.999999999997449e-05,0.29035203200000126,0.00010332285189577858,raydium_cpmm
pQE4hMkg1hmFTfGzZnb5i1Muec1BzTGY9tYNmShK7A44VsttUhBMUTfju9TEqRBUVHN85dVinC5wBdaUYrF7ZuE,1787437450,2026-08-22T22:24:10Z,2z2q5gk8TDgqCidzkXkyevXH1aDaVjWL8cQwoRbMF1Jq,sell,0.007540568,77.345433499,9.749209046837255e-05,raydium_cpmm
3c4A76TYxyAK2DgQ2sEoKyBDHnNzfsFLC48T8WvjRBQD1eMMGgBKXyqXHmWoftHjx23Tqv2vF9nSjfHrr3YCrwb2,1787437869,2026-08-22T22:31:09Z,2z2q5gk8TDgqCidzkXkyevXH1aDaVjWL8cQwoRbMF1Jq,buy,0.010039280000000001,83.385577225,0.00012039588060787692,raydium_cpmm
2RqarTp1Et4pWtrkAKyzQ3zMYcqoX7PBaEUmMjY52fvLt52qSvSE6DAs981xUaZ8Q7JSqasmUpvQ88n8kSvAcNmw,1787437929,2026-08-22T22:32:09Z,2z2q5gk8TDgqCidzkXkyevXH1aDaVjWL8cQwoRbMF1Jq,sell,0.007728306,83.385577225,9.268156745076726e-05,raydium_cpmm
RHa6GY41Q4yMQYBzxbWXQ7ef8e9ECBVFQ5jQqMLjJCav6RYLi5o59NgQ9fmz6t9uJc5Z5hNUHzPLeWkCtJgMbNE,1787437964,2026-08-22T22:32:44Z,2z2q5gk8TDgqCidzkXkyevXH1aDaVjWL8cQwoRbMF1Jq,buy,0.01003928,84.467121664,0.00011885429267893183,raydium_cpmm
2ek42185LdKanFKwkygXaaJtzT4tSech1dy81j52AxRF1wvXcZmzDk3p7tg62LBVs9ed1X2oYLZL1YWSiJMmXTfQ,1787438026,2026-08-22T22:33:46Z,2z2q5gk8TDgqCidzkXkyevXH1aDaVjWL8cQwoRbMF1Jq,sell,0.007639133,84.467121664,9.043913003674433e-05,raydium_cpmm
XPN4scKN6PCjWe9fSRZisGJx3k6fQzzQZ52fjLRkAyAgv7STXRgyBadvr549ZFmhft1pPk8q82QcJLP1s9vvq6B,1787438062,2026-08-22T22:34:22Z,6DqwStHBhuxWGutooviZUgVDhT3F4Dy5pAiP2YErRCEe,sell,3.931759453,42625.30577199801,9.224002929224509e-05,raydium_cpmm
2NXGnJjCfC45qRnpbjQBxxqrHJLdzgiavkxjefuZKMkPRvJzeKUieBeZ3McBu16kxbyrL32HVNN3itoW88CYdV2h,1787438555,2026-08-22T22:42:35Z,tronFPfm42zg7TowSTvPw3ya2tU2oYqvwKJ7i2xgBGB,buy,6.00203928,60257.864527676,9.960590749516699e-05,raydium_cpmm
3SkWvtrsz6zySbC9YYq5iHqFGfmN4jf9fN7Mt8mP3PtYTdtBaUyPR74PibMjDSBbwResicJaM6AEMdbuGWrzsgyS,1787438687,2026-08-22T22:44:47Z,tronFPfm42zg7TowSTvPw3ya2tU2oYqvwKJ7i2xgBGB,sell,0.334025845,3429.623343001,9.739432339754242e-05,raydium_cpmm
4HFQ7HXdYqEREtcvhAJDqRAMRWoxr7JKmiuYyJzoaEhr6hQxrZpdgpzwoys8KP7LizT5PVPXd5GWPyUwS5gmBmxq,1787439192,2026-08-22T22:53:12Z,2z2q5gk8TDgqCidzkXkyevXH1aDaVjWL8cQwoRbMF1Jq,buy,0.010039280000000001,77.444954351,0.00012963116944325978,raydium_cpmm
kaSSgzFpx5x6yaJLPK6jdgDKn7icTgdwuxY3QybDhKqCc6YcgQYBzBADxVpdwM1YRUmTHYrb5JVnj38WejTPHMm,1787439253,2026-08-22T22:54:13Z,2z2q5gk8TDgqCidzkXkyevXH1aDaVjWL8cQwoRbMF1Jq,sell,0.007831569,77.444954351,0.00010112432844243616,raydium_cpmm
3borjKq9qRJGQYMhiKJsCHYnCL3XgQwxC7DdbuyoxNvxPpnWzqsU3opYwEN4vcugdL5HrWAnw4w3Evb9VPN9oGH2,1787439484,2026-08-22T22:58:04Z,3KEdzpSYJ7sXfHKpVhSF2Qj6ZAjd3Q3dugFCZ4umWvkR,buy,0.539671166,4970.188487393,0.00010858162972468521,raydium_cpmm
2sDm393CehdsqpzjdRKKLMPymkhZabgGBYKtVTKpqQEsxd61d83WjScPrcCXd7P2n2onbcWJMZCHfGzdp4oYoHHC,1787439484,2026-08-22T22:58:04Z,Act5xzJ7DhXrdNKbRw1yTzQUmT4hYtAPgFKTP5WzPBva,buy,0.464368114,4292.348941282,0.00010818508009307061,raydium_cpmm
24T37o2nvuswAevi27xDWHA3ESuXrGEvY8JJ2KRSUC6YfH5uGGqNhU4gJJUNJEvntpppSDmdN1KWgAZBkH5L7Gu6,1787439674,2026-08-22T23:01:14Z,CUkKyTN2GnkLKSucTF24qjhFn6jgSDAUQHF3RzLKhsZf,sell,0.001003509999999907,8.994250941000004,0.00011157238180062765,raydium_cpmm
26SaHszknvWu9qZLhkJBpjUwAL76iC41bKAX4mjvuJpXW6coHz8nyN1gU8jNREuvLouFSVHzBJjLJNX9Ldd2UCmx,1787439674,2026-08-22T23:01:14Z,CUkKyTN2GnkLKSucTF24qjhFn6jgSDAUQHF3RzLKhsZf,buy,3.499999999997449e-05,0.2620602150000053,0.0001335570910676914,raydium_cpmm
2zACzJh87vWzaV9r8ALzkmQ9JegwpwLcWCj4Ey91PeKHtVe7tY1JWgfKywuzg2ohCY6rTjFVoPCApygoVCrL4G9R,1787439674,2026-08-22T23:01:14Z,CUkKyTN2GnkLKSucTF24qjhFn6jgSDAUQHF3RzLKhsZf,sell,0.001003510000000129,8.994250941000004,0.00011157238180065234,raydium_cpmm
2FFTa6EAfQvKaNpdd35j21KjzXXCeRdbgesXcG6mqRA6b4RZS2YYetV4St2HdMPCttuTA1drKMjnRSyFsErEhuk9,1787439761,2026-08-22T23:02:41Z,CUkKyTN2GnkLKSucTF24qjhFn6jgSDAUQHF3RzLKhsZf,sell,0.0009951099999998875,8.121031868000003,0.00012253492119899254,raydium_cpmm
5rb1SRa9tYihKsq1q2FwXd986Q4gxCC5uH1m5fyBrxhahNUArmt6EXkFLwQrm9HkaRb8KvMPRajJ3RR7qNvsQJ3J,1787439762,2026-08-22T23:02:42Z,CUkKyTN2GnkLKSucTF24qjhFn6jgSDAUQHF3RzLKhsZf,buy,2.999999999997449e-05,0.24238759499999674,0.00012376871019317178,raydium_cpmm
5cKQiGrzfvBkA1M5L5AoXurJWLi9viTLhAPPPndGu64wfEvYKRFiZHbPjaMoQ1VYXra4XzipCnbjgiNVc1F3Z3iN,1787439780,2026-08-22T23:03:00Z,3KEdzpSYJ7sXfHKpVhSF2Qj6ZAjd3Q3dugFCZ4umWvkR,sell,0.620930447,4970.188487393,0.00012493096561126498,raydium_cpmm
57EW13MFsDFMjHHMN4pLicxaTAeUuJoLrysf9NocZaauVWvrc8BbMfEFU5KCi6M8U8tZwWhPGk1Rn6DWpmdS3Xz9,1787439780,2026-08-22T23:03:00Z,Act5xzJ7DhXrdNKbRw1yTzQUmT4hYtAPgFKTP5WzPBva,sell,0.536013461,4292.348941282,0.00012487648798653082,raydium_cpmm
3dCxxQbR7fSAdqFSpYfz6Qnjgg84CZV7ja9hDnF5D5NSgh6LkvkDnC2Ahz18yeLsQ8mWDpY1JVY5qHstMFyZUXvN,1787439854,2026-08-22T23:04:14Z,5GjQkGJF1NtAsTt9P8Q3Ni6SD2QsSZ1sSnsi8GBqDnt5,sell,0.001006883000000014,7.559231498,0.00013319912219468503,raydium_cpmm
5FWZEEXT76NwLeAXH3tztCp1Kfu9woyrG5BVawnNEMxNTjfZK5JiMsVcsev2ufN2AXFdreXPNCHjqXVEw6YdZrKq,1787439854,2026-08-22T23:04:14Z,5GjQkGJF1NtAsTt9P8Q3Ni6SD2QsSZ1sSnsi8GBqDnt5,buy,0.00010000000000001674,0.748969933,0.00013351670820678556,raydium_cpmm
2u8kr18VXXic9YiR5PsRPc6KcE7vKNTgJWcqYnyz58Ng7XSxL8jNBwwuPB84DdL18BAgqV1dZFgEKnGzjVGHpmTv,1787439857,2026-08-22T23:04:17Z,CUkKyTN2GnkLKSucTF24qjhFn6jgSDAUQHF3RzLKhsZf,buy,3.499999999997449e-05,0.21875644699999697,0.0001599952846188573,raydium_cpmm
5a3yxUceB94LdUSZKci7KZHKv2xqcVRKjmLQd6FzyegR2fnx1txu43Q3xowpb3oyTCMDPZTLFfQcmGt74kRc5RWC,1787439857,2026-08-22T23:04:17Z,CUkKyTN2GnkLKSucTF24qjhFn6jgSDAUQHF3RzLKhsZf,sell,0.0009956479999999929,7.333167440999993,0.00013577325323751513,raydium_cpmm
5zMWYkMSzBqiJv86FE52Pk7KoPMeYRcZpZeVMo53VehZiUDKKxkqu8jn2f9dd7ANmLT3Uz2TBr6jFwVY4KuVL7EB,1787439859,2026-08-22T23:04:19Z,tronFPfm42zg7TowSTvPw3ya2tU2oYqvwKJ7i2xgBGB,buy,6.0,44209.0500629,0.00013571881756027976,raydium_cpmm
58YXyL3akfKY1xW8U2NkcAqgphGFJQ5wpwe1rjcpMJdJX69oqKHon6EfiDttyoxhWrozJbJEvRbZZbJRx7Sg6HNg,1787440093,2026-08-22T23:08:13Z,6DqwStHBhuxWGutooviZUgVDhT3F4Dy5pAiP2YErRCEe,sell,9.878349808,79364.63116526097,0.00012446791049063545,raydium_cpmm
4JFfkSPM56RtE6uVUorEk6yMhesjmKkxVjG1jfKK9RCHTKAxmcBUC2Pbdw9sPCGFyK3atsKa5N2kprsUq4NwntCQ,1787440130,2026-08-22T23:08:50Z,3KEdzpSYJ7sXfHKpVhSF2Qj6ZAjd3Q3dugFCZ4umWvkR,buy,0.229326028,1892.653454206,0.00012116641189139726,raydium_cpmm
4uRWi8juQdT8MAKPmVByMVCEfSAHDMJhoUtysVZhb28p8L6Mknd1z45Hr1k48UCZvKKajFRiySfyg14kRf8pUKsd,1787440130,2026-08-22T23:08:50Z,Act5xzJ7DhXrdNKbRw1yTzQUmT4hYtAPgFKTP5WzPBva,buy,0.27267397200000004,2258.499578876,0.00012073235459078685,raydium_cpmm
5xDJdBKZXTB6ussWuXWbfUBs1LRignU4aPAs31FLqDNofKt75Moueuyem7VcSLqLV8McCFN9TQiMSij3hFuAT4kx,1787440132,2026-08-22T23:08:52Z,3KEdzpSYJ7sXfHKpVhSF2Qj6ZAjd3Q3dugFCZ4umWvkR,buy,0.248319967,2067.4397956149996,0.00012010989027428123,raydium_cpmm
P76fzG1WKdx3Kx9dUapEjeuyZh1HmWC7f9DQasYbKaNCz7sgxF9CDKiY21mZhY6zWsC3Mb6HFDPpETAzMv9t9u9,1787440132,2026-08-22T23:08:52Z,Act5xzJ7DhXrdNKbRw1yTzQUmT4hYtAPgFKTP5WzPBva,buy,0.253680033,2112.413760506,0.00012009012521260722,raydium_cpmm
4yAmtRKWKXULaCwWwSXmJeTEKtuMoPHu93jgcVMgKtcbXKu6U8d91KgwTY4zKWgzU25TixqyQqzKZuFzMTRsvV1k,1787440231,2026-08-22T23:10:31Z,A1igHDVAzKcGUAbVMFV8HrCCSUfcs5YzVfW3i9895pdW,buy,1.169302706,8754.782351852,0.00013356159628030546,raydium_cpmm
5JK3o1mPjZs76Rr53qoKFZWETkW4Y4H1qoVJnq6q2RJgQJMcHJ6jp6N8oq7ZoxEVXohaDjBSLYM3vfCB1fX6gAhB,1787440231,2026-08-22T23:10:31Z,Ebux1vXaJYiugKxnBNgQbsBjbjjFK1K2k1zXjkD3tqDk,buy,1.3042481700000002,9780.576487336,0.0001333508481518196,raydium_cpmm
58bX4qSCQEsoXCVaKSLXy94WqyM3udACJuzMH6SDx7m6iQJ1bgoM8Tje9vDro5v8gDx2AUvf8M2tx7kjayJVYkhz,1787440231,2026-08-22T23:10:31Z,GpNHGPQXQEnrrbL8paxGdEWrNEvdFcZFVtC6ztMoYuYo,buy,1.269760325,9517.283809662,0.000133416250938207,raydium_cpmm
2LdH6JgbE8foUYAvQiqxdWHnDuQE9EeoG2d8RviR3jFWLnEgUGjcEUDX2gwJvrrrk9jst1z9PXvLwngxox2Uj7t1,1787440231,2026-08-22T23:10:31Z,ZZGtLggQHdZ2LgkDtnbJ1eVQMYLpQN7H1fjCGZAw8G1,buy,1.276845919,9566.960686148,0.00013346411267778542,raydium_cpmm
qhZGeciHaTXuw9QvYiXX4WZecD9pAES2x9KyTns44eaHW3jwzQg1MMw2B51ioohGEFatzhDBLiFAzUjZLVfUGh1,1787440236,2026-08-22T23:10:36Z,3KEdzpSYJ7sXfHKpVhSF2Qj6ZAjd3Q3dugFCZ4umWvkR,sell,0.51079358,3960.093249821,0.00012898524044177201,raydium_cpmm
24Mx8w83U8BGq4B2umrt61A7q415765iBQQX5qiDYa4WDyepZ32HJGnQfZ5FkA6drzv2aJGaiuhPxPVQNPRghyZt,1787440236,2026-08-22T23:10:36Z,A1igHDVAzKcGUAbVMFV8HrCCSUfcs5YzVfW3i9895pdW,sell,1.115141732,8754.782351852,0.00012737515190929918,raydium_cpmm
vfF13rmmzXeDGEruMb7Gtx3q6ZZizaAekQonyutMPYahAvwhZe9kjxHp1yctUZ1yCPhuW9x3NDRzbSDnUs76jZw,1787440236,2026-08-22T23:10:36Z,Act5xzJ7DhXrdNKbRw1yTzQUmT4hYtAPgFKTP5WzPBva,sell,0.563876577,4370.913339382,0.00012900657899562155,raydium_cpmm
HyhSakcczyo1L3bFmpmDg8dy3cWx6xKh1y5VauDA2Ra8bNSJxy2F4X5AAbG2W94pPh8ZqTXdEifwt89uukgnqNg,1787440236,2026-08-22T23:10:36Z,Ebux1vXaJYiugKxnBNgQbsBjbjjFK1K2k1zXjkD3tqDk,sell,1.24753935,9780.576487336,0.00012755274207152593,raydium_cpmm
gBNWjd6CPzcU7XrFeXBqYwf5tMcjRkdRbXJL1Zdkwu2xkco2qdFUNwWchKyGmgusFjMhZsrrNP6vqELPzHpm3Mk,1787440236,2026-08-22T23:10:36Z,GpNHGPQXQEnrrbL8paxGdEWrNEvdFcZFVtC6ztMoYuYo,sell,1.2127695600000001,9517.283809662,0.00012742811754429237,raydium_cpmm
5TN94bMt38xKgDBH3BYQrnyggqkSgMEibhYpqd6ua9ZJzRYymGNxAxKwzB7Uk1zFdPJpeFDPbFu1K1zriEomLc4r,1787440236,2026-08-22T23:10:36Z,ZZGtLggQHdZ2LgkDtnbJ1eVQMYLpQN7H1fjCGZAw8G1,sell,1.220526869,9566.960686148,0.00012757728489124037,raydium_cpmm
3RDFXx8h3MoCxtcmwrWaCUAqQhxMRdKC4nuT86AYdJfNQqmUCByv9Jr54EUveR1PSJLiVugsrAsKzUVQwt2rPDC1,1787440239,2026-08-22T23:10:39Z,tronFPfm42zg7TowSTvPw3ya2tU2oYqvwKJ7i2xgBGB,sell,0.4082193,3119.019847776,0.00013088063555962253,raydium_cpmm
hHNEAf8xvJVNfyUJ6u2nGNfF3m6Y81xUj1kdNb9DwKLfA8Fuub8fRHDSGiG85gJGCwbMvPdHNVDPRCfXycdfJRe,1787440303,2026-08-22T23:11:43Z,tronFPfm42zg7TowSTvPw3ya2tU2oYqvwKJ7i2xgBGB,buy,6.0,45179.118976466,0.00013280471456571398,raydium_cpmm
5vpKsQBeq6tgxquovgUGLi8vCw17DhyipNn9kg31QMWRWqbFV9AexNGxCS8beaS46uuZdtSuRm56TMztfrnKbCp8,1787440366,2026-08-22T23:12:46Z,7RyLnk9AfBaWKD56fqDHt9hYHcLTtpZ5sVH4NcwNJ7gj,buy,0.11056428,745.401957258,0.00014832840043339364,raydium_cpmm
31Z72LfmYYSf9ShgioHAxfKeET5Y9DRY5VZ2UPx8kcCuzgvLG13o4MVHNDQ3CZr1vMy5GryZek4KDxUdgMUShWfZ,1787440398,2026-08-22T23:13:18Z,tronFPfm42zg7TowSTvPw3ya2tU2oYqvwKJ7i2xgBGB,buy,6.0,44614.713816225,0.00013448478062002013,raydium_cpmm
58zGr3T6G9k3feMrxf7Ah2HDLeayLKgiqEG6mGjdtSqvpe9ppfUnmsbupwqE2HXPPZYWHNF7LoNcjou1xHyGpSfg,1787440445,2026-08-22T23:14:05Z,tronFPfm42zg7TowSTvPw3ya2tU2oYqvwKJ7i2xgBGB,buy,6.0,44160.564408254,0.00013586782869284494,raydium_cpmm
G4e2HX4iTpKiQL6dUxryY68SVA64dRbZ8XHRUZubsSMXyKof9BnCiLAWqTHbiU6XeVRaqmpatvehgvMC6wLjjpx,1787440522,2026-08-22T23:15:22Z,2z2q5gk8TDgqCidzkXkyevXH1aDaVjWL8cQwoRbMF1Jq,buy,0.01003928,60.847622592,0.00016499050533684982,other
3hCh7hGURfyJ5CXQjNgqDBogNHTAQ26pXdUqUX7XDY2GZZwwYCohj5EfZ2Lq4hDj6tMkqFy3SLiJLMq26hcQhkNq,1787440583,2026-08-22T23:16:23Z,2z2q5gk8TDgqCidzkXkyevXH1aDaVjWL8cQwoRbMF1Jq,sell,0.007821831999999999,60.847622592,0.00012854786541862987,raydium_cpmm
5SxWkEyhegdxedGzH5ESh9TsBkoUCVPfcZWX7xtPFXphhJxEds3Q4i4cVdq3sPYfKNcyTai5yzCYkHmUG5QATKXq,1787440853,2026-08-22T23:20:53Z,7RyLnk9AfBaWKD56fqDHt9hYHcLTtpZ5sVH4NcwNJ7gj,buy,2.533125,19034.956590516,0.00013307752964680292,raydium_cpmm
4SGykKB8nJmJ5MFPHPYsQZsRrsxG174hLoXaLqWogYdCk2A9k7Lj9DtJq4QiD3s8g75codgih5Qjx7LUGYBdhBxc,1787441086,2026-08-22T23:24:46Z,Ahekwy9V7q2tmqJdTX92TAtEHM4pafQbsfc5oLakbZs1,sell,0.148545614,1207.090103689,0.00012306091612053507,raydium_cpmm
4fd4XZ3TQF46iymdiK1XijPsRutf33nopVQMczCqRK7MMDegmvgSKXpV2o3BVcvGE9uM5C1Jw9FJQg2cdHnsEBBG,1787441086,2026-08-22T23:24:46Z,C7PNbARVAHeskaefdcu7fy21dCN3qNANKuT6Cka2av4L,sell,0.166343505,1349.862717448,0.00012322994245998794,raydium_cpmm
2cx6rg6GzeLvVL4XLyAF465B3LgkDSSw6ZJQJ78dhUZGN4GZy1UU6y2VLtZgDq5nvHHskxruihHs9mkHdopHWNjh,1787441086,2026-08-22T23:24:46Z,JAGPLMkgPWRxFJekMU8DRHRurw968GGYHRMEKUWheYcD,sell,0.135978966,1106.437608332,0.0001228979971179702,raydium_cpmm
35XSY3z7PrMHnKHuLtLentZT36V6vZfGCWTSRkQtJzYb7rDFnWf7MKViwP5vsGSSiJMo3wSRnHS5aPEDWjTMoYuw,1787441173,2026-08-22T23:26:13Z,2z2q5gk8TDgqCidzkXkyevXH1aDaVjWL8cQwoRbMF1Jq,buy,0.010039280000000001,62.924301065,0.00015954535577009514,other
3u6P4AtFmPz87PpUYojzmoRVbWasubXtCrDMNMXQCZDdN3ujQphLi62M5ytGe4P9p9oynRmi2AtMgKj1CinLKgWY,1787441233,2026-08-22T23:27:13Z,2z2q5gk8TDgqCidzkXkyevXH1aDaVjWL8cQwoRbMF1Jq,sell,0.008062531000000001,62.924301065,0.0001281306405242628,other
PFSHYLV3pakGNCeftGkt5qKUcZp1X7A7B2EkVTf2zjWhM7pHTBkpX4Pgmojn1VP8NYubBX8kuAed5uX4oeZ1ahp,1787441292,2026-08-22T23:28:12Z,34rTaBgPLXZXuZuP2LjpDdJZKr9NQ2P8iUy4as7fprPG,buy,1.221,9365.363170027,0.00013037401516982283,raydium_cpmm
3XVvSn54KQ5eGDcf74kyWkDnnTh8V3eXX1nns8Q7p537vvtpjWxfP9ZR6aPmM8aUBDPsVEw8y6EhkZ7sRrhA9eHb,1787441504,2026-08-22T23:31:44Z,34rTaBgPLXZXuZuP2LjpDdJZKr9NQ2P8iUy4as7fprPG,sell,1.287771756,9365.363170027,0.00013750366457986353,raydium_cpmm
3mLTXGmSbRXFyxf6QXsw37uaPYCw8Q8kmdfPt5u182e3Q4CUWTji7oBSso2TyCvYgbp46EUqhbX1mRDBmtWyYWts,1787441734,2026-08-22T23:35:34Z,CUkKyTN2GnkLKSucTF24qjhFn6jgSDAUQHF3RzLKhsZf,sell,0.0010055870000000855,6.621726340999999,0.00015186175752594208,raydium_cpmm
5RWADJcjc8AodFLdGmqrXWv9S3Me57iBFq5GznWDv6SuKUuCmDUUHXickMzMkDVgS6zYGCVfVADoBcbcexfL9WCE,1787441734,2026-08-22T23:35:34Z,CUkKyTN2GnkLKSucTF24qjhFn6jgSDAUQHF3RzLKhsZf,buy,2.999999999997449e-05,0.19656225500000346,0.00015262340167991034,raydium_cpmm
2EJssJLkgHdhVgBzMswe7FivRwh8M8D5gfrALjW7cRXhcgddKaF79721Pw6xZdN4q3U2aRFH9zdg38zdyaYXXUv4,1787442214,2026-08-22T23:43:34Z,6DqwStHBhuxWGutooviZUgVDhT3F4Dy5pAiP2YErRCEe,sell,14.745873729,107029.713991231,0.00013777364415089568,raydium_cpmm
2q1AHFPhnysi7396L8qzAxsm1XpfKMcKQvwtasgRuNkETSMgN8wkGxaqmWmehWYjp3C7AGtWiR7MFRGLdjZE3ZuT,1787442396,2026-08-22T23:46:36Z,4iDyxGxPRC66QBNwYqMn74VtVm5Moy1ns4w3bAqYGvRG,buy,0.010100000000000001,69.52631231900001,0.00014526874305743803,raydium_cpmm
4hbAYGevUxC9ss3jaKU4ghjwuKJUsFV4teGVaWbjyCdfJpXrHmuM2bRph5JP3pkE7bZPi8azyntvSRYVLe3zTbMQ,1787442396,2026-08-22T23:46:36Z,4iDyxGxPRC66QBNwYqMn74VtVm5Moy1ns4w3bAqYGvRG,buy,0.01213928,69.502137174,0.00017466052834618696,raydium_cpmm
5AUKvqmkdauRRQLPLMmUieFPAtas7fX9cKxrAcLGbPuCxUgbHiEwJSYMSfLn7USVDCUdJFUUvLxVZEoJidtnJSWZ,1787442396,2026-08-22T23:46:36Z,4iDyxGxPRC66QBNwYqMn74VtVm5Moy1ns4w3bAqYGvRG,buy,0.010100000000000001,69.52611218599998,0.00014526916121787367,raydium_cpmm
ZHr7haVeChy9wFX9nU79VAK3JrTkbrcwM9V2LdeMCdWKNwjWPNtnzzLdj4w6WNCvdwx861HNnmPkBLrk6wuTng7,1787442396,2026-08-22T23:46:36Z,4iDyxGxPRC66QBNwYqMn74VtVm5Moy1ns4w3bAqYGvRG,buy,0.010100000000000001,69.52591205400003,0.00014526957937862706,raydium_cpmm
pSVqiG3iCbrHdrEikvUZoKcFccAk43saLLn5XhYMdBdnuTthqfEemjuUH1Wj7z8QVhjm3fci4JJiG2o4c2ZyY1L,1787442396,2026-08-22T23:46:36Z,4iDyxGxPRC66QBNwYqMn74VtVm5Moy1ns4w3bAqYGvRG,buy,0.010100000000000001,69.21772302599999,0.00014591638612853787,raydium_cpmm
yvHszryjw8Y8LwHc8XQquUa6EcHTz8bUjrMSx1asy9R6WUDbjrZ4kVJaiqBXx9Fqqz8juBTSzSjaVHYBzoRpDLq,1787442396,2026-08-22T23:46:36Z,4iDyxGxPRC66QBNwYqMn74VtVm5Moy1ns4w3bAqYGvRG,buy,0.010100000000000001,69.23846425900001,0.00014587267508156993,raydium_cpmm
3ekvs5PMgrB4cKjkTC8X2PyHF6KjamazyNCh3RtSiKzZdZHWUzYe1ZN5rRnorPeCxwnHjMaFhH8YwrmorTgiyBqH,1787442397,2026-08-22T23:46:37Z,4iDyxGxPRC66QBNwYqMn74VtVm5Moy1ns4w3bAqYGvRG,buy,0.010100000000000001,67.84207757999997,0.00014887515772331696,raydium_cpmm
5aeNNr6KpDLA6XzDSjXNjhuwagzA1wg8jPzFUupUoLMCcXgfwjazgsb7MkptHhiZ1ZrxMyiFeKvR1trvVsimHwEP,1787442397,2026-08-22T23:46:37Z,4iDyxGxPRC66QBNwYqMn74VtVm5Moy1ns4w3bAqYGvRG,buy,0.010100000000000001,67.82493232400003,0.00014891279141646986,raydium_cpmm
S2ZdweiG2MAXtFeBGkUG2if3phsxxJRXFPnvwhMy2QvHwKS1ZC6eg8iPRcMxs9nw5KWQfNfm5zEwgCCXJrducuG,1787442397,2026-08-22T23:46:37Z,4iDyxGxPRC66QBNwYqMn74VtVm5Moy1ns4w3bAqYGvRG,buy,0.010100000000000001,67.82473949400003,0.00014891321478490127,raydium_cpmm
2tCeCYQz3g3kofmMnPicfSHgKqaWDvfyc9bh3R7NAmXZR1iexcYDQeYZ9VXCRk9K75oxDimJYCXMWoBfDjTu3KQ1,1787442398,2026-08-22T23:46:38Z,4iDyxGxPRC66QBNwYqMn74VtVm5Moy1ns4w3bAqYGvRG,buy,0.010100000000000001,67.82454666599995,0.000148913638151349,raydium_cpmm
2XFiUbuJMwtPj9TvUd9EQjZYB7rXajw5v1uWe8YwRGnoh28RDc3wEF7uKMkWZWtJG7Vegt9HWLdBQAkzMxovX2Fx,1787442450,2026-08-22T23:47:30Z,4iDyxGxPRC66QBNwYqMn74VtVm5Moy1ns4w3bAqYGvRG,buy,0.010100000000000001,69.29667402500002,0.00014575014085605674,raydium_cpmm
4kDXNdTWhSCib3GUmpVaMbKWMvARyE3ieqBuesurSQeoKeYCyEXivftTxeLdcryiyiyBrkKxRbJSaSyTsESEzG2S,1787442450,2026-08-22T23:47:30Z,4iDyxGxPRC66QBNwYqMn74VtVm5Moy1ns4w3bAqYGvRG,buy,0.010100000000000001,69.29561476200001,0.00014575236881423251,raydium_cpmm
5AS7hBb8iyBE8PSPbTBUhNx1d7kBezeAeVhQEPqmoTbr68suKtdUYtjMzSC4qgVS8hgx58sk7o12yKvFqTLhb7Y1,1787442450,2026-08-22T23:47:30Z,4iDyxGxPRC66QBNwYqMn74VtVm5Moy1ns4w3bAqYGvRG,buy,0.010100000000000001,69.297165866,0.00014574910638525076,raydium_cpmm
2Who6cj9zHod8L7LfohLRQkfgV8tXi8UF3A6vZ1vKnsN7fjr4o6cUJAS7vxN4gxf5LGFBBq6LX5jJqWnyobA2oEi,1787442451,2026-08-22T23:47:31Z,4iDyxGxPRC66QBNwYqMn74VtVm5Moy1ns4w3bAqYGvRG,buy,0.010100000000000001,69.53639358299984,0.00014524768225065437,raydium_cpmm
3JXQZvAMuVSfGnd6JMrvR222qmwCv2va6RmzC9isMwyKUbzTMTqphCZomMDvgPHvC1Z6bZypxzCbwAYpFsRHRALo,1787442451,2026-08-22T23:47:31Z,4iDyxGxPRC66QBNwYqMn74VtVm5Moy1ns4w3bAqYGvRG,buy,0.010100000000000001,69.60823999199988,0.00014509776430435248,raydium_cpmm
49kktg39e3wZuYWqZPfgQgb97Q2jTyDioT9jHNu9QftbjDKDyvCJK3CSHkK8jajmrYjUat8iTSb7uA9366b6aBEy,1787442451,2026-08-22T23:47:31Z,4iDyxGxPRC66QBNwYqMn74VtVm5Moy1ns4w3bAqYGvRG,buy,0.010100000000000001,69.29541563600003,0.00014575278764549177,raydium_cpmm
4D2E3LPXn9YhGRkmjYt3y9KVBeWoEfwmnEddug8KKjus8KepzVj2Vc7aymV1BSF2bfjGtiVXKHWzjXAT2c6PRhqC,1787442451,2026-08-22T23:47:31Z,4iDyxGxPRC66QBNwYqMn74VtVm5Moy1ns4w3bAqYGvRG,buy,0.010100000000000001,69.29113918799999,0.00014576178308451225,raydium_cpmm
4Wx3QsLSbdFPmhmaYA75YSyY4FifMXsbArjQJ9fx9Drvfs8oSM1QVxBDVUVr9SyVFxsjLF8xnXSjEXmAKMfhUjH5,1787442451,2026-08-22T23:47:31Z,4iDyxGxPRC66QBNwYqMn74VtVm5Moy1ns4w3bAqYGvRG,buy,0.010100000000000001,69.60803951700018,0.00014509818219393043,raydium_cpmm
5Xhzty5HXuwBWxeWS9JYUquoPs7JvZkidg7AWDzpuyDMMZvN9FEQsbMBvsf1fsw79Jrw3wXDpY3cwStRscn7fmxv,1787442451,2026-08-22T23:47:31Z,4iDyxGxPRC66QBNwYqMn74VtVm5Moy1ns4w3bAqYGvRG,buy,0.010100000000000001,69.53619341900003,0.00014524810035460302,raydium_cpmm
4nj69U4mLZbmqUDedWJ8sQP8do6GTBNcFnmV2rqB4TgXdCJxWJfQ8tgoNYf5kSESsEUujjHx9teWZwDGikE54CE,1787442452,2026-08-22T23:47:32Z,4iDyxGxPRC66QBNwYqMn74VtVm5Moy1ns4w3bAqYGvRG,buy,0.010100000000000001,69.56317218200002,0.0001451917686211189,raydium_cpmm
ui2Qee5S6ycx8LNHZmyVXFf7h4QnHnWgUsWFEAewpMLxAsbnmUHxkJkJBDaqCFA9G7sxDTKxUGQtzXoxEjjaEwq,1787442452,2026-08-22T23:47:32Z,4iDyxGxPRC66QBNwYqMn74VtVm5Moy1ns4w3bAqYGvRG,buy,0.010100000000000001,69.53599325599998,0.0001452485184588704,raydium_cpmm
Pd4TUx7TdbWvcQMK9GuN1ByZKUBbJ87wuHxwsqpesF4gXCqti1gSS1ZitWXJbeT2BdCdGZvfi34LQyzNpPcYf3m,1787442453,2026-08-22T23:47:33Z,4iDyxGxPRC66QBNwYqMn74VtVm5Moy1ns4w3bAqYGvRG,buy,0.010100000000000001,69.56297190300006,0.0001451921866432566,raydium_cpmm
esi6Gf1trCehoCsKzrCn4sahGnF7Dbx7RWhP5qowev7S5qmZfdfV8HWt9uUXM7De5ss33jMEwvm5XhME8etJETT,1787442473,2026-08-22T23:47:53Z,4iDyxGxPRC66QBNwYqMn74VtVm5Moy1ns4w3bAqYGvRG,buy,0.010100000000000001,70.31613063400005,0.00014363702764833786,raydium_cpmm
3dBQ2hGewvKqSzp7oFL2xr5L4NXPcTNgMS7vtAExoak2QAF3SrVPSQfd7WFKNcEQUFGVUkBwhKXttZvPoMuCQmvH,1787442474,2026-08-22T23:47:54Z,4iDyxGxPRC66QBNwYqMn74VtVm5Moy1ns4w3bAqYGvRG,buy,0.010100000000000001,70.33083048999993,0.00014360700605456497,raydium_cpmm
4w9688xC4Yn5f5JqmiWFWzQzP8WwSsb3pSdo4pgdSSvnSw2Z5v1GJM5axWsBE4gYLTrRdiBVvEFRh67fguAohoiA,1787442474,2026-08-22T23:47:54Z,4iDyxGxPRC66QBNwYqMn74VtVm5Moy1ns4w3bAqYGvRG,buy,0.010100000000000001,70.29218853499992,0.0001436859516042953,raydium_cpmm
5khne62FntLp324oHwemMC3tbdtofK6ZiyvKqUjhaRQ7C7vjsrC4J4ZqcDHPNDRMA5U9kTCu5sB5i7PzGL9i9sz8,1787442474,2026-08-22T23:47:54Z,4iDyxGxPRC66QBNwYqMn74VtVm5Moy1ns4w3bAqYGvRG,buy,0.010100000000000001,70.37603227700015,0.00014351476878159868,raydium_cpmm
65CJt7cj6CnjPB5HDJhSkYTkUS8H9wGh24FEYdU9HPzcNtPDfme9tyiGx8459fiuRoWoVHTobs5qXamj7uN5hq8J,1787442474,2026-08-22T23:47:54Z,4iDyxGxPRC66QBNwYqMn74VtVm5Moy1ns4w3bAqYGvRG,buy,0.010100000000000001,70.341805991,0.00014358459891251958,raydium_cpmm
286PBtSCMuThNmX45jmt1gsThJriieAY8ma67yFPd6bLgNchejHhxoAaDi8wxchprFcitSCmBKyGWrEh9Wt1m2Dn,1787442475,2026-08-22T23:47:55Z,4iDyxGxPRC66QBNwYqMn74VtVm5Moy1ns4w3bAqYGvRG,buy,0.010100000000000001,70.33270736899976,0.00014360317379808038,raydium_cpmm
2BwPBncaE1U4mr96stDJxN9dtNkUAXD2soxfwbtFA3rHjxus4QhLPi3SB9LiaMasu9hYqKEC66tMdot4SjomcX4k,1787442475,2026-08-22T23:47:55Z,4iDyxGxPRC66QBNwYqMn74VtVm5Moy1ns4w3bAqYGvRG,buy,0.010100000000000001,70.32190188899995,0.00014362523948715738,raydium_cpmm
2EXWt3h7RL1nmNLkVALjjBL7mxBtLWnD48AodTTaX8eFfD3yRR1qGEDxVNpUGfyzYAX5nGoVth6zZDM4sYTSSKcU,1787442475,2026-08-22T23:47:55Z,4iDyxGxPRC66QBNwYqMn74VtVm5Moy1ns4w3bAqYGvRG,buy,0.010100000000000001,70.33250376000024,0.00014360358952192047,raydium_cpmm
4h6coobvVYRg1BoHyntF1e39Xm5uvTMV8P1PgdM1VcQKgVUzT3WVhsfBy7X3pLMik9vYRH7j3Y62V39FMksn2rUD,1787442475,2026-08-22T23:47:55Z,4iDyxGxPRC66QBNwYqMn74VtVm5Moy1ns4w3bAqYGvRG,buy,0.010100000000000001,70.34676842500016,0.00014357447010189336,raydium_cpmm
4jMEsxjBu9cnbcueq7fgDSnmhaUYfT2HM4ee2SJaZGAovsLcE3MQciJx2e4yFp82viPT6USaBtdgUUWZpGDUKgUp,1787442475,2026-08-22T23:47:55Z,4iDyxGxPRC66QBNwYqMn74VtVm5Moy1ns4w3bAqYGvRG,buy,0.010100000000000001,70.34697209599994,0.00014357405442009502,raydium_cpmm
5c7c2KzZjS6rrUNa8qnVwUhugS6GgDEgq5L9CKfBrWCytUMo28uDfTZMi2cJ1WtySHjcTTVE3tuSGkSXcc1fFcL3,1787442475,2026-08-22T23:47:55Z,4iDyxGxPRC66QBNwYqMn74VtVm5Moy1ns4w3bAqYGvRG,buy,0.010100000000000001,70.37293827799999,0.00014352107851602191,raydium_cpmm
5g6bb1xuVxwBrAUhMt2vW66bB54BYJ25jZL11bG47Utdke9rWkBWziwXxStit4VXKcmDYL7Zg9FKNuYDxkJxtcX3,1787442475,2026-08-22T23:47:55Z,4iDyxGxPRC66QBNwYqMn74VtVm5Moy1ns4w3bAqYGvRG,buy,0.010100000000000001,70.32210545199996,0.00014362482373190603,raydium_cpmm
o9sGRFzsLBWEuJoPGmrUFip7CbnCEixbxGbBkywngJjh3MGfffMT5PeiLqYBYXZiMQm7QbFTp1iKwA7yvYkEMuL,1787442475,2026-08-22T23:47:55Z,4iDyxGxPRC66QBNwYqMn74VtVm5Moy1ns4w3bAqYGvRG,buy,0.010100000000000001,70.32169832699992,0.00014362565524277332,raydium_cpmm
5XbS5hqFHKy95CktCJgg9v6BLAWijaiyTTizC849NhSLWBYYwfJB4Tupw9RKxDaDQJBGQtN9Laf8quuGug2bp4DK,1787442476,2026-08-22T23:47:56Z,4iDyxGxPRC66QBNwYqMn74VtVm5Moy1ns4w3bAqYGvRG,buy,0.010100000000000001,70.31763017100002,0.00014363396456107223,raydium_cpmm
27qgDqDyJysBscB7t9U6xrxNAggZ5T4jh7NKZ5e1KoUS1yfdquCMJfnc3d3poAjFbVhhxPN2Pbx7KpvGQKRR1rjZ,1787442720,2026-08-22T23:52:00Z,4iDyxGxPRC66QBNwYqMn74VtVm5Moy1ns4w3bAqYGvRG,buy,0.010100000000000001,67.7983949720001,0.0001489710782116771,raydium_cpmm
2rpFUkcgaykt7zxpYkhsQTNzddbWX6ruejzamDiuAXmwGze2oq4AxP2Lv9z7BBUQ88Dn6Gy7Krodzaj1B8Y83zEn,1787442720,2026-08-22T23:52:00Z,4iDyxGxPRC66QBNwYqMn74VtVm5Moy1ns4w3bAqYGvRG,buy,0.010100000000000001,67.79935840500002,0.00014896896132360972,raydium_cpmm
3mCpTcCiuo1qkZ15F67g8U5t5k4a6XW3YGdSGWJ71kZX3xd8QvMKbZWcmPEvu2yRyuycasUKnRCHV2JNJz78yEC3,1787442720,2026-08-22T23:52:00Z,4iDyxGxPRC66QBNwYqMn74VtVm5Moy1ns4w3bAqYGvRG,buy,0.010100000000000001,67.7985876570001,0.00014897065483276614,raydium_cpmm
3vybdx3hP7fF3Cx1ZhFwdDoZhompaLtLc3MTAJr19mAeWbcM1MZUgCEtCjZaU5V5fbKJHF6LJDrBP8FpVcLABkrb,1787442720,2026-08-22T23:52:00Z,4iDyxGxPRC66QBNwYqMn74VtVm5Moy1ns4w3bAqYGvRG,buy,0.010100000000000001,67.79916571700005,0.00014896938469948626,raydium_cpmm
4JRdkQZJQCSUEyfDQLFDMhBTpFbs77k6i2DAKwYdJu3u8tWNK5WtFNHEUbPELh2WWw73hiByByfwtFzDs56TGHjt,1787442720,2026-08-22T23:52:00Z,4iDyxGxPRC66QBNwYqMn74VtVm5Moy1ns4w3bAqYGvRG,buy,0.010100000000000001,67.79897302900008,0.00014896980807776932,raydium_cpmm
MJRc7J3nxb7Pjubqj9TP3ntcQhj3wNagZcPLCbn4p57kXviN916yG5E2hRosatw7XbzNV8hy3AMCyuNg3gbb95r,1787442720,2026-08-22T23:52:00Z,4iDyxGxPRC66QBNwYqMn74VtVm5Moy1ns4w3bAqYGvRG,buy,0.010100000000000001,67.79820228800008,0.0001489715015907973,raydium_cpmm
RiXBFchkJiwZkPwQTMcnUKXHk3Wnekkppk1UKz9Pi9vPrRDMV97LwW5BaCT6qZCy8sWLwmJ1mLJkfZroV8pZySs,1787442720,2026-08-22T23:52:00Z,4iDyxGxPRC66QBNwYqMn74VtVm5Moy1ns4w3bAqYGvRG,buy,0.010100000000000001,67.79955109399998,0.00014896853794794249,raydium_cpmm
T3mEsvvqi6di2Qxv1XmRcUuU2ha4krCsqY6yjRgYitLXuMmZ4JQsiAoz7owSxoMxUMJ4Pds29BmC82QV5TzKX1p,1787442720,2026-08-22T23:52:00Z,4iDyxGxPRC66QBNwYqMn74VtVm5Moy1ns4w3bAqYGvRG,buy,0.010100000000000001,67.79878034299963,0.0001489702314540655,raydium_cpmm
2w1nD5T6677c8QA9cWyQcvu1SHk6nMCr9yFecKiQES3mLHs9dAFwJLkUJKFsc987Dine1x4g6iZWCEqAdc4bnKjo,1787442721,2026-08-22T23:52:01Z,4iDyxGxPRC66QBNwYqMn74VtVm5Moy1ns4w3bAqYGvRG,buy,0.010100000000000001,67.79800960400007,0.00014897192497232402,raydium_cpmm
3kDmbiTeGc6KSHSUAbGgn8V36U1XrP6zQtAG41JBhHqNvAofTRYaVV128LaXFiEzrWbZ8v9zrE7rC8zzmGBhy5QA,1787442721,2026-08-22T23:52:01Z,4iDyxGxPRC66QBNwYqMn74VtVm5Moy1ns4w3bAqYGvRG,buy,0.010100000000000001,67.79781692200004,0.0001489723483518627,raydium_cpmm
3ArMYL2nW1McVdy8x8ypP18FpcmWrerTeLWKUNKmcezjffz1pqxHczB9mdUrzaVwPtMxv8SG21wu6RA4qNa7T8y9,1787442828,2026-08-22T23:53:48Z,2z2q5gk8TDgqCidzkXkyevXH1aDaVjWL8cQwoRbMF1Jq,buy,0.01003928,48.927834883,0.00020518545371988556,other
5aC4HcbYorGRAcKxsZTvv1V5o5xdQ1hgKThGZToPaeDz6NNkG5LRC88rxyJxc4auGM1zdNV58aChNRvLmJPXg6V6,1787442888,2026-08-22T23:54:48Z,2z2q5gk8TDgqCidzkXkyevXH1aDaVjWL8cQwoRbMF1Jq,sell,0.007841752,48.927834883,0.00016027179659087307,raydium_cpmm
55CAEjRkLqM38n86MmyRKiwPNprxUUxdDtXfsGxCSVUmtif488e6rJePTVgEQrfCe5eEppAzCiJ4fK93BGqDU4bw,1787442971,2026-08-22T23:56:11Z,2z2q5gk8TDgqCidzkXkyevXH1aDaVjWL8cQwoRbMF1Jq,buy,0.01003928,50.384659972,0.00019925270916939947,other
3Zj7QSGum92mfWnFMxLAZ5kMVFYnkjKqxWnvTzbfWBwbSZYc3YNzcfP2PoAxQ4rn9Hz4k8VNG6cVGGKWaFBemYnD,1787443032,2026-08-22T23:57:12Z,2z2q5gk8TDgqCidzkXkyevXH1aDaVjWL8cQwoRbMF1Jq,sell,0.007962572000000001,50.384659972,0.00015803564030053986,other
2Fw5np2XasxbQN7uaf4k6tnA49x8dM4bVSMXqmYa2EwHLhzzpKQ8ZMY2qPjyqyYW8d7HRCbkyQeCCXBfpJn8kRon,1787443145,2026-08-22T23:59:05Z,CUkKyTN2GnkLKSucTF24qjhFn6jgSDAUQHF3RzLKhsZf,buy,2.999999999997449e-05,0.1764434399999999,0.00017002615682382133,raydium_cpmm
3kUvihbe2xtRWm17oQdmTStXCNVdrPMvqUxE4jZZKXUK5FJy3e8WHopGUkiNg7oGy77k1oLsr9RdNWrNeRs3KWUZ,1787443145,2026-08-22T23:59:05Z,CUkKyTN2GnkLKSucTF24qjhFn6jgSDAUQHF3RzLKhsZf,sell,0.0010087930000000078,5.979209933,0.00016871677216622792,raydium_cpmm
2WCXNq5phonrFPRT7WNHXxEX4ZBKLREDWCeic5QsKYyrw1tmgyWfPqZYZ6TyV2p6Ghw6wKaZhsHnGQfs6gg7xvuw,1787443197,2026-08-22T23:59:57Z,4iDyxGxPRC66QBNwYqMn74VtVm5Moy1ns4w3bAqYGvRG,buy,0.2502,1558.4130068680001,0.00016054794133349548,raydium_cpmm
63anV58zJthPb6zBV5pmesB5sQjDC7CbkjWayM9R5DkKDWE6LtHVJ59s5RaAYmDieFxWGAKQ9HuVD4UwNSYmLS7,1787443209,2026-08-23T00:00:09Z,4iDyxGxPRC66QBNwYqMn74VtVm5Moy1ns4w3bAqYGvRG,buy,0.2502,1570.8310939019993,0.00015927874166183866,raydium_cpmm
2ysyhxKyWvS2PHBy8MCioJXdRJRuD6ELpNPbw4vcM5DdWFV3DzXzHwCcRQtnHphqK19QdRSYUoMMy2ZaB5HUDLSh,1787443313,2026-08-23T00:01:53Z,4iDyxGxPRC66QBNwYqMn74VtVm5Moy1ns4w3bAqYGvRG,buy,0.2502,1662.320790283,0.00015051246514062125,raydium_cpmm
V2UxsMCPPby28hD9uz7ucP41korAWiSwrX2P5AFJqu6pWWnuxcgknd7up9gFssouXNUr5aodSpANCytBHUXg48n,1787443324,2026-08-23T00:02:04Z,4iDyxGxPRC66QBNwYqMn74VtVm5Moy1ns4w3bAqYGvRG,buy,0.2502,1699.0028191319998,0.00014726285158715873,raydium_cpmm
2ARhcV8rQqZgoASJpw3tGdcLxsS7hW9SLDJxnZhQD9M68F8o3nJXyEieCFKC3fjHBfGgZEBYZvaAhUtspbCt2GWc,1787443930,2026-08-23T00:12:10Z,4iDyxGxPRC66QBNwYqMn74VtVm5Moy1ns4w3bAqYGvRG,buy,0.2502,1794.5825269710003,0.00013941961221605224,raydium_cpmm
tTkbhVxmpnd913HGqv4wrctpnvqk3KEYuDqivNWscx8SFyocWp19arbG92GjNCFtUmVZsdMSRGGS6T6HGeJ4XiR,1787443949,2026-08-23T00:12:29Z,3KEdzpSYJ7sXfHKpVhSF2Qj6ZAjd3Q3dugFCZ4umWvkR,buy,0.5040451579999999,3776.963724581,0.00013345247525667366,raydium_cpmm
5UGToQ2bKySFpyRPE6Xj7jyNvotKDMc1FMVSJiKL4AycbxBz9KVhNdANTZ6YJgMoetQWCwd4cQN5dL9yJZezJ1F7,1787443949,2026-08-23T00:12:29Z,Act5xzJ7DhXrdNKbRw1yTzQUmT4hYtAPgFKTP5WzPBva,buy,0.49595484199999995,3715.786112941,0.000133472386979631,raydium_cpmm
572rUkx7F24QvbVLTrgZWDzBdPqDpY42wV5TDCrrfWzUV8EbGkzoqW8ekXEuWGcLMifdrAA9ZUN1P9hiD1pjFsX9,1787443950,2026-08-23T00:12:30Z,3KEdzpSYJ7sXfHKpVhSF2Qj6ZAjd3Q3dugFCZ4umWvkR,buy,0.470166261,3525.811396278,0.00013334980467087035,raydium_cpmm
39oJnCAHKjXwocDdX1o8J953fDrfteHQxrBJ7TbBykFbRdM3madWb2K2qsigVyUZs6uE6mnbKUJD6snYJh3UEKTb,1787443950,2026-08-23T00:12:30Z,Act5xzJ7DhXrdNKbRw1yTzQUmT4hYtAPgFKTP5WzPBva,buy,0.529833739,3973.855329523,0.0001333299013337756,raydium_cpmm
25xQBy6vd2CfRz2wqu81AX5DjC9uRXjT6WdKBsyT1PFJw9ithDdfnM6bipg3dnfKscqrtwVA833VbDvZvTd2kWas,1787444162,2026-08-23T00:16:02Z,3KEdzpSYJ7sXfHKpVhSF2Qj6ZAjd3Q3dugFCZ4umWvkR,sell,0.953503927,7302.775120859,0.0001305673406643039,raydium_cpmm
3DxkY9CiuUZA2EgF7ruBXCiiUMXJJn7FM1ezNSRwc1CvE4LWuefNYHZdbRtGzjfmnq5DNBLLZep5GMFzpeH751Fa,1787444162,2026-08-23T00:16:02Z,Act5xzJ7DhXrdNKbRw1yTzQUmT4hYtAPgFKTP5WzPBva,sell,1.003716744,7689.641442464,0.00013052841949915133,raydium_cpmm
5oU8qsDN4Y7zWppbJ6MhMqx7a4tJRhGRVQvxELg2beFe77QuDEyXtpb1o2ptCSrTVf8UfR4xqixgbzyVc5yaZcCG,1787444252,2026-08-23T00:17:32Z,3o7YPX68tAMJdYH6CeqNpvcNe9ZGcgFzBzVsoUQZgSbo,buy,0.320017163,2430.384647415,0.0001316734630217385,raydium_cpmm
5RT1A3hBCg1wRmXXpwYZ5XLv9rYRnJfyrxgeFmvCSUscQL9jxCkwBb5TuRNe1jMfGgCu5gyP7hpDHRdmJbMJt9Qc,1787444845,2026-08-23T00:27:25Z,4iDyxGxPRC66QBNwYqMn74VtVm5Moy1ns4w3bAqYGvRG,buy,0.2502,1889.053517825001,0.00013244727988864639,raydium_cpmm
VPFCf2NfpoaZjwXU1KtrnPQ3nT3aScL2Z7mrR2j22u5eDJEuqWhNwUptSrppyZrnJp2p5cSxDTmbWWhLPxv2ULJ,1787445406,2026-08-23T00:36:46Z,2z2q5gk8TDgqCidzkXkyevXH1aDaVjWL8cQwoRbMF1Jq,buy,0.10203928000000001,839.084808627,0.00012160782670701375,raydium_cpmm
V3Q6854vzQZwQLKxGJ77gAhccpjYVU4mWCaMmKHUEmnL3qhrU5y5q2BYWaR7oZukqetgKGwp8YfNackmSe38xS5,1787445417,2026-08-23T00:36:57Z,4iDyxGxPRC66QBNwYqMn74VtVm5Moy1ns4w3bAqYGvRG,buy,0.2502,2055.9597827989983,0.0001216949874668151,raydium_cpmm
QqjDfMdjRxC25MhFXy5xtwJQVoCsk3STRnixdVvcXhsT2d5MdnReuaLtRQU9s1UkZrarFV4bmJoeG3xXYAkSJxo,1787445418,2026-08-23T00:36:58Z,4iDyxGxPRC66QBNwYqMn74VtVm5Moy1ns4w3bAqYGvRG,buy,0.2502,2056.3243853740023,0.00012167340998316948,raydium_cpmm
4LFLryVm6qWxf53B9QcxgJtnm4xWnRNs6SVEAVVgAoGbjZGPmp66Hg6Bo7oXYqi7Fyru3nqvWBKocstj64CzNgoi,1787445466,2026-08-23T00:37:46Z,2z2q5gk8TDgqCidzkXkyevXH1aDaVjWL8cQwoRbMF1Jq,sell,0.101894935,839.084808627,0.00012143579999586855,raydium_cpmm
5jCxWou53uqgbGTyCfXetq6MYtKmWosFa7KM3gSg7jo99ZLmLH1YN3LaNQ7zfbSSsTkpo7pjmVxeEBettUyXEzSz,1787445791,2026-08-23T00:43:11Z,7kjxRWRMGGcRVPugDhCciUy11Xye9HuNmgffWRaDnAiS,buy,0.712237964,5875.558562589002,0.00012122046889890243,raydium_cpmm
2AEzBBpvUuPoVBrWxf6VaMU5auEXhr7yNxSThS9EJ8jSMK9jATzskxiEc3ExJxkPkYmw6gsstjBVG6d9xFK42sBa,1787447513,2026-08-23T01:11:53Z,6DqwStHBhuxWGutooviZUgVDhT3F4Dy5pAiP2YErRCEe,sell,5.90447636,48253.00203232301,0.00012236495370888627,raydium_cpmm
42QjAvxUL4Sv7LCE96UzYvbFmXKHvCpVx3Wy3JtezaaSceVGh9htm9L54CgKhkYHbCFJMJvUrDCehTTCKaLVjee4,1787448265,2026-08-23T01:24:25Z,4iDyxGxPRC66QBNwYqMn74VtVm5Moy1ns4w3bAqYGvRG,buy,0.5002,4517.439035817999,0.00011072645276095593,raydium_cpmm
2rAUGzaQmNdNgWBQ57yAqS4aNZ3Wm7oHoha8gaQPRNCAHDhU3iy1MAUfay76sKjnoQ9vJ6Sp8qasAPQ4ttGnb3EH,1787448328,2026-08-23T01:25:28Z,6DqwStHBhuxWGutooviZUgVDhT3F4Dy5pAiP2YErRCEe,sell,7.908779391,69815.691860385,0.00011328082813840337,raydium_cpmm
4UVCohvnYRMZqbpVhdoD9zq2mLfpmMLMpstKdjyVKcPxCe92fgygpP8PWugmnDfPTNDqD5sPsEsWpL2EfZWUxtBk,1787449510,2026-08-23T01:45:10Z,4iDyxGxPRC66QBNwYqMn74VtVm5Moy1ns4w3bAqYGvRG,buy,0.5002,4903.156827565999,0.00010201590885036136,raydium_cpmm
4tXbVeY7se1FjPfuBf2f6efXbii6A72tW1zMWexNFBnu3DR5vxDCr94Kd8HVbwJwA43GtEzM73ucLLkTUThfoti9,1787449541,2026-08-23T01:45:41Z,7kjxRWRMGGcRVPugDhCciUy11Xye9HuNmgffWRaDnAiS,sell,2.8156503920000002,27575.821395455,0.00010210576691884401,raydium_cpmm
3KnYvDb1femkjksWRruVraArXM4N4tnVKDsubvTG6FGPo3SXPth62GVcVBKam3xZVkf7ynarMVxr6iyHs3EVzxJe,1787449618,2026-08-23T01:46:58Z,4iDyxGxPRC66QBNwYqMn74VtVm5Moy1ns4w3bAqYGvRG,buy,0.5002,4927.305637392001,0.00010151592712335852,raydium_cpmm
3BYS8RLbZu8PEWas32RaHpS95wJMrEVs5Vphcd2bxiLBRT9tvp7VzQfCzoiM99YQg58eXQ1qPPKn1f3kJznKBx4E,1787449638,2026-08-23T01:47:18Z,4iDyxGxPRC66QBNwYqMn74VtVm5Moy1ns4w3bAqYGvRG,buy,0.5002,4997.022164768001,0.00010009961603266633,raydium_cpmm
6K1CuiW36w2pu5b9jspfEHWFJ9RzQC6wA73vjgRCxbX4eBoQnoMrbWveKWNkKLe82Zb46KmCcPk7du1dvDYMpoq,1787450223,2026-08-23T01:57:03Z,4iDyxGxPRC66QBNwYqMn74VtVm5Moy1ns4w3bAqYGvRG,buy,0.5002,5084.962005784997,9.836848327105268e-05,raydium_cpmm
4S6MXMMao3AntMt71Z8SozF3ZjRc2eYGPjCZ5UhZx6dNr1Q5kGCHQDEu6NSehterpZVEhSTgrdrrAiNAcvhG2oMn,1787450274,2026-08-23T01:57:54Z,6DqwStHBhuxWGutooviZUgVDhT3F4Dy5pAiP2YErRCEe,sell,4.9173074,54291.497412829005,9.057232963403304e-05,raydium_cpmm
2rY9MrMtvSD67e9DWP9i7cL7i5h7D6AapwXWsHuphdBrpS8BGghrmddMH5Q8C6k3FioVd5WBobcM9GzstHRhHnKT,1787450535,2026-08-23T02:02:15Z,2z2q5gk8TDgqCidzkXkyevXH1aDaVjWL8cQwoRbMF1Jq,buy,0.010039280000000001,70.792996327,0.00014181176840753502,other
4zU2wypfQD1SM2ofN5QXWWwwjueMJ7wMmE736TnUa9bXnExGrp2yfQnyjDFJPJgRcMbX47HQ4Y6VDd71vjHY9wZ5,1787450539,2026-08-23T02:02:19Z,7kjxRWRMGGcRVPugDhCciUy11Xye9HuNmgffWRaDnAiS,buy,2.9011408139999997,25599.881744897,0.00011332633653974999,raydium_cpmm
5StqjzVZyX7R7XW5AgtqadcxLjiVRLUw7eu9Q4n7bZCY1YWyCnD3zaJQpDR3jeWD4MgFwKFVjFzoushCRfMkLmvo,1787450596,2026-08-23T02:03:16Z,2z2q5gk8TDgqCidzkXkyevXH1aDaVjWL8cQwoRbMF1Jq,sell,0.008104038,70.792996327,0.00011447513766145212,other
45pAuWiLE8KDNecyUQiHNiHf8ZSvhwA4LAuShKFiqwRzvRGFrsk3cwZ5SVSxJR6Vbmir4Atn9MqdYR4DNWJLociK,1787450784,2026-08-23T02:06:24Z,2z2q5gk8TDgqCidzkXkyevXH1aDaVjWL8cQwoRbMF1Jq,buy,0.01003928,72.602418738,0.00013827748681801775,raydium_cpmm
XLmmzWyAQCVPymEbwxNxKwHco4eSiQrCG6fqtQuGvbEEsfbW96RoB9q7MvmhzJs8QAs4DRNJP5MhTabzDGqP5UE,1787450845,2026-08-23T02:07:25Z,2z2q5gk8TDgqCidzkXkyevXH1aDaVjWL8cQwoRbMF1Jq,sell,0.007773942999999999,72.602418738,0.00010707553735990244,raydium_cpmm
4u89jToGMhFm3Y9UEFNTpDykeeJgf1srfz5uALGc6pyk5XnC7zdbdVNm35PmtbYxkTMzT2GMdRVCQxc9PtmsY5FJ,1787452068,2026-08-23T02:27:48Z,3o7YPX68tAMJdYH6CeqNpvcNe9ZGcgFzBzVsoUQZgSbo,sell,0.298547852,2430.384647415,0.00012283975391201585,raydium_cpmm
2cXWcxFQ4jJCG3VZ9i7fjdQjKJ5y3q5DaG9N4z5hxWP7A4PXdrDXCtxdrbKGT32HQRvtMWYVh3RCFjLUYX45EfGZ,1787453424,2026-08-23T02:50:24Z,6DqwStHBhuxWGutooviZUgVDhT3F4Dy5pAiP2YErRCEe,sell,3.272057315,29976.21072552599,0.00010915513454853409,raydium_cpmm
5vR12dUytLZfdwVrbKxq7KBfK7jUcDVpeq61TEM4gPjtUrkyHmj6bGCbNHx3Axrqfs7R3RpXuuJmfGkX2vwgEh2q,1787454233,2026-08-23T03:03:53Z,4iDyxGxPRC66QBNwYqMn74VtVm5Moy1ns4w3bAqYGvRG,buy,0.5002,4854.606121632001,0.00010303616554412551,raydium_cpmm
5stTK3Aeh1KfD2kGjuRXbug8T2UyqrjjYQ2ZDq9UHnDaofyzmLYTZGhznwERCqLDi9G1iV8VpY6sBAEn9mNPwZjM,1787454367,2026-08-23T03:06:07Z,4iDyxGxPRC66QBNwYqMn74VtVm5Moy1ns4w3bAqYGvRG,buy,0.5002,4984.691019607999,0.00010034724279446637,raydium_cpmm
Ryh8xCbLu5CmX53XvbsToWP4HxnsSw2UXrp5CBSEe1hEQyQ3p5TV6pnAYS5wczNGVsyfUiiU8RKKmcxGhPdVtgd,1787454565,2026-08-23T03:09:25Z,4iDyxGxPRC66QBNwYqMn74VtVm5Moy1ns4w3bAqYGvRG,buy,0.5002,5108.2861744699985,9.791933789846795e-05,raydium_cpmm
2cumaLgqZXKQW2zQ1gadJJcwwaEmZHAYXpLrfjHErZf9sYp577UmkgTB6ZJvYAeN92L1ev3hBTm1vmdRWDtYsCFt,1787455172,2026-08-23T03:19:32Z,2z2q5gk8TDgqCidzkXkyevXH1aDaVjWL8cQwoRbMF1Jq,buy,0.010039280000000001,72.100600016,0.00013923989533751679,raydium_cpmm
4NS4cjCio3n14w1a1ytqytMdtT3fBpKSCK1yNF6ksKVgYEWvduSsrzwTS7w8ZCw6G2xS4tPgSF2ewArtEs5Qsrnz,1787455234,2026-08-23T03:20:34Z,2z2q5gk8TDgqCidzkXkyevXH1aDaVjWL8cQwoRbMF1Jq,sell,0.007863374999999999,72.100600016,0.00010906115896754008,other
GT6oYFktuYhmb1qgobUAsSXAaqVbpre8d39UvjCjxiUUR1nHgWrmMauNwvVkV13EScvxRU6Xt4NqhtQ54Zxy2zA,1787458459,2026-08-23T04:14:19Z,2z2q5gk8TDgqCidzkXkyevXH1aDaVjWL8cQwoRbMF1Jq,buy,0.010039280000000001,63.633922191,0.00015776616707464082,raydium_cpmm
3nR6wkrdBkZ73dSArUotSupVT8Ut4VwcsCPP2iXAw8oKzL95de6aNeNfFAszUvfMnn2eKEp2puL4oxEMopRG4WHs,1787458520,2026-08-23T04:15:20Z,2z2q5gk8TDgqCidzkXkyevXH1aDaVjWL8cQwoRbMF1Jq,sell,0.007953565,63.633922191,0.00012498938814626303,other
3soxAqmr8LT9o1UBNXbghtyRHR73tiQs9QCsJXrFEH7HdK8KaiDLvG5VVL7Dv2h1otxsbDEiPXGwfDbeCVg6nLEm,1787461709,2026-08-23T05:08:29Z,93u5BsWsPxuLRzcDqwecZV9TiXEV7qNavef6fscPnSb5,buy,0.007586056999999999,42.112048959,0.0001801398219161868,raydium_cpmm
5ok9pd1ZGYGiLP3iYLt1iGFxnp7fEJSRePGnfS6khpF8rMcsqNp9fLvuBUTVVi28B1CRfago7sKXZbTyDDyAPAyQ,1787461709,2026-08-23T05:08:29Z,GEPiePuVYQcbShk7ACa2YASeLuRHqvcSZpS89keWZecG,buy,0.007292503,39.710064288,0.00018364369664855275,raydium_cpmm
4bm5NC11Ag3vZh9NL3ottLNfDQQgHneRm5fE8UJ2ZfZwdRMmFnC5dD9wZdeJgFuuNcuHBRTawvUNbHjPwEoNNFVR,1787461710,2026-08-23T05:08:30Z,93u5BsWsPxuLRzcDqwecZV9TiXEV7qNavef6fscPnSb5,buy,0.004931864,37.080585796,0.00013300393977411262,raydium_cpmm
LgKLgrAQEopesj8maor2x3voM6dxr63BtyXvVjhSCZ8wMe4eqdxgmJKYLnjfpa2b4nvZ9wBb8jvfDm3Nqwyz2Yu,1787461710,2026-08-23T05:08:30Z,93u5BsWsPxuLRzcDqwecZV9TiXEV7qNavef6fscPnSb5,buy,0.005567941,42.28495637499999,0.000131676640520124,raydium_cpmm
24Vir9f2JGx8KJYm7PfZ2RLs8aYggwy69Xi82rzWEerna8QN6RhEzZccKWJ6AtrMgfmHE6aicz8iAeFfzPp5eCPK,1787461710,2026-08-23T05:08:30Z,GEPiePuVYQcbShk7ACa2YASeLuRHqvcSZpS89keWZecG,buy,0.005868136,44.741274866,0.000131157103090492,raydium_cpmm
24Xkx5zL98fWPUwSp6oKFzxfUtMLhYyb3VmSHkzaADqpEMhPpWFvDczGyzA753g5YrfFUJJ6SYRGwTZZqPuiigW3,1787461710,2026-08-23T05:08:30Z,GEPiePuVYQcbShk7ACa2YASeLuRHqvcSZpS89keWZecG,buy,0.004997304,37.615790614000005,0.00013285122865768192,raydium_cpmm
5FveKbvfoqKRDQbET38odk7RLvsDrTv8gDpLjh9FYeCJuFx6nNXht6KAQrLxq6fWvvGLUMEbaVCxi9CQLnHvVgma,1787461710,2026-08-23T05:08:30Z,GEPiePuVYQcbShk7ACa2YASeLuRHqvcSZpS89keWZecG,buy,0.005232059,39.536651702,0.00013233439795144137,raydium_cpmm
3RBwSwjXjnfJKihfiAr8BeQCtENUj6dBjAzbYD7j4Cdhwv8FmmXMHFSTuPkZMpNhXQbhHnqdEaRzrpLrxD9fJQUc,1787461711,2026-08-23T05:08:31Z,93u5BsWsPxuLRzcDqwecZV9TiXEV7qNavef6fscPnSb5,buy,0.005076044,38.253830263,0.00013269374504726834,raydium_cpmm
FsZwa6NgoqXi2fNNLEf7p3aRZA3k5FTLN3wiWbSF3Xw7KEQiMLm3yjF4ehBAjFnJ24EF8Pq6dMepF4U464LWqXk,1787461711,2026-08-23T05:08:31Z,93u5BsWsPxuLRzcDqwecZV9TiXEV7qNavef6fscPnSb5,buy,0.005802696,44.200177048000015,0.00013128218906676445,raydium_cpmm
xBjj3A6xQ3ytNv5myN3546cvzsz4kDxpr418ZNmuxLzciszfRabELWagWhSAyzCh91JGAFcM4TcsUdqkcMjxR3v,1787461711,2026-08-23T05:08:31Z,93u5BsWsPxuLRzcDqwecZV9TiXEV7qNavef6fscPnSb5,buy,0.005591583,42.47289587399999,0.00013165061823399042,raydium_cpmm
2T1fCdTSvoinKTrb36DiA6EQ6KsRwhGUtCxiktvCHo9rvDg8rD2kseeQF5T1GZJnQ7X9j1XRBASg1i9a2aQ65N12,1787461711,2026-08-23T05:08:31Z,GEPiePuVYQcbShk7ACa2YASeLuRHqvcSZpS89keWZecG,buy,0.005208417,39.338234586,0.00013240088313097844,raydium_cpmm
4TNci4kMa3GtVSPMnwqnWchMqr2KWN9W553Wjx5QDwzHPXTBwJgKGoRrotVzK47FZFXvFRDF35J4Hf4M45aoqnAc,1787461711,2026-08-23T05:08:31Z,GEPiePuVYQcbShk7ACa2YASeLuRHqvcSZpS89keWZecG,buy,0.005723956,43.55578578500001,0.00013141666249013578,raydium_cpmm
4So9WMSWdrKPRS1BVSZgRij2o1acNUAjuwmKMwNTMcGa5Azve5YBgnT8AHqwCEgUyYQHNU5H6kRsmRXm4cxSfAan,1787461712,2026-08-23T05:08:32Z,93u5BsWsPxuLRzcDqwecZV9TiXEV7qNavef6fscPnSb5,buy,0.005060683,38.128050118000004,0.00013272860753009986,raydium_cpmm
bFJvQifRxR9t7UwguEoqy3b37wEhjNoghM3Uqwe9JxCQDyiQZd1DsN8CU57Canat5wazULUvmUrSaGTd1zU7WWY,1787461712,2026-08-23T05:08:32Z,GEPiePuVYQcbShk7ACa2YASeLuRHqvcSZpS89keWZecG,buy,0.005739317,43.679876682999975,0.00013139499091657734,raydium_cpmm
2mLNT1hJwQLeKCXD8bh2BwHmRXTyMcyrwyBJWR78jYCgZyWK8aDD71GGDJin2LG6kdTYJYDiPmUAiP5oJ9eq2dPx,1787461713,2026-08-23T05:08:33Z,93u5BsWsPxuLRzcDqwecZV9TiXEV7qNavef6fscPnSb5,buy,0.005797815,44.15687833700002,0.00013130038214548972,raydium_cpmm
YScv6KTcort7QfScUhLidCdfUdYBKGSvJEAroDKKEWHNxMHcZ8dmMQSTK8n9pn5TbFqzKG9VzZ6oqvUy2ysHrZ3,1787461713,2026-08-23T05:08:33Z,93u5BsWsPxuLRzcDqwecZV9TiXEV7qNavef6fscPnSb5,buy,0.005121279,38.614761203,0.00013262490406394447,raydium_cpmm
3qK9jL6bb17z6mow93y2WyScX7UNo3drDu8uMBtG956phpNieBhY13PgZUEDGRZqFqaGzJb4v42AcfPHMndUsrNT,1787461713,2026-08-23T05:08:33Z,GEPiePuVYQcbShk7ACa2YASeLuRHqvcSZpS89keWZecG,buy,0.005002185,37.648165198000015,0.00013286663436829936,raydium_cpmm
4CNm2LnxPGU7XWzWrRfRK4DaDsM69C341KbqzCPPqpmJtiaZaUpsCJaUkFzuSc1XwkYwgDfRs1dWYSrLV4gUSH1H,1787461713,2026-08-23T05:08:33Z,GEPiePuVYQcbShk7ACa2YASeLuRHqvcSZpS89keWZecG,buy,0.005678721,43.17394502999997,0.00013153120466647344,raydium_cpmm
3JppJivEiPQABXZBD8VxncXBXaofFW6dP44iYynjARQCGxZcVLx3LKWJtErM4AuthRr3P3uSwTyfejPmXArikuM1,1787461715,2026-08-23T05:08:35Z,93u5BsWsPxuLRzcDqwecZV9TiXEV7qNavef6fscPnSb5,sell,0.043379283000000005,367.304183973,0.00011810179380692476,raydium_cpmm
5ob4VRop9sfa8sTeZmVJyJD4tWLPCfixBkxTsc8U1g9ayqcoFDXb4Mqsb4hbdD7zegUq1LeBifG2Hw5CVtBXYPnB,1787461715,2026-08-23T05:08:35Z,GEPiePuVYQcbShk7ACa2YASeLuRHqvcSZpS89keWZecG,sell,0.043580774,368.999788752,0.00011810514620454182,raydium_cpmm
5o9SUc2m5eRpeRnihXH2n7xWxJkgogCtGoW8GusMg7YsF5LnGJrAJhP2qnF1AZjo1XS4MLPX9GaanK4LQZW9tEzj,1787463215,2026-08-23T05:33:35Z,2z2q5gk8TDgqCidzkXkyevXH1aDaVjWL8cQwoRbMF1Jq,buy,0.010039280000000001,61.830473711,0.0001623678325177372,raydium_cpmm
2PLZirecRh6UV8nYtTd7dLJ8N6Z5gJhkVPCYxuHxji2ET3xFSCLnBzJMoTFJH5FDuCSkdcbffk3vRse2oSqgF4y8,1787463276,2026-08-23T05:34:36Z,2z2q5gk8TDgqCidzkXkyevXH1aDaVjWL8cQwoRbMF1Jq,sell,0.007887148,61.830473711,0.0001275608535180417,raydium_cpmm
3fFK7kRLY2QbHnNm57xuCsAke5nMXkgjzLbYLWaq4z3hR1rQ1T69t6fSXYQgry2VBWWbdSLioykiK6h3LPer4dUp,1787467788,2026-08-23T06:49:48Z,2z2q5gk8TDgqCidzkXkyevXH1aDaVjWL8cQwoRbMF1Jq,buy,0.01003928,52.10224595,0.00019268420807874983,raydium_cpmm
mSjtF4CoPiynHikwrXHXfvgU5NmeRJiBC3qyMVNYBYxx2MrbCuNLrDmAM3DSVQ5akz5t4TJ54o8vo4Px3zegyYP,1787467848,2026-08-23T06:50:48Z,2z2q5gk8TDgqCidzkXkyevXH1aDaVjWL8cQwoRbMF1Jq,sell,0.0077238689999999995,52.10224595,0.00014824445394181706,other
23KpBddSYTDs8f7egpbWQMmR1SGYjLdiGDEaZnUnxaLsWNLxd9hhAXcKibYkwtH1eAqdNb2GZv74NMEBYYFFzJ4o,1787470687,2026-08-23T07:38:07Z,CUkKyTN2GnkLKSucTF24qjhFn6jgSDAUQHF3RzLKhsZf,sell,0.000995018000000047,5.398933283000005,0.0001842989990510031,raydium_cpmm
4fvmtjLETYd4gi6SFvMCVcgMsuzeec47zXScjbhyosfVGrQfwQUbLB73WFnxuS1MK41A7SaJFi3G6tNfWZZfCG6p,1787470687,2026-08-23T07:38:07Z,CUkKyTN2GnkLKSucTF24qjhFn6jgSDAUQHF3RzLKhsZf,buy,3.5000000000196536e-05,0.16115321900000623,0.00021718461609007749,raydium_cpmm
BPMEapGc6mVwGiUmmCDM3pxwLswNsuaCJRcoXdrMLRUKEyifHsqRBcDwcbUvBoXi6FV3ZbkFFN5nGqbfLrDCUe4,1787470904,2026-08-23T07:41:44Z,CUkKyTN2GnkLKSucTF24qjhFn6jgSDAUQHF3RzLKhsZf,buy,3.0000000000196536e-05,0.14003967300000397,0.00021422500751051943,raydium_cpmm
N7oriyN438Zf5RhaVn1VAjBV4PW1hvT2nkSSt9Ziw3oVxz9mCGQVUPMaGEa1uh8xw1hXG29XBpBQiXdLmPdosZD,1787470904,2026-08-23T07:41:44Z,CUkKyTN2GnkLKSucTF24qjhFn6jgSDAUQHF3RzLKhsZf,sell,0.001039182000000194,4.875155277000005,0.00021315874899469235,raydium_cpmm
5c4yqk9ydkvdvwQkfAbEQKW5idGpPKMn75VmmSh6Fz57V5nL9izWVCiKVgNcdxTY2xGumLGTG6HjQLapG5AfcRjj,1787472742,2026-08-23T08:12:22Z,FwiYAjHmzpH2twsMxTnkj4WDPrXFNYqTQMn8soTMYGGB,sell,0.045856369,236.00867035,0.00019429950997984597,raydium_cpmm
5MJWeqH8VYajps7148YAqwWbU762pBQVx18wEjVYCsFRqcY4rFkEWTqma52wMuFKunJFgC4cVEr4LvscJo2XD1Ry,1787473830,2026-08-23T08:30:30Z,2z2q5gk8TDgqCidzkXkyevXH1aDaVjWL8cQwoRbMF1Jq,buy,0.01003928,40.02804899,0.00025080612853521937,other
NkyEzmFnGhcEG451imgWTBkAuzFPrWMjqgYAPhy3kh6TyVddjZkHt4tixwT6tFQ72E7Mv9qFXYNbSu6N9VPN5ND,1787473890,2026-08-23T08:31:30Z,2z2q5gk8TDgqCidzkXkyevXH1aDaVjWL8cQwoRbMF1Jq,sell,0.008014391000000001,40.02804899,0.0002002193762179664,raydium_cpmm
2e9yYT1uMabmmoAK9tdAdAQoSuAsW6td8aFK2nXimD7MfzGDhQrWKACFW3KoFHShMH3HDTX4Q5VMqGYUCAjMxoD1,1787474675,2026-08-23T08:44:35Z,2z2q5gk8TDgqCidzkXkyevXH1aDaVjWL8cQwoRbMF1Jq,buy,0.01003928,40.077570587,0.00025049622152637294,raydium_cpmm
5JnEQt2dXWD4HzEQy8eoi8n49D3ChqiMh5BUPmxMQyKAu29hmvNH46rdFmfB9RFkxa3py2WBkdj9f986BupbsWjd,1787474735,2026-08-23T08:45:35Z,2z2q5gk8TDgqCidzkXkyevXH1aDaVjWL8cQwoRbMF1Jq,sell,0.008038574,40.077570587,0.0002005753812484702,other
2XNpyHBYy5XpCX9A7sFZw2xBnhRfFbB3FMcjXqT8F91DpFZfaqBbtR44YS6ogVvUKViWikp6M3Z9bBS7cK5f8QSg,1787475303,2026-08-23T08:55:03Z,rAHF9X8b6JfP5DvM3b1RhuJVco1NZ9RHsxJvdSVWixf,sell,1.991985925,10000.0,0.0001991985925,raydium_cpmm
5tBLJ5EQoqKNFBLDYLyB1KbEpA7At2HcrEp3o1VZxZoYfeuz91XbV4qvAnrCNZNyXevXqBDFML4cTLWaLyB7KqwZ,1787475325,2026-08-23T08:55:25Z,rAHF9X8b6JfP5DvM3b1RhuJVco1NZ9RHsxJvdSVWixf,sell,1.991985824,10000.0,0.00019919858239999998,raydium_cpmm
49RjCyJnhZC817FHmLufLFR69fVYB1kWYR2bZnPpK2ZU4bDPRDx4TbPr52BTtxZ6FQF6bgy6bUhyDQwRoKKcv7qX,1787475504,2026-08-23T08:58:24Z,rAHF9X8b6JfP5DvM3b1RhuJVco1NZ9RHsxJvdSVWixf,sell,1.994893733,10000.0,0.0001994893733,other
HKZ9SqwdtDJYjhFDuTRNXu1B6SLuJt4RZhiYuXAY5ng2D56hmBKgz1km4VbykBAWPBmRanM65boSM89EVhYykk9,1787480384,2026-08-23T10:19:44Z,2z2q5gk8TDgqCidzkXkyevXH1aDaVjWL8cQwoRbMF1Jq,buy,0.01003928,37.957626069,0.0002644865087650748,raydium_cpmm
MyLLZnU5SL6qunpj56WzVz5pzeFgjB7pnndhM8pUen24zmkoB27eBtWsjojeb3Woj63wX2h1BpdNXWFr6avJ2xH,1787480445,2026-08-23T10:20:45Z,2z2q5gk8TDgqCidzkXkyevXH1aDaVjWL8cQwoRbMF1Jq,sell,0.007828591000000001,37.957626069,0.00020624553774171913,other
2pyA8X51J4FEpqRbNXoQrMoKR26gD2zFg1eXZco3FCbi2V2wWF3Vk5ukasCMcRYqJ4xLxjtCtLMGsV53E5skUyst,1787481944,2026-08-23T10:45:44Z,CUkKyTN2GnkLKSucTF24qjhFn6jgSDAUQHF3RzLKhsZf,buy,2.999999999997449e-05,0.1311439649999997,0.00022875623746753852,raydium_cpmm
5bozWpkc7zVMLiZfhAhcwJHSTJ2f4hKq7vYmDs2HY2zZde5Gbb7XSRxXNtDVK8ZDCAFRSykgUZSFksroG5qGjKis,1787481944,2026-08-23T10:45:44Z,CUkKyTN2GnkLKSucTF24qjhFn6jgSDAUQHF3RzLKhsZf,sell,0.0010021069999999188,4.4016437170000025,0.00022766654105364935,raydium_cpmm
99XDYZ8RCK8BSTjnVoJSy3iWPzjr8zjPEvWNYpocQSNcEsEsaqwA9di265KNmfVuxYCdFdxtimBEqHwsRmk4GnJ,1787482208,2026-08-23T10:50:08Z,7RyLnk9AfBaWKD56fqDHt9hYHcLTtpZ5sVH4NcwNJ7gj,sell,4.685801975,19780.358547774,0.0002368916601629206,raydium_cpmm
2kX9QxSNXMy8o5nZ88jtoy2nZYNjvmPdLCMeAvhzNyyiCvG9rALJmFoxHpHtocCdEtNw6FAui6o74wyPuztT7wSL,1787482398,2026-08-23T10:53:18Z,CUkKyTN2GnkLKSucTF24qjhFn6jgSDAUQHF3RzLKhsZf,sell,0.0010008080000001307,3.9745937409999996,0.00025180133246733525,raydium_cpmm
6Sd2dnY2uZ27jJ2pMMJWpf6CVqpZHcjwgKZtbJVWcJPAW9FtT9G3BEzgjvBjvQ6MzsKM1defVnsgprPKcro7e8J,1787482398,2026-08-23T10:53:18Z,CUkKyTN2GnkLKSucTF24qjhFn6jgSDAUQHF3RzLKhsZf,buy,3.499999999997449e-05,0.11854602500000055,0.00029524397802435236,raydium_cpmm
5Y8t9TMaKC4NKwuxRCTFftDyy6kQLFTqXGo8sUD3XdSjWw1NMWfr6z3ReY16PPKpHT9Cw6tDfuVm2ByKFDapP7mz,1787483982,2026-08-23T11:19:42Z,CUkKyTN2GnkLKSucTF24qjhFn6jgSDAUQHF3RzLKhsZf,sell,0.001001527000000113,3.588988969999999,0.0002790554689278171,raydium_cpmm
h64JFUZoojuK2XcRs18FjdCQvEbKUf4zddrf4EAFjaEtQd2vXRFfPC1E7TR1SMrTR7M3k95RhPCeGebUDUiFJxA,1787483983,2026-08-23T11:19:43Z,CUkKyTN2GnkLKSucTF24qjhFn6jgSDAUQHF3RzLKhsZf,buy,2.999999999997449e-05,0.10734145999999711,0.00027948194481401033,raydium_cpmm
2Ksb1oZ1CF9i3f2es6X1BD2Ko5VipDAYji5kVSjaFHX8SC5JxYmooKmFXGeL1W6hxedUaqLHD7RkGvC3xo94QiRB,1787485356,2026-08-23T11:42:36Z,CUkKyTN2GnkLKSucTF24qjhFn6jgSDAUQHF3RzLKhsZf,sell,0.0009982449999999304,3.2408242190000003,0.0003080219513750586,raydium_cpmm
66oJytYFuNfM4HeUQPoyXTsSWos6dESi1QFqXiYY7nCbqDBwxDYuSeJNYe5WsyfMGwVoNhAaG4RAu3WmwzEZJGbx,1787485356,2026-08-23T11:42:36Z,CUkKyTN2GnkLKSucTF24qjhFn6jgSDAUQHF3RzLKhsZf,buy,3.499999999997449e-05,0.09642661600000224,0.000362970323463116,raydium_cpmm
3vhQb7GQb4a4XEGHEvRismWVsVhz5LNTDdZS9ju7MsTXPVmmpwUsFym1qbP7pQxHikQQcPHrHsjYDsrWj2aPrWh2,1787485478,2026-08-23T11:44:38Z,rAHF9X8b6JfP5DvM3b1RhuJVco1NZ9RHsxJvdSVWixf,sell,1.2060165729999999,4087.1203540090064,0.00029507733282604047,raydium_cpmm
2nmputQwxiiYpHKnz2YqpQnSsw84iVfdjPBUYwviT7Es9KovU17YyT85TRtant3YSZb3oqcHzEQEDoCAuUo6Vdpa,1787485499,2026-08-23T11:44:59Z,rAHF9X8b6JfP5DvM3b1RhuJVco1NZ9RHsxJvdSVWixf,sell,1.451555819,5000.0,0.0002903111638,other
2ttxtu9iADZritXWC6P7MmAa3BGS4bznX35NJdYV3DEBRYAyYcsWUqdvNogiNzBzRMztyKUekHnJqCiaVGzmY1vN,1787485514,2026-08-23T11:45:14Z,rAHF9X8b6JfP5DvM3b1RhuJVco1NZ9RHsxJvdSVWixf,sell,0.287055788,1000.0,0.000287055788,other
uEouGTiNvUK8FZtdZSA8zBH5d25WHaC5v7VSPBFFHvQgJSDjr5PP5Pprk8GVtXYtUX12bdxRYwyXEvRXfwuLC9p,1787486428,2026-08-23T12:00:28Z,4iDyxGxPRC66QBNwYqMn74VtVm5Moy1ns4w3bAqYGvRG,sell,0.919899003,2842.3947967159984,0.00032363519806003676,raydium_cpmm
2GLvDFMX2egqcUKHSCnQnDpG5WzoLLWu7h238bDo7d7BAgDSauzSzJXv7oNHDFEeMwzoqgBqyLRkL3vJs9r4ADhJ,1787486437,2026-08-23T12:00:37Z,4iDyxGxPRC66QBNwYqMn74VtVm5Moy1ns4w3bAqYGvRG,sell,0.858412803,2700.2750568799966,0.0003178982825519426,raydium_cpmm
8YWaaYHRxyLxHfqdiFdpurouRvKDhZurW8adrZ55PTrqFovzWSJx2mif45ctzP8PMQjyRgnSnhiB9NEXPcCVbbR,1787486439,2026-08-23T12:00:39Z,4iDyxGxPRC66QBNwYqMn74VtVm5Moy1ns4w3bAqYGvRG,sell,0.818001972,2565.261304036001,0.00031887666598058194,raydium_cpmm
RaQ5rEHEMUWCKPfW2y4ysRKCcV7acCUk3mW2nUEU2mM3daDozZjtAHJ39BpYJazqftmtE2cjDyJ67ZYiRN58Au9,1787486442,2026-08-23T12:00:42Z,4iDyxGxPRC66QBNwYqMn74VtVm5Moy1ns4w3bAqYGvRG,sell,0.776544861,2436.9982388339995,0.00031864810102265144,raydium_cpmm
244bHMU4kYZTahQAsVDEdpbG1PGtDkdi8YhmBM16eqMakLLF2UtKWejSSmZFh5QpFV9L3jHQ3f8MoxMjJobkTSCD,1787486444,2026-08-23T12:00:44Z,4iDyxGxPRC66QBNwYqMn74VtVm5Moy1ns4w3bAqYGvRG,sell,0.738131449,2315.1483268930024,0.0003188268502824587,raydium_cpmm
iNvMtG2gHskKA6hhpQHu67nQHBTZv2VAd4bqfhvNZAaoacfR89qSvMFiYAGKKAs9KFNv4votmkW4BhpYXdYuyf4,1787488030,2026-08-23T12:27:10Z,FqMb2ipgYRb8r3gKuXmzF6DbjYDVLnAZEiyBs69y6aGh,buy,2.00263928,7139.410051456,0.00028050486882898466,raydium_cpmm
4JNxWuiQwrbVp3zi4qBd4w8hQxVv2dnuk3XyB3HB2ggUwkijwXu9t9i5FxKqGG5ZitKxvoHVAxr94fyxfKFCM6Ui,1787488035,2026-08-23T12:27:15Z,FwiYAjHmzpH2twsMxTnkj4WDPrXFNYqTQMn8soTMYGGB,sell,0.091594385,330.551893989,0.0002770953265300245,raydium_cpmm
3BoiJf1wSK1eCUu46MtwiybANGd6rEKhCUSnpAFpq4jxDo3FR9PXEdbGg5epGTS2vNi1fSotLcEvGbUVVgwZTrCW,1787488253,2026-08-23T12:30:53Z,FqMb2ipgYRb8r3gKuXmzF6DbjYDVLnAZEiyBs69y6aGh,sell,1.862397337,7139.410051456,0.00026086151706893284,raydium_cpmm
2Pe7JVdYmy6jCsfLMcQSZKzRcWATHKqrdTGm8GcVoBv9XVWbrKhpLenRVUakPPHC6KrnXYr1evvAj7wzDp4jr48e,1787489470,2026-08-23T12:51:10Z,Ahekwy9V7q2tmqJdTX92TAtEHM4pafQbsfc5oLakbZs1,buy,0.257540617,876.731147355,0.0002937509609154087,raydium_cpmm
4jDtAYjig5TwTow4EocD4oLMPpZwJzuVMcoJLxTBnNGh6mfzvhzWCbquNk9xzKkAo3ndMEsaf64DmEevfFW9YU6Y,1787489470,2026-08-23T12:51:10Z,C7PNbARVAHeskaefdcu7fy21dCN3qNANKuT6Cka2av4L,buy,0.211870241,726.493544569,0.0002916340311402137,raydium_cpmm
4GAg8Vqs3UmhhJ45G9h4yLERMTZyg5U7djEtJkJdXeJTixcHs7m2MKaBxqaLroyVuCTbF7LruJScjWCbwGdE8x64,1787489470,2026-08-23T12:51:10Z,JAGPLMkgPWRxFJekMU8DRHRurw968GGYHRMEKUWheYcD,buy,0.238414233,810.881880154,0.0002940184493390346,raydium_cpmm
4t1i6EUaQQE2Nvya3xVzNtscUHirSx6sgJ4AvsDaRdtqDrB1EFWgZhnAZ9zFF7VKn47FcNzvjs5yd7zPoFrMzcDb,1787489471,2026-08-23T12:51:11Z,Ahekwy9V7q2tmqJdTX92TAtEHM4pafQbsfc5oLakbZs1,buy,0.178598008,611.676257985,0.0002919812656916622,raydium_cpmm
4uVf22G8dT24fMkZhMHtyVt5T2iRXR8kDttqosVZgYRxai1CaERxgqraNWc3tVaUjWRtumuVt226EKNrVd9jrdWc,1787489471,2026-08-23T12:51:11Z,Ahekwy9V7q2tmqJdTX92TAtEHM4pafQbsfc5oLakbZs1,buy,0.188544576,645.577459694,0.00029205569861340735,raydium_cpmm
4FxMwXUzgPdDGKbLUy9dcEoXQr3c8ua6WMjWEQrUwgR7ejXJbtwKTYEh8mmsT6uBWgEWtovGkQKB4b6hrMa9BzXD,1787489471,2026-08-23T12:51:11Z,C7PNbARVAHeskaefdcu7fy21dCN3qNANKuT6Cka2av4L,buy,0.199702721,683.8778965230001,0.0002920151711516584,raydium_cpmm
4RKRb3wFSGWabDwLeSsJRZnfsWnvi5mrRoYEKm3kCHAUxnjeJwxX95mGhwGP6z8cwV6hnxsDxAjTMUw6zrMDQe25,1787489471,2026-08-23T12:51:11Z,C7PNbARVAHeskaefdcu7fy21dCN3qNANKuT6Cka2av4L,buy,0.298843823,1025.925138659,0.000291292036561871,raydium_cpmm
2Mg1KMHxK69RHk5ehM9Qx4L9bpLgoZCbxVKdU5dbH1zcn8PkUrEYxuWi4Gz9zMSxHr4TDhfxG66BWEkCmusxsNGk,1787489471,2026-08-23T12:51:11Z,JAGPLMkgPWRxFJekMU8DRHRurw968GGYHRMEKUWheYcD,buy,0.271476164,931.604826395,0.00029140699608708794,raydium_cpmm
45ZJdUExGZJKuDRdn3FBsd22HejyQ7pgpoYqUEaZ1D9UP7KTVyVd1tcHBSStnaUwfUUSbihCoSQ1XrNSnAwrJSi5,1787489471,2026-08-23T12:51:11Z,JAGPLMkgPWRxFJekMU8DRHRurw968GGYHRMEKUWheYcD,buy,0.28431114700000004,975.1222300239999,0.00029156462466556885,raydium_cpmm
3J4x16hdWUEJaepcogP764M73duwAbqMmLDjpAz3AusoQfKn454HbVBq5ywTk8Pd84by1G8y8HmSLyThRshiCWYn,1787489481,2026-08-23T12:51:21Z,Ahekwy9V7q2tmqJdTX92TAtEHM4pafQbsfc5oLakbZs1,buy,0.326007021,1074.4507252140002,0.0003034173772232027,raydium_cpmm
39g6uEDdcBxbbEuogz2x2Y4rSMpZX7XJv9CWFLpzfCx4mmmqoJNEMHPS65hoNNFSdeFhC9u9QzhuUkhCFaYhoLEW,1787489481,2026-08-23T12:51:21Z,C7PNbARVAHeskaefdcu7fy21dCN3qNANKuT6Cka2av4L,buy,0.16743756899999998,550.257208812,0.0003042896418594789,raydium_cpmm
2QFytcGKthuNnDTHv7WEBrQYoGyBBZxWW53YwW8f34WZSaxqPrd4uUSNgo4mFhGceEnyFYujfSfqqG4DTUQqRS8C,1787489481,2026-08-23T12:51:21Z,JAGPLMkgPWRxFJekMU8DRHRurw968GGYHRMEKUWheYcD,buy,0.286295674,943.0714618780003,0.00030357792126365545,raydium_cpmm
5J43Bqdr9dV6qaJUmDY1DqwdBvTKXyGHVH2BHKufWmE3dQEsyiRvB8nVok3uLAPqQH6cSQKutLX8XUTAGifyKLGn,1787489500,2026-08-23T12:51:40Z,2z2q5gk8TDgqCidzkXkyevXH1aDaVjWL8cQwoRbMF1Jq,buy,0.010039280000000001,26.230520746,0.00038273277519779825,other
3M5RZhG1aua4yJzcMTM6bGScafksUi9GxdcJRTvBSVbVngbWEhMgEm9WbZZgEehfcCM47WGXDgpCCo2kdjXYjKyK,1787489561,2026-08-23T12:52:41Z,2z2q5gk8TDgqCidzkXkyevXH1aDaVjWL8cQwoRbMF1Jq,sell,0.00807861,26.230520746,0.0003079851169646314,other
5o3kSHYVTQ3fzp1ixcCPodJPMAzwnQTikH9sX7exXMCtZVAsXC5QLVEkxLcCX3TB79dSd5G6StAFsLBrsR1SQWpn,1787489647,2026-08-23T12:54:07Z,Ahekwy9V7q2tmqJdTX92TAtEHM4pafQbsfc5oLakbZs1,buy,0.27408866200000004,833.3709090570001,0.00032889156439375205,raydium_cpmm
c2PF6C8mabgna4A9FZKUC9iX1UTsTALDmPfRdHoJN2GDVQqh3MEyepyasfCX2GMqEHM9aeSixNVyRajEMgmF8Aj,1787489647,2026-08-23T12:54:07Z,Ahekwy9V7q2tmqJdTX92TAtEHM4pafQbsfc5oLakbZs1,buy,0.32323864500000005,983.2245496159994,0.000328753635297493,raydium_cpmm
8zcdZPkrFbsvbmKuufT81q6CNsoax9ydxwK4ABvvxqEUEm5Ek6bvzi7npd5kxnCcbFsJJXth5kUJw8ifitjMZHG,1787489647,2026-08-23T12:54:07Z,C7PNbARVAHeskaefdcu7fy21dCN3qNANKuT6Cka2av4L,buy,0.33063435900000004,1006.0590123929996,0.00032864310634577706,raydium_cpmm
WNvdZC95xDNgcTYMwKkV6oq9irU5ksCCxXLGcXpcTuDcZifb13namEtteinquj3NCMwPSpmhk6bJ5g5VKVEALcw,1787489647,2026-08-23T12:54:07Z,C7PNbARVAHeskaefdcu7fy21dCN3qNANKuT6Cka2av4L,buy,0.246650609,749.5762488119999,0.00032905339435569827,raydium_cpmm
2ut6PFtfx9wHKFg5QieR3E3JpvW7Dv3kVuxQFARLzJWeGPqU1AdSqKTU5YRj49jR4kKyn17siM3yAkZF9pJ4UNFY,1787489647,2026-08-23T12:54:07Z,JAGPLMkgPWRxFJekMU8DRHRurw968GGYHRMEKUWheYcD,buy,0.181520189,550.9075498950001,0.0003294930139087706,raydium_cpmm
4FRwAniZhGrtFysNUxvLxNNvqT1btMMrHaZoA3yDg2YjuL9t7voivnGHTv1SgwmaQaG6GEw9EGAow9ZRY5TzDZwU,1787489647,2026-08-23T12:54:07Z,JAGPLMkgPWRxFJekMU8DRHRurw968GGYHRMEKUWheYcD,buy,0.196864833,597.6848259509998,0.00032937900453932495,raydium_cpmm
4SJrTwXVgRmbsYL4NV888orYC3gbZNRkst4ZTbeWRmc9aVeHaLdENYKbVy6wgJNs9Z8d6sNMvqHvsqVN48KNczj,1787489714,2026-08-23T12:55:14Z,4iDyxGxPRC66QBNwYqMn74VtVm5Moy1ns4w3bAqYGvRG,sell,0.713437995,2199.390910547998,0.00032437980514443454,raydium_cpmm
2LcX7E4KYBNL4buwBWbVV2V5tmYixWP3hsPxKUT7ZcZCjREamiiY3n328b6JvnUB6TKmRxts6Ft3LvXXiR1Ra6vq,1787489820,2026-08-23T12:57:00Z,Ahekwy9V7q2tmqJdTX92TAtEHM4pafQbsfc5oLakbZs1,sell,1.550881792,5025.031048921,0.00030863128543912445,raydium_cpmm
46hwFmqNHrpK4vw7nAA9veVXGUewimp19Z1aFV4bZRZ8C2KCnM9qAaKV5Hu2H7CxxyDCwxWdTxrBmcFRcSqgLLvn,1787489820,2026-08-23T12:57:00Z,C7PNbARVAHeskaefdcu7fy21dCN3qNANKuT6Cka2av4L,sell,1.4621777059999999,4742.189049768,0.00030833391302093565,raydium_cpmm
3X4ciotMcxa7oHwAtshyNryL8rCFUYZ3U5QDtugDuJsbN1poXVY39J2Rgm41NNRmpA4qJnbta6wwzR3xsetQ5PWi,1787489820,2026-08-23T12:57:00Z,JAGPLMkgPWRxFJekMU8DRHRurw968GGYHRMEKUWheYcD,sell,1.483770409,4809.272774297,0.0003085228221884111,raydium_cpmm
2yFzJC2oKdC7EVF2yjWd2UsKdXuRh7NxcD4gPgBw8mUFWoZU7Dve9PvSRvtSDHvCeTmvj5U6o7zAkR4oegrQtqcL,1787489836,2026-08-23T12:57:16Z,Aj6mFhvswf5fJgX1kJVLXuW5UN6iDDWrm4KdGaEZXLQX,buy,0.20703928,657.138500605,0.0003150618626201137,other
2zuc8VJ1GuNZrQ2i6os89fihaYik1njMvZ4CLqFJQWADV8i6ZWXYPh2V9DzpHwawr27fm6mDZcnoQh1haRgSbQvC,1787489844,2026-08-23T12:57:24Z,Aj6mFhvswf5fJgX1kJVLXuW5UN6iDDWrm4KdGaEZXLQX,buy,0.08,253.65376059799996,0.00031539055368781627,raydium_cpmm
2p8qtpE46cmngYoV4sK478JRqxxmSiAm7rZ1jVc3J4TWRkH12Dbg28aHG64jRKczkQczw727bBrvmL16bWG6uY3g,1787490244,2026-08-23T13:04:04Z,4iDyxGxPRC66QBNwYqMn74VtVm5Moy1ns4w3bAqYGvRG,sell,0.272046079,835.7685460080029,0.00032550408878081306,raydium_cpmm
1UPB79FnFwZQqiBbNStDUNrac3b3YQ9eZdykT9vpzUyTq25PpP7ivkwqpkiTYNL2adwm4PZhhKMFPy9Qu12uVLa,1787490739,2026-08-23T13:12:19Z,CUkKyTN2GnkLKSucTF24qjhFn6jgSDAUQHF3RzLKhsZf,sell,0.001000107999999944,2.926384459000001,0.0003417555054750732,raydium_cpmm
2qsGT3FneDBPTRSvEDMcjz91rhbrLyZEVHBCoevNHbovs55zRCR8AnmmY3rJC6caJsWPE8sGhnFSXThzpVQxsR7t,1787490739,2026-08-23T13:12:19Z,CUkKyTN2GnkLKSucTF24qjhFn6jgSDAUQHF3RzLKhsZf,buy,3.499999999997449e-05,0.0867482250000009,0.0004034664686219704,raydium_cpmm
3ZBwMQpxk2Xy9T5ou2vafph8LBsB8dQjasYMXRSNJXGqe4am6Egy2ssYCmNNdrJ26xFpewapV9YgbDVX9iWpbwyX,1787490819,2026-08-23T13:13:39Z,4iDyxGxPRC66QBNwYqMn74VtVm5Moy1ns4w3bAqYGvRG,sell,0.432579565,1228.5797626319982,0.000352097257465222,raydium_cpmm
3chedUEEoZxcVTvZjb8j2bkTQ2H5pNQbuLchjhkt6hSPkgVBiewt5pkof69mTZ9RiinYQ9kZ7x9S2s33LfiW9m62,1787491285,2026-08-23T13:21:25Z,HACKERamoyuTkkbuVnSWPNc5a5TDQH3U9vpp6zbrRKTe,sell,0.028310267,95.818858856,0.0002954561068457899,raydium_cpmm
53fj2niuu3k3eXdWRaqCy2f6dL6JSSD4WccAvEw6bhjzHthdY23GEkhn69dkmZcmznJGVzvKE936QY1CU4NpnSAh,1787491285,2026-08-23T13:21:25Z,XXXXXsiKfM49XohyATcrYbRYBd9WWhDRM7c7vMYQNSd,sell,0.029269755,98.855832996,0.0002960852598468756,raydium_cpmm
4DrSioeEqV8QbvvCR2fJc6jTYHUESfi6BscfVZopxsHVthFXvYeb4QESpa28LPETYogi8Rtxh4HjkVDMmpV8C2Lv,1787491409,2026-08-23T13:23:29Z,2z2q5gk8TDgqCidzkXkyevXH1aDaVjWL8cQwoRbMF1Jq,buy,0.010039280000000001,24.79172775,0.00040494475016974166,other
31Ay9HwyThP2fHRwdWMV5Qs92DMSFbqCNsnop3vrMjCX1jb8QMAR1vtEYzV4mLV23sQvSxrGfojCUL3ei7zLcsHS,1787491469,2026-08-23T13:24:29Z,2z2q5gk8TDgqCidzkXkyevXH1aDaVjWL8cQwoRbMF1Jq,sell,0.008018114,24.79172775,0.0003234189275089954,other
4sZbNDFpYQnyJ1i3KjxtZ4UhA7E5pTBYNE52Bof1RzTYBzCBx7gk8FYyCKceMdjDejNjpEc6xcrYyjVUwKUJ7UXB,1787491587,2026-08-23T13:26:27Z,2z2q5gk8TDgqCidzkXkyevXH1aDaVjWL8cQwoRbMF1Jq,buy,0.01003928,24.37325443,0.0004118973946968312,other
3WdPu4RdeuG9GKhn2qpLCL6ypo7hzLrcqexLoHso4f91citFXEEN5ZPnzY3fmdMw8s7dmsvPR3dzyS5kKE6U5fzG,1787491647,2026-08-23T13:27:27Z,2z2q5gk8TDgqCidzkXkyevXH1aDaVjWL8cQwoRbMF1Jq,sell,0.007882507,24.37325443,0.0003234080628271684,other
3uFozovxBZuzLfqTUtYjcYHksuuMNbTR4mEJVcHWqaP9Nw1yXiJMQdWpBZiCRdEq5xsXrn137qb3FHCuo1GZtcN4,1787494508,2026-08-23T14:15:08Z,GjGhvk8AdrQQnyhfGcaF3TNLo8tngc42QELQMoBkTGaD,sell,2.108568989,7484.761796976,0.0002817149090638938,raydium_cpmm
2kicDZtBX4PsrRRZrwmqXW6DaUNfnzcHdV6AQkP2WWLq25gHqEWpD9SyeCiSnAi5t7vCWT8VHsmxo8t4etJnSwNK,1787495418,2026-08-23T14:30:18Z,3KEdzpSYJ7sXfHKpVhSF2Qj6ZAjd3Q3dugFCZ4umWvkR,buy,1.269707316,4665.70646386,0.0002721361332597753,raydium_cpmm
569VRS7yxF2WEyzcNpLToHEMJSm1MqBC5EcgQJCui7STUtVX2grfsGF1TUKZ5GqKii3byztC8DcVDhzzBbnj8S1i,1787495418,2026-08-23T14:30:18Z,Act5xzJ7DhXrdNKbRw1yTzQUmT4hYtAPgFKTP5WzPBva,buy,1.230292684,4519.74321728,0.0002722041109097333,raydium_cpmm
5EYRHqtgXnkBF3YHdQbCwtvo35yqjTkqAjrDvTN4Lbx4y8CtXVbHuJwZQkD3v5A2YiDHZpeobWzgozkEUo3KSvrz,1787495436,2026-08-23T14:30:36Z,3KEdzpSYJ7sXfHKpVhSF2Qj6ZAjd3Q3dugFCZ4umWvkR,sell,1.251670107,4665.70646386,0.00026827022160422773,raydium_cpmm
26A7mgeTsNgceo72JDzLu9w9uZEKcEJDQpFNea2KLVF7GTnBQBiuoQ9dLgBXPxwHBKPttqN8pu4iRZehmXXxG2St,1787495436,2026-08-23T14:30:36Z,Act5xzJ7DhXrdNKbRw1yTzQUmT4hYtAPgFKTP5WzPBva,sell,1.212816246,4519.74321728,0.00026833742265780264,raydium_cpmm
3FQMNvBjYgQw3XxPwLAC6XjUDmP8HFXt4nEz5ReJ5ZrZnCyTmzj3rCY3knrL7em7U2KMrnncmV6Z5oycr9srui2N,1787496293,2026-08-23T14:44:53Z,2DCW6PvdpXwscZVanFmDLB7svT2STkUj2SuXSMR6C29g,buy,2.001,8096.738898199,0.000247136535481599,raydium_cpmm
5DCH28oApyyEdbPD9vCjSJA9knQjM3fmEj6K79BM8YAD4fRGX5gZFxJwZe217pkhdSV1NqvbLcgRnojrsagVYjbw,1787496442,2026-08-23T14:47:22Z,tronFPfm42zg7TowSTvPw3ya2tU2oYqvwKJ7i2xgBGB,buy,6.00203928,23949.625797595,0.00025061098368404233,raydium_cpmm
4B1zgDYHN91tuMs8GPoQQCq1CFUqxg2qSbZe9V129wqT5SnAEkN5in4vJTzdddtvm5aFBxMZoUTJ296AVHFjKjE3,1787496956,2026-08-23T14:55:56Z,tronFPfm42zg7TowSTvPw3ya2tU2oYqvwKJ7i2xgBGB,buy,6.0,22988.522180007,0.0002609998134294239,raydium_cpmm
41yyoJRokVXLJL7g8TWxv8p8vqi5KQuuiQpgJs9togTNdd8ju4PB3wAbnYXhm9ARynqNuCSRDKF63esteo2uvTUW,1787497056,2026-08-23T14:57:36Z,tronFPfm42zg7TowSTvPw3ya2tU2oYqvwKJ7i2xgBGB,buy,6.0,22030.295201552,0.00027235222883337983,other
5ChSWCF3C3DuYRd9M8mRFCxgH8ttazZMkK5tVJu8HEBXRYcPGAAZfKV3ccjQSqG892uWKQxqfjQJnzF4TvfMfnee,1787498246,2026-08-23T15:17:26Z,2DCW6PvdpXwscZVanFmDLB7svT2STkUj2SuXSMR6C29g,sell,2.181317001,8096.738898199,0.00026940685977723723,raydium_cpmm
2pMJRxLN7yLYibHWVt2nJH3VKQiPY92jLS8Aao238g6D5zrQHhKZW3M5Cbtrz9XZe7WP4mh8HR9ZTWSMrDdTKtQw,1787498430,2026-08-23T15:20:30Z,5e96SkPWmHz9cizDSqoqVahvf6QQjRS9xdJA7ueYuvD1,buy,3.01703928,10549.005271945,0.000286002253503825,raydium_cpmm
4kEC7q84owQ9bZPoudjwSga9Q869djjexNc9wzD7sSgbQrXuqo5NFKusA8J4BGDxS8W486icNFa48WnV2QKcpsJa,1787498971,2026-08-23T15:29:31Z,tronFPfm42zg7TowSTvPw3ya2tU2oYqvwKJ7i2xgBGB,buy,6.0,20599.868493658,0.0002912639952942999,raydium_cpmm
5XD1uorPAaYwZf1hPq9JLEpGP8VvgcX7c678cR9DCPPgLt6zx1qPjDCvXdaEFkeMbyRVAz8WcNsSHLW1hUc5jj8S,1787499051,2026-08-23T15:30:51Z,tronFPfm42zg7TowSTvPw3ya2tU2oYqvwKJ7i2xgBGB,buy,5.6453479380000005,19494.538789557002,0.00028958612455218214,raydium_cpmm
4RUvAymCtvYTd98VVmE43LcfQ3fgCQuS361ggbFAAHw2YZ8oKaE8cpaqJpBLXbMmNTjurUbnJws8P4hgj6Jjx1kj,1787499097,2026-08-23T15:31:37Z,tronFPfm42zg7TowSTvPw3ya2tU2oYqvwKJ7i2xgBGB,sell,5.943448879999999,20633.457570236,0.0002880490998548635,raydium_cpmm
wsxNFm4KMb2Xs2VDNSLcfTRHFKFvDGJXUxcJic6t8JxrbMGC3y7ezZwHCGMnw7vtBwZJMaR66oXjL9pbk3W2kXr,1787499105,2026-08-23T15:31:45Z,tronFPfm42zg7TowSTvPw3ya2tU2oYqvwKJ7i2xgBGB,buy,6.0,20528.560612638,0.0002922757281046884,raydium_cpmm
2LCAPzqLqafb7MkPEuWCdJhcMkT9aSndKVzBCGABjRw3TLDgxHLprLRWg49n6e1KPeh7LPsgeJBsGe2KACKCPxpB,1787499196,2026-08-23T15:33:16Z,Ahekwy9V7q2tmqJdTX92TAtEHM4pafQbsfc5oLakbZs1,buy,1.909586942,6262.237202674,0.0003049368588568633,raydium_cpmm
4UYGmdyrgdXEhw9c94M4vgV4TgUhjnXzdHgUjJvwFarFktZALVJazco5fDXpEZtvS8Q9RFoYcZfHREkAhthUf7g2,1787499196,2026-08-23T15:33:16Z,C7PNbARVAHeskaefdcu7fy21dCN3qNANKuT6Cka2av4L,buy,1.5571303810000001,5097.443683893,0.00030547279726115476,raydium_cpmm
2YwSRV41wJNbwGdQaos2cxgB8AgKEvibfBvwBaRLk3euvp3hZebfh1TvLFNnzMVrMhvmxRBKuemXg3Cz2Sfmws2H,1787499196,2026-08-23T15:33:16Z,JAGPLMkgPWRxFJekMU8DRHRurw968GGYHRMEKUWheYcD,buy,1.5383219570000002,5045.721807395,0.0003048764905638354,raydium_cpmm
XeM62yeVTsAqWHwSR6KSfEY41eMBvnMZJCrmfaN44ZcqJGC8XEvXKBCYHZzpS7dSqNYzPMzngdZWGeoxDwg83Dy,1787499197,2026-08-23T15:33:17Z,Ahekwy9V7q2tmqJdTX92TAtEHM4pafQbsfc5oLakbZs1,buy,1.5578458270000002,5104.984005715,0.0003051617449253515,raydium_cpmm
4S99tjjx8WtTHFYYL49mxGxhq6ULi5wTW9Bw3BZhzZPY6EATPrnwtmfCoodxNLpN8VZ7CtVYYi2zjfebduLdQwHL,1787499197,2026-08-23T15:33:17Z,C7PNbARVAHeskaefdcu7fy21dCN3qNANKuT6Cka2av4L,buy,1.831208643,5997.622110074,0.0003053224443607712,raydium_cpmm
4hmRLRFr2i3PiJ6j19CcJEaoy59ZJtz8RWux2KbgTjo8cBQuXKjyBg47BwbemVj2V2MagpjjZ2kdrJbdcks2C7yz,1787499197,2026-08-23T15:33:17Z,JAGPLMkgPWRxFJekMU8DRHRurw968GGYHRMEKUWheYcD,buy,1.61394553,5287.360369137,0.0003052459861485529,raydium_cpmm
c6GSh5WDFvcZQWx4DvVtS4cmnhwSVrVWqC8a35jgNYHCyziGrftHnKwJmVsqpSYgCavRSk7Hu5r8GA5cnSHpnTV,1787499209,2026-08-23T15:33:29Z,tronFPfm42zg7TowSTvPw3ya2tU2oYqvwKJ7i2xgBGB,sell,6.080535754,20528.560612638,0.00029619883579449005,raydium_cpmm
4VSaT1CTn4gi6Rto9keTtNGAHibpobSyHoshC6qZuDefgC45K2aeerENGfY3hGnpR2RHt4Q1ZFCtotnF2FBuHjEq,1787499702,2026-08-23T15:41:42Z,Ahekwy9V7q2tmqJdTX92TAtEHM4pafQbsfc5oLakbZs1,buy,1.316572158,4537.180776935,0.0002901740580170102,raydium_cpmm
2gfUUheKZNZFMVxjmeTwxohBGf4Qc92KYHGUCVKYhwNDa3rZFdrf95kKYT7bTJU8fZWpC96joTfnJSxtC3NXF2av,1787499702,2026-08-23T15:41:42Z,C7PNbARVAHeskaefdcu7fy21dCN3qNANKuT6Cka2av4L,buy,0.965631782,3327.5802767799996,0.0002901903790986564,raydium_cpmm
49QrZ6UmE5cAhs7LXK3KEVGTh1cqnH6gRY4vSWMGnKvH7kGWGJ4pxRpRWowScoWvaUqXkFGks4MgJs226b49wydr,1787499702,2026-08-23T15:41:42Z,JAGPLMkgPWRxFJekMU8DRHRurw968GGYHRMEKUWheYcD,buy,0.72079606,2481.964343382,0.0002904135435796879,raydium_cpmm
3tYL3BYx8ArDum495pJXYBmTsyX1ZqSyA4eskqYr6U4scWpJ5yhgQoGRi3qqppsx6p9wsGXa2EXazzbJdTKYbeg,1787499745,2026-08-23T15:42:25Z,Ahekwy9V7q2tmqJdTX92TAtEHM4pafQbsfc5oLakbZs1,buy,0.433722737,1518.108142744999,0.00028569949978382646,raydium_cpmm
4hze92WYdK8kVmJd2yT4dv4fANGFhg6L4oPkyopHs72YX6tsXjet57CL9NYg56jjqj5pQs8JmGrcpXm4mSMowkud,1787499745,2026-08-23T15:42:25Z,C7PNbARVAHeskaefdcu7fy21dCN3qNANKuT6Cka2av4L,buy,0.31278034000000005,1093.730295468,0.0002859757485881503,raydium_cpmm
3GGFjYSaq7w6frY6WCFL8XFto66a19eEUoEjYevSMr6jUwMk2bbRzAGqaVxumRC5gzZTpnsVfm7pooEpQi2x5nw6,1787499745,2026-08-23T15:42:25Z,JAGPLMkgPWRxFJekMU8DRHRurw968GGYHRMEKUWheYcD,buy,0.25649692300000004,896.4121927960005,0.000286137253666709,raydium_cpmm
3xXUgQnhzpBQNenDpujTvkPsqopXm6GfFQST8dr5atg7MkVymttTdwgPPMPdcfs47Fzg4JhAhTntGpWBam6jcFFr,1787500038,2026-08-23T15:47:18Z,Ahekwy9V7q2tmqJdTX92TAtEHM4pafQbsfc5oLakbZs1,sell,1.1244390249999998,3832.9522281749996,0.00029336108515377554,raydium_cpmm
4f5a21fwFk67kkhrRoWJMFQ5M3NQCB6w3mbJMiMQqtKTdeoHNXyuSy8ez2S2mCsDu5QkqsbSxKeoxR4Q3zKpiTM8,1787500038,2026-08-23T15:47:18Z,C7PNbARVAHeskaefdcu7fy21dCN3qNANKuT6Cka2av4L,sell,1.000992587,3413.6028005669996,0.0002932363972849258,raydium_cpmm
35SRKXaPrkcN2gi6RVn7HTgKY84i6e5hirgAf3Kzeb5fAtBVVFLFeiKsqHLsX8ay79evcf4u9hX4mfnBoUaLNXqT,1787500038,2026-08-23T15:47:18Z,JAGPLMkgPWRxFJekMU8DRHRurw968GGYHRMEKUWheYcD,sell,0.884158954,3016.520916796,0.00029310552732354664,raydium_cpmm
XwYxUKp5KDxvCfVRceDfzsSBow3MNyhDjMr1v1XhU9GdXoHpEqMRFNTd7WGx4c2THH4xbaJWbNazRqPnRBsuEPu,1787500407,2026-08-23T15:53:27Z,Ahekwy9V7q2tmqJdTX92TAtEHM4pafQbsfc5oLakbZs1,sell,3.850761309,13589.557899894,0.00028336177949026854,raydium_cpmm
799gMQ5Ys6mPXZ14zNh7hA1iag9JAAW8dA5jmRsU7CJeLRekcXEqfWFdcHccEzWeDqxNnKpBsXuEzJtJtwn4SYu,1787500407,2026-08-23T15:53:27Z,C7PNbARVAHeskaefdcu7fy21dCN3qNANKuT6Cka2av4L,sell,3.4267826020000003,12102.773565648,0.0002831402722204466,raydium_cpmm
3dcq1zZ3cXNKWrMqJuHnEA5ULphKP1LS31rhPDzg5CBHDKRo3x2kSEPy3cnZinK4Zz1MDa8m9hMBLFBWgcouV6b5,1787500407,2026-08-23T15:53:27Z,JAGPLMkgPWRxFJekMU8DRHRurw968GGYHRMEKUWheYcD,sell,3.032168737,10694.937795914,0.00028351438735421534,raydium_cpmm
24ZGf8t9ch7Nh4NTNE9oZqxmpD9kMQUcZct5yK1Z3W5qUJfUVorUQGvRW37rxL5hBgHLuqyVZ4zYDJ7bKkeQhUWW,1787500953,2026-08-23T16:02:33Z,2z2q5gk8TDgqCidzkXkyevXH1aDaVjWL8cQwoRbMF1Jq,buy,0.01003928,29.981629167,0.0003348477143813777,raydium_cpmm
2RrpxzRvXJJcamHP3FL7AXjz2sH9KAyevFmuVg3KTA9zSob3UPrUEEx4P28McVt7yr7YbRVopoTdexvq1nYWhrZm,1787501014,2026-08-23T16:03:34Z,2z2q5gk8TDgqCidzkXkyevXH1aDaVjWL8cQwoRbMF1Jq,sell,0.008191639999999998,29.981629167,0.000273221977177155,raydium_cpmm
5cEmYrz67biS6goEgDfUVkWdQ26eZmEYj9UeCw7p9BUreeP4XdKqmHbpNRx6EZm3fK5ksKBdx4fpoDeHwtBPgjMc,1787507188,2026-08-23T17:46:28Z,2DCW6PvdpXwscZVanFmDLB7svT2STkUj2SuXSMR6C29g,buy,3.001,12371.319383055,0.00024257719868670357,raydium_cpmm
SCiCLzLcVBuScrgSk45ZR6xvjdrqats8cVvoooBGFtnxwgbyp8d2QyDXV5Uh8xhjnPHwnDHMfSZxjhJxx4np4Fg,1787507218,2026-08-23T17:46:58Z,2DCW6PvdpXwscZVanFmDLB7svT2STkUj2SuXSMR6C29g,buy,2.001,8574.724452936,0.00023336026842411876,raydium_cpmm
3N1VuPyS5HsnZHKJFKTLKmon8UaRMVLcpqJkQp4PzNvbpjauiDjbfADe3XwECc42C9qVJBNB5gsBwAobRy2YmAQS,1787507229,2026-08-23T17:47:09Z,2DCW6PvdpXwscZVanFmDLB7svT2STkUj2SuXSMR6C29g,buy,2.001,9175.45050661,0.0002180819348933852,raydium_cpmm
49PFnTVwtGPsCDnYRCPDQPxzM9oAk8bbNZyZyFn4ixnTy5MHcnWQB9NRzvnkvMdfP7X8jyfKwXWqU9qDffosg1aF,1787507232,2026-08-23T17:47:12Z,2DCW6PvdpXwscZVanFmDLB7svT2STkUj2SuXSMR6C29g,buy,2.001,9245.0292129,0.00021644063571025989,raydium_cpmm
ctrrhAAA75hvwN5sYg9tWpcPvbYjmB9iDrNGhfEGpeXoxAoWUSzp5MXidgBZqwSU69mPQdvndu3iFRn4xa2uL6e,1787507249,2026-08-23T17:47:29Z,A1igHDVAzKcGUAbVMFV8HrCCSUfcs5YzVfW3i9895pdW,buy,1.278270372,5090.679354456,0.00025110015441870203,raydium_cpmm
2x5fCgNSrMdCDyubBJNskQzmomT5HgCDyU5qw8Zdf9Aq6Yh5wcrrhaGuKJqudD997aShGYRi5nre5rctbFXKmq5d,1787507249,2026-08-23T17:47:29Z,Ebux1vXaJYiugKxnBNgQbsBjbjjFK1K2k1zXjkD3tqDk,buy,1.449055275,5868.197975598,0.00024693360398297297,raydium_cpmm
5CpELnSVvqWt9ie5QqnAHB45rFJzr2K2sshmsbUeyAeaGeS35EJ6txy6TsHFnBRrvvtXRYKacesuDFMdozbP4fLA,1787507249,2026-08-23T17:47:29Z,GpNHGPQXQEnrrbL8paxGdEWrNEvdFcZFVtC6ztMoYuYo,buy,1.36767033,5505.840244509,0.00024840356226535706,raydium_cpmm
iLMdhweVa4sZdwh73CfMhNWChQvDbR3MkjSJYEfhzCewcLj4npxBEocN6wBgtvQTPWFjMAvqQE4AShAMUkjUb8y,1787507249,2026-08-23T17:47:29Z,ZZGtLggQHdZ2LgkDtnbJ1eVQMYLpQN7H1fjCGZAw8G1,buy,1.4766433030000001,5993.833523309,0.0002463604131241859,raydium_cpmm
3azt4yaGYTYh2CYeExzeGxS4ETPzdns8RqteLBkU7eni7Cm8z9pjz9sGkGm4qkiB1d4hdD8fW1YdyTZ9DZzEoabM,1787507254,2026-08-23T17:47:34Z,3KEdzpSYJ7sXfHKpVhSF2Qj6ZAjd3Q3dugFCZ4umWvkR,buy,0.488858042,2144.355407281,0.00022797435552899425,raydium_cpmm
232qAfcjYRaTf8nGM4HK2Dqk6sSbQFGQ7H2D9WTdKcb9ryjQpEJtsGtV1cCsWmv7xmcFFWq2DegeYEeNaKxTh4LE,1787507254,2026-08-23T17:47:34Z,Act5xzJ7DhXrdNKbRw1yTzQUmT4hYtAPgFKTP5WzPBva,buy,0.517220518,2269.297580421,0.00022792097539893613,raydium_cpmm
5xzgpqxfKHY9YCG3gxafYfW3rspyK7emFvL9MdvXwgAiHWYGoge5WAJ8KfawGQVwGdJKw2G7w6RcCiqWuup61ouX,1787507258,2026-08-23T17:47:38Z,7RyLnk9AfBaWKD56fqDHt9hYHcLTtpZ5sVH4NcwNJ7gj,buy,4.553624999999999,20014.807165526,0.00022751280900888598,raydium_cpmm
2PfuWV7YmSQrm2w1tyRvPGijpX4v6ttqbpu1jUcsD7HYhEopKcP1WgocfecNoKAbbExjhmbtocGbPb1T15xujze,1787507283,2026-08-23T17:48:03Z,2DCW6PvdpXwscZVanFmDLB7svT2STkUj2SuXSMR6C29g,sell,2.20575039,9841.630888874999,0.00022412447844324105,raydium_cpmm
2DfcSnjDFoy1PgRymri4YZ6TnKf3R7iA5UiWFAumrVLHXgapxNQwyuiZGkNpKKtVnaPzpa5SXw7Ba4Sw812SBWWT,1787507286,2026-08-23T17:48:06Z,A1igHDVAzKcGUAbVMFV8HrCCSUfcs5YzVfW3i9895pdW,sell,1.11342468,5090.679354456,0.00021871828934293247,raydium_cpmm
5f58W37WHwjan9sP64SwesgpXsWW45hxUkKGWkB7ka4e6YUgY25DLV4jKDbNLWPF2jXzD2LACCYnhaoVk4qpmQHa,1787507286,2026-08-23T17:48:06Z,Ebux1vXaJYiugKxnBNgQbsBjbjjFK1K2k1zXjkD3tqDk,sell,1.2848070280000001,5868.197975598,0.0002189440494923097,raydium_cpmm
3AkZZ51YdYZQeQiSL1UDm6uEBFpFTZRnRFk5VhB38K72mKfRy2FxKEapfyvaM27gYUfxepdCpUZAYSvaoXKtfLeY,1787507286,2026-08-23T17:48:06Z,GpNHGPQXQEnrrbL8paxGdEWrNEvdFcZFVtC6ztMoYuYo,sell,1.204096212,5505.840244509,0.00021869436062930646,raydium_cpmm
2QZpBUbKndEamFvT9MmkTbwjgx8FmJkAdTWUks21KnzGM9Uvrty4Pycn4NapHvuAKndAamR5JXV5TKFiGyrgLuvr,1787507286,2026-08-23T17:48:06Z,ZZGtLggQHdZ2LgkDtnbJ1eVQMYLpQN7H1fjCGZAw8G1,sell,1.3121629490000002,5993.833523309,0.000218918817797862,raydium_cpmm
3sKZJrMoiJioJ2uWvkXfNJvmjcEKjfABv4YDA1JaWcdF3SVFxF9uq5dtAtAhecraWiwPVMsSyBQwaMgqPKu5hr8F,1787507348,2026-08-23T17:49:08Z,3KEdzpSYJ7sXfHKpVhSF2Qj6ZAjd3Q3dugFCZ4umWvkR,sell,0.478038249,2144.355407281,0.00022292864670513874,raydium_cpmm
2g5B5rEj2y9DsbtLBUjzQZiro4up1kckSZfxEyh8wwL2vgyZ55evwK5q68NRn5XgQGKgLiFzBB7xMYk5RmUPqyZe,1787507348,2026-08-23T17:49:08Z,Act5xzJ7DhXrdNKbRw1yTzQUmT4hYtAPgFKTP5WzPBva,sell,0.5058363,2269.297580421,0.0002229043490656511,raydium_cpmm
5zb77v74z5vRfh9MFsWSbn9ctyLroPbodjnaWXvXCtNCA9GF6Vm4ybx26hrvrst5Ymdcmbi9Hsr6C7QZrdNrCG7f,1787507380,2026-08-23T17:49:40Z,5e96SkPWmHz9cizDSqoqVahvf6QQjRS9xdJA7ueYuvD1,sell,2.214773565,10549.005271945,0.00020995093925018447,raydium_cpmm
eabpmwNSrjjZGMA26mP4PUmHCwUmA4B3M4C4hn3p6shBNWzwiCV2HGG9HvRkycdgF5M9HSu73fiY6xfNWui8xnw,1787507560,2026-08-23T17:52:40Z,2DCW6PvdpXwscZVanFmDLB7svT2STkUj2SuXSMR6C29g,buy,1.0010000000000001,4892.829844221997,0.00020458508304393487,raydium_cpmm
5KnAw1p1W4un6x2qZELXYqU9Sw2bNG3FTdbF5YyEoyxVd5gnw931uQsjMMPhoFCwtWBhfPJri6obWKbA6eLEt1WL,1787507596,2026-08-23T17:53:16Z,2DCW6PvdpXwscZVanFmDLB7svT2STkUj2SuXSMR6C29g,buy,1.0010000000000001,5053.980637426001,0.00019806170063006232,raydium_cpmm
5npQyxVSJSWNCFou66iSiMuzPBhGLzCy4d8SBxQTKumTLG7rKyG6BPbj6y8daqqFMQ7qchKiNo71dchmEyEn55LP,1787507656,2026-08-23T17:54:16Z,3KEdzpSYJ7sXfHKpVhSF2Qj6ZAjd3Q3dugFCZ4umWvkR,buy,1.352382413,6454.184237336,0.00020953576211487314,raydium_cpmm
XXGtRhxPeX1qfBoSZLQQ2TDRnYZ5SePQG3okRbrR1UUNsHjmvJeoBSnTzmRHZmhQTqgsuycvsFjbEQTpUAxgaEC,1787507656,2026-08-23T17:54:16Z,Act5xzJ7DhXrdNKbRw1yTzQUmT4hYtAPgFKTP5WzPBva,buy,1.147617587,5480.111806578,0.0002094149950777406,raydium_cpmm
hCWnGwYv1birQNmGZAUx1UCNxr2ZiqRTHZZtzcRDuHDL5VATpr5AbhkXAJRg4jiQHeeyzf18fTuwRhgWGE4bTR9,1787507749,2026-08-23T17:55:49Z,3KEdzpSYJ7sXfHKpVhSF2Qj6ZAjd3Q3dugFCZ4umWvkR,sell,1.385570387,6454.184237336,0.00021467784867137632,raydium_cpmm
5yQkpK2Jny96QL3gzhbB8KVqxithMwdQBBGSstGKA29h51kmKjTX1Ga8bxvjycQH9r3LaH8HEMQnSaGxqrc9WkNH,1787507749,2026-08-23T17:55:49Z,Act5xzJ7DhXrdNKbRw1yTzQUmT4hYtAPgFKTP5WzPBva,sell,1.176118749,5480.111806578,0.0002146158309376566,raydium_cpmm
3CgiwGWnngoAtTbNJCHN9LRegnzCXJdJ1uEEcPh7Q2zHWbT437oQLqromAVojwvYdQ9EfXg3fu57f3wfTuVEJH4T,1787507759,2026-08-23T17:55:59Z,2DCW6PvdpXwscZVanFmDLB7svT2STkUj2SuXSMR6C29g,sell,2.110876217,9867.925787067998,0.0002139128589481613,raydium_cpmm
3KJRxF1B7WdcoffBZWr5pUVo19uLv9j4QBLnYn87zE1PedHfQxNKvDxTzQ4VzBfUqGs1NQFsi2GsGxfLdHwGvupZ,1787507943,2026-08-23T17:59:03Z,2DCW6PvdpXwscZVanFmDLB7svT2STkUj2SuXSMR6C29g,sell,1.6043108449999999,7400.944340301001,0.00021677109990733313,raydium_cpmm
4tXLD3G74Y8aSxsdUkM91ENj2BFqX6x5aAJRqd4HHD3zn6h1BRac5LQZCaBgV81nQMqemyzMWpUWuxJPerbJpvhT,1787508032,2026-08-23T18:00:32Z,2DCW6PvdpXwscZVanFmDLB7svT2STkUj2SuXSMR6C29g,sell,2.408489244,11101.416510452,0.00021695332678783866,raydium_cpmm
2wtsYv2dpQ5Qs233oQ6VvMRXrPY1LoZToj4rLhKRzR9b5GSe8qoowb3Xk4ZE5S3uaqyTte1zyrS34DZvn9po1Fdf,1787508078,2026-08-23T18:01:18Z,2z2q5gk8TDgqCidzkXkyevXH1aDaVjWL8cQwoRbMF1Jq,buy,0.01003928,36.493081661,0.0002751009107221804,other
3geq5hJ4gAYkcmCyQERAshDyDKEwEV7QESEu9QNxix2gBQ18YxoPCZxCD7dEyS4MTizgVGktocTYuXX3N2byBn8L,1787508139,2026-08-23T18:02:19Z,2z2q5gk8TDgqCidzkXkyevXH1aDaVjWL8cQwoRbMF1Jq,sell,0.007900323,36.493081661,0.0002164882394254756,raydium_cpmm
Jc2hBC2yEwjWdTX43kEPrt48xrHNZWkeXgvgasXtU84sGYvKdxajjtsxLtBRJQLuQ6A6h9WEadN1khutT1CApiJ,1787508615,2026-08-23T18:10:15Z,2DCW6PvdpXwscZVanFmDLB7svT2STkUj2SuXSMR6C29g,buy,2.001,9768.854422036999,0.00020483466264847378,raydium_cpmm
3mQPUmGbr5KBJb7FBHsEkCJaCPZpFHYNSba2HFYcHV5hAchaF8LS41M3roDiuH9HNKQcyp6F6mZxpqfxVuTmYZy2,1787508654,2026-08-23T18:10:54Z,2DCW6PvdpXwscZVanFmDLB7svT2STkUj2SuXSMR6C29g,buy,1.0010000000000001,4963.498386585001,0.00020167227266668073,raydium_cpmm
3tuVst2JxuvVq2PtDiS4pYgtJyrrq6uutzdb3U2vKRQGQ1ibJttsDSkS133fktTt9qVHyubuWzDhfH7yWC4rb6Sg,1787508687,2026-08-23T18:11:27Z,2DCW6PvdpXwscZVanFmDLB7svT2STkUj2SuXSMR6C29g,buy,0.501,2519.998392862999,0.0001988096506009308,raydium_cpmm
4kkRwEDEdCgwwPpZM7drx2ZTNyjEnnb9CXYEbRpuYCDguAyMEzsVUnTqmnSKW2mZy7VoogjzHTR6wTHbpA8ZLkpw,1787508710,2026-08-23T18:11:50Z,2DCW6PvdpXwscZVanFmDLB7svT2STkUj2SuXSMR6C29g,buy,1.0010000000000001,5022.962713165998,0.0001992847761692949,raydium_cpmm
5quBbC3xj4vaNGLhN3ChuJx9ve25K9pHp3seLU71zQgYPtg7J7ZsTD2eYRSVaT3XevuVhETLSmqCJVTPPMSb63n2,1787508848,2026-08-23T18:14:08Z,2DCW6PvdpXwscZVanFmDLB7svT2STkUj2SuXSMR6C29g,sell,1.706654771,8344.182606275997,0.00020453228932410417,raydium_cpmm
5UHxWdh3cB2AvwcxJ7xUhHwctSBadtkLyZqnpckktLPffXzQ2VDvmvGe5MoV33rKv3Ed55WDY1TSnjHGMowXae7p,1787508852,2026-08-23T18:14:12Z,2DCW6PvdpXwscZVanFmDLB7svT2STkUj2SuXSMR6C29g,sell,1.286723968,6258.136954706999,0.00020560815100605982,raydium_cpmm
4mD7QaeBtF8XNw7FAxrwowcAYPXeppaBGqgghmPLzTaa4MZtZwreAzyveQ3WQ4MuHHH4zGmNfxg9571VRaQGWLri,1787508906,2026-08-23T18:15:06Z,2DCW6PvdpXwscZVanFmDLB7svT2STkUj2SuXSMR6C29g,sell,1.925533225,9387.20543206,0.0002051231582110424,raydium_cpmm
4eQsryYk3KNdusDgWmgPYXFBHTo47DKvoLuXHDUJB2kU1MSDLTVbeDbMgVTbtwXMYE4EZmQHgaABCLwhayt9Avrv,1787509759,2026-08-23T18:29:19Z,2DCW6PvdpXwscZVanFmDLB7svT2STkUj2SuXSMR6C29g,sell,1.896755349,9387.205432061,0.00020205750931175258,raydium_cpmm
EfxM7JLWzh1iSvBeAzKrTzyK1oJUVogpW2CAeTXVdZBmrtCSzJdBXscrHSVLS55sMRKqKaC6puYiRCA2QRXcerf,1787511725,2026-08-23T19:02:05Z,2z2q5gk8TDgqCidzkXkyevXH1aDaVjWL8cQwoRbMF1Jq,buy,0.010039280000000001,41.198540685,0.00024368047588771048,raydium_cpmm
2Liqk1imZexz1LBQmmG7usNRMjePr426UUNqa7N9AhuQjKWh3VdDfCQ91E4Q6aR3YsXYnHh9UaFSLu82pmNcufb7,1787511786,2026-08-23T19:03:06Z,2z2q5gk8TDgqCidzkXkyevXH1aDaVjWL8cQwoRbMF1Jq,sell,0.007792197,41.198540685,0.00018913769445326654,other
5ghKQwdZKimV2YFbP1zLA14WNLqmnrxFUKJb54sggcM7NE2BYZBmvvSNccBSJWGDyboqPy7ZES54wEfRsukSi4pW,1787513269,2026-08-23T19:27:49Z,5e96SkPWmHz9cizDSqoqVahvf6QQjRS9xdJA7ueYuvD1,buy,2.215,11027.304112541,0.0002008650507317515,raydium_cpmm
2s8dZD8veu6SSbYB8NrmVwbWiKgr89f1gHTYxR7ARKMK4t3HJtnMsVSWL8TCpPmNZ9aYTQ8ngWsjsv8chyLbrmYm,1787515345,2026-08-23T20:02:25Z,2z2q5gk8TDgqCidzkXkyevXH1aDaVjWL8cQwoRbMF1Jq,buy,0.01003928,36.612199774,0.00027420586749691433,raydium_cpmm
cbXLPSGHuiowNsHYYgihFusCvC5B8ZGmzEC8xBdsugoWAYE7c4nDW3jGHWALCfmkG1h6GYbhPAAgauHv752Mro7,1787515407,2026-08-23T20:03:27Z,2z2q5gk8TDgqCidzkXkyevXH1aDaVjWL8cQwoRbMF1Jq,sell,0.008017732,36.612199774,0.00021899072029246816,raydium_cpmm
aTbphcRsHGaMHuqJcYUKeQdSRHC2ZkHo8soAJXKmBMWLi33rYAxZVz8eTwxeht9aH3wYFyo54cpCZP4wNGC3csb,1787518311,2026-08-23T20:51:51Z,2z2q5gk8TDgqCidzkXkyevXH1aDaVjWL8cQwoRbMF1Jq,buy,0.01003928,39.66849767,0.0002530794103551943,raydium_cpmm
2pZZKGq8QY5ETpyqK52oLuJ6483soV6sK8Mrxy2SFfXYUp4DMLYyTwr478evaLESXLNXsjNRY86tx81BiEsSrpvm,1787518371,2026-08-23T20:52:51Z,2z2q5gk8TDgqCidzkXkyevXH1aDaVjWL8cQwoRbMF1Jq,sell,0.008125569999999999,39.66849767,0.00020483684730377636,raydium_cpmm
4XHML6Z1WPCJhSxLEkqmGvSeFnHekX8gPjPZtJwnLfvUce7nKMwuifVQmPWAVE95xCebYcSomTjxe8ndRbvhG3i1,1787519365,2026-08-23T21:09:25Z,2T7W5XtariS53AbHY42u8CZzAyrzvNzGpeWcHsARNGkx,buy,4.785263907,20589.347618732,0.00023241454734808647,raydium_cpmm
2xvv2MwY66B1UK8saj6cQrKgUbjtxwQWkpK3nmzMD547Rh6Aw3ofyBaNTMixBikAZGmttuNqLJpJP4N5hmQ6CGRH,1787519365,2026-08-23T21:09:25Z,3XQyz76yGTfdVezAEX32drhFBK6Zdqu5vP1C1ocPXVt2,buy,5.500336476,23705.849503388,0.00023202444085430903,raydium_cpmm
2TYydfteRYLLQ8HkKQQzuud1RuF67pkJoxwV6t95Rf8istdgP11mNrCSUbPx3t61mQAKBZu4RqJ1Kqkmd3Uon1k1,1787519365,2026-08-23T21:09:25Z,FDQKtMRyjWHPxyvtuWzqypyn3JXmCtv3CH9tKQpLbtPD,buy,4.943215964,21250.040067879,0.0002326214890988387,raydium_cpmm
3txxSmBbsMryhyYet6PCSdnbCNCRpvCBopDDbmqV9FB9AR5UVsrWiQkawYYFW7UY4La9BwCDhzZ9UuuiB92noBTU,1787519365,2026-08-23T21:09:25Z,FMrLCzfeRZLiawdoj7PRiAyo3kwbYWJ7XWQXgxmeHr8w,buy,4.857059781,20856.327804479,0.00023288182975130084,raydium_cpmm
4ecoNQEz2uqox1G7XZRjEpxZnWj7EF3qZh8Uqs9nKuM3bV2BwLFnrRfzwvH3dG4X5CkyTQsKrhJ1bVooy4o8KjZc,1787519393,2026-08-23T21:09:53Z,2T7W5XtariS53AbHY42u8CZzAyrzvNzGpeWcHsARNGkx,sell,1.1607693700000001,5147.336904683001,0.0002255087225675752,raydium_cpmm
3HDgbZK1h9ot94m66pd57Hn24qW5yhU8FJBnA7qNtfk3B2tqsMaq8KS1wMjF26J23PmNE2LTfMoCXqxuytnbGjN1,1787519393,2026-08-23T21:09:53Z,3XQyz76yGTfdVezAEX32drhFBK6Zdqu5vP1C1ocPXVt2,sell,1.337178811,5926.462375847001,0.0002256284991278448,raydium_cpmm
2zENo16MpQk36VrBStnHZjudZSTtnxPf94jzg6Kopm9wnWPfEVoA8rP73HcWfiRft933hnYAD6hsaTcfoBrLVQYG,1787519393,2026-08-23T21:09:53Z,FDQKtMRyjWHPxyvtuWzqypyn3JXmCtv3CH9tKQpLbtPD,sell,1.197708988,5312.5100169689995,0.00022545067852565502,raydium_cpmm
4MYCjaL83Zv4Z88wL2NVhcMWhJYNhFaU6UsmbeFGN5XgMA6FyWAWJoLZZerCjY3ME39MUUzBpa5aReUscQ5ovCt4,1787519393,2026-08-23T21:09:53Z,FMrLCzfeRZLiawdoj7PRiAyo3kwbYWJ7XWQXgxmeHr8w,sell,1.1761213240000001,5214.081951118998,0.00022556632884291198,raydium_cpmm
51itALgNe3uEm7Tq2cL4hp6o5MvFLpCfjSETTzuiGZNfDSjBYiLmdkkEw1jGFvQAnmM4cbbJSGLJUr3LWTxq5xQF,1787519395,2026-08-23T21:09:55Z,2T7W5XtariS53AbHY42u8CZzAyrzvNzGpeWcHsARNGkx,sell,3.482116656,15442.010714049,0.00022549632431170393,raydium_cpmm
3FnBHwvmnxHynwZnCvGExqJqppuCQzjgVGaU4mUPpmy3DPWW11KfbXKcq9udTztqLYNJfLnwTesrDgHdxsUp9U6D,1787519395,2026-08-23T21:09:55Z,3XQyz76yGTfdVezAEX32drhFBK6Zdqu5vP1C1ocPXVt2,sell,3.999685025,17779.387127541,0.00022496191777073823,raydium_cpmm
3bWf8JhUAiokzitfZHPFgosrEQj7fMfDaFbidNNggjtiee5EHQedk6fa6Eq6JvCPFijqzeT7E55yM6zZHcA1H3q8,1787519395,2026-08-23T21:09:55Z,FDQKtMRyjWHPxyvtuWzqypyn3JXmCtv3CH9tKQpLbtPD,sell,3.588312742,15937.53005091,0.000225148610263804,raydium_cpmm
4ARBuwkHvnmGuPypZKTLbadEbJNTnaXdFniDPGPTJ5MMgHSiTPyXeFoaR68jCtLppi6v1ByiPLmKQN1TsDUDs3Fb,1787519395,2026-08-23T21:09:55Z,FMrLCzfeRZLiawdoj7PRiAyo3kwbYWJ7XWQXgxmeHr8w,sell,3.5245693279999997,15642.24585336,0.00022532373938125464,raydium_cpmm
dtdxaq7XoE9ASGW7he69YCbPHmCSYKRbpWgjKL69JojrJuadmdv7eNNnmhMaP9kMCMRA4yJgnnMnZxQ9XnxGfUi,1787520695,2026-08-23T21:31:35Z,7kjxRWRMGGcRVPugDhCciUy11Xye9HuNmgffWRaDnAiS,sell,5.682839701,25599.881744897,0.00022198695125350722,raydium_cpmm
3it87Eg7udHXKZGYFPLxYr4f9KuE71Wpe71cK7oT3ftEvhuAgRgFzHAmWxcf3xufAEv3FQFg2KEE1zxDixj3vTwz,1787521417,2026-08-23T21:43:37Z,3o7YPX68tAMJdYH6CeqNpvcNe9ZGcgFzBzVsoUQZgSbo,buy,0.210056288,904.472961925,0.00023224164440795977,raydium_cpmm
5ZXgJU1rNNMHdhPbJCzB6ZNmtN8xLZHxCvRg2FSRxB78rH54RqJxMrScjuD7ehAoSej888Sue5Zbm81UZpMV3Zn1,1787521602,2026-08-23T21:46:42Z,7kjxRWRMGGcRVPugDhCciUy11Xye9HuNmgffWRaDnAiS,buy,5.6826752250000006,24031.373299766,0.0002364690171516471,other
2E9j63HwJahK176RYUxm2kbPFU6J86Uu9QMwh9QiyzYjbiTxSdHjbN4Qy4K6sijinFh6ZtCsdq5AM9xV5RL4nhKw,1787522949,2026-08-23T22:09:09Z,7RyLnk9AfBaWKD56fqDHt9hYHcLTtpZ5sVH4NcwNJ7gj,sell,5.060427195,20014.807165526,0.00025283417187831845,raydium_cpmm
u8FHFVM713RyepayHxudhmowmEq5wCTdTzdqdobU33XUAx6ooo53fAPseNLZM15PCnp9VofeHfZ2xuhk41vkv2R,1787524098,2026-08-23T22:28:18Z,HPiAxtK5UGhaNTjNPqDn9WijfQhZ6YEqgHc5MeLZUiba,sell,0.017750388,69.32539037,0.00025604454450618334,other
3YJc9G48SDA2dyENhH3VPYodj1MhTaVEGs5EwjUDvdaf4e9y2Jw3mW3EVbH1eyotCnxAmEbvXHQhWesmB3A7Kypv,1787525010,2026-08-23T22:43:30Z,Aj6mFhvswf5fJgX1kJVLXuW5UN6iDDWrm4KdGaEZXLQX,sell,0.226458607,910.792261203,0.00024863914269636757,other
2ouBbAz1xMeVjo9JtUKFEaoQadQxh3T73P4uMz7jzt9jXQKuVKwAWWdyR8z1Ra7nqGqGPrLRdt5vh93u1frDCQrT,1787525063,2026-08-23T22:44:23Z,2z2q5gk8TDgqCidzkXkyevXH1aDaVjWL8cQwoRbMF1Jq,buy,0.010039280000000001,32.077991971,0.00031296472700273687,raydium_cpmm
3jgBvQ94Wja7nuhCDfg8LtPbxDaRV24CVtsTk4iTcXgXxDEU3GEWQ4QRhhkFbvX5QQzJ8SvuAkns75jmAdV9euG5,1787525125,2026-08-23T22:45:25Z,2z2q5gk8TDgqCidzkXkyevXH1aDaVjWL8cQwoRbMF1Jq,sell,0.00784968,32.077991971,0.00024470609030317344,other
41UTqVhFuaknXHifah2o2gafhrdDfNpjpVudxmE7oVeaFYSRUHPRbifLTWYke6598KAQTPu5hFRH2qVjn53WGgCc,1787525594,2026-08-23T22:53:14Z,2z2q5gk8TDgqCidzkXkyevXH1aDaVjWL8cQwoRbMF1Jq,buy,0.01003928,30.880918528,0.0003250965475945055,other
2ykpdETsmcrKfuNnwiEAVXuHsWMCHpPow3ovzwQNaUQ37LB64PUSALs1Z53uThAASQFpDhvHppKYxEyRGBFBGZ8w,1787525655,2026-08-23T22:54:15Z,2z2q5gk8TDgqCidzkXkyevXH1aDaVjWL8cQwoRbMF1Jq,sell,0.007961954,30.880918528,0.00025782762882460336,other
2mVk6xiZXTZYGmdpsnYiUHKa1wxd4ovUbggWa4CXcnuJwbAnxUKF3o3iZKfsMikDQhecXYNgLYUvSvoNcvGFEgeU,1787527992,2026-08-23T23:33:12Z,6DqwStHBhuxWGutooviZUgVDhT3F4Dy5pAiP2YErRCEe,sell,1.96872075,8019.585170494,0.00024548910051400185,raydium_cpmm
2rhDf5ZYV1rPKTG1YKg7ozY5P7Z5CkL3eYRgcKtza9FDgxGvTArNtVDyYduq7gCMx7wxMkQibxq7o6GaezZ7VomT,1787529332,2026-08-23T23:55:32Z,3o7YPX68tAMJdYH6CeqNpvcNe9ZGcgFzBzVsoUQZgSbo,buy,0.10483263200000001,399.039285534,0.0002627125593905159,raydium_cpmm
49Qdv1SSihYbESQ4DViKKzb8vWUy2V3YGBvyzTc1sVpM3UT7QU7AfTQN7yt4qfohyPdM6cQN2nMPUc8xVqBkHPLo,1787534257,2026-08-24T01:17:37Z,2z2q5gk8TDgqCidzkXkyevXH1aDaVjWL8cQwoRbMF1Jq,buy,0.010039280000000001,36.594964883,0.00027433500843892584,raydium_cpmm
eh2g7TjfzYv6z2Er1qhnixp12jCPinjNZCF8Jxk6gfTyi5gGWJc2qziSSonT9xLLCenBsZpJ6G2jAMubnPn3anL,1787534317,2026-08-24T01:18:37Z,2z2q5gk8TDgqCidzkXkyevXH1aDaVjWL8cQwoRbMF1Jq,sell,0.007901015,36.594964883,0.00021590442907271036,raydium_cpmm
4YJbit3hXQoHWgRSCKHE29VfXskCuRjyaTFjH4iiqKVsMKGnFf3VVV8Tmdi4sSYTDR8pKMBeM5PQP5Hj5DkPd3J3,1787535224,2026-08-24T01:33:44Z,2z2q5gk8TDgqCidzkXkyevXH1aDaVjWL8cQwoRbMF1Jq,buy,0.010039280000000001,36.140006335,0.0002777885511956151,other
2S1NdSYMJMvLXqnvyGfgiUpm99Ea4Ys27fMNYQuF19DdUnxpon2iNkDQmZLu6yCZ2TuzJmcFZzhJEyd3YsPN2Vpy,1787535284,2026-08-24T01:34:44Z,2z2q5gk8TDgqCidzkXkyevXH1aDaVjWL8cQwoRbMF1Jq,sell,0.008001688,36.140006335,0.00022140804087935972,raydium_cpmm
2FUDbKUMyFuPnax1sCttz6iCD2nFKqJZwh2cHcZ4XRUfy6JLqX1c4z4gGSg16uhRvw2iykWXwu5iTnzeWVNy383o,1787548907,2026-08-24T05:21:47Z,2z2q5gk8TDgqCidzkXkyevXH1aDaVjWL8cQwoRbMF1Jq,buy,0.01003928,34.296758198,0.0002927180447213648,raydium_cpmm
N5VqWAoJGVB4Z4XTpKNSCbeByWtz1AGdpu2UjKuYc6Vq93GC9K52GcxosGED58x2WyRdLVLu4hLVKNNQk99QGxU,1787548967,2026-08-24T05:22:47Z,2z2q5gk8TDgqCidzkXkyevXH1aDaVjWL8cQwoRbMF1Jq,sell,0.007893833,34.296758198,0.00023016265719423958,other
4VyjyCuxgE6nqRnQwennyuuu4bEppsx48nSwL4FB5zLEeeGa1S1XR6bp8QHDvYTFvT19kesHv6mAVULybCZT5Pga,1787560488,2026-08-24T08:34:48Z,FwiYAjHmzpH2twsMxTnkj4WDPrXFNYqTQMn8soTMYGGB,sell,0.0020313609999999998,0.008067809,0.2517859557656855,raydium_cpmm
5afBkwVi4a4sGKz62YdowbEmxpFXipvEde6BRMVpWrrTYfFP7JXyrjDoc4n49kzapPDvPzmbw6YitKveTk6JHgvP,1787569223,2026-08-24T11:00:23Z,2z2q5gk8TDgqCidzkXkyevXH1aDaVjWL8cQwoRbMF1Jq,buy,0.010039280000000001,29.113055458,0.00034483773145979764,other
71QGimbG5Mif9bViiJfwTsKPn5SkJEU4Hb5smnjjvxUXPqjKKpEiL1jonJc1ryjNJYXp312Hbkha2gmSndbAwWG,1787569283,2026-08-24T11:01:23Z,2z2q5gk8TDgqCidzkXkyevXH1aDaVjWL8cQwoRbMF1Jq,sell,0.007986447,29.113055458,0.0002743252769027168,other
4dts78j2FffDXCRqPJT7TWpjMAGmk8d2n5MLqagVE7Tak1kKpdiakcTD7dUwP5yrGKqj6S5zXvY8TJTdWg8beKgW,1787578551,2026-08-24T13:35:51Z,2z2q5gk8TDgqCidzkXkyevXH1aDaVjWL8cQwoRbMF1Jq,buy,0.01003928,30.435402937,0.00032985533396028585,other
3JexysDmfj3zkSwC5ui5K8j9TegU5G7ezm3EDCw8ZTmQaEgJerFvXm2jM4PQq8V2uY7mxPQGwGdmCVNEaauSnAc3,1787578615,2026-08-24T13:36:55Z,2z2q5gk8TDgqCidzkXkyevXH1aDaVjWL8cQwoRbMF1Jq,sell,0.005950596,30.435402937,0.00019551559781605266,other
5dR8fmc5vgC5AgbAwMvu7Z8ZAt9VMmf8j2kKbu5fQvXHMcGKCuEEhuYB3JigcQTe8ubsye85xRB4EB8v2dc99gLV,1787579448,2026-08-24T13:50:48Z,6DqwStHBhuxWGutooviZUgVDhT3F4Dy5pAiP2YErRCEe,sell,4.914122502000001,20876.529436172008,0.00023538981979856662,raydium_cpmm
3i2Np8vEX7WVfvL1FAQeEDYiDu72GiQojoTgps8mxsYQJH2mKEKAExqWwhCh6F6dAbZiQe1dBKtQKB2a23knvw7a,1787581147,2026-08-24T14:19:07Z,6DqwStHBhuxWGutooviZUgVDhT3F4Dy5pAiP2YErRCEe,sell,4.922430351,20294.491269207,0.00024255007359897927,raydium_cpmm
5AsAVXbF16BBehWE6UTz5g8DBtpy1DXjopxLZ7sXeWnBjEi5uPVvN1mp4BE3YBUYYTZP4kJogYMgbV9oDdV2w2kf,1787581443,2026-08-24T14:24:03Z,2z2q5gk8TDgqCidzkXkyevXH1aDaVjWL8cQwoRbMF1Jq,buy,0.010039280000000001,32.295929337,0.00031085279804902375,other
xbUsv6tAoknRKFAk7RpxrtTpAKJwUtkgqDmRYWPqrtmPHnnaUCvsjYgPZdmUXEeWyJAwNdzBRnqc17rXACYPD4n,1787581503,2026-08-24T14:25:03Z,2z2q5gk8TDgqCidzkXkyevXH1aDaVjWL8cQwoRbMF1Jq,sell,0.008204982000000001,32.295929337,0.0002540562283990361,raydium_cpmm
4qGb34NXEtfB9UgWirqyJ7CTyc2dCTfnaCxt7aaxciWJtWW1EMeet8XYgrsXfSnEDeLKX7vw8vC96rmzRqrH7gqZ,1787583031,2026-08-24T14:50:31Z,6DqwStHBhuxWGutooviZUgVDhT3F4Dy5pAiP2YErRCEe,sell,0.688508623,2649.9508140229955,0.00025981939715882796,raydium_cpmm
CMg6meQDVnJFUZbo9cwwR6Ww1KVDAKeBD2myvPoVFeNDM4EpNvkTKTnywqzqVm5B7aywawm6cqGHU3qDH6Akrth,1787583283,2026-08-24T14:54:43Z,6DqwStHBhuxWGutooviZUgVDhT3F4Dy5pAiP2YErRCEe,sell,0.988891635,3809.861623775003,0.000259561037290419,raydium_cpmm
46171oGYcnD8pPUm1br8pT6TkoNDMw9woymA7swg88dcTKEVygubUi4WJeHhR6asGyeuzc8hLgzTjJ9Auj8V7jRc,1787583594,2026-08-24T14:59:54Z,6DqwStHBhuxWGutooviZUgVDhT3F4Dy5pAiP2YErRCEe,sell,3.660624443,14462.915327427,0.000253104188203198,raydium_cpmm
37UAWY1FKreQu5hgj555ZJaf6T5YcTzD14ahgd6x3d4sjsvWkpvBWAWnzsABbSBky5oopSPPtS95e48We7Y1LaJn,1787584587,2026-08-24T15:16:27Z,6DqwStHBhuxWGutooviZUgVDhT3F4Dy5pAiP2YErRCEe,sell,1.20060449,4953.824633870001,0.0002423591020544605,raydium_cpmm
55tmvHkRaindK6h2SV4qerUYWZRdrX1fZBg7GGDbeeQNv7AzBw9mk4qxcYTDk2At3V1tXqzHM5SkqXicqq5yuLrV,1787585816,2026-08-24T15:36:56Z,6DqwStHBhuxWGutooviZUgVDhT3F4Dy5pAiP2YErRCEe,sell,0.855419608,3715.3684754019996,0.00023023816174987715,raydium_cpmm
2QYf6NrxmV6bjPXzzBxGDS3m5zy7LrRyUgYny4LMdQ1YceFdMCWtPU7cce96LexN9XKp7GXS8QQbJQbuUb7j1JQD,1787586967,2026-08-24T15:56:07Z,6DqwStHBhuxWGutooviZUgVDhT3F4Dy5pAiP2YErRCEe,sell,1.317094231,5573.052713104,0.0002363326346982323,raydium_cpmm
3oWiyqkpQ5vEoN9rDyTKKrPxf4Sv52pkZPgETzQ2YqD4Yn1NkeDPK82bfmfw7dtL6u8FrfJeYwHRJNtirApe4RpR,1787587306,2026-08-24T16:01:46Z,6DqwStHBhuxWGutooviZUgVDhT3F4Dy5pAiP2YErRCEe,sell,1.2828484839999998,5573.052713105,0.00023018775347008458,raydium_cpmm
5qUod8r1zPkEgxJpLSZa39TxJAcRoBhBroA3G2Ljdb9DrThPFPNsiT9B55tY4RNR8uMZMSPRaKV5wmCfBoEg1N18,1787589463,2026-08-24T16:37:43Z,7RyLnk9AfBaWKD56fqDHt9hYHcLTtpZ5sVH4NcwNJ7gj,buy,5.05875,24299.168980957,0.0002081861319604999,raydium_cpmm
2ZQSrGhm69xAZss2JKe9CEBEm5kg2pEi8h4eTJDk4rhkLEnkHtvTgrDsqkt4gEouX4ySEgmPGhAiKujbR18vWw6H,1787592723,2026-08-24T17:32:03Z,2z2q5gk8TDgqCidzkXkyevXH1aDaVjWL8cQwoRbMF1Jq,buy,0.01003928,36.580200371,0.0002744457356214737,other
GWp8pFLeNgPKjGcA8djNxAB82TgSMV8xX1efVkQVf3xqbtn3sdg1W2szAFiCq448BmfWKARWevcE4XjmkginLjZ,1787592783,2026-08-24T17:33:03Z,2z2q5gk8TDgqCidzkXkyevXH1aDaVjWL8cQwoRbMF1Jq,sell,0.007953534,36.580200371,0.0002174272945291298,raydium_cpmm
4fP4rPPQwNTwpfYkpbDYBzTSci9wJ8UkMSZ2NPsszJmojPeS2yUCnSZ8sfDJCHJkCRFTAZtx1TpetFzoVnMZPGSM,1787601638,2026-08-24T20:00:38Z,797CrVjYgQRU7V6CVhhz8hSNDTx5wF53apb6mf9wqPfZ,buy,10.011999999999999,49656.256656476,0.00020162615295920154,raydium_cpmm
5Gh7nCP5XptQLYV7G7zmwABzDxX44k2snMa65Zv2SAYiLx8WpeEPU6XCU1Rncz7dZBmErRTaRxMGZJMyMMq4ULz7,1787601650,2026-08-24T20:00:50Z,797CrVjYgQRU7V6CVhhz8hSNDTx5wF53apb6mf9wqPfZ,buy,10.011999999999999,49552.033491399,0.0002020502347645901,raydium_cpmm
5VyveH1aCPStwVSBRsGkBDJpJYzM5kmM7VsY94z25Km8Ha7XsEnyCc11TzgNgPEG92u51XQ3iE68s1qAeXXNNAns,1787602224,2026-08-24T20:10:24Z,797CrVjYgQRU7V6CVhhz8hSNDTx5wF53apb6mf9wqPfZ,sell,21.003400866,99208.290147875,0.00021171013868592396,raydium_cpmm
4tfxrCHUy5kWJR7UBJXPaQvjbVwXbtZ7wKEwCiN5ZHWWj2SbiFFM6WcCqbuihP19b4cMHotKJmgDmHrjiNhYUGmB,1787602279,2026-08-24T20:11:19Z,2z2q5gk8TDgqCidzkXkyevXH1aDaVjWL8cQwoRbMF1Jq,buy,0.010039280000000001,37.597691786,0.0002670185195714132,raydium_cpmm
4CCZucVZS2p56FjZkAtp4AZuwD66iBSi2GLwd7tgSWbR2zLMts9RgLF49LxFyqyQaXCjC1YLZnTpv5hR5ERSLRq6,1787602339,2026-08-24T20:12:19Z,2z2q5gk8TDgqCidzkXkyevXH1aDaVjWL8cQwoRbMF1Jq,sell,0.008035944,37.597691786,0.00021373503580324286,raydium_cpmm
23YpAq4r4AwmQ8eumzq8gX5AZobic6DDkTnn1x9m1PjLaqm3Ci1ZCmz6uEruh1PT8sMQ7EE8VgMqNE6mSwjFceQ8,1787603025,2026-08-24T20:23:45Z,7RyLnk9AfBaWKD56fqDHt9hYHcLTtpZ5sVH4NcwNJ7gj,sell,4.968618832000001,24299.168980957,0.00020447690354735397,raydium_cpmm
5EqrBLQmtx2AJUshm64KjKCdmFmStwxVSgaJfogmVrzNNFd4ymzZVMAnagrBHkTGDtFeASwbfZhqBxt3Yeasx3tM,1787603291,2026-08-24T20:28:11Z,3o7YPX68tAMJdYH6CeqNpvcNe9ZGcgFzBzVsoUQZgSbo,buy,0.052224875999999996,250.63136018799992,0.0002083732696531904,raydium_cpmm
14MiUbBzX2FgN7v4TAMBHQrFD1TtQZKGkRzCuXNr8fWD7LarSMi7burngrZBbPhMVk4yrCgnWusooqwxwYo1gnX,1787603457,2026-08-24T20:30:57Z,797CrVjYgQRU7V6CVhhz8hSNDTx5wF53apb6mf9wqPfZ,buy,10.011999999999999,49963.31218399599,0.0002003870352535794,raydium_cpmm
4DubdhAZ6vP2digRYKXJ1DUPsLMqigpYSgcgjBX9AeMgAesjur85WojWvCJ3ZzkuabikCRwa96FdZLs9xSV96eZ7,1787603457,2026-08-24T20:30:57Z,797CrVjYgQRU7V6CVhhz8hSNDTx5wF53apb6mf9wqPfZ,buy,10.011999999999999,50065.127960928,0.00019997951483942273,raydium_cpmm
3mNS1TxianEm9xZsVAvHYZB4kthstc8VXY4jPMT5aBGwNjPi4aGfSETvPUPgEJCANr1aq2EXHzESbLG6AAB4E8yi,1787603458,2026-08-24T20:30:58Z,797CrVjYgQRU7V6CVhhz8hSNDTx5wF53apb6mf9wqPfZ,buy,10.011999999999999,49851.24493119599,0.0002008375119581953,raydium_cpmm
4kZsWLfRmGeUY3J8c2o1rhgcon14NWaipFRNCYygoUN3EpuimNNkkwa9adCQ3NzTecVaWZs6dmU47j4GAEeZzeA1,1787603462,2026-08-24T20:31:02Z,797CrVjYgQRU7V6CVhhz8hSNDTx5wF53apb6mf9wqPfZ,buy,10.011999999999999,49756.96956861802,0.00020121804215171937,raydium_cpmm
4UwNcUUFKssoGeyfgRcVQb8XCVpoShrrAo3qnNbTUL6cp1UxBVtf2paXmFefLCoX9258wwcnmJ2oWUjntidptmCq,1787603468,2026-08-24T20:31:08Z,797CrVjYgQRU7V6CVhhz8hSNDTx5wF53apb6mf9wqPfZ,buy,10.011999999999999,49896.25864940998,0.00020065632716769616,raydium_cpmm
EFYvtZFGEb3t4o6qG5o2hahtQqP95smk7dRHLJiP56XpDBJVBzqx9FyC2Rcub8jszYXw2pxTCjG7Ueces93Rrro,1787603472,2026-08-24T20:31:12Z,797CrVjYgQRU7V6CVhhz8hSNDTx5wF53apb6mf9wqPfZ,buy,10.011999999999999,49790.147920078016,0.0002010839577353943,raydium_cpmm
3oofBbJ7hFp15sJN7FtB6DsFULucS1qHTu3e7F7wfkcxHLf6ioCtRAbMg2UqVGAyVZZeh5j58LiVf6sr4TAoEery,1787603513,2026-08-24T20:31:53Z,797CrVjYgQRU7V6CVhhz8hSNDTx5wF53apb6mf9wqPfZ,buy,10.011999999999999,50241.37532104802,0.00019927798425146994,raydium_cpmm
2fWX5DzNf8YTS6u1hwcmoS5tmMxERZX8UTbnnDviNr5FbDHKPkj4Qw9W3sv1z4wXMeEQKHh2xwy574UKb43v2N3m,1787603517,2026-08-24T20:31:57Z,797CrVjYgQRU7V6CVhhz8hSNDTx5wF53apb6mf9wqPfZ,buy,10.011999999999999,50026.591828089964,0.00020013356165466892,raydium_cpmm
58fxn9eV6KMHfMJfhjRWStLC1znv6TUrZgmrU38n4L3MtTyjvvWBZq9Vfzr39iVRpfrDhHgWSbcUDF6fxaRtV6ES,1787603526,2026-08-24T20:32:06Z,4iDyxGxPRC66QBNwYqMn74VtVm5Moy1ns4w3bAqYGvRG,buy,0.1002,502.3528417540001,0.00019946139778993723,raydium_cpmm
4zc4L6bSh7JRtAPEWRzyGsh1evHVMBbmS5oe6fZJXh2XGJKj627fKfVQ34ELkMCBFJE8Q4TwzrbRsn8Rq45qSSs9,1787603526,2026-08-24T20:32:06Z,797CrVjYgQRU7V6CVhhz8hSNDTx5wF53apb6mf9wqPfZ,buy,10.011999999999999,50190.46425262402,0.000199480123347864,raydium_cpmm
4SV3U96AK3gk3tqEsWCBYy7QbqcYpFNUXj4KKjXdDoXDTZFais58HcZGS8674znNsxP7p4XhgHBUqk3sCWUB7WyH,1787603571,2026-08-24T20:32:51Z,797CrVjYgQRU7V6CVhhz8hSNDTx5wF53apb6mf9wqPfZ,buy,10.011999999999999,50743.894784957985,0.00019730452387284737,raydium_cpmm
3JVSAq7xxseHpkjBBN84FZwsr2QT5ARCf7dJoWqTUzmB8qasTaQvcLjeoggCEsNGgoWjfi9njoFjxtQzeiXzbKcj,1787603590,2026-08-24T20:33:10Z,4iDyxGxPRC66QBNwYqMn74VtVm5Moy1ns4w3bAqYGvRG,buy,0.04020000000000001,201.2357030639978,0.00019976574428850452,raydium_cpmm
63JBSuiaoc6UgFTqbDkzJ5bT1mGwHcz5puYYxehGQNcDVJZX9dMahEhTU8rmVUdTv8cvPrPsq5sByjv8gQm3nSes,1787603613,2026-08-24T20:33:33Z,797CrVjYgQRU7V6CVhhz8hSNDTx5wF53apb6mf9wqPfZ,buy,10.011999999999999,50595.409553708974,0.0001978835647010995,raydium_cpmm
a9a14DjvYXYJAhZsfDFusC1ZjZ1Wfhy5cXy8s8fEqLUpJiDCxMb2W6AWZS6NLwMj96CC5a2Xx5emZoUGoUQVb7o,1787603643,2026-08-24T20:34:03Z,797CrVjYgQRU7V6CVhhz8hSNDTx5wF53apb6mf9wqPfZ,buy,10.011999999999999,50154.20331156708,0.00019962434529771362,raydium_cpmm
5L1vSuP8qibZmYGKb3TJK2VQhYiE1dDKtU619EgdhC3kUGCqxt372jkwUZ2R9FwaXimo5Fm7GLraeFe6xdxC3Dsa,1787603647,2026-08-24T20:34:07Z,797CrVjYgQRU7V6CVhhz8hSNDTx5wF53apb6mf9wqPfZ,buy,10.011999999999999,49882.50671168498,0.00020071164542448077,raydium_cpmm
BUjsHEYXBVnFfExusnJ8EzvAhHJBG14xnBS2BwjxzfVwn1idNyYmxNAqc5YnHPqdviP47EtqUdcCUzGkyiqDRfC,1787604892,2026-08-24T20:54:52Z,797CrVjYgQRU7V6CVhhz8hSNDTx5wF53apb6mf9wqPfZ,buy,10.011999999999999,56016.75609723001,0.0001787322347374393,raydium_cpmm
2tHVouExeR81C44rQJt3KEZmqZn5D8cyN2ydvsm17UxxrR6gNyEvNFoiRV1LkgGE9nf9NSa7DrJG1k4Jk8tzjpAa,1787604893,2026-08-24T20:54:53Z,797CrVjYgQRU7V6CVhhz8hSNDTx5wF53apb6mf9wqPfZ,buy,10.011999999999999,55881.30262748292,0.00017916547269383103,raydium_cpmm
51zBmpZQro4p66w72GcHWBGnikaz1ZHWaKXjC7LGkVhLZKgS4k2JF3ECU9pjnLgchP4c4Np96EVuPosWowNYv6a5,1787604894,2026-08-24T20:54:54Z,797CrVjYgQRU7V6CVhhz8hSNDTx5wF53apb6mf9wqPfZ,buy,10.011999999999999,55749.13103330007,0.00017959024319176618,raydium_cpmm
4SfB8F4PvFVm2TWCZCHHFCZtw1ej4UDPgCG5UUc3hK1P4GqJyJLr4rCoogBv7zTPj8QxQCV1r1PZB3GPWU78RZwX,1787604895,2026-08-24T20:54:55Z,797CrVjYgQRU7V6CVhhz8hSNDTx5wF53apb6mf9wqPfZ,buy,10.011999999999999,56097.734646157944,0.00017847423007634242,raydium_cpmm
3QLsZy3Yn7W7SoBEQ497zmxVQuLj916PLghVbHYCsYCvkRndskQGGNU4Cbf2dtPWpJZfQQP4smPJjRyZZCtJxLch,1787604949,2026-08-24T20:55:49Z,2z2q5gk8TDgqCidzkXkyevXH1aDaVjWL8cQwoRbMF1Jq,buy,0.00819488,47.005412152,0.00017433907341351377,raydium_cpmm
3J8J6hWe81qDNMHi3BScN4nqUjtHR3jto23e43jeQf1b1HjM2ja56KS9n55WBNPvsdQDn5UL9sotEWhFT1gGA8nX,1787604950,2026-08-24T20:55:50Z,2z2q5gk8TDgqCidzkXkyevXH1aDaVjWL8cQwoRbMF1Jq,buy,0.008,46.676871477,0.00017139109256587593,other
ReyZxsJYb8wMEX87eU4J63Lio6Lb8tpK17arNeDgs5Km3HkDZWuqnBJipS45Jco9sAS8FqVJ7Awhtv1teqnMKkQ,1787604973,2026-08-24T20:56:13Z,2DCW6PvdpXwscZVanFmDLB7svT2STkUj2SuXSMR6C29g,buy,2.001,11549.4913372,0.00017325438338179768,raydium_cpmm
5MPNFxq9txo6uX35aqHKDS8g5kD1vivQzf1DxLVyAbRR4THqJXdE9x9QFCv4A3HfMq5D9VQk8jgzHaNcbkNxGZkY,1787604974,2026-08-24T20:56:14Z,2DCW6PvdpXwscZVanFmDLB7svT2STkUj2SuXSMR6C29g,buy,2.001,11560.811225288,0.00017308473955729274,raydium_cpmm
4rDT6LVUdnVHJ2aGEnjrksj7W5x8PUjqUobRsvebesEs1DNbFMWMoBAzAhZie9urR5fPB3ZT77A5WorXGEQNQGJ5,1787605009,2026-08-24T20:56:49Z,2z2q5gk8TDgqCidzkXkyevXH1aDaVjWL8cQwoRbMF1Jq,sell,0.00807364,47.005412152,0.0001717597959548256,raydium_cpmm
4gNRN2mUD8PntTioEXTfd1Pk7u5Bsg9vC2x8dNx8Jto1Tz2sYkEt9AZfCARyWEuNCmn7YWRfr913i2cFBPvmzrSn,1787605010,2026-08-24T20:56:50Z,2z2q5gk8TDgqCidzkXkyevXH1aDaVjWL8cQwoRbMF1Jq,sell,0.007996006,46.676871477,0.0001713055255629124,raydium_cpmm
4FmsXwuXNGEcSB3n16LtFhMK7DtordRS6CGXCXSe8hA7b1RCGa7Kwb8UtHmWvcAiEwubndGN4gBPMjtYD6Fmzfgt,1787605368,2026-08-24T21:02:48Z,2DCW6PvdpXwscZVanFmDLB7svT2STkUj2SuXSMR6C29g,sell,2.1491155390000003,11555.151281244,0.00018598765924323163,raydium_cpmm
bRZvEcCV5Xkjsz3fc6sVg1JDnbdtiPYMz6uq5CAWGwXXzEVQUGhQZrSwPtfhuCx7Fcnr6GHnnKSVEuEWDnzGGnk,1787605382,2026-08-24T21:03:02Z,2DCW6PvdpXwscZVanFmDLB7svT2STkUj2SuXSMR6C29g,sell,1.080070992,5777.575640622,0.00018694190421429465,raydium_cpmm
2oQeUpubc9n8fEPnU9aShJDyF45Fm4R1hc5Zy5xQTi7Tx5um5GZw3FML91JSY9utjbKzvSbyCc49FooMJLGCuaun,1787605540,2026-08-24T21:05:40Z,2DCW6PvdpXwscZVanFmDLB7svT2STkUj2SuXSMR6C29g,sell,1.080757709,5777.575640622,0.00018706076323799515,raydium_cpmm
5b64u9pBoygSsXPeKkrXN1VVxrCx9SYuBZqP45VaJrqKDkfnihm6MYVHLNd6kKJZMtx2BiyxYCr4fLfsrmuYt72L,1787606200,2026-08-24T21:16:40Z,4iDyxGxPRC66QBNwYqMn74VtVm5Moy1ns4w3bAqYGvRG,buy,1.0002,5817.540689993002,0.00017192832045343255,raydium_cpmm
yCECaV6xkw1VArx7TxihRRWgLQUBvbbNczgHd96CRNJ6mY87hwT9Wnmvct2Ayk8TDjeUy9UfVh9gvUrCNyfxLtV,1787606219,2026-08-24T21:16:59Z,5e96SkPWmHz9cizDSqoqVahvf6QQjRS9xdJA7ueYuvD1,sell,1.8412972060000001,11027.304112541,0.00016697618812434417,raydium_cpmm
3fsVX7qgc7TUy7vQRhSYjZcFB3AcAbLcvN5v8oj8owMgrvMExEqezi57GDrMaQxNcHhGC9T6KzrmRQ6Kd3DyU96G,1787606229,2026-08-24T21:17:09Z,4iDyxGxPRC66QBNwYqMn74VtVm5Moy1ns4w3bAqYGvRG,buy,1.0002,5874.950594064001,0.0001702482402167932,raydium_cpmm
51X9ymmQRoC5qFiVkDckBNs71viqrYP2oj7FYFJNxVHdzvRiD3CeYcaSDnfdKSQKNHnXFNvtgvitjuCjQ2JrsSFR,1787606240,2026-08-24T21:17:20Z,4iDyxGxPRC66QBNwYqMn74VtVm5Moy1ns4w3bAqYGvRG,buy,1.0002,6046.189424411998,0.00016542650747289003,raydium_cpmm
4EurkZVQToc39wWRTUfFhawxMcEQh8ZNVyier6aoWt3SrXiM6X8jD1ebNor3Wa2kLTNax5NUyPfG8HxpTm1dHEeJ,1787608950,2026-08-24T22:02:30Z,2z2q5gk8TDgqCidzkXkyevXH1aDaVjWL8cQwoRbMF1Jq,buy,0.010039280000000001,44.177906862,0.00022724661970427966,raydium_cpmm
417y2wgZW2cTDnzdwSJFKgxDNojpz1HcgTj3EjPZwt4jU1ZqoVFmc3HEdtHw99CkJqPCbH9XhGKytw43UrwiE7A7,1787609011,2026-08-24T22:03:31Z,2z2q5gk8TDgqCidzkXkyevXH1aDaVjWL8cQwoRbMF1Jq,sell,0.007957862999999999,44.177906862,0.00018013218744967346,raydium_cpmm
2sSZsN3Hs9WFK9fHdK9YP1xjruDnoJgSrBWemQUwSzHt7VRqyHVfpBVm7YPKyYqYmzw8gmKZXKgjLV6Bot92YKXG,1787619382,2026-08-25T00:56:22Z,5e96SkPWmHz9cizDSqoqVahvf6QQjRS9xdJA7ueYuvD1,buy,1.8150000000000002,9611.643099697,0.00018883347843587917,raydium_cpmm
5b4QHMEWapFgebnYg8cfMXFiJX6aXCpMHDTHCBes8kixD835V5mQnkt66Ji3UkPmVpa2J2Wpwcpq4iyLAvHaXagD,1787620868,2026-08-25T01:21:08Z,2z2q5gk8TDgqCidzkXkyevXH1aDaVjWL8cQwoRbMF1Jq,buy,0.01003928,43.627322424,0.00023011451178303922,raydium_cpmm
4fgkpBWrPQdmY18vEQtuoKxwkLfE6eu5RxmbsgtMtkfvVhzmEjkMKYvw2tFBxBX5usg5FDxzMWBLMkXFNc2bgaru,1787620928,2026-08-25T01:22:08Z,2z2q5gk8TDgqCidzkXkyevXH1aDaVjWL8cQwoRbMF1Jq,sell,0.007952594,43.627322424,0.0001822847142144384,other
5piNbNjeRQ8ydzseRBoxEF1Vzk1D12v6hwzsLdxPXgADoEfCF9sR4Nk4HgxYJ9mGLxVkxDQAP2om6zMWrFTEtd9Z,1787635748,2026-08-25T05:29:08Z,ATj6HNyLtkdm8LMiTf6LftgDLDK378dAjDv8bCBhkoD1,buy,10.0,71035.318737023,0.00014077504230002258,raydium_cpmm
4UmMQppdo2EnBj6n932kPY8STK2UnhTiC2RSwQzfth3gGVeTxtmcK3Ghgr9M2sNGppFHtpoDKRQ3gpFv4ULg9WEx,1787635777,2026-08-25T05:29:37Z,ATj6HNyLtkdm8LMiTf6LftgDLDK378dAjDv8bCBhkoD1,buy,10.0,70916.46776634899,0.00014101097128733705,raydium_cpmm
3vPHPQZ2S2erVebZ7mBWV8W3fRWMFedauseSx1qCqzRHxbxyS6qsE2Bwrmqs3LjsZG7jDXcdTCuooYVttpqYwhND,1787635818,2026-08-25T05:30:18Z,ATj6HNyLtkdm8LMiTf6LftgDLDK378dAjDv8bCBhkoD1,buy,10.0,70736.87152731002,0.00014136898881850053,raydium_cpmm
5KTFkgX7aACWeHYEqLsw5ruRaWyrf5reb3bGXd2SHDKZLsF2BQxgwgP5Kn6bWZPXtZ6K4DXkPkh3ChwiYbZm7Xvb,1787635869,2026-08-25T05:31:09Z,ATj6HNyLtkdm8LMiTf6LftgDLDK378dAjDv8bCBhkoD1,buy,10.0,70334.082591835,0.00014217858016336575,raydium_cpmm
5Vk6tYSb2h6EKBYs3QVWZSC2XoKsmSPjnKwBHnmbXqMLFHQJhHxMMdYXrk4H7ChGZCMyiY5BpeLB4ocoJpf1qFjL,1787636326,2026-08-25T05:38:46Z,ATj6HNyLtkdm8LMiTf6LftgDLDK378dAjDv8bCBhkoD1,buy,10.0,71594.65284376999,0.0001396752355489657,raydium_cpmm
4gkVJk5fsrVXPUGHhecwcWdEjM9iP2C38Tuf9rGMvdYJh3uSodeThXTEXDtpJUhwuXKJ2eXsqTiX4NHDrRymt8Sf,1787636368,2026-08-25T05:39:28Z,ATj6HNyLtkdm8LMiTf6LftgDLDK378dAjDv8bCBhkoD1,buy,10.0,71604.07968111901,0.0001396568469915948,raydium_cpmm
3zngsqaN6zM3sBxEcnBmcZAS2w9pXqYnLcPJJtYArx11ncNN4MT84YYVYKeSRtwHDNPjeGA4PSs6YX9tsGgwU5Hb,1787636516,2026-08-25T05:41:56Z,rAHF9X8b6JfP5DvM3b1RhuJVco1NZ9RHsxJvdSVWixf,sell,9.531672672,69000.0,0.0001381401836521739,raydium_cpmm
3tVTbaCNt7RDW3mmJ37cjXWzQqNcawrEMbePnme9WoyRPaLTnQrqe1XbFAZr63aF1MmZ1Q9hLSPbBBGkBCs9E4YA,1787636610,2026-08-25T05:43:30Z,ATj6HNyLtkdm8LMiTf6LftgDLDK378dAjDv8bCBhkoD1,buy,10.0,74621.03895167599,0.0001340104632753227,raydium_cpmm
2SeMQyPLqqusyFWDBPnbDyPqEZNBK1bvo5EvXZMNvC6nHVY8zPMVVidDNEBK7pmdxDRsKk3chxS1TkaNqxx3XdA6,1787636614,2026-08-25T05:43:34Z,ATj6HNyLtkdm8LMiTf6LftgDLDK378dAjDv8bCBhkoD1,buy,10.0,74546.89381602604,0.00013414375151135012,raydium_cpmm
3UJdUYkKk8HnzDzaNqanvudSrKWr2tp2HjagUQUBnHVYTpJnJoFJAVTv3mUUiZhyJmE1Bst3EjrKvHzGCgdo2n4w,1787636633,2026-08-25T05:43:53Z,ATj6HNyLtkdm8LMiTf6LftgDLDK378dAjDv8bCBhkoD1,buy,10.0,74726.72248091397,0.00013382093671449472,raydium_cpmm
eqPMDyeup1Rz8TJCisTNRQGRseZ1BmW53V9Y2mguDZFkZztYHuq6iJsKwZahhg4wn5fApzm22mH3i17miE8hZLf,1787636741,2026-08-25T05:45:41Z,ATj6HNyLtkdm8LMiTf6LftgDLDK378dAjDv8bCBhkoD1,buy,10.0,76306.18645646493,0.00013105097324848377,raydium_cpmm
5EepBC41b1ukoHti6PAUx8NWSQ2MGjgq8Y6kuxkjcXgeNjCRRC8awrSsYhoe4Ry71nHP92P1pissLi6k6PT9o9kv,1787636743,2026-08-25T05:45:43Z,ATj6HNyLtkdm8LMiTf6LftgDLDK378dAjDv8bCBhkoD1,buy,10.0,76108.50951270002,0.00013139135247854677,raydium_cpmm
62ibfNRBZBzrpgDXmoD9VAeKP4Tyzt6urAdUATAjx7LJVSzx95iYQiM2rzUMYM9MQ9eeKvBAxpVENW2tVq8zV4Ku,1787636769,2026-08-25T05:46:09Z,ATj6HNyLtkdm8LMiTf6LftgDLDK378dAjDv8bCBhkoD1,buy,10.0,75376.30244980904,0.00013266769097169126,raydium_cpmm
63EmVKjUFmf3yTirePdLFPWzkvKgjHrcaw42uwgBGduuRWYhyNHaX5LnyLzfqvURxRBEv7qwsMfduKXnJmBoEj3C,1787644658,2026-08-25T07:57:38Z,5e96SkPWmHz9cizDSqoqVahvf6QQjRS9xdJA7ueYuvD1,sell,1.433860973,9611.643099697,0.00014917958960057533,raydium_cpmm
5zTakseNmJZxN2eLa5MF46YheSCvfxdigWvhondPHm5dHeBKHY19byoAwYT4uhjZu1Q6mqnVghG5z7Jyf81iVnzN,1787653995,2026-08-25T10:33:15Z,2z2q5gk8TDgqCidzkXkyevXH1aDaVjWL8cQwoRbMF1Jq,buy,0.01003928,44.449033866,0.0002258604771987914,other
z6RuTot4huVb4MhhwmFGX6CXr4byLcFonDrrLLaWT2RnBS6X6Z64LXFEfFFqXsm4NHK93MKaMJgKBTrLw36aK8v,1787654056,2026-08-25T10:34:16Z,2z2q5gk8TDgqCidzkXkyevXH1aDaVjWL8cQwoRbMF1Jq,sell,0.007915832000000001,44.449033866,0.0001780878302971392,other
2iWSHFHA4nuU4GtvA2HRUr6RL1AdqtC7Fdvtao6Hf8ZsCrDtCDFztCiYgh88RNTugLY1s2gXSfBPHsvFzJ6sPagX,1787658788,2026-08-25T11:53:08Z,797CrVjYgQRU7V6CVhhz8hSNDTx5wF53apb6mf9wqPfZ,sell,28.437468152,150000.0,0.00018958312101333334,raydium_cpmm
2ddW3HdV5Be1fAwAirxY2Cxj2eThxXYtiM12oadtvNd3mG3kNmX92zfwbrB71vGmMaTLdCunECPzNZk4UXfSs7v9,1787658798,2026-08-25T11:53:18Z,797CrVjYgQRU7V6CVhhz8hSNDTx5wF53apb6mf9wqPfZ,sell,28.340081099,150000.0,0.00018893387399333331,raydium_cpmm
2D878Yg6DKPxpgkkbXCFGtgFzYfWutpa3UGrHutxgMe5R3aA2ecj2s7A3SEpcMR8ZVu2Tgrtr4DS8GPRoaSqXNsr,1787658809,2026-08-25T11:53:29Z,797CrVjYgQRU7V6CVhhz8hSNDTx5wF53apb6mf9wqPfZ,sell,53.944766962,287451.215691039,0.0001876658160318286,raydium_cpmm
2F9yy93PjWYZoCdJrCyamZhqCgxHjC29hBMVNwnzHSq7V9iCnzhdR9PGgbpscAMjxPeNLhR7nkwprZXiAwE5CWq3,1787658822,2026-08-25T11:53:42Z,2z2q5gk8TDgqCidzkXkyevXH1aDaVjWL8cQwoRbMF1Jq,buy,0.01003928,42.714676388,0.0002350311613930516,other
3hfELd9AvZNgnnVz3evUbiz17VVYMqSksprmfUGTJMuA88c4rVDrYMz1U4Wqw9zEDH18ETsFmeKkfSiWSWpKugF6,1787658838,2026-08-25T11:53:58Z,797CrVjYgQRU7V6CVhhz8hSNDTx5wF53apb6mf9wqPfZ,sell,53.339400603,287451.215691039,0.00018555983656138285,raydium_cpmm
63scVHcTgm7gRcCUS6Eqtxs4hRjbMNip6CjzKaviG2GPSQJzL9LYMcX7HKrQQgrXd2K8VD9XVLPAQEryUatUm7qg,1787658882,2026-08-25T11:54:42Z,2z2q5gk8TDgqCidzkXkyevXH1aDaVjWL8cQwoRbMF1Jq,sell,0.007853671,42.714676388,0.00018386352570392788,raydium_cpmm
5ZuYKGDpp3hQXdATa6jZ97pupQZwpQyKfx1PSt8U6YwpEYf6J2y5C5XrsDdoJVrN57ZbrpNYFL5UkwGbqfJo8gwr,1787658970,2026-08-25T11:56:10Z,ATj6HNyLtkdm8LMiTf6LftgDLDK378dAjDv8bCBhkoD1,sell,27.644734361999998,150000.0,0.00018429822907999998,raydium_cpmm
4pKzN49dvkUQt1DbCaAepB9FriPQysynxFwZBVyoZeZieuE7gi7cbeUN1KBerELphYVgFkS7u59SAHNCKazndDTi,1787658987,2026-08-25T11:56:27Z,ATj6HNyLtkdm8LMiTf6LftgDLDK378dAjDv8bCBhkoD1,sell,27.477395422,150000.0,0.00018318263614666667,raydium_cpmm
wQq5JsbDr3Zh2Rw4DyT42V5xPBtU7aPWKbWBTC4Uu5cZQZeungKpPaydmXYfJW1B76uHGZ1jCSmcAAJJvTiFKfd,1787659011,2026-08-25T11:56:51Z,ATj6HNyLtkdm8LMiTf6LftgDLDK378dAjDv8bCBhkoD1,sell,27.341091329,150000.0,0.00018227394219333333,raydium_cpmm
57ksBeqt2wAsJdyd6A4Drvqo96VogPfDseQ1ttD2rc6hFduuwtefWztWtv2JufUywQBLeywyi1kRUMUUsGoGhsQQ,1787659043,2026-08-25T11:57:23Z,ATj6HNyLtkdm8LMiTf6LftgDLDK378dAjDv8bCBhkoD1,sell,38.648447935,213953.563407498,0.00018063942156172364,raydium_cpmm
5qjvQYsMdMo5Yw81pvezWtWJj7oWHi4TMS7JAxJi7u68CMZmSMB3kaAuAeFCvtQYf65bQgxzruLoTQH2pFrVRSG6,1787659063,2026-08-25T11:57:43Z,ATj6HNyLtkdm8LMiTf6LftgDLDK378dAjDv8bCBhkoD1,sell,38.344601983000004,213953.563407498,0.00017921927250152177,raydium_cpmm
4dVhyv5rf8p1Gp5viNGWeHGUAo4nmM1wDrkQKhUAQcgRadf64MGTtTQYRi22WGKNLoiXVhQhDyuqpSbgUdcg9VY4,1787659249,2026-08-25T12:00:49Z,2z2q5gk8TDgqCidzkXkyevXH1aDaVjWL8cQwoRbMF1Jq,buy,0.01003928,43.883935292,0.00022876890901418658,other
3JjeWbom5YmEVqF26DVPnpEMkTWbyuHDqsLiC1cqtjB2gb4UQBJjLfjozwTMaqfMuwNW99GMMLBSD4oB6ggCjyB2,1787659309,2026-08-25T12:01:49Z,2z2q5gk8TDgqCidzkXkyevXH1aDaVjWL8cQwoRbMF1Jq,sell,0.007780182,43.883935292,0.00017728997976665782,raydium_cpmm
3ivSQkzkeP8LsLaptUyNYQ1XDYE7rCDiLFvTBKt9FV2RnVnh8dBKDmt1ZbsBgsYGCd1apL2ekwFtxZDHVstUekKH,1787677907,2026-08-25T17:11:47Z,2DCW6PvdpXwscZVanFmDLB7svT2STkUj2SuXSMR6C29g,buy,2.001,10594.30501625,0.00018887506041507962,raydium_cpmm
5m5C1H7dTzfpfyRt34QU2nC4D3FryPqUhn43c9wnN6LaMqJ53Vg5LSBgRmqNc5tTYvytKTydMCjqW2ekAiAaTVGu,1787677908,2026-08-25T17:11:48Z,2DCW6PvdpXwscZVanFmDLB7svT2STkUj2SuXSMR6C29g,buy,2.001,10589.418937668,0.0001889622095205027,raydium_cpmm
5rgMDnn6E4umcMpAFFpxBQc3oYcpcGJXERFahDwUQSG2cXkRZJfNrH6dSEsyRBneTDDY6uXeVGj59KLRCQcSFWgy,1787678839,2026-08-25T17:27:19Z,2DCW6PvdpXwscZVanFmDLB7svT2STkUj2SuXSMR6C29g,sell,2.126619889,10591.861976959,0.00020077866324411526,raydium_cpmm
4GRDHPwtUdnvjR3SgRrzkHoNimMvgRi42jjeSkMfM8dPHPfrsQbd5NWurAppykKbde1ezxUZGnEGTgxkxsTXmMUQ,1787679000,2026-08-25T17:30:00Z,2DCW6PvdpXwscZVanFmDLB7svT2STkUj2SuXSMR6C29g,sell,2.090772965,10591.861976959,0.00019739427964112088,raydium_cpmm
44hJc2nkWXRwpQgRHgN9ewZFtyo36bQaoNKruYKVrsJUkdvyFXE9jc8wi3Paat16LyWN7PNzKCvXQeAN5maTwxWD,1787696036,2026-08-25T22:13:56Z,tronFPfm42zg7TowSTvPw3ya2tU2oYqvwKJ7i2xgBGB,buy,6.00203928,36550.179537149,0.0001642136743514386,raydium_cpmm
2rY8QiQX3hN6RUzu6HBBDRHAMQ8eSuzKr79CNKJyVeir6V7sQvJfiaCX2WPyz84USU34cF4JGn8R3c1ku68mDDTy,1787701533,2026-08-25T23:45:33Z,2z2q5gk8TDgqCidzkXkyevXH1aDaVjWL8cQwoRbMF1Jq,buy,0.01003928,53.617871564,0.00018723757036899152,other
5b13V6rgMWzsUegFvvAMxxZSNx3oFmWZ49TfGtG3szhtnmrEo4EmQPGB9FyB2X5MikHy2uJQYjL15XSXyfvCskuL,1787701594,2026-08-25T23:46:34Z,2z2q5gk8TDgqCidzkXkyevXH1aDaVjWL8cQwoRbMF1Jq,sell,0.007851078999999999,53.617871564,0.0001464265322548043,raydium_cpmm
4kTBgEHPqA8FXq3CHs3NKEeARKpQx3GHu931vRicSw3qb3W52ko5NyKxZStGrAHrqDypwHZAVY9eERNHX2oHfRD1,1787702158,2026-08-25T23:55:58Z,rAHF9X8b6JfP5DvM3b1RhuJVco1NZ9RHsxJvdSVWixf,sell,11.093023455,75000.0,0.00014790697940000001,raydium_cpmm
51Ci2vXEWzCGQ694GnRUsTZy7z79jY5sNTMr3QV1zj37PgA722wkTJ3p6m2N9pe6ficQbMo1ztgA6ZCfFNd4gNPJ,1787713930,2026-08-26T03:12:10Z,5GjQkGJF1NtAsTt9P8Q3Ni6SD2QsSZ1sSnsi8GBqDnt5,sell,0.00203928,0.748969933,0.002722779527118881,other
34XhkCUFonvquWRGhLpmygY3TssfWMRAphK5WSepk3PQVFhWXu6N8mYHK4MvjuhXGVYzQrVpD9jUqcyLV1DD1pdA,1787741166,2026-08-26T10:46:06Z,2z2q5gk8TDgqCidzkXkyevXH1aDaVjWL8cQwoRbMF1Jq,buy,0.01003928,44.450128149,0.00022585491691604615,other
BYJZv4QKnMR69sHHoNQFQMDqisSDFPMbHNP8KkxSYFXEfoZC8K183aSoriPVr7TkFnPRHZpCoFpzbpwvkqirYAi,1787741226,2026-08-26T10:47:06Z,2z2q5gk8TDgqCidzkXkyevXH1aDaVjWL8cQwoRbMF1Jq,sell,0.007985845,44.450128149,0.00017965853716396223,raydium_cpmm
2Gs5o4xhbtv4aX3evBr2xL8HPNwG4JHGvuPzS3aN8NoYsmrk5D15GpynXnT1s4krtFFE3EJgaKccvpW1LE5BiAa7,1787743612,2026-08-26T11:26:52Z,2z2q5gk8TDgqCidzkXkyevXH1aDaVjWL8cQwoRbMF1Jq,buy,0.10203928000000001,545.346999394,0.0001871089051803494,raydium_cpmm
4KnQ7bmC2cjv4PV6iWHghxawqfin56Ffyfw3Pvzbn3aqoZCKkinYu9ceKgMqpLf3aaF7sESjGe8hTFGfFygwZZN2,1787743718,2026-08-26T11:28:38Z,2z2q5gk8TDgqCidzkXkyevXH1aDaVjWL8cQwoRbMF1Jq,sell,0.11655593099999999,545.346999394,0.0002137280137775016,raydium_cpmm
5vXLhetpyN5YXDddMKek8cyvK3cus58kcz5hAuHwhqZGCagdqtm96wQuLixF9VLBuXAsCkueaHa62Esy1W7jHyPF,1787743971,2026-08-26T11:32:51Z,2z2q5gk8TDgqCidzkXkyevXH1aDaVjWL8cQwoRbMF1Jq,buy,0.010039280000000001,42.648401589,0.0002353963953150676,raydium_cpmm
3psBEhgzxP9s47anih6BuiRNuwwtjLt1w8mdiQnaSyg6UMdjDLgzryCh4KUZwpcuqWwKuK6KF761ZeHy5zjnwVLD,1787744031,2026-08-26T11:33:51Z,2z2q5gk8TDgqCidzkXkyevXH1aDaVjWL8cQwoRbMF1Jq,sell,0.007908575000000001,42.648401589,0.00018543660970496496,raydium_cpmm
4mJngiV6WKHBGNQk3htdDiVCC9VpbFA1bXSuoe5cxFgQJGDg7i7JkWzPfy4UZo4wpFXxN4yWn47q4FWSX4gv1F3m,1787744120,2026-08-26T11:35:20Z,tronFPfm42zg7TowSTvPw3ya2tU2oYqvwKJ7i2xgBGB,buy,6.00203928,31760.778527264,0.00018897645329593374,other
5VcH4mGL6Y11hA41ZwcazzXWKo8QkPZfCUWCoWkNGJ4FpyKEr7zSobs3Q56891aa2yk3dyroxbC2GHCTJ9Ttx8xD,1787744687,2026-08-26T11:44:47Z,Bc2FpV584T1bKBp21xP2xzUH3tATBCvL85Y3ffubG6Yo,sell,18.201681468,100000.0,0.00018201681468000002,raydium_cpmm
38LYpHvWwcRcpW9VEd3NMujKvh2nR8EPdaPJx68noVVjfriCmmDewoxz5C5GV5t7awA94UkKKcBRFU6R6TDc9upb,1787744695,2026-08-26T11:44:55Z,Bc2FpV584T1bKBp21xP2xzUH3tATBCvL85Y3ffubG6Yo,sell,18.091867673000003,100000.0,0.00018091867673000002,raydium_cpmm
5C4UMYxmWtmkJ55cPZv6qPDqb7j81TCsfcN6jCJkL91uxherfuCnLFEJs4Y1jMvcTYCdPTsfQZ4vZUpMnj7LUGbH,1787745076,2026-08-26T11:51:16Z,2z2q5gk8TDgqCidzkXkyevXH1aDaVjWL8cQwoRbMF1Jq,buy,0.01003928,49.53939676,0.00020265244747804634,other
2q14rYHBK1xyUuAyM8XosRZuYndLKPMWFmX2vZPfHgh68NAYXHnkwPuV8JxCKvmjMArcMU2QhpQBq9SveqEw7J8a,1787745137,2026-08-26T11:52:17Z,2z2q5gk8TDgqCidzkXkyevXH1aDaVjWL8cQwoRbMF1Jq,sell,0.008310426000000001,49.53939676,0.00016775387960941333,raydium_cpmm
xg8m9yhp2dRxpeHh6wqtnh9w6E2oPPL1byw2j7QTRypUyoBjMg9nQUYeqfwJz8iETkFuPvnQZp4Z3kFWxQuqk8C,1787745662,2026-08-26T12:01:02Z,2z2q5gk8TDgqCidzkXkyevXH1aDaVjWL8cQwoRbMF1Jq,buy,0.01003928,45.231077347,0.00022195535876763422,other
4V8bWhvJFv3oJwmRuf7j7dGhuL3zbJgioUpz5txbWnNFL9XHckLXpFdfwX6w2Mwkqh48epwW6KNkJPiDgGrcjfqn,1787745723,2026-08-26T12:02:03Z,2z2q5gk8TDgqCidzkXkyevXH1aDaVjWL8cQwoRbMF1Jq,sell,0.007890736,45.231077347,0.00017445385922304062,raydium_cpmm
5iMDMyY2YC8mUxVMorrdTGfZYNQ6JMnV6fNUmrPX4ACgrDYnJZxSAW5LKQF3pzfX23KTYr86NZZiRdUQJo3vh5tS,1787752726,2026-08-26T13:58:46Z,2z2q5gk8TDgqCidzkXkyevXH1aDaVjWL8cQwoRbMF1Jq,buy,0.01003928,59.651430285,0.0001682990659575934,raydium_cpmm
P8sKJMFFhWtA5UE9ptumf71vb7MLXrsUzjJBZBJAdxqRVphJJygGQTh71AceMVKM8qSVgMJS4VGVVUMYom5HL1S,1787752786,2026-08-26T13:59:46Z,2z2q5gk8TDgqCidzkXkyevXH1aDaVjWL8cQwoRbMF1Jq,sell,0.008269636,59.651430285,0.0001386326524022927,raydium_cpmm
234NjT3Mf27yg35NyhkaKTok7kDG9C1YXGB4Ar9BpPKFfbhKNtuwMf9PEBANYnZ9e3CRpzpD8mpbThQpumZpnp7J,1787753819,2026-08-26T14:16:59Z,797CrVjYgQRU7V6CVhhz8hSNDTx5wF53apb6mf9wqPfZ,buy,10.102,78807.512950966,0.00012818574805533402,raydium_cpmm
qFpQQ7KMcfwWiPzzvZp7L3cyZyKrJXqw1cfHx9r2ssS5XY3JMomoW4YyM5R9VwgDfRTCGPwJJKH2TyCqNJT7x4i,1787753827,2026-08-26T14:17:07Z,797CrVjYgQRU7V6CVhhz8hSNDTx5wF53apb6mf9wqPfZ,buy,10.102,78999.871146423,0.00012787362629081204,raydium_cpmm
tNMZdrVf5wEGFiZeegVxkvSCgRoYHQainK2978MJsVeM3UnJPZnckcxh5HJruPvUwyMWC6etfskYeLm2XhUU3ps,1787757954,2026-08-26T15:25:54Z,2z2q5gk8TDgqCidzkXkyevXH1aDaVjWL8cQwoRbMF1Jq,buy,0.010039280000000001,50.289244602,0.00019963075761930893,raydium_cpmm
2ewkuURFvFZ747SaeR7uavYK4UpiA9wqsLj1jJ1TXjUFG2uK4kFKmKo7af13sKn8XiUiFcNCHRFZrRsVAXmBrS4F,1787758015,2026-08-26T15:26:55Z,2z2q5gk8TDgqCidzkXkyevXH1aDaVjWL8cQwoRbMF1Jq,sell,0.008279362,50.289244602,0.00016463484519452755,other
5JuTLALkt3za2jioxDGybJuJyYzwzMLZorGyimHje7zgkHdhhG5wQMXdTUtfBWpW5nLYvqycNNe12x2YhFb2snPH,1787762514,2026-08-26T16:41:54Z,E8VtaEW7koT1gy85BAx8WqAYbvjASZUXNCcuW5r1oS3v,sell,272.148694995,2245744.9999999995,0.00012118414824256542,raydium_cpmm
3ydKytjWVpKsw3d82Wu9fKkrGhMPZ5811QX5iw6gacPEQWyeRtF2cAHakon7mLz1aqBeJzNLnytsutxKBcnYxsRi,1787762565,2026-08-26T16:42:45Z,E8VtaEW7koT1gy85BAx8WqAYbvjASZUXNCcuW5r1oS3v,sell,347.367136938,3034959.215002606,0.00011445528994949005,raydium_cpmm
3S6r5YPvqYGxKtxNqKqssyT8ggxr7nruytoN8ZxAWYjE3cG7m4W5tuZG7gWMcYef7EWdgaYngwxVP6Y3kqFDabPY,1787762714,2026-08-26T16:45:14Z,4iDyxGxPRC66QBNwYqMn74VtVm5Moy1ns4w3bAqYGvRG,buy,0.5002,4622.609826812004,0.00010820727224234807,raydium_cpmm
jht3qRDBKpwhqGkqZWGhSE4GP5PX5TeLHf1CQuMFKd8kFaKiBgQP22uVh9V91g8Yw81Fykno9LUZRmkVCPLwBis,1787762813,2026-08-26T16:46:53Z,797CrVjYgQRU7V6CVhhz8hSNDTx5wF53apb6mf9wqPfZ,buy,10.102,94055.217197044,0.00010740499358835663,raydium_cpmm
2RAiN7wqi6DsMy6ZVjL4rCUufwg6Eioyf2kdgi5pXyTU8HE8ywC4jen4wJYkYWwihbTV5XNoJLVirK3Ed2zeuRiJ,1787763288,2026-08-26T16:54:48Z,Bc2FpV584T1bKBp21xP2xzUH3tATBCvL85Y3ffubG6Yo,sell,86.646573706,821706.84788934,0.00010544706293803306,raydium_cpmm
AFDTzhMaYduVt1R5Ha2oZKFnBLN5oJ8axHHNQEtXFbEDGHCqy5qbsJt86Rw2aFcFXALDirBzRmVuBYbDrQtdoEj,1787765300,2026-08-26T17:28:20Z,2z2q5gk8TDgqCidzkXkyevXH1aDaVjWL8cQwoRbMF1Jq,buy,0.01003928,83.241640743,0.0001206040619861788,raydium_cpmm
4pHf2LappzWvpi8N93rKAZKzV9bVuCgDmRR9K2R2fB1yrPrSuCvRbr3ET797YHFHAkVbUXaohSGncRprUuVCT21Z,1787765361,2026-08-26T17:29:21Z,2z2q5gk8TDgqCidzkXkyevXH1aDaVjWL8cQwoRbMF1Jq,sell,0.00776219,83.241640743,9.324888277929267e-05,raydium_cpmm
5QkWLAGDMEeK3edcezudieA912uMFK3Tg15Mzrw9U5G4LthzAN3aZvXyCE11BfEW4gnCUv72qcPTdpG73AeBuAja,1787766523,2026-08-26T17:48:43Z,797CrVjYgQRU7V6CVhhz8hSNDTx5wF53apb6mf9wqPfZ,buy,10.102,99510.64302578801,0.00010151677944018596,raydium_cpmm
4WF4NuqBDirei6SguizExdxt53nfRBkxYatg7h2pw1XAtYk6Dd9rPu3vkSPPtDxV9gbvRkRg4JpaBJ2zLen6vxSk,1787766647,2026-08-26T17:50:47Z,797CrVjYgQRU7V6CVhhz8hSNDTx5wF53apb6mf9wqPfZ,buy,10.011999999999999,100557.688299576,9.95647390995385e-05,raydium_cpmm
3rs7wRUoKRLrM1qe4gVsx4QTi4EPFE4bPbNLktwy22T6AaorAwP99F7Fdf6a4r3ZorBqHVsBWrFqFP4oYG5J27rQ,1787766734,2026-08-26T17:52:14Z,797CrVjYgQRU7V6CVhhz8hSNDTx5wF53apb6mf9wqPfZ,buy,10.011999999999999,102169.64405415702,9.799388157497096e-05,raydium_cpmm
xwNqLu72SscbJkkyJvhRhhcgYCqEFcmxxkopanLMS3PkeRtKnmfV4fpAkL3fartnXakGZEw5BStaM8Mq9cDnSq4,1787768193,2026-08-26T18:16:33Z,4iDyxGxPRC66QBNwYqMn74VtVm5Moy1ns4w3bAqYGvRG,buy,0.5002,4866.306844496998,0.00010278842168895389,raydium_cpmm
4ShiJMenMKkdVXuE2b44ZzYhDWguz9EcwXU9HQqyWFuK16rmj92n3xHMmg9w47przPi3GRuhWFUFDi7Qoegu8PqJ,1787768601,2026-08-26T18:23:21Z,2z2q5gk8TDgqCidzkXkyevXH1aDaVjWL8cQwoRbMF1Jq,buy,0.010039280000000001,77.781239409,0.0001290707126330307,other
Lo2PMufQ2DcSbBENfVsKzKBx2gzFMDKAFo7QSAZiQJQfPVM1MQT3nXMDYffCeBu9xatXjzLV8Mv8hmBAruUwgUK,1787768662,2026-08-26T18:24:22Z,2z2q5gk8TDgqCidzkXkyevXH1aDaVjWL8cQwoRbMF1Jq,sell,0.007924134000000001,77.781239409,0.00010187718864098104,other
5HwaEgsG9mnopt8vDHW7zNV38Fx3zWEPhC4CW3sTzAxFuUP4VrddEG37eiPzBYHeywtd7Vgr22BtEQFGQ1LgmtrR,1787773708,2026-08-26T19:48:28Z,797CrVjYgQRU7V6CVhhz8hSNDTx5wF53apb6mf9wqPfZ,buy,10.011999999999999,105015.60752648697,9.53382095844637e-05,raydium_cpmm
kVUmpiCtybWY3U69mQ1iMtHyj22KpVN4A7BJGqs16f12AdoJ7BDaYdNVbmTzjjzVwu75zk5dXzpa9RHr2F6b9bG,1787773710,2026-08-26T19:48:30Z,797CrVjYgQRU7V6CVhhz8hSNDTx5wF53apb6mf9wqPfZ,buy,10.011999999999999,104790.59701928904,9.554292355216821e-05,raydium_cpmm
YPpyFv7gU97KKpZqWYrjexAgFjkBQuHVcj3fAYFMBZ5oXzHiaARwNgCouRCUnWaqrSfQubkU7xtAicqbperWvAQ,1787773716,2026-08-26T19:48:36Z,797CrVjYgQRU7V6CVhhz8hSNDTx5wF53apb6mf9wqPfZ,buy,10.011999999999999,104588.64917215495,9.572740521316086e-05,raydium_cpmm
4ZXpMFJYFpc13XuxAUZYheEsuPzgtryvENPUXvtBAvMWEAJALxEAmUj2xxFJdQTXtRkvzCjwCZaxZVuVsva5cpba,1787773752,2026-08-26T19:49:12Z,797CrVjYgQRU7V6CVhhz8hSNDTx5wF53apb6mf9wqPfZ,buy,10.011999999999999,105165.290653673,9.520251346968839e-05,raydium_cpmm
3HYbj3ySrGjpvgtmpCpZygvwcB9srSfzB8P9wW2rvnVaRXBAmB2u2FhyJtHPZKNs116eisbJ66YRbTxtkCbXGXvM,1787773767,2026-08-26T19:49:27Z,797CrVjYgQRU7V6CVhhz8hSNDTx5wF53apb6mf9wqPfZ,buy,10.011999999999999,105021.99650729296,9.533240971385212e-05,raydium_cpmm
2HWDDkSQnEbWUVJgRBNY2f84FeSMhGnZ4LeCQwsJiduNQbzC6A65STtfuGcVVeBNmxx4WcehNGPWTfiMjvEaXvVR,1787773776,2026-08-26T19:49:36Z,797CrVjYgQRU7V6CVhhz8hSNDTx5wF53apb6mf9wqPfZ,buy,10.011999999999999,105162.67357198312,9.520488268251239e-05,raydium_cpmm
4SiZKLiTEHe5Rm87qBTRPdXpxMcqaBHHyTdRzzJRfiPoxjQTvEKFvdhyshJG6GoxrztHbyeJ8gmQMF5aeLyUQHFL,1787773786,2026-08-26T19:49:46Z,797CrVjYgQRU7V6CVhhz8hSNDTx5wF53apb6mf9wqPfZ,buy,10.011999999999999,105687.27760818298,9.473231051629252e-05,raydium_cpmm
4Vs1Mkhm4QMzrPseoCxuAVcx25h7Xt3jVoRpSxFFH9zb3UcoCyxxsHKVUHmHnLYs8HxV7HRLuvt1bRw1FyaFUFwT,1787773804,2026-08-26T19:50:04Z,797CrVjYgQRU7V6CVhhz8hSNDTx5wF53apb6mf9wqPfZ,buy,10.011999999999999,105580.54410817404,9.482807731831787e-05,raydium_cpmm
2pR9hUyXif8Kq91vsinbVp7wQBGo9XtccibjadHEHxJ2KeMjF1vURZCkeRoUBwTN6GhjfPurRDi7iMcPf9xuHDrS,1787773834,2026-08-26T19:50:34Z,797CrVjYgQRU7V6CVhhz8hSNDTx5wF53apb6mf9wqPfZ,buy,10.011999999999999,105667.61031340482,9.474994248762615e-05,raydium_cpmm
2NKDE4FhoopjMYNheebQhjfoK3cGDAptSfbzcothrENxmhzeJEuEPWPzsLWKEnBhjYAcKQduCQcKCb2QCR7trqn3,1787773898,2026-08-26T19:51:38Z,797CrVjYgQRU7V6CVhhz8hSNDTx5wF53apb6mf9wqPfZ,buy,10.011999999999999,106026.05747821019,9.442961700294856e-05,raydium_cpmm
4uy7J819g4vhJxrXb4tArF5AKjadtDjhH1bGpanWkgHfK6ai9GSFyppw88n6rmmSAKrBfKnG3NDEaFnTAfPcNjgL,1787773913,2026-08-26T19:51:53Z,797CrVjYgQRU7V6CVhhz8hSNDTx5wF53apb6mf9wqPfZ,buy,10.011999999999999,106009.64208040596,9.44442392552002e-05,raydium_cpmm
28M15vEd1EaLdRhvsGpb5CAorVTnxS7CYhTK1HYaCb8DbcZJzfUj4uEX6JHiFpRFjJb3zT1fbRwuZpA9BXMmcQaX,1787773992,2026-08-26T19:53:12Z,797CrVjYgQRU7V6CVhhz8hSNDTx5wF53apb6mf9wqPfZ,buy,8.077605381,86753.48979952885,9.310986105188208e-05,raydium_cpmm
5M73PyUGbGPVJVUZNdVRnyr41Jo8NkmpgymMfejM5zp9YgzKVFzvsH4M8mazm6HTxTu7JMYd5BVFTLoDXx3xZgS,1787774027,2026-08-26T19:53:47Z,797CrVjYgQRU7V6CVhhz8hSNDTx5wF53apb6mf9wqPfZ,buy,10.011999999999999,107022.54191758507,9.355038499935787e-05,raydium_cpmm
4MTT4Qe75HqdXnCm2mZRoi1skU318ik2GPVhyaZitUdfgqdCxLYWAsfa7Wqv4Mpw1woWW1Fn5TjSX5jMzQrNDe4M,1787774030,2026-08-26T19:53:50Z,797CrVjYgQRU7V6CVhhz8hSNDTx5wF53apb6mf9wqPfZ,buy,10.011999999999999,106693.4810897531,9.383891028522788e-05,raydium_cpmm
5mALTjoqdzuDY2HjJbWXyUq6eARtKuD6fvaTkFXP13tPDdTU5MuTeq56JKQJ9RqSZWEkWfvUD9UKvgnw5GnaZPNy,1787774035,2026-08-26T19:53:55Z,797CrVjYgQRU7V6CVhhz8hSNDTx5wF53apb6mf9wqPfZ,buy,10.011999999999999,106556.49834595714,9.39595440485856e-05,raydium_cpmm
r34NJR1pECj1HzkWbZKXrfKW8JUcCL9hxagQWDeJGuH1EkVZWrJ6Q8Yxbsz4MykKTAFex65zQffQgBg9R2obPr1,1787774042,2026-08-26T19:54:02Z,797CrVjYgQRU7V6CVhhz8hSNDTx5wF53apb6mf9wqPfZ,buy,10.011999999999999,106279.84174095886,9.420412973894658e-05,raydium_cpmm
2K6dRXmJAMhLfVp7U2J7n5MtAtqx5stRzM8f74bESwmvaJHYvyoEpdbn4zLBJ7BD5WSnbJvxcoLPdrFuTHbtECEL,1787774045,2026-08-26T19:54:05Z,797CrVjYgQRU7V6CVhhz8hSNDTx5wF53apb6mf9wqPfZ,buy,10.011999999999999,106453.45041438285,9.405049776242184e-05,raydium_cpmm
4eviJrKXkGpUsR5WNSKhiSGjALA6iJuQU3RsXjrMuzUBtSkRhgQwCtPG6X19FTiLhvNMbwgBLvHjHnbnhjYzz2er,1787774057,2026-08-26T19:54:17Z,797CrVjYgQRU7V6CVhhz8hSNDTx5wF53apb6mf9wqPfZ,buy,10.011999999999999,106555.37686498603,9.396053296011503e-05,raydium_cpmm
4cdSWARm53RDPkHfPs38ZqfWKrUUWhSkja2bCW1ZmVpRBY7DCbeECHUtnkJatwKjiyDcR6BE2kEFFkAToAzuRZHC,1787774065,2026-08-26T19:54:25Z,797CrVjYgQRU7V6CVhhz8hSNDTx5wF53apb6mf9wqPfZ,buy,10.011999999999999,106142.73198111122,9.432581782219152e-05,raydium_cpmm
hEySyRxMSCdimCLD49wGZp6BckD5xfiHC1SQoiHm94mG2GHLq1MAaMrYBtmKnC15ewrovgcoUEo1cGq26Hd4BrM,1787774077,2026-08-26T19:54:37Z,797CrVjYgQRU7V6CVhhz8hSNDTx5wF53apb6mf9wqPfZ,buy,10.011999999999999,105898.4175482979,9.45434335261313e-05,raydium_cpmm
5e3xkUWbeDSXh58KvfGea9CARvMAa7cRTtM7A8RKK84bBsnfEqFJfnnNkxQCXRsociqXrkDj3tN9SnZNQfDDQecG,1787774125,2026-08-26T19:55:25Z,797CrVjYgQRU7V6CVhhz8hSNDTx5wF53apb6mf9wqPfZ,buy,10.011999999999999,106148.03346766485,9.43211067876249e-05,raydium_cpmm
5G7UvWhZi2XL6Epw2ooyZ1vytmqzsaZyXKxhtTjYSbVD7vmdcVgUDK7a5gnKLdDaNFAmSJPrjytP2nATKEqYwMaR,1787774204,2026-08-26T19:56:44Z,797CrVjYgQRU7V6CVhhz8hSNDTx5wF53apb6mf9wqPfZ,buy,10.011999999999999,106484.06004497316,9.402346225126528e-05,raydium_cpmm
5wbTdHQdULMCU3dFcApCWifCmN3BwU9hJNeGRpVyXpDFbVgkhD8Jr5Le51bS3fWnHHgUTFJzj9eQVSunfxapvfTx,1787774223,2026-08-26T19:57:03Z,797CrVjYgQRU7V6CVhhz8hSNDTx5wF53apb6mf9wqPfZ,buy,10.011999999999999,106369.80826657498,9.412445282319937e-05,raydium_cpmm
5TD5HD8N4zNW5CysEmzxnK2BiQaCDQnutL2UagMyqGZqEXJuoRzHHhEBpgdaRcyZSQe7SL3HywcRDoXXu3Jy1kw,1787774300,2026-08-26T19:58:20Z,797CrVjYgQRU7V6CVhhz8hSNDTx5wF53apb6mf9wqPfZ,buy,10.011999999999999,107471.9769339799,9.315916842350799e-05,raydium_cpmm
qboXB17WVackY78rcSQYHAwMhaDqyiZDvBk3EBEi5RUUrKM9kuD3c24XBvF153JBkAPtDtRR9gDebfMC8gPWwDr,1787774344,2026-08-26T19:59:04Z,797CrVjYgQRU7V6CVhhz8hSNDTx5wF53apb6mf9wqPfZ,buy,10.011999999999999,107636.22712085489,9.30170098656323e-05,raydium_cpmm
aEjAC49F3oHfiZRpdTMwbBUxTtS7qHqjJyAeCxLEiGFyDHsqDEYkWs6PjusbyCkhcvip8xVUX34WDSauMm8PnB9,1787774349,2026-08-26T19:59:09Z,797CrVjYgQRU7V6CVhhz8hSNDTx5wF53apb6mf9wqPfZ,buy,5.0120000000000005,54303.31600918528,9.229638939825024e-05,raydium_cpmm
2zo9nB9D9KuCqKk9mbATTHJMeVUmqw2vJo2VJ678j7QamKhRpbUDXiCm9UQTK6Do3GFBnXpEXUYCRNocEcazcFF1,1787774392,2026-08-26T19:59:52Z,CHvWpTWTZXUMvWfX7jmy8vhHbAqn6YvLc8wBxXYi4KiW,buy,2.601679188,27300.402570177,9.529819867352718e-05,raydium_cpmm
5tk6es7mHUy7aEScp2vN29STi9D9Edr5hDh3TEtTwu7h5g2xLUAxP5cZ1vfsbfLXFdsr2G9HAHJB4HaJkC2VUfbk,1787774392,2026-08-26T19:59:52Z,CHvWpTWTZXUMvWfX7jmy8vhHbAqn6YvLc8wBxXYi4KiW,buy,2.367358132,24878.021256989,9.515861842649309e-05,raydium_cpmm
4PnikRTjDu1njoD9ksJ2PLzy3AoLvPrXc96f6QmuJRWSWtS5zZAq5s3XE5TJUQhBdAktCzje6VdzpWcHpUaYCtBP,1787774392,2026-08-26T19:59:52Z,GHJFdDSYx1kGg7nLTDZ7B468SqHsqySZwHRSxs4DgEVk,buy,2.409755532,25302.20350991,9.523895936795316e-05,raydium_cpmm
CNbiua8Kdnkr1YkDvLGQ6sBnnaWsNQ3fTSN1sBvCpLeAsrFRT2zcZSJjmktjazGRce6ahWYsPF7kihGf6u85vDB,1787774392,2026-08-26T19:59:52Z,GHJFdDSYx1kGg7nLTDZ7B468SqHsqySZwHRSxs4DgEVk,buy,2.640245468,27728.228966247003,9.521868386235254e-05,raydium_cpmm
41BjC9JihpD6fjipsqZmtGQcH6EyJPa9KXgB7TKQbtaNkFFzU3CbdMCKxWYzaJC8MQ4Y6VsAiseCHnwyBfeTxvpV,1787774394,2026-08-26T19:59:54Z,CHvWpTWTZXUMvWfX7jmy8vhHbAqn6YvLc8wBxXYi4KiW,buy,1.4985015620000002,15676.29690981,9.559027687605607e-05,raydium_cpmm
2p96Ct3hYZTMQ7ZCDR8EF3zfCYPrCG5JYPp6ML4TzoRnyCMJhSWsmeSvWaqPD4t3yK1dTtodxZ52qMRtTjLv7Jqi,1787774395,2026-08-26T19:59:55Z,GHJFdDSYx1kGg7nLTDZ7B468SqHsqySZwHRSxs4DgEVk,buy,0.713866172,7442.240849360998,9.592086395071367e-05,raydium_cpmm
3YhwnUDsBnnYKf42CRHkSZed84SkDm5TctZXrPikdV9MzRAZMZArK6nQwbiUXsQ2WvYwkPUuys5ghT3zWKcCNuyq,1787774399,2026-08-26T19:59:59Z,93u5BsWsPxuLRzcDqwecZV9TiXEV7qNavef6fscPnSb5,buy,0.753684244,7724.518414682999,9.75703860796518e-05,raydium_cpmm
3h8rfHZhzeJDBABwhezq9jpTSnK7ApKQsfaWUcFK5fQQGHvPe6Kw5XnpRyEvjduzqQisEiuKCiisLr12tRsTtpqx,1787774399,2026-08-26T19:59:59Z,93u5BsWsPxuLRzcDqwecZV9TiXEV7qNavef6fscPnSb5,buy,0.6997239590000001,7150.083557728,9.786234711113548e-05,raydium_cpmm
38P693f8z4m2cLT9GBqivUt2C8hekfgze55orXQWuEASrSjNP2NYYMy8JyMk3Gzerxp5PqdxZ6fSUrDStbTFWD8R,1787774399,2026-08-26T19:59:59Z,GEPiePuVYQcbShk7ACa2YASeLuRHqvcSZpS89keWZecG,buy,0.747915756,7663.524143084,9.759423237088145e-05,raydium_cpmm
Rj9FmTWxyuYJW5LRBRmY8vg1tBuWg6LZzrEPaJ6AYitmuKiho2fi6DCUXVwGHenouCWKeN9RSgSn7gqu5uWzQxe,1787774399,2026-08-26T19:59:59Z,GEPiePuVYQcbShk7ACa2YASeLuRHqvcSZpS89keWZecG,buy,0.805954601,8238.071343759,9.783292318906357e-05,raydium_cpmm
3bQkBio3gwgzBpKdWj1vZtSKKpNybWLnFLUMg5VAdMwcD22yeeRWab2WVAkXgJFq46auEsqvUvWHGdQfxoLiLdCK,1787774401,2026-08-26T20:00:01Z,XXXXXsiKfM49XohyATcrYbRYBd9WWhDRM7c7vMYQNSd,buy,2.0018000000000002,20141.842124389004,9.938514995984878e-05,raydium_cpmm
5Cnto7AGRN3Kvys5UA7x21YgYmPM9yByzdRaFioXq4egX7aahinmNKAruw3EoW383kj3TbeprX3YaDuib3ny6xFu,1787774401,2026-08-26T20:00:01Z,XXXXXsiKfM49XohyATcrYbRYBd9WWhDRM7c7vMYQNSd,buy,2.00197884,20298.182209146,9.862847911070302e-05,raydium_cpmm
5GDwiBqn8x3Jpi1JCDdbhVUkZi8cDuz1zWXF8mAvUc4zYhEqhWivNb37hX51PX9h3nMVen5CojRChMXBNBsAPDvQ,1787774401,2026-08-26T20:00:01Z,XXXXXsiKfM49XohyATcrYbRYBd9WWhDRM7c7vMYQNSd,buy,2.004026614,20334.924888234,9.855097203528647e-05,raydium_cpmm
671XnkNvK8YBZJhf7R6xunysAnAGmLZ5VW74LY9Mi19EyV3xoVSdBqvEjbb5DjcTmcsEiBBSrBHsgUxLXcRos7DB,1787774401,2026-08-26T20:00:01Z,XXXXXsiKfM49XohyATcrYbRYBd9WWhDRM7c7vMYQNSd,buy,2.001987422,20141.850379179996,9.939441433193209e-05,raydium_cpmm
qZj73ddTNgrVwdQeyDqUFtdLkdtsUiSfP597sJQndpp476E9V7d6BoExxU3MBqERRpFC63JFMpnvjnEsZ5Y4kAB,1787774408,2026-08-26T20:00:08Z,2z2q5gk8TDgqCidzkXkyevXH1aDaVjWL8cQwoRbMF1Jq,buy,0.010039280000000001,80.262741184,0.00012508020349049931,raydium_cpmm
4EWPwunbutueTZE1xTJXCk4RBAMGr4mq4PiXUK5sHCtXbdQV2KcmKxq1WGSupfzBpkNXi4rPqnPfiG6h88vM54Fk,1787774423,2026-08-26T20:00:23Z,XXXXXsiKfM49XohyATcrYbRYBd9WWhDRM7c7vMYQNSd,sell,7.90561937,80916.799600949,9.77005938073122e-05,raydium_cpmm
439k4zQQutmXrv5sohsxZEqDg7QkSucVvnmDNj2VWFQtXu71593hDTPmcJSBsHBsp4VSvwmKzyAVV1z8LC415X1N,1787774452,2026-08-26T20:00:52Z,CHvWpTWTZXUMvWfX7jmy8vhHbAqn6YvLc8wBxXYi4KiW,sell,6.622784475,67854.720736976,9.760241296507249e-05,raydium_cpmm
2uF1GE5FLZA3HvrbSLfh1pxdpNYSWSH5RTduftrg1XaRPcxkexhmZP5dpLz6oNZTgRZstbqKJ5wwYat7rqRdpDKr,1787774452,2026-08-26T20:00:52Z,GHJFdDSYx1kGg7nLTDZ7B468SqHsqySZwHRSxs4DgEVk,sell,5.913890282,60472.673325518,9.779442443640873e-05,raydium_cpmm
3AUY6pS2ExLxHFU8Kf9rCzBxrFodHXknPbaNsW8wSn3wFzSQ4BujkTjVHL1eoT95cvvNgDhGX2tmLW3pBabbAHDG,1787774456,2026-08-26T20:00:56Z,93u5BsWsPxuLRzcDqwecZV9TiXEV7qNavef6fscPnSb5,sell,1.455043234,14874.601972411,9.782065003815053e-05,raydium_cpmm
mxXz3iJJB34zxbYF4KNyydHGdVd6xCGAYnfEZu5rd5EA4HRBEQxCXAfpK8rbddanCnc6y2h7avwLiCapRbCkG4G,1787774456,2026-08-26T20:00:56Z,GEPiePuVYQcbShk7ACa2YASeLuRHqvcSZpS89keWZecG,sell,1.556275906,15901.595486843,9.786916710890204e-05,raydium_cpmm
4zgpmHMhNyiw7zPSqemUBMewffT2JqjPCxa3DyzGRez1DmdjE639AXSCPscPiX9Ng1NARpxLD9YZGTJoKXa3y2JG,1787774468,2026-08-26T20:01:08Z,2z2q5gk8TDgqCidzkXkyevXH1aDaVjWL8cQwoRbMF1Jq,sell,0.007942438999999999,80.262741184,9.895549146262258e-05,raydium_cpmm
2i5Gikw3esvUz1dDsAJ9NCqYXns9kjEHSE2AwTW9SkqARf47X1XWP4raz2cb8h2kKp75G4Pio1zcFUnmepktAmKA,1787778647,2026-08-26T21:10:47Z,2z2q5gk8TDgqCidzkXkyevXH1aDaVjWL8cQwoRbMF1Jq,buy,0.01003928,90.152596808,0.00011135874456706864,other
21rgY3bTpCC1Aj4xSMkTBroyqiKaUYUDtU4eUguFS7f8szWBnR2ogZgm1jSvwBRsPx2HFCVfeyxKevqbGaBAnM8J,1787778708,2026-08-26T21:11:48Z,2z2q5gk8TDgqCidzkXkyevXH1aDaVjWL8cQwoRbMF1Jq,sell,0.008023816,90.152596808,8.900260540568232e-05,raydium_cpmm
5aTUcLcoLiHRXgU4NfsaDHCmfPoyRu6qPdVymGwhy7HxHUSWwaiEVXmFhwFVTvXRSqfMCtPRKK9nHdhW1tAFH3P6,1787790300,2026-08-27T00:25:00Z,4iDyxGxPRC66QBNwYqMn74VtVm5Moy1ns4w3bAqYGvRG,sell,5.7487992299999995,67655.264916378,8.497194175657317e-05,raydium_cpmm
MCbrAMHuqLPn8L4TBMhAKXqoCmMXk3sCWezqPzSgxPEhSGQQ8aY5hMXymHbwChLVjuxyDYaBVtRdHSCVf3sPpTs,1787790391,2026-08-27T00:26:31Z,4iDyxGxPRC66QBNwYqMn74VtVm5Moy1ns4w3bAqYGvRG,buy,1.0002,11460.580559627,8.727306568774321e-05,raydium_cpmm
52Yk2b98X92DyM6qzqup4hcwU7D2VUdbbKe7EsqSZFvqyb4XsVZBtWp74AFAjttYs1QtXRiMBQioRkL5ZteB3GPR,1787790561,2026-08-27T00:29:21Z,4iDyxGxPRC66QBNwYqMn74VtVm5Moy1ns4w3bAqYGvRG,buy,1.0002,11231.160400588,8.905580227913361e-05,raydium_cpmm
oYZkRExq9oXfGRBXqEiRe1cFj2GNnoQqHcnpqfZ9ALjEQKgU7fiKt4op8AjZyCNZi2K5kvTpuasMvQaGXaKgsYf,1787796088,2026-08-27T02:01:28Z,2z2q5gk8TDgqCidzkXkyevXH1aDaVjWL8cQwoRbMF1Jq,buy,0.01003928,86.615099351,0.0001159068115746968,other
8MxuHsV6RCdnwmfuRqhwpgCwysNUuWpnEE9CzBXwDABik7AmCS2CbZWYDNEb5GjeUe65ogHnAJSKpTpikbFdUdM,1787796148,2026-08-27T02:02:28Z,2z2q5gk8TDgqCidzkXkyevXH1aDaVjWL8cQwoRbMF1Jq,sell,0.007968946999999999,86.615099351,9.20041316088151e-05,raydium_cpmm
Fyc3DQdApNpwoUqK6zrLavBeCW22AYjapMyHMTH6WDRejsjT34uH84uvn3tejE5Towhm9zKgeiHLwLcCDhXtkWD,1787810171,2026-08-27T05:56:11Z,ATj6HNyLtkdm8LMiTf6LftgDLDK378dAjDv8bCBhkoD1,buy,0.01,107.467700877,9.305121369857255e-05,raydium_cpmm
2aGQdSxYQz9J1ZV9hhQ7gzWo2kRfsJ66GYvyLYzAjaPk3atX65kBrPgSjJRJ19JmQR9CKtVg2EcY9FRd4BGiF9N8,1787810174,2026-08-27T05:56:14Z,ATj6HNyLtkdm8LMiTf6LftgDLDK378dAjDv8bCBhkoD1,buy,0.01,108.010951162,9.258320468821278e-05,raydium_cpmm
3UjRbNugcdnspsxEKV75fGqYnnE3p21AAZPf8gk3NJfwQy5Fb3S64iyLCJgjobeEZTTApex4TuRs8jqG4BHca9M2,1787810177,2026-08-27T05:56:17Z,ATj6HNyLtkdm8LMiTf6LftgDLDK378dAjDv8bCBhkoD1,buy,0.01,108.01060112300001,9.258350473035723e-05,raydium_cpmm
5WKW19G3vZPkb5KBBgrz9ZSUuTf4XRkRt7rkVTwHPTQE9fKKgWpvcFaj4S5sZyXPtk6WdBx7iD1e3C1LsWmJuz1L,1787810186,2026-08-27T05:56:26Z,ATj6HNyLtkdm8LMiTf6LftgDLDK378dAjDv8bCBhkoD1,sell,0.029624044999999998,323.489253162,9.157659709073732e-05,raydium_cpmm
39NhCVvbADuSHzeUUum2kq5UGc8X3Wrgo6SxU5RvFKtxTEve8AaWG23Y7ExAUVUaPTpKRrvYKbT6Zs7XohpH774n,1787815702,2026-08-27T07:28:22Z,4MowcRoyZazf3YbtqiYNUTZbDpZdKjtymLANsX1CT1mz,buy,0.007241032,50635.264790029,1.4300373524314797e-07,raydium_cpmm
64mexmGhw9pAJ7QYaEUC6Z4YzGDXefXv548MuB8RoGShinbhtsFy6PzBPLAs7h36UR96HWTGtTeFWuAAKQ1PHwbY,1787815702,2026-08-27T07:28:22Z,6NceTehWXtdQ6sQxmqRUuRqGvu4sWfJWJA5Y6fizvDUY,buy,0.007241032,35803.094928054,2.0224597942023695e-07,raydium_cpmm
5YuFc9GYNM4rAQYQSDPJT3ZsD44j73m3YcrCPTf2ic9ke37c6jh4qjjmED7WQm1J8KACBFsZEhSpo8ddG1AQBGHr,1787815702,2026-08-27T07:28:22Z,8GriRP9Ea6QsHLxTdMi3RDMkYwhYWErLQd2CAvEPFViP,buy,0.007241032,32724.067528432,2.2127542652540663e-07,raydium_cpmm
48dKDuKz2NfqLYdcc7QPsbnj9fDgaMEHeV4PGRrpe4pUF3dHEpDw6q7yvGg5BbvNBipk3utXActZmd7karjGkBqQ,1787815702,2026-08-27T07:28:22Z,BWztqTdbi9UuLEzay2138rCQ3fga4R3XeMdJdKKUz8nV,buy,0.007241032,48343.663711546,1.4978244187708535e-07,raydium_cpmm
3yWW2MorCPPCPcqUpQBtkUCNG4zUGnQ2b6e7MHMNpRb9YAsEDjnos1AtwKNC6y1FD8Dycwp4KKGGfL4vzVFW8KwX,1787815702,2026-08-27T07:28:22Z,HytCavJKtjSAp8gTmywLnLR5JwPdaQsNvZm9VsXm3oRZ,buy,0.007241032,53781.326574989,1.3463840446374265e-07,raydium_cpmm
2moTHo2qkZJXTxJq6DYopsqmRqxvwWU3fv2ZMMVGWzBU9fmkSkEqHtxXaHSrgJfohsuPktbHChAqaBtSWqaiV9bi,1787815703,2026-08-27T07:28:23Z,4MowcRoyZazf3YbtqiYNUTZbDpZdKjtymLANsX1CT1mz,buy,0.005201752,44930.860708918015,1.1577236487186946e-07,raydium_cpmm
3pueM4Gt1AuCJhJhcUg6VckKxWifBY3accSLUfEqfxn8xU1YhiM4ybAiqZNZhxaoQBQ1aQt87W61xmkoEXWNBUhe,1787815703,2026-08-27T07:28:23Z,4MowcRoyZazf3YbtqiYNUTZbDpZdKjtymLANsX1CT1mz,buy,0.0052017520000000005,50297.265425449004,1.0342017515266466e-07,raydium_cpmm
4WPBfT1a7S4b36SDh7pCp4V2Kj6S9w8X2WNYP1uZDLVeNKiHqKAnhm7MBGGgxtzZzCHd4VZWC3pY5ahymxHoVxnR,1787815703,2026-08-27T07:28:23Z,4MowcRoyZazf3YbtqiYNUTZbDpZdKjtymLANsX1CT1mz,buy,0.0052017520000000005,43623.827500653,1.1924107301043532e-07,raydium_cpmm
5fKM9bGEFfNLq8VfQ3ihcUAwkrTHjr3WvP2ZNDftLMpC7SFVYwRc5AuucfkN7cLzp7HMauQFV7LXy7xua5AExgEG,1787815703,2026-08-27T07:28:23Z,4MowcRoyZazf3YbtqiYNUTZbDpZdKjtymLANsX1CT1mz,buy,0.0052017520000000005,42353.55269991899,1.2281737111536218e-07,raydium_cpmm
3F8XMFuWoeQ59FXGmgK7XbMaSCCytJsBezs5oAPQcWu3yJ9ExbQfVpb5J7jpTW7NbJjBs9QszjmDuF8D3PaKZpYe,1787815703,2026-08-27T07:28:23Z,6NceTehWXtdQ6sQxmqRUuRqGvu4sWfJWJA5Y6fizvDUY,buy,0.005201752,39806.98021174301,1.3067436847333345e-07,raydium_cpmm
5CT1NCNZK9wCU4U9cf6GcwwC2hqz6LfKRZx29TTPRetLfb377PVBpG6A8iqx2Y88bpx7k9Dkz2S5YyYAR5Q4MUCC,1787815703,2026-08-27T07:28:23Z,6NceTehWXtdQ6sQxmqRUuRqGvu4sWfJWJA5Y6fizvDUY,buy,0.0052017520000000005,32524.836029936007,1.5993169020782408e-07,raydium_cpmm
5XXhd12DD5bFBBXT4YKBFnYJ8Vu1FDGBoRXMrp7tztMUHVQ8zT5a8yNcTvDH1odLwqRrfsLHSZaJuV9K6qAddwig,1787815703,2026-08-27T07:28:23Z,6NceTehWXtdQ6sQxmqRUuRqGvu4sWfJWJA5Y6fizvDUY,buy,0.0052017520000000005,35373.01049160599,1.4705426334109658e-07,raydium_cpmm
iSB7jy2mPU3uNGgMNpLGZbgMcoLFmdcvuAjZf4uBYPr6ABiyRjTi5g3w6TfboDXGmBrxahg4HxgVroVr4HLT4r4,1787815703,2026-08-27T07:28:23Z,6NceTehWXtdQ6sQxmqRUuRqGvu4sWfJWJA5Y6fizvDUY,buy,0.0052017520000000005,48407.868281667,1.0745674586893564e-07,raydium_cpmm
2K8zWe1bE2s5pFzajvc82SxufuT2dZNZBPmiN22o2jYiDxXsq7ZiSUAyNo8Rx5sdC5zj5znN6EdpVTYYk3SP9HxH,1787815703,2026-08-27T07:28:23Z,8GriRP9Ea6QsHLxTdMi3RDMkYwhYWErLQd2CAvEPFViP,buy,0.0052017520000000005,47876.38180579801,1.0864964735848206e-07,raydium_cpmm
2gYNCVfqDzUimWC2xmxR7FmSZYiqsQKTj9NBapgLf3CtWZVR2wzWxcLHo9xJLZd3pMZL3FntdHz6HVMqVy5ry2xP,1787815703,2026-08-27T07:28:23Z,8GriRP9Ea6QsHLxTdMi3RDMkYwhYWErLQd2CAvEPFViP,buy,0.0052017520000000005,33494.21911553698,1.553029787634924e-07,raydium_cpmm
31iEKJ59yL3uLpTVTYqMBPpk6X9dQ7MiEBtPbsMhf8PVQeAM56PgLX1svXm4T5kSVY5FaWEzVu1G4h53oJPLW12Q,1787815703,2026-08-27T07:28:23Z,8GriRP9Ea6QsHLxTdMi3RDMkYwhYWErLQd2CAvEPFViP,buy,0.0052017520000000005,51728.274862185994,1.0055916254424609e-07,raydium_cpmm
45KZhZFCV2NnHujZbRdzKKvEEGBk5kHoaLdbFfLsi8tXbks2R6xuhd9vbGYbJTmjSLSVUNdceQqbHC33TwiQZEp,1787815703,2026-08-27T07:28:23Z,8GriRP9Ea6QsHLxTdMi3RDMkYwhYWErLQd2CAvEPFViP,buy,0.005201752,47570.287906318,1.0934876009672277e-07,raydium_cpmm
3FYsBnN2u958ZSgybBqJtqRZWqnQX3d9ydmHMofY2Cv8f8A6xMsiV3tC6mewZ4yyX2pana19T2Zz3Ti5n9KHH5n8,1787815703,2026-08-27T07:28:23Z,BWztqTdbi9UuLEzay2138rCQ3fga4R3XeMdJdKKUz8nV,buy,0.0052017520000000005,41345.59907162801,1.258115039278636e-07,raydium_cpmm
4B9jr7W3uD18mkAQtnaBctPXutVnLV3AJSMUVcsvaGKpoz5AWYXr7DPf6CzxRvyWXMMyCj1pzLD6VkW3mkRKQ5qZ,1787815703,2026-08-27T07:28:23Z,BWztqTdbi9UuLEzay2138rCQ3fga4R3XeMdJdKKUz8nV,buy,0.0052017520000000005,52923.401714009,9.828831540552842e-08,raydium_cpmm
4DL8Q2BUbksGXiRstDNTRjp7x5HAKf3SVuu9Tj8h5yC6f4LHdDCUhuNoLbBZWFnjS67utZ69AV6y1bfafDbpaCrJ,1787815703,2026-08-27T07:28:23Z,BWztqTdbi9UuLEzay2138rCQ3fga4R3XeMdJdKKUz8nV,buy,0.005201752,46216.444142311986,1.1255197357854933e-07,raydium_cpmm
5n7YZSroDUWiVqSm4QfRHZ1v6ugLyTNNp5vMF4aWzPP2XHhMgDKD76ypZruM8hthA45GufQUpnAGiQoCE5ZhBBY3,1787815703,2026-08-27T07:28:23Z,BWztqTdbi9UuLEzay2138rCQ3fga4R3XeMdJdKKUz8nV,buy,0.0052017520000000005,49507.37176675799,1.0507025144672994e-07,raydium_cpmm
2vp1dGHUr21csPVVWtQBrNpYJJfLeGLJoNtpoL68RRvtsLkwbJRtqT9jMAgw3oFFftgK5QrWoU3ZBVmkQJxtZuiU,1787815703,2026-08-27T07:28:23Z,HytCavJKtjSAp8gTmywLnLR5JwPdaQsNvZm9VsXm3oRZ,buy,0.0052017520000000005,44688.13394905199,1.1640119065903287e-07,raydium_cpmm
2zx6PuCEPJRxbWsnm3j5YHYhAd7vK5Ngxed5PCd6ERhzVE8qJD8PLrenBMKMFQyZZE5p1MgMbMfi4SNGQtQyasWm,1787815703,2026-08-27T07:28:23Z,HytCavJKtjSAp8gTmywLnLR5JwPdaQsNvZm9VsXm3oRZ,buy,0.005201752,38477.05613573699,1.351910078996059e-07,raydium_cpmm
55JA515g1PqGBEBZ3WWK6Fc3vKKnzmKyvUgcCVwcGKSa6davLXW1vXcTBaPqUhNsB8uvbHrpAyXPJeYWrZG3iv68,1787815703,2026-08-27T07:28:23Z,HytCavJKtjSAp8gTmywLnLR5JwPdaQsNvZm9VsXm3oRZ,buy,0.0052017520000000005,47912.50100200702,1.0856774101151812e-07,raydium_cpmm
QqPvBm4KmpJcK8EjXFQEsHNu9CCdpVAwpbBBP7jmLtUpwdoXfChB2HbS1TANGQ3MLDbqupgzmNJcwj9wEbYt4hW,1787815703,2026-08-27T07:28:23Z,HytCavJKtjSAp8gTmywLnLR5JwPdaQsNvZm9VsXm3oRZ,buy,0.0052017520000000005,33742.060164373004,1.541622525317034e-07,raydium_cpmm
3qZWjTiCnKscZdLtHP1VFLz8mX9bDxM5wcfZRauXev5UWjX9NDr1SaCy1pnvDf3nkW6vCY3q6uzgDTwtWiEs3LXz,1787815706,2026-08-27T07:28:26Z,3883isRkbz3Brq8DcJNrbnq1QZqwmzTxAC3qAzs99Zvz,buy,0.697728736,8688.098592751,8.030856562587317e-05,raydium_cpmm
4Kbmyusy98cbQydQuGH45UqKQtsCvZUujRZikVSYVJQoCs7LC3uQkzykhqAKbgrumcCAkXn7iMRK3F6ZntCRsqXH,1787815706,2026-08-27T07:28:26Z,3883isRkbz3Brq8DcJNrbnq1QZqwmzTxAC3qAzs99Zvz,buy,0.667153288,8302.813260220999,8.035267891623545e-05,raydium_cpmm
51wweXCLjVdtTUw2rjyAq1oPsLcwa5mnXoxzy2yqtgXuje85vJ4vSop7QQxGsvLWdmRQGTdqccWu1Pbj3vwsQBDk,1787815706,2026-08-27T07:28:26Z,3883isRkbz3Brq8DcJNrbnq1QZqwmzTxAC3qAzs99Zvz,buy,0.705651064,8788.325024293003,8.029414729762657e-05,raydium_cpmm
252Uc9YbnpdjB5fcvqsv6uBi6h5Ttf6DJtaTQRerBe3n2zWS6H8aET7RkVdTKSYxTF7P8rX2UWQ9Q1ERKLmsBPut,1787815706,2026-08-27T07:28:26Z,68gwUiYYRgbUU1PsRfuRYzVVZkvJjvd7zDvv8yqkbe42,buy,0.545739261,6901.763425595,7.907243806360285e-05,raydium_cpmm
2LX34fXoQAFXtGPU8FaxHxTgkBbr9BJY3RX5R6kKXdDwGbEeJqwME7fxFDDU6HpVNmQh1Ls6RhZUX3mDrXiKztrW,1787815706,2026-08-27T07:28:26Z,68gwUiYYRgbUU1PsRfuRYzVVZkvJjvd7zDvv8yqkbe42,buy,0.5535945729999999,7000.641174530001,7.907769577079722e-05,raydium_cpmm
2HcxRtYqSN46DJjsHAmyoofaeughUn1HqrCEihoDwDvqKnT9xfsyDFBv2uvtiQ1BS7DcBMxUuocZeV3n7QGMHhj7,1787815706,2026-08-27T07:28:26Z,8KQriAKQrWJY2CPMLGmxwMz2sEhKjq6hEd3Rwx1B5Zu6,buy,0.618972115,7700.1891318,8.038401452294053e-05,raydium_cpmm
2Ke9ztVAU1FBaZ7tkXr7aXSrhUQvvdqpvYngZcVB3ZGjRyaxNGrL17vbLAuaK1hJttyeMDDBb8atRRJQtQJXcbTk,1787815706,2026-08-27T07:28:26Z,8KQriAKQrWJY2CPMLGmxwMz2sEhKjq6hEd3Rwx1B5Zu6,buy,0.968255767,12095.803998102,8.004889688622046e-05,raydium_cpmm
5TUyVETJfPCPKnoTnturtVQc39rGxz3uGFh1Vuw38DjdfKdh2HSq3k7Aat4ZkPFSoyftmGTRYNcVJRi25VGzmL7t,1787815706,2026-08-27T07:28:26Z,8KQriAKQrWJY2CPMLGmxwMz2sEhKjq6hEd3Rwx1B5Zu6,buy,0.946364498,11808.510099835003,8.014258276437629e-05,raydium_cpmm
2c1rKKgmVnQp4Jcyor9SPbF5DG4CTbzBwu4vRq3Gbk9UE5aFRtV5L1dedQddmGkVUQDrpS93xXBPvUUW8EPGtbDZ,1787815706,2026-08-27T07:28:26Z,9W298hjW9MJ9mW3H8LHxzdqV5N7jKgnN66gQzPACg9ZT,buy,0.921586602,11515.840888966,8.00277297060457e-05,raydium_cpmm
2ucVZ6bYnPshzcmK8wRriJLWrPHxNzcA8dYadsxdG8eKHf6JD7A844yUdc5RAHH16iwDZ7em5oGZcATdYji7HqHa,1787815706,2026-08-27T07:28:26Z,9W298hjW9MJ9mW3H8LHxzdqV5N7jKgnN66gQzPACg9ZT,buy,0.687293934,8554.762250947,8.034050670711715e-05,raydium_cpmm
iJDGyS9xNyXxvpZqeCJwDJ3d2nJosMV7cq9A8AvU1W6MvHL56Wj5oAy1THUGnMcMxYZqBjmackgxtTkhtudnfrA,1787815706,2026-08-27T07:28:26Z,9W298hjW9MJ9mW3H8LHxzdqV5N7jKgnN66gQzPACg9ZT,buy,0.824010146,10261.069112772999,8.030451183437314e-05,raydium_cpmm
4WqWvDAYvsSmv9CkfzRbzF31NuGdRRBvbbWuQWbNKqA7La8grMMhhUjArab6Kz4A2e6cDehBRHeC2tRXX679f6ub,1787815706,2026-08-27T07:28:26Z,AaJsuS3A6zQsV2jdwEVoe4vJ3mjKXRw41siqweSKNchk,buy,0.687603466,8568.969578821,8.024342479864506e-05,raydium_cpmm
5uNQTDASmexXLxc4VBTs9VR1jeW5b3UNBSnfDxvSK2eubiKxLKB4TnwzMeWkQFquR264d6DNoafYHzdSuHtUzKzS,1787815706,2026-08-27T07:28:26Z,AaJsuS3A6zQsV2jdwEVoe4vJ3mjKXRw41siqweSKNchk,buy,0.8355644249999999,10423.437209847001,8.016208167979789e-05,raydium_cpmm
hM3dmc4UwKiTT5qWqFoee92ELnQYLu5nChtidMgoPVHycFMSq15e8xU9NuJxneoygQGjY4dNK1uBSintrqCv8B9,1787815706,2026-08-27T07:28:26Z,AaJsuS3A6zQsV2jdwEVoe4vJ3mjKXRw41siqweSKNchk,buy,0.69710368,8672.302265866,8.038277018362074e-05,raydium_cpmm
2L9BXndRRA3A1wShQNq7UvZhiSukDE8crbbZ3MJRHy5po9Jb8ZRkUVEp1UceivoMMPjxX7Y3P4y6UBcaoYSizu9Q,1787815706,2026-08-27T07:28:26Z,CQ4n79cjiQ3tRSMFTGzKPSYoCaazfuCGu2Y7Hzd1aUj2,buy,0.597164391,7458.177101841,8.006841120098824e-05,raydium_cpmm
3orFQcSwYPPG2Lbhx2DimbQGvLQwYP7c5wp15rfP66zNgpCKUQsu6MferqAWidnv4eMGig4m2U9AYmfgHFViVw3K,1787815706,2026-08-27T07:28:26Z,CQ4n79cjiQ3tRSMFTGzKPSYoCaazfuCGu2Y7Hzd1aUj2,buy,0.818848169,10223.97492169,8.009097980696595e-05,raydium_cpmm
4jpms2HNwMzpzhA3JTJyk9JXeUj1M8vQMA65WB9BZwq4mcCWF38drhCEf7uTQkR2hgBLffQj194KTfBcD86k494n,1787815706,2026-08-27T07:28:26Z,CQ4n79cjiQ3tRSMFTGzKPSYoCaazfuCGu2Y7Hzd1aUj2,buy,0.637689007,7945.025385313,8.026267709336938e-05,raydium_cpmm
2UvEpdzMcfrhFsPg21bwupykk5ZY8P28mEo7ombecwmr8zK4oTHqeACoX4LdSCV8oe7wrhKRZAyCqkXTgTsBvnCF,1787815706,2026-08-27T07:28:26Z,FiN6YjR6Q1ovRhUHJsGW2VuLKWgqgQ59Yr3ck6pU7jbm,buy,0.84206002,10504.942586354,8.015845998947603e-05,raydium_cpmm
5FXvNNELjGvx1mueV7tcYGUfJfpDVJpXBM93y5ZCTPxTG9fo1rGvaLsqqQ2SMTj9D7jQVT7So8huh19QM3gqqTut,1787815706,2026-08-27T07:28:26Z,FiN6YjR6Q1ovRhUHJsGW2VuLKWgqgQ59Yr3ck6pU7jbm,buy,0.901354635,11258.771060227,8.005799480052904e-05,raydium_cpmm
5LDvW4T3uiUUJMZvzc4r43SqtjXZqwWyNPyVqFocyw5DRJHK62gcnwP9UFAcxaKFCvriqg9wWzmCeV2R4awUqu9u,1787815706,2026-08-27T07:28:26Z,FiN6YjR6Q1ovRhUHJsGW2VuLKWgqgQ59Yr3ck6pU7jbm,buy,0.6449952,8018.485878416999,8.043852789416326e-05,raydium_cpmm
2WBWCWs5ymx9tejhYbpftPJ65rH4ddNAWQgKNt1wQKVUURF26pbmevaYtkbHfGcNCZ9XSC7qGpgbAsNye3DZdT2E,1787815706,2026-08-27T07:28:26Z,G5nGszFTvbcoVEQqek9qStAT76ffLmjr4UzEtMoouizp,buy,0.612870444,7612.787903376,8.05053880101157e-05,raydium_cpmm
5oeA53uHnkXS5XSCZNHT8TXQkhBNDUMK47sLnoDEaaaxuon52uNFiuAvCNFQEyQYANPvEyn3qyQXzyGeQnwWFm2U,1787815706,2026-08-27T07:28:26Z,G5nGszFTvbcoVEQqek9qStAT76ffLmjr4UzEtMoouizp,buy,0.606701334,7534.90313715,8.051879671932699e-05,raydium_cpmm
6385w9GqWLsd7A3uU9szPCgDaAvrJdgTFTLXt9BdJ7QdFJyC1hoA4FiuTJvxcxk7XZGijdWogT4m9kPNCK6D7cdX,1787815706,2026-08-27T07:28:26Z,G5nGszFTvbcoVEQqek9qStAT76ffLmjr4UzEtMoouizp,buy,0.7977125780000001,9939.810658597002,8.025430316522717e-05,raydium_cpmm
4BZow9TUmJhZCaEJMNq4EJEXLtDubvzBbU8SEhfhdC1wxc8DLw8oQakQunL9cEgr8hq9BoimMg1bWCWxXvy3tHLY,1787815706,2026-08-27T07:28:26Z,Gwk2S8xumrwaWQCKf1rwoGg3RS2rUx2GUCfiiE7Mm3QA,buy,0.892490252,11143.627616516002,8.008974121472237e-05,raydium_cpmm
4gPvUyWzT7SMPwL54actJHjVDFQWELqMkdWDDkgnrTGWwov1v9ibgqpxcFiMHSAoVTwTn5c16DjX6u6JgNmLafAJ,1787815706,2026-08-27T07:28:26Z,Gwk2S8xumrwaWQCKf1rwoGg3RS2rUx2GUCfiiE7Mm3QA,buy,0.59484503,7434.096681331,8.001577804251788e-05,raydium_cpmm
4v4wdxjcuxWoQ5J79rWeWfCQbQtjdVDRq2FDciRm2jVey96uWhDbuUdQavVK6u7CgSKVzdbnmEHkCyezmp5UF8bu,1787815706,2026-08-27T07:28:26Z,Gwk2S8xumrwaWQCKf1rwoGg3RS2rUx2GUCfiiE7Mm3QA,buy,0.9528271460000001,11918.702199749998,7.994386721232e-05,raydium_cpmm
1YjJQZtqawR23QfU4ZD5h2uvbxwcy3A5Knx9BEWVpv6sZGVJBH7ypSovaGRPpi85Ay89SgTRyxnYMaMjwdMcc2q,1787815707,2026-08-27T07:28:27Z,3883isRkbz3Brq8DcJNrbnq1QZqwmzTxAC3qAzs99Zvz,buy,0.8458814760000001,10473.727504486997,8.076221914668109e-05,raydium_cpmm
3FU4ttQvnwrnoV6ukczfmnxJXwtJbYaWSpy7chMMAjhVMArJnY3sX7ufuUGyjqs7dBUM9zJSVz1vMdAkpDfh8XJT,1787815707,2026-08-27T07:28:27Z,3883isRkbz3Brq8DcJNrbnq1QZqwmzTxAC3qAzs99Zvz,buy,0.612116142,7525.801549850999,8.133567407343062e-05,raydium_cpmm
2Eub9YAYV7nrVX4aDDuB9myQ6V24qkCijXV6VPszzAgExCokjcjAxr5u8oWCDzixDAwTcXvrmJsoVHeUC1hkKNPH,1787815707,2026-08-27T07:28:27Z,68gwUiYYRgbUU1PsRfuRYzVVZkvJjvd7zDvv8yqkbe42,buy,0.523292864,6581.9373874039975,7.950438194709013e-05,other
2HiNjtWC54YDFnBCMgwsUvCrPgnxaCEEzpMxUVvmmw8DBdsCDfU1ZcBz2ZwDw3buxmU4GCDNKdGgPrxSZ7bAuw9i,1787815707,2026-08-27T07:28:27Z,68gwUiYYRgbUU1PsRfuRYzVVZkvJjvd7zDvv8yqkbe42,buy,0.664837273,8280.151271316001,8.029288973295948e-05,other
5YqWHp8Yww7uYekD6kwqaRHKwD9Cm9Rk4LfcfnnNvSP8Ex5n3Np8TTaBV2GigQS1LpEEZuQwNbSphkPEiSuriWFJ,1787815707,2026-08-27T07:28:27Z,68gwUiYYRgbUU1PsRfuRYzVVZkvJjvd7zDvv8yqkbe42,buy,0.479504797,5994.455533766002,7.99913844216561e-05,other
3fbxFGkXwWUorueUUuxGGFQvN72W88reKtSUbXqJG7wWRZfS8kj3i2asquoshuycwxDFZgktx6zsfuLFG6bKNjD4,1787815707,2026-08-27T07:28:27Z,8KQriAKQrWJY2CPMLGmxwMz2sEhKjq6hEd3Rwx1B5Zu6,buy,0.9012470180000001,11160.362831324997,8.075427579024336e-05,raydium_cpmm
NBFxgdK9sXjuBLZZTaeVcgvChWgZ6EWUe4TMMrL6TQMkXein2dFrGKFjkrE4W5L87NYKpRybe6zs8UNdBcVZD1q,1787815707,2026-08-27T07:28:27Z,8KQriAKQrWJY2CPMLGmxwMz2sEhKjq6hEd3Rwx1B5Zu6,buy,0.770654119,9509.177071570004,8.104319787082921e-05,raydium_cpmm
2axRW5dmGvzNawD78nDzCSR1fyvth3StYuWuMBqRGVvsjBfTnq9JWBRbCUJqBD91aJr7Pr8rPfDYyMV5aSpC5T8,1787815707,2026-08-27T07:28:27Z,9W298hjW9MJ9mW3H8LHxzdqV5N7jKgnN66gQzPACg9ZT,buy,0.75297191,9285.851305254,8.108808608360584e-05,raydium_cpmm
2qsWE2yi7W4FZ2MhzxoNDxrRZ9caBjgYW2QhevoXfikDkEXmAbXtC1FqPAbLYp1HjcnSovxjvfEqaGbi22ARrBzf,1787815707,2026-08-27T07:28:27Z,9W298hjW9MJ9mW3H8LHxzdqV5N7jKgnN66gQzPACg9ZT,buy,0.625762154,7720.802969683002,8.104884381289843e-05,raydium_cpmm
4bWgUCqE4hYjLcAMV9Ly9UCL7dZY2jzATHCkBGdxhbJaFHnP8kiC7b8qB8yBvjrPcc6PFwsBnRNuC7yaBxpJn9fK,1787815707,2026-08-27T07:28:27Z,AaJsuS3A6zQsV2jdwEVoe4vJ3mjKXRw41siqweSKNchk,buy,0.897957538,11136.177818478001,8.063426721779172e-05,raydium_cpmm
5y948HZpPqwAp7cSheRYhiig4GEBkezDkBxQii6gyJ7EGRrqYVzjkHxCTmqZrZtAsSBzWDu7oKNf2LtvU3oihCku,1787815707,2026-08-27T07:28:27Z,AaJsuS3A6zQsV2jdwEVoe4vJ3mjKXRw41siqweSKNchk,buy,0.753462577,9286.356631347997,8.113651100330703e-05,raydium_cpmm
2eJF8AMruN7aeVcaQj1cqmHjESCVr6RQa53rmjiBFkawCmqcg1xxKxhQQ7DN1BzgCQ6JhgA5HabbTpUB9mcrHeFw,1787815707,2026-08-27T07:28:27Z,CQ4n79cjiQ3tRSMFTGzKPSYoCaazfuCGu2Y7Hzd1aUj2,buy,0.788146719,9775.026086122998,8.062860518795784e-05,raydium_cpmm
3JVaBhnHmKbZ622vfayiPUEH3Q45KkVEo7mxkrbSDnETFJymHYgy57Q2CBjatqxqtpZ4vaeR9p81UuRWxyh2kLcn,1787815707,2026-08-27T07:28:27Z,CQ4n79cjiQ3tRSMFTGzKPSYoCaazfuCGu2Y7Hzd1aUj2,buy,0.933700972,11546.990579358004,8.08609798010169e-05,raydium_cpmm
273FjugvRbuqLkdbGbov971q6y53DiHbwsBwA3Xdr8BzhdgEDaFcZ5aQDtC7GCNbQ3QSz8ehTJ9dL9reim1iJpMk,1787815707,2026-08-27T07:28:27Z,FiN6YjR6Q1ovRhUHJsGW2VuLKWgqgQ59Yr3ck6pU7jbm,buy,0.639661508,7880.654556052003,8.116857596667113e-05,raydium_cpmm
34Tv87JbJHs1L4uCWy5Rn94Azg9rUa2QqYS4LRdvaKHcx85XTjwgRmyz1PHQRTcfb56SJKgDDfSKhNh4rBMYVzPr,1787815707,2026-08-27T07:28:27Z,FiN6YjR6Q1ovRhUHJsGW2VuLKWgqgQ59Yr3ck6pU7jbm,buy,0.734522388,9087.094298617998,8.083138172250607e-05,raydium_cpmm
3Ct1WADFJPeHM47Xrq9iZbhf4L14jMgPcgnW6HEHB38EXM6tbQz89bh5u27HAeJaXpb7hzrHfbYMcXCm5s5nBdRg,1787815707,2026-08-27T07:28:27Z,G5nGszFTvbcoVEQqek9qStAT76ffLmjr4UzEtMoouizp,buy,0.899607542,11152.297860309998,8.066566668754611e-05,raydium_cpmm
5TSswWo6fNZMKoz51cLQhREiKW2sDUVR8iJojejNr4o4CTCw6QXyKeYhdQM9hJubKFFzS6XyfQFZQBuSTBS5GiGY,1787815707,2026-08-27T07:28:27Z,G5nGszFTvbcoVEQqek9qStAT76ffLmjr4UzEtMoouizp,buy,0.597895679,7353.41871826,8.130853170584536e-05,raydium_cpmm
FKsvPF31YxhXzTz4B7a4xmJaiGGHDarMXuvcNeAcG1PDxNv6rwxFZC7n6L7JMj9FgRuggTASzBPAuD1sLrDahcy,1787815707,2026-08-27T07:28:27Z,Gwk2S8xumrwaWQCKf1rwoGg3RS2rUx2GUCfiiE7Mm3QA,buy,0.827338159,10225.801827214003,8.090692279975528e-05,raydium_cpmm
Y4nyewHrYPNDaxdcCUrWhST2AZdzSGptQbftsCGHxbq2kHbj4VyWX2gyz24WayAiWZEddA4fLD8oXcui6aYKgwm,1787815707,2026-08-27T07:28:27Z,Gwk2S8xumrwaWQCKf1rwoGg3RS2rUx2GUCfiiE7Mm3QA,buy,0.948837632,11776.793147104,8.056842131368558e-05,raydium_cpmm
26bfAiC6VCBg4mtj348Z7fkPF9UEjYNQAexByfTXu1XGErsueXNvai6CmL87TuK9vpRJKrsw9toQLy3SNxK194XF,1787815759,2026-08-27T07:29:19Z,3883isRkbz3Brq8DcJNrbnq1QZqwmzTxAC3qAzs99Zvz,sell,3.286105939,43778.765931603,7.506163933752704e-05,raydium_cpmm
67Y5zoE5dRQ1f31k8ehSiDxxNDs9xufXhSgGR3SXt28S818wsaiJQ5D1UkmFYw2R4xFY2w1ehQ323YWZVXYuXAJZ,1787815759,2026-08-27T07:29:19Z,8KQriAKQrWJY2CPMLGmxwMz2sEhKjq6hEd3Rwx1B5Zu6,sell,3.9308288449999997,52274.043132632,7.519657193966283e-05,raydium_cpmm
4sZDYdqjMQxvEXD57DHs92fEpNByGNJaTrats9ad27HeDSJ1sN1ss1eaYBaQxeMjQTFcNkvGgKQVyhkQ6p3ABHd6,1787815759,2026-08-27T07:29:19Z,9W298hjW9MJ9mW3H8LHxzdqV5N7jKgnN66gQzPACg9ZT,sell,3.547723752,47338.326527623,7.494400440898184e-05,raydium_cpmm
5Z5SGRUXfHJnfK9r8P1t7LnaY4fDBemBzuDKGsCJiitRKhYuEeZ8YjXSyLM3dY3Ud8WcWqv1oJNM7uFZxC62TSqh,1787815759,2026-08-27T07:29:19Z,AaJsuS3A6zQsV2jdwEVoe4vJ3mjKXRw41siqweSKNchk,sell,3.5918426059999997,48087.24350436,7.469429196278079e-05,raydium_cpmm
3nAFSwjsGSThjEVLvFSUcH2ywjpCWU2co8ntgkVXdpXNFEmxrFcLbq54zgtm82neRXGAtWYGZAD1bYyaigNq8Mtw,1787815759,2026-08-27T07:29:19Z,CQ4n79cjiQ3tRSMFTGzKPSYoCaazfuCGu2Y7Hzd1aUj2,sell,3.512683959,46949.194074325,7.481883402384054e-05,raydium_cpmm
2QC4qw8gWL9jZxqDai7SYzqyeZZgp6tKHRysCv1j3rtNBHGf2KxwS8yHSzh8nWQP5HCsXuEfAV69tboxDnsitMvv,1787815759,2026-08-27T07:29:19Z,FiN6YjR6Q1ovRhUHJsGW2VuLKWgqgQ59Yr3ck6pU7jbm,sell,3.521408332,46749.948379668,7.5324325567202e-05,raydium_cpmm
4J79HRfXwBug88MgNFwetkogX5SMaWQ593x7Lqf5LPhU1Q1rBfeNeT4RDCTr8ognM1C6itJMTfcSzSCVz2YbR7Yd,1787815759,2026-08-27T07:29:19Z,G5nGszFTvbcoVEQqek9qStAT76ffLmjr4UzEtMoouizp,sell,3.288767042,43593.218277693,7.544217132697653e-05,raydium_cpmm
5GLMCF2fcGgLiv22JvqAhzve9wqqH12KcPghJ6MNVLqtHuHktSaBeYAm7t45LNHKtu4RDrgp7K9bjvUNXEUjX6T6,1787815759,2026-08-27T07:29:19Z,Gwk2S8xumrwaWQCKf1rwoGg3RS2rUx2GUCfiiE7Mm3QA,sell,3.967795983,52499.021471915,7.557847502210343e-05,raydium_cpmm
3widG8t5UhP2XKho185pyebZ2n7cBx1gakmooNJqXAhQKw7vykDvFTqMKF9fbDsLwW4TcUq1qZKJkJpb4hv35Wen,1787815762,2026-08-27T07:29:22Z,68gwUiYYRgbUU1PsRfuRYzVVZkvJjvd7zDvv8yqkbe42,sell,2.6366735550000002,34758.948792611,7.585596361764829e-05,raydium_cpmm
4vv8ukLNURH3QeK9YPqs7M2u3RAeYR18FBkXY9rTpCsWQ2tvr1eQvK6bGfGKffGXdrT8Qg57tdKe2gLTuS2rcjCv,1787824302,2026-08-27T09:51:42Z,797CrVjYgQRU7V6CVhhz8hSNDTx5wF53apb6mf9wqPfZ,sell,86.352182465,1619792.887129503,5.33106319648236e-05,raydium_cpmm
3fJXMUaKjKXG6aabLy5sEftz7X25Y4Q8ZNEsgReTHPW8zWG41L4PnLf1e7cBwjudmZUEx49VhAMYYQwMdtcqzehz,1787824315,2026-08-27T09:51:55Z,797CrVjYgQRU7V6CVhhz8hSNDTx5wF53apb6mf9wqPfZ,sell,42.945164703,809896.4435647511,5.302550103069634e-05,raydium_cpmm
3RCgUiMZYN1PazgFu3LgzBCHSTTV8DB9LR8nS8hvPRgxDDmwhRCSgMyFuo1KopDYx7MqRRERb1MmUtF2UZuMHjV4,1787824325,2026-08-27T09:52:05Z,797CrVjYgQRU7V6CVhhz8hSNDTx5wF53apb6mf9wqPfZ,sell,42.30942299,809896.443564752,5.224053436236299e-05,raydium_cpmm
4oZXxAkpcENpRUbCahTfiLvchfs6Dizy4SW1oTAHsYupUoKe9eJEfmmEDEZxMZmf42RYm9fgerjADr7sbhNAk3QW,1787837511,2026-08-27T13:31:51Z,2z2q5gk8TDgqCidzkXkyevXH1aDaVjWL8cQwoRbMF1Jq,buy,0.10203928,2134.970860529,4.779422608827403e-05,other
52Dq2dc7VamWqDFyXY2ags2AjemgybVuGj8QJEYNPZ5SM2xYdAxmEFDr9wPjVQsiQe4XNEYmpWtc6hfmkBJAiKkp,1787837571,2026-08-27T13:32:51Z,2z2q5gk8TDgqCidzkXkyevXH1aDaVjWL8cQwoRbMF1Jq,sell,0.098510127,2134.970860529,4.614120446383577e-05,raydium_cpmm
62nNWjxKeaSX5bsS33xzpCM9GETwFda2vUUgoofBWQdZK13rF1QEMU2vZeFWJ1rbyDk3LgeEanhtzMD54iammgxS,1787839308,2026-08-27T14:01:48Z,797CrVjYgQRU7V6CVhhz8hSNDTx5wF53apb6mf9wqPfZ,buy,10.011999999999999,191755.82751248,5.221223328583529e-05,raydium_cpmm
3S7MUn8pZo5BQoKQiZc5S6rn1XQnTLkMwbDiU9nrHF82m6qHDpKP2MvafyXqhxj9pQcR4Vcrx3cEsPt6uwBB6Ss7,1787839310,2026-08-27T14:01:50Z,797CrVjYgQRU7V6CVhhz8hSNDTx5wF53apb6mf9wqPfZ,buy,10.011999999999999,190696.58375740898,5.2502251496736685e-05,raydium_cpmm
3SmBLkWrHgDHuvSBcfruRWCdgdqV4ynKs5bhJmFF284Vun4uWZNDPUBC1sForiFgMVPTrKuis1YUCnnChdF64Gwp,1787840920,2026-08-27T14:28:40Z,797CrVjYgQRU7V6CVhhz8hSNDTx5wF53apb6mf9wqPfZ,buy,10.011999999999999,183196.961468452,5.465156146557674e-05,raydium_cpmm
4w1onKcf1ysvkc7pgprA4r8NBqubykdqCkWnZTeG1HW1mWheg3nbGSLP2X7uMeu4AtLoYjffxrAuChZVntApD8VC,1787841135,2026-08-27T14:32:15Z,797CrVjYgQRU7V6CVhhz8hSNDTx5wF53apb6mf9wqPfZ,buy,10.011999999999999,188289.702859313,5.317338042368043e-05,raydium_cpmm
3fWP46jU8MRzWuQbizimJh8SLmD1PeDqs8TLGSuxbEEzow6x9m1WvHSYYcutuPuCdF5WLG5vSYrZdxYyr6hXSmQS,1787842851,2026-08-27T15:00:51Z,4iDyxGxPRC66QBNwYqMn74VtVm5Moy1ns4w3bAqYGvRG,sell,1.134744087,22691.740960215,5.000692053507597e-05,raydium_cpmm
2pdyFQJCTdqS7QbTttvb8rLzGVGovjuVN1H93XMAg7VyWJcvsLKinzG3DkYagF1VnNfgyzCxvCiWPwQSwdRkq5nG,1787846838,2026-08-27T16:07:18Z,797CrVjYgQRU7V6CVhhz8hSNDTx5wF53apb6mf9wqPfZ,buy,10.011999999999999,210268.39508924796,4.761533465716722e-05,raydium_cpmm
4xY6YfH4z3F2dBaN9W9AYivB63LYXoFUDmhevMzUKh8Z2PzBbm5uqc9KRFqPHS6n5DzqjDf4BhoPjbV2ghxR5nHU,1787858378,2026-08-27T19:19:38Z,797CrVjYgQRU7V6CVhhz8hSNDTx5wF53apb6mf9wqPfZ,buy,10.011999999999999,210215.71002164797,4.7627268194983925e-05,raydium_cpmm
8aQReZ61RWovMeGsWKSCerzRokdpyg1pipGUr23MaMVDossxJ1o6t7XEGPaZjXcnrzLnzPzTPhFESPp8xdaMd5R,1787858398,2026-08-27T19:19:58Z,797CrVjYgQRU7V6CVhhz8hSNDTx5wF53apb6mf9wqPfZ,buy,10.011999999999999,214660.4427363961,4.664110383995982e-05,raydium_cpmm
4igZwjSq1DsbDHLsvNDx4P8L7Sg1W4xMzLxJ26QG9GqLxX7N3KqZy51LTrmTb7mcQZhXuhENDWJvaZsBF2F2ZDw8,1787858407,2026-08-27T19:20:07Z,797CrVjYgQRU7V6CVhhz8hSNDTx5wF53apb6mf9wqPfZ,buy,10.011999999999999,218207.64065111708,4.588290295484089e-05,raydium_cpmm
5bju8gHcte2acqftE8shRuk9j5Rm1gvGbCpbKEnwtH7rZSfpghb2jgMtF2TK5qk5rYfDnLYdFeqMtRf8gziTFdfr,1787858417,2026-08-27T19:20:17Z,797CrVjYgQRU7V6CVhhz8hSNDTx5wF53apb6mf9wqPfZ,buy,10.011999999999999,215959.87015812192,4.6360464991340256e-05,raydium_cpmm
TttxpSzU9pQ3Duf2MzyDCW4q53FPtLorGBHd4x7WZP5r2xT54MpaNMZvGUBSGviVaJt7pdgn8PB9JkihEvZzHxC,1787858426,2026-08-27T19:20:26Z,797CrVjYgQRU7V6CVhhz8hSNDTx5wF53apb6mf9wqPfZ,buy,10.011999999999999,214656.69248516392,4.664191870324277e-05,raydium_cpmm
5eFxX4AUqmFizZ8YicBu5458ZEZy8Q43cihLNkwHe7kzV2zhUk9XiSnMwSDi1RrnAknJhFiXEUQSuuaBrQMsDw3z,1787858468,2026-08-27T19:21:08Z,797CrVjYgQRU7V6CVhhz8hSNDTx5wF53apb6mf9wqPfZ,buy,10.011999999999999,215296.9941118951,4.650320382455743e-05,raydium_cpmm
3813ccLmPVgQoyFnE4bKqfum2Sm5ZpV5cCzRcNM7YVtf1XjhMXXzww4CYn5TWb2jCF5i8uusvRNqAsBYYj5CRoCf,1787858520,2026-08-27T19:22:00Z,797CrVjYgQRU7V6CVhhz8hSNDTx5wF53apb6mf9wqPfZ,buy,10.011999999999999,217025.3967399709,4.613284965904651e-05,raydium_cpmm
2Cw55Heq98qNR1Zjmfdyj5gvmrBAYCTgkhaYH1c57aADdXcCGWCSyTgNQWhrRzrR5G8qj2rWsCdtS33Zr8A2rSNp,1787858631,2026-08-27T19:23:51Z,797CrVjYgQRU7V6CVhhz8hSNDTx5wF53apb6mf9wqPfZ,buy,10.011999999999999,216634.2477966533,4.621614588565839e-05,raydium_cpmm
ZyrJKTLdM4XNeZs1umXCU9SWs9uBmugDkhgp8XuATtjRc3sFR7tGXMAXVBvmTA3XkPgbrN2Wf6SdESuTm6Przys,1787858659,2026-08-27T19:24:19Z,797CrVjYgQRU7V6CVhhz8hSNDTx5wF53apb6mf9wqPfZ,buy,10.011999999999999,215217.44719575392,4.652039195917722e-05,raydium_cpmm
ATos4NduJhn5KzowRoGMVDUchcgifLsoudzZTS7moZuGThJBDKCSPYrLcDCRSsQbeh3kP4j8AKiZeFYxumJuEzR,1787858661,2026-08-27T19:24:21Z,797CrVjYgQRU7V6CVhhz8hSNDTx5wF53apb6mf9wqPfZ,buy,10.011999999999999,214054.2263481859,4.677319467504571e-05,raydium_cpmm
4svRBu7u4KZP9zQjMz2ZvYwyyrVNRDm3XgMJsNvoQPK9aa28RgCJonpAGAr1EQwf5cyjZm6LAtYiXM4KQjrK8cB3,1787915824,2026-08-28T11:17:04Z,797CrVjYgQRU7V6CVhhz8hSNDTx5wF53apb6mf9wqPfZ,buy,10.011999999999999,303763.5160285868,3.2959850250935936e-05,raydium_cpmm
4JLVi9iCUTZoRrD6dEpLMhmknK5UByWAxWed4JSD9H8J3heH3ae1EzJ7cVsL5CDc66Gu36zXpWpnL8XQFSpzWFiH,1787915831,2026-08-28T11:17:11Z,797CrVjYgQRU7V6CVhhz8hSNDTx5wF53apb6mf9wqPfZ,buy,10.011999999999999,301663.75888698734,3.318927018923346e-05,raydium_cpmm
59v4qB77jTsrkdrGNNqBi27CHJViLqpRZ27AywqBw6ZDAuyYnStLhybqQXzRM3K7i1BopKNG78AD43tWQgFGQ8sp,1787924235,2026-08-28T13:37:15Z,2z2q5gk8TDgqCidzkXkyevXH1aDaVjWL8cQwoRbMF1Jq,buy,0.01003928,234.556582831,4.280110103425827e-05,other
3ARpHSaGjtGAMobWAuxmNhQi2MHnmFXv5v3VtSQkLCRC6BbnbNk9TDB6vbNb9D7dVCUtXFHSg19GqQjmuwRcki4g,1787924246,2026-08-28T13:37:26Z,2z2q5gk8TDgqCidzkXkyevXH1aDaVjWL8cQwoRbMF1Jq,sell,0.007820358,234.556582831,3.334102972345327e-05,other
3sgQx97z4pPJJk7r2a8dKawemp9fZ9XVsLZ3BNJE4GSWyXcMFdHNPG1JD9agPDnJzcM9kMcmNae3zNZBW44XCyBr,1787946728,2026-08-28T19:52:08Z,797CrVjYgQRU7V6CVhhz8hSNDTx5wF53apb6mf9wqPfZ,buy,5.0120000000000005,194846.25256321765,2.5722845238575283e-05,raydium_cpmm
o5hkHGH9h5DPdrj9P2dJBDmmgqs8Wn9xmN4z5b2suTQY7FzAPRuatT8zuT88LQP8E2YsAN1ZC4FxVXKZE6Lf4Eb,1787947243,2026-08-28T20:00:43Z,797CrVjYgQRU7V6CVhhz8hSNDTx5wF53apb6mf9wqPfZ,buy,2.012,78038.9501816202,2.5781997263129098e-05,raydium_cpmm
