signature,block_time,wallet,side,quote_amount,token_amount,pool_token_amount,attribution
ix79Yp5xCV4qR1YvHUdEamREjQAxXgK7fJ1Jdo6beeH3XRMF3dJgJo4cQLDVQg81g1C3yXDe3ByGnmec3qv37Vs,1786828074,5GjQkGJF1NtAsTt9P8Q3Ni6SD2QsSZ1sSnsi8GBqDnt5,buy,0.002239279999999978,441.317514405,441.317514405,balance_delta
yG938fF7ioMtsKPPWrZ58ExxcvByhjBP6Ew2QGtc5YBFprnRJ8UVeen6pLiAFG8BtB5M4EdhwKYd4NMfqiNvfwy,1786828074,5GjQkGJF1NtAsTt9P8Q3Ni6SD2QsSZ1sSnsi8GBqDnt5,buy,0.000160000000000049,353.05345595899996,353.05345595899996,balance_delta
4MJgByt5hJffVmJzXV7WXJZ3C2Zf29K2xuFfodvyvNKUKA2nUQu3FZ3wS65q4wkCwGBnxRUfwFoG56kWLZTFFT3b,1786828074,9Q7rXKnZr3xDm5jgEARhh9sPMk4pDpXsct1HjaPsQZqi,buy,0.002144279999999989,220.65895744,220.65895744,balance_delta
HtAYh5bYWCyfkP9SVydoGfYQKDwuXstavYT3otxhznYsgjqWFBr7kNi2B6ah1cchYF61pHorXybazSUPJHfK1WC,1786828074,CUkKyTN2GnkLKSucTF24qjhFn6jgSDAUQHF3RzLKhsZf,buy,0.0020892799999999946,110.329528779,110.329528779,balance_delta
5CrdeqYQpXURxtkCAjGbPF9iUzY3HrH7qQXBVFWX3wHxx19SsQ9MwghbJ67ZEcVm495d4zAP3PfrHvZDuhqNTYi6,1786828074,ricEmGn6WZ9kN2ASm1MAt7LoE1hBgu1VcQrjRwkAPfc,buy,0.0021192800000005237,176.526856131,176.526856131,balance_delta
kFFm5cKR8rhzWLRHbBacB3D8GAbkEXjrKp3MNajH5K32CBmhKM5gGP78RS9UNM9iF5FprcTanTMGrLz7zC78BmN,1786828792,28XmmbBDVXEWQ65Cxi1SL6196Fx1jK6dg6yTiFx5M6eT,buy,1.01213928,2199933.243988167,2199933.243988167,balance_delta
4eA59CNWC8HaXx1fGHtqJGwu34cPnXqkVUH1YqbJff86Af21c9SASjNUCHjKSzwm9JL8kAei4VnFvL1AeJtfZJ3i,1786828794,28XmmbBDVXEWQ65Cxi1SL6196Fx1jK6dg6yTiFx5M6eT,buy,0.3031,657392.5405439921,657392.5405439921,balance_delta
WuKYpdpsWhT2DJm5BrdXMvXuB3eQyB3cm52n7ttxjAeHtv6vMrCKg72hEE99QoYt6Dy3wgqZCv9B1HqiAjuwAqt,1786828794,28XmmbBDVXEWQ65Cxi1SL6196Fx1jK6dg6yTiFx5M6eT,buy,0.0506,109449.77211553976,109449.77211553976,balance_delta
2Xuj5apuWyxdzzu4pERqkxwytcmjc1RpETfRZUZLaitbean5tqyRQ6vym9h12No4iAhNeHRyUqygQVic6ExWf11o,1786828795,28XmmbBDVXEWQ65Cxi1SL6196Fx1jK6dg6yTiFx5M6eT,buy,0.0506,109416.79351120722,109416.79351120722,balance_delta
3Zny1r4wFFQg2sJ1G4nDLJSDKUFYgjd2mjUFGUYMGnpBbcAGK5oDErCvrLUzs8GvrECFtJ8z6tjSLJ3uyPLgUQHd,1786828841,2DCW6PvdpXwscZVanFmDLB7svT2STkUj2SuXSMR6C29g,buy,0.50553928,1081451.603248309,1081451.603248309,balance_delta
54YXTD5RrUDjdc4Mxr7stqUGr75e41dsCVaCpf5yAezxNCcNFwe3tGBGfcdP8t7KoHs7D57ViyYx4vbGCCBRdn5q,1786828842,2DCW6PvdpXwscZVanFmDLB7svT2STkUj2SuXSMR6C29g,buy,0.5035000000000001,1078235.2333671257,1078235.2333671257,balance_delta
55swfeE6AM4GqvC8ieXzYQkjL5CsAEpkyyP2to4g1v9cAWReq9rJipYjrbABM5pL5kRGA9fRN5NwUPWrQd8RMQ6n,1786828844,AnonH2TuipeipbvvVYGCmaJCvkddAiLZZoNAa5u1aELh,buy,0.65363928,1396921.543012971,1396921.543012971,balance_delta
5uVoKAX2FDmZdQYCEYknfTa23o3waQYRwsPeefzMjqPxRRzb2WtfKuY4wcEszbMuufzwoE4WoiP8gAqhKivVJGAa,1786828849,2DCW6PvdpXwscZVanFmDLB7svT2STkUj2SuXSMR6C29g,buy,3.001,6402652.5140483705,6402652.5140483705,balance_delta
2xv3AAEjZKLHG5WGsTxZQ1rySYC6pdBzVvrbGxj4ZznXHSysFPCFroemd2NSrKCdM9Ki9ppeMNhARaJyhcxN9Gvz,1786828849,AnonH2TuipeipbvvVYGCmaJCvkddAiLZZoNAa5u1aELh,sell,0.633689283,1396921.543012971,1396921.543012971,balance_delta
3x6zDZkD2EQMtJSsBqhUPPSTFFUyxND7qH9D2vSMoz16XDDBaHR2z3JtsoRhErr1XoyPYAwcwovwGfAuCdMLuW8F,1786828851,2DCW6PvdpXwscZVanFmDLB7svT2STkUj2SuXSMR6C29g,buy,3.001,6290403.270350838,6290403.270350838,balance_delta
6g2KnqtytLK7LNHm1vKYTf6DBfj3fNE8AjypB1ybfRqxmgHRgdzUiaS7qy9ivjuzKGchDcpnXDnaiz9kmJ7FdZ1,1786828853,GjGhvk8AdrQQnyhfGcaF3TNLo8tngc42QELQMoBkTGaD,buy,0.10213928000000001,207779.540994383,207779.540994383,balance_delta
5EEoycNZRLW1UbLpYbetNYsgfokdP3ZvJhgopVsmN3EqVzLrz1F6TxKWfjaCs9Dw2UDeD9193TSW1qDzDPmUhDVA,1786828857,2DCW6PvdpXwscZVanFmDLB7svT2STkUj2SuXSMR6C29g,buy,5.0009999999999994,10236589.075369045,10236589.075369045,balance_delta
3Y9TmExprztxpEeEt94kbEVXhTNQ4yJAztHxpcY5YKKGEjUtCSpSm4w3YaALR9Wm2a3ZpSc4rfUaxwmAUjoFxpKV,1786828859,8KQriAKQrWJY2CPMLGmxwMz2sEhKjq6hEd3Rwx1B5Zu6,buy,1.307975596,2592885.684790978,2592885.684790978,balance_delta
4VH6SCiDCc4w5Y6Nmj2eD8ARiqrhDFZ5q7RAM8TT46oqrUBHxfsdVrqyHGY29CsV44pDtZZE3QejYT9LajPFuXcg,1786828859,CQ4n79cjiQ3tRSMFTGzKPSYoCaazfuCGu2Y7Hzd1aUj2,buy,1.329880088,2656483.912643854,2656483.912643854,balance_delta
5TBuoVkzj8AxwuXdnuVR6CWYL21xdVy3y83ygdMPbw8FSuJ8zrB3NPXHKbWFX7NUa2h8nZMZz4LrJCDgVfnhj8Qk,1786828859,G5nGszFTvbcoVEQqek9qStAT76ffLmjr4UzEtMoouizp,buy,1.013269257,1991744.866143325,1991744.866143325,balance_delta
KYDW4CShfQgnoYXVgv1FSxJaq8B4mC7dJ644CJ9V6oXbBjw79k2wH7P6eStbMjA56zd5jQVrU8mTyepSKvKmcXo,1786828859,Gwk2S8xumrwaWQCKf1rwoGg3RS2rUx2GUCfiiE7Mm3QA,buy,1.38232418,2704836.232489651,2704836.232489651,balance_delta
3AqtSAp79wvN4MDeFGxVMVEiiiRNFdgGUvSCdSUVmBcDiHQgwMLBh9BdZCQjoNUUzuhmcefthn32DDdQnysJou44,1786828861,8KQriAKQrWJY2CPMLGmxwMz2sEhKjq6hEd3Rwx1B5Zu6,buy,1.4579637319999998,2817293.89858154,2817293.89858154,balance_delta
4uXraeADW3bTCtSJvopTu4zmMCyqtaKCE3UnUu9TKAXBmDbHQ4m9E1bcz2yDVcFX3PNuW4uUF15sAoZgy3h4bAbG,1786828861,CQ4n79cjiQ3tRSMFTGzKPSYoCaazfuCGu2Y7Hzd1aUj2,buy,1.0418008269999999,1995577.6446498358,1995577.6446498358,balance_delta
51oiS667qHdXR4CjQREzp6DJoFBmXYkos4xa2vuhXPDgzoJStcxprAXGS7PFiHoAUnNGFMdMiZvqA9BvCtcjYpX9,1786828861,G5nGszFTvbcoVEQqek9qStAT76ffLmjr4UzEtMoouizp,buy,1.110643737,2158774.2358803563,2158774.2358803563,balance_delta
3pA1hvv21qcKDKcorVDS73A9Jcm7mnUHzunBwUVa8ZxdSss9VMpiavU9JiR1YxrKFthNdsXjJJ5VUWstDUeEXcpG,1786828861,Gwk2S8xumrwaWQCKf1rwoGg3RS2rUx2GUCfiiE7Mm3QA,buy,1.414864704,2695982.4814206213,2695982.4814206213,balance_delta
3xPSnFY8wTKZmSeDGn6db2ZMcpHMvrTtt2LhsiJmEh6iLxnFp7jSK46ctJsg6eMtgqRzi4Y2JYuor1x1hKJjtkKs,1786828862,2AwjJTdTWCu6QjyZKvF6oVEd9TkQP1WYvVswFvDEySxn,buy,0.961979234,1808824.070753205,1808824.070753205,balance_delta
3kgL2BHQywWdDF6EX9GoBbGDQKXNaABVKUuijzLPtkex5T3Hn5RpgPbqhFigBddCUvtT1mPMfiT14fX4x42W6cRm,1786828862,2AwjJTdTWCu6QjyZKvF6oVEd9TkQP1WYvVswFvDEySxn,buy,1.0058614190000001,1848203.8680073777,1848203.8680073777,balance_delta
4fEdukn3rCzTRee3TnTNvKu9Q2zubKBcJXFNy3sx69uVrYoqt57bSBcpDEYZvuP2pmdFeFMM4HvbZUFtuvLEKnkx,1786828862,5kidNviTucvoHuFGuPQUikWokMxsLZMncGrS5gK9Cujs,buy,0.948387524,1773724.289530096,1773724.289530096,balance_delta
Nqed8HYqzdcBTATWMG7AyCcdSp1w3fjWptqzBD7V5WWg89CtTnzQaXSkWaGFjvgEnJhAueFyAso9QJZb6bmbs7P,1786828862,5kidNviTucvoHuFGuPQUikWokMxsLZMncGrS5gK9Cujs,buy,1.0093675370000001,1844457.7317151087,1844457.7317151087,balance_delta
ZCa9785Qgz3HDhA1dKvHv8FfvhCJaETeNyY5Y258z8V1dyu2MFXjNJPpJqJd8D9f8A3jZsubNJPUXuDVXtzYjUs,1786828862,93u5BsWsPxuLRzcDqwecZV9TiXEV7qNavef6fscPnSb5,buy,0.20166365,371086.687161131,371086.687161131,balance_delta
2sgtjPuVdfsoKCMDCLGue8Lm9LyaXkepvh9QxSoAT6AppWPK3ZAxNUWTmAi6RHawTq2L539MtvVYKpE3xdYSUZT4,1786828862,AJGU1reuw27UFzBYBNxFnqXKGWgNZgTBM6CjjdjMTKXo,buy,2.376500729,4289762.965815663,4289762.965815663,balance_delta
5xAgLhGXH4G9NzZ6UacHer19uHKvS9xL5cvnKrc5V9UqSKtmbmR7M6UY5X6CNSzj7EZRppdPtsvobhU67Hu2FWT,1786828862,AzYbZ251ivYsTMdgtQfBMouAtcoNgMxtB7JsU7ERCmik,buy,2.627777831,4679803.199268404,4679803.199268404,balance_delta
4Fx492qH2WiYuUJLVo8gh15csJZoF4zV6FLtwsFRqzgvMch8X6EckzmQbS4GGDXrTe32f8nAMxqPDKX6bJ2TLcGx,1786828862,DenZLNzBtE3L8T1kQFKh8oE7FCXBrdsM9xwCbsnKvdJq,buy,1.0234092339999998,1935602.481764882,1935602.481764882,balance_delta
248SqEkABhiZrVxUZkn9aoJxuUm1TjiEBowxCZjxQQE3jcZwqA2WZkkYhRAMVCEwF1waKY6rqxUaN4reVYYca1aH,1786828862,DenZLNzBtE3L8T1kQFKh8oE7FCXBrdsM9xwCbsnKvdJq,buy,1.0248670180000001,1893770.5534382837,1893770.5534382837,balance_delta
iEcBJ2hJcjXsxYBUNdUeKvEfJBS3xMdDdpgwXavecMyeqEn6pYqJhv4daZW6dP4fqKX47LkaB4bvnQ6PDWrD1Xq,1786828862,F32nhkoF86gVKGv8NmfyEE9aaKqauxGECyAqJrm7zVwr,buy,0.186845347,343891.852164786,343891.852164786,balance_delta
kGZb7xFfjRrdXJHr2yziNt31KK9WHzYzNZ9ZGD96k4e9L7eqLNtKzLKa3khK48p4wseWPBoTR9Hbu2dYemfjFDb,1786828862,GEPiePuVYQcbShk7ACa2YASeLuRHqvcSZpS89keWZecG,buy,0.167908843,308934.562861754,308934.562861754,balance_delta
49Cs3h8tPkKPXaCBPwcoVExPvKECwH5B5ag2QV6adYh44mfuxdbkEAYcaD1dXtZwJ5cRfA4Bm6st5H8qpW2aqGXi,1786828862,Hedt6aVyFRvxpQJkrrqgZ3e3JxUNb7ufCVyYXMnHYYE4,buy,1.087168996,2023319.897250427,2023319.897250427,balance_delta
2V1tyR6JzcqgTyGoYZxac79xkTr6n27MjnzgxDMq88CacZaoWRcSMH8TFMhFzc4pti5NBi8EQDErpD6EFFJ8SAFc,1786828862,Hedt6aVyFRvxpQJkrrqgZ3e3JxUNb7ufCVyYXMnHYYE4,buy,0.972691894,1767630.0948825171,1767630.0948825171,balance_delta
5yxWqbpZm7KukzamhVLwjNgsj8dpu3aVcPuKiQKGXs6UMhff5puTvJn4yBV3pKdYka2fu7ccrLNJtzfrfmYpJ8ci,1786828863,57C1yd7d54aRvNJa8R6g8jppDHcgND9bo3YmvcRJ9e8F,buy,3.03236228,4964868.01494922,4964868.01494922,balance_delta
3BDLdyUviWTDNgyEzt7KDhVa8BEHpS6YPqC5hA66zTUYDab4hvVuU81aN7JBh8zoEZcMzfQBo9VsJzhN8X5sAoea,1786828863,8KQriAKQrWJY2CPMLGmxwMz2sEhKjq6hEd3Rwx1B5Zu6,buy,1.223643522,2133176.635881762,2133176.635881762,balance_delta
2WGVm55Xhmx4AVWAHs1uSsZDBJHh6pRQwni2qkYD5FSvdKp5QiwWu9tuTWfGVWDZAJxXQbGBTf9p8LTVFrhqVAvX,1786828863,8KQriAKQrWJY2CPMLGmxwMz2sEhKjq6hEd3Rwx1B5Zu6,buy,0.946148059,1602104.8277703589,1602104.8277703589,balance_delta
3E1ZFMh9KUpcEuJC6pz8a548D72nquoUurfYCihHEoTDhEh1VTXtkpKovTYsEPncAosapfw6joasRmQknspd5i5V,1786828863,CQ4n79cjiQ3tRSMFTGzKPSYoCaazfuCGu2Y7Hzd1aUj2,buy,1.036305837,1779663.0329982704,1779663.0329982704,balance_delta
5NMsqZ6NJcvC4s4gCHtkcNgz8qU1ZkXbS7Cw2VX2v6vLn7s445MCsxoYprT4g2x7r2vnmozdupC13a5dE6W12Rf5,1786828863,CQ4n79cjiQ3tRSMFTGzKPSYoCaazfuCGu2Y7Hzd1aUj2,buy,1.298832792,2190354.1058502067,2190354.1058502067,balance_delta
5AdN93ptxhrAkEwLr1tcvAan5ttxtNDVyeZHpaJwFbPHz8jMbcGBg5hSA3kysQa93LyZs9YDGBgjxVTaj5ApMUGh,1786828863,G5nGszFTvbcoVEQqek9qStAT76ffLmjr4UzEtMoouizp,buy,1.246749038,2188066.44697497,2188066.44697497,balance_delta
5xDDnaZRAYgHkM4fcdobLrWxHpHE9wGvcj26TLdsnU6wFDYWdiANYjniNZEmoMRzmVukjVYiaGFnKKot91e84uy3,1786828863,G5nGszFTvbcoVEQqek9qStAT76ffLmjr4UzEtMoouizp,buy,1.5512566030000001,2651009.535950738,2651009.535950738,balance_delta
efrVLD9fK1T6VWiuC8BoJNd8BRbwsnyHAT2s9yyJCHPcvBhiGt6aJK17C8Jqry6tnWoLk4x11bj9cSxwsWjZc4j,1786828863,Gue8rnckLCrNEksmCh3KCMu8SEjcPVHV1n1MUikmAn21,buy,0.152955016,251604.3744561,251604.3744561,balance_delta
2aNyKgobVY1G1SAfAeczR1U7NwbycZLC9gSBgrj1AwdarZZp3HnG12hSzKeLTEJGaYkyYpCR7wevc7nJm5TBsRqL,1786828863,Gwk2S8xumrwaWQCKf1rwoGg3RS2rUx2GUCfiiE7Mm3QA,buy,1.518206291,2630027.9021257777,2630027.9021257777,balance_delta
2fYUaYAQcc3kKEwtFXCpXbnqeKjdnU7yU8ueB9o9d4HEdKgoKs44UAybxM4PTvw4gK4p5Nt6e8J82NxWbq9c9CA8,1786828863,Gwk2S8xumrwaWQCKf1rwoGg3RS2rUx2GUCfiiE7Mm3QA,buy,1.2289593140000001,2058264.1617973093,2058264.1617973093,balance_delta
2eDGDbLDa7u2w43d7XzrmEQNRagWp3RM1f99pf7djK5tRXwVn5a5vxXbXcMJeHieE44EUMkgojXVdwCZfenB9eRY,1786828863,chrisBeZroheTb8QFUhvsFFgSsAourqQytMftMcyYi2,buy,1.0145350160000002,1672317.874686252,1672317.874686252,balance_delta
5YRiYkASoSFyrbLv7NrHSdzwxRLEqv3F3M3VH4SK8uWafDG3qL2YW6VPygSj1uiVRT7M5r1yTV9iHMzcEfhG2uxk,1786828864,C4eNLxxC7XLUivghMi35YUeSfvACgnvKB18115uPUqjg,buy,1.00213928,1637801.091288709,1637801.091288709,balance_delta
5aRLQnb69oyihCFGS7yKrfRjrtfyAYteyEMswq4WcSZKTYeSe4WW3v5pj6uT4pf65XfQ1BJy5XdQmP5n4Uc5szDV,1786828864,FatpigGT9U4fzPZPu94Q3WeZvCKqewjWJbZoQRBQWYyU,buy,1.0028681609999999,1629338.947811924,1629338.947811924,balance_delta
5yQjLBgrxDcS4r8mMC6cU3EPTsnQ5yRAry7Xakgw3pTUMMdeLCQSytAw6yxir4SeEihonRDTt9gjsFJHY8DJnX9o,1786828864,HACKERamoyuTkkbuVnSWPNc5a5TDQH3U9vpp6zbrRKTe,buy,1.0028681609999999,1620942.241035066,1620942.241035066,balance_delta
26Bswc8MZGvGRqLRGYnCVr5L9f6WqcpWEjj2oBDG5NUXnLYNPW8UDXriU5CkhSSTQ9iYQJorNiSzfUWXP18ZAJNQ,1786828865,5xywCUU8JhqTv7PSmHLFfSUs2duCR1hSxTjxyqR9TiUx,buy,1.42466428,2257443.580803591,2257443.580803591,balance_delta
sMnKanJoC3QV4YGZHDnrB1CPL5oRMT4ng7muoBTvjcHrXd9nGHTS4ZME2HTkyYTdqsxrAhU3ehWnJBUwrQWwXby,1786828865,777777UupVYr364fUHXwqBRMnNaVcpAw2z3uhFkspnNn,buy,0.6695321390000001,1068005.709153013,1068005.709153013,balance_delta
3Ea22iWYrHJo1poZkF986vX3h1z5Ao27m22pkrR2u8o9zRwaMJMUAVxjaFekV94q8LuZiUqfgQPFSRjcBdGnP8sR,1786828865,93u5BsWsPxuLRzcDqwecZV9TiXEV7qNavef6fscPnSb5,buy,0.139389738,223783.14011295495,223783.14011295495,balance_delta
59Fr1jFuSvQY7q12bZWjwBDgQDJRZZ4nKsTZFkdcXceu3GG8qyX1woYC5g6aTq8PVPsqaU3Aeg3xBCH8TULaCu2N,1786828865,9F46qiTXmGiLK7TT8UdsrjDE15GzU2ChzUQtmToRJe72,buy,1.62161428,2551499.643683619,2551499.643683619,balance_delta
2u1Zng2RtB3NSkjMH5sRvcCNwrPnF5t3AjhVSCs9f4WSytsFrNJfk3hso98ZBLEHYVvaBZjNRDAAr9zCEpPyZ2BS,1786828865,C4eNLxxC7XLUivghMi35YUeSfvACgnvKB18115uPUqjg,buy,1.0001,1612610.29789095,1612610.29789095,balance_delta
3phnLjgGd3nYhNNmqEEUM6KMMtG2e89KKoYRQoiqPSBMa1RBZMTzhJ5jy1og9tb4Gkcx2gPEdFkLcZ6mu5JYmyMs,1786828865,F32nhkoF86gVKGv8NmfyEE9aaKqauxGECyAqJrm7zVwr,buy,0.15525513900000001,249084.11557202897,249084.11557202897,balance_delta
5WhvFthGE1TPHSmhWxzbZRkerLyaar7A6jPZGbY9GRjCT9yGRxheZPqD7wtW7hdJG1wkKsLNYPMLz7a6bsP3kH3u,1786828865,GEPiePuVYQcbShk7ACa2YASeLuRHqvcSZpS89keWZecG,buy,0.155655123,250104.52800437598,250104.52800437598,balance_delta
2d4NukLgsyLGgckc9CnumrquUJDUNjYJ3BV93F4RQN6KcDXnqdWdT77Vh5TEV6gQ4NrNpyPAZtyBPx9EUzASSBpc,1786828866,222rwqVEhc4iPDqQxk8ycUhnq6t5zPN6z3ofVSEfLTBV,buy,1.060961236,1575475.705268082,1575475.705268082,balance_delta
4FAS26fAFwNwNr3tQ1f2TK4USH5YGHuMubC7RtDHfQFaTDW9jmAo6k4azxyhuTnP2GRv7erx1etZyVqoSx8NDrnb,1786828866,2AwjJTdTWCu6QjyZKvF6oVEd9TkQP1WYvVswFvDEySxn,buy,0.910827583,1403832.7336503225,1403832.7336503225,balance_delta
38UXBv9PFws6ejLGD1Pkavk36mczpKCfpcwwkXKz9eovATBDimwiS8wSAT7j91xmXJ4sq8QutYKn3P8veS3PpciW,1786828866,5kidNviTucvoHuFGuPQUikWokMxsLZMncGrS5gK9Cujs,buy,1.052760607,1639932.3858726174,1639932.3858726174,balance_delta
4SekgK9YZarVSrsa2gioYU76FXmCEnwBBKZTnotYSUYrqTAXuQXweRpvrFgYVJKpPZhRoZycarraGricJPQH8tiQ,1786828866,8xZDnuQnDdKUs6EyoNN98nrYSUyHdJCZw1vrmvb3UUB1,buy,1.18649818,1772082.094839489,1772082.094839489,balance_delta
5N4sdJNfJ99mK3VMdSzqgUG8bjyKmCcHM2b4LM5NnVLJNov4ttcwDPdQMRq2WcNUriGuBidDVGxRsQzxjsWTLjJF,1786828866,A9XvNqVZCS29obqh6LGTABfdcJgNrzeXSbNxbweA1HYo,buy,1.2589584249999999,1891931.427808654,1891931.427808654,balance_delta
5ETVHx6YSxykMsa2PHp71hg4c5b8bQ1vUEiaKDU4XzzA32ASUtxjQtkT9Rg2wgdUNDV8Fh8AXNLa69jePsVmHHaN,1786828866,BBQ6yYPAad3wTN5e8jUshryB9eWorKUYftk6pftQZ4J9,buy,0.614045442,939947.948092917,939947.948092917,balance_delta
cevM9pmLAPs1t8kEQ2VQp4MXzNUnJ5ztrrQAiQdNK2eApwCNnCU7yfvP2HbD8oQa3pUyCKJ3m8gpwAXPHcY8PY9,1786828866,BtHnhjh8Ta2vGZkrL76AmXMur1ADo3tpRo2kQMe2BCSU,buy,0.635643482,970084.93879152,970084.93879152,balance_delta
3UdFGfqRCPpRiDwAV8DYY9sUGGQUhfs3eAEnKpUmZzMajxooVGji69BTCCiD8qTVCqCb7r4urESud7yJEZzs4dFS,1786828866,C4eNLxxC7XLUivghMi35YUeSfvACgnvKB18115uPUqjg,buy,1.0001,1513812.8070655689,1513812.8070655689,balance_delta
3oAmwvRCTjEjPuKsi8XJvLGSoN9uHpyHzyZmCwqYwiBB8v2244Qq95GvALzZNVEGeo1h8p3onu9Wdsz2eimQr2C8,1786828866,CWryqL8F79bCUPfRMnFHxXpJEyW5TixWe59hEuFXWYnD,buy,0.569397189,866040.766684904,866040.766684904,balance_delta
4XDz3m6Qg1CD3nMzy7Bh8vsTUjfCneWopTxYbBm4zT3cvjVkRoajcxMNHc2jRzEn1xkSwPCeinbkcTV4hBPHTD5b,1786828866,DNio5ketGczp2dsB3jJCm3XNsRETaAM87q3YVMPA5F9z,buy,0.626887783,962661.079009442,962661.079009442,balance_delta
36zEUEYwvBg6wGEzp81SQsbo27WmFKqc7ch5NfXBZJWNPeTJwmydBgWRFWaCdsbxFxbeoXeN6X4WN2RtYFps9JuN,1786828866,DenZLNzBtE3L8T1kQFKh8oE7FCXBrdsM9xwCbsnKvdJq,buy,1.0148502179999999,1588982.9661537535,1588982.9661537535,balance_delta
4p5DpZx4q8Sv4FbUkGHzuiFdBfnwTccMSmhhJEnypYFsBHSkhbhYbirQz9sd5jQiRxLMyBguNoiwADfNYJ4kNeKg,1786828866,E8B7Edi7khrojzqFgW4iJJ2Lii2jvv9B9kivkwpPfHeq,buy,0.564447504,856061.72831278,856061.72831278,balance_delta
3tEktev3dy4q2L7i386LvmSEHvA4tsbYqzPJBSqA8euAp6ENqxS27GKBxzwCFJSWisCCDTBcGExZcAs52GSx9Pnr,1786828866,FatpigGT9U4fzPZPu94Q3WeZvCKqewjWJbZoQRBQWYyU,buy,0.334159237,506284.34113523224,506284.34113523224,balance_delta
62iVANkceeaKaTKwzweYfcmR4Jb7tHqQGbnAW8jhBaXdrov8RajVkpKnhLnFcjpDyqeVxTBeHs3TEnvAVLn6kzK9,1786828866,Hedt6aVyFRvxpQJkrrqgZ3e3JxUNb7ufCVyYXMnHYYE4,buy,1.0343494599999998,1602706.699680061,1602706.699680061,balance_delta
3r2VSfpZduXpb3eQbsN4vGggwK97gkihonjbYqUvvTrMNLeU7pJGrJ8k55zfuS6d59bmYVo4M7B2jNC1Qt27jUVG,1786828868,A1igHDVAzKcGUAbVMFV8HrCCSUfcs5YzVfW3i9895pdW,buy,0.142687075,203050.436919431,203050.436919431,balance_delta
51Vms7wXo79fb8XJ4h6kHeb7tNCvQXAqCU3xUkfN4RNu2Q6EGFynUWTYE4zLzzCbTCH8q5rX8Zzp2Ng1hV6b5WTp,1786828868,Accym1M1qybvC63A5yUPHKkojjHMrGhGyySi57QjEqXz,buy,2.4728156319999997,3568609.226497918,3568609.226497918,balance_delta
4YyDwuYA6BSNh7Gs8hKnPNrGXrfWCa8rhsupx74iYwmyfPYpHmv4gcRpKjF4n5Kuq6jSA7Wh1YGsZBfqrt1p7vin,1786828868,C4eNLxxC7XLUivghMi35YUeSfvACgnvKB18115uPUqjg,buy,0.5001,741115.3096250929,741115.3096250929,balance_delta
5zubp9JGMvBjsPXTFQ8eNRur39KorpmcEDhSZrzDS95jViE1Y5KUyiih8L7wFHaSsUXUvTm3mcUqKRZHsERZvLSg,1786828868,Ebux1vXaJYiugKxnBNgQbsBjbjjFK1K2k1zXjkD3tqDk,buy,0.118947477,168189.620311727,168189.620311727,balance_delta
5obBLgDgmQ2nRC9U9T5eDFBdQWumHuskX1R3c2xXQnsnYNP51BrRavgf6Y9zCgfdrDGHTprL4KnEgbgz3yoxxTor,1786828868,FTnPR7WkXFU5VZ3UN6FUkR79ichSS5fsFnuVc9HVaCqu,buy,2.549725928,3725421.533554542,3725421.533554542,balance_delta
2gDfmV3jSkWbnRrqkoovRGz692KPwJ4SYpZ5NxjHH7ufF77zJhBzBDQ1ZgDFM5ZhAimgoyUzXidyqpivCRVKzV1L,1786828868,GpNHGPQXQEnrrbL8paxGdEWrNEvdFcZFVtC6ztMoYuYo,buy,0.127638705,181150.164202888,181150.164202888,balance_delta
5ZcGtRwxpw6qjTXBU1mngMBhQYVxq9GsNvDUTYYjQc33mDPFUbazUbzsH31PqrUMymnTUkxxWJUTHS5EBuLZDuJb,1786828868,ZZGtLggQHdZ2LgkDtnbJ1eVQMYLpQN7H1fjCGZAw8G1,buy,0.13167173100000001,186899.370340659,186899.370340659,balance_delta
5AQ2ZGQd4qWaC7Y3oo8MsKqqMAJDHE1ipee4XWoAFz41RaAfFL9g6oDgZCC89FWb9zyQWZU5Nqk8ZRg6EsurHwdt,1786828869,42nY2zqy2NXeBZDFVcTcoufecdBFgpiEjuNA5huALhdq,buy,0.30204928,432001.24577279,432001.24577279,balance_delta
3fL3AjrRNT7NYsj15X5x7bPD62BfYV6ZvJmeuwgzGsj7pywyZG2j9dtfBxSEbSwHddsDd3tebdt14WEqVKg3bSAj,1786828869,777777UupVYr364fUHXwqBRMnNaVcpAw2z3uhFkspnNn,buy,1.000828881,1435467.3815357632,1435467.3815357632,balance_delta
3tEhqH7qYBMPcun3fEapQGUB4xdshL5W1DqxhYxZGLCQLjz7SqS6eW6NZnkWEjRXSkJ5CWLVFSJJ2VvJZpTMMZ5y,1786828869,FatpigGT9U4fzPZPu94Q3WeZvCKqewjWJbZoQRBQWYyU,buy,1.000828881,1421628.1906760978,1421628.1906760978,balance_delta
DsTKaSgqotPAjT5GGeXXsbWmv8peHk67C77K9dFmaE2jRoy2jtoLikz6u9bpHrhJT5jnVTSBmVGKiWEeg9Ftqvj,1786828869,HACKERamoyuTkkbuVnSWPNc5a5TDQH3U9vpp6zbrRKTe,buy,1.000828881,1428522.6393478601,1428522.6393478601,balance_delta
2bvdhigF9fRG1LUz3nGoSE8TKsWewcn6yogXyh4TpmP8V2oyH1Npu5PaUeAPNLngqUwXZQTf79Cbt5Z8qnjAeS8J,1786828871,vPczFpjUEeMfYTtPkwqNYdJXvFBB1dDVBUA4sbMocQe,buy,0.03,42929.467812862,42929.467812862,balance_delta
2b71s2kMdCUcgWFZzgjHdXxY9QmqwezLgPYVyQNiw4kRqmK2RhDek2e7QdPDo8vhXhijPW1kfLonqCqtWzshL8jL,1786828872,2T7W5XtariS53AbHY42u8CZzAyrzvNzGpeWcHsARNGkx,buy,1.164471365,1595356.4054907,1595356.4054907,balance_delta
QdMrA3B3vVu7t61Yud1EWaUZMAVLv5x18raJvbZekGf318KMF3cvhjmoQDkVyGfRVMa9EGjweCX3tFskMBfDApd,1786828872,3XQyz76yGTfdVezAEX32drhFBK6Zdqu5vP1C1ocPXVt2,buy,1.175837487,1602207.16982051,1602207.16982051,balance_delta
516hF4kHLiXb6fWY4Y3TtbutGSALvBz9WZEkDi8uM5k4ALdqmkMgcFDKcG1r9XKi9ToEkbh1TvN5UvQfaqp3AQnr,1786828872,6KsuesQQGfqZcqEPBKXgT5iwvZHhUgf6uvtuzQNigxgK,buy,2.0028681610000003,2822367.520100356,2822367.520100356,balance_delta
4pS4jjqwNDv4t1LHXJxmA5Y421skMEETnRzmZMGR1cKXsvwE6yfbV2fVMvxhKyBE27pvsTnqsgJaEwfgfz3fSn9c,1786828872,FDQKtMRyjWHPxyvtuWzqypyn3JXmCtv3CH9tKQpLbtPD,buy,1.3498986039999998,1874799.375866198,1874799.375866198,balance_delta
2JEi7EAPaGdQ1RZ9xGHng9cr7Xb9x11u37dtCZzDuxeiiJLSxpLkhjviA9etzXzGrhjZsJ6TAyCHTCFbwS7rdtYd,1786828872,FMrLCzfeRZLiawdoj7PRiAyo3kwbYWJ7XWQXgxmeHr8w,buy,1.3524416639999999,1866343.795849007,1866343.795849007,balance_delta
9E5XvxtUfFZe9PSXnUGEsN1Lk67fau5iDzEmnEnNJsfCz9YqzndJjuJzauwQ6ZxDRvosvPfD5nzdyqA2Fz3NsE8,1786828872,GXUgrpvBnCDrEGQVpV5NWrrCAigURaWSwmhQ3aZtyJK4,buy,0.10313928,138479.224096708,138479.224096708,balance_delta
4tRBzfHvopMFMmtjyMS9xTuYWrTpPwXB31Pwzsm4fgebv1R2rDqk5vHHyhdxCryP15txAir1XUwqEHxcXRhr42iB,1786828873,3KEdzpSYJ7sXfHKpVhSF2Qj6ZAjd3Q3dugFCZ4umWvkR,buy,0.461947162,627558.775159538,627558.775159538,balance_delta
4uGviYSySWsBAsD91QRBteQLief36ZuDwbFpbV5HTfoF9x3ySWJa796A7ryEL1pznD5LLwkcudsVFTR5ZDxvekeY,1786828873,Act5xzJ7DhXrdNKbRw1yTzQUmT4hYtAPgFKTP5WzPBva,buy,0.544131398,738196.117330378,738196.117330378,balance_delta
4eyevtZsCeQpw1TpQUefHHoAmYm3gNsujgj5rmbQTPybzczY9JYmVD7tSCKbmukjwaqhz3vZpouzXjeXdvxLixck,1786828873,BBQ6yYPAad3wTN5e8jUshryB9eWorKUYftk6pftQZ4J9,buy,0.055027958,75298.17588280002,75298.17588280002,balance_delta
3bae1QWn9x4cXmBWRQSzo3GgVkjT1f2WmVRVnz8LBu5Bb5geMizFK9ky43xhCcQvAcA2AqGx7t3eym7H1i9pRSMA,1786828873,BtHnhjh8Ta2vGZkrL76AmXMur1ADo3tpRo2kQMe2BCSU,buy,0.046900964999999996,64183.90169222001,64183.90169222001,balance_delta
Mo74KA9TFHjd8aDeTBRpSrE9duH383PnFe5BuLHnwV7vsCudELpaSr7uy1p2bfoAAL571VG1BEzr83pr4MGvP5F,1786828873,CWryqL8F79bCUPfRMnFHxXpJEyW5TixWe59hEuFXWYnD,buy,0.049262296,67450.12113054004,67450.12113054004,balance_delta
4QdQ65pH2TTNepCEMeaFpHoPUx5dCnkXhfDKXmENdRmn1UzzcR1HXsz6GeP96dEzYfviJw3UHvPy77zc4H76r79Z,1786828873,DNio5ketGczp2dsB3jJCm3XNsRETaAM87q3YVMPA5F9z,buy,0.048125857,65829.78078790894,65829.78078790894,balance_delta
5LMvBL5HfweXA5GB4yu4AgsZJWeBFf41UE1ASXtbf1Z9CzVXjMephAzReJPVWHmJd2uakFVkiCSiPmKU3wASmJmN,1786828873,E8B7Edi7khrojzqFgW4iJJ2Lii2jvv9B9kivkwpPfHeq,buy,0.050907924,69688.83519441995,69688.83519441995,balance_delta
yFsdQKHMxVS6kxdHWiH3pJaW6VNVmXQDBCYiisH3v8yLuav6HmYe4eXRgUKihV2mr8GMUpjb2GKd8gcPkF6nnSm,1786828874,2T7W5XtariS53AbHY42u8CZzAyrzvNzGpeWcHsARNGkx,buy,1.288497788,1726103.8564281252,1726103.8564281252,balance_delta
4W2eRrpnC9CLxHhYEH7zaXFSyKD1ttR7Cjrj95a5wz7ZWSkyRHWSoS4hBCUyNGsiohRabTAG2bH4k52L1u5wRqp2,1786828874,3XQyz76yGTfdVezAEX32drhFBK6Zdqu5vP1C1ocPXVt2,buy,1.367882794,1821831.302356715,1821831.302356715,balance_delta
47LsWQuwLv8VbWASCSprYN7rRrvK3c9hAGs46VJzaRfxyQYqgPuzE8r33G5dP3xv6brU6AnGQ7WJ1NPTPMWFjyMN,1786828874,A1igHDVAzKcGUAbVMFV8HrCCSUfcs5YzVfW3i9895pdW,buy,0.394677356,517660.83449550706,517660.83449550706,balance_delta
2eq1obbEiSwdVGoJReoYKqeUKM1GDtfaNG4UMdsWfdgSR4ZcPTXD24SajJd3Ngnf1mW67sGzSZketDWCufYscu1z,1786828874,BVmv2JfCyRsPhPJbvga1bZeCGUKCqNpUL9jjznf6CGbC,buy,0.345372615,453816.863428313,453816.863428313,balance_delta
2pSohvvnSMzdMv9UxLjSF7uta1BNZtp3WRLi35gJazRp1FHvLtoqnqNaqZ4AUBjhxTRw9kFfyExoNprPBgrSo24Q,1786828874,Ebux1vXaJYiugKxnBNgQbsBjbjjFK1K2k1zXjkD3tqDk,buy,0.35110437499999997,459134.644687039,459134.644687039,balance_delta
4bMTzfYMn5KzjbRfct8UB3cPFVbC3t8VXvrXzhYpSUXqfXMih86KcjDY2Rma4JZAdcb5QURUo2XA4EHTB93FbhTE,1786828874,FDQKtMRyjWHPxyvtuWzqypyn3JXmCtv3CH9tKQpLbtPD,buy,1.164327991,1539913.933971838,1539913.933971838,balance_delta
5EjL6oYDwUfoGD445oXNpsFezLg41Wv7eaQVwhGbMZQ86kzX2UxDAdMGb4FW75QrhK1MvkiKyX7t5j21muc78Mym,1786828874,FMrLCzfeRZLiawdoj7PRiAyo3kwbYWJ7XWQXgxmeHr8w,buy,1.213583607,1634618.235884455,1634618.235884455,balance_delta
652oWExxvtrqA9wnHGj6gMEvqbXrzTepM5xhNgY1ygtChPZoFNr65YuZ8itvBs7vF4FQhQB3aF1qRvQbwZR5MJw2,1786828874,GpNHGPQXQEnrrbL8paxGdEWrNEvdFcZFVtC6ztMoYuYo,buy,0.414820085,545369.740778292,545369.740778292,balance_delta
5bkeV6k4mU2A1G7C11MukUf9gFxW9J6QfRa4sgpp4Lm1EiAMTdeED7So1UthzyavfGfYkNZZ5N28ozyz2j4jSVCj,1786828874,ZZGtLggQHdZ2LgkDtnbJ1eVQMYLpQN7H1fjCGZAw8G1,buy,0.355398184,464058.60844500904,464058.60844500904,balance_delta
43UExqEmJr3S5AFrAexQFP8QbBUD8XJgg5NoP36xRHWpZxcNgCoakJPMVgCtRcuE7iasBHCxt6ULY9uGNuEyQfzB,1786828875,A1igHDVAzKcGUAbVMFV8HrCCSUfcs5YzVfW3i9895pdW,buy,0.49204114699999996,643648.8868139399,643648.8868139399,balance_delta
2khu7JypaCVmN8xJhV8A3wQgHHZENkLztw8w5cBvGBJ9LSDyzkDotfWsdj9WKHPuiWvkoszxNMFwKPsJsdTBi3Vf,1786828875,AJGU1reuw27UFzBYBNxFnqXKGWgNZgTBM6CjjdjMTKXo,sell,0.314952047,428976.29658156633,428976.29658156633,balance_delta
25PQQLUYu5hHkzsTqt1S81U2Z2h2iSpZypLiY3atayRbizchPeoeEUMXa6caw9THKjV19y2qujhmA3d3wAwmqSdN,1786828875,AzYbZ251ivYsTMdgtQfBMouAtcoNgMxtB7JsU7ERCmik,sell,0.34425378100000004,467980.31992684025,467980.31992684025,balance_delta
3a2K5c2JKjw933kdM4aYrNaSLt9av5einakqmDw6L8VtFanuG9qLUY7WVoaefr2G6BNJn4QVXE1gP2F5pes7Av4T,1786828875,Ebux1vXaJYiugKxnBNgQbsBjbjjFK1K2k1zXjkD3tqDk,buy,0.548604782,719976.529547443,719976.529547443,balance_delta
3oksyatxLWX21SwKFY4qBVD8ceWdhQKds5mGUxfGCRgU9XiMFW38w3p2jmvHS9yiqN4HgREuReEAkyU2ywRgLFhJ,1786828875,GpNHGPQXQEnrrbL8paxGdEWrNEvdFcZFVtC6ztMoYuYo,buy,0.47781382,622060.9498585601,622060.9498585601,balance_delta
2vq2BacTQ2hyp7fVVQjToQPwWXzUiawX3xv64raxu9WaW1DQj4JMTHmsTXz2fgY2ZsybjDYDviMP2cqUeHe8zFvR,1786828875,ZZGtLggQHdZ2LgkDtnbJ1eVQMYLpQN7H1fjCGZAw8G1,buy,0.497540251,649417.158159334,649417.158159334,balance_delta
42x89VziZVQaE5hncHF5tC3JVGM1u79NpSey9mtYfwM19rELc9B8xiGjnoVzjvZGrEVmaux4j95g3k22sU7VDWkJ,1786828876,8wnqJrLyop5wdCTwRpMKFK5db5B3s5J6e5ToTYFaj9iK,buy,1.0211457800000001,1308402.742534659,1308402.742534659,balance_delta
pSUrnC7MpjAmQA5BAiiqHBrwS2fWHg8vVYrHaRJZssJ6rfPYTb7hfqP9VeWSAqKxEVmQ5EFVPEnhhN4Xd3ZtoFj,1786828876,BULL9XniY8nknkxmDFDH74JuSG3TTVUfqx3kbpmDfCqV,buy,1.0211457800000001,1302358.704318882,1302358.704318882,balance_delta
5vrnjEHYg9gjX5wSro1n6CvLx4umrYFjLvmFx9b5NdAiv5zz5h1nJWZVzsfrGZhbro65aZzKERfxR4xV1tBRzU99,1786828876,chrisBeZroheTb8QFUhvsFFgSsAourqQytMftMcyYi2,buy,1.012513,1296356.4639034967,1296356.4639034967,balance_delta
5kfAnEWFVk1Jn4C5rzRv8m5KZAXruMgq4vKuiNNkmxUHHYZE5zP4JEQqsRUqvDYxtkJqpkj83dMJqrByqVhQhGAr,1786828877,28XmmbBDVXEWQ65Cxi1SL6196Fx1jK6dg6yTiFx5M6eT,buy,0.3031,395394.783727827,395394.783727827,balance_delta
yS5DRtxYU4yGMUonzzxZyaqJKMCNTBBUbDEvQRQ3mkV2ug33RUNug3jExnajpzfJb5VYLAK4LKTc5694N99XfDC,1786828877,A1igHDVAzKcGUAbVMFV8HrCCSUfcs5YzVfW3i9895pdW,sell,0.509745598,682180.079114439,682180.079114439,balance_delta
4bczNbeZ5FYVpiPCNpdvC5ZbZY3BQ8zWA3EnGi3AwcQrYb9mCq8WdZk2pxtoXmATkyxPeyL8J4raGDXSkqiivves,1786828877,Ebux1vXaJYiugKxnBNgQbsBjbjjFK1K2k1zXjkD3tqDk,sell,0.500936928,673650.397273104,673650.397273104,balance_delta
2fdwqBvvPvMKvkUC5uP6WimJuLCenkCD6b5qDtKP64eRX4Bz5JWr7r2znMwaV5eake1rE4PZPGKTYCNjAD1cbN1Q,1786828877,GpNHGPQXQEnrrbL8paxGdEWrNEvdFcZFVtC6ztMoYuYo,sell,0.500211637,674290.42741987,674290.42741987,balance_delta
nEUomco5vyT5f6vu13CnbkWAm3bPV4Xp2dyw5T1D6CNRZpr5ZTAh5rMyM3BCyCiThT14THBbjW8Hkqwnwn4AumC,1786828877,ZZGtLggQHdZ2LgkDtnbJ1eVQMYLpQN7H1fjCGZAw8G1,sell,0.484495491,650187.568472501,650187.568472501,balance_delta
4m4cnXqd7j9WbYNPomsGmbJGfXTA3sJ1R1cEScejwp7pdMCs42QL7tvqJ5ttBSSd3Fsbz39B9nydBHASKyVdzNiT,1786828878,28XmmbBDVXEWQ65Cxi1SL6196Fx1jK6dg6yTiFx5M6eT,buy,0.3031,401989.3265755619,401989.3265755619,balance_delta
5Biz7sKjRii8SpJntpAL7tzuM383mJCxaALTQNEd9cZ7Y8PP6MvyhSPxyk3kMcDLjyvi7qx92SuGjnEoJbGMnLMk,1786828878,57C1yd7d54aRvNJa8R6g8jppDHcgND9bo3YmvcRJ9e8F,sell,1.838320196,2482434.00747461,2482434.00747461,balance_delta
6GdigdGJBuLqiAwnBgZ6n3ZAnhH4ySNphEHEbdPK2pes3D59YfPxJxaoaGkHTrczZBArA7XEV9EdgGcVr86kZuL,1786828878,57C1yd7d54aRvNJa8R6g8jppDHcgND9bo3YmvcRJ9e8F,sell,1.8081227160000002,2482434.00747461,2482434.00747461,balance_delta
4WPVxv1pfphFWZztX7yikNGy5FLCaY8v9FK7sie5TVUvTDZz8Bstrj85NFkiHu6q9unf86aJnVtx4Utj1fqY7A2r,1786828878,8wnqJrLyop5wdCTwRpMKFK5db5B3s5J6e5ToTYFaj9iK,sell,0.966583844,1308402.742534659,1308402.742534659,balance_delta
5CM9WR52PhErCfB2MYTrX5UhLFJNTzmRz2tTWU6vnHqUd55DXmXF1oTtyT76BtWTCRJNSPJ7ryCAAQys4DZAQfY4,1786828878,AJGU1reuw27UFzBYBNxFnqXKGWgNZgTBM6CjjdjMTKXo,sell,0.280191318,386078.66692340886,386078.66692340886,balance_delta
2bVKXggABZNN29gM9wLFuqqYJ4cBGcAqXBAiQWkHezKvF7TaXqUAayuGPgSLsnVozSAWv3gMbzXAw7eYTYCTAmUC,1786828878,AzYbZ251ivYsTMdgtQfBMouAtcoNgMxtB7JsU7ERCmik,sell,0.30534221100000003,421182.28793415613,421182.28793415613,balance_delta
38Vne4pjz3ErYUENoxamt7HX6macFYJttW4m8VJ2dRPRkhcSTLyL87iBRNBAe3S8NFpnLCpuRiLt1sYxe8wgTa4q,1786828878,BULL9XniY8nknkxmDFDH74JuSG3TTVUfqx3kbpmDfCqV,sell,0.957701211,1302358.704318882,1302358.704318882,balance_delta
4sVfWCkXs91PYFJowzKHQpFHX59Ab4STYMtZuNwCRFkcFW6Nw9fqYRDkAL6RSS4Mbrno4iMp1fJnL1jsxUMq2mz7,1786828879,28XmmbBDVXEWQ65Cxi1SL6196Fx1jK6dg6yTiFx5M6eT,buy,0.0506,64402.71182574192,64402.71182574192,balance_delta
637UQzdWGWNENBFPJnhCievRSwhLHdtioMhUn4YtpzbLszZRg4QZooJor9rRpQcCJa1iagCnbwCEHTan4QWCmSeo,1786828879,5xywCUU8JhqTv7PSmHLFfSUs2duCR1hSxTjxyqR9TiUx,sell,1.719418302,2257443.580803591,2257443.580803591,balance_delta
3NUVDaBBKRdnQ2x9akhdmhVxuArKjq5xPvjyKQNzPgDL5i79K8Q7oCJjvohCbTXAPSccJnogHCUY6GP2sVok8guv,1786828879,82FGz8pkSNcWqNioVgFTC4vVseRJWDhdqjysjXfwR6m1,buy,2.717463226,3475422.952692338,3475422.952692338,balance_delta
LV5Mo9XoVJZSkjAx2yNx8t2WPpaujt5euHTLhAwGxeY8XNE5w1dJUqizDXV1WCgLR8YXtSLgknvHtTJ52JqgzTd,1786828879,82FGz8pkSNcWqNioVgFTC4vVseRJWDhdqjysjXfwR6m1,buy,2.6491940940000003,3349136.0522709903,3349136.0522709903,balance_delta
3dt8PPd8mERdVm5ngFd7uxBCRAZa72YYquWKNBnAXTt5YoG3nqfFeG9KQwArWdNepyAgbCTfXzW7EPeDYBTLgUav,1786828879,9F46qiTXmGiLK7TT8UdsrjDE15GzU2ChzUQtmToRJe72,sell,1.960668612,2551499.643683619,2551499.643683619,balance_delta
3Uw1ST325jZ9aNPKgj5oCFbne6Dh7UK5vtie6vFahc6jpSopmiGx75ApvNqFLTBpCqY18ueTP63azGw6Ni8mf95q,1786828879,Gue8rnckLCrNEksmCh3KCMu8SEjcPVHV1n1MUikmAn21,sell,0.193722026,251604.3744561,251604.3744561,balance_delta
2UsjTosR9RVPrNYb3wM5UdiPccgaB9m9VYkJ1y5jMDp5p8js5W92dUtCbJknMw7vfjpP89kvNtxpFfLzYXGw5pcW,1786828879,HPiAxtK5UGhaNTjNPqDn9WijfQhZ6YEqgHc5MeLZUiba,buy,1.446961033,1867595.800651705,1867595.800651705,balance_delta
4YBsXuGPQgLETRmJ1zFH3wyt8J36KMqzFCRDixVwLzuXmEkdHJQT4U3HAsTiVFsovK4DpXus9vgmhoKqZ5z15k8Y,1786828880,28XmmbBDVXEWQ65Cxi1SL6196Fx1jK6dg6yTiFx5M6eT,buy,0.0506,62820.66958363587,62820.66958363587,balance_delta
2BfVg5KEwC4Xmn3pDpUX1kvxhZMFTGFswdvZVVcUtRZzoQGjkS5r4XVZqXy6dShbZuJKDhdGYXmCXD5gpGbwp3M5,1786828880,BfCP1ncxu7ZWp4B6TvQEcXGVSCiM2LhAzyYjG7zWyKdY,buy,1.581689002,1941188.899691456,1941188.899691456,balance_delta
27dBRzSWDQniXRqnmnQUby23jjEi4GQJmJipESdFa8EryqwujJSr1J2Kqvca4WNBZbNY5KSZkWqaMZQFct9VMjcR,1786828880,HrtVLLCBM4LXfRGLGcXBYvkkJ9xnbiJ3ob1MxKdmNs7o,buy,1.42881458,1764824.556186061,1764824.556186061,balance_delta
3798yUCwLW5rrcUfsVbsxZvERELcP5hQNeYZJNU8rrGm5g6h248nfNvnyHKo7Hx4W2EzoBbp5NTCfqr3bvP9LFMD,1786828881,3KEdzpSYJ7sXfHKpVhSF2Qj6ZAjd3Q3dugFCZ4umWvkR,buy,0.45755119800000005,558260.9601639321,558260.9601639321,balance_delta
2PXvEHyGQZ8qE8FoQ3TCbZEBWbm9zRkgijLo3kgsm1bE1y7b9qqXmK3cYLNg4BheFf1xk6nPedHJTr2F2yqfgXDT,1786828881,Act5xzJ7DhXrdNKbRw1yTzQUmT4hYtAPgFKTP5WzPBva,buy,0.544448802,666008.9762091079,666008.9762091079,balance_delta
4wpJSq66ruRjibq43B2d64HottBC7XhauwzU5CfFHHi8CFV3tLfo4HfQs5ZUNBE1b6vAoYExcLJg1Ysbu55hfT2o,1786828881,G3z69eMv5ma1zpgRgC8ZrnXdYd92xGzbcpAL3Xu1rtCx,buy,0.00203928,326600.490041617,326600.490041617,balance_delta
534b5axyciog6rbwjeDkFtsBGZNFxPxU14FuVQqfPydHRkDkRY6gooPYGbzbzUiMaTKUuQrzXkqhiXJ94sfb9xYZ,1786828882,28XmmbBDVXEWQ65Cxi1SL6196Fx1jK6dg6yTiFx5M6eT,buy,0.0506,61064.656934611034,61064.656934611034,balance_delta
4UWdDZcyReWSakWrJJSMXxexL4Av2w3Mqmjv8Ee7UpkJtbhBdS92c7BXxikxUTS4nXmzVyd8eUHCkoQVmevukvYv,1786828882,tronFPfm42zg7TowSTvPw3ya2tU2oYqvwKJ7i2xgBGB,buy,2.0120392799999998,2429268.063920231,2429268.063920231,balance_delta
5bDfbQwsdfJ6ZVbPZWjDV2o9kVvBVA9CUx8q2qB95fofLEGzgABfBL1ykBrX4JABvkYqbDdz7TshfjuHnLPSJE13,1786828883,AJGU1reuw27UFzBYBNxFnqXKGWgNZgTBM6CjjdjMTKXo,sell,0.27844645,347470.80023106793,347470.80023106793,balance_delta
2kkV6GRcH5XVUopiruihUgY7PUCEoxrxNZG3NMwmSZK59ZPYRwJTJbyFEkE9UaKiotyH3NQNw3ALLLQQQzoZ8fEi,1786828883,AzYbZ251ivYsTMdgtQfBMouAtcoNgMxtB7JsU7ERCmik,sell,0.304287274,379064.05914073996,379064.05914073996,balance_delta
ZGmASZp1nPg7XAU4hWcbNPXenDzjpHVGgHcmc9orLVfoq7JeG1VRgckZBYacE8hDydxnZmfqFZaMmpNxGLfLuQH,1786828886,93u5BsWsPxuLRzcDqwecZV9TiXEV7qNavef6fscPnSb5,sell,0.482649274,594869.827274086,594869.827274086,balance_delta
y6n97JH4PqybNRZQL4vTfyjneeP7GARwVdaqmj2fnotJjQFJVCjgteJJA2dJJ1RsUwkFUv4Kyd69pdkkM75yeW9,1786828886,F32nhkoF86gVKGv8NmfyEE9aaKqauxGECyAqJrm7zVwr,sell,0.480060297,592975.967736815,592975.967736815,balance_delta
5wzMSEqP52ieEfu5d8q986ETZPcuU2LvyALRAwhuhgUt33ygantFxGhFQEEL4rpULTSYMm9cnfWwCDqSLwnZgcNX,1786828886,GEPiePuVYQcbShk7ACa2YASeLuRHqvcSZpS89keWZecG,sell,0.454538481,559039.09086613,559039.09086613,balance_delta
557nd6JLi8L4EH1Z88chpHPKHvh8DGf32cpSy6vrSH9yDW3kULXMUK3Z6BKzyDExPkGVrcWozsmwxs9geTRmEqoQ,1786828887,777777UupVYr364fUHXwqBRMnNaVcpAw2z3uhFkspnNn,sell,1.966823569,2503473.090688776,2503473.090688776,balance_delta
3cFiyMCwtQDVGbp8W4dFpNUNRgCpcsHs84xx5LJBzkVxD5NxQ2kfH1wvcpcaPxg8PMFDkszoC1JdLoZ18aYofGE6,1786828887,FatpigGT9U4fzPZPu94Q3WeZvCKqewjWJbZoQRBQWYyU,sell,2.8260808060000002,3557251.479623254,3557251.479623254,balance_delta
4khhWGmgQYvY9K1GMH9y4YruiEkeai1NgPnEXxaUXCt5iBzR6UqZNuRANdSJE3nvfWBGdMisHF51zdviXZXUb7im,1786828887,HACKERamoyuTkkbuVnSWPNc5a5TDQH3U9vpp6zbrRKTe,sell,2.452013868,3049464.880382926,3049464.880382926,balance_delta
3T8Ss3kVA1vpABnBtBzT2ssiD2e42t8y7dmQDiG7nzzrr6S8X7KiYJsvuTWfJmks37RGGBPSMBtdERhkFrNQQ74P,1786828888,6KsuesQQGfqZcqEPBKXgT5iwvZHhUgf6uvtuzQNigxgK,sell,2.2425892970000003,2822367.520100356,2822367.520100356,balance_delta
4YzDDX2ZizbhLWBuaLcuDFRYpLDP3QDpJfmTQ8YQ9YQ2hykq2kbwHAyiJXw1RZ5o77gHxX4aCvvu9YFW8Zxf8o6,1786828889,GjGhvk8AdrQQnyhfGcaF3TNLo8tngc42QELQMoBkTGaD,sell,0.08203862299999999,103889.77049719098,103889.77049719098,balance_delta
j7scC25fjkiSpazrRmZYHU2dxdjS94an9KdxbPCTziZ3p7uA5Gds6KeJjyuV4bvf8aPCT7e2VEifTpeRecAk9x5,1786828894,5e96SkPWmHz9cizDSqoqVahvf6QQjRS9xdJA7ueYuvD1,buy,2.01703928,2331921.801446204,2331921.801446204,balance_delta
5wdRyf2YX1oiRdrdYxbQWt9P6ebLjczJa9VY1b1VWbF2icx5u31mdAnkwdZGJYVnoytqGKE5fCFSvvSzmFTyTzb2,1786828895,777777UupVYr364fUHXwqBRMnNaVcpAw2z3uhFkspnNn,buy,1.000874694,1121593.098039671,1121593.098039671,balance_delta
5XmePsnu97hsfqURdMidfXkNwFdL4oBmvuQjkHNW7LwdaWrjaN3DUUu6a1rbkhff1KF2rPzBzpUUefaaASHfpS17,1786828895,A1igHDVAzKcGUAbVMFV8HrCCSUfcs5YzVfW3i9895pdW,buy,0.709734965,801325.982340402,801325.982340402,balance_delta
34GXj2rSBr49ugEueHJvw6peSfk3NNfcGbQZANoLJMhAwpY2tiFPMqqQeWX76kZa7Tn1oj9NyGbDC8TqJTcFAzuU,1786828895,Ebux1vXaJYiugKxnBNgQbsBjbjjFK1K2k1zXjkD3tqDk,buy,0.8095443029999999,923582.476734362,923582.476734362,balance_delta
4T3VKCub1t76dKzRTscSRkvEFvYEX2dfs6thMsVx4suxvUPvKJAhN2HoaMp4ZpaomTnWm8wff4288scgJBjfLPFm,1786828895,FatpigGT9U4fzPZPu94Q3WeZvCKqewjWJbZoQRBQWYyU,buy,1.000874694,1126421.364019326,1126421.364019326,balance_delta
2UHKi4Bs4gGDxinvbkjrurrwPqefd8NZCHfBAs6xwz4K2LLF1jFLZRyJYoBfrGuEpKczZN4wVzjNBksfjKCPnC8Z,1786828895,GpNHGPQXQEnrrbL8paxGdEWrNEvdFcZFVtC6ztMoYuYo,buy,0.801927375,908954.1381737558,908954.1381737558,balance_delta
4sKyRWpEeDJqCDfShj7pss8JYd3A2pbU5J2BXmvRKPHG24ERXvDV1gcdkyRgy2qzhAzNYqbsMtYL6GqHqdmzeATF,1786828895,HACKERamoyuTkkbuVnSWPNc5a5TDQH3U9vpp6zbrRKTe,buy,1.000874694,1131280.885558317,1131280.885558317,balance_delta
2S9E4XbeimWSqazWC99xNYRNdXGoXb5gPNhJKbJz6J5qBjsvd67G93Mw4Yr9WFNsexxPePjKRVw1yjULZ9zy65M7,1786828895,ZZGtLggQHdZ2LgkDtnbJ1eVQMYLpQN7H1fjCGZAw8G1,buy,0.694793357,789451.8943104871,789451.8943104871,balance_delta
33Dz5ckPpLRA4gRovTv6NFRwFpY3KwfDfCxbd4WVWrfViEHheQx6qUfsuTf5qiDspcCuPrENHJJH196zvWV23o9d,1786828896,6KsuesQQGfqZcqEPBKXgT5iwvZHhUgf6uvtuzQNigxgK,buy,0.9760400530000001,1054175.019069419,1054175.019069419,balance_delta
2p9mxUYPdF91bgHKCC34BqzWGUop3RCuyLeL4op1XDgQLTumsuSgfh4YjKketXWS7kGSVqf8Pj5u2xYNCn5Dphzk,1786828896,CASStbiKKzQrFvs835DagrLid7saGriDUHv39Mr8SRUG,buy,3.0164440299999997,3197793.284336548,3197793.284336548,balance_delta
5RzEtXgpQ9Jp3uyzLJUsuKcXAEwsrQAS6urWc1uuH721Uy5qrb2dFJvhBDagZb2dGNafkYVvUdFAA6vQyjoYM5Pf,1786828896,G2eAEzJFLTH9oryFxdqMmzp1J5iRVU6Kwes5fWTvk2W2,buy,0.34211583700000003,364608.49889052,364608.49889052,balance_delta
3CN9v4Wdqsmd6sJUZd7bupw4yZE9d4gmgdAXViUcy3g19XGaaPZZtiyDWAGzVaVJcau5QFwQsHTrQAuvPo1xYrdo,1786828896,H75xFpTZVYVzamJrPQHkbGqdWpq4zsZzUiW7L7U7GfQ8,buy,1.027748615,1103216.573291204,1103216.573291204,balance_delta
pKg2fPARgnDATySgjznjg8tZ3fiKKdJghfKpZ8VsSKRSAPHyc3c2aHdfkdPfo6vRzEKuBFyNLSRANo6BnCDWkxR,1786828897,CbpnbXAD9PUAwVcYjHY96qooq6eNnoLiZzif766gqLPH,buy,1.005527438,1057055.264119954,1057055.264119954,balance_delta
4rN1UmARd4cGJ4ov6bna9QmXL3fequKcerdhLWUhMPsSZGG5Sj8eVx6yHTop1KZXyfShxsqa91Z8qgL3KCJCU6vA,1786828899,6KsuesQQGfqZcqEPBKXgT5iwvZHhUgf6uvtuzQNigxgK,sell,0.978142416,1054175.019069419,1054175.019069419,balance_delta
48WxXKVCNVApkp5VK3gErafG1EiLvoucCVNdXmZgu8zwNqN2nZRowDmY5m4L4k64QZDvSgmeJ7pspgcm8i4k2KJk,1786828899,H75xFpTZVYVzamJrPQHkbGqdWpq4zsZzUiW7L7U7GfQ8,sell,1.028061469,1103216.573291204,1103216.573291204,balance_delta
5cZQDGJkvbSqJLeJwfPdH1vPsX92XNGfqrtju7Qf2Cna6t7NigCgyVrqrGyFLomP28riC65fCfJq9pkiLgpqzg14,1786828900,CASStbiKKzQrFvs835DagrLid7saGriDUHv39Mr8SRUG,sell,2.9723409590000003,3197793.284336548,3197793.284336548,balance_delta
4d4UHa1vxESTqpFFu3Sf1ytuumUDN4tUaaKQQ6zuLsapV9XFY1vLDVdmUZP17YtvK67YtGfwFL6oJfi2VuokoPnT,1786828901,G2eAEzJFLTH9oryFxdqMmzp1J5iRVU6Kwes5fWTvk2W2,sell,0.33680752999999997,364608.49889052,364608.49889052,balance_delta
4b1XPQzx9GesuNmjyjj5k6uYETVtg2Lqv9PwEQ2UoMyjrypCvm1TLWXJGiTccRqHicXeVcr2jdtCqvcDqMn2o5vP,1786828901,HtBpTLs6cPw65ENWJToYYPaiUiPE2UznPLwkJQk3WWXH,buy,0.05314928,52690.177179865,52690.177179865,balance_delta
3BaRMqdBGiMYDRXC8mtaoKRDKAM8gRK4ENZF2bncqThxTtKqXZrZq8NU83DTqbmKzmQWPvhUPupSZA98LdDUzVx4,1786828903,2T7W5XtariS53AbHY42u8CZzAyrzvNzGpeWcHsARNGkx,sell,1.529818155,1660730.130959412,1660730.130959412,balance_delta
5ZiRRCHmbrqYg2MCaJZTC4XXD5hyhp27GCSWTZHqNDMxfes2PPiQnoxSwsXymP6mvToNutmTSYEWSjnH8z3Gh56i,1786828903,2T7W5XtariS53AbHY42u8CZzAyrzvNzGpeWcHsARNGkx,sell,1.44768085,1660730.130959413,1660730.130959413,balance_delta
47j8xeB2MAGt4bMK7Sp8Axgz8LhpfMcXaeyskVHD1kgyCd2GFr1FXhgqdQ42e9fWZskKP8Coi9krSvdqfXi61zt5,1786828903,3XQyz76yGTfdVezAEX32drhFBK6Zdqu5vP1C1ocPXVt2,sell,1.556251061,1712019.2360886121,1712019.2360886121,balance_delta
5XQrFZyARepCykuZSLk3ukboEFRHGtbs2neXbrZL8GyJpRKZcKZrHZtowpP9KWeh3jev9sKpevPq1AXCX4TWLkn5,1786828903,3XQyz76yGTfdVezAEX32drhFBK6Zdqu5vP1C1ocPXVt2,sell,1.463484736,1712019.236088613,1712019.236088613,balance_delta
2mMQHVGiTpQqVqo3TdCS8ZTAjvfMHjtjCfpQMgvoebAiFvYBRcBxrrgH8MXWUkEszu6VYifeyjbu4qiJDp3BLqtc,1786828903,AJGU1reuw27UFzBYBNxFnqXKGWgNZgTBM6CjjdjMTKXo,sell,0.663660681,781809.300519905,781809.300519905,balance_delta
5t2c6a7swyeHvc1pLwS6ftWphRFy3bQTkWjreNfpnFjCUEWK9GCmq9UaTVVrq7KUz4Pa4oXDUPNsmtqR1RfhKzm1,1786828903,Accym1M1qybvC63A5yUPHKkojjHMrGhGyySi57QjEqXz,sell,3.179171734,3568609.226497918,3568609.226497918,balance_delta
2aThQWmUCQwUtEhqNrh4yr43Y343qpswpNGrrF8XkPfdPRMKdKVLKbE31Ea3WqiWmBYgiFCcRTMuQmnLFb328e9V,1786828903,AzYbZ251ivYsTMdgtQfBMouAtcoNgMxtB7JsU7ERCmik,sell,0.7219071579999999,852894.1330666672,852894.1330666672,balance_delta
4CMJmzVd2yq1oYK1dqed4mjHmsCwviQ1YVEughYSLGnyv8fZnBR3h66uYXvfbycaV2YQNggQSpFzhXPwBGJTpLzX,1786828903,FDQKtMRyjWHPxyvtuWzqypyn3JXmCtv3CH9tKQpLbtPD,sell,1.5624179580000002,1707356.654919018,1707356.654919018,balance_delta
4QybB4Q2Zg4iDLpiv3zvkiKC5npg9vMv3c8MLRTWkZ2Kp7Dh6ebSh5La7dywuJzPXKnS5a5VmxZFoA3HnZfcBSRF,1786828903,FDQKtMRyjWHPxyvtuWzqypyn3JXmCtv3CH9tKQpLbtPD,sell,1.4787959370000001,1707356.654919018,1707356.654919018,balance_delta
4dTJKPDkux6p6Nerg4qSKj9Q2qHjAjBxy6UY16ePFnmbDsddPmPc6YvYWYyPsvBf2Ww6KmoxUpJCKKk7JNnoPwKm,1786828903,FMrLCzfeRZLiawdoj7PRiAyo3kwbYWJ7XWQXgxmeHr8w,sell,1.5805195250000001,1750481.015866731,1750481.015866731,balance_delta
4VWbyixA8zP7ma9oSRTJWPcE2chbD2VgBC5YYaUgdmNvBHPRL96hrNdL6sxS6YPzbVaCioPoDe4tQAk246RQiFoH,1786828903,FMrLCzfeRZLiawdoj7PRiAyo3kwbYWJ7XWQXgxmeHr8w,sell,1.506213637,1750481.015866731,1750481.015866731,balance_delta
3oafpSqpj2w82jYdDfjD5Sm1qomT1Sy53dUHJZvJXTPLWpJUMWT5gRR95RucpqK9hK2a4QrcSXss7es86iZz2FW1,1786828903,FTnPR7WkXFU5VZ3UN6FUkR79ichSS5fsFnuVc9HVaCqu,sell,3.272818504,3725421.533554542,3725421.533554542,balance_delta
5upm1xpwJXz77ttEghPC2rmGi8zL1U3JFqi6h2qB7ryULbfv1JWDamcwhqK8n35y22x9GppjdsynTh8LpppuZRu8,1786828903,GXUgrpvBnCDrEGQVpV5NWrrCAigURaWSwmhQ3aZtyJK4,sell,0.060422882000000004,69239.612048354,69239.612048354,balance_delta
4TG4n24XBW92M1BPDNNeJNhi53LsLxsbYBFJQjP4hecC497z9Q6UabYiFz9dkKbLMu6R27d7w6RvUFsZ4N8hPWki,1786828903,GXUgrpvBnCDrEGQVpV5NWrrCAigURaWSwmhQ3aZtyJK4,sell,0.058472862,69239.612048354,69239.612048354,balance_delta
2eMFTCEk2ttnPDqkSFaxewCu7TJkwf9aExbDVU5L9b1xwa6JbyVsBnf7vSbCmyaSRPTXY2hwMpXjExhvgAFFMVxb,1786828903,GjGhvk8AdrQQnyhfGcaF3TNLo8tngc42QELQMoBkTGaD,sell,0.046637405,51944.885248596,51944.885248596,balance_delta
5E3dtuY8RMXTpxhz9Mmva9ceGgK3hCZewcgJ1TNNKhZTfgt1BUdWE23g4KXJxDiUDY4Vh6q2JdiZvZss3BmGTYjf,1786828906,313NexhpvkJjxg9xAnJyF1ztss8R88z9SZUTbp8mqCH8,buy,0.30213927999999995,357895.67431424,357895.67431424,balance_delta
5hcsBPjBZC9UJP8DupMpcQAofZaH1pcqWH8hg5XJHM3vusmD6FABAiNp4FRScTb8fWDV5TapFacXYSLdbv6MLLHb,1786828906,42nY2zqy2NXeBZDFVcTcoufecdBFgpiEjuNA5huALhdq,sell,0.348930181,432001.24577279,432001.24577279,balance_delta
3HLyKH6KjESMNzxBARiy39XacaLwJZz9QQVGMzFuqCANDpYaeM52XqGC28Bn9KY534KVgLxPxx2V8t9Fj7x4afwu,1786828907,4fNDW8qeWdWQMdtZ6ro8kkK49ZAHtiAtzcJbFvgxNcVZ,buy,1.391495537,1663366.064196718,1663366.064196718,balance_delta
27KUCQipJfBJSBaMdEwXt6nBBqExZTkXAVWfJDAZdpowEdZHuGxAaTUZ64JhNBWn8dNMDtmka37Wkm4zKxkv91kX,1786828907,9bPSz9QGH62BD8YQarZEnfCmNk6kXGMoGgTxFVxcYZfU,buy,1.265265178,1520766.783042672,1520766.783042672,balance_delta
66Bf74GH4Sgr7SqjoP2k6NaNUhYRJW1XuNT8hJzFNkYc5mfLxyazHFWdu1WQTRu7N4JEyezGSEgVFBaUVLh4sRT3,1786828907,C4eNLxxC7XLUivghMi35YUeSfvACgnvKB18115uPUqjg,sell,0.443780384,550533.9505870314,550533.9505870314,balance_delta
4dyEVzxL8HyHwoXveXYLBqpnTMqyrF4Xi7DzfFpzRAQPfx1Dzrp7hEvwAdLfLUcFpfoQ6cWcbKN9xroLiZ2H2GMW,1786828907,HbYd46DFHe7vLRGKW122XDPiUzcxLw4g8hPUtwfCNpV2,buy,1.360303471,1616083.573952969,1616083.573952969,balance_delta
HNASyWRr7rCVuTqcje1TLsktkpznsADkkXuqW14AqJBoidDHNK3aepaJpNXJVdxy6TZXMqaoV8jwgVnGCUcoj3f,1786828908,4W1G7xANgXQK3zxMktXQDaVQL8gNvbdSwKJSeCA4xesy,buy,0.133034103,153379.117984269,153379.117984269,balance_delta
295xkEz3Rv5QafokiTUaHrfAJ14iUhCjEsGttLQwtMTKP1znwiGn7MwTLjwduQU2YP6svsMFUE7qq4NDQYa1FRes,1786828908,C4eNLxxC7XLUivghMi35YUeSfvACgnvKB18115uPUqjg,sell,0.409933076,495480.55552832875,495480.55552832875,balance_delta
aGwaHeiedPeXmKawEejndfdSQgcQTnEdY6tJQ5Uh1YPCjUPchiKfPtdxFKDwxyFUByZhFYi4sRd4pTz8MXZXdvD,1786828909,3KEdzpSYJ7sXfHKpVhSF2Qj6ZAjd3Q3dugFCZ4umWvkR,sell,0.325626476,395233.7177833121,395233.7177833121,balance_delta
2ZoXUUWhpnsyLQZRcYURFhK2dE6nt7fLGecEtTsSjq3kQBWTMezSxYBTtTvx9hWpmiGtNGnyEMrjFUZPNP74vfwv,1786828909,Act5xzJ7DhXrdNKbRw1yTzQUmT4hYtAPgFKTP5WzPBva,sell,0.385159147,468021.55767670996,468021.55767670996,balance_delta
2aT9MTfnpBbKunWXoF9EYeCzRu6WpF1ayr3Bd9gVGpi8NmsTdPoj7ATFfjN85oDUmuJrqSdyN1C1tR8BFjHio892,1786828910,A1igHDVAzKcGUAbVMFV8HrCCSUfcs5YzVfW3i9895pdW,sell,0.604210723,741753.0307274199,741753.0307274199,balance_delta
4sHdrw6MtneHdzYFwd2h6aW2nrJDEun8mGtBSfeBHTZHMzPwv3ZbNfarzGt1eu761vCVAd3r8h8fnQ3jQTASudoz,1786828910,Ebux1vXaJYiugKxnBNgQbsBjbjjFK1K2k1zXjkD3tqDk,sell,0.652628245,798616.4370037329,798616.4370037329,balance_delta
3Eo7JL5K6KDC2NQFszppiDcWCGHitXPvwVf2edKuCaaonQ7gLvLDSG7raz4qEmiRt9KtNJu9Cs8PXLtyLZs2W74n,1786828910,GpNHGPQXQEnrrbL8paxGdEWrNEvdFcZFVtC6ztMoYuYo,sell,0.643199084,791622.282796813,791622.282796813,balance_delta
4Q6y6dHaQkJSBzKEcYjW2MV8EasgKHJ4SY8AXHQMm5TRsmFTfhtx2WDyNQHZZ4HE32171o9pdtHXu6vxtf5aCQoY,1786828910,ZZGtLggQHdZ2LgkDtnbJ1eVQMYLpQN7H1fjCGZAw8G1,sell,0.589606435,719819.731391494,719819.731391494,balance_delta
8WftVcbQ5w51DHXAN4JaKo22nhpPJpMGutgAiEQpTwQBzn7pWm5sRcvobuPH11UoT6mn4YJyc6S96jafuopXu6x,1786828916,C4eNLxxC7XLUivghMi35YUeSfvACgnvKB18115uPUqjg,sell,0.181705127,222966.24998774752,222966.24998774752,balance_delta
419CdaYWgFo4snGQ16Dfxt5tHNhGaMpV8QNL9TKXx2LLqqTF9PKzf62Nx6htfFxBQggxBxLqbuq7uZChiJNa9VuT,1786828919,BBQ6yYPAad3wTN5e8jUshryB9eWorKUYftk6pftQZ4J9,buy,0.000228886,219.70820437395014,219.70820437395014,balance_delta
2u65UWL9EXAzjZ2crHvL3zXxcM4xuh2wg3iVKjXroxPZNgb7uqNycFfC8D5ZeXQaypVLu4VD9XqXwRw9NSxyVn4E,1786828919,BtHnhjh8Ta2vGZkrL76AmXMur1ADo3tpRo2kQMe2BCSU,buy,0.00025920399999999997,255.93185279297177,255.93185279297177,balance_delta
6f4gz36ifLtTcwgVLu5h7yradDowqMdodHB2Fpa8WHhxqK2273ozCsFy68ECrPgGCjsF7tLSXpm4e2rk5idMYrB,1786828919,CWryqL8F79bCUPfRMnFHxXpJEyW5TixWe59hEuFXWYnD,buy,0.000248392,243.01430434000213,243.01430434000213,balance_delta
5bjfnLhnMrJGp2jxbT72JrxbeNr3LdpzEPXwuyZBu5R1fcU3Gm43CTSvVFS473uBAcp4cEXnAfr5211UYuUQpqmk,1786828919,DNio5ketGczp2dsB3jJCm3XNsRETaAM87q3YVMPA5F9z,buy,0.00024978699999999996,244.68240776704624,244.68240776704624,balance_delta
2XsChxxmaeLfwD6rbJQrhi3fDZkeb4avZ8V8T1Qpqww81FMPPosYeGDmqDeb7MGnGYvcj5rt8dwp82bhAJuwSr87,1786828919,E8B7Edi7khrojzqFgW4iJJ2Lii2jvv9B9kivkwpPfHeq,buy,0.00023873100000000003,231.47104803100228,231.47104803100228,balance_delta
2Cnmf49bRsWErny2CMPAxLXnfc679YpHRMuHuXFQFjALcgLbr3Yq3NbXbyfVnobUcAuFU9PHKumMQ25TJUZVqomQ,1786828924,3xqUaVuAWsppb8yaSPJ2hvdvfjteMq2EbdCc3CLguaTE,buy,0.51003928,600155.453578035,600155.453578035,balance_delta
5Mkp2G6Uuo5knEUYKyxDPWuSG3FN2w1XyvDJGsggaeW5sG8chveSQX7pHG3k557tM61EcNy3ew4g1ZL3FqftnQpi,1786828924,AJGU1reuw27UFzBYBNxFnqXKGWgNZgTBM6CjjdjMTKXo,sell,1.8989796700000001,2345427.901559715,2345427.901559715,balance_delta
3DuFnUbxjbjyrNccGmxahnKETtrfHXW4ZR9KE4f2xEr9EjL6XEUSqJciBMATBkfj7aaKNwYtKesb9FPEkBXCTLbo,1786828924,AzYbZ251ivYsTMdgtQfBMouAtcoNgMxtB7JsU7ERCmik,sell,2.090645159,2558682.399200001,2558682.399200001,balance_delta
3NSPxmfqc6ETRZmXKA1PixtHv42VkRq5MUUKjTqD5614kSgMoWr2WFPNVfnR5t33s5o8TNWbPdeeJjTsMDZDzkBN,1786828925,777777UupVYr364fUHXwqBRMnNaVcpAw2z3uhFkspnNn,sell,0.902277488,1121593.098039671,1121593.098039671,balance_delta
2ro2GzAUnC3XBhYKW8wRy6Htn9yZPLkZ3vAnc4WeVUY5fyVyKQi3hTqmkn2iQ2bSgGJWFSoUDvzXQ8VxHcY8vfJ4,1786828925,FatpigGT9U4fzPZPu94Q3WeZvCKqewjWJbZoQRBQWYyU,sell,0.898700554,1126421.364019326,1126421.364019326,balance_delta
3BcP8cNmRXiDUXXfxGoBJCSyGJnBiWGJvibpgA4ZkkUebjXHtGRswgT3SNHLdDcXDih9gUs7mVvJyeaBUs5usseN,1786828925,FwiYAjHmzpH2twsMxTnkj4WDPrXFNYqTQMn8soTMYGGB,buy,0.02203928,24392.062086607,24392.062086607,balance_delta
3PF3KEjjbNRJvpPfhJgsVPe9zAaB2bZnkGtdM9BWMzZShEVbMJovLHcr6ChRvP3yMMX9JtyFSPLV7JzQYCNdgjiU,1786828925,HACKERamoyuTkkbuVnSWPNc5a5TDQH3U9vpp6zbrRKTe,sell,0.906322493,1131280.885558317,1131280.885558317,balance_delta
2jMmS8FgNinBqKJuJUH45qvn4yw88oTpCNKdkaootiCxJmMGkSajUvJ58DryBmSSZZT5PugoyKgaa1YXg9TrYi3n,1786828925,chrisBeZroheTb8QFUhvsFFgSsAourqQytMftMcyYi2,sell,2.351244496,2968674.338589749,2968674.338589749,balance_delta
3iMwSR4o9KTwCchrrfqYxNa3CmnqoYvChkHtuwxocQWzzYcHuzL9AmPa31fYrnFf7syg2VuaZArFXGu3QZr6GmY7,1786828926,BfCP1ncxu7ZWp4B6TvQEcXGVSCiM2LhAzyYjG7zWyKdY,sell,1.504988908,1941188.899691456,1941188.899691456,balance_delta
4JnUcMLbBLuzEDPZxwn1fUGEzNs6Kb4ipozyabKk6cwR4ybPqW3ZQix33CnwAuEgz1a1GGkvefhz4hDfXtCenb6b,1786828926,HPiAxtK5UGhaNTjNPqDn9WijfQhZ6YEqgHc5MeLZUiba,sell,1.482283674,1867595.800651705,1867595.800651705,balance_delta
4HfW7qU6Q5MWrTrxDGbvFV1E958xZZGumU6unrArFCumabitFssQnw5MnQVnknccZ2xh3k3AqV2aLdsUHPNWFYPH,1786828926,HrtVLLCBM4LXfRGLGcXBYvkkJ9xnbiJ3ob1MxKdmNs7o,sell,1.377417867,1764824.556186061,1764824.556186061,balance_delta
64yENSkcnpQfb6giWVVSL5KKNyecSxTi2SwtVUofDetysjktsw2rXWTCeZCaPz5LPCAKcahQ2Lu7wQyS3TgnWoiG,1786828928,BBQ6yYPAad3wTN5e8jUshryB9eWorKUYftk6pftQZ4J9,sell,0.772236979,1015465.832180091,1015465.832180091,balance_delta
5gUoJUm5RKqHe7th9PL8zo6CTa2QfCYpeW1yC1V29eky8ubWxWgAP83eSTnMg11DA7mkUxhBJvHB1z2CP8n7f3M2,1786828928,BVmv2JfCyRsPhPJbvga1bZeCGUKCqNpUL9jjznf6CGbC,sell,0.343344783,453816.863428313,453816.863428313,balance_delta
4hMUreShczbLb8sKEtukc41aqag8Pu4Qdtd9hgVjQuev52kFeriL9dgs3a6o9kYWodKw1QDfN6Vcqr3FeWWKfRCt,1786828928,BtHnhjh8Ta2vGZkrL76AmXMur1ADo3tpRo2kQMe2BCSU,sell,0.795186369,1034524.772336533,1034524.772336533,balance_delta
2TcZAsB1Jtcz2fTu9MHCB1oNsQmwSEsqfeKLwyrcN46a8TxjejQ1c36C8Px8eG7DS2pnNQ49vqAXf2Bt1SeqFpJ7,1786828928,CWryqL8F79bCUPfRMnFHxXpJEyW5TixWe59hEuFXWYnD,sell,0.712554019,933733.902119784,933733.902119784,balance_delta
2EgqUyC8gXH6JsFeM8VyGhdtzNuChu695Yt1xKqfHUK2EavDp3WbNALPKtGgTxiPwEdafHtwYrcBp7AdE7MTevtd,1786828928,CypyYaGszgtj77VMXJBvp4vWu9jn9mRCbv1JMrXuGZft,buy,1.145892391,1449206.391173224,1449206.391173224,balance_delta
31yLaTwAvPE85GdWS3Dto4VZ1ovaknbWSWVvBP5P2eJgGYwDNBf17ytoeDWxKJoxAt2Dz63gX7mM5hWrBBrruBrq,1786828928,D57d6AUh7sdQuvXUmNeJwojL29b14uhA4hRqRdiKTvbf,buy,0.8971011689999999,1133751.787963456,1133751.787963456,balance_delta
5gQ1oW64WxndYqdEvwB5Pdj29hBbpxnSLWVD722jZpk2iPfcoMuVoWTDkkvXqmn3VMqiy1fFzG5CQ2RdNHLH4N29,1786828928,DNio5ketGczp2dsB3jJCm3XNsRETaAM87q3YVMPA5F9z,sell,0.787817744,1028735.542205118,1028735.542205118,balance_delta
4LYopA5xpXg6bGqfBsgYWPRupSZedwi4pXqEPxeg16LL2eWkMvsgaUngqumNF8zzAMx6HgzNyrggJrNJwBkf9NhB,1786828928,E8B7Edi7khrojzqFgW4iJJ2Lii2jvv9B9kivkwpPfHeq,sell,0.714259809,925982.034555231,925982.034555231,balance_delta
5hDnKbnEWH4ATLLEJm92oUR9s4AAS4NoQTjsiKftE7GLpmXm9FbMCcSzLZ48T3PN2qNFMD6w3UsA67NXkyJ3HNBM,1786828928,tronFPfm42zg7TowSTvPw3ya2tU2oYqvwKJ7i2xgBGB,sell,1.8328481989999998,2429268.063920231,2429268.063920231,balance_delta
4jn2qtNy3SUdnk5AK3QVNhNqmett1BFjw75PN1egkx9pJ81VhrigTLTwbeeztih1BwK78MEmRcT7GoYgGGPQQBey,1786828937,313NexhpvkJjxg9xAnJyF1ztss8R88z9SZUTbp8mqCH8,sell,0.276300207,357895.67431424,357895.67431424,balance_delta
rTg6gZdPctto6wNkZQa1K3JsDDtyNdAMh7Dp94nN4QaAV54H8e6HG3DSctNv63Q2uMsvWg9xrBq6p4pQHJY6zn2,1786828949,CypyYaGszgtj77VMXJBvp4vWu9jn9mRCbv1JMrXuGZft,buy,0.525333061,613619.6459132021,613619.6459132021,balance_delta
3er3zchJuhDEiJv5DMNAkgxRscKThc99r7ZqLRCY8oLbuionjXo4mqKf2XvfgV3pZor1coQar8KUPwur774aJ15B,1786828949,D57d6AUh7sdQuvXUmNeJwojL29b14uhA4hRqRdiKTvbf,buy,0.5135819389999999,600704.847669139,600704.847669139,balance_delta
28XhLfH17R2D1KAVXuqMGiBW9JBDs83S1oE2Tk5P5cawPEdCnMyUvtD2v2JoRE4SABngFswiYfETy69cZp77r73y,1786828967,CbpnbXAD9PUAwVcYjHY96qooq6eNnoLiZzif766gqLPH,sell,0.846589916,1057055.264119954,1057055.264119954,balance_delta
MALMz2Yq3uvQxQ6Pwj1t7UMjGvJQ5K3MgpmSqow7zu8sAMzbMb1627aPUGQhmuXuFWvThUKAkTg4nUCpB8aqTeL,1786828978,GjGhvk8AdrQQnyhfGcaF3TNLo8tngc42QELQMoBkTGaD,sell,0.037381062,46750.396723736005,46750.396723736005,balance_delta
53ey9sS843SCe2PxEsgicik8jqUtgW2mBW6hvcnAn5i8yFw6kyQ1XUvRyCp8NJAuf4PHnjr3xeAeqT3pKLBPSoZA,1786828982,2DCW6PvdpXwscZVanFmDLB7svT2STkUj2SuXSMR6C29g,sell,1.002350677,1254466.5848191828,1254466.5848191828,balance_delta
3L7P24Dz7hBqpQUML9xxv1RG5a7W1x6UAV4VVef8K4BqoZmnMQeNaFxUdeQiVpxNYTc7AKi6Ybv6Zc1zDpsUCzRo,1786828983,AeLQkoBgDQfWCmRi33WEDpqe42f8EQMf5Cx2v5AmnfPv,buy,0.25203928,305349.771196437,305349.771196437,balance_delta
4AisaSFJ9XJdvHFkwMu5dPZFrmVM9FcnVSASi4mXGfCzwiNcVZ8oy52ssZWWTBXD6CjfzDxmS71RwzMu7ZsuW1E9,1786829004,GRuBUh2CQu2zf18sH362TorLh13z95MTSUqibm3gbwGS,buy,0.004539280000000001,3078.948250274,3078.948250274,balance_delta
5TDYDfEbjcSeR6n1shaKX7CACdco6eLVtikWhRWvsCiUcJ6GAxB1JAJ4MyBHMbYnGu6JEFXCPKmMJ2C61id3NmHN,1786829008,AeLQkoBgDQfWCmRi33WEDpqe42f8EQMf5Cx2v5AmnfPv,sell,0.243219183,305349.771196437,305349.771196437,balance_delta
5E8KUeN3LAQpGXBYxofTzNtphkJ4rwgqUkdzN2DbKxuJXntzzh7TiKMg8KYPh8frdBQjYxKUHJyZMaAX4BU3ZLiG,1786829008,C4eNLxxC7XLUivghMi35YUeSfvACgnvKB18115uPUqjg,sell,0.168777984,211817.93748836033,211817.93748836033,balance_delta
4dLZJQ6jJPerRD8CiV3mtPVjGyxvCrZV8WdWsYjh3oWDKktZcoog8GqxUZChacMHZ7CHirbb15tGzS7DwMtmvJMq,1786829021,4W1G7xANgXQK3zxMktXQDaVQL8gNvbdSwKJSeCA4xesy,sell,0.122886158,153379.117984269,153379.117984269,balance_delta
55hLQqg376nPVW62uS7L9shWVWCJZG8SW5gWLecpeqLfyoaFA2ZgpmScg7rnJ6jB3paB7fvB8YJNXgkBTBpVsrxz,1786829043,222rwqVEhc4iPDqQxk8ycUhnq6t5zPN6z3ofVSEfLTBV,sell,1.224733113,1575475.705268082,1575475.705268082,balance_delta
2m8q3NwvfZx8HrvA5k2L6Usp8RkhDnv5V2R21Uz8Win3Q3mJUwqj8C3qKxqDuFckKhtN59978dQBia2CjANFQG5h,1786829043,8xZDnuQnDdKUs6EyoNN98nrYSUyHdJCZw1vrmvb3UUB1,sell,1.385927791,1772082.094839489,1772082.094839489,balance_delta
26Jwca1EUdDiASBA676Q3tpdYDwa7MPWqkt7PxUnNh8kNhsJLtXQh2onvYc8yeh4d2Nh7smnwhu8AXUn3CN2gr5u,1786829043,A9XvNqVZCS29obqh6LGTABfdcJgNrzeXSbNxbweA1HYo,sell,1.4895196860000002,1891931.427808654,1891931.427808654,balance_delta
2amrE4WAoJ7hAVxshrpVz4yVzeydWFvDeZvVhVmoDegqCuXDiTmUKu4NUeNK8P2qEAdBjb6icjnsCsp5yDfFrwhX,1786829093,3KEdzpSYJ7sXfHKpVhSF2Qj6ZAjd3Q3dugFCZ4umWvkR,sell,0.604664228,790586.017540158,790586.017540158,balance_delta
3vPS5W52KqtYE2tZKKfcsorGKpQVfbddoVuUZ2g6H8LbffLbGfXeEKPWXjPnSVE7TH8QeubyZu4myJx34XRASMfV,1786829093,Act5xzJ7DhXrdNKbRw1yTzQUmT4hYtAPgFKTP5WzPBva,sell,0.718239092,936183.535862776,936183.535862776,balance_delta
3bY1UBcw2B3Q7kUcVQfXW1pXP9B4eD9SpKrRyxG66aQDx9rK94x2GM4Zi3XPduTL1zVwJNZhzwqwoxbCCSFaHNTX,1786829094,28XmmbBDVXEWQ65Cxi1SL6196Fx1jK6dg6yTiFx5M6eT,sell,3.081855029,4061864.498806284,4061864.498806284,balance_delta
5vWrDExUvjnhcuTQiAszBxLvk2MJvBPPoNvDpHEQa1M67LPzRTWZ9FTnErwzCBsbn6JJa1FjHiB86VvMeSLWvxjN,1786829094,HtBpTLs6cPw65ENWJToYYPaiUiPE2UznPLwkJQk3WWXH,sell,0.038799946,52690.177179865,52690.177179865,balance_delta
4v4qF2LbUBLiLPsTd8SQNArtmDeAkWqYzoWcDdcyXXAUMq7KQ8v12ZgtzKbTs9NuoDiPLVRrgW5LCpLu1egkzWpK,1786829103,C4eNLxxC7XLUivghMi35YUeSfvACgnvKB18115uPUqjg,sell,3.007451726,4024540.812278853,4024540.812278853,balance_delta
5ymYRsmKnzwXWuBBNixGi1QtECCWNsAggUgncMUC5u6Bv1EpiyzfFaRqHJpWCW9mui41GD65iozWacZY5idN2oFq,1786829108,A1igHDVAzKcGUAbVMFV8HrCCSUfcs5YzVfW3i9895pdW,sell,0.53187674,741753.030727421,741753.030727421,balance_delta
2CbGAjmNqtFbNxmhcwX6U8YFfiAPrVHqAaSiuMn5zJNd5EVZv23eZZvPpV4ar1JGeo5zUtjDeByz4wRdMrwKGGeR,1786829108,Ebux1vXaJYiugKxnBNgQbsBjbjjFK1K2k1zXjkD3tqDk,sell,0.57140417,798616.437003734,798616.437003734,balance_delta
4FfCTeZxZ5dYRdxuo1Jr5o5WAA1PiuTxWkNZpoDbV4pKKhxHdXsFuEkPjxtiP9wrdNUacp57ZxYa2Rkn4AKFwHGK,1786829108,GpNHGPQXQEnrrbL8paxGdEWrNEvdFcZFVtC6ztMoYuYo,sell,0.563378569,791622.282796813,791622.282796813,balance_delta
3NjhvaFRKV36zEugUZe8fyanhbQXYqW7Bqs9c1dpHjaV1Nn2ycwwpSpr9XYemrpSq4KFxASzU63C2tPKYwRomLCb,1786829108,ZZGtLggQHdZ2LgkDtnbJ1eVQMYLpQN7H1fjCGZAw8G1,sell,0.513282167,719819.731391494,719819.731391494,balance_delta
4FBrbs2H4KspXFCSrLf8MooVQx5dWBhWSh5JQ5EZ7sxAgw3BnJ17WvXxb5WuBRiynk5ZPmgFWA3ywtLiyH5Xr5eM,1786829150,2AwjJTdTWCu6QjyZKvF6oVEd9TkQP1WYvVswFvDEySxn,sell,3.247156795,5060860.672410905,5060860.672410905,balance_delta
4n277GKjCD6zgvazr8sZk3pgFVnUCWEXWJxnh2zmdUDWdgWdWJoEDqUmuVaafaunRFUDsB8hBX6kaat667ThnPrE,1786829150,5kidNviTucvoHuFGuPQUikWokMxsLZMncGrS5gK9Cujs,sell,3.432141557,5258114.407117822,5258114.407117822,balance_delta
5da3prWh1RVkmTjAKFkiVBz9QxJu5DJ8sF7KLny451oK9t9RwJeVTKGyvhAAdA2yNKwbSAvNUPdHGqKjHw9XUjxR,1786829150,DenZLNzBtE3L8T1kQFKh8oE7FCXBrdsM9xwCbsnKvdJq,sell,3.600550509,5418356.001356919,5418356.001356919,balance_delta
5fGk5kqpHKPBCiz3Ugvogvn1bhDsmw7DaBd4GUpU8QzuGRbMaWiCFpBybHv3dK5R9632pPB561YCWRqj3TEdZ4tu,1786829150,Hedt6aVyFRvxpQJkrrqgZ3e3JxUNb7ufCVyYXMnHYYE4,sell,3.6498631980000003,5393656.691813005,5393656.691813005,balance_delta
4jwBA7v332q7VjPvpdSKc2yNue1S66ivHSum2bgtwawP6QgL6mBSyZ9wsmcLgQ4eA8MqjXpxwgM1vQEAzS7UBeJv,1786829160,CypyYaGszgtj77VMXJBvp4vWu9jn9mRCbv1JMrXuGZft,sell,1.308440152,2062826.037086426,2062826.037086426,balance_delta
2peGbb9N8ZJAbgM7BHi78gtmDz7P6ySYBj8xDvnKUEVnkrDgoF59uThMXuX6Fd7jYRxETTGuuNafWJkLFwa6nyCp,1786829160,D57d6AUh7sdQuvXUmNeJwojL29b14uhA4hRqRdiKTvbf,sell,1.0931457569999998,1734456.635632595,1734456.635632595,balance_delta
2fwkEJCq7Yxu7vSc1DcWyAdvmwzfoYjNQb1BtsjYWQuJ2EJCHSaBo4YMEr1QeQFiMuHtZ7LTx7LvgB9ktpdiZd3s,1786829213,4fNDW8qeWdWQMdtZ6ro8kkK49ZAHtiAtzcJbFvgxNcVZ,sell,1.032602821,1663366.064196718,1663366.064196718,balance_delta
2Nbjq6PCdkFg93wqDTVxtGAHSmb6nfozug3Rjm2gGWo7K4BPfwZY3N2nsY6g2pczUCCmLbpLsb8civfn4HsoCxgS,1786829213,9bPSz9QGH62BD8YQarZEnfCmNk6kXGMoGgTxFVxcYZfU,sell,0.953738105,1520766.783042672,1520766.783042672,balance_delta
dnUuVzkxbWyNRfvMNsfjVsCZTGoV8Nscv1ei1Hw9XdqGJ8PrxACANz2hd66HrECgW38TQT4uVfC25v2RbcXeFgn,1786829213,HbYd46DFHe7vLRGKW122XDPiUzcxLw4g8hPUtwfCNpV2,sell,1.008521903,1616083.573952969,1616083.573952969,balance_delta
V79zQ938XyEuF4K8DB3XCigkMVy6PHyHmUbwhXXPLEsS7riDRjQ8EdhDbZkb9eKeekHivqsAtmS6UvuRGc7pVHS,1786829214,82FGz8pkSNcWqNioVgFTC4vVseRJWDhdqjysjXfwR6m1,sell,4.231781829,6824559.004963328,6824559.004963328,balance_delta
F5KFQ914kChyCvi5jy3JaoLDLwAPegnAvXJFvMTe1AjGzSsqTaWUfRRo8ePNZGzBxzTi1NgqGHTN97vYAQjnk1z,1786829311,UGfQVLpznwXaXCPfobLzVECmZuF9WSj1cmGKry11piL,buy,1.0020492799999998,1627158.76868437,1627158.76868437,balance_delta
3wGtkCnz457d5m1TzTghDiMffZVtmLyx1WVAVPjNKQaqav3XYiqpSP4V8AF8r1zNLZiFGnoaxFnpiWhU8HwPTkwK,1786829365,GG33KgzDhbsCLzxwVpzJ5Pt2ubP5FyfDk8beZ8hXkwvB,buy,1.0045392800000001,1645338.614962758,1645338.614962758,balance_delta
2zt3x7Twu43SyTq2LwaYbrNQ9eDepL2oy1p1KU6nVoUZ8QJGzbmBfxycPmbmTxbb6wg1NUYw1w3uRQHGvfWYJfzN,1786829372,FCgDhFHrwS5M6LQrKt1TJ21YpF1t8Dx4KxNytbMT2KVN,buy,1.0045392800000001,1636824.617284994,1636824.617284994,balance_delta
3Bc8J7T4nERtYTuW568wge1SPySR49X3H8M21AZxnJ4BzpCe6yoYvugdPmqnVqk4MWYjtQ8itbKzELCxaHurVdej,1786829377,8JS3bkVtpQ2b1eTBtsadyQ7TkE7yxfdb8CpDa9zqwAe2,buy,1.0045392800000001,1628376.55701041,1628376.55701041,balance_delta
4dhthisdCnspCQeWcHhetG5S5YNMH9e9NaHqkWqYamc9SMU55gQBYecpVNMsb36zgGiaypqpnBqLPk6WhVeBZw8X,1786829395,UGfQVLpznwXaXCPfobLzVECmZuF9WSj1cmGKry11piL,buy,1.0000099999999998,1662743.51429675,1662743.51429675,balance_delta
3KAuTiM6JuXuFZxHuNimCRmD8HbVouvcy7CfvHwjL16LXcsGJY3TShTkufkgjsxST29z2EqNLro5kbtGnVok7Y8y,1786829415,3D9RV4qbFUiNVbzD5EAp8zW1FWbZoS2xgp3rMb8qS3Qv,buy,0.340433725,542244.795683651,542244.795683651,balance_delta
5btLwK59EYRa8DzunRVWGz6fLbQQKXaKA5axfWLZaZABk9DGsKehN7iFKKjJyrSnVAtv7yFrj3UPTHRTw6RQPpL1,1786829415,GHDHsxfoykXxJfxrynpSVwF21MDTPVn8fXYwxs12zco4,buy,0.32916648,524520.925340288,524520.925340288,balance_delta
59nB2zHXLjsKA7pi6YadAHjBCyPAo1wMGY7K512vYGf5ftdsuBRH69nVe5hAFKMqeGkCHphPqwLhiM8XNANRLoAp,1786829415,GpRBMwTQzVYht8YRKhuG259MsCGJAy41WYxYamcVAuSy,buy,0.366517636,587325.701059901,587325.701059901,balance_delta
4rCkRxicezbJXgLw4ig6CXWEpJkeD81BKBvUhWWAZmippVPMynC8ibGhYSfwEZRKdyUvc9RPnswerF9nXQ8kVqzm,1786829744,2DCW6PvdpXwscZVanFmDLB7svT2STkUj2SuXSMR6C29g,sell,3.481670598,5958716.2778911255,5958716.2778911255,balance_delta
3yuDyR3dQAzcti56YGJPkdNpGoLma8rkcaMQQ2yBhuWCw2xxsi2GKXsoo2RasHm6jubTbFYkqVDSMwP2Uio1oiCK,1786829808,3xqUaVuAWsppb8yaSPJ2hvdvfjteMq2EbdCc3CLguaTE,sell,0.344190327,600155.453578035,600155.453578035,balance_delta
43Wb7BJaRq4XJXEr52UKUhvVcChFKwVKwoSW55zYtHArrNphjpYRWQ7WSu85ukkTCMJid2uAvJGqdS6pDbKCtRUZ,1786829878,8JS3bkVtpQ2b1eTBtsadyQ7TkE7yxfdb8CpDa9zqwAe2,sell,0.935998243,1628376.55701041,1628376.55701041,balance_delta
2WbSUPnwr729VwnsLJmuVMVTCEhhLNtnEAnnT6gA1atoLd6PbD1kKJPSesphu2qaF9oHH98c9wtVuWRfhHhnpexv,1786829878,FCgDhFHrwS5M6LQrKt1TJ21YpF1t8Dx4KxNytbMT2KVN,sell,0.931337017,1636824.617284994,1636824.617284994,balance_delta
2VTzVgvZzRDWX1L98myDs9NSFychzGkzxmYV6yDPi43CRtYq2ggEAu3JmVivmBHpT111iLXECB6UwZBQRfHaSJYh,1786829878,GG33KgzDhbsCLzxwVpzJ5Pt2ubP5FyfDk8beZ8hXkwvB,sell,0.940972249,1645338.614962758,1645338.614962758,balance_delta
3mBD2RLc92EWvXMLLaHHmxMNPy2AEBrf88gPbjbvjsM5L9vRk2cvNxf7ze4bAW2QZbrWkgstC9iqN9FikTYGqtmH,1786829916,3D9RV4qbFUiNVbzD5EAp8zW1FWbZoS2xgp3rMb8qS3Qv,sell,0.29832034199999996,542244.795683651,542244.795683651,balance_delta
2UU3zK6NmYPBZM1UgEpCaJ4L2WyHb16pJEdrdBBNtnDwqk6RJnwjRppfCs7pAWARFzcPh6Ddf3KKWzRr6B7pv8YB,1786829916,GHDHsxfoykXxJfxrynpSVwF21MDTPVn8fXYwxs12zco4,sell,0.287214227,524520.925340288,524520.925340288,balance_delta
vNWJoXK64v8puUPqaBrafRdbWucFChPVEozGWzWdEkJWvkLSaY3ibaqhm3Sx3Rt9j9rpXAznknksmYYgcjcq7v2,1786829916,GpRBMwTQzVYht8YRKhuG259MsCGJAy41WYxYamcVAuSy,sell,0.323372357,587325.701059901,587325.701059901,balance_delta
24TAmL3E74x9MvXFWwuTv68LT53d8apZjmVvAGogD54qtLxk6tdvRwUXXirNLhoraSM6deJishA4qp3dZ4my1xaC,1786829925,3o7YPX68tAMJdYH6CeqNpvcNe9ZGcgFzBzVsoUQZgSbo,buy,0.10453928,173935.758180986,173935.758180986,balance_delta
5RZ5WsY1Di7CdyRskrarbUEJDBRAN9EDU43S5v4nZb7srLsYW6jycfFX7UaTDDaACNqV2UCfJ9V9NNYznZbfsNhD,1786829933,3o7YPX68tAMJdYH6CeqNpvcNe9ZGcgFzBzVsoUQZgSbo,buy,0.1025,173842.430709234,173842.430709234,balance_delta
4nKPYxBFzTNaAupeQKXoJdkoV9Q9zvoMdfn1nbMz5cQteBwzwQ5hHnkeQtnVs8UsCxveMHjcXWUfC12UuKH3uwHH,1786830256,EXgjdaTYUSoS33cKZREWNfCGba6i4PGhsW1VpDqDqevz,buy,2.0980798050000002,3528013.94074479,3528013.94074479,balance_delta
3gx63yYvfGHuJpqzjxRK1KfNevLuicvunsBgcnjwCDwccN6jLwPpr6UXKgFeSxHSuR3wp634sb5KkC3NjkA8Qnhz,1786830256,FYTiZbk17NNPQ5j1aRH67mhJZH3ggYcmwbQqqEN9GAk5,buy,3.00353928,5121035.087859942,5121035.087859942,balance_delta
5PrfiSYnfUg6XTcG2KrqSKvj7gemQZGxkrxThDRZQSD2oHMuHjaAdU6iwN6uUjzAj1zYmQkvaLRcVUPK6Ygbrk3b,1786830345,EXgjdaTYUSoS33cKZREWNfCGba6i4PGhsW1VpDqDqevz,buy,1.39786035,2306370.5596727463,2306370.5596727463,balance_delta
4kBYtueD7PXFi6e264iPg3dY8YwGuSB3K4ZCS1PGuyHqsYnEoYjfUyqHnmYdrvdZGb5NG3YczGHgL5tChQBP3QAJ,1786830345,FYTiZbk17NNPQ5j1aRH67mhJZH3ggYcmwbQqqEN9GAk5,buy,2.0015,3332477.3976132907,3332477.3976132907,balance_delta
3TN4Csq1P75r5qyQcdzM5NoCjPNf93oEC9WXQBapsuXM98CKcmsKRAbahUsj9A7KXzFuUHraYL9WWm6fNmqrrMuu,1786830565,FwiYAjHmzpH2twsMxTnkj4WDPrXFNYqTQMn8soTMYGGB,sell,0.014675869999999999,24648.104780456,24648.104780456,balance_delta
5nJCMuAv1Q8Mm54hwUi1njYNdqdoxVbpBMQ2GQtNwnowdUNZ1Lmbtvsf7s45bDsFGe9YjavoWiZUSU3Rv7JwjtnK,1786831257,GjGhvk8AdrQQnyhfGcaF3TNLo8tngc42QELQMoBkTGaD,buy,0.0304,50081.26512616,50081.26512616,balance_delta
4vyrSBPWJUCyHEUby6s3cfdjYqfEfMgECg4m44g7gXB6D6DkXb73iwNkR9pNf2JGzGLevuU634Kr1nBT1ji4CPq5,1786833629,23fm4Acq4eYbJ2c7TBqT5EcLbHJNDsRi5r24AN63opkE,buy,0.134470873,219136.284349736,219136.284349736,balance_delta
3c7RQxfyQx5tWKhbjmJio2ZpsEGtBJRTdkDS4cb12Agr7eGzFxaVRGgzbxLSFPaL7nhcA12Z4k7vTJ1FMGPsbo3k,1786834066,DbRmXgZLx3fF3W4xdan48oSi8HvaBBvvojrYHLV1PgkL,buy,0.10453928,166797.322131667,166797.322131667,balance_delta
2Y6WgH1i7MuDTRpnvKC44Jwm1rNECZ1TdptCG7e3PGSkWM4JEUzY4RJL2GKrxBkAmLyjp2YArxcUF2cSgL7MoYvu,1786836704,GRuBUh2CQu2zf18sH362TorLh13z95MTSUqibm3gbwGS,sell,0.001836872,3078.948250274,3078.948250274,balance_delta
urFeepQFWYvPN8s7i6quminkpezA1cS6bMyF9fGWALjSgWtRhEusJYBURRmy6Abm28UCxV7bSfvEaXSk36AmzVX,1786838278,UxDh5iCXxKKfdKeeXptm7PN7YmHb1r53H4fi9WzhFbT,buy,0.25503928,412519.439317681,412519.439317681,balance_delta
3qNuQFRjhCyUZ8PS8SmeUL6QainaDzxeSuACRCvtQxbWEL3RPQ1niLsSdeUfEYzz7sCtCXB2i5CzeKtNqsodcMUZ,1786838988,797CrVjYgQRU7V6CVhhz8hSNDTx5wF53apb6mf9wqPfZ,buy,15.00203928,24038888.37828987,24038888.37828987,balance_delta
47JF3NxYAjLzinoCwqDHbo2RSfaMKd6DfLe8iMFdc26HckMzmDKnXuYRuX1riVbomWfwz9m1i5Rg9qRpViAFVgGB,1786838995,797CrVjYgQRU7V6CVhhz8hSNDTx5wF53apb6mf9wqPfZ,buy,3.5,5349009.438488323,5349009.438488323,balance_delta
2Rt1BoX4maPC1ZPS2WVdnwuFY4qx7HR1G4u3ApJsxz2Qiuhp92sKi3DBq7HbUt2RMMaBp1d37GvZvk3d1DNM23Kc,1786839041,ATj6HNyLtkdm8LMiTf6LftgDLDK378dAjDv8bCBhkoD1,buy,10.00203928,14779019.721823383,14779019.721823383,balance_delta
47wioA8mVBu2w7ugHnfhQ2iEogYVegAeucHod7bu3Dkd5VJUA2JjZZQ9YJMCTD4EtEWATnqv4EWg77nQPmxoyX97,1786839051,4wE2d6iZk4LnyxSCUdGDMuyEpGijzLMZYRv9F4Mops3,buy,0.15503928,216184.074679885,216184.074679885,balance_delta
turzEtjaM16ngxNdFiYTgozsAgarAbgvBaW8PCqc9bJGZit6zmCSoHwt8krhq5giQSF3UcHLFYwh9R3TfbgKMAs,1786839053,ATj6HNyLtkdm8LMiTf6LftgDLDK378dAjDv8bCBhkoD1,buy,5.0,7116676.34527057,7116676.34527057,balance_delta
5M2UHQ4TjRFrYwa3a8YqSFCzwpNx8Y2kdFh1Mr1bExZhLFZctk5qZk1x8s9J4b7aYGF3iUe8BmZx9FBTAfcgsLnH,1786839107,Gue8rnckLCrNEksmCh3KCMu8SEjcPVHV1n1MUikmAn21,buy,0.15211928,208737.894556648,208737.894556648,balance_delta
ME1h2LUhLyHqu9fY9MCNxZ9X3asAnNutGc1Gyjvt99haMe1viBiRTqTQeFX6edBpiQZ85m6pUDn5ZGUuA9oZ1Nm,1786839131,Gue8rnckLCrNEksmCh3KCMu8SEjcPVHV1n1MUikmAn21,buy,0.30008,417027.66710479,417027.66710479,balance_delta
EypsP7cF9dpoeex65etXuuUWYnS3s931XSQ6pFf3ARAvwPwhnJqzRqKNMxoveyju2diJLfMZUzY4SNRiDscLvfJ,1786839205,5GQehHSu8aV8NEKLdDuSTg3iAMzfeqc4zXx6e24ExdC9,buy,0.209039281,280490.398814917,280490.398814917,balance_delta
3o4cekJ9HMvapEK5gAtPSyzBJrV5BN3oPqzMLeRU6KtuGggCLWVJ9TcZccdrr6NH1gvBUWAgdaWQd8dzRJ7LUjHV,1786839210,ATj6HNyLtkdm8LMiTf6LftgDLDK378dAjDv8bCBhkoD1,buy,2.0,2790121.7260450497,2790121.7260450497,balance_delta
54hSB875iXuJXPSNq3H5YXTyrtLbRrrkm3QnoyFgVjEGKpYPf1f8wtu98LyWWwPbzCoMZ9XwfaAXvn9jAFuJhhjT,1786839213,ATj6HNyLtkdm8LMiTf6LftgDLDK378dAjDv8bCBhkoD1,buy,2.0,2763491.3411896937,2763491.3411896937,balance_delta
7yh99TpF2TWbSXSp6ayVRAqKYr6hbUze4n8cpo7Ga26cfskdauQauxUKmzfpU3SPQdiWQDdPUSBdbPegzfpEsM6,1786839220,2z2q5gk8TDgqCidzkXkyevXH1aDaVjWL8cQwoRbMF1Jq,buy,0.5020392800000001,639360.287465009,639360.287465009,balance_delta
2FsZceE5ebQ2GqPnvvBy1XPTZLVsAzVSrdmeiUzFUB7XyS5Dvzvxqb8TiM9Bi7sgDcJtR5MiikzVezPwpwssEALE,1786839220,3883isRkbz3Brq8DcJNrbnq1QZqwmzTxAC3qAzs99Zvz,buy,2.883409597,3887562.487096051,3887562.487096051,balance_delta
pEUAGqzxNkqfJeNuu5Sviz1BnL4s9yZjfunWtzQwqYQ6sLjYAsvTcmMiB5dZz6WGcwqhsxCHdD6nw7r4SKXSKCw,1786839220,8wHRoz2w13bvDuLFuceTdmL9r8MPH9kRDHZt9ehEHa7S,buy,0.20254428,253212.37490615,253212.37490615,balance_delta
Lb8nZAQeuMQbPRxpSeifL4Tkrwp4iEwDWgUhd1vrCcUJqMeJ4Lwo1oKVEaDVGH2VoJ23CBAiD4ZYyLSVGZ6oqgq,1786839220,9W298hjW9MJ9mW3H8LHxzdqV5N7jKgnN66gQzPACg9ZT,buy,4.038916791999999,5165467.14711773,5165467.14711773,balance_delta
CJJQzByKPqZM7AQ5amErdcpDJManyyb8sa2fEr74agKQeysMtZ6KhUUh8uXeYNQniyXUajKgrELvovUuv8bH61G,1786839220,AaJsuS3A6zQsV2jdwEVoe4vJ3mjKXRw41siqweSKNchk,buy,4.065585314,5297386.907987347,5297386.907987347,balance_delta
2QxZXMoT76idCxpF2UR96XsaaeRZU26uYcuD7saLuBhoWLzY6YScQUjqqLYB8Rq6TV1yaMTnq2qddjR3ws4pdFPg,1786839220,FiN6YjR6Q1ovRhUHJsGW2VuLKWgqgQ59Yr3ck6pU7jbm,buy,4.0459302169999996,5371845.175036486,5371845.175036486,balance_delta
3VvHTswHeSvvZCFYFq2gmS53yzjXpCZvWTL4jfaLExLzZiMAof2eZcQzukWuU6NvxqgMGVqsdhEEq4dvWv3FB5Ti,1786839221,3883isRkbz3Brq8DcJNrbnq1QZqwmzTxAC3qAzs99Zvz,buy,1.136323952,1419998.6691055992,1419998.6691055992,balance_delta
3AEcqHp7CBEjTZRUiXhjgoUjKruAFjor3DECdwhBsjzbYAnnJmYcJhkDXUreWaaPhvXMxiXoKvb7CutAPWhSFzm9,1786839221,68gwUiYYRgbUU1PsRfuRYzVVZkvJjvd7zDvv8yqkbe42,buy,1.0042785600000002,1269233.000949853,1269233.000949853,balance_delta
4R7sjmAv3nVQtHVgCgPsDr2GwiKaphtSXgfh9g1jTk72SzCodbJNGe3Q7YpqKWM5exuTv4T3EBibEJ9aZtT1V32Z,1786839221,8wHRoz2w13bvDuLFuceTdmL9r8MPH9kRDHZt9ehEHa7S,buy,0.200505,245637.349511296,245637.349511296,balance_delta
2QrHW6VwYydRx3r8qjju4Vu9t5mivJNu3YvDwH6TpAuLairTM3gpSRJF5PDGnVbM8JGejFkML5LFiNjzZpM2kw2s,1786839221,9W298hjW9MJ9mW3H8LHxzdqV5N7jKgnN66gQzPACg9ZT,buy,1.050565553,1305770.9711304335,1305770.9711304335,balance_delta
94xKZvHd45oh8ejcLzComTfPg9KuLfMat188QcfLNQDL5kRbJGcuvf5DcZMsQtqSpSazH8H6wWVGtKPGPv49Vss,1786839221,AaJsuS3A6zQsV2jdwEVoe4vJ3mjKXRw41siqweSKNchk,buy,1.291674656,1587786.1840230916,1587786.1840230916,balance_delta
mxeRYv18nWwoKahMv7yDmLGnTZNi6bNt3qJ1t2ToXWGTuDeifuXobgwwLfiVC9BupyUN2JKPZwaH1HSJKbEKMwN,1786839221,FiN6YjR6Q1ovRhUHJsGW2VuLKWgqgQ59Yr3ck6pU7jbm,buy,1.547120639,1915525.0903880866,1915525.0903880866,balance_delta
3aZtaBWznaHKmnBTMnpGaaUM1GY2TxteCex1ULbGRtpE4JVgGrHuQCsRESbNUcuL4y72Hgy6v5pA9mQjshsXTdpe,1786839222,68gwUiYYRgbUU1PsRfuRYzVVZkvJjvd7zDvv8yqkbe42,buy,0.895082979,1104677.0951220351,1104677.0951220351,balance_delta
3DG19ySmHwxfw86cQRdnG4HsGAY32QCHWhAYwYd6FXRRFgYdLtutHDEASUJNE2wZohKYXeCUayyhzTFY6GLwpUFv,1786839223,2XJEETjrL7aeAq1Ua5hHwrUmbExK9rTJom19zAphowU3,buy,1.0028800869999999,1217559.387385815,1217559.387385815,balance_delta
QAhaUsjLT7M5hg7ZdQHb2hTAbf7avNThahjhjSP5PjUkTb22sEVAWEN7szmHrVYnUKfFcrsWnEbMmckAKQzbH3G,1786839223,FARMERLBMZm3N1bNjhcUfDkJSdRMDgLHe4HPgArtnDAo,buy,1.0028800869999999,1212137.879602647,1212137.879602647,balance_delta
2Sc1c1emVGJngis4BosakFnNc24BSMgdyxQbsJDDAGnDYNVAShE1fiADQVGuXbjkTY8LmUMd7V7Ng8seU8pHTFVB,1786839223,Noob3sJKdLH1w2zxhNBdARVt9ZsWjR3tJBr6mBfPVuX,buy,1.0028800869999999,1223017.362581177,1223017.362581177,balance_delta
Z59rRX3o4QJee8SyVtCqJfj8gZqwTot74GPqk49HFhu24KAztQ71JBSNLAr3fzTjXGSMftBuEppgtkYMjEPoXMV,1786839224,2XJEETjrL7aeAq1Ua5hHwrUmbExK9rTJom19zAphowU3,buy,1.000961011,1188183.765858354,1188183.765858354,balance_delta
493HA1ToQ3A6Mb9cyd5DsDcPbqi4u8WMFxyM3goFiByQbdoGbH8RDhQMswwYgDB3B3WKRBzLyH9RbMAd6TKT8Le5,1786839224,CHvWpTWTZXUMvWfX7jmy8vhHbAqn6YvLc8wBxXYi4KiW,buy,1.2215841600000001,1466886.879897118,1466886.879897118,balance_delta
2dkYPzCyj6oiQMS5vms2Scz49HDyHJ9red9LXg9MfPdLuY8EFRUVro4ttAXruoixS9yvQzrF6ikcCCh3SqtVRxwo,1786839224,CHvWpTWTZXUMvWfX7jmy8vhHbAqn6YvLc8wBxXYi4KiW,buy,1.150061288,1342126.069868233,1342126.069868233,balance_delta
2mHXbE5B1kEfC5h4ck3Ucy6CRi3d3UPUWAF3eozRJDXQGCcJUNEYaEKZ91iyaWTDE9cEnTYCfM8kdRYfpgEyU8ku,1786839224,FARMERLBMZm3N1bNjhcUfDkJSdRMDgLHe4HPgArtnDAo,buy,1.000961011,1182957.128895183,1182957.128895183,balance_delta
2MqL6uYHmfDqhvjazi5SoYPFPBKBTTGJYu6wfqCLEYX3r1uRhUFBbQfHzUpYaeC2XSSWvhPaJa7sV51ZWmHc7bon,1786839224,GHJFdDSYx1kGg7nLTDZ7B468SqHsqySZwHRSxs4DgEVk,buy,1.2892868,1539976.877105837,1539976.877105837,balance_delta
4G2VzhTyW6NfyRqTa8r3c2BjeFxYkYoVukpF3mSAhmzcZeP5kHPoKZ63KXBc1vvsib7DJJWqjXo9w7jy3trksTGU,1786839224,GHJFdDSYx1kGg7nLTDZ7B468SqHsqySZwHRSxs4DgEVk,buy,1.356646646,1592627.119468975,1592627.119468975,balance_delta
52EV2qgiBuqW7CHpyMedF1o9a8ZK2wy4Lhc1U8KK4Np9stbyWsBYLDFvnC4G6eT5suw2udap6s4teDucZZ8xYyRK,1786839224,Noob3sJKdLH1w2zxhNBdARVt9ZsWjR3tJBr6mBfPVuX,buy,1.000961011,1193445.1308885699,1193445.1308885699,balance_delta
5eRn5vRazkMMkqSDFMNbv9cRg4E2SnwQtt3dfM1q2A5APSpauW83jQjZrmTHvGZQnspNBrhd6n6vE7gLucQjA6Ab,1786839225,1jr7nW5HbUqTQgyNQjDy6Yawpswbn4jp1fYtCxHckUW,buy,0.951639609,1061738.875521769,1061738.875521769,balance_delta
PZ3Yu468BZb7PX8rL4WNZpKRVyo9tvayggbhvk3LN6UFKxJbiCCZ49rG9TZVj48h91mJ4xnRqCD41hKPXAukrY2,1786839225,2XJEETjrL7aeAq1Ua5hHwrUmbExK9rTJom19zAphowU3,buy,0.33429434399999997,376698.833787411,376698.833787411,balance_delta
56paLfKamvhPzscoh6X2oe8nUeWqyQtHE8mxcjzd7sBKoKbtnTvyhiKtS2XgBvNDqpaL4d9kDAQqZcmVB75YW6XA,1786839225,3D9RV4qbFUiNVbzD5EAp8zW1FWbZoS2xgp3rMb8qS3Qv,buy,0.9135755,1047920.516490858,1047920.516490858,balance_delta
46KKfVb72evwvDpfdrF8j5Qt1FjLgqBBZ163AJNuRwpxTbxNL6CCpRz8NgMFLw7ZxYXfYvvTShcq1YfWjkdsYKdS,1786839225,8SMeWRvmJDHzXWDWerhvZyjSnUtEuBaAaKozoGTFSUxX,buy,0.996673903,1122286.895976504,1122286.895976504,balance_delta
2PARtM5FWGoouaSFQqPhUU6A4QBsVNFCPNQejN8nMeZxUgiBdUorHiMrK1RMWo4DxcAXXKBgvEj3y2Vya5PPb2Xn,1786839225,CmYzjUFEeJJHKcziZA29GpNKNZfJQjvyTgmttNaMkTXw,buy,1.012646981,1135699.034045559,1135699.034045559,balance_delta
3p6aiTtpYkR1QPJ34iAUy4CiU4tX2nWsWQqzQ1NaUGviXWi3SeGWqeamgFHjcj44ZcwPiSD2xKS8iBu28zFxja52,1786839225,FARMERLBMZm3N1bNjhcUfDkJSdRMDgLHe4HPgArtnDAo,buy,0.334294345,377239.8615575819,377239.8615575819,balance_delta
3N81cdYXcbdcQuCdhoYvJiKXPZpLKwFW53vY6kFFKSS73vQEDn7EK3uS9AmwsjdQBrWtZc9PtvMjgCRmTFQ9sRik,1786839225,GHDHsxfoykXxJfxrynpSVwF21MDTPVn8fXYwxs12zco4,buy,1.0799049,1246177.595224825,1246177.595224825,balance_delta
5Dh7HDLdJff4ZQQWab2pD4E7VFCxuakViTLoEUf4EbZauwJodbUo4fC5cdkYJGLkQnrofygA5tm7bvt9qBQwgb52,1786839225,GpRBMwTQzVYht8YRKhuG259MsCGJAy41WYxYamcVAuSy,buy,1.036519601,1185511.772987084,1185511.772987084,balance_delta
2BjkheT6M6eWjLGqYSykbX3UXKUtmN1hfpqmjT9L7jPr4ziCdTTwm28b9RW1BDr4NmfhyvqL1bsRb8yrKYsNQZor,1786839225,JCrhqruFBagARts9dNSQm8Vqc5QKL3MckAT36LjgV4nV,buy,1.103197379,1249788.791731665,1249788.791731665,balance_delta
4pRYYA67SmY9bsdveur2evmmkrox69CEpy2GqsPoJEtygoK6iegxJto5gLE7WA5T86cUaxG6PxG6nvq1G5W8X3TQ,1786839225,Noob3sJKdLH1w2zxhNBdARVt9ZsWjR3tJBr6mBfPVuX,buy,0.33429434399999997,376158.96948313434,376158.96948313434,balance_delta
3N6ZUkPVkzNkgopYNz44hv8cmikhp5JdzXvoV2zhHme1qTB8UnUjJaNV8sVBLrhbs1YUHcHn8nnHyKbV9DKkDe5X,1786839249,797CrVjYgQRU7V6CVhhz8hSNDTx5wF53apb6mf9wqPfZ,sell,24.314020398,29387897.816778194,29387897.816778194,balance_delta
4r3SQeczrQ9hzdt3PqHyuLKJiuiCBnfBdFPpTUZnGJuSqRcEaypKPbWMoMCoLcy7Nu2xh6oMdEcErUCvwEvrefsc,1786839251,1jr7nW5HbUqTQgyNQjDy6Yawpswbn4jp1fYtCxHckUW,sell,0.808584163,1061738.875521769,1061738.875521769,balance_delta
3EUW6vaK66P9FkFsY2QneRDj8KK8wZ5CamyejRzBeYJBpRwQPwNpZ8k2ibm1MjNy4BPY7sW2BzfJcAjHXiXdjQmA,1786839251,8SMeWRvmJDHzXWDWerhvZyjSnUtEuBaAaKozoGTFSUxX,sell,0.851869492,1122286.895976504,1122286.895976504,balance_delta
4UZUTFx6tN8BLJqyvoTLBH5VLskEFPemCjh9YeyMgv7XcwJSeRVkv6DKovCi4adATURV84AyjkoNYCqYjhEYLUAj,1786839251,CmYzjUFEeJJHKcziZA29GpNKNZfJQjvyTgmttNaMkTXw,sell,0.858649876,1135699.034045559,1135699.034045559,balance_delta
3H4PVESYGAGqo1tdFAwojAptvmYaGQJkiDrq2tTFXYCtdJpD9qSNd492qeug26EseFJzPZQGaHCu3nnmBMw1F2Dx,1786839251,JCrhqruFBagARts9dNSQm8Vqc5QKL3MckAT36LjgV4nV,sell,0.95753045,1249788.791731665,1249788.791731665,balance_delta
v4SXXjFWNRZBoyAiexMcq3NwjbhumjZktVRLCZHGgTzda8zdQDDzoFqHaYhFLpVorXNDUpKUx7W4Ky4PrMLr1wx,1786839252,9gAj3AB7qmWx5yuUeZwcCr3mroRKQuhMzJk9uAvcccLB,buy,0.988213129,1245304.290011564,1245304.290011564,balance_delta
2s763wWpX9a9RzfAeona6h3GJq8LqCPy4WQgV8QoJhxuzCKrZMPZMhrL2E6NxRLoB88SGoQkEiJTcwpM5neJpZjz,1786839252,GxSdvjfBEwpXTvvvfRN9vHAPZaM4ryQVW4ktaMreEw33,buy,0.940120163,1178838.990488156,1178838.990488156,balance_delta
2MM8eikyM4yhZKZ7h65vaZYbAuU59hsjm1PNHiahHfuD6jV8N5PAUB5varQZ1KV8kS9syvxFmsU2J6XkqnWAEBWV,1786839252,HbtWtGwRt81mTnx41rQdnzQQZzDG3RkvxaMA9KYkGCmb,buy,1.106532048,1383726.395259909,1383726.395259909,balance_delta
kmYBFYUQaEPxWiSG2oCTfVegmPyRJHpcUBQCb55u9ExppU5AqmJDAvcEUogz6T6BrnkQ7wqXH4zGnReKfAULRgE,1786839254,5Wy2s4wKGCMmA9j6on6saWZwZ6h8pbz6QMVBCSUixP2U,buy,2.0050392799999996,2509868.239298296,2509868.239298296,balance_delta
t5Cyc4rCD1Voww8HYuXUcgxwaY2yX5uhHuLTzPJUmPZ6vzZ6irr1xowUcfHW5Qyu5HN2WuVX16rEvMh38a1kCnu,1786839267,G5ZJocbhs3Z86s1bSQpVhJNKGLzSHrEXuZg93WE4GEXa,buy,10.103039279999999,12337039.234469095,12337039.234469095,balance_delta
2wCzFCNPi9wYmEKZsLb11rYWBxo2jJph8Gt6MTaqL1pF2dLzNg34p7mE3gJebiVCTTn4tUo6MHt5hVCX3Q4Xbm9z,1786839274,2XJEETjrL7aeAq1Ua5hHwrUmbExK9rTJom19zAphowU3,sell,2.214243931,2782441.98703158,2782441.98703158,balance_delta
4Mp7VLQBv9So9uW9m1U7tninVngH4rLgoKZusFkSZJtm6c6SaA8jQS5noPxX3BY4XLKPmEbF2xJPswjFPhys8sbN,1786839274,FARMERLBMZm3N1bNjhcUfDkJSdRMDgLHe4HPgArtnDAo,sell,2.228734946,2772334.870055412,2772334.870055412,balance_delta
2YN8yUWnbNqR9oi8qVPwoVnqv378NzThCjAS5F5SH47KsY9ShiYyW66Vk99k9M8H4mTsRyBMXa6FVDJmn6U4GW4T,1786839274,Noob3sJKdLH1w2zxhNBdARVt9ZsWjR3tJBr6mBfPVuX,sell,2.268145896,2792621.462952881,2792621.462952881,balance_delta
5sfxgA6yrUj1s6ob1MrbUwXwTo5KCyNNVrk7vjiPnnK4SxV5JKfFepc8Rn4WWSGBxm9VvEL8sUNQAvG6rMuqEKBq,1786839280,2z2q5gk8TDgqCidzkXkyevXH1aDaVjWL8cQwoRbMF1Jq,sell,0.510446469,639360.287465009,639360.287465009,balance_delta
4KUqs6ySxXYpqUk3mKLnDauiRjRd74PLFDmPLEh7YEAgaUpwuLphVJCwqjbfvAiu3VMZoJ8biwQT8HdL7xWSWQDX,1786839285,ATj6HNyLtkdm8LMiTf6LftgDLDK378dAjDv8bCBhkoD1,sell,20.870966079,27449309.134328697,27449309.134328697,balance_delta
4UdvFkvhpvHFidHQzYYivMTvXp258qHY9m5UAxSBfjoLtWtePFkjWiXd7mMPa7tjjSDZ5oSpEQfMMvL71exmYsfm,1786839286,FqMb2ipgYRb8r3gKuXmzF6DbjYDVLnAZEiyBs69y6aGh,buy,0.50341928,679319.265443572,679319.265443572,balance_delta
4Mmw2eyZDYJQMYRYoFR8UCBUQJb1V4E25T8pycbDKkZ6CzUKom5tLvkEYwKKpQSFT85VGGGfwxNaQH2Mt2RXaeJp,1786839288,CHvWpTWTZXUMvWfX7jmy8vhHbAqn6YvLc8wBxXYi4KiW,sell,1.9855051579999998,2809012.949765351,2809012.949765351,balance_delta
5yC4AbVniHnVehzRGa5nQMwTjrkLkjSkt6PohxAf24JDs5vSSnyKUE8vz7imxLdm8qK8QNzJGghe8ejvpgED3agX,1786839288,GHJFdDSYx1kGg7nLTDZ7B468SqHsqySZwHRSxs4DgEVk,sell,2.237258466,3132603.996574812,3132603.996574812,balance_delta
PheL85CXLhB91adx8PExgLNcNtFEhoaGkNpxPLzTtd2qebAKFfr9iXRFdfUuoMWFDwLvRzKuQa5vfMUqdJ7VUJ5,1786839304,5Wy2s4wKGCMmA9j6on6saWZwZ6h8pbz6QMVBCSUixP2U,buy,0.503,691795.081748276,691795.081748276,balance_delta
uNLWTiEWzx4eVUuwi4tNmU3gyw3iaGugTwNjwM27HLMC5MXPW8qMjwCqmjt5M5oA1j4cdCeXyngckdrfquQc5PQ,1786839319,2DyAQuG7wS9ei3jR1msrc6NynB4WW7k6MHYCLQpVLpYU,buy,0.25204928,348766.02349636,348766.02349636,balance_delta
D1jnoAXh48HTHGSkQPVTxmJxSQY7PqL9d2UsQrjWX6ZKekSZyWWYw3F7te59C7FXjbzmabXThtCgMp8wMAFpJNJ,1786839319,FqMb2ipgYRb8r3gKuXmzF6DbjYDVLnAZEiyBs69y6aGh,sell,0.47800548600000003,679319.265443572,679319.265443572,balance_delta
5pwCZ8QzD1mwGX18G6XVg8MxCjSahvpsrGVgRBshQqyAdHrx6iSopYaXVpY6weZJhvgjwBta5LHkfYXgb5xhbhUQ,1786839422,5GQehHSu8aV8NEKLdDuSTg3iAMzfeqc4zXx6e24ExdC9,sell,0.194656039,280490.398814917,280490.398814917,balance_delta
4mxGA2h2daR7tvGcYBm6xETisVHkH7cDLcCto8usfGPQwSSeaWuPBc3yujvBPNt2z2MGwrGuk6AmGc9XeWrFz1T1,1786839502,FDHKhuR28AQ9HbGnZmWR5JnVXdYDSCiWRFA5Pjtoapfj,buy,0.09361940499999999,119012.047809246,119012.047809246,balance_delta
3z3sZTa9ug9S2a9KCiQpanANSrukeVTC5PEKobQGWCbaa4Nps3daUPBPGZ7b97he5bVnuNonZhEiv3uiAFG7jdS1,1786839524,Gue8rnckLCrNEksmCh3KCMu8SEjcPVHV1n1MUikmAn21,sell,0.460997669,625765.561661438,625765.561661438,balance_delta
4F1bLxoEMz3NZ6PeFkQBHUmx6H5Kz8X9kFMN3EggpiH7RiiKcUbLNz7pbRFtNrHCRFwZQaqX16w43GStBd7nKS69,1786839540,2DyAQuG7wS9ei3jR1msrc6NynB4WW7k6MHYCLQpVLpYU,sell,0.259120592,348766.02349636,348766.02349636,balance_delta
3X2kqiwybTLd6giaYPu57aCe3kVfERt5gBL3hp9HuBaQPUwGNUrktTN52wLi2uUnA1xgnhf3DzHGKmaZUE4t9VEM,1786839581,34rTaBgPLXZXuZuP2LjpDdJZKr9NQ2P8iUy4as7fprPG,buy,1.98303928,2640914.542108558,2640914.542108558,balance_delta
rYZSiNX2prrqacQLnkbTyjQcstuqyAkjgMLwDxmE98dpk9JWBLcPHtggb6BSmi5ddpcewbSUbbUdqciRaFfyskg,1786839628,Ag1GPXzuV9wyCK2Ze5L9bYQ6kRwbEGpZ3yakciBJ7foY,buy,0.52203928,686068.647107705,686068.647107705,balance_delta
ShKS2u7j772A2evBqQ9RUJCtwKSEw3vBfG8rgUxu3hvroYSMPoVgzuRvAcEbMt5bMdikHnoYfF1d4b9GifjEsDS,1786839673,34rTaBgPLXZXuZuP2LjpDdJZKr9NQ2P8iUy4as7fprPG,sell,1.9729455359999999,2640914.542108558,2640914.542108558,balance_delta
qRJW59oQdVKAHV7rPofD86ftgea8Q4jdCsjDDDeA6Yd1JVdGns4FFzYbH8rWRS5ppBvLMXpuoHGx39MJzvELKHx,1786839702,2BKqXUifh1GJ2C9eWYGy4tZNdUtWhewUpMpfkizfgVT1,buy,0.02103928,25143.155034703,25143.155034703,balance_delta
3cKmfFg4pzaVUsMfz8PHg4w969iTCGuz17HnV6yXEDZT5RfeR8Z9czM8Wizvz5piAUpyUgK2Lq3xEV4kgQECnDdM,1786839708,qBeNBdXyMMPwauRBG2by1WVo3Y5uv7RteKGE25yjKW2,buy,4.20203928,5553498.754833811,5553498.754833811,balance_delta
5hQdsukVgY45W5MPKm3is6RMYuth6a49mUXGvzTmxJW8bnKvRRzbiJ3tXa4SZHJoHvXwv1CybjJrz98E3XR4LJ9d,1786839711,2pcAKwP8tGgCMfNVKX5iaUyPq1G5tqB149QFZjarEz6E,buy,0.41821720700000004,542209.473419834,542209.473419834,balance_delta
4y5YwbG4beun8REdX4qhmogGzpUUsCHrvPT6HCxWziVgjKNuPFS82yGXRJjA5xztGubF9vY8qDTPTnUVQU2QWKS1,1786839729,ALvMeHkXBs2q6ZxcCjQHcu2FTnsFgs9bM73NfeuotAAo,buy,0.16463928,209220.612234719,209220.612234719,balance_delta
5Uz2tRPMSDh7svdR4n1X2KrFh1snNQVHYVpcxZbwBJunn9Wn929528Yuk3Y7Dh5E32RVhL8NCoFJitK59QeBcUB5,1786839736,Ag1GPXzuV9wyCK2Ze5L9bYQ6kRwbEGpZ3yakciBJ7foY,buy,0.5,649552.2915641959,649552.2915641959,balance_delta
5caWmjdyf5qp6B1vpdJXwYHmSqNVRq9YmCQpG5iYmneKS9uyWJUny8eAxUNnmk7bdPKae1pYJN597wFVzHpaYAqS,1786839746,qBeNBdXyMMPwauRBG2by1WVo3Y5uv7RteKGE25yjKW2,buy,0.09999999999999999,130251.62496644258,130251.62496644258,balance_delta
2GuBMWNCsiQciRTmVaYm4XsWByxVwnWAfehpbPNF4dH7AHkfUhpmD5pmYiYprX84sWvoUTqTeAyCVFQjCNDR5JUm,1786839755,DmQphJJn7PywwvXnw3T223uzRF5YBhjz9zwbyQPSitUQ,buy,31.345039281,37697894.492302895,37697894.492302895,balance_delta
2cCuc1HoHFwCkfT6A7NCxM4E7di6uqME9KYtqmjwwmK6YoTNGNKm4EMVsQgdThoXjtnngJkGWrSaZn784viK8AYY,1786839756,2z2q5gk8TDgqCidzkXkyevXH1aDaVjWL8cQwoRbMF1Jq,buy,0.00803928,6798.98029335,6798.98029335,balance_delta
5mbcT3T3wTuN6PqQuHM4viwkGiQnRH6fUZY4uTswVD1vdxAxAL95AoqV4FGudSrWgewyYv2eb3vFi183TMHpC5fr,1786839757,57C1yd7d54aRvNJa8R6g8jppDHcgND9bo3YmvcRJ9e8F,buy,3.0306825,3347307.520902657,3347307.520902657,balance_delta
38jWm37S3nCiSJ98iwnNBtfVC9uhvjcuuoooNVNhCve4MbjeN72LYRRZ7Hhc4LHUah5CKHWCEKcpFiCy2mj7xKyX,1786839758,2AwjJTdTWCu6QjyZKvF6oVEd9TkQP1WYvVswFvDEySxn,buy,0.930466785,1015215.660637015,1015215.660637015,balance_delta
593Fnn1GKpjVNfgdCd2sbsAcjnVZx8j5KeV4zUg62Q67v2y38yiGR2UbqnFPJNZT2RhdUCqtEWDmooXrsWLv7HVE,1786839758,2AwjJTdTWCu6QjyZKvF6oVEd9TkQP1WYvVswFvDEySxn,buy,1.007306316,1092348.017717156,1092348.017717156,balance_delta
5ZmimuuVfMuEUMkVZXXngqAxNswCJ3Do8R2wby4BsjT8hcJhdaAcg5z1JET22ERE1hLRG5NgJsMon6MEKJ758E97,1786839758,5kidNviTucvoHuFGuPQUikWokMxsLZMncGrS5gK9Cujs,buy,1.065713699,1158702.337654318,1158702.337654318,balance_delta
2HkjAQfq27DtEcywqSNoMmKjMPwqqdLX6ncM1pho6RWDRUnQsGwFaSHjXg51RfxGVui2t7PqAQw4eRNaB37UBSm9,1786839758,5kidNviTucvoHuFGuPQUikWokMxsLZMncGrS5gK9Cujs,buy,0.960927851,1037602.009637119,1037602.009637119,balance_delta
ViWqyDaMis8j89jt6CrfguoDkCdH2ycqQ1pPoGkbL337x4MeqEk3mGNi4uhkcUZLYwUMfjtFWUbfvpWJT8EjiVe,1786839758,DenZLNzBtE3L8T1kQFKh8oE7FCXBrdsM9xwCbsnKvdJq,buy,1.104262826,1211066.697145752,1211066.697145752,balance_delta
2Y4YYL9QKTjWh889AY2ByRXgEGTJaYBfE6ZpMAzUfo4njz86evijFwjLAYVgfZBQPgsf2eeQKVAC5GATEAsj6qbm,1786839758,DenZLNzBtE3L8T1kQFKh8oE7FCXBrdsM9xwCbsnKvdJq,buy,0.996613679,1071845.943389112,1071845.943389112,balance_delta
5EcwqJ4qeUf1r5Pti5BWnnMngDUvPXn1TvDjig2HoniKbibpkVsyVcSxkuCPGr7i8orhnDV6pRkqduMRjGGL4MBr,1786839758,Hedt6aVyFRvxpQJkrrqgZ3e3JxUNb7ufCVyYXMnHYYE4,buy,0.91971381,1012064.370891744,1012064.370891744,balance_delta
4Sg12qhRKDCs9JitdAZENHuywYPWeeBf4t5iwLToP4tukBbd1rGrcftZWxgov7AucpJLXDMcj2J5MUHkS5DrkS8a,1786839758,Hedt6aVyFRvxpQJkrrqgZ3e3JxUNb7ufCVyYXMnHYYE4,buy,1.047152154,1121554.9108187042,1121554.9108187042,balance_delta
5FKZMRX2keLQwdFvRmt9BCxwcYuMa3ZKsTxBcQL3maquzZsFPf5phoXpnpydnzjqgKPap4kwGRo3ibGVyxYFcpqR,1786839759,2AwjJTdTWCu6QjyZKvF6oVEd9TkQP1WYvVswFvDEySxn,buy,0.952544459,1001934.3471372128,1001934.3471372128,balance_delta
5nkYFyMBdQcrw4qgegg9vmdxSgPmVSCuW2dyTTiRQsg2k5LGEgvSCkLQsnwm8x8oF3g9uowJYGtKrSmTZb2GJ733,1786839759,5kidNviTucvoHuFGuPQUikWokMxsLZMncGrS5gK9Cujs,buy,0.982559903,1042512.2683414812,1042512.2683414812,balance_delta
2WaNnf6zSgmhTMuHf346metBuHxQz7nz4n9PLX558aFe9ikyMaZMiGH9zPUpHUPXV2iGuE6HCYS2sPeTWMEDmS25,1786839759,6KsuesQQGfqZcqEPBKXgT5iwvZHhUgf6uvtuzQNigxgK,buy,1.195446477,1274855.780245073,1274855.780245073,balance_delta
4Bs3euDhkchNCxMb9VMDECU94uPU8zMuD1r2MnVCfHT49cG1KnNqqmTQkt8eSgrV4ij21k5BuSxZmKbyFqMsheTE,1786839759,6KsuesQQGfqZcqEPBKXgT5iwvZHhUgf6uvtuzQNigxgK,buy,1.234554696,1266462.5086234042,1266462.5086234042,balance_delta
RbBqfgzZ9UYq41SgcyZXzbukRFtuRtEHw2UUFzJdaaq651D8aRxbdbpHwRje53tttMRmxJ3AnGfVJrtRKPKJy5u,1786839759,777777UupVYr364fUHXwqBRMnNaVcpAw2z3uhFkspnNn,buy,1.002948371,939072.966435933,939072.966435933,balance_delta
4cPVEXfBYQL4vAYHk4BnwwpBWLGreSt41WWb1JDLgRWQ1C8G7FWc17X2sD7rLStiUJ2GQvcStpaM6C4whhmjsHXE,1786839759,777777UupVYr364fUHXwqBRMnNaVcpAw2z3uhFkspnNn,buy,1.000909091,931750.15884756,931750.15884756,balance_delta
4u8UgTA8c9vsv3DwVeQ4yobXQbxKszfRQSQjpXDXM6aXHXv32KqivGMJkSMScrWQL6aGSAJ9KQmruEg6x33PKPVh,1786839759,8n79PwcyrybEECM3ghGetPnm6Y2SRBVzJNd536Z1C1PU,buy,3.0095542799999997,3127079.369191991,3127079.369191991,balance_delta
54LEkuuTQeHwM38KRCy5tuTnCQcgktrtECgaD81e2YMVNMxSLoGVb7QreRitmqSwh67D8aECKJJ8hzbG1DCE23Xc,1786839759,A6Gidfg3tY1yGAqLmCQgvkjMdSyrHuAdtxwcbEa4Wg6d,buy,1.33003928,1283755.243865435,1283755.243865435,balance_delta
SoWq9a3JJ6YB4mDcigD8FpXdr8uqZd7tk3PqryBc4x3mgj55pw9uyX8U1QecDRguaybrW1WEY8XjfeC9xJQd2Bo,1786839759,BtHnhjh8Ta2vGZkrL76AmXMur1ADo3tpRo2kQMe2BCSU,buy,1.7742020109999999,1790806.77071344,1790806.77071344,balance_delta
5hskou3tAdbXiGskM2ZxN88JsSYZ62vvUC5BUjRsFpouok5aswmsHaa9e23xz7fHSrUwsXxsXqSz61r4jYmLYsjo,1786839759,BtHnhjh8Ta2vGZkrL76AmXMur1ADo3tpRo2kQMe2BCSU,buy,1.526282355,1511462.642814447,1511462.642814447,balance_delta
2xH9vo6HHpH9JAdBVZiJux1HDwRTTkx5ciQRkPRjdQUeFXPaF8gtp5ESs7DPmzbb257JPdtUZSCAV7Bjqioxi6oA,1786839759,D4jxiBiEmELbBtycKWqE7127RYKXrdRxKCU3SjWiQtC4,buy,2.4437312270000002,2365760.528460512,2365760.528460512,balance_delta
24XdpmGw9wY4yjbd7kSocSRgNXvKR7HtTYi9RfUE9qxa4nCqTBWepZ1avant5M68U3CT9YztT6huQpMFBeq942Rx,1786839759,DNio5ketGczp2dsB3jJCm3XNsRETaAM87q3YVMPA5F9z,buy,1.6661134279999998,1669884.136709856,1669884.136709856,balance_delta
aZFXt4pDCX2ub9RN6oQaZLKJ2cvnKS1u21rfzVmmxZz1kJvXz1U8CvnFXuD6GrzbzudfWR8iYQQ35wHU8AYbU5q,1786839759,DNio5ketGczp2dsB3jJCm3XNsRETaAM87q3YVMPA5F9z,buy,1.7926886329999998,1763486.4404389907,1763486.4404389907,balance_delta
5LrUhKK6niMw4niJZJ8mF68BkDxZ5tgnwU2UvdUH9DBUZsE19Z3zK5ZzdByivAQBC3YdcbKogLwUjEUHEaTjVXuD,1786839759,DenZLNzBtE3L8T1kQFKh8oE7FCXBrdsM9xwCbsnKvdJq,buy,1.097690848,1160013.9900115621,1160013.9900115621,balance_delta
5djGPLxa2GrR2UQM5PDz9dB9Fax7SBeTYpb9pyZFnP7RDKVc4h1EGuetsMvTT3qG72MUZbybsFwQqQLw9GD87UjY,1786839759,E8B7Edi7khrojzqFgW4iJJ2Lii2jvv9B9kivkwpPfHeq,buy,1.5659374009999998,1591123.545428124,1591123.545428124,balance_delta
5smTNFMi1XggKwiGF19vRs3P2yMdgxjiHExedgZngyrFuYqe8kDf87onZ7peAbyfT46pWTzY4mtrxhGcDiRnEtk5,1786839759,E8B7Edi7khrojzqFgW4iJJ2Lii2jvv9B9kivkwpPfHeq,buy,1.681164012,1675651.961380684,1675651.961380684,balance_delta
66mjseakYXp3j3rjBBW9Rm6hioNpHKNLdHk2yZ7mwhqZ2pvBTB2WNL7FSa42axWR5tEzFMHXr49iSJY2QmfaV5bR,1786839759,FMX8cSCPyFo4qTHTxuU1hYrWRXNU3NsTqxcL55jwR81f,buy,2.4288045250000003,2328656.438811439,2328656.438811439,balance_delta
3BcqdnAqyV8AjV3YXdPtcD7h4qouNvAnh5WMLVsjuUUsTprzxKjM9YhV791Y5n3GULgNBbQCtqJBT9xKhjwdq4CX,1786839759,FatpigGT9U4fzPZPu94Q3WeZvCKqewjWJbZoQRBQWYyU,buy,1.002948371,946482.472322043,946482.472322043,balance_delta
5MvfzKgXwonHLGLa37h3DYrnJhdtep2A1S9w1KDjaR4r5EkRYLsui4nEc5BEJiYCXtr6mcXAhPzvkBZrfuoqTV6j,1786839759,FatpigGT9U4fzPZPu94Q3WeZvCKqewjWJbZoQRBQWYyU,buy,1.000909091,928120.8447702599,928120.8447702599,balance_delta
c8u3PeFBNLo4JKbU1eD6wSCmEi3FLkQxw7kCnzTJj5NwroFZN1Z54hD5FadtoovsS7j3VKRPjmHUvRM8ZdJ6WPa,1786839759,H75xFpTZVYVzamJrPQHkbGqdWpq4zsZzUiW7L7U7GfQ8,buy,1.173484584,1207503.784821274,1207503.784821274,balance_delta
5wrVE4FFQPVQYxCdJbvWTxof8M7XWB3imtF7cEkPAPjBEypa1HzYx8uEMKSyjFjEJa1XWEaYaysYDJE9SCp7mvaz,1786839759,H75xFpTZVYVzamJrPQHkbGqdWpq4zsZzUiW7L7U7GfQ8,buy,1.210553523,1235588.531197389,1235588.531197389,balance_delta
3Q2wZJNmCDr1yZP6pdbUaYZfxr3AxFbp1uBPgdABNc15ZYRVLjqpVriB2TV9NDzfRjbkGoLYgg2YS6yCaXdbMixH,1786839759,HACKERamoyuTkkbuVnSWPNc5a5TDQH3U9vpp6zbrRKTe,buy,1.002948371,942766.796832289,942766.796832289,balance_delta
5Mr4r1Ftjf2DgKtz1shHDW7dXZXGPBqdQaGTyPuTP7kCFsH42LF6M8Bhzomiw62t8KtW68Jsz8pzkSLobPDT5mjT,1786839759,HACKERamoyuTkkbuVnSWPNc5a5TDQH3U9vpp6zbrRKTe,buy,1.000909091,935400.8101967952,935400.8101967952,balance_delta
4dguRJo7XimuoidtdJHbbjLynzgdQyPjnEEEN9mFUYgK1SGoNRYTuuMjSrxdVDHNh7g5oEJGGYBz6M7V5KTEZWLQ,1786839759,Hedt6aVyFRvxpQJkrrqgZ3e3JxUNb7ufCVyYXMnHYYE4,buy,0.97920479,1025954.5414223308,1025954.5414223308,balance_delta
5Gd3JEdZj3Vd4nTwwfhEhW4JT28TLGnRWeGvHvKD7r11futjKQ7sDC3cDtuNJikZAZMnR3tvNbuPV9ymYth7D7S6,1786839759,HoN94isvJN9KenCbtSPbc1uGHXsb1S4HXZnb982dwYtt,buy,2.144427088,2036889.869943484,2036889.869943484,balance_delta
5tp7S5yfZ9CuVqZruGQs5QLcZGHC8s5HL8HnEmGNFhzoxqz2XsVUUawP65S1jLR5cc5P6cJdtpypTohmfmze2kDi,1786839760,777777UupVYr364fUHXwqBRMnNaVcpAw2z3uhFkspnNn,buy,1.000909091,917359.2743280821,917359.2743280821,balance_delta
2SBwv3vJr5CRwicwqc2rHRh18rtrdGiitj8w3q3CpbASDDD81smn4Fim1KQR3q4U3fVfEqMA1S7nzdpkktbpcTR2,1786839760,777777UupVYr364fUHXwqBRMnNaVcpAw2z3uhFkspnNn,buy,1.000909091,906783.8594322209,906783.8594322209,balance_delta
2L6eYAduWibF8BhDkBZRKRUcFbgCu8BCz7Rc7uCcppFkKRwwypikQbTobNC2w5EPn5gTxgMiwePMAzq22ezaozZk,1786839760,FatpigGT9U4fzPZPu94Q3WeZvCKqewjWJbZoQRBQWYyU,buy,1.000909091,924512.7019770241,924512.7019770241,balance_delta
3tdBQmAd1YmHkvjKSroU1kQcJ789MBXeQ2dRV7aJtE2MGSCBCuRjPuH4XuQt4Z9co8kk3JewtJtyDSo18iEzXLrb,1786839760,FatpigGT9U4fzPZPu94Q3WeZvCKqewjWJbZoQRBQWYyU,buy,1.000909091,913813.6654775189,913813.6654775189,balance_delta
4cbgcqcmaNnSVwPteWaJC2VcuKYppDM5gW8rsfA6BaU6AjAZWpBU9jSHitXp7fmWXGewono9329vN74D6oDa8mrP,1786839760,HACKERamoyuTkkbuVnSWPNc5a5TDQH3U9vpp6zbrRKTe,buy,1.000909091,920925.5660910909,920925.5660910909,balance_delta
Wcxfu22YhRwyBneE52M4ZqfGbknn4fzRHiup6rWZgj7bjE8rW9A8ckcsT7E7kP98wk6f4bTA6QPAmVhbbPJGS4h,1786839760,HACKERamoyuTkkbuVnSWPNc5a5TDQH3U9vpp6zbrRKTe,buy,1.000909091,910288.5798846008,910288.5798846008,balance_delta
4ikbHNj4Hof43P78csVDh7E8VJNjrjTHdB61nP6xsGQaugdNZdRAF5gDmm658sEr6htWXtzLWExQYEjzmmZZ1KeW,1786839761,2z2q5gk8TDgqCidzkXkyevXH1aDaVjWL8cQwoRbMF1Jq,sell,0.007392612,6798.98029335,6798.98029335,balance_delta
xs6292dhzj7RMNGi1KeGfaADmCHdoZHG4LJmpnNajxsmqyfWfTGZurmK1UUrMRv18YTNPA6T6xrKFnXbJe9nHkb,1786839766,2AwjJTdTWCu6QjyZKvF6oVEd9TkQP1WYvVswFvDEySxn,buy,1.026551422,913677.2108363332,913677.2108363332,balance_delta
2ZAmhBdoGG1EyGjQDrHHszqkWdAs7nRpwp4z6KWm5R6X5K2D7VV4Tt96mx4LXPbrZojADUCEHdrF89Ckv7DajjEC,1786839766,3KEdzpSYJ7sXfHKpVhSF2Qj6ZAjd3Q3dugFCZ4umWvkR,buy,3.001,2657509.958790722,2657509.958790722,balance_delta
2Jsc1NVzWQa3K3NtUHpJvsWwjBcBvEA34KiyrKaSUMuFfm84yNDLoJjvXznqE3bMZtwp33E82S1tuNbqBhQVkzvo,1786839766,5kidNviTucvoHuFGuPQUikWokMxsLZMncGrS5gK9Cujs,buy,0.915300976,817391.0994181228,817391.0994181228,balance_delta
2rhCrCtbC5uMzaLPBEkuDfMGBPWWFmh3G68TuztBZ5dmKSaB99re24uPJvpjhgorZLbjWZhJDDjaj1gQAAXGgECh,1786839766,DenZLNzBtE3L8T1kQFKh8oE7FCXBrdsM9xwCbsnKvdJq,buy,0.991575674,888964.6064433339,888964.6064433339,balance_delta
4jNYhfwgGnSQesCsfXsUDvy8QzvKnxPbVXA73dwznsLt6gX2CKVqsCfmqGvTei4CXkzwKFedURSvLDKRC9p7sskt,1786839766,Hedt6aVyFRvxpQJkrrqgZ3e3JxUNb7ufCVyYXMnHYYE4,buy,1.078571928,971037.570254466,971037.570254466,balance_delta
4h9EXtAjxexjojZXgoVKiobxRAfE8dPjh6V2NGv1TqTcQET6nYiTvPP9z6KXSjZTRQwUncHq8VeqvaBxijK5w4p3,1786839771,3T4di8HBeLujDhS5hhhA79PBFBYkVCAfJP4qGLf8FdFw,buy,1.14828928,998738.538351524,998738.538351524,balance_delta
2rd7jm8Q2L386gNpcAWFvL4BY8wK3xuD5GfsS2b5Y3GtdMSGgQQepGdyVvLhPtq1ZSraZrqgtz74KYaZWdhNqkp6,1786839771,4E5zARdejTv2nK8gBKoRQbMDHUnnqZczqiDkA1TqtRp6,buy,0.89578928,773827.476966636,773827.476966636,balance_delta
3wAS7J43byNCen6Hz3P459TgQG25ZPAafAcQpGLMYCd8sJzcKUpEbkS9VGbXHgKDSXG872GvS1GjhYKtW6hvDEw8,1786839778,H75xFpTZVYVzamJrPQHkbGqdWpq4zsZzUiW7L7U7GfQ8,sell,1.494021945,1345605.7499988219,1345605.7499988219,balance_delta
2d9nvwDQ11MevvDZWzWmANx2EvLRarz3nmwhyX9SJdXXptRGhNL5HsrbhkeRFB145wkxv4bCUPGnjN6Kg4s5n7iS,1786839780,57C1yd7d54aRvNJa8R6g8jppDHcgND9bo3YmvcRJ9e8F,sell,3.6899694430000003,3347307.520902657,3347307.520902657,balance_delta
326RkKn6uosNKdNJSmYjF9LEdZR1p3JuqngiTFpo2WkfNVxUvHVYbiUbWz5CLiEc5ajsxLz73J8j1fVQ22CVNtFF,1786839788,CypyYaGszgtj77VMXJBvp4vWu9jn9mRCbv1JMrXuGZft,buy,2.159302827,1893756.489057343,1893756.489057343,balance_delta
urmW9DYX3CPQUn3EgXHjwqYTYA7PD2HuMVSQgpoLvTDVm6PhU4LGduJEaFH1p2tSRPeiCggbVNn6Cf5gdPYT1bQ,1786839788,D57d6AUh7sdQuvXUmNeJwojL29b14uhA4hRqRdiKTvbf,buy,2.881059207,2506714.018018584,2506714.018018584,balance_delta
4HpZWfgatBZ8m1jPTeyLBaEko5JrhpMDQUn5EW5TbVvvEa2cRY5LoqgQsbmuQxNePgZVLLGV7C9KBvanVzShfNHf,1786839790,CypyYaGszgtj77VMXJBvp4vWu9jn9mRCbv1JMrXuGZft,buy,2.953958811,2496906.319773276,2496906.319773276,balance_delta
dEhKW6RCbVLkEscpqvURXNL2rcbwgUnGEwS2PBCwtoNreR9tn7wqcsy4PPndGPFmvqNzCCgvG5hbX3YxuFru4UD,1786839790,D57d6AUh7sdQuvXUmNeJwojL29b14uhA4hRqRdiKTvbf,buy,2.084878323,1741137.2619019044,1741137.2619019044,balance_delta
V2DFE4FXVzvLPzEd9HaVY39By7uDtyurRQTwfAkm7kPi4jd5yYiVnkBTiUN6sVdJK5mvmLV3aPGjXHRKeCGh4rt,1786839797,777777UupVYr364fUHXwqBRMnNaVcpAw2z3uhFkspnNn,sell,3.121080414,2771224.694282847,2771224.694282847,balance_delta
5Yvm6z1FcLDa8cdm3qPPiDNQiKnCibv1rSHJi5U9T8HNZUGbuCmsihtssJFVBsp4BTnFK7wikJsarr6cZu2inYGK,1786839797,FatpigGT9U4fzPZPu94Q3WeZvCKqewjWJbZoQRBQWYyU,sell,3.174413561,2784697.2634101342,2784697.2634101342,balance_delta
4osscLE1VHuSFzxcsJ8thTV7Z3i8n4G9Pwu7SogG4GAxzjjNPsggVBVzY1KUPwnofVeNtp3dKX2rt3NyeJsWSz6m,1786839797,HACKERamoyuTkkbuVnSWPNc5a5TDQH3U9vpp6zbrRKTe,sell,3.210274089,2782036.314753582,2782036.314753582,balance_delta
4DzR6sMXSYh3GnPbwKEWeMmGvcNwKLmTnAzTGp5hJ9MtDSWWdKBHZJYGywAKM6LpvokZUt9kcbDhYfiRCwUwiow,1786839802,777777UupVYr364fUHXwqBRMnNaVcpAw2z3uhFkspnNn,buy,0.004214686,2942.213529685978,2942.213529685978,balance_delta
5KUVT1ZCbiZdC4UANXqC2QvxVDrrcP6HUBecd5Nd5VUFrHD5LhNTWcXxhPW8ipff4XJLXsV6xcyg3FRSCaBTTngo,1786839802,8n79PwcyrybEECM3ghGetPnm6Y2SRBVzJNd536Z1C1PU,sell,3.4727475500000002,3127079.369191991,3127079.369191991,balance_delta
gjfQEGqQ1FMc6aqx71XR34gPLxGEcpRQUAjfYoF44j14txW9Zmvpk76JFYqXnmggmBATdpJV5qsZwcM1AvhU6n6,1786839802,FatpigGT9U4fzPZPu94Q3WeZvCKqewjWJbZoQRBQWYyU,buy,0.004214686,2942.2508166200714,2942.2508166200714,balance_delta
2pZ5Yi4ELjukGPxJsu6yJkrwfaVcwDxtJQxRd1BUnmNMv72ok8E6cSjiqZdufLaLj3sBsxdopUaTQsnCJVB4XVa4,1786839802,HACKERamoyuTkkbuVnSWPNc5a5TDQH3U9vpp6zbrRKTe,buy,0.004214687,2942.2881042680237,2942.2881042680237,balance_delta
2HKdBEitR6xYTiiXjWdJFbr639qw351wYy1iSPA3vX6zjvxCZqrJMAUqbafFLoPrx7hNHJfefcEWzoMDjwSDPCYX,1786839819,BtHnhjh8Ta2vGZkrL76AmXMur1ADo3tpRo2kQMe2BCSU,buy,0.090453825,73505.13586093718,73505.13586093718,balance_delta
n4S5LuZ5CshJ3sPZcxBa65aPW7DQtER8BsZHPbW4tjafvpFZA3NNSxU32fQot24C9jYzpcby67sJnz6g6r7QkMX,1786839819,DNio5ketGczp2dsB3jJCm3XNsRETaAM87q3YVMPA5F9z,buy,0.082593178,67093.01731914701,67093.01731914701,balance_delta
43kwJW7sieriEpkQqRYHAsdEFrMkjjMziUurgxjdKcPdfYczsE7143AMZHRgy7Sogf5dD7LPyE2s7HEsx9iovach,1786839819,E8B7Edi7khrojzqFgW4iJJ2Lii2jvv9B9kivkwpPfHeq,buy,0.077087997,62600.32376872096,62600.32376872096,balance_delta
5UF5FAnGD4bkcbu7kKnvQ1PuamqxJ6WsqvGsoyqVLLMzdoYD9JRE5WUAbz2GQKHev73Cvj9EefQXH7XJAvi8U5eF,1786839830,5GjQkGJF1NtAsTt9P8Q3Ni6SD2QsSZ1sSnsi8GBqDnt5,sell,0.0010171279999999783,794.370970364,794.370970364,balance_delta
2sphic5YiVR4KjAjCFrpCcQh6GpUQAkrWHk6N8wNNvNQfUjdJdVLsN8y5DmjsnSf4gMUyh5E2Re6AdGj2CiKB8Lo,1786839830,5GjQkGJF1NtAsTt9P8Q3Ni6SD2QsSZ1sSnsi8GBqDnt5,buy,9.999999999998899e-05,77.709527215,77.709527215,balance_delta
5MmLFTL3XKeQvNL7njTPUErwzMZsF1L7vLD6oFwaFtJdQEK559LMTQ8gNmrhJi5PYrRrt1MZr4pMQLNoud4i2Ttt,1786839837,9Nc7QXztAZyyhrza7PMyBLL61YsL7NXbRRkHNcU3Vx7i,buy,8.092039280000002,6064462.759176144,6064462.759176144,balance_delta
3gugZmSy5VHFmYb793fR5VTt2mfo7pnkdKfCtbv7pWZktt7KbZyhSp1bSdpj6QwVTnBMbzHQb1hgCAQwxyQoJ7N2,1786839851,6KsuesQQGfqZcqEPBKXgT5iwvZHhUgf6uvtuzQNigxgK,sell,1.715605621,1270659.144434238,1270659.144434238,balance_delta
4JVoaG631zRnnKEt6wqF4MfEvLoFk3aBwV8UjTvLtXEgAXD3dsUaJWhHMDmUYUwqTyHvW3ohwRda5KjqjKFeQmHD,1786839851,H75xFpTZVYVzamJrPQHkbGqdWpq4zsZzUiW7L7U7GfQ8,sell,0.73719861,548743.28300992,548743.28300992,balance_delta
58T93cBTAWut4A79a2A4mTFuRedXeTAjbTcL7fK8Z3FGxiKRDoxSyQTZPxjSgFuxPmpNnHtVz9w6rV62VyBvrENu,1786839866,A6Gidfg3tY1yGAqLmCQgvkjMdSyrHuAdtxwcbEa4Wg6d,sell,1.641061014,1283755.243865435,1283755.243865435,balance_delta
213o1G9FmVa4y91TcsjFNCJPvMYEjRWhziCYiW5GDdsLhkZRpuwCqhzWze5fJevtNPDroHtKuPy7tKm4LW9ddFLV,1786839872,6KsuesQQGfqZcqEPBKXgT5iwvZHhUgf6uvtuzQNigxgK,sell,1.613897614,1270659.144434239,1270659.144434239,balance_delta
4f8GFd6WvAF2qmaKGgSKE8PaiZFQm81eMV9zKRSauUcVwPFEjfDhU9PBWcKJkZC5gDg1AkUsfS7sMfkuqrf9o9Yj,1786839872,H75xFpTZVYVzamJrPQHkbGqdWpq4zsZzUiW7L7U7GfQ8,sell,0.693502459,548743.283009921,548743.283009921,balance_delta
3HdZL1aXFLGyfJmTZtbo2og8rXB6NxKFYQd9C1iz5ttTtBbci4okEBXmk2BAKSN8WwHTFu254LBsNTZhEVVi9Cxo,1786839892,3KEdzpSYJ7sXfHKpVhSF2Qj6ZAjd3Q3dugFCZ4umWvkR,buy,0.005750252,3587.9045568332076,3587.9045568332076,balance_delta
moMRzi4JMFT76i4TXKjfDmfWcAXHSLCbVU8n4nVbdhyhpjtznTE5ckwSk8dYaUVUweycqkogxcYF3FV2XRV8WPU,1786839892,Act5xzJ7DhXrdNKbRw1yTzQUmT4hYtAPgFKTP5WzPBva,buy,0.008289028,3965.107664949,3965.107664949,balance_delta
m4CsVNbzSvAF3944VPrcfRVguATv82KTZcQkaZg6NB53QuKZXXKqFErZuPrrEgpp8G3VqPjgo2cCFYTEse7V1vj,1786839900,9Nc7QXztAZyyhrza7PMyBLL61YsL7NXbRRkHNcU3Vx7i,buy,5.06,3781046.4621315524,3781046.4621315524,balance_delta
27GSVutc8xToSJ7sVEVwWaCjakFLb4H5rk4ZfJCgcMdUX6c1ZE9A7A73i92j8chmjV9JJzRH6JWAfi1HKeR2snRW,1786839917,9Nc7QXztAZyyhrza7PMyBLL61YsL7NXbRRkHNcU3Vx7i,buy,3.04,2047131.4895562641,2047131.4895562641,balance_delta
3Pt51tLV3iXEsVZ44wyvgVd9x1YN1myVGwGxsrRiwUwNxiCsz8gQsW3k7q8TQSoxH3ohcRzFWgDC9J9U2ArAAuFs,1786839934,EiBxtACDSdF4zKNr4QoJd9bew4g6pdHiWFz21qs3K8WU,buy,0.10203928,66516.532635834,66516.532635834,balance_delta
5QmQRB3w3XCFxc8mwkuUKxbKJUeUVQv1b3JhxHb2tRzPWGhzuBzXobBuPEcGAdttQjywxKU7urS7nUCpRP68BEMA,1786839971,EiBxtACDSdF4zKNr4QoJd9bew4g6pdHiWFz21qs3K8WU,buy,0.09999999999999999,71152.534861776,71152.534861776,balance_delta
TkMvkbAMRwV3kuHnfcixjxdG4oyuDuhwqtHPfu3EBWiVNDTNovTByJaFAdE1YmaP9zLTjqLYLsHBxLTvK2eDEwb,1786839992,FDHKhuR28AQ9HbGnZmWR5JnVXdYDSCiWRFA5Pjtoapfj,buy,0.30128354599999996,221764.636493909,221764.636493909,balance_delta
4decLvWCh925vFMVVQ7DFFR3SAokoqMVTLgektSddwiGoD3rfoJrcYpPPCz99Co1HMythwQGChGoKzQs5Qxw5K77,1786839993,DoYfpDfAzzYReVKkjhN9uG82298gBABKQL9uRHt52h8P,buy,1.00303928,737548.460991335,737548.460991335,balance_delta
5mtxP7pXsrxknzURCVZFns7DCv2Enw3XfyYHdszcVZkMYidyNViekwnGiRTiNHQwrUwNvw6LbWnapWShY5WUJ6wb,1786840010,5Wy2s4wKGCMmA9j6on6saWZwZ6h8pbz6QMVBCSUixP2U,sell,3.9563317700000002,3201663.321046572,3201663.321046572,balance_delta
2wefS9ZHcZ5An6cxAcWSbQK4tTmRnHnMMUYHUpvJPiW1ZD2FJozRYfgt98YFZg5qNjTWNbHv3fyStit4qunxG1vY,1786840026,FDHKhuR28AQ9HbGnZmWR5JnVXdYDSCiWRFA5Pjtoapfj,buy,0.071468,55816.19466769602,55816.19466769602,balance_delta
67RT7RXwJKX3hfqbvPjpcZPTwjwPKk33zzpiWqGbrTC1FEmsdeCbsGktjCzUD5ykkZJBQCX9H65Btn5s9F5vjQ9b,1786840045,2AwjJTdTWCu6QjyZKvF6oVEd9TkQP1WYvVswFvDEySxn,sell,1.205477057,1005793.8090819293,1005793.8090819293,balance_delta
5wcrkDySGBHq9zRdSSjebgEPZi7TocpHWAPxLBoQqyoAKv421euWTjNGXSm74CZ5b98HWcP61TrTJpuYVk5GVX2C,1786840045,5kidNviTucvoHuFGuPQUikWokMxsLZMncGrS5gK9Cujs,sell,1.221026918,1014051.92876276,1014051.92876276,balance_delta
cx4Y7Dv8QC2BNkWnwye9KP2P5nxXq6UxkUpTU78qSnVA2ebEoKArth7wLqGchKmEvVZTnvTqTc4FVuNHd3RzbML,1786840045,DenZLNzBtE3L8T1kQFKh8oE7FCXBrdsM9xwCbsnKvdJq,sell,1.310882002,1082972.8092474397,1082972.8092474397,balance_delta
5STWuEV2GjeoDoVc2PjR2t5PDbwTHoTGj5cPC83kN36Pb47CLNcs7oUi6hhNfV8TpQ4uu6MMET7oj86f4csbY5m2,1786840045,Hedt6aVyFRvxpQJkrrqgZ3e3JxUNb7ufCVyYXMnHYYE4,sell,1.232231028,1032652.8483468108,1032652.8483468108,balance_delta
XhbnF4vpYhL2RuVfj5PcMhsqp1nFJERbWS9Ka2DEsTQtFFu4GLL44DK1sGCR851CS8NBej6SvNGcPfMW1k2g1xH,1786840046,777777UupVYr364fUHXwqBRMnNaVcpAw2z3uhFkspnNn,sell,1.09926438,926683.778290635,926683.778290635,balance_delta
4vBBzRybsc2qxsa6myJqo7ZkNynPgGMaXXrUiE2uNEzCnM5WF5JrdrM34tN7diSkG4nHevc6VwzibzfiBB3aJ9R2,1786840046,FatpigGT9U4fzPZPu94Q3WeZvCKqewjWJbZoQRBQWYyU,sell,1.113804962,931174.671953332,931174.671953332,balance_delta
5nYtK2ZSsFd6JGeGcMXLndAX89i5nCnzTy3unwvvY59Sq9tTh5c7Yi6UnzaNGpZHFpdYXG8cJPsoo9VwQedzcgFS,1786840046,HACKERamoyuTkkbuVnSWPNc5a5TDQH3U9vpp6zbrRKTe,sell,1.108123316,930287.726355462,930287.726355462,balance_delta
2UB52J4mt3huBNkJX1ztKjtLXZwme5PRqPVdEUHy5TjRcqdDcEdhbME8DzzfPqm8nbJoLTdYbhq9uMQ4wtDcTxkK,1786840058,DoYfpDfAzzYReVKkjhN9uG82298gBABKQL9uRHt52h8P,buy,2.00138,1802410.1720149438,1802410.1720149438,balance_delta
4FZuswEb983mEvzMkPP79eB9WnDQGNgY65yTjtBvmTsYyc9c8nVzzLu3Nn3cFQ6j17DiEvEtm5z4XCXAC2umxswr,1786840060,9Nc7QXztAZyyhrza7PMyBLL61YsL7NXbRRkHNcU3Vx7i,buy,1.3028000000000002,1157858.121296851,1157858.121296851,balance_delta
CugwdKdZwZ7N8gqmFq24tm8mmzANGTFhULegS5qEC5SAmPMcCLDEohGTgytfzdNUXA7xKyxFaMWNcDx2xk7jsyy,1786840063,EiBxtACDSdF4zKNr4QoJd9bew4g6pdHiWFz21qs3K8WU,buy,0.09999999999999999,90126.25751378099,90126.25751378099,balance_delta
2UFZUGtok8YTXtSzhkJBk7ZvWzfk41EBE1wXCDgxU6SfnEUkEA24hFsLLrK2xAuNa6rEo8EF1akTzcy81UheBQYd,1786840072,4wE2d6iZk4LnyxSCUdGDMuyEpGijzLMZYRv9F4Mops3,sell,0.232635436,216184.074679885,216184.074679885,balance_delta
J3NZRSvQa4E8iL8ioft3xyBoeeVS2ceVeeAPiwsHzXeq1JLuMGjotSZiuqzT6ud6nzPfMKg8APveomiS99LpsNt,1786840093,BtHnhjh8Ta2vGZkrL76AmXMur1ADo3tpRo2kQMe2BCSU,sell,3.629897466,3375774.549388824,3375774.549388824,balance_delta
4qjWY57hz57ij8XeBVubf6j85YqaHWQpmy8api7atf69ZQ4YcctKJxp89njw1Sw6QMVu6z2TEMjwuXVw9ajeELeU,1786840093,DNio5ketGczp2dsB3jJCm3XNsRETaAM87q3YVMPA5F9z,sell,3.658329253,3500463.594467994,3500463.594467994,balance_delta
55DeQBioGKgH7u6F9z5CLyZ114NXsqhm23rX8VYZrMY5tgPBJq4DvwUgrAkvEkKN8jvBsdE2Rc871JJepxjLnzwD,1786840093,E8B7Edi7khrojzqFgW4iJJ2Lii2jvv9B9kivkwpPfHeq,sell,3.5296870019999997,3329375.830577529,3329375.830577529,balance_delta
3NdiapyY3xmz7XTcStpCEgpvn6vT7HfQ2uTqdJfpr9kA2QNL7sj5PMxzpWvaspDwhA88eWKN1fS7kuwTwxoJsKKG,1786840107,3oFvZBPok8pbTakfe2ujRywJ7hRRzL4CNroCZ2JAv9NY,buy,0.25203928000000003,232350.511031863,232350.511031863,balance_delta
YSUGi2HkrWU8aNpJqdVRVR25EkAoLhi1TGrw79gxKkrAhW786wFdn5SxyA5n8TG9zGvWYszUVrrezgpVQeehKcf,1786840109,777777UupVYr364fUHXwqBRMnNaVcpAw2z3uhFkspnNn,buy,0.6676290100000001,616892.853229221,616892.853229221,balance_delta
css9upM7EEAM2wzrfdMew5aQMPshngCKVMF4sEKb3Mz5wQDmmxzuPKScY9qFR9qMr7iRKLGiVFfKeTvX4VpE3st,1786840109,FatpigGT9U4fzPZPu94Q3WeZvCKqewjWJbZoQRBQWYyU,buy,0.6676290100000001,615295.743399029,615295.743399029,balance_delta
3xEGs2LUY4PMCQ2tPGjyVv9Z3KK2bxDYNG9FePVmHc3tAZ4ziMigBSpHEJbmdEfR2jxwDBSLm8k2TxV5qorXWqWu,1786840109,HACKERamoyuTkkbuVnSWPNc5a5TDQH3U9vpp6zbrRKTe,buy,0.667629012,618496.192648266,618496.192648266,balance_delta
59KoEReqrEqAWzMm7EFR8nx5aBxqnYt9q2VVAbiX2Dyavdh99YmKpWouXKAYKevxJQwMZKXjQbeUNMaBJrMqURUP,1786840112,777777UupVYr364fUHXwqBRMnNaVcpAw2z3uhFkspnNn,buy,0.334297735,306257.542458561,306257.542458561,balance_delta
dP6vJZh8ccFDyqcPjzMVgsTTSbsqXkWABWDjRqZNf6tBDZmZYPFDeD6Lw2hVEQEATYVkxdjfLFncRfPSfkc5AY8,1786840112,FatpigGT9U4fzPZPu94Q3WeZvCKqewjWJbZoQRBQWYyU,buy,0.334297735,306653.72867569095,306653.72867569095,balance_delta
5uyFerEpxtgyjENwjWq45bgjiAt8nZEzCdwpqHGupGg5KnrQjGXDYCvquzFai3oFuvfM6WTTUvVX9YSTWzXuFBRz,1786840112,HACKERamoyuTkkbuVnSWPNc5a5TDQH3U9vpp6zbrRKTe,buy,0.334297736,307050.68444314506,307050.68444314506,balance_delta
3sQi43XFGeSMvMVs8VZkrUx8twWLaway5zUrkuJpJv7zyVfqLSZQnfMSuz71fsX61iH7kbScLHpFchG2xKkcDc1g,1786840140,777777UupVYr364fUHXwqBRMnNaVcpAw2z3uhFkspnNn,sell,0.969261138,923150.395687782,923150.395687782,balance_delta
45gW2vVk8MHPvRGfzaP1xKnVCSxT5XtCnU6XncndiZN2hHfU21GSJ4NyZT9vwMrH8U63F4BBYgGPyuJ4yLoKSnAV,1786840140,FatpigGT9U4fzPZPu94Q3WeZvCKqewjWJbZoQRBQWYyU,sell,0.975541628,921949.47207472,921949.47207472,balance_delta
4NDLLm7q9fhktzQzYwxYVcJxeduiuN3rndbVoMJLDsvYQ6tu6qfz83SwR8hDTHZoebBfYeSEEELhdq76sLP5KdQw,1786840140,HACKERamoyuTkkbuVnSWPNc5a5TDQH3U9vpp6zbrRKTe,sell,0.975555516,925546.877091411,925546.877091411,balance_delta
DrDSpk29MkA5WJe3ehN1qmz4LYKHmtG1wKehULWCTrswvMe5BRFW4sshyUiVPb2Bcuac44RoF5W7JTcFf2aSmfW,1786840149,DoYfpDfAzzYReVKkjhN9uG82298gBABKQL9uRHt52h8P,buy,1.676172727,1552103.1972398711,1552103.1972398711,balance_delta
4VoWDKXzwGnCzVARwKXBDfVp228dAjED3fdTPGE9zTdoFW3nKsAXLJjrWddm8qRE5spaP3osBUq4Ns3NMGtAncT6,1786840157,3oFvZBPok8pbTakfe2ujRywJ7hRRzL4CNroCZ2JAv9NY,buy,0.24,221277.50040909898,221277.50040909898,balance_delta
JEZccbGTqga99PGXmS5P9vWvztQreMFzWTahN5J2wv5Uxs1Bhgjb9BWkcpdhu5Cy1m7i9y8JgDQX5ZcTTvFRxqg,1786840161,Aj6mFhvswf5fJgX1kJVLXuW5UN6iDDWrm4KdGaEZXLQX,buy,0.18703928,170836.051903064,170836.051903064,balance_delta
35N4g4dChMJkPbSSVH4W3J3d6B1jCyXaiLx3KG8hA6tqmvSUTZ3GkyVsi4JNrNZmBSzmePgXLpJ4Y7J65T8U8xfB,1786840166,41v6px7eUmd1Cd2YjzGS1SweKG7FJ7Ds3XsoF42nEucb,buy,0.11053928,92592.103390058,92592.103390058,balance_delta
4pXW8iyNb3BiNvJnKCrCH3jwQDiARnK5GsaoSbXmUWJuXWAJ3k2mGxuqawAtdBeFcA27pFPeBDab2nNqsjjZBySh,1786840170,9Nc7QXztAZyyhrza7PMyBLL61YsL7NXbRRkHNcU3Vx7i,buy,1.02,923934.7380092703,923934.7380092703,balance_delta
r4NX64rs25yEB5H4N6dt7fbkLHqzWsAp9r1cVeedyN4KAvQ4qwEwqewvojSNBrnirieLW7zkNx2pCT2XSMT9Zbw,1786840213,46GgdrYrbGmy6edQpU2fsAhg1TjEhvt4voJEjofggDqv,buy,0.5994108499999999,550213.048921433,550213.048921433,balance_delta
4a43sveL4KNYV9YCPn5tZhr1DgcXh8NSbWFxTYsXnfanYZDRzGaPzgMfj21iy5TNg5aT3hLLVX7msScGCiwH2erF,1786840294,CypyYaGszgtj77VMXJBvp4vWu9jn9mRCbv1JMrXuGZft,sell,2.414201247,2195331.404415309,2195331.404415309,balance_delta
5XXaQdiUwKHrY2uQ3tsCf4MHV6q776Gs8mGtfuuSgXr14nxUdp8SwuMiAqkyzxcjQWBXxiUMvdH1dhUpqZKobKcZ,1786840294,CypyYaGszgtj77VMXJBvp4vWu9jn9mRCbv1JMrXuGZft,sell,2.370088521,2195331.40441531,2195331.40441531,balance_delta
4WBwqgn72XfqHYt3VjdYW5EkEwXvkKfYBVoVoePLFnVSmaixs5wVdKvF6aY8TGTUMNseW88ixS4ofWdCPBphJadu,1786840294,D57d6AUh7sdQuvXUmNeJwojL29b14uhA4hRqRdiKTvbf,sell,2.357406872,2123925.6399602434,2123925.6399602434,balance_delta
2TBkZai3ZP1vuBEevx9f6L24P1qK8DshurdCCEf6qXLSqs4xascWSypn1D4NUqnShbxRfxvYPdsJJj2SMc4yDpQr,1786840294,D57d6AUh7sdQuvXUmNeJwojL29b14uhA4hRqRdiKTvbf,sell,2.314133402,2123925.639960245,2123925.639960245,balance_delta
2ghWm32D23AkqbWoFDrLEiUmCnUQ1EWrhnwHRLQnHnMDyJckJDwMRrr6eh33tUeHNqp5LUHTphgvSgUAtGQnGobL,1786840364,G5ZJocbhs3Z86s1bSQpVhJNKGLzSHrEXuZg93WE4GEXa,sell,13.046333428,12337039.234469095,12337039.234469095,balance_delta
25Uc2Uozcn3zziSFsZqTCBsJNF8pGMiWJPcnQMUvd1FaLfmEFYJbQH2DByRF247NRb1MteFxNyTaJwsk4V5JLgGW,1786840368,9Nc7QXztAZyyhrza7PMyBLL61YsL7NXbRRkHNcU3Vx7i,buy,1.3028000000000002,1220469.4964407105,1220469.4964407105,balance_delta
4rprNytSSSXLvjEV9KvFiBobHgMTg5pbYXpTzrdS4ySPxjC5yhUhZ3R6kvkNQCLRfU15mJ2RDNMXURauiB6PuroW,1786840391,EiBxtACDSdF4zKNr4QoJd9bew4g6pdHiWFz21qs3K8WU,sell,0.237849278,227795.325011391,227795.325011391,balance_delta
ZfanbNyx91FY3VagsqPJYrndojsVMAfj4dsFSE3d1sL5P7sdFUXwUpSG6wNPbyrCRmaPqdqYCFbWcWcPHoe1gRH,1786840442,2AwjJTdTWCu6QjyZKvF6oVEd9TkQP1WYvVswFvDEySxn,sell,2.971068293,3017381.427245788,3017381.427245788,balance_delta
36BDxBzDvypP4QE49tddESe82rAfzwqeY11Kz834mmbJ37MzPyvteMVHtCXVN1Ub36D3iio6vpJXEW6Pa5czJGrs,1786840442,5kidNviTucvoHuFGuPQUikWokMxsLZMncGrS5gK9Cujs,sell,2.922312353,3042155.786288281,3042155.786288281,balance_delta
2Pm1cwAYRm9G63Dungq2drccPzWBS5C4Vg9uS2kVoQUV4RT9eGb7EDA4AUkWMaoQPKzBwPWu5kff2nnEfZW9AC7K,1786840442,DenZLNzBtE3L8T1kQFKh8oE7FCXBrdsM9xwCbsnKvdJq,sell,3.082173866,3248918.42774232,3248918.42774232,balance_delta
3hRMKh28Rx85L7PHrbfoHb2mcP7fiZBKPX5Reu9zMvAAfw2dcR2UaJqmAa6H9D2VLeXPgbAfJiqYVn14qdC9wkYd,1786840442,Hedt6aVyFRvxpQJkrrqgZ3e3JxUNb7ufCVyYXMnHYYE4,sell,3.012977728,3097958.545040434,3097958.545040434,balance_delta
5o5REu7JBPhQLUwwL5USFuEmYsz6mgckKvcD9CrKXB4acGUKy6NaaTA1ntC7di3wprXDGvXQjrTYdaumPFmrwfrV,1786840452,CJgBunSv2nagagWqBuPtQmrsPmPajewsZjvGyZhpNSzb,buy,2.01162178,2059137.289557744,2059137.289557744,balance_delta
5uaADVXYfEm8YHxNnc4Q22UXPGWQqZ3yMryXeuDYVJ8ypS3Qdfc6B7m2kimzbChvjJsfZaJeTs3cpsMLY9JAe9Br,1786840505,D4jxiBiEmELbBtycKWqE7127RYKXrdRxKCU3SjWiQtC4,buy,1.3917124449999998,1407766.175647241,1407766.175647241,balance_delta
4BF97ZZSVyH95PKBp2fxegJzytjMmVToWMcaXBDS8rQ42rpG8XCxXPoP9DL8BeAnsZir1F7NNo48xaFckYyTGNpq,1786840505,FMX8cSCPyFo4qTHTxuU1hYrWRXNU3NsTqxcL55jwR81f,buy,1.3566237989999999,1364551.836510756,1364551.836510756,balance_delta
27bZBS8zUvYwZbs2TTY8hKYPHBDJijXthbww6cnZquaGcqyj4PsqHjhnnkGAEvgDRZYnx4aSPYhva5Vf37r3eMUE,1786840505,HoN94isvJN9KenCbtSPbc1uGHXsb1S4HXZnb982dwYtt,buy,1.26259635,1283727.610895687,1283727.610895687,balance_delta
5ib8T5b6GCiWgEyL9CVkw4XnwaX6yCa1i75uAMvrcf6PHQjNPhxsZtWipJHdBfA2sZGT2V7MZTntauKV9zu7jk2Q,1786840512,EiBxtACDSdF4zKNr4QoJd9bew4g6pdHiWFz21qs3K8WU,buy,0.1,101471.902175513,101471.902175513,balance_delta
YJ5Gr15ozN9L3fjei35Ru9giVV5VKjqqHsMBRYS436xt9rJPLh3dCZcMEL4rhuR7eHJ4Q7nzB2qRtMdjfZgLKCR,1786840513,JHCa7HtNnk4UhenAr8znYWSRsQQ9c4FNsNXhRnsBBJX,buy,0.003441767,1406.111112048,1406.111112048,balance_delta
5M9c8oyH7KJWba8ekr2XDqdkq9FC7QYf4zVNr1nzpWprjogka6kxchgbfGUx7a1QGWV4PpbpkFpYqWiLb4vXUvox,1786840515,EiBxtACDSdF4zKNr4QoJd9bew4g6pdHiWFz21qs3K8WU,buy,0.09999999999999999,101429.81350258402,101429.81350258402,balance_delta
aLB3rHTusnYeShsS4MRHF9DEHbugQ2ejnTFFKpVL9aWizfrGuEiTLLDZJd6yi5rUCPJLuQiFqNKz6u5aALMwN4P,1786840521,DwKefQ1wxD5FtKsAkhM1fVWEmCmjFJix3qABHdjhHyBt,buy,0.04213928,40194.923669248,40194.923669248,balance_delta
2cLVXAjhKHqZ3eDzax9XG5T3Yire9p5rbA2d28yPKJZtDHUE9AGh4D62g2z14hG68GP43hk9XebPiyx8MbADQY6C,1786840537,3oFvZBPok8pbTakfe2ujRywJ7hRRzL4CNroCZ2JAv9NY,buy,0.025,25083.708232702047,25083.708232702047,balance_delta
5wseD5FaBtbWj7pz6zMB6txouuKVVVZCxMLNDqfMXeSiwTWpv9AosxmRsgxaSV5MhLQUaLZYeYNhvNizXU8g3nu6,1786840596,ALvMeHkXBs2q6ZxcCjQHcu2FTnsFgs9bM73NfeuotAAo,sell,0.100072701,104610.30611735901,104610.30611735901,balance_delta
5wx3HJdMYxcKzNhvCYTPwnoYtnBicUr8DnbN8oy3A5Gcj34bWmWxVWWPwaSALsvfwnuiJJaYDUcvFMnayzgUWiZp,1786840623,ALvMeHkXBs2q6ZxcCjQHcu2FTnsFgs9bM73NfeuotAAo,sell,0.10087469,104610.30611736,104610.30611736,balance_delta
KT1RSqDD3u6A6h74gdSXkkJq1Jhvr8UyUccqBej7BSnW2pJfGqEpz4QxpjgZ6qvVJXr61ZfPKYmYfG1Ldfyi1Sv,1786840704,CT9aXA7b5enTJcfELaE6mqXWAKWdu7jjUdTJXUoTzScg,buy,2.382767233,2396943.7622204,2396943.7622204,balance_delta
3qyE7zN1pG1SUaKJKxJPozsEGoC1dw4YghHyHh7nJTUrZ2UxK234dq7QZh8PV578sy1WNZiXQeUrigZADaa1TqZU,1786840713,GXp177AWFe943QKiBgMYeUqUQipPFPVkzfnt9ocuhoHc,buy,0.28800169400000003,284917.061723806,284917.061723806,balance_delta
3dYsRg3YrbBMD4mduWCF6CL47ua9PdsncfRmxiSHRGQq4rPqC2MGJTu9tBLH36Hs3vv7qus1GVat31cS1PSjYV7g,1786840716,9Nc7QXztAZyyhrza7PMyBLL61YsL7NXbRRkHNcU3Vx7i,buy,2.03,1993445.5704850126,1993445.5704850126,balance_delta
4ojfhP3bixDSFkkvQA9PzMzCK9ZkRZoUN8bpAcmvanAkQHHhhBfeoYDUwEUDXSDZSUvxCFcH1Atq1soj8Kcgn5hB,1786840990,UxDh5iCXxKKfdKeeXptm7PN7YmHb1r53H4fi9WzhFbT,sell,0.099168463,103129.85982941999,103129.85982941999,balance_delta
2jyAUSLNwtaRoR5jFAk8YjBUzdDLhvqAhwDJVKTj4cPUWUwMWvRDPuAcd1yWKLE7hupKDm1B9XckJiVt2JCTuCmZ,1786840991,UxDh5iCXxKKfdKeeXptm7PN7YmHb1r53H4fi9WzhFbT,sell,0.073598236,77347.39487206502,77347.39487206502,balance_delta
2t6NYBvmb19zN3JY4ZiVVeffz3BPbXaRHsrfsDisy1G7o1oYLenLCk2PSaL4yd1KofPX6Wrv4uK3NBQZhbQY9ZVb,1786841150,46GgdrYrbGmy6edQpU2fsAhg1TjEhvt4voJEjofggDqv,sell,0.547081511,550213.048921433,550213.048921433,balance_delta
4sGZX4q966THEZ3jTD1GNPd9ryEsCY7xYKRNrAajePejhxPzRvUr6Yuv4CU42aT9SE9XdJxfkPy5e9XHaysnNXm6,1786841343,3oFvZBPok8pbTakfe2ujRywJ7hRRzL4CNroCZ2JAv9NY,sell,0.477220799,478711.719673664,478711.719673664,balance_delta
eFEvPbaU3f2oRQbdW4cS9vUzgBzze9JvrXjyBaTgXUdto9mxFVqehxc7CtRmfCLRY2qSXuJ5K5RxPQLJSndxF2P,1786841440,2BKqXUifh1GJ2C9eWYGy4tZNdUtWhewUpMpfkizfgVT1,sell,0.027972321999999997,25143.155034703,25143.155034703,balance_delta
3bry6P7KFdXoQZoZV8e1j382svsidNwhFRCRzFpbv6Bb3an5cdHQMFn4Ty3UQxkFBAtaUmw1A7AtDdE27tXN4JiJ,1786841440,qBeNBdXyMMPwauRBG2by1WVo3Y5uv7RteKGE25yjKW2,sell,5.846439884,5683750.379800254,5683750.379800254,balance_delta
49WJA1A2M6eVjU9fS3bWzx3gb46nr8wnj1kdfJUqbnE3PRAnyrvBvaYwYGVoE6EP9g87jygPDB3tkuevV4Bwuf1h,1786841453,2pcAKwP8tGgCMfNVKX5iaUyPq1G5tqB149QFZjarEz6E,sell,0.548407977,542209.473419834,542209.473419834,balance_delta
oBLXZUCrVXgeA4UKMiAJfyhbAyBTU13bkeEKSUwSyKojMabVkLTe4aVkWeqnXvtYdPyr2SDyVPhrdJSgdkh7a7q,1786841489,FDHKhuR28AQ9HbGnZmWR5JnVXdYDSCiWRFA5Pjtoapfj,sell,0.397778515,396592.878970851,396592.878970851,balance_delta
5GMNrP1CkwZnYqAh1Gxy9hpRDNKVBYA1Xp5Yx8nwc3kApANhUjccKXH52NCiWRWjbxKDbkbkaqoBNcwshGgn1h7M,1786841504,EiBxtACDSdF4zKNr4QoJd9bew4g6pdHiWFz21qs3K8WU,sell,0.204172037,202901.715678097,202901.715678097,balance_delta
ZjFd1P1vUrQ6Dr5MWBKUKV3R1FyP37zvxWWGZxKd6XW3gbzug1utW5bC33U8RetwF2zYzosSAYCYyS36VsaBWt1,1786841580,Bc2FpV584T1bKBp21xP2xzUH3tATBCvL85Y3ffubG6Yo,buy,3.002052503,2921706.461133167,2921706.461133167,balance_delta
6A8V6fuiTDrEuMSUgVLuCXU2Lfor4UHG3p1ASjKBT5KPgLsB74vn3NqqjXwQQ3xTUWgeTgq3Mz8NP9LqhnXC39s,1786841644,3ASntbRgYbkCsxeFZDN4vEiWZcBemnMAGYRyrJ73rGVJ,buy,1.0130392799999999,975796.497839141,975796.497839141,balance_delta
3SP6ZHityx4YaCAvyZhefhZ6jfyWqN28BztWVHG7bH6Yrh9NEXewjpAcdqSXZRYzG1fNH5AyLc88ErK8oykrkf1B,1786841671,rAHF9X8b6JfP5DvM3b1RhuJVco1NZ9RHsxJvdSVWixf,buy,2.9020508539999996,2784087.120354009,2784087.120354009,balance_delta
2ADfyxEa9Y9yYohtG4pa9SQjbpwQKb2DcvwmxzftnTt8GCsVrWDCr5ku7NW6TpRRTE1qKiB4NJ8P8yTcnhWgCyBU,1786841800,CT9aXA7b5enTJcfELaE6mqXWAKWdu7jjUdTJXUoTzScg,sell,2.479217655,2396943.7622204,2396943.7622204,balance_delta
2Qbg183EMp7Q5t5ukgFdjQWSi9zsh5zPVtipBsrY4p9UALxWJhdHpz6AVgDaeuzP9kY5Lj8FeLgRUEDizXGcoN2M,1786841848,vPczFpjUEeMfYTtPkwqNYdJXvFBB1dDVBUA4sbMocQe,sell,0.040526508999999995,39419.019285005,39419.019285005,balance_delta
2h5TPvGtXw2ewKbQRLKwxvGFa2t9pp9o5C4oucaE4UmuLkAT84e96rCQH3MVU5YrJ85t4eeTDtLJEc2BeGjEp1dq,1786841952,CT3qzY7HBP72LuNPA7qNGX6msmtUwM2y6RvwQ7W5JXJN,buy,9.00203928,8506798.202759271,8506798.202759271,balance_delta
2565vewMAdZjdXNVjpRmyXxympyh9qdsKpfMvrc1Au413iEXe7WDyJ8cTsfNPnHyRHx1xAQ5c5qFiaxVeMjSWrwF,1786841956,3T4di8HBeLujDhS5hhhA79PBFBYkVCAfJP4qGLf8FdFw,buy,0.578125,524364.881648884,524364.881648884,balance_delta
3bp3z7dzLKtEpgD3gedTsJ6MrQajEZkytn1gNzmqWUHqHDUM8zFK3s6ySQqb9XH5PfMp2yDmreg8gvbFmCPo8A2N,1786841956,4E5zARdejTv2nK8gBKoRQbMDHUnnqZczqiDkA1TqtRp6,buy,0.451875,407040.197559722,407040.197559722,balance_delta
2mweS3pdm9nF63ACjeViGoyhHcEswSSwjteZsKnYXZJdfsEJ3a4cHbuGYahyVySgsn4dXzhEBqvYpMKdnhZ3btuZ,1786842071,FfXHYjcpLxqbCVEx5AFT7Ym95pgBFLiKgoH3bJq75TqZ,buy,3.716012317,3407601.413830939,3407601.413830939,balance_delta
vNQ98qKhPbUqhgLxaxd7VUHpfwLLEJz1CXavXgSEGLvJNaTUDsQ8G5Nqk9icrKNEGaiUKS5aSukSeisZtaCYZxk,1786842071,FfXHYjcpLxqbCVEx5AFT7Ym95pgBFLiKgoH3bJq75TqZ,buy,3.954278516,3361137.666584888,3361137.666584888,balance_delta
4GVWfsTVnm6PZThBv9Ax1kzFBLWSmombUMnv1L5QP4QtV5DPvoQWsPKhBC9VsHvc6tVtTVXEgQ1Vbh9qVRt67GN5,1786842072,777777UupVYr364fUHXwqBRMnNaVcpAw2z3uhFkspnNn,buy,1.000853663,789267.431879651,789267.431879651,balance_delta
tSdQANKoNembREgq5FH2rvPQsc66gokc5pRS2apHKwgJj5JHhWyBRArnHn3VA9i43kNTQCJ6VP5rFg8ojZKdkWm,1786842072,FatpigGT9U4fzPZPu94Q3WeZvCKqewjWJbZoQRBQWYyU,buy,1.000853663,792110.318564528,792110.318564528,balance_delta
3uM1prufyxwjVXwyg2hzDRwXKHS1cvbQ9fREcBs5XjYESqvz19AEbnJ5J9s15koWbe1fBWZMzs1jtJFMgRLs25yY,1786842072,HACKERamoyuTkkbuVnSWPNc5a5TDQH3U9vpp6zbrRKTe,buy,1.000853663,794968.598206218,794968.598206218,balance_delta
5yecPfYGVfazNMLseVFgoJe6HR4uHbZaKnzfcjH6vLpSx6qtFqxWavV9j4cd51ug21GXjPh4HnW665HTtZbTrWyu,1786842075,777777UupVYr364fUHXwqBRMnNaVcpAw2z3uhFkspnNn,sell,0.967425773,789267.431879651,789267.431879651,balance_delta
3wVJoLfVdLp9B5fBh1E1pgLbY9zqtucTAaicMzWxv4FTM2Wd74iMLXNMFKmyQ8VGMp2NcoByhtPns3UhC4Z7kjpf,1786842075,FatpigGT9U4fzPZPu94Q3WeZvCKqewjWJbZoQRBQWYyU,sell,0.977921022,792110.318564528,792110.318564528,balance_delta
64sixpyH9nMHH1LMFdkW2U1rW2PvfsjPsQaFpftU8noF8pRG1CKRHQv1dFB3aSRwQstMmyhNcAoeQLsKdToG2MDf,1786842075,HACKERamoyuTkkbuVnSWPNc5a5TDQH3U9vpp6zbrRKTe,sell,0.977923529,794968.598206218,794968.598206218,balance_delta
44ro1TKvksFjGhoy1CQSRANDsQjrv7MgF2Wk5rduYBHfs3jBPA5jY4w5e9j1fC35N9HHmGizA9heSWb5sxjvdYfb,1786842097,DwKefQ1wxD5FtKsAkhM1fVWEmCmjFJix3qABHdjhHyBt,sell,0.049117055,40194.923669248,40194.923669248,balance_delta
3QcnKSNCkPcsUogrHJRvZP6r6mVjYVTGDHjAYfnap5q6jiQfptbhv3Lz5bXFjXUySoYBnJ756TMek6vF6iApMHQg,1786842144,2DCW6PvdpXwscZVanFmDLB7svT2STkUj2SuXSMR6C29g,sell,5.422821896,4469037.208418345,4469037.208418345,balance_delta
3DeEA12CqvgxPVPy14a14pd5WbWxY7vJjt7eWXcT24G49UZGWg6fgde22uHxqBWKMXDzxe4FMYE3Z1UKNQ5RxpjH,1786842329,6DqwStHBhuxWGutooviZUgVDhT3F4Dy5pAiP2YErRCEe,buy,0.20303928,161309.051255175,161309.051255175,balance_delta
xjv3Ut1ZfBdoK2d4PN3b27rRxiczwARGcPf4wRwf7grozzWhyhaHWMvwk7zNzW5uAwRxwY4S3avGpUqsoihUWh6,1786842395,6DqwStHBhuxWGutooviZUgVDhT3F4Dy5pAiP2YErRCEe,buy,1.5010000000000001,1193896.818787673,1193896.818787673,balance_delta
f9J88b8Vui1g57ZEpa6oL7UDwaGQN5Nu5PvExDNMy5F94xg2F8o9X4qz3aMe2SaWgGxQVozVfhGz5LCjvjJJB7L,1786842623,3T4di8HBeLujDhS5hhhA79PBFBYkVCAfJP4qGLf8FdFw,sell,1.8360880899999998,1523103.420000408,1523103.420000408,balance_delta
5pbi8MqNYiwQDPvTe8MkH6Limhxs459TUctKHp5LyT3UpGcNkRdB9euGUA2rDR8MdNSQg4JB6pcrm18PvbgpC89y,1786842623,4E5zARdejTv2nK8gBKoRQbMDHUnnqZczqiDkA1TqtRp6,sell,1.430094687,1180867.674526358,1180867.674526358,balance_delta
3ag7B5KHP7harq2EdkEpa7SxTzzkSVHGZM5sR14dHRRVx7D6zuqdf8ZoiGuMX1SnMUQtvGvp7NmxmYmbVWmtoXtT,1786842669,6DqwStHBhuxWGutooviZUgVDhT3F4Dy5pAiP2YErRCEe,buy,0.041,32353.281507034088,32353.281507034088,balance_delta
YeKS6WwM1fTVD1zvYKEdEZBXKoxNzFk8cnGVuBu4F6iLp7tjgHV4BMKvPJrzsx6mzPG2yYyQ6woA1JQdpqvZ8Nt,1786842699,D4jxiBiEmELbBtycKWqE7127RYKXrdRxKCU3SjWiQtC4,sell,2.0078293449999998,1698087.016848488,1698087.016848488,balance_delta
3roSm8TQk9jsCcUZbX7UPRBDDVRFexRxFzuQD2Th1XafrTXNiGD2yZiuArZefa2ErFvqvecQGFDE51m8ef1D14pu,1786842699,FMX8cSCPyFo4qTHTxuU1hYrWRXNU3NsTqxcL55jwR81f,sell,1.993089522,1661943.7238949873,1661943.7238949873,balance_delta
3SVmEV9HMFJwdjyCe4qGCbRJcPwNMxqGYvjWjpDrCFq1g4V87rN2wJPTctozEHiKRZ1aNP3xmnx5pwWXYW5T8EQA,1786842699,HoN94isvJN9KenCbtSPbc1uGHXsb1S4HXZnb982dwYtt,sell,1.77910659,1494277.866377626,1494277.866377626,balance_delta
3tVSQArCkD8GbrraWCqqXm3piUvrBMGLdkjZfhAR1kTPmvpLc1FbNJYMNtm6ZRi6x3bjY3TVEj6AHV9C8Bp2f5u,1786842701,D4jxiBiEmELbBtycKWqE7127RYKXrdRxKCU3SjWiQtC4,sell,1.087857678,933947.859266669,933947.859266669,balance_delta
hkAeqf3hyBSE5uSHiZQqZypJ5Yot1hiwjYgt9ckzT9JbU1KYqCatLEUrsmKY2mWzckYeQSJf27XBkUmsEVs1bLM,1786842701,FMX8cSCPyFo4qTHTxuU1hYrWRXNU3NsTqxcL55jwR81f,sell,1.069003259,914069.048142243,914069.048142243,balance_delta
4yqdyio5UwP7Cbgo7cE5S16rp6b26qLxq8vn9yUaBjZXcdEr7T1AzU8eVxH41eU9m6w4yvgMukFLTspbeQpcPJC,1786842701,HoN94isvJN9KenCbtSPbc1uGHXsb1S4HXZnb982dwYtt,sell,0.964543216,821852.8265076949,821852.8265076949,balance_delta
3AvTi7qfoo84AbZbjLrnMjhn1JMcjonuKknfu755ATzKGxUzH5uALNUYS8moM12JCGVvfuipW6JcEdrFDPRUoS68,1786842702,D4jxiBiEmELbBtycKWqE7127RYKXrdRxKCU3SjWiQtC4,sell,1.31191519,1141491.827992596,1141491.827992596,balance_delta
4VyiTQR4kUVUtHmiPGoShvQ2C5zXo5zA39fxdfbY8siASFzxP44nK2gMsZvNhnwR9XcDsBhHz4ZdJfBMLeciYFPA,1786842702,FMX8cSCPyFo4qTHTxuU1hYrWRXNU3NsTqxcL55jwR81f,sell,1.290318717,1117195.503284965,1117195.503284965,balance_delta
qXj5cXRbzpX6JLYHP6Fj5LQEYN1YZX353XgYKWRGQjM3zojmzDnY3L4xMPXvtjyn6hmGiR9RFWYj7gCwonqcyqn,1786842702,HoN94isvJN9KenCbtSPbc1uGHXsb1S4HXZnb982dwYtt,sell,1.165260032,1004486.78795385,1004486.78795385,balance_delta
3dwtNejdgahyfUsWYX2Q75o7kyXsMR4DVRSaQ7uUMx7Q8xXooyjvGyCnt5rnTQtomCcfNpE8XRfVBac19sDJhZ6V,1786842783,Act5xzJ7DhXrdNKbRw1yTzQUmT4hYtAPgFKTP5WzPBva,buy,0.5,429012.835502052,429012.835502052,balance_delta
4JdpbvgsD3LLRxVwLKv43LsA2mY6Bq3UmGJm24H1zaYR1ndjSTB1yvhATCNahX8CPf1TsGgf18gd9smzEXFwr77D,1786842783,Act5xzJ7DhXrdNKbRw1yTzQUmT4hYtAPgFKTP5WzPBva,buy,0.5,428210.6052318,428210.6052318,balance_delta
vZgFpPbZn9x9QxL7QT3fNRrqfdP4xsK9pX342kMVz5bXQ2j5ZHwCRUAQwdoLn4p1DMAJiqSYhEPxbeXRK2URQYr,1786843288,DoYfpDfAzzYReVKkjhN9uG82298gBABKQL9uRHt52h8P,sell,4.63005527,4092061.83024615,4092061.83024615,balance_delta
4diq5L4RpoJwNS5N2DfFfjKFENzASCg2NpXFFdaeNu9gVbof7nZWPx9jzmC935ijbBX9QRFJREfEEQGpvTLgv1nw,1786843305,5e96SkPWmHz9cizDSqoqVahvf6QQjRS9xdJA7ueYuvD1,sell,2.602828118,2331921.801446204,2331921.801446204,balance_delta
hWR4YpyrFCf8Rk6o1nDJQNV5qti4fwEjGLQ391jygt6NNXfNLTJvT1qcXf5XCDBPrqhNmh4qmw3Gx8M2mLSmhWD,1786843601,6DqwStHBhuxWGutooviZUgVDhT3F4Dy5pAiP2YErRCEe,buy,0.041,35076.79999254388,35076.79999254388,balance_delta
2bhCk41ex9uT4hYfsvgVAzM1ohytJDYppirR2aDSTuUWBvmkkcQLX162ZJj1fdDnJZmQ2GqRcdGZatG54updDRMV,1786843678,DoYfpDfAzzYReVKkjhN9uG82298gBABKQL9uRHt52h8P,buy,2.501717993,2091108.567536055,2091108.567536055,balance_delta
xUmxNX9pWqaSMBHzBzCaKim5sizkKWmsm3ue3UQWS93qF2AdtP9A4mUhNNchkbaLTRpekaG9zYiJUYofoL5F44R,1786844054,3o7YPX68tAMJdYH6CeqNpvcNe9ZGcgFzBzVsoUQZgSbo,sell,0.262586417,221541.017331012,221541.017331012,balance_delta
5hSWSHGGJbCmuQ2vMGy8fADtcYnNRawfXb7PMbFyvWfFqWxwf9Vg6dpj6ihE6NW2x7hgbJF97Gm8A8oqZ8pFBoP7,1786844658,UGfQVLpznwXaXCPfobLzVECmZuF9WSj1cmGKry11piL,sell,3.84734964,3289902.28298112,3289902.28298112,balance_delta
3KdgXA9maxfRJG4551sqfAkYPv2ZwZogqowhBQGk5BGcjtoiMF1UBFbjruPAXk9VwcFxtTzB4puRrWB4F4RbZ7rq,1786844993,DwKefQ1wxD5FtKsAkhM1fVWEmCmjFJix3qABHdjhHyBt,buy,0.052139279999999996,44142.291035703,44142.291035703,balance_delta
FUJJs7i2zgYLTmtVzMcAyhzMntPJzKCth4HBqTeW2Sk7Ub3Mz1tQhkV53gk6p7nRSsVfmY6DVHmg4q5e8ji38jZ,1786845004,6DqwStHBhuxWGutooviZUgVDhT3F4Dy5pAiP2YErRCEe,sell,0.78361146,711317.975771213,711317.975771213,balance_delta
QbJQ3pPWcAYYDgUZD9ZdnCa7Ja3i4CkH9NdJtEcPGi27vbULgeEcatZ6Dc5GdRDkTGJdbhBRHQUh5BrybpgnHeC,1786845028,3ASntbRgYbkCsxeFZDN4vEiWZcBemnMAGYRyrJ73rGVJ,sell,1.074457508,975796.497839141,975796.497839141,balance_delta
4zyT3LNH95zehuNXiHFu4P3F8DzVqV3ob7eghdZRVNaRF5c1QYyzcCnpC23Pj8mZK5AHSFQ3ba34G2phe3Kb9UjP,1786845173,DoYfpDfAzzYReVKkjhN9uG82298gBABKQL9uRHt52h8P,sell,2.2837497620000002,2091108.567536055,2091108.567536055,balance_delta
5Q51SR7dABhiy3Ni99b5HEJkKYv3H7eisNmZsBhiHoPerCQyHL7Zy5s2hdrBmukc6AyEwfUXZ55pKsWKYHamKE7p,1786845279,6DqwStHBhuxWGutooviZUgVDhT3F4Dy5pAiP2YErRCEe,sell,0.771810423,711317.975771213,711317.975771213,balance_delta
5atZA3G9ZAYzyhYbwmpoBpDHDW4r6aygztv6yircHawKp8U94Xye26c7viisKWbCy6bQJiKC9LVXwgJT66oFmHj4,1786845350,3o7YPX68tAMJdYH6CeqNpvcNe9ZGcgFzBzVsoUQZgSbo,buy,0.1025,90787.482627273,90787.482627273,balance_delta
2Aw47ffQ1bXi8k4FPha9qZNK3HQmsLHpd1361y2jSYYBuoVkkLRtBaGQKbgvRJQTydtzgh2p57KZgTp8BSP4bNtC,1786845404,2DCW6PvdpXwscZVanFmDLB7svT2STkUj2SuXSMR6C29g,sell,3.610706603,3351777.9063137583,3351777.9063137583,balance_delta
12448sj7zixkr6kqbUa9RNfCFXvvob3ZoFyg7z89VdwrvzdMAQttoyTqEpHZ6mSDDbtC9uDskM5UHSaarXqT1kBU,1786845461,Aj6mFhvswf5fJgX1kJVLXuW5UN6iDDWrm4KdGaEZXLQX,sell,0.18363680300000002,170836.051903064,170836.051903064,balance_delta
3bToPQXQEawQq9RreRu94NV9QdnPu4NLeR3hqqHBdhNwwZ92K6Ko4R4EPzVNHhFYKQ69MefhkcGRt46LbTEaf7W,1786845531,2DCW6PvdpXwscZVanFmDLB7svT2STkUj2SuXSMR6C29g,sell,5.3178521860000005,5027666.8594706375,5027666.8594706375,balance_delta
51HVuG3wzxTpABxmuNeUaeGGD2BLLiJkRFRFQk8YVz71Pnvj3bAhxWLkcvRpgrUfEAMaVTopCjzsBxCd33Wudnn5,1786845543,b8TXHpvWkirncQFk8evgCXHAcnqSjtjpUj1K6hyGA5n,buy,1.017039281,939173.068605589,939173.068605589,balance_delta
4qhK6xeWokEDrwo3DnmUpSKy2QH5yXH7A4r2WzL1aPjt3aqutWGVEL44D7kp5ihAmQi8wzBe7AnzzcRaU2m62qt4,1786845562,b8TXHpvWkirncQFk8evgCXHAcnqSjtjpUj1K6hyGA5n,buy,0.318100001,290393.56032898603,290393.56032898603,balance_delta
tWXgSqezQxVsyD5WamteMby2DDX33YxQSPsLw7Tjpmva4Lnv2igHjtqynbAGPiDD5xEAgPi4XChQDgYaAvaiPaP,1786846198,Act5xzJ7DhXrdNKbRw1yTzQUmT4hYtAPgFKTP5WzPBva,buy,3.9999999999999996,3376546.876149229,3376546.876149229,balance_delta
54MC1bEXGk6MQs9sjfY2ADdKhMdvUaiudkHvhMpRCEt5dsSVZknFCSFksNZqrCzJfpMwWWSXUF9EJHeDf2JLU2aT,1786847315,DbRmXgZLx3fF3W4xdan48oSi8HvaBBvvojrYHLV1PgkL,sell,0.192631553,166797.322131667,166797.322131667,balance_delta
4gMWerZv1qYX3Gka79kC9yPFXeW1qtqFZBKMQyv2KaKPsekJpfcFNbS8kDy25a4J6LdnEVHHukX5eHXXUuwiiyun,1786848047,DoYfpDfAzzYReVKkjhN9uG82298gBABKQL9uRHt52h8P,buy,2.001607135,1605413.132828019,1605413.132828019,balance_delta
4PPeaUKsyqGpy8r4LW1GBVPaNeRqYft7ozsz1jsoofc7F91owUzLSTqoXSVxULdhUdTh2WgXudYMs28Um2W6zNx1,1786848642,EXgjdaTYUSoS33cKZREWNfCGba6i4PGhsW1VpDqDqevz,sell,3.214295874,2909607.550358225,2909607.550358225,balance_delta
5HUVGkzxvi3scLQJJMYa9FJTXVVsALger2AbFLNiTTDvGGfH9o7sA1KdPVPn6MJE1yrmKYNJhi5QQgQjiopXd5CR,1786848642,FYTiZbk17NNPQ5j1aRH67mhJZH3ggYcmwbQqqEN9GAk5,sell,4.744389319000001,4226756.242736615,4226756.242736615,balance_delta
34r7dgjKASeg6RFwwbTHzyiFSqRsvBNGkJLDAsFxT5Ewb2TE5kPg8LsAxoUKgxUaXMS1fXxYELcmN7jRjQkYQLKf,1786848672,3KEdzpSYJ7sXfHKpVhSF2Qj6ZAjd3Q3dugFCZ4umWvkR,sell,1.134363186,1034884.3930262718,1034884.3930262718,balance_delta
3nC5VAT2yKw7ZLiPieCYZvbvAvtZKRVevTZXseeBTWBi4UbraAee6u6b9BfkFCVNAZP7Uszd9JgNdfgiWyX1oNMb,1786848684,3KEdzpSYJ7sXfHKpVhSF2Qj6ZAjd3Q3dugFCZ4umWvkR,sell,0.9678295840000001,886585.4595056064,886585.4595056064,balance_delta
4L8LSZMyhKCKpWyeqGsTGtwXQduewAuPdmRMWmKomZTNAt2zzcW7bTwnZ6vFpwQXV2b3NQU4CZbRmvztECPRUC8t,1786849185,3o7YPX68tAMJdYH6CeqNpvcNe9ZGcgFzBzVsoUQZgSbo,sell,0.236035149,217024.654186481,217024.654186481,balance_delta
L92QPeT1m3k9i3w7rFUoyBdBDjEVEXBHpJhk1qKeYqKrhs4GjNgume2nYVM1mxu8CUFo2RQBW3NYkct4bhCBXxU,1786849411,DwKefQ1wxD5FtKsAkhM1fVWEmCmjFJix3qABHdjhHyBt,sell,0.047802765000000004,44142.291035703,44142.291035703,balance_delta
R9bUcmLGMCfA2Wbih3Hdv3T2EVUgy8cS7S9mSGb2WBh7dvoL4ngoVU7UWoUc9gJ9qwWTi3MwkT5xRULYVRbRCcg,1786849594,3o7YPX68tAMJdYH6CeqNpvcNe9ZGcgFzBzVsoUQZgSbo,buy,0.1025,89720.024448782,89720.024448782,balance_delta
2yAMRLAGxNBF7dBMmtHRwkpBP5LfjoHFf2oU33gpQ1YFwTKqphF4q4a47q4Gs3TQJgePL76PTaFnfsodCzrSiua,1786849877,EXgjdaTYUSoS33cKZREWNfCGba6i4PGhsW1VpDqDqevz,sell,3.418734988,2924776.950059311,2924776.950059311,balance_delta
oKXZ4J5dRFGMHX4rTWVUS8rRX5UjAsymb8r8pYYmL8eCFNop9tiQmy5KVoWcGs9Zxkg5UMY728X4PJf9vceU68G,1786852216,DoYfpDfAzzYReVKkjhN9uG82298gBABKQL9uRHt52h8P,sell,1.771961242,1605413.132828019,1605413.132828019,balance_delta
62pbdTBGoi5vn5g3dpeWyRyTXKUTY2hsJGnxSynyu75bf3cmNEqM7Eqe5sq2Sq5VSkEgYG5p1PabnnFE25njHsnE,1786852559,9gAj3AB7qmWx5yuUeZwcCr3mroRKQuhMzJk9uAvcccLB,sell,1.353423539,1245304.290011564,1245304.290011564,balance_delta
4poUTkN2Euv1AK3XyzhoyaJKLVFrcUD4c9aJ4QBvdw9vUWNEg2HBfiFrtLnCRViKivVLtryFxr2xyo6FWYWvkUyi,1786852559,GxSdvjfBEwpXTvvvfRN9vHAPZaM4ryQVW4ktaMreEw33,sell,1.266187863,1178838.990488156,1178838.990488156,balance_delta
5mzPkz5AHSkgtmupEkRgtjSqQ6obq4kxDjuY5566Jezo58LfdEYxDr3xrJ9GojgpY9gQCYsdQmWgNEA2zvWFtreH,1786852559,HbtWtGwRt81mTnx41rQdnzQQZzDG3RkvxaMA9KYkGCmb,sell,1.4969087890000001,1383726.395259909,1383726.395259909,balance_delta
2zDETbdPjPuiKNo4PGZRPXfZpQYi2rRY2wygfcGAbLAKSKkLqVTL3MsVSDtFbXoXG5dNroggqyhHJyvPpvCDQoCa,1786857186,3o7YPX68tAMJdYH6CeqNpvcNe9ZGcgFzBzVsoUQZgSbo,sell,0.08946603,89720.024448782,89720.024448782,balance_delta
Ua1qapH3eP4fCBw9m6pbV6B7MTGx49FzXUP1GMBtbUZSevpwUVJsXDjhuh82t4PF6JeMkmYPH5FgWN4aHENkY9s,1786858723,UxDh5iCXxKKfdKeeXptm7PN7YmHb1r53H4fi9WzhFbT,sell,0.055795157000000005,58010.54615404899,58010.54615404899,balance_delta
61uMXEkNUBfWo6HN5ZPnBuouaEVkHKmKvGhM5Pxun2hfDAnUKhe6Xevd2L7K4cGx9RfZm9P1JZN2Q4UF7fPw5HxM,1786864142,E8VtaEW7koT1gy85BAx8WqAYbvjASZUXNCcuW5r1oS3v,buy,3.00203928,2898687.884037291,2898687.884037291,balance_delta
sBrxc2XYHyhzegLz5UW7aYSETFcJzqC2uYhDLz4X9oLqdwCZwnxqD5fWEkxcJ8tZQAfSdfXLp4Rvb87poFYeUyF,1786864783,UxDh5iCXxKKfdKeeXptm7PN7YmHb1r53H4fi9WzhFbT,sell,0.177425348,174031.638462147,174031.638462147,balance_delta
3hsyk56L8oqHmeB1scHZg8dCNdsVqaXL1uTrHA5MjKKfkLcdWZE9Xmnp1cMwtwftVpRqZjeBVp5UjhsoRhQsBQ4D,1786873507,3pR6QRNxH5y9WCg6Gb3tuthRqn6vCH5uj9xPnva6Qwen,buy,0.36703927999999997,352192.076461009,352192.076461009,balance_delta
fMKVAN82ZBGZZjorjahp8WzzJGNvJ9k9zc6bQ9BnpnGfWwANQg25CksJCsH4pCju2wdJ2MZcLXiqrZRzswdsDss,1786873518,3pR6QRNxH5y9WCg6Gb3tuthRqn6vCH5uj9xPnva6Qwen,sell,0.002239519,2192.0764610089827,2192.0764610089827,balance_delta
44W9wbMcdU33r1PiqBt83iizMJVEvWWtEg9kvFPZa5WXKChTidZQev2XgDvBn6PiysacMNgco2UYeQnCk7EypdmC,1786877421,Ag1GPXzuV9wyCK2Ze5L9bYQ6kRwbEGpZ3yakciBJ7foY,buy,0.44999999999999996,434585.2003031871,434585.2003031871,balance_delta
4sRXmFZCbMn4TzMLXgdUFU2fTFQxWe4XVNDg2NTwYzA5ocK8bouMZipgeeNMhF6FCy4mVo2Fgs1AD9rMfNY2yurq,1786883343,2DCW6PvdpXwscZVanFmDLB7svT2STkUj2SuXSMR6C29g,sell,5.05718907,5027666.859470639,5027666.859470639,balance_delta
3j59UorQRe36kAACmE4YND6SQFkZHWJgFLueUSjKoWNGw9yT3S8QaeEJVzMx123qwiD6jy3bESJ3KGthzLW8dA2N,1786887265,3pR6QRNxH5y9WCg6Gb3tuthRqn6vCH5uj9xPnva6Qwen,buy,0.051,50194.782425011974,50194.782425011974,balance_delta
gZrqSiA77UuvhHms7tJZ1d1kKfvwsCrBKgN4JcEmNTmFhXKEp4xE8STA4NF4qsjoS3UxJsVkfZPD6P1iBBsLWtE,1786887277,3pR6QRNxH5y9WCg6Gb3tuthRqn6vCH5uj9xPnva6Qwen,sell,0.000194975,194.78242501197383,194.78242501197383,balance_delta
3K5uKQ4A8jLw3o3rNnyyKSsQqGgeCxAp5DRSg9npVj4BpWcnx151JfZAP6xVWBZYCEi7SkM2JqCHwDrGNAn7RDV2,1786888723,Ag1GPXzuV9wyCK2Ze5L9bYQ6kRwbEGpZ3yakciBJ7foY,sell,0.7012654599999999,718888.0,718888.0,balance_delta
342bw2vJbierPKVF1jcCAYQwhR7Nwfj1rMVoUaQvJctoyni2wy169vcVyrPAkht3CgXNQ6toJPvHkkv1sX1eUvoW,1786889207,Ag1GPXzuV9wyCK2Ze5L9bYQ6kRwbEGpZ3yakciBJ7foY,sell,1.021906363,1051318.138975088,1051318.138975088,balance_delta
4ZMebnFysa7MpUhNq4Vr7PUBpvjKgzFfhXBZn6pNPuiQGZc58aCnDWybWBczpnYKXCbKt1oKNaccBJxUzvZZh1qe,1786890522,b8TXHpvWkirncQFk8evgCXHAcnqSjtjpUj1K6hyGA5n,sell,1.180775544,1229566.628934575,1229566.628934575,balance_delta
3srZA7gogFAJK5Peix3zoXgbZfHXYfAicDaYutWHVd9sMW3QbAdUXUcs7rp37zyvVyTaJPY45nbULUzSHVej8Ev,1786893461,3pR6QRNxH5y9WCg6Gb3tuthRqn6vCH5uj9xPnva6Qwen,buy,0.1,102504.52578055498,102504.52578055498,balance_delta
4gEtp8wo9XugSW27jTGTfjoS95AqwyYyQye7rPwGN4yudpujVMdMXCGJmrVDCt9zCbmmWAgNkFaDFUzTH6uFhK8F,1786893469,3pR6QRNxH5y9WCg6Gb3tuthRqn6vCH5uj9xPnva6Qwen,sell,0.002426757,2504.5257805549772,2504.5257805549772,balance_delta
2vSCvf4WgRvQ6tAaDHRshfLxR5tyJg1cP374Y7yDVoAVLnUctnhauUdhooW63qnsQNCgYQdb4SWw9ZThnaxpwD4q,1786896767,8wHRoz2w13bvDuLFuceTdmL9r8MPH9kRDHZt9ehEHa7S,sell,0.477492626,498849.724417446,498849.724417446,balance_delta
2VCqWcg4hHmGn5F1SfohMqzq1re75mfZqfuWJKTyRUqoaYH8MYeefzw74kBxw7xCsC7k7PLiQhmVBwUfGzw7LiLW,1786898487,D73A6HfSWRUnwDX1qxq97pkjiGi89Bs3ySCTab4wG6vy,buy,0.03213928,30527.334180166,30527.334180166,balance_delta
5v9k2idG8qML8vkvMiUU5qDxoCyEdg3YKGpz1NPU9rbLgibSedgFaebi2At97iEdaRZvYpqU2pmLkA1m9UNpXmQZ,1786898505,D73A6HfSWRUnwDX1qxq97pkjiGi89Bs3ySCTab4wG6vy,sell,0.029156177000000002,30527.334180166,30527.334180166,balance_delta
4q62b12SfzWdsAjuy4nKKvS2MmMJqaPyL4kyxL2JDP1fc4YYRTazvhp6FTfEPD6juKuy4XG1zf5aeYYjaYkVJsa3,1786902399,6DqwStHBhuxWGutooviZUgVDhT3F4Dy5pAiP2YErRCEe,buy,1.50303928,1521811.591247032,1521811.591247032,balance_delta
3V7vtzr4TPWDqQi9bCjTeB6LrSSD5NuHaENt2iXgQpaCHSYWboRk2S97h8jiF4MmKLSE1nN4xPg4st7sijLuLAtW,1786902499,6DqwStHBhuxWGutooviZUgVDhT3F4Dy5pAiP2YErRCEe,buy,0.501,505209.92029817495,505209.92029817495,balance_delta
5CWz7HGdYNtdRsLxBXrffBtvuf2RzRMY87vNse6EHqpkp9fXKjVz7DDNtDxYsVxN7owoPTPSXBLTRyZCV8Rbobvm,1786903317,6DqwStHBhuxWGutooviZUgVDhT3F4Dy5pAiP2YErRCEe,sell,0.48809517999999996,506755.3778863009,506755.3778863009,balance_delta
3TyLKsnY8t7Z2RwVkvwwd57do1Yk5WMiwkMh8z2fNhsZw43AZNBd1CzZBxcFYLBPoke4mbwLLBuxmAra64VdyQqn,1786903519,6DqwStHBhuxWGutooviZUgVDhT3F4Dy5pAiP2YErRCEe,sell,1.4603453869999998,1520266.133658906,1520266.133658906,balance_delta
4iK6Xpm7m8CcwneJPG9pDYeVR2P8p47vTcrJAjiYJH5xLbCsiekXJywmbBLuXotFmDupNYnvYHT3MeEu1cCMihU5,1786903602,3pR6QRNxH5y9WCg6Gb3tuthRqn6vCH5uj9xPnva6Qwen,buy,0.197,202211.68514417496,202211.68514417496,balance_delta
28Fzx2SVZzfBksmV5p72kVjx6rrqHhhTrPePw1S7JgYE8c5CcRzC283vJmqqTQ7Dhx8P5tXhMhJbKJF8a4HP3bdg,1786903611,3pR6QRNxH5y9WCg6Gb3tuthRqn6vCH5uj9xPnva6Qwen,sell,0.0021404949999999996,2211.6851441749604,2211.6851441749604,balance_delta
nQBdu6Tp7hnkgd11bvJkvuodjhNekQsk9MBCtn1ZCeBfPbkDowteX7D6BKQMdapznLyER4ecmpPkR3iKKNa4eao,1786906199,FfXHYjcpLxqbCVEx5AFT7Ym95pgBFLiKgoH3bJq75TqZ,sell,5.7567791800000006,6768739.080415827,6768739.080415827,balance_delta
3erokzncmjne8QgPUdNYPZRPTtzz9T5F9c4TgUmabm1ytxwCHQPh9rZwT37Y7s9GaoTzYofR8yimFGzaJzbpt5Vt,1786908017,3KEdzpSYJ7sXfHKpVhSF2Qj6ZAjd3Q3dugFCZ4umWvkR,sell,4.4077344499999995,5300333.30885174,5300333.30885174,balance_delta
3mTbAAgo1aggT8eywvXj1ficX3FLG7cS5mNCEHnYNYyLMpP9vc9uT9wKctu5AFfMiusov4bpPGd1Cmc1pfqpT1zU,1786908160,E8VtaEW7koT1gy85BAx8WqAYbvjASZUXNCcuW5r1oS3v,buy,2.0,2382014.332011348,2382014.332011348,balance_delta
37VTpvRcQhf12gaHVSxpKZc8QCkbWzTR7bSTCWy8g3fXfYbsoxeP4DDeaxpZjtHqTFhYBuy4QqWFG996sDJZyxa,1786909420,GXp177AWFe943QKiBgMYeUqUQipPFPVkzfnt9ocuhoHc,sell,0.2383741,284917.061723806,284917.061723806,balance_delta
4b9YZRYZBtJd3yy8BwmHJTNc3kGa2EBkYhx2j1NNRyjwVEaejPhsjNyh4ayt6L1w5exL3ULyajtsKcjtTrQzTxqs,1786914703,4iDyxGxPRC66QBNwYqMn74VtVm5Moy1ns4w3bAqYGvRG,buy,0.50223928,587347.192416711,587347.192416711,balance_delta
23HGe7Umh9MsTjPJpAhyPmBw7r4AFThrTxiJhBgBMhbZrk3eEe5Rt81Aok3rD3SsVzKNYGvaBsPZUQLtsrptAWfV,1786915937,4iDyxGxPRC66QBNwYqMn74VtVm5Moy1ns4w3bAqYGvRG,sell,0.48750526800000005,587347.192416711,587347.192416711,balance_delta
64bmb3EtpoGzeUDw8iKwPUhDBfoQqU2RPUDdV9XQFMuiFboNfK1useaYVHTNyRyF2rGPoST1fBB98LHnNpgnDXiq,1786919778,68gwUiYYRgbUU1PsRfuRYzVVZkvJjvd7zDvv8yqkbe42,sell,1.9696846860000001,2373910.096071888,2373910.096071888,balance_delta
2xS8ZCqh2BSYd82tLSYpqcLE8dxiN4jeZ9RnMfoVKSNnWH3iJkB9mF25JfyvfXg5VnPcPh7zMucz8LtmdgggCtaZ,1786936463,AfJxRN13AQoLqgPCzaSBQb9z3YtaMwkV1GRnzaEB61iu,buy,3.042039281,3571289.884696818,3571289.884696818,balance_delta
4PbHUhVBLf7cLJ7LwbnqjipPGAXQfViEvcWFDd1ueounZxMZVqnEdC2ezNi5g3w14cubnHeULvdZCdHtXV9obUPP,1786936480,4iDyxGxPRC66QBNwYqMn74VtVm5Moy1ns4w3bAqYGvRG,buy,0.1002,117045.508860322,117045.508860322,balance_delta
cBL7pdTexX6HAF84Mi3bJXKjj3SAYojFRxQYznMqiYnkgDzvT8R67KyCLwMUz29x67kqc8WaZGVJ3AiMvSNTDzk,1786936585,AfJxRN13AQoLqgPCzaSBQb9z3YtaMwkV1GRnzaEB61iu,buy,1.0200000009999999,1179418.2869291892,1179418.2869291892,balance_delta
4SX6uGJQ3tmTymnBqtkLCXCfty766MMgpDPJZU1gRL6yUN4Z51L6htFuHZsS7gYSui4fdy7DohZtiUte7Ek1B3ca,1786937945,F5CMB2ofwmm9TmnbuqctDb7hcvm1azTxnVckzxqFiSeC,buy,7.3520392800000005,8503570.12194689,8503570.12194689,balance_delta
GW46b1QP5VaCMcm5QCVJ8UKsWWwmaW7KyfHrSTrmZQwbUKRag96xSymvcK8TcQk49c3wWnxQqDMtiTzJug5NsGk,1786937983,AfJxRN13AQoLqgPCzaSBQb9z3YtaMwkV1GRnzaEB61iu,buy,2.3330000010000003,2608215.8681531344,2608215.8681531344,balance_delta
5QYS4RfmUkMUmTLFJoro32UU4peF5UxQekkn181xCGzVXfhP3Y1n8sGGtGnLSPXow7jaAdS7jNcfhBXrtBSdUv32,1786938087,F5CMB2ofwmm9TmnbuqctDb7hcvm1azTxnVckzxqFiSeC,buy,8.6,9518135.660866935,9518135.660866935,balance_delta
idmMUGcG5FEvex5a3gk1XUBEiEiPgi6F5tzViYghpQZmfpcPG55aUXXTiRCZf8VDWbxRT1aJS8QNohnmJfKS4MF,1786938109,B8yBhhYtobPkqY27vij5cwvhuDkPp5no2JZcxkA8UvYs,buy,3.0268360739999998,3235900.456066308,3235900.456066308,balance_delta
31RyL7JzkKuKUprmFLejTAq7qDh16VvmkmZQEsG7EzzfQz83cZAb6HBG4HezJyqRqBVWh2EygSEu3s4LRRR8Nmcw,1786938113,B8yBhhYtobPkqY27vij5cwvhuDkPp5no2JZcxkA8UvYs,buy,1.004798785,1065210.3884273502,1065210.3884273502,balance_delta
2WfsRWveHPs4ivYXB97sE4ETZBbX4dBjzjYineXkKERRvvxFcRunu4dYZjUjNWX9Y5jcUAyvQodUJTHbYHRR4WoL,1786938147,4iDyxGxPRC66QBNwYqMn74VtVm5Moy1ns4w3bAqYGvRG,buy,0.0502,52937.321745302994,52937.321745302994,balance_delta
2Q9RhD4aKiSCzdMuWnKEAV9jthtqd6ZxHekfuhAk6yRcKL8YeyJkS76vE9ah4g3BKtyBtSCfxDkM74Q8eCf1pKKJ,1786938420,2DCW6PvdpXwscZVanFmDLB7svT2STkUj2SuXSMR6C29g,buy,2.001,2108516.232847308,2108516.232847308,balance_delta
3aVVKCkT6PLLfpp2FSx7emWV2s6GQgPpw7infXZoaFLMgJtTk4sBALrPzvoqTffLNL2Fa7HLeo2m13JHSPWw8o9g,1786941386,GjGhvk8AdrQQnyhfGcaF3TNLo8tngc42QELQMoBkTGaD,sell,0.046073342,49748.178285918,49748.178285918,balance_delta
2dLtUoUevseRxxYpe95WiYzYskTbm6137VJN77oPCduPxmU7aHdNG1vXFrgpRZknTDr1kfH5B8xTekNnatVWF6Rb,1786941913,B8yBhhYtobPkqY27vij5cwvhuDkPp5no2JZcxkA8UvYs,sell,1.986440626,2150555.422246829,2150555.422246829,balance_delta
5aMGQXTJnKDaLdnN5aSwGeLjWzPQG24yjZhe2W2GD8v3XsXkwJLC52wx26S1QwHV5TjjJ28fvGH9R4JrJUFSph38,1786943338,CJgBunSv2nagagWqBuPtQmrsPmPajewsZjvGyZhpNSzb,sell,1.877762935,2059137.289557744,2059137.289557744,balance_delta
jK4jvHysAgQLPdmUBhTP241pRHfKVvtLx7mtUS1T62pusEn61HctvGV42Zj91eAVx2jmcVirD61oCoTVT3pUA4m,1786943910,3pR6QRNxH5y9WCg6Gb3tuthRqn6vCH5uj9xPnva6Qwen,sell,0.640978122,700000.0,700000.0,balance_delta
5ZmmkFDM1Z4xKXVAYmPH8SKPZ38WJqN9WCYSZ9hdr2MRfsAdRVqDzjvZUmoB7eS8GGHrJAf9h6GZ5bQunTLTP1vF,1786944592,B8yBhhYtobPkqY27vij5cwvhuDkPp5no2JZcxkA8UvYs,buy,2.0146073710000003,2164932.950732744,2164932.950732744,balance_delta
3Quj8RddTz8o5avDTvqfCqP67FERorDaxJHtDihTxZgK6RnE4ZRCz45qZB6iep5QUrkhyMCRkijq5cZKc6usrYCX,1786946077,7wtvhNbDvtVjAurrZf7Q9wda4Jyf91wuGgrRW5yMicsi,buy,0.40203928,431734.556627778,431734.556627778,balance_delta
5tk2gKiscWH7ELGua2o74FKu3ZqzvAkono5TEV75cgEpw4MPH6CkpqCbG3wyHtKQ4ycQ2TLNEoTS354MCx5u9hcz,1786949364,41v6px7eUmd1Cd2YjzGS1SweKG7FJ7Ds3XsoF42nEucb,sell,0.07697573299999999,92592.103390058,92592.103390058,balance_delta
JyWrFcTmS4CP9QiwXR7vugfQ5F7os5czCZwZ8NTujuqwNdWVXkXiBY8W3oMyE6x7smXYkhMckX1zUHC3NF7Ct8k,1786952396,EErFiYRztMkFC1FRj1XWwUZiHeSuSzcRrdiTVVxhaNSj,buy,0.05203928,53989.056629884,53989.056629884,balance_delta
wS3G5HGhTkuED6ygrEVW1NcxhByrkHHY2cvWzgxPdej3KJmFak3dRjmK4Qky3hFGZyd2ZmZ6Ynhigwi7wrks5Hr,1786953298,6rLLwnuSkBfP6m91b2hoW7kgRuvw94MxBYvxWBt7mvEG,buy,1.00203928,1076321.414026267,1076321.414026267,balance_delta
2vDanuo839h1FePmeYuoJmpGjEQ5SXGwkx3AeKn1DDrFzttFpkcc7rVfpjj6qSsCTV5KNSj3oot8pz4rFdy3MHVq,1786955137,EErFiYRztMkFC1FRj1XWwUZiHeSuSzcRrdiTVVxhaNSj,sell,0.049529588000000006,53989.056629884,53989.056629884,balance_delta
56AbWL2nT3gXzheJALAKHAHZbBJK9LtUU4oqqyM48eSTFa8LZZ29qUUowjgTcKEtAuUJ9sziVdupGWLGLgoP3n9n,1786959745,7wtvhNbDvtVjAurrZf7Q9wda4Jyf91wuGgrRW5yMicsi,sell,0.39873985700000003,431734.556627778,431734.556627778,balance_delta
5VeupzSk4ZhYCksCQta4rxk1NqCYKBtZUoEiNrW1jV7sCHZYQJzT9qfbsrXVtARhibiLdyt45R2Z1tyjBDdnvBzd,1786961591,2DCW6PvdpXwscZVanFmDLB7svT2STkUj2SuXSMR6C29g,sell,1.919310629,2108516.232847308,2108516.232847308,balance_delta
2uCCLu2XLGLuP4E2aZeWa6g7kk3fNgRHmz6eW65zJgnjdz2LKirsHaYC7DNuWBmX1z53oKQRiqEBtzqgKcMhnUsT,1786963571,F5CMB2ofwmm9TmnbuqctDb7hcvm1azTxnVckzxqFiSeC,sell,5.703178021,6307597.02398484,6307597.02398484,balance_delta
3hTY8AFLmoYZNVSiCQz1Rdgcd7dCxhY3cWqM7nQbxBxPEhbJn1PFojT8XjjR5p17AQCrF96o47RB4ibsiiPtzyaJ,1786963798,B8yBhhYtobPkqY27vij5cwvhuDkPp5no2JZcxkA8UvYs,sell,0.952009704,1078872.093244893,1078872.093244893,balance_delta
2qt1ru6DiGtesBVugVYQ2kycbVFaR1txqnheE9qxQVXPhJjt9WdPKtbUEEEApwRsm94yWRqqf6yFmQLTdYEeZK6i,1786964835,F5CMB2ofwmm9TmnbuqctDb7hcvm1azTxnVckzxqFiSeC,sell,10.191448371,11714108.758828985,11714108.758828985,balance_delta
2wQky46yA8ZRgC2jxxtUtgTkEb7dnNdWqAcB4khtX7AoZuvA73G2hoKKv57ZGnF7ANTn1s6ogsVzipzhc24VERYw,1786966548,9Nc7QXztAZyyhrza7PMyBLL61YsL7NXbRRkHNcU3Vx7i,buy,1.02,1165650.040919751,1165650.040919751,balance_delta
3XPDSVGWvWkHcRBa1CdsQip3k3uZAK6QFmurFBeALJV6fGbyz7AP3knCXqmav7nuYqfdxM6Ho2Q8ReTvj7JU7uqS,1786966549,2z2q5gk8TDgqCidzkXkyevXH1aDaVjWL8cQwoRbMF1Jq,buy,0.00803928,6971.500587489,6971.500587489,balance_delta
4Xj8QS1Ktc2n1hmGxqeTDadEntafvzxjyVT9xj2uHTWmeRsokiPnNPqMvWzDqiGuGg5eMZ6Y2e9BwvAV7CQtQSRs,1786966552,9Nc7QXztAZyyhrza7PMyBLL61YsL7NXbRRkHNcU3Vx7i,buy,0.515,580897.003784176,580897.003784176,balance_delta
1226qTYgEAGP9mEzBeTVAR3HK68i1Zo66DYoe37drRm8r9AP711VdzSRR3oYanF3rxve6pno7VDBkcs6r7nRaopd,1786966609,2z2q5gk8TDgqCidzkXkyevXH1aDaVjWL8cQwoRbMF1Jq,sell,0.005971156,6971.500587489,6971.500587489,balance_delta
31BqtyGQzDNif7TXmKrC7RejbP3yiEAP479QPFf3EzeTpdhrCrrugsMXLRM8uMVvJ7qoJAGYH4xAvL2oY1V5qDRh,1786979299,AfJxRN13AQoLqgPCzaSBQb9z3YtaMwkV1GRnzaEB61iu,sell,6.158021058,7358924.039779142,7358924.039779142,balance_delta
2PPc7vLBaafsaMBbdBEQ7QYRsodntmEN8NeGzM7dovwroJybJKEKkpXUD9wRPtg6m5sixpQzTPDetYiPBLKP61NW,1786979620,B8yBhhYtobPkqY27vij5cwvhuDkPp5no2JZcxkA8UvYs,sell,2.657825393,3236616.27973468,3236616.27973468,balance_delta
3irtJotBn2eGQqKNYHCNfkuMCZsoP2otdXRt74s2bGdRDZDeRGpcrmwCeeJExsGLUZLFJm8fiN69wWMLktTJxeHF,1786983721,6rLLwnuSkBfP6m91b2hoW7kgRuvw94MxBYvxWBt7mvEG,sell,0.8296973059999999,1076321.414026267,1076321.414026267,balance_delta
gb4poYaiQ7MUUDYRpjbNvCE2Z54QgfTdSb2nKCqMpCz2zJyCdGUNL66yHqFv8JaamsqzJH9FiE7Q6snHCEJeJ51,1786986694,3pR6QRNxH5y9WCg6Gb3tuthRqn6vCH5uj9xPnva6Qwen,buy,0.63803928,820513.952017861,820513.952017861,balance_delta
4ryseVBCTbyY8CRd9KN8XQXyKkJSzQs4eH22rPodWiA23ZHS3GzwemE2pe7T74BvFCyYwyvfdyKekV26Axc7Bsku,1786986719,3pR6QRNxH5y9WCg6Gb3tuthRqn6vCH5uj9xPnva6Qwen,sell,0.004250342000000001,5513.952017860953,5513.952017860953,balance_delta
2DoFJRwcPqZn4BmvKUm4xM9SFaHX1WbH6oh1reGmwEpbXsxAzFtx1aq3hhNXEUExzppk4c5xU9gtbrZFmZHbjM7i,1786989752,3D9RV4qbFUiNVbzD5EAp8zW1FWbZoS2xgp3rMb8qS3Qv,sell,0.7853057480000001,1047920.516490858,1047920.516490858,balance_delta
4n5tg7Fox8cHxDnkMHfgTn5fwKQjWtxmf1YAZ9L9broibubT7jkeKE7KLzgDqRbCRXpWEDrt6yTk1EY9qt2UMLKP,1786989752,GHDHsxfoykXxJfxrynpSVwF21MDTPVn8fXYwxs12zco4,sell,0.93963954,1246177.595224825,1246177.595224825,balance_delta
4GGF5ZjTVQCfd341iuDsbcgvP7QjSivET1rgiaKRPWhwwxK8haAc3gmCnWc98ZQX33EJCMECESZdnj887iKZ2fzS,1786989763,GpRBMwTQzVYht8YRKhuG259MsCGJAy41WYxYamcVAuSy,sell,0.886168064,1185511.772987084,1185511.772987084,balance_delta
3r3cT2u3z3TJtFbV2oLVGAEtKYGq86V9F1gAZcPvtbAi6G75CFYQUHeZ1UMwQMittbJA5JrfczEgFGFTdWpeKmhD,1786996620,DmQphJJn7PywwvXnw3T223uzRF5YBhjz9zwbyQPSitUQ,sell,6.958553451,9424473.623075724,9424473.623075724,balance_delta
t9r5BJYokpVWjCPCZaeXek7XtcKBfTNUghVbvD2ELcVJ6qmhevZmFfZfgsxEzpBfAuECitW4y8KPstnYLrp9iKg,1787001097,4iDyxGxPRC66QBNwYqMn74VtVm5Moy1ns4w3bAqYGvRG,sell,0.123890555,169982.830605625,169982.830605625,balance_delta
V8zQUjZpV3c6tvm1VoxjBqKMyFyqjFWCNHEhLQ5QP5hF5JjehtnDMiVfTa7uYfri6iCC8errUL5uRkkpL4KNsGQ,1787008164,9Nc7QXztAZyyhrza7PMyBLL61YsL7NXbRRkHNcU3Vx7i,buy,1.3028000000000002,1723883.854334496,1723883.854334496,balance_delta
5z5QZVNiqjeyvZDY2HGz9bn3m8eTihe23sc2qj1tvub21LEuhSZT4GxYTfr795yCWS2aRt6FEaoTJuUFQWWfJsmT,1787027329,3pR6QRNxH5y9WCg6Gb3tuthRqn6vCH5uj9xPnva6Qwen,sell,0.604035579,815000.0,815000.0,balance_delta
3LgG7oyJhQE3KgSLQJxoyb9PMyXJ414j15QEhucbz2NDKga32dusdow1B1Uk5CdX6u8HJeX3QaN2yumYQsrrkRrk,1787069589,DmQphJJn7PywwvXnw3T223uzRF5YBhjz9zwbyQPSitUQ,sell,19.665094671000002,28273420.86922717,28273420.86922717,balance_delta
2guUCTMtqYGmCthznqh6gpxHwe4RFLwQyvnHPcsU2iH7eiU3ZknjjbEYPS65oApUepaGqti1suwcTvDKxHkjxZ9a,1787073675,DHa6wxqgfTsb9v24meJo8tvZtqPBBk2MKTbcVXbmTvur,buy,0.20213928,293377.714752238,293377.714752238,balance_delta
27NW87Fi1LtizZRJpVj21Jwn6uqqKhACA1HoBkcFqEdnyHN6foN4erWHb4Fng4HP2XNkwCrLrALSUWRPXMLiFxS6,1787074208,6DqwStHBhuxWGutooviZUgVDhT3F4Dy5pAiP2YErRCEe,buy,1.18303928,1713643.715688853,1713643.715688853,balance_delta
36nwL9FPHNMNmMd5bjxrBkPnhfHtcYALRMohtMUdZu5bUrb9ZVYJFo7EnAxnPP4KMVRaeoXr7AmnQsvqPhAb5ZYc,1787074300,DHa6wxqgfTsb9v24meJo8tvZtqPBBk2MKTbcVXbmTvur,buy,0.2001,289473.636014238,289473.636014238,balance_delta
5AMaLHtH9hizqftaMN5RZqcJUAjdCw4Yk9udsP9QaVSBCrfW7zpoVc8ACw6V9zfeZtuZaqANJznFYGhWE1rhKrtd,1787074364,6EUJHx9pdF3buJK2eJ9g6a2naw54hBX1Y67yLd1FitAS,buy,0.255088769,366388.069267421,366388.069267421,balance_delta
3gygxahGfP5jwY8bjomZvXdpRTsQCxywWqDAD8qD8dAfVoXkD3bYE8cDVgXpvsD7zz2xRYDAMVpQdoyvLSqSfpKX,1787074404,DHa6wxqgfTsb9v24meJo8tvZtqPBBk2MKTbcVXbmTvur,sell,0.39290423100000005,582851.350766476,582851.350766476,balance_delta
2jKDijA4tPhyBHZH7UhtYNRjdRCVMJzqbt2cU4X9vnkTwT1MPSjWE927LbUBYJdHLCcqBsWpR9tDBn6p3HM88p9,1787074592,6EUJHx9pdF3buJK2eJ9g6a2naw54hBX1Y67yLd1FitAS,sell,0.247022707,366388.069267421,366388.069267421,balance_delta
52wyV6N6d3tEVjE3zsZQVDjKSaKJHFfVXoe4Vesj7LQ9HVKjEj5qnQv9Nu19BY7LdNPqYW6j4TTyRmr93ncnm3JV,1787074669,6DqwStHBhuxWGutooviZUgVDhT3F4Dy5pAiP2YErRCEe,buy,1.5010000000000001,2166336.663343499,2166336.663343499,balance_delta
1pnx3KCAEWZorLtK28Gsgrey7AGXf1dAf9nSJfArVfAsHuMcjFLxsLaYD5cgyHzZ23VGdRsPhVLJL5c7vEZpvXH,1787074683,2Epn5w9hTFHJZjJ93cXbXdS3EaVoEyyZL47pzMeboH9u,buy,0.02067856,714645.536985001,714645.536985001,balance_delta
2gr2epFbhKZVn34hfbM9qkdgBVarK6zNrXR4DQfdZLqfFe81xjBEicUKubAGQwyft3trFUKD98Za7bxwYpy5DMuH,1787074751,6DqwStHBhuxWGutooviZUgVDhT3F4Dy5pAiP2YErRCEe,buy,0.701,1003159.0104240729,1003159.0104240729,balance_delta
5ezDu3B9QPCW6E7f3arh39P3g78u5EzzxccVXy7aFbNJR5pKdrL8junSp6YzuaJVZFqwJzK3YniLEx4kS4dxL1q8,1787074756,6DqwStHBhuxWGutooviZUgVDhT3F4Dy5pAiP2YErRCEe,buy,0.151,214521.0866632769,214521.0866632769,balance_delta
4bZtVNxYWw37maP6JZ3p1y8qi1nESDcMSAndHUmr4e3ZQzX3R2zzfnDkY47L3KpXHY1H3d4Pk4uzsvHxyWtgsDc3,1787074764,2Epn5w9hTFHJZjJ93cXbXdS3EaVoEyyZL47pzMeboH9u,buy,0.00803928,710564.386526246,710564.386526246,balance_delta
679MD2KUDu5ECxdk7Jd1uEZHazcJ2DPoQnKE8fpgHpiUEe8qcMJPAzcNakHzWQ64cFdgJ9E1gMkPnF1A5sdowDEU,1787074864,4MowcRoyZazf3YbtqiYNUTZbDpZdKjtymLANsX1CT1mz,buy,0.015518559999999999,4954732.421612864,4954732.421612864,balance_delta
X2EXzHGoqKLdftoPW6pMyQECFsjvcctTEH1Ry6UH3V8Vdh6hqkmcihBf2khCCDUE5co2FZJbrNrcW2nhS43aDz9,1787074864,6NceTehWXtdQ6sQxmqRUuRqGvu4sWfJWJA5Y6fizvDUY,buy,0.015518559999999999,3101119.683744168,3101119.683744168,balance_delta
2o3hfZPpA13B11h1vNqDZ6QT6bMTvyn6NFMUUtu9V97vAP2zQJt3Uj14XVb6ALgwrRWwQTci28ufVSQ8hthS3Jqc,1787074864,8GriRP9Ea6QsHLxTdMi3RDMkYwhYWErLQd2CAvEPFViP,buy,0.015518559999999999,5311565.135545857,5311565.135545857,balance_delta
qz7R7GR2uCF4YetqQtXfWM3NEh78vehvrUEHwo4YfiueP9HVw8ySvsnibZQxcAjwD1pFM95cUDUQnwezUFnJD4v,1787074864,BWztqTdbi9UuLEzay2138rCQ3fga4R3XeMdJdKKUz8nV,buy,0.015518559999999999,3403693.208451664,3403693.208451664,balance_delta
2zSCk4EQtbyvtHZCq146JhtgdZNWQU9gEWYJiHL4XX1Wmvj87b7A11qZDMiFhgPDFKPyaG72YQ8C2yYwmZmMWsHL,1787074864,HytCavJKtjSAp8gTmywLnLR5JwPdaQsNvZm9VsXm3oRZ,buy,0.015518559999999999,3771638.983997117,3771638.983997117,balance_delta
3E92vZyEjErZKZGHCazQ62QQJf29FTuvj39ueLbjznRunDhz9CXSoUXXJnkA5ARC2JSa3sC7VBSuL4XLmQVuBAfY,1787074910,6DqwStHBhuxWGutooviZUgVDhT3F4Dy5pAiP2YErRCEe,buy,0.601,796177.9711839687,796177.9711839687,balance_delta
3VXbEUhpFzaaC1HrJpF9Vh8cNUgBaNu2mc3MFNLdMPtx9LM3TcLLxxDMTLCgdE6fQJYQdfK5Tngz15yrtRB3EwGg,1787074928,6DqwStHBhuxWGutooviZUgVDhT3F4Dy5pAiP2YErRCEe,buy,0.501,661786.6502909353,661786.6502909353,balance_delta
2ZGHptJydueCJEzRnU1v1cvPDaz5dg2vLRKu9kPsZsBWu3TAToEeGhV7chnNZyTssvVSaauBxwtYiH6xTFmWKSDo,1787074942,2DCW6PvdpXwscZVanFmDLB7svT2STkUj2SuXSMR6C29g,buy,1.00303928,1318975.138444306,1318975.138444306,balance_delta
5mskURxHh3vo9bpWNaSwAWCn3D3eDJ7wqcWmd5Gw7QT1vt3ptXqChQ6YV7PiS2qryFsBHMyY3Eq5YxoSMt4ZWQov,1787074974,6DqwStHBhuxWGutooviZUgVDhT3F4Dy5pAiP2YErRCEe,buy,0.151,197318.9865483474,197318.9865483474,balance_delta
5jncqJqzHV8UexGzz6Yu3fcR2Yv8m9PX19zAntpQAZ138nzxZUiPZ6BGKhZHon5RV8jLbK9gC6mnkpuNwxy1U4Cb,1787074977,3DZNVBQxpaowav4Prz5fwyTG8ReNW6aL118Mod8fJxrg,buy,1.003350154,1282948.760251684,1282948.760251684,balance_delta
bf29t4bXU1YDptNGChisXdKAwd9qQUGdcAVurJzbi6A7PdBQdD2Jk4nmpvbkaKJvpg3JkRxWCzeTWAofqGE1NgA,1787074977,8fqSwa22G6K5zz7XNUcvYSKuhjkNab7tJhVPsoTizA4h,buy,0.010526724,1300723.086100823,1300723.086100823,balance_delta
SiBzc98hzMgQgqGWkDRECAFDUUPS29dsbEwUmMQ84Q26RTaDGrvRBhfgTrMrcNCJzLEA72D2CwX7FJvoKDmUrPq,1787074977,Bisnq9ZHwdrVw5pGy8rw2XgJS5oEGufGb91ds8wcZL7V,buy,0.010526724,1335310.272196213,1335310.272196213,balance_delta
3vKPwUu7VX55gPVam6VrwrgCZnyny6h8gzsEeKPtyiRcGAc7fsuSU3KW7cCFgs9Kuw4vpdpA6BkzTNjNJGiUNNAm,1787074977,GTg9GTpTZRqqPeUDxdyjgR1HDKscYcH4qVr5KigXRVN1,buy,0.010526724,1261128.153867921,1261128.153867921,balance_delta
41fScpgMtGtxfFbCBXVNDTJkvCL5pCoFJMmAH7Rcwn5nN3ykcRhh2bGL7tX9vPDnLQUDZCDv7uWyWWqgQPSoqEhf,1787074995,CqyTUueWZJkdcJRJ6ZaZxAXvDQFGoFnL5hkEC9nxQz5o,buy,0.50303928,644819.612059384,644819.612059384,balance_delta
5w9myoUjjwJf7XhURFGQeHRnRrTHVvSzij3uPF63RFR1GTJZgbzhpFCg1unREWogmeDJWkYWJjqyNiKNDDzs6b8c,1787074997,6DqwStHBhuxWGutooviZUgVDhT3F4Dy5pAiP2YErRCEe,buy,0.701,900268.6832458396,900268.6832458396,balance_delta
3R1ByhW1eXEB2Xmc93kZg5Kw1SpWWm4ZaNaiJGZCRKXhKq6wLEaL75bXaA8TW83PoxB8A77nAgoB4Xw1GM78uLW2,1787074998,2JuwsNWVYsr3jDEaSAMiMDfv5UWNWHQRGyQVvHBNCobC,buy,0.26197698,334067.996111711,334067.996111711,balance_delta
5UCKd5CSKXcKXDwQ4LyeWnoG7MbrtmdGPKgCC5p8eQhnMcPskNkZMaqmytsDXD5jrvG7EDDFKrjae5ygBFJQwX95,1787075027,6DqwStHBhuxWGutooviZUgVDhT3F4Dy5pAiP2YErRCEe,buy,0.501,639981.7904322669,639981.7904322669,balance_delta
39o9yBVJbsWdEjeX3mfbYAUJhkH4aZRUoVYPrUync6crksYmec1y2yWWupcMt4sDdqZw2xrXL6wQetostpEkAunC,1787075055,CqyTUueWZJkdcJRJ6ZaZxAXvDQFGoFnL5hkEC9nxQz5o,sell,0.480010954,644819.612059384,644819.612059384,balance_delta
4ZkVbEyuCoMV1a45veJJQsWciEv6t8kHmDUuAhmWfyhcRhQhqZJyWtSHCTXXsg4NNkCSbkV3Lc499vE8MzWBPTkm,1787075061,7kjxRWRMGGcRVPugDhCciUy11Xye9HuNmgffWRaDnAiS,buy,0.007496842,6996.345819942,6996.345819942,balance_delta
4nouWYSEbRrRftVegzGiynuN28AADCve5md3ybXhPXEQJKFivaqMLeopwEbtydGxq4nWvke6ecZmYR8wdW9J95Nm,1787075066,2JuwsNWVYsr3jDEaSAMiMDfv5UWNWHQRGyQVvHBNCobC,buy,0.12998318,166756.570693077,166756.570693077,balance_delta
47nFMboMp6mAPpXsmYY5uVDarXSPGhEuY4cnNpdpFNLMBMMLqowvQ3DdaPjtEbRMuCVkEhCZAQ22PDCKB378k27Z,1787075099,2JuwsNWVYsr3jDEaSAMiMDfv5UWNWHQRGyQVvHBNCobC,buy,0.129977704,166650.354661358,166650.354661358,balance_delta
46swqgCY6A1qCxwu1JKnMHySGe8CBhqMZqndkys4t4eKy7RQyVi8uh4KfLY4QJSChdL6Y5neKgBsx8Kkzp7VstL2,1787075171,q8Kx1rkvAMKxRjKy2NCTCvJBWfuafpvHUF2REbayHHM,buy,5.01905928,6324367.977415167,6324367.977415167,balance_delta
3eZBriaPsUcQpYSj6XmhPGgHToTQ9MLZAkM4gFUPjC2iWS3wgMrbFkY4wQz3ai2XkMLuHgD9spn56SqeZt9UrZLg,1787075199,6GQuYzYnSe7co7x6yHyHdkSps6ingHcZav4okeRr87uP,buy,0.00558751,2474068.356629423,2474068.356629423,balance_delta
2Y2XfRFRtkxWN89fPvKAfBGByWSuy2TAhvo5xUkFc4WoWQtg73Aaj8fufHyaSvv9iUBfe5UKtmARpoBGdg4LChkV,1787075242,6DqwStHBhuxWGutooviZUgVDhT3F4Dy5pAiP2YErRCEe,buy,1.5010000000000001,1852894.1446028166,1852894.1446028166,balance_delta
3zExLVzohHy3cUrgqBAfH6c6CJmiXUZ3BBoWfwErk2sG6cNEQMoQmbfNNM4mLPakpZQijUNFqnELJZRNpyBwjmEu,1787075261,2UL4BgkFtc21mwQ5KAh7twQFBn6MyCNnXqCi8oqV2GSm,buy,0.008428805,796182.433935847,796182.433935847,balance_delta
5aS15Ajr2evFkayuzupewj8BcunDz138w6mb2Pk777od1KrUDoewadpcF8uJXVCtx6mx91kzYSHXv6ujn7Mwgj6B,1787075261,4LD2Rm6RC7eGYfDvicthx628UJE4DwA7ADcgvsghjGtU,buy,0.008428805,831212.199469911,831212.199469911,balance_delta
4d4CfFojkego9DkLYCC9kh7svn2Fy1L8B8SqfQBFyjtt73ozjqfccVRE3yh7XHVZYVS4DiQAj7AyU2iwVbh8rYEc,1787075261,CJuepni3k1F8ZzBbG7Tp1ed6bTFb287rnKQpEFynTPSn,buy,0.008428805,810501.551035539,810501.551035539,balance_delta
nVu621vcad4SmBwXyGa1FVoM17XieMrTLsty4stoFMSBzLRbXEJjM1C4uwR3M4syHD3HeKTCoJXYfcFw6jMSZpx,1787075265,2DCW6PvdpXwscZVanFmDLB7svT2STkUj2SuXSMR6C29g,buy,2.001,2429580.521524179,2429580.521524179,balance_delta
mPZ8AaLeLxgMto4n7zJq7qhcGWEbhSqeaYUCdE1BWyAmvwbdgoyEwrqtepaFY3R1hkczmrUMpPwTWx6j6gGrJid,1787075273,7aQ2v6Eh5ocjcJzjTBHaVUgi6UuSRDFKnaVQzco2ygvg,buy,2.00323928,2408091.720835505,2408091.720835505,balance_delta
HFTQdZo8HrFoQKxjtmCGNavWJFzfMhXfo9oUuyFbfkd4sam15QPCXn8MtoGP6QSZNHTUBs3caQVqU9m5LQ8cEYc,1787075273,7aQ2v6Eh5ocjcJzjTBHaVUgi6UuSRDFKnaVQzco2ygvg,buy,2.0012,2386886.854633987,2386886.854633987,balance_delta
2fbMAe58HcDH1gmubJ9XxaY49nyGYJwAC2SriQvHYQASYHWYMtVAqcwwwAUWx1Hb7piQ4oYkue2HvjaMPmmRh6ET,1787075273,7aQ2v6Eh5ocjcJzjTBHaVUgi6UuSRDFKnaVQzco2ygvg,buy,2.0012,2365960.941776773,2365960.941776773,balance_delta
4gDJBXK4hQFCvdo9RTqtqBsBU2maNa363G4bKAqWZ6ftLwrKKWhCjBWzmUoEQjMZ5WCmAqU4wPKDSi7JgAv1rcMJ,1787075273,7aQ2v6Eh5ocjcJzjTBHaVUgi6UuSRDFKnaVQzco2ygvg,buy,2.0012,2345309.109887203,2345309.109887203,balance_delta
4UVSN1UkexAnHPS9MdDaVKBJZ65gic5aH1M6sTnoHTFjDLqvquzbDmEGqyEMvNiJQHQtpdFeyo3qohkor4YTjvtr,1787075276,777777UupVYr364fUHXwqBRMnNaVcpAw2z3uhFkspnNn,buy,1.670439065,1938841.517688765,1938841.517688765,balance_delta
dAhKYV8Sp5vcRBYjLgk8hnDyUYS81wTCDiKGmWLdvbDRQ8LVtgr6fMu94qBsQYQAFUKxPzsC1d1UtHDYdFi3mSK,1787075276,HACKERamoyuTkkbuVnSWPNc5a5TDQH3U9vpp6zbrRKTe,buy,1.670439065,1910990.589694675,1910990.589694675,balance_delta
BcNAAaD6qKKudtcgotRb4UStxVJDBcSqF2JxLqf6PztFXNTc2g4tCpKNzNEMki1Tac4Rqo11gxSjiubHoaPxhZQ,1787075276,XXXXXsiKfM49XohyATcrYbRYBd9WWhDRM7c7vMYQNSd,buy,1.670439067,1924840.471663424,1924840.471663424,balance_delta
3eHDFVYWjox2iVzudaFG23TysmwJqAPkHtHaAHseSbn41wd821bLLYkVSEjc5r1tB1RnXcMik32pMD7g81m7MUHR,1787075278,6DqwStHBhuxWGutooviZUgVDhT3F4Dy5pAiP2YErRCEe,buy,0.35100000000000003,398185.2951798886,398185.2951798886,balance_delta
3U322XA2vfe4zwVbJLKYAfhQzzTNGtmnsmpjw9z4cn1g9StZXHzcjAPDY3oW3WjnBVDBcJrzwpoNLdZ4CVm2opUH,1787075278,7aQ2v6Eh5ocjcJzjTBHaVUgi6UuSRDFKnaVQzco2ygvg,buy,0.8011999999999999,912398.0490595065,912398.0490595065,balance_delta
54RATzoe3z3BP6J17fdNSDecHPxiTDf5MW2ZBYQfp6VUNbczsQnLyXXTuKDGAi2QXAsvhQ7kVTGAL6nDxkZjgQyg,1787075279,2T7W5XtariS53AbHY42u8CZzAyrzvNzGpeWcHsARNGkx,buy,1.347364627,1502926.198782318,1502926.198782318,balance_delta
6f3KU7ZFw9A9ThvhV495p11CeKaHJNk1bVATGN1zkBuZiTa7K9EQyUpv3Viv2judksbeWoTmFX91tioYxrtGkRk,1787075279,3XQyz76yGTfdVezAEX32drhFBK6Zdqu5vP1C1ocPXVt2,buy,1.2007803339999998,1323026.449854042,1323026.449854042,balance_delta
MpY1ebPsR5NixJpjnZgY7L8YoXVCtdAyENMfhj3RMQfq2hsMxzXKT27MTMu3SQve9iEz6YnARdhSYMMSiGhWXjg,1787075279,7RyLnk9AfBaWKD56fqDHt9hYHcLTtpZ5sVH4NcwNJ7gj,buy,2.1305392800000003,2349720.181179518,2349720.181179518,balance_delta
3wp8tmq4Dhg1gKpKKpED6xdrvi1azcrq6hzvrhXtJFYPVTULu3RVkiWSH26NNaUfuM8kXdSrbmJQivsBQ4gwtm4t,1787075279,FDQKtMRyjWHPxyvtuWzqypyn3JXmCtv3CH9tKQpLbtPD,buy,1.3613871089999998,1495150.417458226,1495150.417458226,balance_delta
3FdpZoWzZrTAvfUAnLi6GFZuFjNeuG7vYN3UxRmAHZgGdxpaR3uGyftdaGhF6Uausz24f1dNiNQyMM1dWdWfvqPB,1787075279,FMrLCzfeRZLiawdoj7PRiAyo3kwbYWJ7XWQXgxmeHr8w,buy,1.17664105,1302439.021686975,1302439.021686975,balance_delta
3toVJnXGMv8EDFyy82gMuVjstUxLmPX44ms9Xh4fFN6iPvcc1fS3kpMt1KPccBDrbEnJR5MZ9H5KbjGoMcsw9D4G,1787075280,2DCW6PvdpXwscZVanFmDLB7svT2STkUj2SuXSMR6C29g,buy,2.001,2196168.9937457843,2196168.9937457843,balance_delta
UNaG87BSMao8ixLm8S8envtrRG4erePPAM9knfx1z6DqWnxmeTPySi2rBEB9fRZgir4TvQUo1wtvpSUWC9m6w3u,1787075280,777777UupVYr364fUHXwqBRMnNaVcpAw2z3uhFkspnNn,buy,1.668396263,1803324.7114198052,1803324.7114198052,balance_delta
5uYvkhhkHLBV9B2CUNbKtqj5Z1Vaq5tBuTc6nkuNpXhK1kCaJ4a2BvbtjBXCNFYEETMQZojvc42UpagSUnpzGftR,1787075280,777777UupVYr364fUHXwqBRMnNaVcpAw2z3uhFkspnNn,buy,1.668397927,1753858.3589185998,1753858.3589185998,balance_delta
5jsUiha6LZvhgjuDp5wWGCNTdCfc3i2fRydny1zy4aEdLYQCYk7VxSmo5aswtV8wCVJ4uxM3HeyaxSZuY6ubpGF4,1787075280,HACKERamoyuTkkbuVnSWPNc5a5TDQH3U9vpp6zbrRKTe,buy,1.668396263,1790763.680858212,1790763.680858212,balance_delta
5wAcwB8BeZhP1XJvT3quQ2A4r1g1TWRL9vXpG5zgQ3oQVfAh3ZzfLjS5drre4TZE857eGfsVCihgDVPDXt9j19CA,1787075280,HACKERamoyuTkkbuVnSWPNc5a5TDQH3U9vpp6zbrRKTe,buy,1.668397927,1778333.480667883,1778333.480667883,balance_delta
iZKE7QWXEnZgA672TGBWuJt9fseE9La1ro2TDgst6pfdzt1hYFQnRVjirktZcEtLFKA4CAoGzJ2Zwa1v1rx3ecE,1787075280,XXXXXsiKfM49XohyATcrYbRYBd9WWhDRM7c7vMYQNSd,buy,1.668396265,1816018.4162768058,1816018.4162768058,balance_delta
3yecQFajKcxmfQrcaJz1CrLb9fqWdw7iBozzBVibN39z3Z7AZognzE7gXFymMBjEBpwsQqSutZDHULwnCq5PT2Ln,1787075280,XXXXXsiKfM49XohyATcrYbRYBd9WWhDRM7c7vMYQNSd,buy,1.668397929,1766032.3009932172,1766032.3009932172,balance_delta
28y5xJNmvssui3USrdo2HTtdkUxyYt5G1Bq5pg2WvVv3jBHWDrPUUcQGc5izcBeupRC4aeFP42bSiAnfBEHuwoGs,1787075281,2T7W5XtariS53AbHY42u8CZzAyrzvNzGpeWcHsARNGkx,buy,1.161577936,1165389.0183537041,1165389.0183537041,balance_delta
4muhgBYvwts1MPnbJnV1872eZJ4HZ6XQumSichhpMsbrJZvxjKcCC9s7fwj2HCAcpPA6NxL18yEzQX4PjUtNFn3Z,1787075281,2pUUZYtokRgDV2YzL6M5pjb1jyoHE367yU1sdQ7ac3ea,buy,3.00603928,3120239.08446057,3120239.08446057,balance_delta
vXBo45bp4fmWTu4QqdkT4P3tHuFmBn36wb67SbdRtrvs8NMW2ZnajjxtDYVMc1R9NZFt7FyDS8UNSJztRwPvRDC,1787075281,3XQyz76yGTfdVezAEX32drhFBK6Zdqu5vP1C1ocPXVt2,buy,1.290767829,1303610.583641077,1303610.583641077,balance_delta
3P6QFjmjQnJ89jAt5kgxqwnneBYBJWyhrGDKgbmic5MgFyQXkeZwkDdSsM5W9sg9Jb5UMvaAMum3J8L2QUMdv4df,1787075281,8g1mx4TgKsvEGM7a8GM5yVRuC7k6gmjgdht5NbFzfNy6,buy,0.50303928,523801.069749868,523801.069749868,balance_delta
2LD6ai1Fz6cX5YXao5ZKqA9bVWjueQz8yvLoD9BkkUzWpFFZUrFteSA1G5JDoY3fQb8jG9U6SMa94EvWctCsmRj4,1787075281,FDQKtMRyjWHPxyvtuWzqypyn3JXmCtv3CH9tKQpLbtPD,buy,1.361202202,1383210.9301144122,1383210.9301144122,balance_delta
5sYnCZ3Z1Ds9CqjLJaECMj4u1oe7CwHtAEyfo1LQygv4RBJrz2qynA7qGfgBdhVchyBCZEzBngtwj2w98RAN79oR,1787075281,FMrLCzfeRZLiawdoj7PRiAyo3kwbYWJ7XWQXgxmeHr8w,buy,1.263892033,1263619.911578842,1263619.911578842,balance_delta
2CAfYWcsFFmLGU6qfkxmeV2DCKmuwSh5nWUKAKzik1NkH9co5sDa9g1CYsLnnSivKs1h6mzjj8gPi34GwRjt5JaV,1787075282,2z2q5gk8TDgqCidzkXkyevXH1aDaVjWL8cQwoRbMF1Jq,buy,0.00803928,6131.76674113,6131.76674113,balance_delta
2ZUdX2VjMHgn7jAbay5vP2R3S84EoasByPvAJYijz9r8BbVugyekWonp3JmmwL4AiemqbnzAMBMjd3r1UDs2mQTw,1787075283,2R9ca7YkK8Ta3Nv1Gn4yhzJQumqpWzxMgN1xSB5J1Hrb,buy,2.00204928,2017293.058894512,2017293.058894512,balance_delta
4o8ddGmnHtRKjb2fPPgAkdFiLxSdjVf7NZCvRfKv5RbYmhicg8ZRyhTigGPnhXJDsqMksWPnXdLRMxpnWP1hcZjE,1787075283,414TRcpxccWfAiktShD7xGU3nUQsPYquAfw2LbnuW1rU,buy,0.259588571,251012.940930007,251012.940930007,balance_delta
4WDHDPFk4wBmdWDES9NKUPa6RSjcZKCbDKY4VYwF2TGBffzQFHd2yrqHX1T47StRBKGRnAdExXkgvXQomJQf1Yp1,1787075284,GjGhvk8AdrQQnyhfGcaF3TNLo8tngc42QELQMoBkTGaD,buy,0.10010000000000001,100334.068379811,100334.068379811,balance_delta
G6GB1dTjgE7X77NLqiQu9zNhDfMwiHsbx4LA5SmLUmK2gPJV84UMTPzrC49UChQiLvXz5vfFAA3Gj6eiMPV9f2x,1787075294,6DqwStHBhuxWGutooviZUgVDhT3F4Dy5pAiP2YErRCEe,buy,0.701,701204.5690477975,701204.5690477975,balance_delta
BiGduQL2hH6bBTC4N8dtzeJ17zC4KNLPhuWoKwia2YkF9uByeFZNe34Bwv4CDC4p3q9RxEgbZMTnfT5BimqJgd1,1787075299,h1jpvLkFT6u81HZH1zWhd4Vrf1qybKTADovXxDLrbtK,buy,1.01603928,1008352.223686688,1008352.223686688,balance_delta
54tadH1joS77SD2YXS8qPP87PEtaZYMgRf8C5n9QKbQvamkjzUu8jFUdEHkHnDAQUR39Snks4UaGnN4QYX2KDP2N,1787075300,414TRcpxccWfAiktShD7xGU3nUQsPYquAfw2LbnuW1rU,sell,0.244591046,251012.940930007,251012.940930007,balance_delta
4sKdMUTv9dBqAnKTgjaTKuPUpyAs5Q5ZBYbWFARQPkxRifuhuTNcqUovBk68k63S9FH3uYwd435n3nUb1NvhCgqM,1787075300,h1jpvLkFT6u81HZH1zWhd4Vrf1qybKTADovXxDLrbtK,buy,1.014,1004254.6949688281,1004254.6949688281,balance_delta
3C97ZV6KQNoeiyxXLQrG4TDTQxxLHMuJTy5wyYgVTEFcS7pcKRNB5RFfsFXA11xWNevKXpZBRVaYXx8F9NqC4buP,1787075301,2zXpLvhzH3BTAoaNpDRQPUKZqPZiQdDqc29d8wdr4UNz,buy,1.400841499,1346396.100794195,1346396.100794195,balance_delta
36s3LhdD9vzm2FfBYBTQbT5R49d8xFy6pXCPqbB9kEHK91Gi3gXZR58hR7RSUYY4YjsWQy1q6H8gNcAzCwP9WjUs,1787075301,2zXpLvhzH3BTAoaNpDRQPUKZqPZiQdDqc29d8wdr4UNz,buy,1.2595082930000001,1177095.757005647,1177095.757005647,balance_delta
666z7w2VZthg6Uc6yrqx4npvhyA1dxY5Eq6htPpufs77tYtYu2KfWpjMWC5CSNRpNHy3YsT1ffJFcn9YADSvQMha,1787075301,4AXv1nmDRxosiz2Zr5bn4veEg63Ty32TParXHnTpQhzG,buy,1.14694658,1084739.406209702,1084739.406209702,balance_delta
4RFHpDtukKTu3MNA5fX8XBvVhnwuVDixsysZFRpdg4DSAcE6BFiqpfqvfNd3dYP5qRarq7vNTYSq9u46zR1zdehS,1787075301,4AXv1nmDRxosiz2Zr5bn4veEg63Ty32TParXHnTpQhzG,buy,1.1162363970000002,1052747.345343869,1052747.345343869,balance_delta
4PgLGsN86eAFVHGH1b6czoRxKCh9yHREbfQBrkCkz9TAyzK66CZLeTFuxWHkXeRrQXovoinirMXjEzH6dSNQjkey,1787075301,5ZJYjAUVMLAJGccsEMV5SNjgnBHduumHyMjjHUtSubkG,buy,1.395926561,1334268.155611893,1334268.155611893,balance_delta
9GBCNDhgJTMFfRcVhqqjzuvT4GwWN368yrPYJjwUVQJwTXcKLBm2NogLQVUXsq3CCmsP2A4TsPJAjfKLyf1LHW6,1787075301,5ZJYjAUVMLAJGccsEMV5SNjgnBHduumHyMjjHUtSubkG,buy,1.335146517,1241864.0078669481,1241864.0078669481,balance_delta
49ugeNkjd9XGbVsT4sDRhT9N2LCSSj6yTpVf9suVUurk7GL4WegexW4HDdQt8pxgTRJUCazqwxfWbUMW4TVHoRTG,1787075301,8NZq6z8y5697n1iqAqCHSwAKZeiT4M54JdmQ6rAjCJB1,buy,1.6665642950000001,1644728.694884565,1644728.694884565,balance_delta
3fGwgdaxgzPeqJcxTSQVs175Qpczo6rH5EcBjpLMFDZzpPPbmAWF5QQwNdKz2r2NTYKU7KznyTa3MwMThjK8mTKw,1787075301,9PDFBkM2JjnLuuEhQVi5oPv5jVJ4wV3LA2PAfLXNijLb,buy,1.521136383,1491234.119931875,1491234.119931875,balance_delta
4nT7beZmgWEHGdTQxekYdUcBGhLQ5uMsYtp8LdYiUJKYKPKa8JQ2RV8UysxRC1driLPGfnVjcq4X4rTKdbJGsheZ,1787075301,Ahekwy9V7q2tmqJdTX92TAtEHM4pafQbsfc5oLakbZs1,buy,0.25959929400000004,249298.201452487,249298.201452487,balance_delta
4vWXKxsBqwELK3jcbYH2xSvkNnrMX2aPXUyRCTMUmswLzCBUgUfe4YSNfuc4zhtGxdaK5vV9rvvDHmygRG5xQzfW,1787075301,C7PNbARVAHeskaefdcu7fy21dCN3qNANKuT6Cka2av4L,buy,0.342624855,330365.754219756,330365.754219756,balance_delta
41vEXJ2u1LWisTzBNbEVrMJ1Uz9LYLPJ2BjkgScwYrE9Bo2drYMR6LfTFoNMG8EqyXsVBcw1LqtAK7KUcgCNduS5,1787075301,EyVaGh2eyp6zFPWLAiXx8wzEjn98VktPaANra78vkAKm,buy,1.090077128,1035079.64662121,1035079.64662121,balance_delta
44c9uPDsEEzyi9VNCALU7f1HZ1bq7tME9niaETnAnFzPcwSe1s6mg2YFAZCnccam4h9frkXh4cSQMgnR3tepTAyz,1787075301,EyVaGh2eyp6zFPWLAiXx8wzEjn98VktPaANra78vkAKm,buy,1.3147615890000002,1235182.570014705,1235182.570014705,balance_delta
vb4uvuGbTyhyTJScen6Q4xs4fYCZFHUDyZefZujhrK2RJV5FGSh3sG9K7T9XTwGmi6dSC77KVcizLRXBwNZbbQQ,1787075301,FAHMvDeWBEBe6fG653ChW7suaLVMQboS3hiaNqpejuBF,buy,1.8274171620000002,1780570.149476331,1780570.149476331,balance_delta
rpsCcS3DBn1RhfipHGf8oqd1i676et88841fS9tWQeHdha2QyCgikpXXyYFmoRUqyr59v22xLM7uov2mp3UsQUg,1787075301,JAGPLMkgPWRxFJekMU8DRHRurw968GGYHRMEKUWheYcD,buy,0.406893691,391908.288203505,391908.288203505,balance_delta
258pQKxC8Ck8TWmm5otA9J7zX1o47KMrKsbwTYSLzwxqSmkHxczUcBuJ9gqKCAtGLHWbNbanFjShh6Ts4AeiRE16,1787075302,2zXpLvhzH3BTAoaNpDRQPUKZqPZiQdDqc29d8wdr4UNz,buy,1.095866843,1013436.9754042141,1013436.9754042141,balance_delta
592j9ytpvz74UrLgWesYkYzuTgMGTWjVnq6diqG7R19488LgUVuDaZGMoqYJMZB4zwavVqkeZUeDLwpctudGdeKh,1787075302,4AXv1nmDRxosiz2Zr5bn4veEg63Ty32TParXHnTpQhzG,buy,1.383586186,1274950.1523621143,1274950.1523621143,balance_delta
5qaM8vKFoJzAe8fB2t2CLRK7MZuX9SeEHEfs2XFa62TVVbRF6q6CNnw6Gv6JUkEiFKSVBbzyr3TJcET6B5ffATNQ,1787075302,5ZJYjAUVMLAJGccsEMV5SNjgnBHduumHyMjjHUtSubkG,buy,1.2334842490000002,1130262.86000393,1130262.86000393,balance_delta
JT7H4hfa1bMEKEGbTFKRFGLMz1vpWCNN95jhGu25neVumCD8eRfzkikpBzMQPeLHTePAiRy3vvCTJoRaahbCB5V,1787075302,Ahekwy9V7q2tmqJdTX92TAtEHM4pafQbsfc5oLakbZs1,buy,0.374247249,341009.4562338999,341009.4562338999,balance_delta
4A7rkZmcgkq6KVVwpUjB1kCoc69a7j5DfPWifZhfnieTxdnhbe2WTmoPhGPttq1tavP1PszC4VARgxrHndWZ8vkT,1787075302,C7PNbARVAHeskaefdcu7fy21dCN3qNANKuT6Cka2av4L,buy,0.216415067,196274.319012495,196274.319012495,balance_delta
5DVd4vfJz2kCUTVWNvk2RRFhmzqsqMop54ANwZ5CoZQtjpKwknrkw8Mj9ARNu565cvhSMwLmtnbxQ8PzPtQjpEEp,1787075302,EyVaGh2eyp6zFPWLAiXx8wzEjn98VktPaANra78vkAKm,buy,1.312715518,1197357.8465342838,1197357.8465342838,balance_delta
fKo9rQZVEq9sXVr9kqUURY8R67Gr5URBtKaD5DeX28xqhUnS3kojCEbzgw9c2dfYZE7D8zgaG1cLUw7KBZdJyfe,1787075302,JAGPLMkgPWRxFJekMU8DRHRurw968GGYHRMEKUWheYcD,buy,0.41233768400000004,375241.560608124,375241.560608124,balance_delta
51nQQdxsvBeTi5ZbZEsKY6emXjfariQWbMyTqEGfpNi6Yh9fysC2vLteNghyLF54LabNuZJJTqcbaXn9Kp5NA7FK,1787075303,2zXpLvhzH3BTAoaNpDRQPUKZqPZiQdDqc29d8wdr4UNz,buy,1.1972214870000002,1081999.4514728477,1081999.4514728477,balance_delta
2aom6JwXCBobi6Sgo1NPjzfbJiTuakkReEzWh9ATCB5jkRfrR4biyQmhYCrpvywxVT9PYGqN2GQNbgA8awYMzLpm,1787075303,4AXv1nmDRxosiz2Zr5bn4veEg63Ty32TParXHnTpQhzG,buy,1.085521589,971362.3901080773,971362.3901080773,balance_delta
62MGjCRyrTsY5xyPnh1B6R5p88W5oL3i8EtTgCtUKAcK9shRPVQnM95mvQdYacrruXFCnWteUhmNLyxg5FRj4btV,1787075303,5ZJYjAUVMLAJGccsEMV5SNjgnBHduumHyMjjHUtSubkG,buy,1.3092093210000002,1178100.324268442,1178100.324268442,balance_delta
26rY128oYUMhjWRPsDFDistNWMpWCraWTcQXm4koGi5PN9ca9jq5nXFCUMxon1USBBQCmwEWB646Udv4i7ckv1KR,1787075303,EyVaGh2eyp6zFPWLAiXx8wzEjn98VktPaANra78vkAKm,buy,1.434000235,1278921.084932743,1278921.084932743,balance_delta
5HjMjbBiVrkvfTBawLdMbEjbLi6rMPcrnmaSLRVy5mPqQycjmHWkVCFhXWckow1pu4DbqoTxTtz2EV99EVs5qRvb,1787075303,h1jpvLkFT6u81HZH1zWhd4Vrf1qybKTADovXxDLrbtK,buy,1.014,887170.592487466,887170.592487466,balance_delta
4svY9yLsm1RqFmXo4XxmANYvsmxquCK33SnJjayH1a3q5nbVBgvkw6V84a9kUYnyYmowgB1jJ4CzQgG94qCZFArU,1787075304,2z2q5gk8TDgqCidzkXkyevXH1aDaVjWL8cQwoRbMF1Jq,buy,0.006,5128.7427696,5128.7427696,balance_delta
5gR8LffPewciEhMTRQRBBcT5VChnQ8qxXMEyNnnsHqBxE8qUJMx4EXTFbZc8fbEDYrRHnyWJBVEmRbj7hYKysDJg,1787075304,2z2q5gk8TDgqCidzkXkyevXH1aDaVjWL8cQwoRbMF1Jq,buy,0.006,5128.627355471999,5128.627355471999,balance_delta
5ntzDvWc1dcA3qkARQWbF5DuhJXYnk6vsWYb9CX6ghooLrf1TdYiso2u7gCji79LSdKWVZcq2iziYJgHPipzHHTt,1787075304,Ahekwy9V7q2tmqJdTX92TAtEHM4pafQbsfc5oLakbZs1,buy,0.446961078,376668.04446714604,376668.04446714604,balance_delta
3hnWVWCV9bXUcbEgrnMZ4EN9xHdAA4C9JiWFYCJxHb4ES52eMYCDEf773BoPrqqDGJYo34X8e9ZHZevXzsYYo5gU,1787075304,C7PNbARVAHeskaefdcu7fy21dCN3qNANKuT6Cka2av4L,buy,0.33661527300000005,283879.17278795596,283879.17278795596,balance_delta
2GZpes7zoVp5WSPhEC4YmfBcfypUWyk16brB96HGm1FgJhTDDc2UWsu6YRezath9JPdNaPZbenhcWysqNg1ocoXm,1787075304,JAGPLMkgPWRxFJekMU8DRHRurw968GGYHRMEKUWheYcD,buy,0.219423649,184943.17155851598,184943.17155851598,balance_delta
4AsM63qSeb73fS4gVE89t1fBx3DKepJS37R1HDyz9D7DYS3nbjG4vV99jCKnjeru8EXjdhLNbweDF666sbJmAxER,1787075307,6DqwStHBhuxWGutooviZUgVDhT3F4Dy5pAiP2YErRCEe,buy,0.041,28984.152280990034,28984.152280990034,balance_delta
5fUjn2BrpRqLWGLGhKQzpB7PNcP8LTkwvpBccAan6iKDbyV5dmHvkyqm5cTbjk6jDMiRsojttExvHzBtUEkFijYq,1787075309,2T7W5XtariS53AbHY42u8CZzAyrzvNzGpeWcHsARNGkx,sell,0.987134678,667078.8042840052,667078.8042840052,balance_delta
5ux4HgEHMkjgChHJqPGhGFvmTzNtpZ1HonStcMhiLwyr2iV5y69MwChjLjJY9cN85HAE3Ucm7g9HggtP8sLjAV1w,1787075309,3XQyz76yGTfdVezAEX32drhFBK6Zdqu5vP1C1ocPXVt2,sell,0.978390152,656659.2583737788,656659.2583737788,balance_delta
38w2GY8WadqLUyy3kiGA8YL7d2eEEqLm3XLHDtwh9szUL1CTCfTt8oJJrgXgZjq3UxVqssHNQgqg1nMBxS3p6Pvu,1787075309,777777UupVYr364fUHXwqBRMnNaVcpAw2z3uhFkspnNn,sell,4.412515284,2748012.294013585,2748012.294013585,balance_delta
3qDiX1dxF1uxJWeFxn79V5n1DjZthThY5C5SCU3fzP2TTRBPg9HUQfGGedbiYKoZ8YpB6nfev48XN24VD94XejM9,1787075309,777777UupVYr364fUHXwqBRMnNaVcpAw2z3uhFkspnNn,sell,4.200581681,2748012.294013585,2748012.294013585,balance_delta
21Lea9sR1T2aETnT39LyuQPpwvihaTD87ZjfiC6RVQWFkGFAQjgS4YNdg1XbkytvPDKwVGxf9cqjhwQtpjXKM19t,1787075309,8g1mx4TgKsvEGM7a8GM5yVRuC7k6gmjgdht5NbFzfNy6,sell,0.501338605,310257.99820261705,310257.99820261705,balance_delta
4ECvGkXHydx9DHZM5YeLc3pf2WWPHGU3dtroQjJUKZXZxaiycF2tUvUCpqqpMV1VKvttFgiYGRpMZ6jPyKome4yb,1787075309,FDQKtMRyjWHPxyvtuWzqypyn3JXmCtv3CH9tKQpLbtPD,sell,1.068821064,719590.336893159,719590.336893159,balance_delta
WgJ1BjkG9ppuQXLv6i1aD5fJz8qbsp58KUySmpM5PinPd53MwgR3Tqfym9m7YrixFvJsB91gd17Em2NsY6z5WNW,1787075309,FMrLCzfeRZLiawdoj7PRiAyo3kwbYWJ7XWQXgxmeHr8w,sell,0.946074132,641514.7333164539,641514.7333164539,balance_delta
AUL1nsFx8CaWFZe3fh8fuSVF9sa9vSy1n11B5TJ16qGrYUwjsd1GyhjDwFfi4XiUb11RdoUmkzoMwT2Kky4oiYP,1787075309,HACKERamoyuTkkbuVnSWPNc5a5TDQH3U9vpp6zbrRKTe,sell,4.337940828000001,2740043.875610385,2740043.875610385,balance_delta
52y2chm8mvXgV7Q4C84gVmEc9Kx1yqSbF67riSn3n4e3kfzf5qRFxwr4PBsfFPv2fvc4bKzscmJyzq1HhqcKtJMf,1787075309,HACKERamoyuTkkbuVnSWPNc5a5TDQH3U9vpp6zbrRKTe,sell,4.131003919,2740043.875610385,2740043.875610385,balance_delta
4W4FTojP4q2AMVMyE5YuJqscqjRrw8Vb7rUEwJtxGkPwC9enCUPmtG7ykWYYbhbJPePFYrwb9ws5H9QNaBhNxMwU,1787075309,XXXXXsiKfM49XohyATcrYbRYBd9WWhDRM7c7vMYQNSd,sell,4.298329894,2753445.594466723,2753445.594466723,balance_delta
65muy3PsKaiv6brQrwDbASfFqNws4QXTtW2M8PjJEsDneCHmqdCn9eoSDkZxM69iAMXNMf8Zx8EtYc9topTEJuw5,1787075309,XXXXXsiKfM49XohyATcrYbRYBd9WWhDRM7c7vMYQNSd,sell,4.2679187370000005,2753445.594466723,2753445.594466723,balance_delta
BfjVJkr4sojnQvtDoL3mvtGBbfGu5a9WzBvgQsSNWvUhCq3ncg2WkrCeffjcFagikPosbqYupnaiNAhQ5Cq6SFu,1787075311,2DCW6PvdpXwscZVanFmDLB7svT2STkUj2SuXSMR6C29g,sell,4.597157298,2972362.3268571342,2972362.3268571342,balance_delta
4LYYvZDy2xdCa3q9bbMETsThf8vyayujUKSTxPPbVcHsRVFf94Jgn9nQHDC2TL3Cy6bevNbxAXFLhBzUtrcewCTu,1787075311,CASStbiKKzQrFvs835DagrLid7saGriDUHv39Mr8SRUG,buy,5.016591129,3214189.945938262,3214189.945938262,balance_delta
k9Hi7WbRYkzF5NLwnxP8xmRiKdufb4NDipCfvC4ZSJQvBvc2ZWutEAT3UrT6K7Pp2LppZLZUFWstpUSpT8D8k4G,1787075311,CASStbiKKzQrFvs835DagrLid7saGriDUHv39Mr8SRUG,buy,5.014621877000001,3162791.5174046494,3162791.5174046494,balance_delta
4amn78JCdHF8XFf1eLhayPwJWxA245912XfBKpkkQhoykUDQMPefZ4T42UZiVxT47868Y7gQPVET2zcVfx6hhF7S,1787075311,GjGhvk8AdrQQnyhfGcaF3TNLo8tngc42QELQMoBkTGaD,sell,0.08241248799999999,52930.821872456,52930.821872456,balance_delta
5F6NxyY7sH5jbfKd8HySW8wc1nVNihD9uMiZXsZjjMMW9CK3WPxAoseweHvMqwtJ9JCcmkPNZbbTGGom1BzdrhQo,1787075313,2T7W5XtariS53AbHY42u8CZzAyrzvNzGpeWcHsARNGkx,sell,0.759560518,500309.10321300407,500309.10321300407,balance_delta
67XVFrzqFrBS8fUvUYq5Z3mDd3PPCUEowCHcHk4B2u4XGa5bExkQjceTEyfbZTttmAHEpwpEgawHXQo8kzpXQQAp,1787075313,3XQyz76yGTfdVezAEX32drhFBK6Zdqu5vP1C1ocPXVt2,sell,0.749521587,492494.44378033513,492494.44378033513,balance_delta
4tAD6YYC1N9JCWj5CPtJ6MbAebfMtihjgwy7isou5XEdNjeUUMSvp2uJSSLaHBWBGFckn4JrT3DQ8TrctCS4HKE5,1787075313,FDQKtMRyjWHPxyvtuWzqypyn3JXmCtv3CH9tKQpLbtPD,sell,0.823852738,539692.7526698692,539692.7526698692,balance_delta
221h1mh9JS35Ryupd8rfVhQeNXH4WYB91xh1hUHcw8VwLb6TpjuH1AXBopEj69zaAWzZbimXQQHLexTsBokGwKSK,1787075313,FMrLCzfeRZLiawdoj7PRiAyo3kwbYWJ7XWQXgxmeHr8w,sell,0.728502352,481136.0499873401,481136.0499873401,balance_delta
B9XCR8MXDK3kbU7T8ucgpgnjs9UF8HhcCUyFGMJM5J5DEwZh4ijtKByAPxdxftEohnGwegg4fPudCjBxr9yHpWN,1787075315,2T7W5XtariS53AbHY42u8CZzAyrzvNzGpeWcHsARNGkx,sell,1.2129003760000001,750463.6548195059,750463.6548195059,balance_delta
5ZTiUgqFYCG3rsr6akkvWwo6DVpQR6P3VVuZsKTDvF9PeAmHDyafmPtB4Djj3gNmukRVkv27XrKNUmpQYvqodyuV,1787075315,3XQyz76yGTfdVezAEX32drhFBK6Zdqu5vP1C1ocPXVt2,sell,1.2036200670000001,738741.6656705019,738741.6656705019,balance_delta
5i135sqG7XdNMdgwiKHEcHnYkRrZuzrHuJK5FnBSHpK7v88QhR5uNM7fSqhPgqNWiAk1nqFx5zvtYiC6ZRMavsKD,1787075315,FDQKtMRyjWHPxyvtuWzqypyn3JXmCtv3CH9tKQpLbtPD,sell,1.313997542,809539.129004805,809539.129004805,balance_delta
5AgKBf2GrYDt7cGcRQxCeByvJb8YcgdGRPipcWF3FMPAVFPzT87Xg8y9Bxnofm8F8yFFExvgTgSzp7nmjoE2hDwi,1787075315,FMrLCzfeRZLiawdoj7PRiAyo3kwbYWJ7XWQXgxmeHr8w,sell,1.180279082,721704.0749810109,721704.0749810109,balance_delta
63QaidDcXNbqTZpesApoZFqPXS2QesGHnAQbR2NX2Stt2VhLHD9MB7x7QjceCHcGRKc3CcUAUcPFFQVU6Gh3JEAg,1787075316,2DCW6PvdpXwscZVanFmDLB7svT2STkUj2SuXSMR6C29g,sell,1.3739695379999999,743090.5817142832,743090.5817142832,balance_delta
3fuEZ2wfUSbikAnN8WDtXUAGXVPkrwtwqnSfLaLbE3eK5CPU6zqYXULA4y6syCjVZNfpTiFqsa1wwarChJb1U5Wf,1787075316,3KEdzpSYJ7sXfHKpVhSF2Qj6ZAjd3Q3dugFCZ4umWvkR,buy,1.9266425550000001,1054900.903315783,1054900.903315783,balance_delta
5pPh5CAQuHtmNc4zkpettE7YDc7m88tJ6U39UBucBktveguixbQcXFPpuiA5tPkMk7JAK3UrcfXBHj5CgDXvDf6U,1787075316,3KEdzpSYJ7sXfHKpVhSF2Qj6ZAjd3Q3dugFCZ4umWvkR,buy,1.8692975170000001,923183.950627683,923183.950627683,balance_delta
5ZLXm8Y2oDzikbMiv5nX3MLRH4tUPaXiyEMfZLSLvo4iGZhVwehpUdmQMnLB1zwZCNMVMnnpqjLEidw1HCS7T11,1787075316,Act5xzJ7DhXrdNKbRw1yTzQUmT4hYtAPgFKTP5WzPBva,buy,2.0794360050000003,1145532.08501818,1145532.08501818,balance_delta
Jn7WjHk7QwZedz3r4DuSNaeTfiZ8g3DxCYcZRUx6XeGZuxZoi8hqk46zZCPiGRDUv1BK1Jg9FrX7DBrBNwq8rJn,1787075316,Act5xzJ7DhXrdNKbRw1yTzQUmT4hYtAPgFKTP5WzPBva,buy,2.132702483,1059344.855622295,1059344.855622295,balance_delta
26uJrC6CVLrvaKhKZBC8EFiKEXbJNdCif7EYtjRcstJTu6i23ksREZKj68UrkDbFJKneExjyV685prtNMTetMP5V,1787075317,C4eNLxxC7XLUivghMi35YUeSfvACgnvKB18115uPUqjg,buy,1.00213928,471940.730288454,471940.730288454,balance_delta
5N5n3A38NebRNFJc7hFCxpSP8pPsDo6vWNkmkuvyUzAZxJU2qFJhyrbVR89864Qtq814HhqYKiszdYMR4XVdqP3y,1787075317,C4eNLxxC7XLUivghMi35YUeSfvACgnvKB18115uPUqjg,buy,1.0001,460379.355945301,460379.355945301,balance_delta
4fXrRdrKKgjYENuHJXQNfpXqrmV7rvhXD7t2uc5UVQFY5C6QuHvZVFcAdpNikW4MqRBQe1jHrrG1fWNG3YJeNA4X,1787075317,GjGhvk8AdrQQnyhfGcaF3TNLo8tngc42QELQMoBkTGaD,sell,0.053385147,26465.410936228003,26465.410936228003,balance_delta
5cBxn8mjipMNevybyFrtCSftXYkvuSJeK9Er5MxS7cV4QchB7ixHfrSX7GpM8Eahc6HhqiEWfAxhccq7cLVgg6EV,1787075318,2T7W5XtariS53AbHY42u8CZzAyrzvNzGpeWcHsARNGkx,sell,1.5847078620000001,750463.654819507,750463.654819507,balance_delta
5iqvAUVbCw6qf6ahCxDgEPBnWzJRwSBavWnLQkgc6ksJgCjaaa8rDSnNTE1yPginnTcGXej8L4NKYbbDgfvxWp2L,1787075318,3XQyz76yGTfdVezAEX32drhFBK6Zdqu5vP1C1ocPXVt2,sell,1.539003882,738741.665670503,738741.665670503,balance_delta
x13cQMHs3uzZuMsxYosbYbo9CvZCiAHQh9ypDUJDZ2btrmFeqKcv9V3JinNj8JxiPKcTbC11VqesQf5YYbjiifY,1787075318,FDQKtMRyjWHPxyvtuWzqypyn3JXmCtv3CH9tKQpLbtPD,sell,1.6945790040000002,809539.129004805,809539.129004805,balance_delta
2bYa3wN7aFpWgyniwrhGwEQ5NMKKqzy7pR3yZtVoyJLpTtQXDtLNLDKooUT9EWYfmQMYUbH9MyN6PY1AGz29wtem,1787075318,FMrLCzfeRZLiawdoj7PRiAyo3kwbYWJ7XWQXgxmeHr8w,sell,1.5171917300000002,721704.074981012,721704.074981012,balance_delta
2418Ynj34c9NZgUC2W9T9JtF6ioego16uqqSEkiK5kbVJrU2W5AN48e2TSBjnWhD5tpfx6XSia6YG2X7PsYb5TDE,1787075319,7aQ2v6Eh5ocjcJzjTBHaVUgi6UuSRDFKnaVQzco2ygvg,sell,11.081054786000001,5209323.338096487,5209323.338096487,balance_delta
5xDL2mrvee9BsfQ9UcdHaCPbuQeRzkNUjy75pj6vVWrri1vXMphEXK7jab1HhR3SpC8uWbUWt4QKivCCvA1MtvCb,1787075319,C4eNLxxC7XLUivghMi35YUeSfvACgnvKB18115uPUqjg,sell,2.003418495,932320.086233755,932320.086233755,balance_delta
24AG5ivAwYSCbCNEipdeq5Sx3toJhcQpEHoAN3Wk8WB8MyND2oiiit9gTBnzFcuF9pr4VZStiDJTMcZEvv9JKQ64,1787075320,2DCW6PvdpXwscZVanFmDLB7svT2STkUj2SuXSMR6C29g,sell,1.204571645,557317.936285713,557317.936285713,balance_delta
4tqwynBUXvtrbSB4RkQ8zPb8iWV7MqiUZWLhWNYUuTzc9PoCJqQ1En38U9aUnTfYs61syUXu5T982Xq682AT8JRX,1787075321,8JS3bkVtpQ2b1eTBtsadyQ7TkE7yxfdb8CpDa9zqwAe2,buy,1.41154917,602068.139225365,602068.139225365,balance_delta
4frZEKaLktt6PsSvEsWK69dYYp7xub9Uh6Cq8wKxPneXWgw5oyGZXbGYJ7w9jBWXnQLLwifuK1K68hNzm3pMxmvS,1787075321,Ahekwy9V7q2tmqJdTX92TAtEHM4pafQbsfc5oLakbZs1,sell,0.24796110600000001,106367.327236888,106367.327236888,balance_delta
2NE3vVUyrWhVUbW8cMnyX8ogSMV8Utc93svxvhio6KFeAntCLFPUWszXgCbAPnNDqC8i78binggWqv52wgbjKLY,1787075321,C4eNLxxC7XLUivghMi35YUeSfvACgnvKB18115uPUqjg,buy,1.0001,431163.020040812,431163.020040812,balance_delta
5yoTYqR3bySSFiqEobNKNRa6aPKRGV4X4DamUkb9MicScPeHphQHqbri1umTG288TtbnpkKHPu8vbquCEK9uXUUn,1787075321,C4eNLxxC7XLUivghMi35YUeSfvACgnvKB18115uPUqjg,buy,1.0001,430022.617032833,430022.617032833,balance_delta
mnbDLwW5zRaLJHQSUtCGwjTGJSeC1naiPmHnBq4D5iPUSY9mUMhtWfKfK6BMsaPFiBaeknMkDtA2mdb7QQCCpg7,1787075321,C4eNLxxC7XLUivghMi35YUeSfvACgnvKB18115uPUqjg,buy,1.0001,429268.59050062497,429268.59050062497,balance_delta
2iQRtcmRnXwLwpVk9N458qQWFisjyUyq82qKsc2KYPHo7FGMRP6c7eLoGdNzD5RhVAGcZiDyquNKepYNi1kyAYdx,1787075321,C7PNbARVAHeskaefdcu7fy21dCN3qNANKuT6Cka2av4L,sell,0.207645507,89157.11706222198,89157.11706222198,balance_delta
51RBVak2AKQVAUqtU93DCyv2gessyjTxFPNyUo4ki4Cs6zQe9ps2kYeJfGnrrqw3W1VSA4Z2AV42hiyA5VH12oBY,1787075321,CHvWpTWTZXUMvWfX7jmy8vhHbAqn6YvLc8wBxXYi4KiW,buy,1.654553364,693653.015891817,693653.015891817,balance_delta
5JM5ku7CMgKaCMwi6FZCVehcvGH6p8woYftUFFvXhtgKcSR5MT79uRWGqTDnZtpJsCGLE5UhnXiCum5kqDv4m1J2,1787075321,FCgDhFHrwS5M6LQrKt1TJ21YpF1t8Dx4KxNytbMT2KVN,buy,1.625093571,687106.690145248,687106.690145248,balance_delta
5y7pRZKciVEos8fJEdqeTJCS7QKZnweQSVyfivoTfa1mKcNXR5PBGDnUDFHAK6zy1RUvqevGJiTdcaWWxrVCgRjR,1787075321,GG33KgzDhbsCLzxwVpzJ5Pt2ubP5FyfDk8beZ8hXkwvB,buy,1.9769750990000001,840265.983420909,840265.983420909,balance_delta
43vXSdo2ybCdkFWetE4hJPmWrpvhjttTdnJL1L9sgPBCjkkSzXL2zVPEv17ovkri2TWzhKJ7hqthv6ZmtqMxpULi,1787075321,GHJFdDSYx1kGg7nLTDZ7B468SqHsqySZwHRSxs4DgEVk,buy,1.356840196,570646.96120514,570646.96120514,balance_delta
UwPWBZxntkDiGMCJJgMuS3CiJLaMpPAGAE9cf3LojtgJ3eenuUFheHDs4LqmWUF9JLwJGMm8wkSR212zenjCuVk,1787075321,JAGPLMkgPWRxFJekMU8DRHRurw968GGYHRMEKUWheYcD,sell,0.244413712,104730.23224071495,104730.23224071495,balance_delta
YzaA3wyFexpwrLAE1p4yk1yh5qqjKNQUqHcVZpoW4tt1r8A5WB8Wr38famuEuzWshKYTcebPTw43fbjXd8HVvDZ,1787075321,h1jpvLkFT6u81HZH1zWhd4Vrf1qybKTADovXxDLrbtK,sell,0.32899573099999996,144988.8755571493,144988.8755571493,balance_delta
2myXmGcTRqzxiFupxsy5RUzDuuG7wg6xqYDK7dTpXxEXxXf4QqisRXccrcDDxEkr6iQv8k2xWGefNcGJdBtBGuiN,1787075322,2AwjJTdTWCu6QjyZKvF6oVEd9TkQP1WYvVswFvDEySxn,buy,1.171699651,475142.404171782,475142.404171782,balance_delta
4geeSsCUSYB7Y56TNNJCxfcjWnU4MCteif7spQXTt618QAd8DapcuwvZtbhpGHLX8BPr7757X4ndSQLtF4kexm6n,1787075322,2AwjJTdTWCu6QjyZKvF6oVEd9TkQP1WYvVswFvDEySxn,buy,1.333073403,529307.036171502,529307.036171502,balance_delta
3L7nV3CXoBu9kmxbkDt66hbrSAUSFyZUtNJuTYMddWffHDGCHjiFfQkzq5FKczPfwGkY1GbriZhvQXP4xja9VwqE,1787075322,5kidNviTucvoHuFGuPQUikWokMxsLZMncGrS5gK9Cujs,buy,1.372054877,547877.172542935,547877.172542935,balance_delta
YW4o2b8Siez4UV7GPMsee6A8fPhd6LU4EQ54YTKpJ1GU7FNKkyiNmnar2MkLNGkTjtjuGL1kT2fDdG88rpxTnh2,1787075322,A1igHDVAzKcGUAbVMFV8HrCCSUfcs5YzVfW3i9895pdW,buy,0.94132234,377860.866032875,377860.866032875,balance_delta
2XBrnkrKP4rvfKscFXayucDDAUWCkYLPpANZEtPqWWV1ZZbDubsWGj1N52X2SrYC9YLQ77NSPxcbawgXc5n1wjJx,1787075322,Ahekwy9V7q2tmqJdTX92TAtEHM4pafQbsfc5oLakbZs1,sell,0.229749785,94666.92124082998,94666.92124082998,balance_delta
5qhCHtjAT3bFnzEsz2PymVVi1HB88vQSY7gsDuVv4Ls58KDq9wuirEX6n38QDc6atVHudWiYKqdWznkma9VCnznX,1787075322,C7PNbARVAHeskaefdcu7fy21dCN3qNANKuT6Cka2av4L,sell,0.19236055800000001,79349.83418537793,79349.83418537793,balance_delta
5hNUUbqmnno5g7LMbTL2ctv8KfQ5Hq2Mu7Eku2t1kawrXCjeASCHbaAv4ikvM9HGWTnLJLKuwX4XTSevxXHXbCi4,1787075322,DenZLNzBtE3L8T1kQFKh8oE7FCXBrdsM9xwCbsnKvdJq,buy,1.141256336,459752.049588901,459752.049588901,balance_delta
43rf3xMNXrmYK55JQEcMqN6od19u1pLEXnmYa87XtPcfceY5MhFe2qzVaM652rX6wvkphDAX6EesyHXpebXQu6v3,1787075322,Ebux1vXaJYiugKxnBNgQbsBjbjjFK1K2k1zXjkD3tqDk,buy,1.073266355,430021.863585237,430021.863585237,balance_delta
4MQ58bR9pNi7aeNkyMbuUAih2CEzWprGHgRadG5pmp3Jpd4DvetzA8jAP6DSakHkTzZanUVBMLqXXMiiAbKSyTyX,1787075322,GpNHGPQXQEnrrbL8paxGdEWrNEvdFcZFVtC6ztMoYuYo,buy,0.928428067,369738.508555133,369738.508555133,balance_delta
5FJupBUbiPHCxkzUNSi7mSrWnjxNK87pzfdoc76aNVx2fzyYrFBe8nmQyA38jUGSK89KZ5waRdwpiqXe1WRR9tfz,1787075322,Hedt6aVyFRvxpQJkrrqgZ3e3JxUNb7ufCVyYXMnHYYE4,buy,1.132002513,453089.04062009,453089.04062009,balance_delta
3TmDeU3RQAMGfxDiKYMPdVzoTfiFr58fDVaSGn6MP7JcB4nFyiY5zXxsH9Nke31vFDWjSFFEr6DPf2rTjatLPw8P,1787075322,JAGPLMkgPWRxFJekMU8DRHRurw968GGYHRMEKUWheYcD,sell,0.22604627400000002,93209.90669423703,93209.90669423703,balance_delta
5trzFUFGmov9FNcchD8SxJdi2EEaem9578z1YUzgYBicArzyokpzmvJMYkWjnrsWDyTaXrztJTjhbH5LrGVkTQwJ,1787075322,ZZGtLggQHdZ2LgkDtnbJ1eVQMYLpQN7H1fjCGZAw8G1,buy,1.078340358,430882.966622677,430882.966622677,balance_delta
3HgRy5dwgEVuETCy9UYqSkf8XYkTtqx8WKzbVWNF1KHafjQ9SWu2Pwm1fjisCbsd9zt2RQMp9v8zrYNPiEhiLzSH,1787075323,2DCW6PvdpXwscZVanFmDLB7svT2STkUj2SuXSMR6C29g,sell,1.0785439689999998,417988.45221428387,417988.45221428387,balance_delta
2LGsJbuAdAtVbkvAYm14ufjEJ9nCbETBCeLqj162cXRQVewBYmH8S7C8E5wFzj2XCArTdCmAhsGMo6FWCV3v49BN,1787075323,5kidNviTucvoHuFGuPQUikWokMxsLZMncGrS5gK9Cujs,buy,1.238776274,467730.107930543,467730.107930543,balance_delta
36MHgZTMGzfnXXV6A3Yn13PauqmyXEnX3zSJf3r7Upr4nJHEZNJG64VWBDVzpUkgjF7nvPCQF5SaxB9gWW3mL8V1,1787075323,8g1mx4TgKsvEGM7a8GM5yVRuC7k6gmjgdht5NbFzfNy6,sell,0.054731388,21354.307154724986,21354.307154724986,balance_delta
56XrkzcFGyNAe5g5fAsyXm5BfnCFrjNF2NGeMxoTDK48ZLYkU7WPQ2rDqSRkEQsFdTi8H6ikfZZZ5GFnyRcR5Dnh,1787075323,Ahekwy9V7q2tmqJdTX92TAtEHM4pafQbsfc5oLakbZs1,sell,0.215244825,84253.55990433902,84253.55990433902,balance_delta
3H4AXRvSFEBuAiT4JToJx2WwVx7A4s11XHh8v4ZVpTLPmA4Q5J83Xcd6S5BhhRDndJ86QfD6HiY2RnQDbU44bxYZ,1787075323,C7PNbARVAHeskaefdcu7fy21dCN3qNANKuT6Cka2av4L,sell,0.17990362000000001,70621.35242498608,70621.35242498608,balance_delta
XZDLY4ty7fVPshjMZQDoz2Yg2zpYfK6RLRWbV5WYfWFTK6k4W96MvfXnCXBJFx1fPcqGr8Nk82duwwAVThFbN7B,1787075323,CHvWpTWTZXUMvWfX7jmy8vhHbAqn6YvLc8wBxXYi4KiW,buy,1.369530996,520263.43048807385,520263.43048807385,balance_delta
22CANu9gAYRa39jjC9bjf2fPtcEu6dx68VtD3rDx1zwxrwrD3S64SHewLJEkLn4GkqM8vRLyLzxDPnoJAZEDuDbX,1787075323,CqyTUueWZJkdcJRJ6ZaZxAXvDQFGoFnL5hkEC9nxQz5o,buy,0.5194575,194335.626166866,194335.626166866,balance_delta
nzL4CSCHnWp7YzEGGgHLauSM9hqeTuUJxYJKLWte6e4hSazRS8wvSjSBHAKny42Hk1z38i4vXZ3pDd8R8zpZgdS,1787075323,DenZLNzBtE3L8T1kQFKh8oE7FCXBrdsM9xwCbsnKvdJq,buy,1.158098685,435892.33633941796,435892.33633941796,balance_delta
3wwhLpbQpRtn45hkojLbhfzZE87uf5DSTSfCny1a1RcLijJoH9FRNARcJGeMWvs8V9aNL8osHP7bJL6LZoup3C6V,1787075323,GHJFdDSYx1kGg7nLTDZ7B468SqHsqySZwHRSxs4DgEVk,buy,1.637784004,624773.877952666,624773.877952666,balance_delta
tKXNqfwmuWnYHSANX4FgWyFM7xGfY91S85c1rBAqRwQrpE8Ys5Fp3JRcaeJEzimsLKRZFqm8V1YuR1XQD62baZi,1787075323,Hedt6aVyFRvxpQJkrrqgZ3e3JxUNb7ufCVyYXMnHYYE4,buy,1.281717513,481101.511439594,481101.511439594,balance_delta
2wwGfD98giWUwfeisAsPJFht9JU7zPM6c9VvfEo8N4PFthGXQ9dbwH899wqEurP7bekUt3idmLehTsnXWjcsUjuc,1787075323,JAGPLMkgPWRxFJekMU8DRHRurw968GGYHRMEKUWheYcD,sell,0.211784208,82956.81695787096,82956.81695787096,balance_delta
uLCazQUGQtyp1EQ2HrWSxRrNhrASQ5YAjY2AvuFUEdUA8HyLVrrmzkqUfe3AZstpdhNSgcXuo6JG11yYDPAVEP5,1787075323,h1jpvLkFT6u81HZH1zWhd4Vrf1qybKTADovXxDLrbtK,sell,0.34115580199999995,137739.43177929195,137739.43177929195,balance_delta
3aqa2aR3iVXKUJkytSwUPE2aKyWTmefUsSAiePHcZdvUHLEfNVDmtdwNZDq3eHVeZWgrmhMXH41zejqfb1bRKSJQ,1787075324,2z2q5gk8TDgqCidzkXkyevXH1aDaVjWL8cQwoRbMF1Jq,buy,0.006,2070.190376246999,2070.190376246999,balance_delta
5kUhq8DvWABdbwNvzxdz2YuoTUh6zSiEmEzJ9KQVvPonsDFKpLVfzwFVsVTS4r7m1ox6VP4QYiSAteotxJ44oVqs,1787075324,7aQ2v6Eh5ocjcJzjTBHaVUgi6UuSRDFKnaVQzco2ygvg,sell,15.179761123,5209323.338096487,5209323.338096487,balance_delta
2b6hVj3t7Km9rtSeeiLHC6y66Xms3CCN4ZMi2K8EUmQ4tJUgtKUt9iFzM42kAja1aSAQ8ze6XzBJaq9bDrEf7UxN,1787075324,Ahekwy9V7q2tmqJdTX92TAtEHM4pafQbsfc5oLakbZs1,sell,0.212527384,74985.66831486195,74985.66831486195,balance_delta
3E873QSpCahNmb3nNj3YKBoghAiDAoF6G2RvZvVkDTJNx1DKPhy5ZUYLHvqrbShL99JACA2cCwqvqHu9cZxFkeiR,1787075324,C4eNLxxC7XLUivghMi35YUeSfvACgnvKB18115uPUqjg,buy,1.0001,353116.95496447105,353116.95496447105,balance_delta
4Ermb3hrxWGjwyCEtzAMoCcU16SRytXagay6wY5ipSRJy55bBTELesWmL21baoSp57bRwUJARH39aHiYNxjUxnbq,1787075324,C7PNbARVAHeskaefdcu7fy21dCN3qNANKuT6Cka2av4L,sell,0.177731483,62853.00365823798,62853.00365823798,balance_delta
4oGaxUvL9hFQSz8kd85Cgvbzp4CFe55ngWa5E6zrYdUY4vwoL5VayqYTe8i5cjghZTk6JKMXr3keKvaeix19UV1W,1787075324,GjGhvk8AdrQQnyhfGcaF3TNLo8tngc42QELQMoBkTGaD,sell,0.014335446,5527.575365101999,5527.575365101999,balance_delta
38sQa5q7MwVTXVgfzEXnoML3RWA1Nm26Xc2gHnzsPmD4nvYetX5ZQQhSM1sFatcE3AmscoGMT4E9ZX6X4FtpanfS,1787075324,JAGPLMkgPWRxFJekMU8DRHRurw968GGYHRMEKUWheYcD,sell,0.209025857,73831.56709250505,73831.56709250505,balance_delta
3GRcuPJTbqHkiVqbYkeF4sgrzipHqfdjMkzD26C6diLZF8yJY9V5DggWnvyoueVpDrnKfXSJeQMWZBoXoJ9ZisZU,1787075324,h1jpvLkFT6u81HZH1zWhd4Vrf1qybKTADovXxDLrbtK,sell,0.373752769,130852.4601903269,130852.4601903269,balance_delta
3ruDQZZZMKuzRERRZmGtvtqnYMf8ZT2zmYhPskV47pt72wP5bmAkHqvXBWz5MkL2FBrsBbC2TReN9zFMRfyhGgF7,1787075325,2AwjJTdTWCu6QjyZKvF6oVEd9TkQP1WYvVswFvDEySxn,buy,1.175850154,369691.053617941,369691.053617941,balance_delta
3GzJieVN51w7iTNGJEZnD2732fRuHKUyM7jksLoaFnqKsTPwH3DWT1RtVmthCgyMGCH8yueTUTPp6hcygemwVoGe,1787075325,2pUUZYtokRgDV2YzL6M5pjb1jyoHE367yU1sdQ7ac3ea,sell,3.033171008,936071.7253381712,936071.7253381712,balance_delta
3QfkiRZCVrmXRe4y1qmj1Q3uctnV9AJQdKn8KGAK1cmHBqGdhsq77ff7q1BtN44aximChK629bnA1xfXJTM1K5Yc,1787075325,5kidNviTucvoHuFGuPQUikWokMxsLZMncGrS5gK9Cujs,buy,1.198934634,373759.558789485,373759.558789485,balance_delta
nCxfMdcNgCmKbmRBWe4qGKppzKeVkALBTK4ETwwhZbXMSuvWbD1LhEEN2AQLFBB2GZSrMVmMnq3eiCENd6drVoW,1787075325,8g1mx4TgKsvEGM7a8GM5yVRuC7k6gmjgdht5NbFzfNy6,sell,0.058259643,19218.876439251995,19218.876439251995,balance_delta
5BAQ9DA6hpiAracpiBNhcAwJGymZhgvS4Hqz8WLNgxbYCvi2jTwcTTZwHaF5Hby8GconDhWSKfJD3aLdmUATZaBg,1787075325,Ahekwy9V7q2tmqJdTX92TAtEHM4pafQbsfc5oLakbZs1,sell,0.226960655,74985.66831486207,74985.66831486207,balance_delta
4Rc5dYPRAX4EcmeiaSGMHY8BfMtgkhYAGzreZaukaJZJGN7pkYPkRpjKdNa6AaEJzj2AjjfvEZPKjfR1wVtWkmLh,1787075325,C7PNbARVAHeskaefdcu7fy21dCN3qNANKuT6Cka2av4L,sell,0.19000909800000002,62853.00365823798,62853.00365823798,balance_delta
3KAsDr3b3jjYjqUYdU54Ee536pETXzSqdCsSZuZ8L7Ff58Z6Y3Tfd8wMtcsYFkFhKYQsugWkVrWCqNk9RiXgw7dm,1787075325,DenZLNzBtE3L8T1kQFKh8oE7FCXBrdsM9xwCbsnKvdJq,buy,1.240730721,391222.65732769214,391222.65732769214,balance_delta
2ubMmkeBBjiuz2VPr5EGzrAXMYJeqrDqVUFkVMc7aNn194JkK8p8FHTpEqVf1SWvjgXyf4PR34MrerPwrZqWM2R5,1787075325,Hedt6aVyFRvxpQJkrrqgZ3e3JxUNb7ufCVyYXMnHYYE4,buy,1.331137646,417488.212913865,417488.212913865,balance_delta
3v4rhC7JccnzJC7373AoKeqUNscNmDScDqtVwVby4jJfLg58wNvEcPNGhQ54G4yBGau6EuFak4D5JcGdqWxqyHQz,1787075325,JAGPLMkgPWRxFJekMU8DRHRurw968GGYHRMEKUWheYcD,sell,0.22365727600000002,73831.56709250499,73831.56709250499,balance_delta
2ervSCzLp5TaJTMoLDvizVsBxA7HBFrpJtKsKV4hTN62mq7nxaBRza7tdBhg8HwvZmnFWSKf2ouSzCmCpQn6J9xR,1787075325,h1jpvLkFT6u81HZH1zWhd4Vrf1qybKTADovXxDLrbtK,sell,0.384671169,124309.83718081098,124309.83718081098,balance_delta
4kaRZ7TsPHWxCp5phEdCreXBfpRZzFPkc39m7nmjPoA2VNkReQY3Pv6sUnCGfHMF7Wm5MesHbvJd4aJHEt5NDRWe,1787075326,2z2q5gk8TDgqCidzkXkyevXH1aDaVjWL8cQwoRbMF1Jq,sell,0.014584044000000001,4615.868492639998,4615.868492639998,balance_delta
4NcA9k6WHAe1iQDWk7H9zAEdmvbDBxqLPvMP9Bb6VrH8NrEQc7vKAM9CyaZVfXwhRFfmqe3pFXfcwyYked9X3gfy,1787075326,2z2q5gk8TDgqCidzkXkyevXH1aDaVjWL8cQwoRbMF1Jq,sell,0.014583231,4615.764619924001,4615.764619924001,balance_delta
pgm6cBDa2JC9Kmohm71eoyEaqojNSFdoejgyrvX6sg4MSd7sAzJUTQL72vJPKKjQikR7ZwxirSfVfmhhCZBSjNJ,1787075326,2z2q5gk8TDgqCidzkXkyevXH1aDaVjWL8cQwoRbMF1Jq,sell,0.017435016,5518.5900670169995,5518.5900670169995,balance_delta
63x8P5xXcH7EPogabGTaAk3tgAunkSf5vtNTBYCBJrRfMqcXxj5qcB8x1guumaH9PFiciWjKjktod2cdE28Z3msP,1787075326,8g1mx4TgKsvEGM7a8GM5yVRuC7k6gmjgdht5NbFzfNy6,sell,0.055481776,17296.988795327023,17296.988795327023,balance_delta
5RdNTE31XYqGJ5LK97tmdGKUuexQCerA77FkbxTbhSt2d222trHCw8UW6jDXVnvKFpGzFsSVXo38jZaUaRQAfazM,1787075326,A1igHDVAzKcGUAbVMFV8HrCCSUfcs5YzVfW3i9895pdW,buy,0.927154751,279342.97884993197,279342.97884993197,balance_delta
2kd13pTofYYgUWfaPKkKzzxhWNuy1ro2MYj8kn1fBk5TQnGEwQzaqxmu6jZa4wXUCzJSVKpVUvFUDZVFM2ikTDbA,1787075326,C4eNLxxC7XLUivghMi35YUeSfvACgnvKB18115uPUqjg,sell,0.265673745,82178.55912693706,82178.55912693706,balance_delta
5bmVcdrih85tddi6Rwg9PETs2RjZtThnKYfsuxhpo1udpfuS4fNf27kg4HTdz4AfwyqPg4ysBGGapqQSPXUJhwWm,1787075326,C4eNLxxC7XLUivghMi35YUeSfvACgnvKB18115uPUqjg,sell,0.259620306,82178.55912693706,82178.55912693706,balance_delta
4yVP1hVtMDTgZk3P7iRt9kDjJpESirFfRvbTgErHE8CFZX6TbYM1tKAvGMH42SqkmiHAQjX98fkb9qgnW3dP4BZ4,1787075326,C4eNLxxC7XLUivghMi35YUeSfvACgnvKB18115uPUqjg,sell,0.25710847600000003,82178.55912693683,82178.55912693683,balance_delta
GjjAxiksgN8EDdeaQPgbSPzD7p3JDKpJb31fx81CNuqgZPhMxRYbEdd3bPUHgPb3k17Wpziev3bzgJGS4FzwqnQ,1787075326,C4eNLxxC7XLUivghMi35YUeSfvACgnvKB18115uPUqjg,sell,0.25712985200000005,82178.55912693706,82178.55912693706,balance_delta
3pTMHdARwLoqjciiwwNPFHJY7ec2h2ChGUS2xKpvbeimMhkrXgTeD1SxCs72uRDo2AGzA9NvCMAZ4BsjCu89abjo,1787075326,Ebux1vXaJYiugKxnBNgQbsBjbjjFK1K2k1zXjkD3tqDk,buy,1.040297778,314916.293334424,314916.293334424,balance_delta
YysUcjrAGTZ9wE658JDppaGQcMqGqMobmhiAir2DSzuh3fHA1DJhakw2mDwBiqRQF7L6KSmFXHYUxSvAVC6v3bG,1787075326,GpNHGPQXQEnrrbL8paxGdEWrNEvdFcZFVtC6ztMoYuYo,buy,0.950272973,286931.806442454,286931.806442454,balance_delta
5Bak8ZEzWQvsRafpWBjAypVnoAp63XfpSoYpz9xW1MPhUmKcBMs3JCeqEcKZwHzMgWQWQioJGbdF4HcNvCNHpKWt,1787075326,ZZGtLggQHdZ2LgkDtnbJ1eVQMYLpQN7H1fjCGZAw8G1,buy,1.097382554,330101.70290121,330101.70290121,balance_delta
42BduuduhnxYpBiiCJb1Mw1AZPQyyJwytBxW5hoN6kDX8eEr74zF6VDU5dUHHyB7MQjSjS7RdQxLzUA9e16y8i5k,1787075327,8JS3bkVtpQ2b1eTBtsadyQ7TkE7yxfdb8CpDa9zqwAe2,sell,1.8292462999999999,602068.139225365,602068.139225365,balance_delta
4z3omJ8FTZMo2RnXgjoJvRaedigxYVVXvJRQLAkAZbMAQTXAuwm2tS3rrXs3g9RCH9WVnw4Vdi17w3aChn6QXtBN,1787075327,8g1mx4TgKsvEGM7a8GM5yVRuC7k6gmjgdht5NbFzfNy6,sell,0.048777446,15567.289915793983,15567.289915793983,balance_delta
5oXxRnQUJcQs9VSm6E6b3mJqsZD3WdZ9fAHs1F22qNGE28aMDop9dB6mJdq2QXTi918kQkxLzULehNgMZH9ek5G4,1787075327,8g1mx4TgKsvEGM7a8GM5yVRuC7k6gmjgdht5NbFzfNy6,sell,0.042032738,14010.56092421501,14010.56092421501,balance_delta
4pPTv5Gv9dwXLATPw9XsvVqyyzPdqt3244uDu85F8zJfkxMJ2Bhc493RsXqFNgDUGdHrUNGp3Y8zcdGBG3Zor2ZR,1787075327,8g1mx4TgKsvEGM7a8GM5yVRuC7k6gmjgdht5NbFzfNy6,sell,0.041453846,14010.560924214995,14010.560924214995,balance_delta
HxrNT4PPqtdnMiWMBiJsrkB7x1ig4DJQk3uDQb9iXcbyrVGyj7WjWCrCr2eK7FzxqrktnGrWLmEEgwpr8Cnac16,1787075327,Ahekwy9V7q2tmqJdTX92TAtEHM4pafQbsfc5oLakbZs1,sell,0.18166242900000001,58488.821285591985,58488.821285591985,balance_delta
64XgTa2WxpiH1Kk8PctHyqxMCsfH7RgFA8janWktjnXE1urz4T3K8mcHZvLWuWADqberLTxxn3XvWW6gx6hmvf4v,1787075327,C4eNLxxC7XLUivghMi35YUeSfvACgnvKB18115uPUqjg,sell,4.142052617999999,1314856.946030993,1314856.946030993,balance_delta
KA3EpGAjqZH9zwjRGBNYWnwzv2nSPVRrCa2BZ3tij3zL5x587qJNiwHLAjjGTNiV1DejRneXqenfk7oLBzBjzYh,1787075327,C7PNbARVAHeskaefdcu7fy21dCN3qNANKuT6Cka2av4L,sell,0.15182217,49025.34285342501,49025.34285342501,balance_delta
3rLQ7kSm9tB1fmQ7ujBJopxYGC4A2kpoK13enHboX7q5gmHTexasNxbbTG4tMTnPAiqxMYkF4kzDmcFp9SuiFYhN,1787075327,FCgDhFHrwS5M6LQrKt1TJ21YpF1t8Dx4KxNytbMT2KVN,sell,2.097582241,687106.690145248,687106.690145248,balance_delta
46DYDPJR71m4oG9dJor3oPJyU7EfYWCNRQRmxfL61xhxJxmindt3k44d2tNubbzebn4pdTzCPdy1mwsyFRMtnXqq,1787075327,GG33KgzDhbsCLzxwVpzJ5Pt2ubP5FyfDk8beZ8hXkwvB,sell,2.5797344040000003,840265.983420909,840265.983420909,balance_delta
ZoVJ4JAqKpGg2iPVbAZdMyiBBXY3AaRzWimVcCeDCzeujbDBM8hpPZWmEeoUFfoJBKPr4HMJr21uiYrbrg9WxCf,1787075327,JAGPLMkgPWRxFJekMU8DRHRurw968GGYHRMEKUWheYcD,sell,0.17875991800000002,57588.62233215402,57588.62233215402,balance_delta
gEtC2wKXZ9eJqpguwYDLYESsH3Rw6SnRLPPc3RHpmtQRAwEgPbqvZeqs6iWkPvF5jH2BLFhKWftaYVsmLCKKvPE,1787075327,h1jpvLkFT6u81HZH1zWhd4Vrf1qybKTADovXxDLrbtK,sell,0.36927277799999997,118094.34532176983,118094.34532176983,balance_delta
3QDcsKRmmjt8a49jd7xmpT6P3hrCR2vdZYU3MQzaquxtD1SbuKoQXBN1yacS8fNPr6mX35xh7sU4YBV4PqXCzwvV,1787075327,h1jpvLkFT6u81HZH1zWhd4Vrf1qybKTADovXxDLrbtK,sell,0.680469797,224379.25611136318,224379.25611136318,balance_delta
51v34VFwG21ZJLidPaMNKt21JgF6pdcPdSsEPZ6HoomFLaZTL9KJHMkLAA6Z88ir4czcMdeCuBQ9ZEHv7vWWGrW7,1787075328,6DqwStHBhuxWGutooviZUgVDhT3F4Dy5pAiP2YErRCEe,buy,2.001,648989.0249867123,648989.0249867123,balance_delta
4g471oyJ3y2Z8puyx3GSXPCzHxHo2ABqvcKyfC1DbbY1RDbsnh4zBzZTLTyqPwtf5m7yrMuWYHF25vAWUiR175kJ,1787075328,8NZq6z8y5697n1iqAqCHSwAKZeiT4M54JdmQ6rAjCJB1,sell,0.986468812,328945.73897691304,328945.73897691304,balance_delta
5tTXa3JAdm6amKQEDRAB5RygLc11wHBcSyoNQHcqjWNb8FhFv1FtgcYG4sSjfcfh1VQ2seyDaygHV5bfyDJSjMZz,1787075328,8NZq6z8y5697n1iqAqCHSwAKZeiT4M54JdmQ6rAjCJB1,sell,0.979553016,328945.7389769129,328945.7389769129,balance_delta
5CPF8JLkWLJCz3CvxRRjqH7zA5AKcaB8xeQpHRKCcEoyv6FZCT2noPNgvYvfRUUcB9u3ZTMTudbnYj78v6mjYq7s,1787075328,8NZq6z8y5697n1iqAqCHSwAKZeiT4M54JdmQ6rAjCJB1,sell,0.960247852,328945.73897691304,328945.73897691304,balance_delta
49u6JUgXELyjDATyaH6oSkc2qBX2ejeBuga9SKCFcPtDML18kRBZ1Sy9iff3XwdjbQHXCfYMqJDtdYGiiV4Dpi8v,1787075328,8g1mx4TgKsvEGM7a8GM5yVRuC7k6gmjgdht5NbFzfNy6,sell,0.041310128,14010.560924214995,14010.560924214995,balance_delta
5YGFQNZFkko5SgboBBpNYvAnkHABjE2nVJkzTiA1qTaxVUEsxTUeeiWTJu6TvLSSpQnxaWVERU3x7vJXEmepHcES,1787075328,9PDFBkM2JjnLuuEhQVi5oPv5jVJ4wV3LA2PAfLXNijLb,sell,0.890104379,298246.823986375,298246.823986375,balance_delta
34rNmSYyztCQQGei4a82s8JDtH5qJckfzwnZwD5hyqkRtNY4Fi7to9qF7kgHaAbkx7BjEChfM1vvA4oHWBmkRmyu,1787075328,9PDFBkM2JjnLuuEhQVi5oPv5jVJ4wV3LA2PAfLXNijLb,sell,0.883878205,298246.823986375,298246.823986375,balance_delta
2CJkyyEz1KS8AZ1ou4bUk4p5CMytpePN3HrL3xUa65hZThkhTBUfLv3V5GBCq4yn1gHhXyEJTvMnRSPoaB8smsaa,1787075328,9PDFBkM2JjnLuuEhQVi5oPv5jVJ4wV3LA2PAfLXNijLb,sell,0.866497296,298246.823986375,298246.823986375,balance_delta
gFX99f619R2EYwpLDckid5SFWsKZchF3nDSS6UEMQvu94UroqL65rhsst99UpYyoWsDtGoNWt24AtC9WxQ71Q4X,1787075328,Ahekwy9V7q2tmqJdTX92TAtEHM4pafQbsfc5oLakbZs1,sell,0.152763009,52055.05094417703,52055.05094417703,balance_delta
4vYom9vcKkixkNEga3rfvVUQioutEexJm34noKRLxt7T9KTr1Lh9kkC74XcrgMbQ43GRPQYoVBGMyTHdJrCDSn7F,1787075328,C7PNbARVAHeskaefdcu7fy21dCN3qNANKuT6Cka2av4L,sell,0.127632106,43632.55513954896,43632.55513954896,balance_delta
J41UnrQujjmpQNzt2GveAMZq9GGsAJwGyxRpLgWSCmJjrLCwYkkA9mS9fp9i7aoXbyPFX2hN87Bn2v7KT4nLoLK,1787075328,FAHMvDeWBEBe6fG653ChW7suaLVMQboS3hiaNqpejuBF,sell,1.065437434,356114.02989526605,356114.02989526605,balance_delta
5z4gG43Mx3iaKEFAv8eeRe3mi6s1cbWivex8sHUSAGyXujfxVNjLHnNWHrg6C3g29F3qkKqD9vpkeJ96NGC7KK6H,1787075328,FAHMvDeWBEBe6fG653ChW7suaLVMQboS3hiaNqpejuBF,sell,1.057977503,356114.0298952658,356114.0298952658,balance_delta
2hcAQ9qGHjaamWQG8BdnpPbnoxm4Wr5HDgBH3XBH2mMikP4wrLgwTPhozsUSPaTmWx7uEgH85FGFaFoCeHxTFzZU,1787075328,FAHMvDeWBEBe6fG653ChW7suaLVMQboS3hiaNqpejuBF,sell,1.037152919,356114.02989526605,356114.02989526605,balance_delta
6E4njov6bK6PpPw1DQXtsUeyvYMPCSMhNz3HqVAGsD2CUH5aQEJ6Ei4DEjEobzvkeAt92deYy1vqprE72xhrxRG,1787075328,JAGPLMkgPWRxFJekMU8DRHRurw968GGYHRMEKUWheYcD,sell,0.150325767,51253.87387561699,51253.87387561699,balance_delta
5w2zgDbzoJuLehxePqRQFw8bdgMW2XmoSSd5hFXpiMbwuS5za9RxxKGqqq66RvVYYuiu1X3J84wZBoGrwgnp9GDh,1787075329,2DCW6PvdpXwscZVanFmDLB7svT2STkUj2SuXSMR6C29g,buy,2.001,647361.4212835948,647361.4212835948,balance_delta
5ESEUdaVnqwSNEmDGhPwc5ucmGQEJbpsreePqTP82YjamxMCtwAXmj8WApSCXkEXR1wgKiyo4KcvhCDxgaBFC8Zx,1787075329,2z2q5gk8TDgqCidzkXkyevXH1aDaVjWL8cQwoRbMF1Jq,sell,0.0064286180000000005,2070.190376247,2070.190376247,balance_delta
3szqbFBNCXZn1ZZUi46zMBYRiSk8kwmDEruV7N8bxQNXStPj62e2VSLuBfn5rbG3Xm1BjSuxSiNPohnDEXBvcTBP,1787075329,GjGhvk8AdrQQnyhfGcaF3TNLo8tngc42QELQMoBkTGaD,sell,0.032633541,10468.917785563002,10468.917785563002,balance_delta
4yjyqMtH8jfqjUACAWutRXfHdo4J4RBVJs3S3hmvCrXMaXTW33Bvq2ACqAVBzinhhA6R9m7gP6UuZM1rzEnWo25P,1787075330,8NZq6z8y5697n1iqAqCHSwAKZeiT4M54JdmQ6rAjCJB1,sell,1.024247195,328945.738976913,328945.738976913,balance_delta
5tuuDFN3dQvU3FHxwvpaWJpC5vdMbiVsGw36JiLbRAkAv3LwLP43Puck7NVjUztmH16NSX2Yw4uuaUCfXz3cPJix,1787075330,9PDFBkM2JjnLuuEhQVi5oPv5jVJ4wV3LA2PAfLXNijLb,sell,0.930675155,298246.823986375,298246.823986375,balance_delta
3SLmT5eK8JqMsiJHmCbqNVjmrBL3erG3rZurf956CBtLeQ5h9YF1f1vvDsyMosm3MYkwMkf2SEa1ou6dxVPMgJPC,1787075330,Ahekwy9V7q2tmqJdTX92TAtEHM4pafQbsfc5oLakbZs1,sell,0.138932805,46328.99534031795,46328.99534031795,balance_delta
WsyEGdChFXGygxHbKJ5LNbBv2xguvaW2EJ9E69i7hpDcb9VuRq9FdNE1229zjFekJFNRHLZaMrZ5evhXP5xr9kE,1787075330,C7PNbARVAHeskaefdcu7fy21dCN3qNANKuT6Cka2av4L,sell,0.116094164,38832.97407419805,38832.97407419805,balance_delta
17QJv25yE3WT5vCstrBFVeNwGfnYzoRnkNqEcFXHkRyrxNLxNGabj99G2hdWvMAJY1zmjYUjZp7B4ziY22tycDJ,1787075330,FAHMvDeWBEBe6fG653ChW7suaLVMQboS3hiaNqpejuBF,sell,1.114049323,356114.02989526605,356114.02989526605,balance_delta
4f8izETbyz59vic9RuegM84H5PkJmBh1CJbBbZgE2bwVHvPkTpBv2bRVsyQuL6uoCtg9NZGb6jxKwzjEsk8BJs3X,1787075330,JAGPLMkgPWRxFJekMU8DRHRurw968GGYHRMEKUWheYcD,sell,0.13668011900000002,45615.947749299,45615.947749299,balance_delta
EEfZ3RqEj9rJHoXk52CCDN7Ho4EpZXrLFgNEdAK7jPPGbFsdrQhWXEf9e7Ph48wwn5vv9DdU78ADtvQ5xpX17Yi,1787075332,2DCW6PvdpXwscZVanFmDLB7svT2STkUj2SuXSMR6C29g,sell,3.107115695,950663.388963225,950663.388963225,balance_delta
5tgyijYP3gxHke3gQv8QLMjrTvQxRBKwuf9KLJ89reA3P6TxLZmUkrfYeFP39HiVB3TPUtASuYgukniGnfSBiVeL,1787075332,8g1mx4TgKsvEGM7a8GM5yVRuC7k6gmjgdht5NbFzfNy6,sell,0.07937346,24518.48161737701,24518.48161737701,balance_delta
3WoiCAw4Pbeq4JVtHNeJH7nSP469gAW1C9QsHxqM1KWynuouoDUZ5wLZzgisC6eLSyxAxfnY6iWSVDF7bR8ZKCnK,1787075333,A1igHDVAzKcGUAbVMFV8HrCCSUfcs5YzVfW3i9895pdW,buy,2.484524314,634246.383334836,634246.383334836,balance_delta
3xxAKpcYfNoCLoj4CrnQ41JZPcm4BdMYojqLdtGhCCQLFa7ub8Y8xtFcCtzX5Tb9FTAj5TUnW5Zn4aoth5NhANY1,1787075333,A1igHDVAzKcGUAbVMFV8HrCCSUfcs5YzVfW3i9895pdW,buy,2.605549143,643808.486076511,643808.486076511,balance_delta
5S1TNhiZQfad6U5pbNeosE17phnPdYM6Y7mYUzb2Hba7jfudabT1NcukSwNCVxLUWPLgBNyqSGfig6BCrP2paZyc,1787075333,Ebux1vXaJYiugKxnBNgQbsBjbjjFK1K2k1zXjkD3tqDk,buy,2.315052418,600188.603048638,600188.603048638,balance_delta
4uVYdJ6WBNBLxzmC8CrgaT2ggiqAg6E7xoRKVmfcH35BYNSVtJwGt4gRiw8LGkDzGDRzs8FUgkfamvQHwiS7Zr4o,1787075333,Ebux1vXaJYiugKxnBNgQbsBjbjjFK1K2k1zXjkD3tqDk,buy,2.46838105,623142.017394182,623142.017394182,balance_delta
5MUnQb3HmryhgAasP8Aqctukh2RGB8jNZnfLCGxn7TpxrVVBx7vwgyHoeXyLqisBeWZVwB97avna7BeQUyU1yCiM,1787075333,GpNHGPQXQEnrrbL8paxGdEWrNEvdFcZFVtC6ztMoYuYo,buy,2.613890468,670798.8167429139,670798.8167429139,balance_delta
3AemdmeUpxrkewAsPKZADGR6QLLoFFyjiztPu4nxqW6A52KopcMGLGmth3YJ1Lg9ZYojq2x3HXrrekhdCf7rgwoN,1787075333,GpNHGPQXQEnrrbL8paxGdEWrNEvdFcZFVtC6ztMoYuYo,buy,2.286347671,570637.6088679091,570637.6088679091,balance_delta
BJ5e6oZkqUqf3yKDZR1PyFZ7VoTSxgSmKVa9JN6keKZEUPBKypXyzBjzixZhB1LXpt18SBym9nXXXazVgoSHPiJ,1787075333,ZZGtLggQHdZ2LgkDtnbJ1eVQMYLpQN7H1fjCGZAw8G1,buy,2.601640857,671219.5437996209,671219.5437996209,balance_delta
EUvwjwfX17ybvGyo4D4gLLmX9C3zEdxUWYtSnd4Vqso5DiKGuBDcxutAV8zEnUSRv1znCdAReoqAFqWHcCeXkiD,1787075333,ZZGtLggQHdZ2LgkDtnbJ1eVQMYLpQN7H1fjCGZAw8G1,buy,2.654830192,659473.4396446901,659473.4396446901,balance_delta
5Pg5wN5xyvrYKmfjSChGR4gskF6i1KDgW4XXGuEL3a7XPqCfeKmjZkgb9WAA3QDpPtCyghrzYe2sRxtPaL5WP5Ld,1787075333,h1jpvLkFT6u81HZH1zWhd4Vrf1qybKTADovXxDLrbtK,sell,0.388697951,100970.66525011393,100970.66525011393,balance_delta
26QfenMiw5TbVrSnpVFkXMyGzwk13uFWS8f2ViPcxN1uwR16GV8TifF6L64aAjoauEs43kiGGSBVMHAvPmdsBBwq,1787075334,A1igHDVAzKcGUAbVMFV8HrCCSUfcs5YzVfW3i9895pdW,buy,2.528287437,623268.6756025769,623268.6756025769,balance_delta
2vhzGpqS7zbV8282cvm1vA4BzccbQn7vhUjr52eswpLiDTpVF5szxHCFuZUEdvdZMMyUm6g7WiVGTV7QuGTzYEbS,1787075334,A1igHDVAzKcGUAbVMFV8HrCCSUfcs5YzVfW3i9895pdW,buy,2.729427022,649769.7352795773,649769.7352795773,balance_delta
2fy9PA7hKSowV1Zzv92jsGJDWsaCNcULpEEkErkGPWh6UhSei3XEBdgLTBHNzv8Ssrc4KRu3qUQY4BokfcMz8ec2,1787075334,Ebux1vXaJYiugKxnBNgQbsBjbjjFK1K2k1zXjkD3tqDk,buy,2.734368714,670612.1494697111,670612.1494697111,balance_delta
Mtq8q1ug23YXHoMQWaa6Bnpdft1Z5xjqKwZxjpRgVVc9V1SAGkkuRyjgLpHNbuCGP4xotLsLiUUEAH6EYttyfW9,1787075334,Ebux1vXaJYiugKxnBNgQbsBjbjjFK1K2k1zXjkD3tqDk,buy,2.355066229,568852.1779761538,568852.1779761538,balance_delta
5gDs763UvqPyUx3w7uzsq9sKpLvZSPiFiBFTH3AjMqcX21AnXAHTwUH5jm4Mg6p9ZyeAMyJhi1F64KVPS18zJ3xt,1787075334,GpNHGPQXQEnrrbL8paxGdEWrNEvdFcZFVtC6ztMoYuYo,buy,2.3483971,584505.1309161172,584505.1309161172,balance_delta
4v5yNJu7ULWijfAakVbRc1sbiP3PafXQia6eCRKNTo1X6vNyAh34UNCAn5wgyu8L4AF4yxXrLb9twiEAbehh4u3H,1787075334,GpNHGPQXQEnrrbL8paxGdEWrNEvdFcZFVtC6ztMoYuYo,buy,2.672095194,642350.1292467406,642350.1292467406,balance_delta
6YkrFv6fedTM9dTf7vB3rnDExE7YT4PWijMajx9aQ7odcX8GsK3xcrKyuvZLYdWxgWVVitmpuXoEqw4KU3d7eMb,1787075334,ZZGtLggQHdZ2LgkDtnbJ1eVQMYLpQN7H1fjCGZAw8G1,buy,2.404054805,595532.0426516421,595532.0426516421,balance_delta
5db96yyRptvWnhQoGSCrA9dxFTgGWi9qoVA87CEhMPgEuLx5tRksmvhvHmE1mZf3bj1DiZX4wHH5uqWw4YDtyLHC,1787075334,ZZGtLggQHdZ2LgkDtnbJ1eVQMYLpQN7H1fjCGZAw8G1,buy,2.258519611,540154.5339810187,540154.5339810187,balance_delta
64n4fyuJAWA7jCMZtmiAu1KJ8FrPENe7PxLL7ZPjCFcxQvoxQU9DNr76NNgRo5fZUebyjrwyJkDocQfxFk7FxgMJ,1787075334,h1jpvLkFT6u81HZH1zWhd4Vrf1qybKTADovXxDLrbtK,sell,0.409838123,95922.13198760804,95922.13198760804,balance_delta
zQ9vKvLatgwZbE3s9Uk2Mb6LFPFqau7agT7a8dyxu4aVy8GWUmbEMYLKJ8xc1rZ9GmDcAvgwnesTz51TmosgFcc,1787075335,2z2q5gk8TDgqCidzkXkyevXH1aDaVjWL8cQwoRbMF1Jq,buy,0.006,1337.941196211,1337.941196211,balance_delta
JvohxgZ9oBvRMjqatCtiNA7rwe5LU4gafRKz3EouHxrrYDDkR1RGwkhP13h9tTGxcjA6CjvXkVjRLrV98JQ6hyR,1787075335,8g1mx4TgKsvEGM7a8GM5yVRuC7k6gmjgdht5NbFzfNy6,sell,0.079997988,18388.861213031996,18388.861213031996,balance_delta
3obyLzn2Q9xMByb1pJ5JcyjewK61gzioYdXo7Fdtcc1TqLjiE98bnAPHUr7q9Vm5M25v1FpimvfCoGL3f6A2F9k3,1787075335,CASStbiKKzQrFvs835DagrLid7saGriDUHv39Mr8SRUG,sell,6.5971648830000005,1594245.3658357272,1594245.3658357272,balance_delta
2BgycaXn78qonwPrzBwJ3NacbaDgZeMzuUhTcVw6ZHJw9HJZGdFmvVFeGcQ6LtnyGvGbMsdFAcfRU9NQ8YJJ38Wy,1787075335,h1jpvLkFT6u81HZH1zWhd4Vrf1qybKTADovXxDLrbtK,sell,0.379805894,91126.02538822708,91126.02538822708,balance_delta
FhYAjkGCCkHnCgytasAk8WuZfYvpaa77PSJScARj2JRphtcMqxJmGn3K3BBmfvCJuM9Ekh5vAqKDp481T8EXcfX,1787075335,q8Kx1rkvAMKxRjKy2NCTCvJBWfuafpvHUF2REbayHHM,sell,6.44239652,1581091.9943537908,1581091.9943537908,balance_delta
4CHVknKUofFEAs7Qw4zTXDrtaAsMERTn9w7XWzpQu13Bbe4NavA31KpZ61uKmRDKgfYDeX4mHh4crPt1nqPdErMJ,1787075336,2DCW6PvdpXwscZVanFmDLB7svT2STkUj2SuXSMR6C29g,sell,0.951051415,237665.84724080598,237665.84724080598,balance_delta
2MwnPUUmcYKHvk6v2UD9iGHufHDro5932mer5Vs7bGPEBqQcZ2rv1dDTqMMRzNWpK5rB1g6PSCVisQBfGjyeDAjL,1787075336,2z2q5gk8TDgqCidzkXkyevXH1aDaVjWL8cQwoRbMF1Jq,sell,0.000208361,51.28742769600012,51.28742769600012,balance_delta
5jes6RFupAF9jTXsYC6t5WHQKDDJkPtNbz3rWy64i5acBhqR4gKAdoSbBpfVJ92btUXqDDkXkzweMT1C36CD2fxz,1787075336,2z2q5gk8TDgqCidzkXkyevXH1aDaVjWL8cQwoRbMF1Jq,sell,0.000249134,61.317667411,61.317667411,balance_delta
nqgMAMYCiWitWKgnHehkhPTqDV3tfX3irzs4CU1sPF67gWbvGW1EXpRvMnXTU7HGwYnUc53eFcwj6FLGxtWHbWz,1787075336,2z2q5gk8TDgqCidzkXkyevXH1aDaVjWL8cQwoRbMF1Jq,sell,0.000197903,51.28627355399976,51.28627355399976,balance_delta
4PVsVQ35WG4en82x48hy5AVK3K9wuUA1R1EZX8N4fkB1hsHqzdG4WmqgFPEHMK6ykzEtZNzXyZkyRTPE95aCSZnZ,1787075336,A1igHDVAzKcGUAbVMFV8HrCCSUfcs5YzVfW3i9895pdW,sell,6.412755199,1604148.562588154,1604148.562588154,balance_delta
4xWxQYWRFzrQTxS9zngnmpQhnejuaJ1ZcLNbZsiQsHPzJUwQEEEmxApZGtM9VJqdKX7V4nrdTDT6Ybktt23wjdzc,1787075336,Ebux1vXaJYiugKxnBNgQbsBjbjjFK1K2k1zXjkD3tqDk,sell,6.246720457,1603866.552404173,1603866.552404173,balance_delta
5Gjej8yuvBTUcwAefUXqusmY2tFb3jKypNdQ4osv5cC1YRH9cqLdPNb9HXNNyAk7G8fMFtjKL5WTHQwKmSWS2jJk,1787075336,GpNHGPQXQEnrrbL8paxGdEWrNEvdFcZFVtC6ztMoYuYo,sell,6.008651849,1562481.000385634,1562481.000385634,balance_delta
3DnmqkdYhnG8BYmB3VpRB2YyCZ4udCv7uDAtRJU6Yx5UKB6NAVQ9mBZDFF54VXAssskgQZAdeXuXDb5S6c8HntKg,1787075336,ZZGtLggQHdZ2LgkDtnbJ1eVQMYLpQN7H1fjCGZAw8G1,sell,6.367118134,1613682.114800429,1613682.114800429,balance_delta
qqUiKXfYHZZFTbeeRQZrjrkKMvbUofXASv6RcVEh5a7MRixxK8ioss5VQUUH5kjgEjSLQNQpgaoaCRK2L7drP5c,1787075336,h1jpvLkFT6u81HZH1zWhd4Vrf1qybKTADovXxDLrbtK,sell,0.345766839,86569.72411881597,86569.72411881597,balance_delta
2sMG3vxN6DiHw1ySViJBRtjFU8KquSAum67qb9UuSeyHrpVfi1NfwQTus3TGDS3k7WxuNA1ZuBbQAbiPYm5XQe2V,1787075337,8JS3bkVtpQ2b1eTBtsadyQ7TkE7yxfdb8CpDa9zqwAe2,buy,1.6008077040000002,407189.036697159,407189.036697159,balance_delta
3HeJqkwZmbok78aiF7xENhMW15DQhVqS1UNgZoWcFawhf5n21rSbEvVZe25QqPCk2P9tmY7ZDdrPWEDnki6xBDLq,1787075337,CqyTUueWZJkdcJRJ6ZaZxAXvDQFGoFnL5hkEC9nxQz5o,sell,0.7305159969999999,194335.626166866,194335.626166866,balance_delta
BpD81qZRzwYgCLY49h2L4VDJRvBvk2qaQJ93b2j6osxXTSx5siJQXdUYjiparYBHk9DV3xWVAdwr8j3kSAw6Yvg,1787075337,FCgDhFHrwS5M6LQrKt1TJ21YpF1t8Dx4KxNytbMT2KVN,buy,1.9202425650000001,486826.049270026,486826.049270026,balance_delta
Rhzaq14GkaAZpMVi5RHRSQ7XCQtXjs5ZYXVCSC7NqhyYaTpmEztrVUK4dDGDZhfZFCYWKQafVRGtD1czHWaoVrc,1787075337,GG33KgzDhbsCLzxwVpzJ5Pt2ubP5FyfDk8beZ8hXkwvB,buy,1.486449731,375407.547046765,375407.547046765,balance_delta
5noh6kdEEzy5pbGnNq3ZB7S8AZn7vbQNCLU42EiKLVgthtL9BKthmx7EwkV9YWSD4uzUr68hSTXYg8oFugM2HRfx,1787075338,2DCW6PvdpXwscZVanFmDLB7svT2STkUj2SuXSMR6C29g,sell,0.679566146,178249.385430604,178249.385430604,balance_delta
5LFFbdsm3jijVKmEM8JkkKtpDG61zsPNrNWFW77QrVfuvKQeyYeDHpiTSoQSqz5p1BEZYNxMaoHCqZQ5mAbEmnxK,1787075338,3KEdzpSYJ7sXfHKpVhSF2Qj6ZAjd3Q3dugFCZ4umWvkR,sell,1.0379564929999998,283459.55957009806,283459.55957009806,balance_delta
5DyGsdoNPjgjetu9MVLn4NRaMpm3QohV7cSXpWmhAf5Ht78XXLHNs8YXbfrQ9srvEcPYm4QmJUXwk1W9WZGhVkAy,1787075338,3KEdzpSYJ7sXfHKpVhSF2Qj6ZAjd3Q3dugFCZ4umWvkR,sell,0.520429084,144993.61979405582,144993.61979405582,balance_delta
yjKCynmPvCqyGM4DH2mCqC9Fj4jsykPAWDNHdZMmcp5JGeWrj8yE8rZLgAPwSaZvfuwRDUAZa9Kagh27QjvmHod,1787075338,Act5xzJ7DhXrdNKbRw1yTzQUmT4hYtAPgFKTP5WzPBva,sell,1.154374018,315958.86559378006,315958.86559378006,balance_delta
3NtgSk9ycJAmrvrDoDGYkeuZpCtu4fEkT5nwFjycHK8yN8D279HgDQoHW9pxw9C4g2Byym9steG9Q17HAAQkqNpa,1787075338,Act5xzJ7DhXrdNKbRw1yTzQUmT4hYtAPgFKTP5WzPBva,sell,0.580900981,161617.47974894615,161617.47974894615,balance_delta
2RLbaFVrcQaF9vQGqUyzqD6wNrjAvbghyshAS2fCTvbhdercTorAzY5MtXNwqBonr7MXzqWtXXxxjv8pkRvpGZxr,1787075338,h1jpvLkFT6u81HZH1zWhd4Vrf1qybKTADovXxDLrbtK,sell,0.592689197,164482.47582575097,164482.47582575097,balance_delta
5DcXsFwkUVKmgvdxdxP88qANFdt6ZPLoEBR13fnSdswdoMGz1nosfFtLsmcy5PsLkDGuxN7mGbu3TVYVvRxGsaSV,1787075338,q8Kx1rkvAMKxRjKy2NCTCvJBWfuafpvHUF2REbayHHM,sell,4.354105798,1185818.9957653442,1185818.9957653442,balance_delta
33fQVDBZ9TLkkR6P9Xo5qPu3CsQ1Mw6ENjDDmVt3qXFtaZAqHmXuiomAmrSvMB3VjkLt7fFLCTTbF9Sd8acKaeTE,1787075339,8JS3bkVtpQ2b1eTBtsadyQ7TkE7yxfdb8CpDa9zqwAe2,buy,1.065326098,295992.65001720696,295992.65001720696,balance_delta
4SgWKQaXm1pFrn4mwXDAK5cowsStNmGfi8MjqUjWUEKaKSxxv9SWieVREATSvJG1tAAZHRdS6goFfBftRbmrsbiH,1787075339,FCgDhFHrwS5M6LQrKt1TJ21YpF1t8Dx4KxNytbMT2KVN,buy,0.889403627,246487.36455921206,246487.36455921206,balance_delta
5H5Z5bUUpWzH22de1QPvN6tAy13dxdBkgNCFcW8Pz4n8pU41B4ZKpd5f81FkTrz4xGni9mW6XMQnD5gVd9gtGaLs,1787075339,GG33KgzDhbsCLzxwVpzJ5Pt2ubP5FyfDk8beZ8hXkwvB,buy,1.052770275,291290.14169799804,291290.14169799804,balance_delta
66Re1nNqiY8H67nCCeSX89QZFscR6rYdiw4X3ickMYp4DiaEYBpHHfYAHVyQDoVuCAid7FSNNfzDeLHUYNwmwmU6,1787075340,2DCW6PvdpXwscZVanFmDLB7svT2STkUj2SuXSMR6C29g,sell,0.48204347,133687.039072953,133687.039072953,balance_delta
4Ruxkw343dPiQJNAGoCcutfFF6uHKTJCUVH8sKfsPC7C7h9YVuetjPj7XPjPKGav6GGW2JLdn9PQJbP1c7VgjGiT,1787075340,2z2q5gk8TDgqCidzkXkyevXH1aDaVjWL8cQwoRbMF1Jq,sell,0.0048481489999999995,1337.941196211,1337.941196211,balance_delta
4yLuPY3qsQBgSS6efh75mCTXP1jAox4fCXTpkCrnbN491mnzUMwoQ6aS8yLwAoLQDSsBRuyDrr3KyV9q1HiXynio,1787075340,q8Kx1rkvAMKxRjKy2NCTCvJBWfuafpvHUF2REbayHHM,sell,3.150652381,889364.246824008,889364.246824008,balance_delta
pSwKJZmNLUBH1mDKd9u65tEfiAxxwhSxaJE8FuSyVwRAVNvK7cQx11THcJJX5wW56krYsWdS6kD3ZyLBMDUv13c,1787075341,4fNDW8qeWdWQMdtZ6ro8kkK49ZAHtiAtzcJbFvgxNcVZ,buy,2.089365204,475276.398944755,475276.398944755,balance_delta
3bMJiigj1qLNQxXo6s7g2DVLQmBTAEmo48RaAyYpCaL5qBWvX8ay6zD3c7pmpJQSdvPiC6cfF4aqvsgGU7zVJffG,1787075341,9bPSz9QGH62BD8YQarZEnfCmNk6kXGMoGgTxFVxcYZfU,buy,2.047430474,463867.395451945,463867.395451945,balance_delta
4QiDt6kCnKkyKEemAUYjufruHLZjZJ1A6Wup63fKexfgrGaaLmRwuXPtX1j5JDabjf8JnHNZktuqKG4q7Jy6kj4m,1787075341,HbYd46DFHe7vLRGKW122XDPiUzcxLw4g8hPUtwfCNpV2,buy,1.8801653020000002,424268.786065366,424268.786065366,balance_delta
3uAZPcjxBphSBcXCgpYYSKGzbVn5nNJX6vQnKy3e4y8j1cdr4rBgnW1wFvu7uihHs8NGwCCMq7oGK9iT7LQbSYa8,1787075342,2R9ca7YkK8Ta3Nv1Gn4yhzJQumqpWzxMgN1xSB5J1Hrb,sell,2.024598474,456188.39196153195,456188.39196153195,balance_delta
4qurjg4Bqyzjwot6X1Kbiw27Rp9sWFZVrYjhp7rHhrKztV3dBUvRYmLYt5JJSYx821RhxJnMdSQMPCewgtvaq9qT,1787075342,8g1mx4TgKsvEGM7a8GM5yVRuC7k6gmjgdht5NbFzfNy6,sell,0.060819572,13791.645909774,13791.645909774,balance_delta
35XkpBXkz9wKDU678F9fRyXJKXPJCA19rzxHE5AFb2YKZmnZfBhsYr6SzvhAyiYDTLKKdJVH3GA3EqqpomdvCFGb,1787075342,h1jpvLkFT6u81HZH1zWhd4Vrf1qybKTADovXxDLrbtK,sell,0.329168113,74017.11412158795,74017.11412158795,balance_delta
RJEeCawJuxRjwNnQ8dCiM3HGmwdZef7VMagJnU9MGjbFbquZgMXFJSkLfpY68qqR7CKNKPzLFr2eNb2ekoibYDH,1787075342,h1jpvLkFT6u81HZH1zWhd4Vrf1qybKTADovXxDLrbtK,sell,0.322483266,70316.25841550808,70316.25841550808,balance_delta
3FaBJVBPfNAsZeYrcjhFJi3ZqAxmhbRKAo5pp7C3iMzUaTj2BPBvQt9Huw3Z1ofoaXvXmeSLEaj9mSE7VZhdB359,1787075344,3KEdzpSYJ7sXfHKpVhSF2Qj6ZAjd3Q3dugFCZ4umWvkR,sell,0.720336265,113588.00174666313,113588.00174666313,balance_delta
5m8sCiB527nv5MhaLUHMFdKCsFqxJcbLpPbFyTdrXxeid5TRDegGFwQfScTiGR78GSkWNVSKhZSVm72tgypcsLVY,1787075344,A1igHDVAzKcGUAbVMFV8HrCCSUfcs5YzVfW3i9895pdW,buy,2.6466922729999998,419004.2022057569,419004.2022057569,balance_delta
3PxS72D2LP5ChTgV97xVDHxHwiTuBdYpM8kakAXxyZ7QG91utBERYP4GSGHZwWZrm9hJTpgg5jxRcNnF8XW4T2eh,1787075344,A1igHDVAzKcGUAbVMFV8HrCCSUfcs5YzVfW3i9895pdW,buy,2.683615946,400381.112248234,400381.112248234,balance_delta
5Hu1SqG9jBry6LyCZ1Agcyeh6GvmqvcBGYHrbD3RsAkPJzdctfmPbAmdCgyMFJRhjJ5svbrPCzvoN5LSrNdayYRf,1787075344,A1igHDVAzKcGUAbVMFV8HrCCSUfcs5YzVfW3i9895pdW,buy,2.536513549,370312.4682388869,370312.4682388869,balance_delta
2V27dDPhLBHCNmEmJE6qgfv3xxsMBz4Y38Aqoftic8LKmAThvs6V5D8CvMneP6AkdLoz34zDCLVCuYJECWn7SEJr,1787075344,Act5xzJ7DhXrdNKbRw1yTzQUmT4hYtAPgFKTP5WzPBva,sell,0.802049483,126611.13363532489,126611.13363532489,balance_delta
JsxreyeR2Qf8N2SM5jMHCJwXcSUSPpJhhMUVa2cxNqv5q1asqsJSgdK3XJy7ZLJ4qMYivi3dntarCkvrpL1Zo7M,1787075344,Ebux1vXaJYiugKxnBNgQbsBjbjjFK1K2k1zXjkD3tqDk,buy,2.265067346,355544.2984578081,355544.2984578081,balance_delta
3gDksSGN727n3mv8aSMj6DKpf5HVUZxiamtSDYbufcM9A682yj9S3wSgCjtu8zAwBLzyVvgxp3YYcNj2YXG7Grcd,1787075344,Ebux1vXaJYiugKxnBNgQbsBjbjjFK1K2k1zXjkD3tqDk,buy,2.292762483,351256.0927919848,351256.0927919848,balance_delta
4FkPDNEmV4gm6B6S7wKHddpcru9apDPWey7eKxwyHiNE3iAzXjMiKe58uKT3nzRJuKpUa3WeEcAzTuRGQW8W4i9G,1787075344,Ebux1vXaJYiugKxnBNgQbsBjbjjFK1K2k1zXjkD3tqDk,buy,2.436324324,354652.39662767295,354652.39662767295,balance_delta
PREVTV1apKgpWK5okQTKjPX76Eh6KSz2pcnnf8F3VZTqLHQTp1g5RuQZTfBMRPxYhQhWgizvA4zAVgHnzAHUseC,1787075344,GpNHGPQXQEnrrbL8paxGdEWrNEvdFcZFVtC6ztMoYuYo,buy,2.724107427,429427.5439488501,429427.5439488501,balance_delta
53HsZuZgsrLpXvjBoaVXDMyEf1sJsDrL4cy1hf69dzbgJPr8LiURd64NQdqTeNeUaYBLj3w3dUjeZDDtAZbqzVBp,1787075344,GpNHGPQXQEnrrbL8paxGdEWrNEvdFcZFVtC6ztMoYuYo,buy,2.6868654,402546.3841939138,402546.3841939138,balance_delta
tCgvdvbnYXVmEzMyigB1UsJHbyu7NVQvon8gJZZbYuPzGQSYR5zf8dYdAqPF7JuDLLNwvSZEff5cEcQHcV7zFss,1787075344,GpNHGPQXQEnrrbL8paxGdEWrNEvdFcZFVtC6ztMoYuYo,buy,2.698283328,395556.59767957637,395556.59767957637,balance_delta
3CMr9wvGZ6EWN7nz6N3tfrwqHNYkypkYm8Ye2xvJ3tDw5VCJ9QApnXdGZLp8M2vAMikZLYSkvJVizurpTv5xBxGh,1787075344,ZZGtLggQHdZ2LgkDtnbJ1eVQMYLpQN7H1fjCGZAw8G1,buy,2.37924101,378123.7480448182,378123.7480448182,balance_delta
4RpzKYB3bazveHos18s4VeqMM3QaeLk3e4nS9AfbNeXSgPx95Fw9kvdPTAxHyXVyrYqXQDZTn2oiqWBbQsZjZogS,1787075344,ZZGtLggQHdZ2LgkDtnbJ1eVQMYLpQN7H1fjCGZAw8G1,buy,2.351864227,353673.1755868378,353673.1755868378,balance_delta
5cEgvrW8oKRLMuDgD3X4yZxV9ydpuGi4uHRwgGtvSaPdS3r3pzGWSVx8WjwSsxMLKFsM6tDKDSfv5T2EqXiGsp7h,1787075344,ZZGtLggQHdZ2LgkDtnbJ1eVQMYLpQN7H1fjCGZAw8G1,buy,2.343986855,340881.8310251762,340881.8310251762,balance_delta
2AaQq26iPbMQu9YoRFh523iDBJvsJdeBnyctrrhqaurGDV5o8RJwzdQ29o5Zz5dwkYRNbV3Ls8dUnBZPqunGak4G,1787075344,h1jpvLkFT6u81HZH1zWhd4Vrf1qybKTADovXxDLrbtK,sell,0.418057364,66800.44549473305,66800.44549473305,balance_delta
5AhEME6y6AWgnw1P3a2UwKVZs7kHHNxqbJGjm3Ggm5Ra48ob2j47Wkg44XNLFPZeGvvbKTJ7WHD3QVjM6yWXXiPX,1787075345,2R9ca7YkK8Ta3Nv1Gn4yhzJQumqpWzxMgN1xSB5J1Hrb,sell,2.617989579,390276.16673324513,390276.16673324513,balance_delta
3Ecqc5jgZKp5LfSgHFNJ6EYHQdazCLDrcDM3yqhYVTm7YnsBpWTySeAeED6hEpVYy6an77ANepDnw4RJMauDFuY7,1787075345,2pUUZYtokRgDV2YzL6M5pjb1jyoHE367yU1sdQ7ac3ea,sell,4.475323802,655250.2077367187,655250.2077367187,balance_delta
39Cp6auZCtaj9ZmzTp6VTiFzeVLS5P7MeE7BpUhWMJSWnVTfAmaPU1S48L4dNqzSrLYwTfwAgj8XstW7xiDcDNHa,1787075345,2zXpLvhzH3BTAoaNpDRQPUKZqPZiQdDqc29d8wdr4UNz,sell,3.250034797,461892.8284676899,461892.8284676899,balance_delta
4NV3bbHNVjyFNjrdxFeNRyznex17mQYNEezNb7kWNV5Joy6go8vDgC9iEiqEwtKz3SiaFEJzqmdRp86Yx4wPfpcf,1787075345,3KEdzpSYJ7sXfHKpVhSF2Qj6ZAjd3Q3dugFCZ4umWvkR,sell,0.73750733,105262.00121863303,105262.00121863303,balance_delta
3wtrF6ZVJ2iEMNu97fSTYPMVjHkLbchF2BCmT3qbrBHgBhPZooR7QpRkmFx6adQf2LqU1x5VF9mVgDbWzgPELv8v,1787075345,4AXv1nmDRxosiz2Zr5bn4veEg63Ty32TParXHnTpQhzG,sell,3.1155722619999997,438379.9294023765,438379.9294023765,balance_delta
43HWPVvbKUd9qQm5v72U69R74FUMjE2DnATd1aqgbsedXCoAtHdF94moG9wWnTjkZuJaRmqoTCdjiWqKg3HQiUe5,1787075345,5ZJYjAUVMLAJGccsEMV5SNjgnBHduumHyMjjHUtSubkG,sell,3.489111914,488449.53477512114,488449.53477512114,balance_delta
28Mk3ekTPrJkouiBXiLpFkim7PF8rp7MgV85pBhTM1cP5izbTwZeU3C9rJMJN24szt5Sy4ZCTjAfL1W3WpV5o3eh,1787075345,8JS3bkVtpQ2b1eTBtsadyQ7TkE7yxfdb8CpDa9zqwAe2,sell,0.46739704499999996,70318.16867143591,70318.16867143591,balance_delta
yKEWpfr3EAuC6vvKfXoQFzQFHkjiRbnZnwnxDsGv7PVeRqaxGLHxWR458b4Syr3x3Kq4KdWs4mzk7VLARCRU6QC,1787075345,8JS3bkVtpQ2b1eTBtsadyQ7TkE7yxfdb8CpDa9zqwAe2,sell,0.460368781,70318.16867143603,70318.16867143603,balance_delta
57AZZztZCX4GkU9kgiadNdEE699XRtBoASuhsbyEDJPVMd1DmhqtSdvEvkMTSx4rPEe1Zo68qzjy9BAYWGg1EYzL,1787075345,8JS3bkVtpQ2b1eTBtsadyQ7TkE7yxfdb8CpDa9zqwAe2,sell,0.47854228099999996,70318.16867143603,70318.16867143603,balance_delta
2bXXnqu4WXC8D6GjdCrD1hhfs3SXEYuDmU8r1g6HPWqzRepHYscJGHvj2GrYCRPgkRexeN1xEtevRhGN2HbrBrSX,1787075345,8JS3bkVtpQ2b1eTBtsadyQ7TkE7yxfdb8CpDa9zqwAe2,sell,0.487247709,70318.16867143603,70318.16867143603,balance_delta
2QTtzPsmrccwG6EkJECKgDVRwC2siRH9s18PVTgfxmtA4bFJh7gMsMpXT3XVDkby7MQRMk83VmetTFhmZZqmzKpm,1787075345,8JS3bkVtpQ2b1eTBtsadyQ7TkE7yxfdb8CpDa9zqwAe2,sell,0.376934766,56254.53493714897,56254.53493714897,balance_delta
65qUSsGAHNCeazumUzDt1ddQRgiB3iFM2xBUbGdbFNmLg2gf86dJJ7YU4pc1EuXdA4mSPi7ENe8vzoq6CnjwvDHQ,1787075345,A1igHDVAzKcGUAbVMFV8HrCCSUfcs5YzVfW3i9895pdW,buy,2.333745366,343288.1427675481,343288.1427675481,balance_delta
2Ha3NgFxaUdxnGZdhzDN7Bn8HBMzcabr7ym5FVMt75E2u51ABfPRFRK8maAAhPKz2iPAeYM92WxYwrPGcB4V5L1a,1787075345,A1igHDVAzKcGUAbVMFV8HrCCSUfcs5YzVfW3i9895pdW,buy,2.673630103,371173.09484016476,371173.09484016476,balance_delta
5PUBxrCi2hRAHbehiYktdYma3q68u2WCh7nrBuZ3qby7XwRwoYpBS82dPkjdgjm1jpbNLSrMV1R9p1SdVwxeBPhZ,1787075345,A1igHDVAzKcGUAbVMFV8HrCCSUfcs5YzVfW3i9895pdW,buy,2.621900322,358337.1370199793,358337.1370199793,balance_delta
4yDkZ9AG81seuepFK7y4iib5fCeyHpooWWf4TR3fjNR2EzviLru7Bni2F5pAv8xP8GdHLucR7SKvNJYnR3UwscaN,1787075345,Act5xzJ7DhXrdNKbRw1yTzQUmT4hYtAPgFKTP5WzPBva,sell,0.823167724,117330.53753985511,117330.53753985511,balance_delta
2qa3tmFyKpXVXwm1nM7BNNQSwqYLkHsLw2JnWoLEFUvsjtRQrahDrCJtv1wSbcq5CFiNK3bCSaVQepGUvzW8Qv8F,1787075345,Ahekwy9V7q2tmqJdTX92TAtEHM4pafQbsfc5oLakbZs1,sell,0.282051762,41232.80585288303,41232.80585288303,balance_delta
4vV5cNb5uzv5J1jnPJBgUUDYVQA5z7TGPMV7yaUpHUeRWz5fsLoBzrYeJM9SWuFsaycHELtoMi4zxtUmjyGDVUMw,1787075345,C7PNbARVAHeskaefdcu7fy21dCN3qNANKuT6Cka2av4L,sell,0.235995872,34561.34692603699,34561.34692603699,balance_delta
5qah2tgQzTacfebyq5CHwNFSzAqFnRWv1UWhHfqcvdjqrwf1jKtBMePXxqszuvQCB3pkEEKczbU2otgfmteG7n5E,1787075345,CHvWpTWTZXUMvWfX7jmy8vhHbAqn6YvLc8wBxXYi4KiW,sell,2.0040248110000003,303479.11159497185,303479.11159497185,balance_delta
57Yj8eL28WUtmnJaLVQX7NDhXJzQgVZAQpPmN26KFckaWk9i2vrdTLFX5u7fsYfuE915TKV5rQSobeqinehDCgBF,1787075345,Ebux1vXaJYiugKxnBNgQbsBjbjjFK1K2k1zXjkD3tqDk,buy,2.640214451,385526.4391252324,385526.4391252324,balance_delta
2XmtpvwbcHtJRYsekZzCHzFQLYMRVCV7afto1w8HAPPq7wwBxsikxdRonBDhpXjfJw19wnPgHavzmq4qVGNARYoB,1787075345,Ebux1vXaJYiugKxnBNgQbsBjbjjFK1K2k1zXjkD3tqDk,buy,2.538187169,362190.5615613386,362190.5615613386,balance_delta
2yKpARGW9a9t7iMd7TsFJX9yZ1aBDp1q1Dnx4wF91c4uZKSk1p51NXT2PCG3imsR3hXczk9AiLkipCr9nJjuRojF,1787075345,Ebux1vXaJYiugKxnBNgQbsBjbjjFK1K2k1zXjkD3tqDk,buy,2.3766616320000002,327096.415752416,327096.415752416,balance_delta
5K22epe6gjx5yqEkfrr9r9FzEdXkurUp96sntE3k7isQpnBCVxymYGLXv36CMW2JDpQ63BNf5feg9TEEVxRH3i1t,1787075345,EyVaGh2eyp6zFPWLAiXx8wzEjn98VktPaANra78vkAKm,sell,3.3568280169999998,474654.11481029354,474654.11481029354,balance_delta
5voPpPd4mN8zER3upGMpiJjogzu2iAvMbvuazek4o2qkgAcH8rSnouBZGLsqAoKn5T8W7Ug56gRkdTeMH9U9nFS4,1787075345,FCgDhFHrwS5M6LQrKt1TJ21YpF1t8Dx4KxNytbMT2KVN,sell,0.48824737999999995,73331.34138292307,73331.34138292307,balance_delta
khLiCiPK7ExqBGTWHy4UBC6Rh2Kyk9wswz9QGs7iKycxgJWnrxLdkPdFTsRm3xusybJCGXfev5zwkkF4rkJeMjx,1787075345,FCgDhFHrwS5M6LQrKt1TJ21YpF1t8Dx4KxNytbMT2KVN,sell,0.48056528099999996,73331.34138292295,73331.34138292295,balance_delta
2tkNon9pccnr6Dhg9tvHy3mVjQvjDVRbQBEG4GjnQewaR27GCh2NVfAskFYVSKKqK8Q22FUs1vbMdC5cqAxbwodr,1787075345,FCgDhFHrwS5M6LQrKt1TJ21YpF1t8Dx4KxNytbMT2KVN,sell,0.499539066,73331.34138292301,73331.34138292301,balance_delta
heJPQ91LUNZ4cQVD5D6QAhQFnUkENDQs5YF6kNv3SjP7YDbFfoed9Y3w7nPSWaxazb9j19boxPrRPhmnVZKCpK5,1787075345,FCgDhFHrwS5M6LQrKt1TJ21YpF1t8Dx4KxNytbMT2KVN,sell,0.5078398310000001,73331.34138292301,73331.34138292301,balance_delta
5WxyVSJuiHK5eNWa9hyPm1XLC4V9S3bspjpEhh9C1mo3bvzdTuqMSJwo7dG11hvENLpiTvx8FV7FTuXWkSmQeb4a,1787075345,FCgDhFHrwS5M6LQrKt1TJ21YpF1t8Dx4KxNytbMT2KVN,sell,0.39295352499999997,58665.07310633897,58665.07310633897,balance_delta
4JY9S24GgGDcphdjwFgaKgF2Nz41XuD2YuFmSWT7YW1LGuXFXm4VjAQk9AoXbDrSVUgiQmqfFUuufDLPonPwaFt2,1787075345,GG33KgzDhbsCLzxwVpzJ5Pt2ubP5FyfDk8beZ8hXkwvB,sell,0.443338116,66669.76887447608,66669.76887447608,balance_delta
2MmYmL9T4ZdsWEPXbUUrHeKTmf1f9kpm5EsBFGDkKWcXQXimnaTYDdf3x93hqoygrjXAbNSx4nhyNfEXyGQntRk2,1787075345,GG33KgzDhbsCLzxwVpzJ5Pt2ubP5FyfDk8beZ8hXkwvB,sell,0.437003985,66669.76887447597,66669.76887447597,balance_delta
3fDLiqhBoq3dJNtKatQ2sJnExEJcSkVnupGMpJopfg6BhS9WvVtoFCDiMFdTZgaFvwinMayqeLLnpKqRBhUaX1LQ,1787075345,GG33KgzDhbsCLzxwVpzJ5Pt2ubP5FyfDk8beZ8hXkwvB,sell,0.45427326599999995,66669.76887447597,66669.76887447597,balance_delta
4N8RdGjMytqTNqZuEdQjGtmPhvvBLfAvZH4zgswPoCLaZzf3Tju7KLYfeLranwEkvfNZELcGyfgQ4UX2SEXALz5Q,1787075345,GG33KgzDhbsCLzxwVpzJ5Pt2ubP5FyfDk8beZ8hXkwvB,sell,0.46481483599999995,66669.76887447602,66669.76887447602,balance_delta
2mdrnrof7diag1xYR7pFfbKTwzw2HyDdh78fqcEeUvcPou92rR74hjDfKr942fguN5XPtFQCzFDrbKdEStaLcT4r,1787075345,GG33KgzDhbsCLzxwVpzJ5Pt2ubP5FyfDk8beZ8hXkwvB,sell,0.35745657399999997,53335.81509958097,53335.81509958097,balance_delta
3eDu6t8h4x2si3CyCC4LeR3BcuhNLUKmDfDE36uSym6rtCWgWjgxnftrQ2tTXcA6FJvLGnLn4tMamYULZ3XpixpB,1787075345,GHJFdDSYx1kGg7nLTDZ7B468SqHsqySZwHRSxs4DgEVk,sell,1.967259487,298855.209789451,298855.209789451,balance_delta
2iz45wu5ZL47DLrfXvRsGVTMgBXYEj77yrYZBFHbGJR3RCAfXvcGahDJzKKs4zNz6DAB9Cy9qzj5wSYCQNfyHeLE,1787075345,GpNHGPQXQEnrrbL8paxGdEWrNEvdFcZFVtC6ztMoYuYo,buy,2.400545925,351842.8076701956,351842.8076701956,balance_delta
2qMy99WsNyxJHV3CW6HxLaEdHyiQXYwSdRpev3ZH25cZiZYdQHd49a72pD6EHoUvb39ZtVQP8zBiUBwJVKHFAf4s,1787075345,GpNHGPQXQEnrrbL8paxGdEWrNEvdFcZFVtC6ztMoYuYo,buy,2.410261973,345206.83555989014,345206.83555989014,balance_delta
4vJitDK1BUmBCxsArGBVzgqrkJjJaZSAgN8ieF1PVJXFE72cQrDvwcakP8XYU8oAi3iQSbYqfG2HZtETrCnoFeV7,1787075345,GpNHGPQXQEnrrbL8paxGdEWrNEvdFcZFVtC6ztMoYuYo,buy,2.732730252,372021.9343506512,372021.9343506512,balance_delta
5jDaY5hhK46Cku63NHfX3ZT6sTCo6baL27RPixTSubcG4sV2LpUW6WTf5sgaEGwsV4atvhHH5vYJDRQr7zTBCH52,1787075345,JAGPLMkgPWRxFJekMU8DRHRurw968GGYHRMEKUWheYcD,sell,0.274491014,40598.19349687599,40598.19349687599,balance_delta
3vDMmRHSbMDNFtTceLbNuBqNDpKcX1u9pEHVCHDfQBABEUMpKptEPX6kRddu4L5LyngWJ8zUVsxKk7MaDQoZihRF,1787075345,ZZGtLggQHdZ2LgkDtnbJ1eVQMYLpQN7H1fjCGZAw8G1,buy,2.640602314,389996.1774733858,389996.1774733858,balance_delta
4uDTKz3PSXzot8JHKz47vc5X345w9rJecgX6xiLZLsWrLEVsMNfDjfLyrdVmQwDAvd676MDRQsjLyKW2QUZT3oVA,1787075345,ZZGtLggQHdZ2LgkDtnbJ1eVQMYLpQN7H1fjCGZAw8G1,buy,2.3930288109999998,333428.83327131206,333428.83327131206,balance_delta
3H2P1Erb4P6VSvUyV7JXxzectCJQTr6E8Bakr74ybYjWPeay7cjTWyG9B4grGsNAc7868KsE9CpDEteSbvxAea7P,1787075345,ZZGtLggQHdZ2LgkDtnbJ1eVQMYLpQN7H1fjCGZAw8G1,buy,2.2838158500000003,313206.6235337001,313206.6235337001,balance_delta
3p9uUivdB2TbqjzjvgEx7jmdkp1iKPnBucpv5N4wQNQ6nyhyrsYYQpfRQUMQuo1f9M278eet72Y8hLPG717F1Moj,1787075345,h1jpvLkFT6u81HZH1zWhd4Vrf1qybKTADovXxDLrbtK,sell,0.42517155199999995,63460.42321999604,63460.42321999604,balance_delta
4WLYQPVfDknAXV3Hxf5eoAHQw4smHtbub7aGpq7UnoW2kDwNHFWitYvqqG8ZpRABsmD6D7NpcqTooDDszfCDVYCo,1787075346,2DCW6PvdpXwscZVanFmDLB7svT2STkUj2SuXSMR6C29g,sell,0.669612958,100265.27930471499,100265.27930471499,balance_delta
4h74LepmGzhMxuYR9PLQ2oeT4HUUsRTzx9c68LkKsTBnRrPaABfiLXY7MXYCX6G4gWAV8ReSahw4kedjeWqwJwH6,1787075346,2R9ca7YkK8Ta3Nv1Gn4yhzJQumqpWzxMgN1xSB5J1Hrb,sell,1.809749531,292707.125049933,292707.125049933,balance_delta
3ZRk1s6j25TFZwNZ4C4iYHSQC1RsPWUSWrUqgJEk4mFCDTLQTpmmaLeAc46H1Rhej5d3xxA8U2xtUvsqqYFGzpmQ,1787075346,7RyLnk9AfBaWKD56fqDHt9hYHcLTtpZ5sVH4NcwNJ7gj,sell,7.955796908,1174860.090589759,1174860.090589759,balance_delta
D7aW4oJPQ1BAQos6dHGQqyLtp48poucpPe9SEMEaF8WZtLBGh628re7praYzaEhkLojgHZC78dP8FjSoqqANoD7,1787075346,8JS3bkVtpQ2b1eTBtsadyQ7TkE7yxfdb8CpDa9zqwAe2,sell,0.37630505599999997,56254.53493714903,56254.53493714903,balance_delta
25bhEfM9FPY4cRBNDVfrusMJjB3ewutnHdwRRnjqii3BdLXgyBYmvSyHFf4ZdPhMTwbDJKTKryWMqtAucYhKnH2d,1787075346,8JS3bkVtpQ2b1eTBtsadyQ7TkE7yxfdb8CpDa9zqwAe2,sell,0.281826696,42190.901202861976,42190.901202861976,balance_delta
4pT4bH4L55AaknksCwTmKgZ6SEb9YoXtv4KWE1RUt85cq9TNajoVNVNEbZ5deA1ddLB7gPATFWudqswsutEJvLAK,1787075346,8JS3bkVtpQ2b1eTBtsadyQ7TkE7yxfdb8CpDa9zqwAe2,sell,0.170121607,26720.90409514599,26720.90409514599,balance_delta
2LUofrACSWww1S1F7DwqNJqxLrhTzuWaXL46BDXvEkwfBXiqFPUT5oTEncwNE1ydGSoBDCFuLZmw5mc1VbzFFusv,1787075346,9Nc7QXztAZyyhrza7PMyBLL61YsL7NXbRRkHNcU3Vx7i,sell,13.533164365,2065877.9536134228,2065877.9536134228,balance_delta
3j6p9nf1pT896GrZwr5XArc62kSpcTvbebiMGzA1WkdVckEuGgsuxxyLHJhmYEAKLc7VccerwFhKzsLB6UWvUUFb,1787075346,Ahekwy9V7q2tmqJdTX92TAtEHM4pafQbsfc5oLakbZs1,sell,0.235223436,36697.19720906601,36697.19720906601,balance_delta
2JBFUzPy6BhXUwqAzxwBi4QPRqpW5vkrfGbTHnckopK5QmvA9LN1gcUe9RUJy7QPK51hCe4mAH3G1CsPkg16JicZ,1787075346,C7PNbARVAHeskaefdcu7fy21dCN3qNANKuT6Cka2av4L,sell,0.196771355,30759.598764172,30759.598764172,balance_delta
4Pc9p9jA8q1tPmSicszuwGDTJJRbrSf4nQismdeHHdJvoRC8YfYyHPpZdqfeaTQWAYFpaqD4nQUpXq8cKyia6K17,1787075346,CHvWpTWTZXUMvWfX7jmy8vhHbAqn6YvLc8wBxXYi4KiW,sell,1.5294579419999998,227609.33369622903,227609.33369622903,balance_delta
4yRwqLC8ezK8mhjX3H1UeJBGBFPLvZqo2rxV9YSJeZL8Dw31hZyYjnPd6LV2MNeBQhiuAootuWLfwSARzEcpFX5h,1787075346,CHvWpTWTZXUMvWfX7jmy8vhHbAqn6YvLc8wBxXYi4KiW,sell,1.471827682,227609.33369622903,227609.33369622903,balance_delta
5Eks1R2QrPzLfKPH6jG3upWiEYd1YXC4UwMmDVJMAnideAe4pvX7bpXvYb1AeCVARsi5ZUZeDzAbw6h5r6UnXSLJ,1787075346,FCgDhFHrwS5M6LQrKt1TJ21YpF1t8Dx4KxNytbMT2KVN,sell,0.392297444,58665.07310633903,58665.07310633903,balance_delta
AuacPGC7r1zTcvqsoxGzme1hkWb3B8NZpWwC694Bz3zWqjvBzRDRTbYZ4ykmpzp2rmxmr5bshi4u6kCfu5S6KCn,1787075346,FCgDhFHrwS5M6LQrKt1TJ21YpF1t8Dx4KxNytbMT2KVN,sell,0.294145312,43998.80482975399,43998.80482975399,balance_delta
mvxDJuSTZdX7627SQbA7c5rvkKdoFjBrm3pKRmkmS8K3HEBGJFrqmd88Xzy6u1121sbDsUd8m8sNTyf1gvrGL1T,1787075346,FCgDhFHrwS5M6LQrKt1TJ21YpF1t8Dx4KxNytbMT2KVN,sell,0.17746773000000002,27865.90972551101,27865.90972551101,balance_delta
kZsQYsK64aSpAhavZ4SMTyZ6Zh7yEqjfSWFuMhX1QnB9Ze1gTKWiCh3khEPkKD2mT2g7AYH6EkVTMZJhg6pbTQD,1787075346,GG33KgzDhbsCLzxwVpzJ5Pt2ubP5FyfDk8beZ8hXkwvB,sell,0.31229780799999995,46668.838212133036,46668.838212133036,balance_delta
4eXhuTPK34FpbjJJjo4HPvGbUFpa77nngyEeBwo9df2okPdkpoxecjymhhQ1xBt2UY3mf6Rs4TzxGsfv4VWWDaEc,1787075346,GG33KgzDhbsCLzxwVpzJ5Pt2ubP5FyfDk8beZ8hXkwvB,sell,0.35675155999999997,53335.815099581,53335.815099581,balance_delta
5Un254FbkBAhKmtfmQJ9muzXcpBsNGBai14p93tQukSVSA7pKcQFUbp5VYcxNkTpjv7FjRphG39DE1iVwwmLz5iF,1787075346,GG33KgzDhbsCLzxwVpzJ5Pt2ubP5FyfDk8beZ8hXkwvB,sell,0.156770047,24667.814483555994,24667.814483555994,balance_delta
35AY6GkmvRrmmDTgdoRrfWZk8Uw55FM5o8Y6wNNSWPk7wr2ZtDcbG2hrnYDaztfhttTmdrnpAT4zyCFs6Q2iNioT,1787075346,GHJFdDSYx1kGg7nLTDZ7B468SqHsqySZwHRSxs4DgEVk,sell,1.492986107,224141.40734208806,224141.40734208806,balance_delta
34KDbVQiugV7GwdEa9WEYxxQBijx3zrG3qvth6rmi7ofQ82hF63b1iQJ7wzSj81iKwFXLs4v3xEtzh5Zn92SMtgw,1787075346,GHJFdDSYx1kGg7nLTDZ7B468SqHsqySZwHRSxs4DgEVk,sell,1.448383822,224141.407342088,224141.407342088,balance_delta
3xjabjBr2aZ5HkRkZH3roXqH8ZwqQvNTQKxGmjhkDiReDxD2SEHHKHhinBZxd9YWEePu7dPQfFdfZT3KHdGBg3jW,1787075346,JAGPLMkgPWRxFJekMU8DRHRurw968GGYHRMEKUWheYcD,sell,0.232202577,36132.39221222,36132.39221222,balance_delta
2gqWdX1cbt2bmhKM1t6RWVTMtBmRUSQ1vLLAqNWvT1cBxBp9toVkvrEfhnHoW3fGaQCArcBGvkq8vM8fjFLUQfqm,1787075346,h1jpvLkFT6u81HZH1zWhd4Vrf1qybKTADovXxDLrbtK,sell,0.783736823,120574.80411799299,120574.80411799299,balance_delta
2iHfY3gZ64z3czxCWePc73RWJ6WHpZXavn96NZuZrKDvAgktTdQQrdptgSfjKw6g4aFDakTLd7bjmsPtyT28eLTd,1787075347,2R9ca7YkK8Ta3Nv1Gn4yhzJQumqpWzxMgN1xSB5J1Hrb,sell,1.265781354,219530.34378745,219530.34378745,balance_delta
23MGho1kAyZqzHPCtVjkbvwJ9yzy22atJqyismUG7XzkKWwDEDepsiS3pBZQmMWBPsq7XFvdWsaPSLTQXNWt7pTE,1787075347,3KEdzpSYJ7sXfHKpVhSF2Qj6ZAjd3Q3dugFCZ4umWvkR,sell,0.593605904,97546.29652930703,97546.29652930703,balance_delta
4GEXmJge6CN7a5J94WPJWQhnfNfVUYF4uMhmsEfKGAEsRgasDG8xNDpjHd5po2Dn7V6GC9rpFuneVKRx7qAHZajy,1787075347,9Nc7QXztAZyyhrza7PMyBLL61YsL7NXbRRkHNcU3Vx7i,sell,10.896055017999998,1859290.158252081,1859290.158252081,balance_delta
4u6BJYeftQ2LfRhhCCNf5jkg8B3sABAMS2XsqVUmgf6R272pwSHkWp5Lx8ubf5ZPY1q4Pmy9TquxoSFmPB8hs9Cu,1787075347,Act5xzJ7DhXrdNKbRw1yTzQUmT4hYtAPgFKTP5WzPBva,sell,0.661308211,108730.20913818385,108730.20913818385,balance_delta
5TDzz7MYmDUBp1t9hPJeCfxxkHGr5iotCHBQrfM58BkKUE6MNLZaeXmxo3j59SEEmQp2SFPhiBLD9Scz5bgfVxp2,1787075347,h1jpvLkFT6u81HZH1zWhd4Vrf1qybKTADovXxDLrbtK,sell,0.6694370150000001,108517.32370619394,108517.32370619394,balance_delta
2Dhe4ut22cABGr4uQAagq9f75rXFNnTuRSFrNUPXfsnxcfC2PxeutPF53pAoTqr71Xd4LHRGe213w89nMPTtr6pK,1787075347,h1jpvLkFT6u81HZH1zWhd4Vrf1qybKTADovXxDLrbtK,sell,0.578330455,97665.59133557405,97665.59133557405,balance_delta
25QwMeiqfFYQPEncJ3hk7LD1MhEJvqhuGwjqrZZshL1jeuRpyR3HCHrx1MkHpjWYSeyoY3FzRycByj4DR7wuFtAW,1787075347,q8Kx1rkvAMKxRjKy2NCTCvJBWfuafpvHUF2REbayHHM,sell,3.9122498759999997,667023.1851180058,667023.1851180058,balance_delta
3dB4wTaYP4irEQSXmr9aw5wYJJQqjTJspk8GZfiTzA2AgTBKEv25EzxnsALf53t3naWdCK8Y5RvsFAvDeNhbsFnm,1787075348,CHvWpTWTZXUMvWfX7jmy8vhHbAqn6YvLc8wBxXYi4KiW,sell,2.650387566,455218.667392461,455218.667392461,balance_delta
63yo93u5Q3S4veXKRS3dRKaCxvUEE5S1WWbuZhrZ3wtHKNsVxB9MH12J61WwEFqcbdoiuBUfVxdeSr5MA2cwd3mf,1787075348,GHJFdDSYx1kGg7nLTDZ7B468SqHsqySZwHRSxs4DgEVk,sell,2.6216065029999998,448282.814684179,448282.814684179,balance_delta
2zUU7AyroPbhbypyY7iEwpVNnjM48C3o6ttHSMYVK9vUrHZcfQb9tnnFYukGb2aMuMNiZ6aStF14jp6ckcxe2fjT,1787075349,3DZNVBQxpaowav4Prz5fwyTG8ReNW6aL118Mod8fJxrg,sell,1.782789555,320737.1900629201,320737.1900629201,balance_delta
2T9aNoqf8WPTJtzPhUAM8ZsQgvRNBPJ2HADg4yJnj7reoDA51dVDUbxTPjDVK2NVNdctrkkDTuSEk7To1AxAX9mK,1787075350,9Nc7QXztAZyyhrza7PMyBLL61YsL7NXbRRkHNcU3Vx7i,sell,9.960598205999998,1673361.1424268726,1673361.1424268726,balance_delta
5TBe1RUM2nqRck4PhvkuYBERpKM8YRoYW2dUziwpqX4xYdLefQ6RFrqSGwUJsFV1EE1HYQ8BjW5jaocmJRbD1JAU,1787075350,q8Kx1rkvAMKxRjKy2NCTCvJBWfuafpvHUF2REbayHHM,sell,1.173524546,200106.9555354009,200106.9555354009,balance_delta
3fH2ZFSpmRmCM2xrErbUS9Ja68SzAZmV2WqTvA1ZJjNzx76skzQTysPMGxpWidFGXJYbp3rs9hqeL8137XLjWSc9,1787075351,2T7W5XtariS53AbHY42u8CZzAyrzvNzGpeWcHsARNGkx,buy,2.723339508,356818.489047569,356818.489047569,balance_delta
3fAPDqUHLZ5Deb1W58E2J5QywghJFBqQ28oPf1XHnLTCN77L37yD9QFLapCL1AiRjpgHMqTTVM5WaHnj4ntSBfB,1787075351,3XQyz76yGTfdVezAEX32drhFBK6Zdqu5vP1C1ocPXVt2,buy,2.7502762699999996,363033.581195266,363033.581195266,balance_delta
5MpRQ2wvvf6d1kbqyLJXpyH9JNWuRXoetvw8qDELUiRruxCGwduknGJL7vyhzKDTmyyoYRdqmYBbxg7sSCSMkJfn,1787075351,9Nc7QXztAZyyhrza7PMyBLL61YsL7NXbRRkHNcU3Vx7i,sell,10.00131021,1506025.028184183,1506025.028184183,balance_delta
2EKxQrG8GHAz7mXFPjEj7L9JnhskjuMyE5W8vM6XsqrstTxy3nrETNBQadWbhXtkCJrP79VFJovx1YwGrbgzLpM3,1787075351,9Nc7QXztAZyyhrza7PMyBLL61YsL7NXbRRkHNcU3Vx7i,sell,9.220470770999999,1355422.525365768,1355422.525365768,balance_delta
2D82EaBu4SH8NEGGuXbewR3epYQynVVBijRvEqDVRubAfxfa6mUm4AhUHSPKzoadjJPP2NBHkxZuYNNNhicRFXv2,1787075351,FDQKtMRyjWHPxyvtuWzqypyn3JXmCtv3CH9tKQpLbtPD,buy,2.320823558,304815.992575858,304815.992575858,balance_delta
3foEjuuD5EdVJWNk5TQr5qgny8ZDJSak3nDQAzgPTrQmQABAsM9pkB82RnYMmwSqJSuPoLdJ73VbLZb1zbuzvhvH,1787075351,FMrLCzfeRZLiawdoj7PRiAyo3kwbYWJ7XWQXgxmeHr8w,buy,2.283211288,302049.539203779,302049.539203779,balance_delta
3xg2ToZfuCb9T6LQ5J4mRP9DWjE2xgv3yaSDYPbgLaSafmBQx4Gkf4V2cayU3GQRo6oK7R5Y2WidybAow5u6nHqC,1787075351,h1jpvLkFT6u81HZH1zWhd4Vrf1qybKTADovXxDLrbtK,sell,0.28640673899999997,43949.51610100793,43949.51610100793,balance_delta
5Gq2xj8okeT3tHLwzexVW77Fxgpus98JoukrsyGQxrANyUixtWiTST2tY5zo84FcV82vt7WkxdUC1Wrn2tNW7xvf,1787075352,2z2q5gk8TDgqCidzkXkyevXH1aDaVjWL8cQwoRbMF1Jq,buy,0.005999999999999999,753.75084786,753.75084786,balance_delta
5qvVEPfbAMhL4oxc1VW3k1mMDe3h8QryQQpTG6ywBaSpKWHB4EkZEpoUr2wVFqenqs6G4yKoBNXMTBJvAbvrJR94,1787075352,h1jpvLkFT6u81HZH1zWhd4Vrf1qybKTADovXxDLrbtK,sell,0.32168407499999996,41752.04029595805,41752.04029595805,balance_delta
qFf8VY5mk1GLQ7mvmXP5qCPi4WjZyj1ysS3G62smGEtMJpma7o32J7qGeeuRebbe4ScYChxUmvmyRgfqkmBPF4P,1787075353,3KEdzpSYJ7sXfHKpVhSF2Qj6ZAjd3Q3dugFCZ4umWvkR,sell,0.73864777,90396.15299370885,90396.15299370885,balance_delta
61nQzPUvaESudVrtNkGwjPG5BpjxZc7i2hVY2LpQzNccgAf14KNTfSy1qNrqtA8WwdHGoco7sLh5vNSNPKKK86iJ,1787075353,3KEdzpSYJ7sXfHKpVhSF2Qj6ZAjd3Q3dugFCZ4umWvkR,sell,0.6164145400000001,83770.11497927015,83770.11497927015,balance_delta
49Xh8DTCrrBfSkwY7M8Z4nGZCTAA1hKDGxmM1w2ua4ZRfea5U9qpoGHAZXWg9JFmMT8x5sCwz3w84qwmvTC9Yexf,1787075353,93u5BsWsPxuLRzcDqwecZV9TiXEV7qNavef6fscPnSb5,buy,0.52337835,61618.735655549,61618.735655549,balance_delta
5yZ3SwvweohaZrQ7g939n7PzH8G1ymLHrJVWtSg1js2Hr4BLRFn5YYtNb9pFBM1YCPd77rcPaiP6Uv1axQ7LNXQf,1787075353,9Nc7QXztAZyyhrza7PMyBLL61YsL7NXbRRkHNcU3Vx7i,sell,10.112308292,1219880.2728291918,1219880.2728291918,balance_delta
VGuibwDB1ndguzvhfq5avd2uZT4EL9uaozWTDxanTXaEAo9qWxE5jjNJDRFyyZDLKuoH4qPXPEhL2cYZMzbUdgq,1787075353,9Nc7QXztAZyyhrza7PMyBLL61YsL7NXbRRkHNcU3Vx7i,sell,8.948533093,1097892.2455462683,1097892.2455462683,balance_delta
3N1rwwMNACpd1pXJw9yVBu2cehPzWtmhhin2baf2j2caBd8DhNKNSQBJXxXG6BcF612jNPwxrWaBzg1Fgb6JfGkD,1787075353,9Nc7QXztAZyyhrza7PMyBLL61YsL7NXbRRkHNcU3Vx7i,sell,7.261329198,988103.0209916458,988103.0209916458,balance_delta
EGDxVmdzMgvPtVDeUp7g3ups36H4e8aEGniDLZZ5TB7uQyeg57YdgQu87mHHv4fXCQeTr3GBsk1wgPCLi1aJDq6,1787075353,9Nc7QXztAZyyhrza7PMyBLL61YsL7NXbRRkHNcU3Vx7i,sell,7.221099445,988103.0209916439,988103.0209916439,balance_delta
2K8DF6v3q76gyidwBG1ANgEc8d3ZRWjMQ843dWj4i5XZDLWKYWLjivU2i1VEMcoNSFacaqqjf6Z6CgGshn4azSie,1787075353,Act5xzJ7DhXrdNKbRw1yTzQUmT4hYtAPgFKTP5WzPBva,sell,0.822534241,100760.28480835515,100760.28480835515,balance_delta
3R3np9AJWXQu8TausKhXm499cPjG2kyBgvsUHQB7TWAMt5cMhb3tZdDUVGQb1htsjEMAqwj3AZ8o3VuUNtPVhmyn,1787075353,Act5xzJ7DhXrdNKbRw1yTzQUmT4hYtAPgFKTP5WzPBva,sell,0.6865302010000001,93374.55593190202,93374.55593190202,balance_delta
2btN3923ykr35Juj4UZfJq1tdn4WNkuPUxQtMiEvWdRLxpz3HrWB7w5mS8HfQ8xNi52tRdP1CWY2HxprRu69qrJq,1787075353,GEPiePuVYQcbShk7ACa2YASeLuRHqvcSZpS89keWZecG,buy,0.49849996999999996,58597.279968521,58597.279968521,balance_delta
4rRu7zQgAKYpZAddcxRCpuAYwnQ8o8Zw7RW1fQ7bqAvSN4edGArxqw49vuLfbfq6MNn2JuvGNVep2NLzUit8cB1P,1787075354,2R9ca7YkK8Ta3Nv1Gn4yhzJQumqpWzxMgN1xSB5J1Hrb,sell,0.46619002,65859.10313623492,65859.10313623492,balance_delta
3DXURTE1fBwKzLrzxX24r8NV2eCqZqyRTLQpYSp67ZfKsqB2NGKAgwmRc8F4cYTBdquQ32Z1eKjCdwkbFAXTSN7w,1787075354,2pUUZYtokRgDV2YzL6M5pjb1jyoHE367yU1sdQ7ac3ea,sell,3.279970954,458675.145415704,458675.145415704,balance_delta
5qNgKMczyz2ZmX1TSkTdAND1s5cskckqZ6kZ7JV3Tc132Xtf4BeRHQjgBTVBzFXtro5EFnNsKxz26fNvrhQWaFF8,1787075354,2z2q5gk8TDgqCidzkXkyevXH1aDaVjWL8cQwoRbMF1Jq,buy,0.005999999999999999,810.8497880599998,810.8497880599998,balance_delta
3rmEYgzBuHbNn8AdYJeNVBUoXS61bFjzq5wdm8Waa5x1Edg9jWUE7CmvwcDcQfwTDtFtBYTongD2VtmVFtMWBAvZ,1787075354,2z2q5gk8TDgqCidzkXkyevXH1aDaVjWL8cQwoRbMF1Jq,buy,0.005999999999999999,810.842555837,810.842555837,balance_delta
41vF9pewkiVdigQS655Mg8BuN2sDGzRTJ7iSceZSn7ZquECrdbhhfVskao957JrnPf2ZM2F5zPfG3zQ3ZpLNzfXD,1787075354,2zXpLvhzH3BTAoaNpDRQPUKZqPZiQdDqc29d8wdr4UNz,sell,2.967755421,415703.54562092107,415703.54562092107,balance_delta
5ZFXBGBYxk2Wqp7xcZTRYNSmZ9BhQZM47zPD4oPkoHjg1PDRdQHV4s719i1biqQbkEvv8yCbYdc9tB9GGsFgPnmb,1787075354,4AXv1nmDRxosiz2Zr5bn4veEg63Ty32TParXHnTpQhzG,sell,2.8290452200000002,394541.93646213785,394541.93646213785,balance_delta
25Sw3ih4CjTXGrk8FoyhRiTXmPm5bFRrVCU1BTokrRDDi3SvA4mCA4sqypcjpxEqN3NSkadHdWMdmiYGhTvw18Tc,1787075354,5ZJYjAUVMLAJGccsEMV5SNjgnBHduumHyMjjHUtSubkG,sell,3.16672704,439604.581297609,439604.581297609,balance_delta
6kVjmicZiEajSLd4sxvqBiNgv6GgQLiqN1Y2S7TQdHkPxqjfaExaBNHdayyuRtbEKwhLJDC96KNANwMuitx3WTn,1787075354,8JS3bkVtpQ2b1eTBtsadyQ7TkE7yxfdb8CpDa9zqwAe2,sell,0.17225915,24048.813685631,24048.813685631,balance_delta
2odk2C6n9ftXSB9uYaC9JiaEdM8DL3wx4cnuS69XSfnHHNQkCAsjxxZ3aePBz2YgamLDtuKD1S5ntVw8z2BvMmFv,1787075354,9Nc7QXztAZyyhrza7PMyBLL61YsL7NXbRRkHNcU3Vx7i,sell,9.607935547999999,1333939.078338719,1333939.078338719,balance_delta
qmL6PK5yuf3fnP7ETBoLp2uazQbtUe9Uu6C5qVMUfu1LL8ykpv29QiMKL7UjwZc2A2Eo3ByMCfHTHaLoV3bbCyU,1787075354,EyVaGh2eyp6zFPWLAiXx8wzEjn98VktPaANra78vkAKm,sell,3.0358673680000003,427188.7033292642,427188.7033292642,balance_delta
cRsfacAgsJZpd8Jom39JT3XiFSo8XJuSJWnkcxY56eSyiARwTycGkpNH8EcdNtwuKfNMgdsHQBLMwgD6rhLtYb9,1787075354,FCgDhFHrwS5M6LQrKt1TJ21YpF1t8Dx4KxNytbMT2KVN,sell,0.179698617,25079.31875295998,25079.31875295998,balance_delta
4z4GxEnfCoN7AG5uoZuCMkgYG4UBSYU9CjdjMbKoFtNHczqFhZqLfzeWB2vHP9jDqYcJJ9RZBy1M7jQK4g16BsHy,1787075354,GG33KgzDhbsCLzxwVpzJ5Pt2ubP5FyfDk8beZ8hXkwvB,sell,0.158872502,22201.033035200002,22201.033035200002,balance_delta
3Eo3FZhgbaMU2dVXtEeNkUJy91RvZ1tdSCvnMmDuEYqYXndnghpDZLZs1zcxiCihoZNZuuYQLpwnJSWmBX7tNzUk,1787075354,h1jpvLkFT6u81HZH1zWhd4Vrf1qybKTADovXxDLrbtK,sell,0.283241221,39664.438281159964,39664.438281159964,balance_delta
56oVfqaiRXbm6xSKPGgPCPgyVzMS1uubmEckPnSubrAnwrntxbuNurpbUQEUTZ1SeYLAzRq1pCRbXNcP5j6McWon,1787075355,2z2q5gk8TDgqCidzkXkyevXH1aDaVjWL8cQwoRbMF1Jq,buy,0.005999999999999999,848.6430403690001,848.6430403690001,balance_delta
2RnRsCojHFGTcRQdf3iQLzkKxPiNuPUGh7VV5YvDBQJ6xi4WV4rEEBZWsRuyhUEFxFHbs6Kp8kaGz7L9efazRCep,1787075355,2zXpLvhzH3BTAoaNpDRQPUKZqPZiQdDqc29d8wdr4UNz,sell,2.6736365760000003,374133.19105882896,374133.19105882896,balance_delta
5EcPs5ofGxUEVAxiRqun13ajNPjoTKqghLiKk1oQJqc4YoQ4yJF9nChTKNzDktz4D8dLmwr7uSPr2TPZvzupeYpE,1787075355,3KEdzpSYJ7sXfHKpVhSF2Qj6ZAjd3Q3dugFCZ4umWvkR,sell,0.5488876,77629.76555128896,77629.76555128896,balance_delta
2RYn21Lr87f1BqSeDQpgUptxp5RGyitc4eUsc6Dn3HBQVq4VdwZhLYtttsU9YFrHZzKhPggqemtEh7JGX8gic2fX,1787075355,4AXv1nmDRxosiz2Zr5bn4veEg63Ty32TParXHnTpQhzG,sell,2.569340823,355087.7428159239,355087.7428159239,balance_delta
24H88odDMCcnWgV7rAQQ5MM8m18FqPcSCSkwAMwyXJWjvHmiSFWSGE6cTiTMyBZh6SMhj2bfBiuzJx2saeEcaGji,1787075355,5ZJYjAUVMLAJGccsEMV5SNjgnBHduumHyMjjHUtSubkG,sell,2.85126449,395644.1231678482,395644.1231678482,balance_delta
JkKFSJP5ryAsHjLDNkoeLE4v26Y1exAYSDpCL5EXLVRZt63No3ZhDAmC8dgfuy5e9MYNuBKBVmL5jeDsDwCin96,1787075355,8JS3bkVtpQ2b1eTBtsadyQ7TkE7yxfdb8CpDa9zqwAe2,sell,0.15040334900000002,21643.932317068015,21643.932317068015,balance_delta
2Wt8EewrXx73PgiYwumxpQeENKeui8VCtv8eRdf6K4ntqP3JU5R2xgD6Uxt8M42yYQdeLhtp7hA4pj4yxxVe3EX,1787075355,8NZq6z8y5697n1iqAqCHSwAKZeiT4M54JdmQ6rAjCJB1,sell,1.159995113,164472.86948845597,164472.86948845597,balance_delta
BDzk8iVvWKj2R1eMbtfaXSGmEcqAZB2vAL1MUhRjaEikLPZtKyzJbLYw8BxdjEFSBSCRsmJJszBuSg4cSqxfn85,1787075355,9Nc7QXztAZyyhrza7PMyBLL61YsL7NXbRRkHNcU3Vx7i,sell,4.607232764,657088.5089594433,657088.5089594433,balance_delta
5W1AUkSVwjnuhjuA7BZBEZCSGwMuWmiKLDJTASA1YnT4NWPJ6WYUPdXi7yT8TMRLX6kvcu2Kx4Wxs5WTRxJhxggy,1787075355,9PDFBkM2JjnLuuEhQVi5oPv5jVJ4wV3LA2PAfLXNijLb,sell,1.049874029,149123.411993187,149123.411993187,balance_delta
5HuhEzq2xeEnscdfGgMSu1F6Q2TeahmofWcNLfBDqfPvT4WThyFgfB5QBbeP69WYGymc5GyXubWp4T5zBQ93xYPx,1787075355,Act5xzJ7DhXrdNKbRw1yTzQUmT4hYtAPgFKTP5WzPBva,sell,0.6124782670000001,86530.20098209381,86530.20098209381,balance_delta
5GDCCkvPUvWKA9EtVBftPWn2FnZKWjQVj875ZJQBoYM88NjUdV3qNzStLhMaFcuVMzd6pQNrjRDPHCwT19bmVLqb,1787075355,D7HoNhGqBAXezS9ZY7zu5ZEP7PZfAu8vdmbJYVesDaoE,sell,14.200686246,1998126.77126417,1998126.77126417,balance_delta
63CZQrq2noHmjKBbzrzjPQq2LBx2azK4Pf5Um6aSosWcYVGmmm82kfonNBz1fng4RefgijShNVXukpM9Wo8FiCX,1787075355,EyVaGh2eyp6zFPWLAiXx8wzEjn98VktPaANra78vkAKm,sell,2.758921313,384469.83299633814,384469.83299633814,balance_delta
UejDft3i3aNVkbfgNj5hP8S1KzHbZAznz5f6CuZ3scym54Spf46AxrQBMsZn17YsBMsyqdCcNRhdcCEiT4wQm9x,1787075355,FAHMvDeWBEBe6fG653ChW7suaLVMQboS3hiaNqpejuBF,sell,1.251538311,178057.014947633,178057.014947633,balance_delta
2Wzqu9BPvnKUn53Pthr8ygpWMtx7YzorPKmvWxQHedVWmpWcqa4e1eN5yQ4rcUaeaaq6pdwqoaCDxKUTqmYe9Qq4,1787075355,FCgDhFHrwS5M6LQrKt1TJ21YpF1t8Dx4KxNytbMT2KVN,sell,0.156917263,22571.386877664016,22571.386877664016,balance_delta
wEDYXH3pyvd2GDes12m5U6g3TExgGnPUZLpoTEbzVvLve6AfzS3ydhwjbXwjmPT1Ua4QEvZQsKAaWEREHa4pTbC,1787075355,GG33KgzDhbsCLzxwVpzJ5Pt2ubP5FyfDk8beZ8hXkwvB,sell,0.138588942,19980.929731679993,19980.929731679993,balance_delta
4iqe8BiuhLYLLeHJptssoXfaqjw8ezJqqUWFsUkR6MhsVwdA54eV8HBEDLSvRDW2DLjKBey5dHK116WR4Jw4RmZj,1787075355,h1jpvLkFT6u81HZH1zWhd4Vrf1qybKTADovXxDLrbtK,sell,0.268038022,37681.216367101995,37681.216367101995,balance_delta
rEL7c5kJptVuM19ziB2YwsyYLLY1MQdYXcgkHFiVa8i1YiwxCo59a8ZECWA6wZJrpbba5tP3o2mpjLntR1USTrj,1787075356,2R9ca7YkK8Ta3Nv1Gn4yhzJQumqpWzxMgN1xSB5J1Hrb,sell,0.402625336,59273.192822611076,59273.192822611076,balance_delta
5K7an4aLejwPe4SZgwjLrRP7gozh1qSxSjL9FZcEEc4e5L2zRPb1mwJiPojn75sKYpGwEDjx3hqSWLhs2d2AonDR,1787075356,2zXpLvhzH3BTAoaNpDRQPUKZqPZiQdDqc29d8wdr4UNz,sell,2.328404113,336719.87195294583,336719.87195294583,balance_delta
3V3p799KngwUJai9gSkEeEYAXX7BAwsWepJYnhcCfMuutwR8bcWoc8WmCbdhCSW9c5MfRRbq5TaXaisyoYudGnkb,1787075356,3DZNVBQxpaowav4Prz5fwyTG8ReNW6aL118Mod8fJxrg,sell,1.629133765,240552.89254719007,240552.89254719007,balance_delta
25vuHKqtBx62cCikfXxac2WvjhVfEcQCPFosfz6mZniA8689gBQQSde6bCkUS5qFUnpj1LYKzh11n1uSbpVdxNgk,1787075356,4AXv1nmDRxosiz2Zr5bn4veEg63Ty32TParXHnTpQhzG,sell,2.2260568490000003,319578.96853433223,319578.96853433223,balance_delta
4DodeAXCcMNeezAd4HZmZdzzmmq8i7a89bJfmKmipB7wV6Z38TjsmSZDR6EPZGa3JuZm7EWLsBxRs69aEGNGHPhC,1787075356,5ZJYjAUVMLAJGccsEMV5SNjgnBHduumHyMjjHUtSubkG,sell,2.4715250550000003,356079.710851063,356079.710851063,balance_delta
5STM3obTA1A5uzZPKX2K2KZpjjMQhZPEeyJCNcAkuL8QBdbaGStPufGLBjyVytABnRjNJp77qm9txAuFEuMSs9Gf,1787075356,8JS3bkVtpQ2b1eTBtsadyQ7TkE7yxfdb8CpDa9zqwAe2,sell,0.131681291,19479.539085361,19479.539085361,balance_delta
2WqQum69tjs79yykMTzXHs6uH7CMyMypisDRv3r66oPZGA3Vk2R7HfNwgv4uAHvrpEs28fjz3fmPZboxDPY5uZAz,1787075356,EyVaGh2eyp6zFPWLAiXx8wzEjn98VktPaANra78vkAKm,sell,2.419031253,346022.8496967042,346022.8496967042,balance_delta
2GFxVwa2EQ77D4wH4WeuqLCa5TubMY2CA6FpRgHSwQ4m2MwpqvS82PRtHghgoKz7dPJpXozTJZV3Hx4gJ7EZM9oy,1787075356,FCgDhFHrwS5M6LQrKt1TJ21YpF1t8Dx4KxNytbMT2KVN,sell,0.138462363,20314.248189896985,20314.248189896985,balance_delta
59LSHjPxEmUpQ7yXjooGotp4VL4YwBtRwRLgLoed5gogT6BsnfFnTyKPt5Xb4Kj5BE35nE2NfctCgEw3WT2yFgnE,1787075356,GG33KgzDhbsCLzxwVpzJ5Pt2ubP5FyfDk8beZ8hXkwvB,sell,0.12139628000000001,17982.836758511985,17982.836758511985,balance_delta
RWBtQyfAFbu4giy8Ju6wygLgUykoC2fK5TBDNJy5wTWXKtqzP9Rjy9ibHHgkYwMetpvZx2YxPmyu1ypj3igtUHP,1787075357,2DCW6PvdpXwscZVanFmDLB7svT2STkUj2SuXSMR6C29g,sell,0.628206801,75198.95947853601,75198.95947853601,balance_delta
2B3NS94Yj7yRfhsJK5R97MRAuRn9xLqBdkVwbqpTMrQAJbshPvsRx7XdV11RvZ5HY2yASaFYug3QXyk94fpDfuWM,1787075357,2R9ca7YkK8Ta3Nv1Gn4yhzJQumqpWzxMgN1xSB5J1Hrb,sell,0.401675026,53345.873540349945,53345.873540349945,balance_delta
4RCd5y3dN62n3LwwSHPafg9nF5b7hiECVYB5E2KboMPidsS93i2fD6e1HhrCy8sfzB6BQkQsxeB4VJot3b97zZD7,1787075357,2zXpLvhzH3BTAoaNpDRQPUKZqPZiQdDqc29d8wdr4UNz,sell,2.304501175,303047.884757651,303047.884757651,balance_delta
2XSrYqMXMKreFAVtqXhGmEPCtM1jXYR7TDA5TH7S2s6qqTk1JW5LecynhtcjkxCjB3tYTqJ7tFjtWPDGuspyoYvK,1787075357,3KEdzpSYJ7sXfHKpVhSF2Qj6ZAjd3Q3dugFCZ4umWvkR,sell,0.5422212120000001,71939.5037363799,71939.5037363799,balance_delta
2QqPboDZopwBhAJhCF7o4ea6Bk2j89rDrvrE1C2y1nUFxZWfsbDMkoqob7CUVWcXh45ga7qzdFQdGVJRPTBBoB5i,1787075357,4AXv1nmDRxosiz2Zr5bn4veEg63Ty32TParXHnTpQhzG,sell,2.194367897,287621.0716808988,287621.0716808988,balance_delta
3BpwY77UFNWHWVRZi4oZZd94Ks7Bh37AxyFw7ufWYbwN2RYFDYJixzRDRk8sSVdSGSWcp6kfnJrGvBD7evW9hayG,1787075357,5ZJYjAUVMLAJGccsEMV5SNjgnBHduumHyMjjHUtSubkG,sell,2.428595601,320471.739765957,320471.739765957,balance_delta
3njuKKDPkodvy62gWoVPUY6AF8GHrauf4HdgZBaSfpqVyWEKd96gWpE1F8EhFWz9tVa1wsRvX9yWZkXZ6sEAwKVB,1787075357,8JS3bkVtpQ2b1eTBtsadyQ7TkE7yxfdb8CpDa9zqwAe2,sell,0.139474637,17531.585176825,17531.585176825,balance_delta
3LXLge2GCk9L22htkQgEKrMbr99U25XnheF1Erogmy86KDcQ5aAZDKzVmwKxLvFLL7SZiR4aUAnfREXF76CAt96R,1787075357,9Nc7QXztAZyyhrza7PMyBLL61YsL7NXbRRkHNcU3Vx7i,sell,4.454890958,591379.6580634993,591379.6580634993,balance_delta
4ZNZiY3YDcQJgTPMvxGMpXkgB1XGoToZP8uaPneGB4BsvnYfYqtB5R65bBKK1fHSdp46iw1Hu46agRA23uBN5EV,1787075357,9Nc7QXztAZyyhrza7PMyBLL61YsL7NXbRRkHNcU3Vx7i,sell,6.023223419,798362.5383857237,798362.5383857237,balance_delta
5HVbj9pfigz82Dy1zrFSwm9FDcUh3KVmVyWWhXwYvNXyEqtvrq1xabgTMZHrHQ1sb4HcjGW58XjFsHgXLPdeRrVy,1787075357,Act5xzJ7DhXrdNKbRw1yTzQUmT4hYtAPgFKTP5WzPBva,sell,0.603988901,80187.53725010704,80187.53725010704,balance_delta
65zMeBYBrCoNcsUyFEprn9JvUrMyJKDdZzukws2BuCqhKEEqMRLhbbMpUuhkkhnijBF7m6rDFaS7pLYzxKnUwX7w,1787075357,CASStbiKKzQrFvs835DagrLid7saGriDUHv39Mr8SRUG,sell,8.941570239999999,1195684.0243767966,1195684.0243767966,balance_delta
2zv3fW1Y2Cjjii6BPKwBJQghreA1gsYjMKkgLHVrBJJipV3fioKcNjcpAjLudG2ujbRQshhUANdYiyzsk6iSASYY,1787075357,EyVaGh2eyp6zFPWLAiXx8wzEjn98VktPaANra78vkAKm,sell,2.351629295,311420.56472703395,311420.56472703395,balance_delta
5fVU6bPGBEEyGwkpvSoX5URmW9pZ9a3pMH4RpR4RvGYX5YSuYWKCBzJy2AJ9RdYC3nNhAEJFkUjcMf7jzMFRXjjg,1787075357,FCgDhFHrwS5M6LQrKt1TJ21YpF1t8Dx4KxNytbMT2KVN,sell,0.145527678,18282.82337090801,18282.82337090801,balance_delta
4WA5GvXe7LXQNEWHktkpkgBHNvWzeLNseigahqvAtXySXoHZ7B3iBGMttUEdzYz27kW4C3zbcESGxajj2w3e4LQc,1787075357,GG33KgzDhbsCLzxwVpzJ5Pt2ubP5FyfDk8beZ8hXkwvB,sell,0.12851283500000002,16184.553082661005,16184.553082661005,balance_delta
3CfPCqj1LYs8ZRwHVBx8XUZ4xaHC8bvD9noVDSr6JEAde49uxjA2ttSHi8drsEAe4JhYpuKWhES3fEdyfRQKKLcZ,1787075357,h1jpvLkFT6u81HZH1zWhd4Vrf1qybKTADovXxDLrbtK,sell,0.524940901,71594.31109749398,71594.31109749398,balance_delta
5Dc6tmodMFdUsiZqgsa1jjBTDEc5znnNL3JYtbiEEMYcpzbfyvmKdK6Ti2G2sr6a4SAgKhv8zTApaqp2ahxgRgwy,1787075358,2R9ca7YkK8Ta3Nv1Gn4yhzJQumqpWzxMgN1xSB5J1Hrb,sell,0.432780823,48011.286186315,48011.286186315,balance_delta
2SdEc5rUUHwvEtXR2KokAnEjZ8EK2T5ijfpRcA4woTbsj6FPHra9pjArY6Kqoybr8JAGESC6Q5o6GXHx5oRhczo,1787075358,2z2q5gk8TDgqCidzkXkyevXH1aDaVjWL8cQwoRbMF1Jq,buy,1.24,135192.890141222,135192.890141222,balance_delta
44aDZx8okhQ4jZEpVhWTF7ynpr8im95ULph1sf1RMQFDCDaVTX9YtJjNgGYVqp2Ji4sRTJws41adXugH9rbziDSo,1787075358,3DZNVBQxpaowav4Prz5fwyTG8ReNW6aL118Mod8fJxrg,sell,0.630103957,72165.8677641569,72165.8677641569,balance_delta
pz4dmsyHnJjY1dp3QhMSuYRB23sXB4MuvbRTuxLA61WicSUSJDxBAVQu7hPuFroCCPRrT3VbBkx2PvA5MkbqPQv,1787075358,8JS3bkVtpQ2b1eTBtsadyQ7TkE7yxfdb8CpDa9zqwAe2,sell,0.14910916500000002,17531.585176825,17531.585176825,balance_delta
65bH5RZMPvJzExLw8mwzQHtWTpSGATkUohEhAcA41RXunMcJMXf8xS8WYJ4ZgdtZAN9wCe2CBH2NB2a6JTt4B68Y,1787075358,8JS3bkVtpQ2b1eTBtsadyQ7TkE7yxfdb8CpDa9zqwAe2,sell,0.143210692,15778.426659142991,15778.426659142991,balance_delta
5eiNJbVVDnpXAejhoi9o4XN8TsP213VnsRZZAoahvwHmjcxeWNJMvuegpoR6jszs8yqrw84SHeV4LLQ77691JKRj,1787075358,FCgDhFHrwS5M6LQrKt1TJ21YpF1t8Dx4KxNytbMT2KVN,sell,0.155571881,18282.82337090801,18282.82337090801,balance_delta
4o6AjwP76kFv31Kth2s2AK62qCQwwLwj8oBBRXqCgU4A6cy8mTye5fZo5SA4KafZiAyNjX4W5GQ6s8diRQaJEW7T,1787075358,FCgDhFHrwS5M6LQrKt1TJ21YpF1t8Dx4KxNytbMT2KVN,sell,0.149424247,16454.54103381699,16454.54103381699,balance_delta
3qSpSSz6PxwTQNSvyuHFKzbb3xnVw2zVAgvpXUvpsHpQShaCfFnjVfCXZdtb4DpS4JUkMshQjLXVo77pazyokMbr,1787075358,GG33KgzDhbsCLzxwVpzJ5Pt2ubP5FyfDk8beZ8hXkwvB,sell,0.137488531,16184.553082661005,16184.553082661005,balance_delta
4EBU45YCiUVG5cUDF3kAbeTn2U2TgTK7168c6E6KrYGGoSJs47ejjxaRDDWzxEZvr3JXvKGQdWBcaNuBmnNiV1tr,1787075358,GG33KgzDhbsCLzxwVpzJ5Pt2ubP5FyfDk8beZ8hXkwvB,sell,0.131962562,14566.097774395006,14566.097774395006,balance_delta
fnug46h7K5be2S5ufa3Jm8TbtkmzwGHfpFTqnTzPif7E4z1gh74hDwZ5nepD3vfa41Z8C2CTUsUcjWTQYp7mRbF,1787075358,h1jpvLkFT6u81HZH1zWhd4Vrf1qybKTADovXxDLrbtK,sell,0.595476417,64434.87998774508,64434.87998774508,balance_delta
3gi89fEDJeY1XA3UbMXu1uQjFVdZq87bmvQNE7ngBuqb9DpRmUgsf6thCNAqkHPKNuH6pAAKanMc1J1amVhgbWPu,1787075359,3DZNVBQxpaowav4Prz5fwyTG8ReNW6aL118Mod8fJxrg,sell,0.614493501,64949.28098774108,64949.28098774108,balance_delta
5yTSsjNy4iFHgb473F1wNyvAdoAq76VKq5sB4SXBFGqmtQdUvpXkTyVEDttEK7wmnzYsQooGSy4BYFKf4HFoRGPE,1787075359,3KEdzpSYJ7sXfHKpVhSF2Qj6ZAjd3Q3dugFCZ4umWvkR,sell,0.287694958,30286.344599541044,30286.344599541044,balance_delta
2C836mbisSmmLKuhw8p5DUYXFHm9nn2DfREgaFCBoN6xtTwncLotVKDbKHM8WSkwJ1cHtV1RCT6bSgoK33NkpNZe,1787075359,3KEdzpSYJ7sXfHKpVhSF2Qj6ZAjd3Q3dugFCZ4umWvkR,sell,0.276738832,29277.809324376052,29277.809324376052,balance_delta
4uXvJixGBDhgbZ5P1ABkoiUPFKfxn3Ggu5PSm3rEndKUqaUTx6YqnWMDXZmo9TewAs4UpApuQoYmUPdybTgWgFFW,1787075359,3KEdzpSYJ7sXfHKpVhSF2Qj6ZAjd3Q3dugFCZ4umWvkR,sell,0.270139005,29277.809324375936,29277.809324375936,balance_delta
4qE7DRkK2Frv2F76U2fgwWLsC59X2mxycogLHJnew436SZ4FEu13LgrXzbaGXyiKu3K43fgTZCM759DN5s2YbnnZ,1787075359,7RyLnk9AfBaWKD56fqDHt9hYHcLTtpZ5sVH4NcwNJ7gj,sell,11.272550991000001,1174860.090589759,1174860.090589759,balance_delta
zQ9nDBSwfDsFAQaQi4rx8oxgRGQzGKksPAFwyYQqXBGbVCaDpUmMFhUKQxkMz85YN6qQWzD6V7udKZdLaxpq2ne,1787075359,8JS3bkVtpQ2b1eTBtsadyQ7TkE7yxfdb8CpDa9zqwAe2,sell,0.13050776,14025.268141459994,14025.268141459994,balance_delta
ri2NDYtbpF2yD7zKeRKqHFYve2wd5as2gRoLCrFAQ8wY5R7LBzqRJqP24xjokDRYF8h9G8T6UWJYU4FBPDNVPUa,1787075359,8JS3bkVtpQ2b1eTBtsadyQ7TkE7yxfdb8CpDa9zqwAe2,sell,0.13168934200000001,14025.268141460008,14025.268141460008,balance_delta
2MEVNLXvXTuDmR6ipBcs9sbdR3GXrmr1QSGhfHVTnSv1hu8f5roRBbjw7uT3BCBjLzdEP8ZC1GA96CNETvRug1Ld,1787075359,8JS3bkVtpQ2b1eTBtsadyQ7TkE7yxfdb8CpDa9zqwAe2,sell,0.115457371,12447.425475545999,12447.425475545999,balance_delta
3rddFNTSh1BKZDrS4ffYpMYBNn5tEpivmJhZoW6e3bxbqSyaL78axVkjmCxViQZi1ho7FmUbZshrTruCF9kreap4,1787075359,8JS3bkVtpQ2b1eTBtsadyQ7TkE7yxfdb8CpDa9zqwAe2,sell,0.088757163,9642.371847254006,9642.371847254006,balance_delta
45X8F18WFCQNCDjEFyMLYV8D4zNLbyQePvwgwtSavAYjBsSEjrg3YoehFMbUUqKRWxDvPFqr9dG5zAvnkT7ZNvei,1787075359,8JS3bkVtpQ2b1eTBtsadyQ7TkE7yxfdb8CpDa9zqwAe2,sell,0.086764507,9642.371847253991,9642.371847253991,balance_delta
2wY7FmU13nQhEAv23EPhxMj466AHYMswDSVtusaM87r6aAp8Yf6n1YCFHzaXQcnuVw3Gz3wzPp23F6AD2kPJV9wu,1787075359,93u5BsWsPxuLRzcDqwecZV9TiXEV7qNavef6fscPnSb5,buy,0.032280257,3309.7845342950022,3309.7845342950022,balance_delta
NtA2p5FTthg8KBAsUHitXxRMQ6CqV7nn3Lmad9gaJX248KaVbt5AqcM2VBMwJHz2SWrmcQukB9xGJaGagpdt53h,1787075359,93u5BsWsPxuLRzcDqwecZV9TiXEV7qNavef6fscPnSb5,buy,0.030865285,3165.236947641999,3165.236947641999,balance_delta
4okvXvQw6nEqKk8WpyowWJmLH7NE2Pnae4REsv3oNzDeaBCCQdUj7ebZQmSDZ6WwtQpTooRQTA3q2MeT1wxSPoMn,1787075359,9Nc7QXztAZyyhrza7PMyBLL61YsL7NXbRRkHNcU3Vx7i,sell,4.2865484170000006,452405.43841857696,452405.43841857696,balance_delta
gbaq1YoqxfxDLW7cucfUngoq8AEiyVeQo4CNGowJ15kbEXPr2Kn9p4w6fJMyKQwkBQm9AXTUfSNqhxkXf5wrved,1787075359,9Nc7QXztAZyyhrza7PMyBLL61YsL7NXbRRkHNcU3Vx7i,sell,6.4301609740000005,678608.1576278647,678608.1576278647,balance_delta
WafJPscUCqYYb9uPrtsQbSXB1kgruWw2VroUB4ABeHQvSEzf5XoSJU4msBzGY3etx1snZTYQcQwExAHoZuWzigo,1787075359,9Nc7QXztAZyyhrza7PMyBLL61YsL7NXbRRkHNcU3Vx7i,sell,3.215369468,339304.07881393237,339304.07881393237,balance_delta
2vCmH4YoHq1ZU1zNGLjx3ASSJ7BvTFBsGXdRMbjZqGYzVrfa1EDhzjyCkwSsUvcNCSnPf6GDYMGUVKcrSbSyn2Wm,1787075359,Act5xzJ7DhXrdNKbRw1yTzQUmT4hYtAPgFKTP5WzPBva,sell,0.320923804,33758.74532919703,33758.74532919703,balance_delta
iEb24tpzH8AqR7iMNQiqVfyDbB7JVu7eqyAoBqptQmdgbZ2nPQL8KASuqGLyNEb5TkhR5xYQuyoQvYxAHFDuFc6,1787075359,Act5xzJ7DhXrdNKbRw1yTzQUmT4hYtAPgFKTP5WzPBva,sell,0.308462393,32634.57910973404,32634.57910973404,balance_delta
38g6sRQVu3ULeTrPv8Fpnr8rAyPMeQT2x41qi4qJheRUhRiRWw4VG4CzoH5yBBzcCH38KxJeVey23rKSLesDGGHu,1787075359,Act5xzJ7DhXrdNKbRw1yTzQUmT4hYtAPgFKTP5WzPBva,sell,0.30134141,32634.579109733924,32634.579109733924,balance_delta
4eKaNoRh6v2q5QMDkGY8JXxhg6GAtPifnFDyvuhtWyZnBGQpSZXmA1NBjcXfbJEpTCLRizyfRPjGjdqFCKw8a3ws,1787075359,Ahekwy9V7q2tmqJdTX92TAtEHM4pafQbsfc5oLakbZs1,sell,0.307698936,32660.505516067962,32660.505516067962,balance_delta
w5cvtfZ7Yg5SjoV2zFdNacNeRYSnu5yXvUYHY784qX8GgTHYdRYqSq8SjFz5oyj3mf9FdXnKoW5Hz4mrxx55o5j,1787075359,C7PNbARVAHeskaefdcu7fy21dCN3qNANKuT6Cka2av4L,sell,0.257492261,27376.042900114,27376.042900114,balance_delta
ED3wXbR54pzNGLCJ9RY4MbUjnWw7Mx62upY9pD2rzNBMShdkLdMyKDK2H5UWteEjYACHeZsDsNqWMqzM9icjwAC,1787075359,FCgDhFHrwS5M6LQrKt1TJ21YpF1t8Dx4KxNytbMT2KVN,sell,0.13623208,14626.258696726,14626.258696726,balance_delta
2g9oVtUYjy1f6JZ19CfXP8HRWEiKftcHmXd6feL14faHmwfvsVZgLuPiLYajg2hVUp3biX128SB8FyDgp87ow8jq,1787075359,FCgDhFHrwS5M6LQrKt1TJ21YpF1t8Dx4KxNytbMT2KVN,sell,0.13741424300000002,14626.258696726,14626.258696726,balance_delta
3WjGMPSDNex3Q4GiQdeFsD7WtUqT8NWuNn1z8K2uxWcsJHYkjFyfsqpsvDGkoBod54YFwH2Gy32QyMbCb2hKsFSp,1787075359,FCgDhFHrwS5M6LQrKt1TJ21YpF1t8Dx4KxNytbMT2KVN,sell,0.12049235400000001,12980.804593344,12980.804593344,balance_delta
3ZDTu7w6rXbFrXEi8inRtguwPohZZsDiBFu5rg5oSYDAosQhu2cYXNVV3KaopH6KhoNmzkvHuG97CidBW285do7w,1787075359,FCgDhFHrwS5M6LQrKt1TJ21YpF1t8Dx4KxNytbMT2KVN,sell,0.10649573200000001,11518.178723671997,11518.178723671997,balance_delta
4N6F4FASHt5CwrAw5hGgzWxnoXJF7uF6ti7qsvr1psG9jYE9Apug6X9MfSAh9zNY7fEBzYfuwmv1gBk9awVV454B,1787075359,FCgDhFHrwS5M6LQrKt1TJ21YpF1t8Dx4KxNytbMT2KVN,sell,0.09060087300000001,10055.552853999005,10055.552853999005,balance_delta
3TkTGiZhoibv1bY2xUbNDHm4pTDH5QEmzJGECtQ8fRTiYcHkUj9JWYcFuPB4ffvMkGZc3jSufM9Hd1SqR17nWHjf,1787075359,GEPiePuVYQcbShk7ACa2YASeLuRHqvcSZpS89keWZecG,buy,0.035554189,3646.672118981005,3646.672118981005,balance_delta
23YiYwpPRSobQkgvTUY6vJ9WHgji24Ecd8L4bRBgx55iJ8mmcYuzVMixYgWbssZqybv2eHDggg7Yd6aRt4o2QTMo,1787075359,GEPiePuVYQcbShk7ACa2YASeLuRHqvcSZpS89keWZecG,buy,0.036682752,3763.594234901997,3763.594234901997,balance_delta
2iv2dAUhoKexbz71Qay6ZhF45EqtwRrsFrTi9M14NsDcZkbKTwTa6VJJ1hupL2Q35e6mf25vom4borjSZSGeupL9,1787075359,GG33KgzDhbsCLzxwVpzJ5Pt2ubP5FyfDk8beZ8hXkwvB,sell,0.120267448,12947.642466128993,12947.642466128993,balance_delta
35DJSZK8uUBJx56ryh5Eta7oFbtvghvT81uGCFzChM7vvg42i5fgG7pzLKta7sG2swkoGkwBvt3cJGzfeJ6wp1ij,1787075359,GG33KgzDhbsCLzxwVpzJ5Pt2ubP5FyfDk8beZ8hXkwvB,sell,0.121399954,12947.642466129008,12947.642466129008,balance_delta
QX2EBGDVXmg3wFDB2bzke5jewPx6CVmAQFweV1VfUiVvkCY7BppQVc1wG6QjBhewKARykWRMUNTVYuqwqUbMNNs,1787075359,GG33KgzDhbsCLzxwVpzJ5Pt2ubP5FyfDk8beZ8hXkwvB,sell,0.106360198,11491.032688688996,11491.032688688996,balance_delta
QchTTfzbcdpjaivjgSf22ibhLo2peWYDn4ZZP38aSBZ2mceFVbw8NKmz87vfsrsWePcJbCf5RxC87QrphmhYXBw,1787075359,GG33KgzDhbsCLzxwVpzJ5Pt2ubP5FyfDk8beZ8hXkwvB,sell,0.094011304,10196.268442076995,10196.268442076995,balance_delta
4dNQpKdJDabPnVWDSfeBkBAQTFTG85Jt4jKUY7Emhob5hw83Lphi1VLaaZqgPwg4KphkNMsZesTbPUEeg1GJx4hB,1787075359,GG33KgzDhbsCLzxwVpzJ5Pt2ubP5FyfDk8beZ8hXkwvB,sell,0.079896463,8901.504195464004,8901.504195464004,balance_delta
4hyZs36AzRbCGpWjCGm39yEu9t7etCGWTjQNme9JdCGRQif3qbksERVtMF7Z5obemZWkf74wufMPGAJuCr3UVNTZ,1787075359,JAGPLMkgPWRxFJekMU8DRHRurw968GGYHRMEKUWheYcD,sell,0.303056029,32157.829068875988,32157.829068875988,balance_delta
5L95akYUiSuL3i5VYAG5fXnYLsyTU1Ce2KhKs3V25i3QspPcDLXseWZBnphg6M8cwx7CCMm1PBMwf8DYaHfBjySD,1787075360,2zXpLvhzH3BTAoaNpDRQPUKZqPZiQdDqc29d8wdr4UNz,sell,2.496274305,272743.0962818861,272743.0962818861,balance_delta
22c1e2KCAaRrAAnfVeTvN7FBGqnJhSuBKppLjJLHcurpv4EkzfBTCTFfYEYtPpYtjg7kes6RWK9SziUpV8DkKvXA,1787075360,3KEdzpSYJ7sXfHKpVhSF2Qj6ZAjd3Q3dugFCZ4umWvkR,sell,0.25859781299999995,29277.809324376052,29277.809324376052,balance_delta
s8ZRZVLb9YSNYTjMtTPPYj3KsAe8FFJypYKUJpXZg9xTD4XTNvo7UQvHvhf9oyqwyv72aKQ2G6r4HFGVNmg36u6,1787075360,4AXv1nmDRxosiz2Zr5bn4veEg63Ty32TParXHnTpQhzG,sell,2.361387494,258858.96451280918,258858.96451280918,balance_delta
67awavg5vi3VSvVqTsvvPJubSBdd2YavQeDPofKAeoWPGo1SbqitRsSprFnU6cFdkccBwyNng78F2sBWkn4u4bgR,1787075360,5ZJYjAUVMLAJGccsEMV5SNjgnBHduumHyMjjHUtSubkG,sell,2.649029618,288424.565789361,288424.565789361,balance_delta
2oZA1A3bBoEsU1qdb7w29g2gzpfPppaQYjqYhqiAr4hmbj5oAXUEindUSuYLJQTSiLgPdW27D22JNiLv9y5iW786,1787075360,8JS3bkVtpQ2b1eTBtsadyQ7TkE7yxfdb8CpDa9zqwAe2,sell,0.073913632,8397.629299699001,8397.629299699001,balance_delta
2ojkCawwRjVn4i9Fuu5zm692XdjXy9CzGYxvH8KUg3rWuJquReDE9rMFeL5ydCcxdszBM3j75vSZmfutbcuqXWTU,1787075360,9Nc7QXztAZyyhrza7PMyBLL61YsL7NXbRRkHNcU3Vx7i,sell,4.687064662,508956.1182208988,508956.1182208988,balance_delta
3Em78eWgMyp3RpbXFEHwXGMsbS7HTj7fRXoRBbJmkmroqEq728uBviJVCXUDH7wkrWepTizVit9Sq3L6A7ZxQg7h,1787075360,9Nc7QXztAZyyhrza7PMyBLL61YsL7NXbRRkHNcU3Vx7i,sell,4.581798304,508956.118220899,508956.118220899,balance_delta
4F4sJ9UmRLKPv9RF1PaPEa1qCxuXHzMR49YTfCP8tmt3KP3TpksiBfVRB2p16ZJvJK7hJ1qzT2pWvR9CFKMXLo8T,1787075360,9Nc7QXztAZyyhrza7PMyBLL61YsL7NXbRRkHNcU3Vx7i,sell,4.48212273,508956.118220899,508956.118220899,balance_delta
3jCnwt21U32FWSkE7mdTgqf7BtC3i11iF263fjKSjKpyymRu3nwjHXXj79qednBYiVKRucwws1YCkb4X6Qos3HFf,1787075360,9Nc7QXztAZyyhrza7PMyBLL61YsL7NXbRRkHNcU3Vx7i,sell,1.239843163,152686.83546626987,152686.83546626987,balance_delta
2g2tFHm6VgeqSuF8suKepGpAAQZHJdzhHZwC1JAuckoBNryCjeokVhS6v4k8zhEsRRfqFSq3WzUW3N1j4mKNdgkP,1787075360,A1igHDVAzKcGUAbVMFV8HrCCSUfcs5YzVfW3i9895pdW,sell,4.804450777,579996.7079863083,579996.7079863083,balance_delta
4mWxD9Cp9cesT98rkuF5SwckVgh2VxmwmX8qtMSXyA5QitVzxfGB11YjNqARtzQ2532F3zC9PA5itWK4TwN9Lf3h,1787075360,Act5xzJ7DhXrdNKbRw1yTzQUmT4hYtAPgFKTP5WzPBva,sell,0.28846967599999995,32634.57910973404,32634.57910973404,balance_delta
3rLWxFhHpvjHVNHiB6KX2rzvBSWMb5eqkFu95FZNBzg5bW9oxYLK8syS8FEpzfbT1uoB2v9tjniCgFyYf3ugmmVr,1787075360,Ebux1vXaJYiugKxnBNgQbsBjbjjFK1K2k1zXjkD3tqDk,sell,4.616165818,561019.913508093,561019.913508093,balance_delta
2TNXPjJ8Cj7naF6rhZNwh4RU37WB6iLxX8X9ug8K7mBHtwvWYUivuSzgGieBvf3BX6sN7KFvh1G2zivGRuogPb3r,1787075360,EyVaGh2eyp6zFPWLAiXx8wzEjn98VktPaANra78vkAKm,sell,2.548479851,280278.50825433014,280278.50825433014,balance_delta
MGzCtUPagFXndNa1SRfsFBYYiT5LzmyifxKopeFycPmjoe7hSq89pzEzzeNm6ccFGbNB9br43AradNp1zsvFB86,1787075360,FCgDhFHrwS5M6LQrKt1TJ21YpF1t8Dx4KxNytbMT2KVN,sell,0.07719637400000001,8757.472394664997,8757.472394664997,balance_delta
2TJbUGypLNJvE159DjTJqtiSZe5XyjihhLov5jGetmVTPB2TX7eEEERSr4MPGxYswoHEugNuXGsmTjegcZysFQ9n,1787075360,GG33KgzDhbsCLzxwVpzJ5Pt2ubP5FyfDk8beZ8hXkwvB,sell,0.06805697100000001,7752.400926595001,7752.400926595001,balance_delta
Yb3MGyWFMhyu67zdALt5XRKabWTqTW5do1B7Ux9FNePsi3hXbGwV9FtLMCMdBNojMZWsVhg9e6CjXkKKBsi2Dq5,1787075360,GpNHGPQXQEnrrbL8paxGdEWrNEvdFcZFVtC6ztMoYuYo,sell,4.827744689,578862.4655683059,578862.4655683059,balance_delta
5fNbKcGrazzMH7RF5zTYiPEprv8zb6ffQMseS9oXg4R7sRGn85QYndWrgdiygtG5kXBdjTzRqW7iikupUnvdjtUC,1787075360,ZZGtLggQHdZ2LgkDtnbJ1eVQMYLpQN7H1fjCGZAw8G1,sell,4.688557803,558448.8755603493,558448.8755603493,balance_delta
5PVja1wyieHjoyVeX1DioHda8iiCP1P4C2zzWgt9M7ShEvUa9EaNeiD6aDSYJFHtKCQdAMCVieoGHV7cE92Ab3SM,1787075360,h1jpvLkFT6u81HZH1zWhd4Vrf1qybKTADovXxDLrbtK,sell,0.513579878,57991.39198896993,57991.39198896993,balance_delta
PHYazTAYtwdcrqMynfwoVHLGhEcuSrHHwTJUUSokcSqZdMC1hhwMCWF18dspMx8pxRNK8gC8UoR7hxCBiwrmd5T,1787075361,2R9ca7YkK8Ta3Nv1Gn4yhzJQumqpWzxMgN1xSB5J1Hrb,sell,0.345847358,43210.157567684015,43210.157567684015,balance_delta
fPWECYKzurWjYgmXje7bz3FufF6gwKdv9mzG7NMsU957bANmb8itexuv5tDrrQNj7ozs1mF6QKNnvtAKmXRk5oJ,1787075361,2R9ca7YkK8Ta3Nv1Gn4yhzJQumqpWzxMgN1xSB5J1Hrb,sell,0.319894059,38889.141810915025,38889.141810915025,balance_delta
UegasmvXPxSkUSzux4ahGUe3ZwfnRdZzrNENyYTndp2tvG4ZgUFQxSYNc3y8Eu1ySS95Ez5U1QUqk1Xit4m1MFm,1787075361,2pUUZYtokRgDV2YzL6M5pjb1jyoHE367yU1sdQ7ac3ea,sell,2.603934598,321072.6017909921,321072.6017909921,balance_delta
2FRSue6nMCNaEcHtjPpWRquQt5qTkvNsNrW9kFg38RuwogyuZohEEv2tCUM2LdoWNPEyrKx5JDSA9pCKehRGbNFe,1787075361,8JS3bkVtpQ2b1eTBtsadyQ7TkE7yxfdb8CpDa9zqwAe2,sell,0.44822372,56293.92000279,56293.92000279,balance_delta
67ZVpPCunFApHt32kc88sAsaMWgBVhLrEXG85z5Uv8vorwo3PGB39dZSyypob8iCMGmRL1mdGqw9xgGLNdxgscgm,1787075361,9Nc7QXztAZyyhrza7PMyBLL61YsL7NXbRRkHNcU3Vx7i,sell,1.122475607,137418.15191964316,137418.15191964316,balance_delta
3ZDMWwL2Wc812mpAgZkY6nqwU4gMz3Gkd2A24ierihuZnyvMBo4yoxjAsPV4KaPjPijt4zw4LpkmF8cGRdHjYUfj,1787075361,FCgDhFHrwS5M6LQrKt1TJ21YpF1t8Dx4KxNytbMT2KVN,sell,0.45612591599999996,57243.519974317,57243.519974317,balance_delta
2wWGbkqZNtrVsJbfeCT2krjFsbn4QXpm6jeAdRFjinpPH2dpz83CVg2YdSdcM1rsgZxqUZX8Qp44ft9unXNvK7yy,1787075361,GG33KgzDhbsCLzxwVpzJ5Pt2ubP5FyfDk8beZ8hXkwvB,sell,0.403742557,50673.835701816,50673.835701816,balance_delta
3JNi9nH32xqBNeSR89Z7HzA7AmPNxeqXngaM2FxBaD3X81wY61QviYCrFYvjEHZLi4fCPVxyCBoSFP64VJ9ZjCaj,1787075362,2R9ca7YkK8Ta3Nv1Gn4yhzJQumqpWzxMgN1xSB5J1Hrb,sell,0.30564916599999997,35000.22762982396,35000.22762982396,balance_delta
5ij2ZCDVWhoHLCXKYpudUHiGcKxfBgfrQR2mXnGY9aXKrqsvRkJLiQ1JjZCxwRyLWGjL6bBq1wrrWa6gjWxtkir,1787075362,2zXpLvhzH3BTAoaNpDRQPUKZqPZiQdDqc29d8wdr4UNz,sell,2.1064605259999998,245468.78665369796,245468.78665369796,balance_delta
22CVeUdApELraGBoQ5rRqYe1cBZhfa13o4mxFczQHaNjceMrsgRLT7SFqK81cqj3GjTXQgkCy1A7vovXLtDqppQW,1787075362,3DZNVBQxpaowav4Prz5fwyTG8ReNW6aL118Mod8fJxrg,sell,0.499628513,58454.35288896598,58454.35288896598,balance_delta
25qL5ttSkKJmZUzAsdZeQJzPsnRmwoFeeydLTcbc553caZbvsVBAFmCKYguHakPnTapiLM6x5dLxck4FyuW4yaQT,1787075362,4AXv1nmDRxosiz2Zr5bn4veEg63Ty32TParXHnTpQhzG,sell,1.993460748,232973.06806152803,232973.06806152803,balance_delta
4vE1Z3NVUHt5ri6YfxFXUVNETFscf4ktJXsFFBPpgo5G1aW6nGNu1M3ARrJuWxvfS8EbGtfLpoHoWrAsQkxurEtP,1787075362,5ZJYjAUVMLAJGccsEMV5SNjgnBHduumHyMjjHUtSubkG,sell,2.2343834699999996,259582.10921042506,259582.10921042506,balance_delta
5tEDtpV5UFLsV5yUDStS2DwRWFEvzhmb2JthjnrhCiZrhV3qG2eUVXcWh4fNWwH1XmHv9CoZBUzFJVmEed2RkqDx,1787075362,9Nc7QXztAZyyhrza7PMyBLL61YsL7NXbRRkHNcU3Vx7i,sell,1.1672480109999999,137418.15191964293,137418.15191964293,balance_delta
3nGuPg4YdNWijtzBKuWMk9UUAvfhx86b14iXpdVDKSk8bZoMBePtKMojU8H9rArP1Eep2YdjBCiVX5SFFaaRTmsH,1787075362,EyVaGh2eyp6zFPWLAiXx8wzEjn98VktPaANra78vkAKm,sell,2.152337174,252250.657428897,252250.657428897,balance_delta
SJPaRfQcmbsky65yBZLcmLEnCS1HfYjb1urvBMMFYu7CbxAduush484AY3g82Za6HwUnRuHagqAAV7zLkNEJpM5,1787075362,h1jpvLkFT6u81HZH1zWhd4Vrf1qybKTADovXxDLrbtK,sell,0.22615505700000002,26096.12639503699,26096.12639503699,balance_delta
kVzbr1114YPk9LCZ2c4Zumq5TCQ4UE7TaRCH5RTC7sSAj58PEhZvmSjMSivdb7vWdYK9A7piKiHkzEaov5F1HU5,1787075363,2z2q5gk8TDgqCidzkXkyevXH1aDaVjWL8cQwoRbMF1Jq,buy,0.006,670.5432931680116,670.5432931680116,balance_delta
4GdM4NfazKxUGHpugznTjWD3Z9efznyTmHx46W4kpkwH8ZvAPZtrpR3GF98vhgYgpU7Xyvs7UShA1NzAgZQdXiVU,1787075363,2zXpLvhzH3BTAoaNpDRQPUKZqPZiQdDqc29d8wdr4UNz,sell,1.928166208,220921.90798832802,220921.90798832802,balance_delta
2TDRcGzYrtHh54GPWvbH9dVwmjp73vUS4Br1RGabj2kDxQ7NXfmrPwLb8auBwxnMAYHJkivWC22HqK7KK72vuipH,1787075363,3DZNVBQxpaowav4Prz5fwyTG8ReNW6aL118Mod8fJxrg,sell,0.512320762,52608.91760007001,52608.91760007001,balance_delta
441j7JKVhAPXJ4ap5M3shD1uvvMHDzfJKYXE7UPFkv2M3TN84dL9sW9JSpamku2HJhzR5TNgUVUnZJNc2muqbvdP,1787075363,3KEdzpSYJ7sXfHKpVhSF2Qj6ZAjd3Q3dugFCZ4umWvkR,sell,0.237979368,26352.956172870938,26352.956172870938,balance_delta
44Y7ZHk5NexjXnkECBc42p7dvnCxmkzGBnZBuynXAWeA2qHQ6qeyqbfxZTDhtjbeRisGGGRtvgLm7AerNwNmpX84,1787075363,4AXv1nmDRxosiz2Zr5bn4veEg63Ty32TParXHnTpQhzG,sell,1.834667086,209675.76125537488,209675.76125537488,balance_delta
3MSeeDp3aP6Fe4JBrbGSVkfxcoxWm1xaZuMocDBJ8amrg5Ln6pKWNgbuAkxrApUVw2wLwdq1wCVNxddJpSbEj32b,1787075363,5ZJYjAUVMLAJGccsEMV5SNjgnBHduumHyMjjHUtSubkG,sell,2.028044166,233623.898289382,233623.898289382,balance_delta
5rASxHNknBp9Qx8BsjN9MfHYGpVMHyiXrcnczYdvvZTx1rwvcBDnZKnU8QjQpcNdFCZ1VWNXQfZQGXwQeEbXairg,1787075363,8NZq6z8y5697n1iqAqCHSwAKZeiT4M54JdmQ6rAjCJB1,sell,1.440867792,164472.869488457,164472.869488457,balance_delta
wmFaSdWaaUgSKLA9obV22nVCReqh1nYV1TpXwTMK9v6MRmtAupVDLzdSHHp38Q8csu2TfNXz6amDGyzRWSqw37S,1787075363,9Nc7QXztAZyyhrza7PMyBLL61YsL7NXbRRkHNcU3Vx7i,sell,0.985913672,109934.52153571404,109934.52153571404,balance_delta
4SVMa8pdZyQTpUw3TLNhyfzbdGdLzMt8kJMhjDjDoC9LzSShrVQcRtiKdMHPsqMDRZuQMUdTfWzTBDB32avLAScU,1787075363,9PDFBkM2JjnLuuEhQVi5oPv5jVJ4wV3LA2PAfLXNijLb,sell,1.311591975,149123.411993188,149123.411993188,balance_delta
F8KQi5wCY5xcvoT2GPVM7ewEVJ3JaMNzBSo8XLLaEGzeotn3AarACuRymPCvXtvyDBHpP7vC8y67TUGSLUCjPRf,1787075363,A1igHDVAzKcGUAbVMFV8HrCCSUfcs5YzVfW3i9895pdW,sell,4.378478926,492997.20178836165,492997.20178836165,balance_delta
TkF7rzkS4wxRmDgK7tFX3wytFKu6BocU1nwCLGT6LPGRcwwDFgFhhPhEMJNW7o2HbjxQMkrJPWQbPue4bp9ueHu,1787075363,Act5xzJ7DhXrdNKbRw1yTzQUmT4hYtAPgFKTP5WzPBva,sell,0.26528820399999997,29374.384656672017,29374.384656672017,balance_delta
3M6s3VXVUqqdERSWoC7sPG5dNDeQetfwEpmsJUkjKQTo1NC1M2xBztYRJgPxMvzYgayRTZ6tYyPCJwVaKab5ynUP,1787075363,Ebux1vXaJYiugKxnBNgQbsBjbjjFK1K2k1zXjkD3tqDk,sell,4.210231319,476866.92648187885,476866.92648187885,balance_delta
FjZfftCfjTztkGhL4QopZGvy66aMaDyezZdxHmTAfRX7JWL8HoCDL7RDNtypewR5z9uuvZBFSrsRPxshZGuToXG,1787075363,EyVaGh2eyp6zFPWLAiXx8wzEjn98VktPaANra78vkAKm,sell,1.9761655360000001,227025.5916860078,227025.5916860078,balance_delta
36wBqyvW5XzL37qs3ZLMrdXWQZbcCee3o4v4JtYdzTJFrYBNtVr6k5xKzzNukwFLYznXp2YsyAtcVsnQEeUpaELv,1787075363,FAHMvDeWBEBe6fG653ChW7suaLVMQboS3hiaNqpejuBF,sell,1.563164734,178057.014947634,178057.014947634,balance_delta
2toe8iDRT2tGYXHp7rqXmJ5iP8dc2MYv9PctbXrxmyBASWciGMjwEfVe7XSrj8TofG4eLtZbZFX3m1B7Yj26DAqN,1787075363,GpNHGPQXQEnrrbL8paxGdEWrNEvdFcZFVtC6ztMoYuYo,sell,4.318991788,492033.09573306004,492033.09573306004,balance_delta
5hAktBdKWp5W4ABAJGy8mpAy1Y5RJwRqXowL1FoAGPFAUQMRjqipfaWadMb67Ftp6femd6qjnzLNbotSqRKx81UX,1787075363,ZZGtLggQHdZ2LgkDtnbJ1eVQMYLpQN7H1fjCGZAw8G1,sell,4.142299179,474681.5442262958,474681.5442262958,balance_delta
5WvH3rHB9JJWJSdDY3wEZJRKdB5u3Jz1fuiByvFbU9ENQbFQAbXxxKkUUXNY7H36ro8KEY34Qpgc3Lb5wx5WW6We,1787075364,2DCW6PvdpXwscZVanFmDLB7svT2STkUj2SuXSMR6C29g,buy,2.001,185324.77349171,185324.77349171,balance_delta
cisK1TEDiQsS6PxbzvfW2TbFAwsipF4hpXg1wWbMh74kxTMAqfHuPcK3FTC9d7xCmUWWLNRMhDUQE22NvLErxKT,1787075364,2T7W5XtariS53AbHY42u8CZzAyrzvNzGpeWcHsARNGkx,sell,3.792662741,356818.489047569,356818.489047569,balance_delta
3NLaT9kc9UUbSnsGHGHWLmvuSV8Rroqiktz6eBTpbnyM6rR46utxF3nvUtr1nqgu2Tdw3FYAyw4XyFsinyWBtcbk,1787075364,2z2q5gk8TDgqCidzkXkyevXH1aDaVjWL8cQwoRbMF1Jq,sell,1.438618218,135192.89014122201,135192.89014122201,balance_delta
3MvbdjHEb59ucYcD4d2GFW9pRV7u8wAwviTc8nDqdYAcr62zSHWDdpZtwBqdzpf2oCc5ttX9Xwcp5TVeh4UGE3mo,1787075364,3KEdzpSYJ7sXfHKpVhSF2Qj6ZAjd3Q3dugFCZ4umWvkR,sell,0.26845267899999997,25475.402732314076,25475.402732314076,balance_delta
4YrmpZ5D6uA2neSKNxAUC9UJBjxXikaNhigB1broVRui1TK8Xvqd4LBWTdWPmznwznM4UAZQXtSqpC7oMG1oSYmp,1787075364,3XQyz76yGTfdVezAEX32drhFBK6Zdqu5vP1C1ocPXVt2,sell,3.825020881,363033.581195266,363033.581195266,balance_delta
ndVvdwHR5LveRCKaXdSibk7dHPqkDavnFGib2k6dYDhEo9tN623JrC42oyKoaE1DeryCdi8XS6eaGxaFUWG9Htc,1787075364,93u5BsWsPxuLRzcDqwecZV9TiXEV7qNavef6fscPnSb5,buy,0.032589687,3034.3939596080018,3034.3939596080018,balance_delta
33FeXMpiWKxBdDhr64JcgH11taivuv8BSJATqGTXbK3S1KYHBfkpsJqhiPgQPwGwoYD8R1MDmhiVVmBVmDiZ5MJY,1787075364,93u5BsWsPxuLRzcDqwecZV9TiXEV7qNavef6fscPnSb5,buy,0.032174761999999996,2974.0271188229963,2974.0271188229963,balance_delta
mHS8AXPMibf56NGGS29JcBXXSDKg195W9jf6qokhYGZzLLSMx4y5du9XRSidipLUDnEU2ZsSQCiVRWR1eW31uAn,1787075364,93u5BsWsPxuLRzcDqwecZV9TiXEV7qNavef6fscPnSb5,buy,0.036102688,3348.781463995998,3348.781463995998,balance_delta
2mDQS5DtmTSykMwM44RvgsTo7w64g6a1YFgsFR74KNqsYPdQ4RXBz8ycC4cVCn9ysPMYcj8eL3FPgcixiggsf5Hd,1787075364,9Nc7QXztAZyyhrza7PMyBLL61YsL7NXbRRkHNcU3Vx7i,sell,1.009491479,98941.06938214297,98941.06938214297,balance_delta
2vMqduZ6pW2Kq94nFdHXAC4sbY4XgjhtQKjjKYKUTCFRwFNtfq1wtghgxBi3sGSpidWHmpJjdGfMt587tLXieghe,1787075364,9Nc7QXztAZyyhrza7PMyBLL61YsL7NXbRRkHNcU3Vx7i,sell,0.947215306,89046.962443928,89046.962443928,balance_delta
4FQ6Y425YXuqEgn4FE8iB5e7y3Nc1h6PJrHEgS3BvCiW7wm45Mm3ySv1Q5uozkevANgDqg7W377EB79VjAagKV9f,1787075364,9Q7rXKnZr3xDm5jgEARhh9sPMk4pDpXsct1HjaPsQZqi,sell,0.000499532000000002,47.487939168,47.487939168,balance_delta
2iaweS6oPU1WYe9wq22fB3U9DG8JvBEGg8U5PE9twG8y9ECxLfRTjBsxnucFWrwD4JMUk1VqXk2QVveYgX7EaDxq,1787075364,Act5xzJ7DhXrdNKbRw1yTzQUmT4hYtAPgFKTP5WzPBva,sell,0.299452885,28396.217647604994,28396.217647604994,balance_delta
5X4xnBLHPqpGheiNCpwx7BFwV2Wx7xj9QL1NXyZ1UqbVr4ZFg6aNiLH8SgfD3kxFQzCaJNZmgHnRyTBmqyDq5Bir,1787075364,FDQKtMRyjWHPxyvtuWzqypyn3JXmCtv3CH9tKQpLbtPD,sell,3.225234591,304815.992575858,304815.992575858,balance_delta
5Ze4tVB5LrLno9u1VswEPEfFMKP9QBxgvV5bvDysNMF7VTbSnTgLAiydNyXZ9MBa9NCnReZQucnMYt8rJ41ZW3JS,1787075364,FMrLCzfeRZLiawdoj7PRiAyo3kwbYWJ7XWQXgxmeHr8w,sell,3.224018436,302049.539203779,302049.539203779,balance_delta
3gzSayN2VS95jveypdYrTiFyFk5a1JzSkJED3KPyCio5fZXGX2PEKosJRLmaJx2wMdmHwqeFkziRRjR4hiuVBZ7Z,1787075364,GEPiePuVYQcbShk7ACa2YASeLuRHqvcSZpS89keWZecG,buy,0.031439674,2926.8730435670004,2926.8730435670004,balance_delta
2oA5EkakzrqqYSURzku6cx5pm4h34UuQV16mMGPE1vj3ZkEEEDWVGYV9E8HuhNgbDkFNpFsMQAbWuSNDybegQqjU,1787075364,GEPiePuVYQcbShk7ACa2YASeLuRHqvcSZpS89keWZecG,buy,0.033542053,3100.680404029001,3100.680404029001,balance_delta
5mdPL4hL8PhHYjR6gXM6SmWNGMHzsD9biZ8vbXVfLuVb726vM9k1NXFv4psAxwuZ3TsAtJXoG7iaoqK5raVP1x8V,1787075364,GEPiePuVYQcbShk7ACa2YASeLuRHqvcSZpS89keWZecG,buy,0.032240709,2989.4354664529965,2989.4354664529965,balance_delta
3UyUaUYd2wyVppdKU1KyyJoqjr4vJN1m9xyBqYrjRzwCG3yad7xiuaYT6oH3iRxJ5BkLxQci6X63mGkdkZJoG1at,1787075364,h1jpvLkFT6u81HZH1zWhd4Vrf1qybKTADovXxDLrbtK,sell,0.26186429,24791.32007528504,24791.32007528504,balance_delta
4VPLShB3B2RQiEskt3A5BZokWxMuvz28ZPpCUXDa2C4ruCvonABAtpECLBdPJuu6kcrWzSDnRQQkzzFiWus2bZZb,1787075365,2DCW6PvdpXwscZVanFmDLB7svT2STkUj2SuXSMR6C29g,buy,2.001,180787.25036522106,180787.25036522106,balance_delta
5cGk2S3CummX5HwHgVJdf9ghkRifDEpgoeJdz2G9b53TH8Enu3o3TNQu21LsQJcS714BsodyXwbSJ41z8o7X46Aj,1787075365,2zXpLvhzH3BTAoaNpDRQPUKZqPZiQdDqc29d8wdr4UNz,sell,2.113649356,198829.717189495,198829.717189495,balance_delta
2HbLwy2PqmhjdpMRwm3LL9UWw6f1CisHi7xb3ckhb6BdoPXEdpJgnjNbqWu5mey8UncJRjcbdDYvmDvDKCMe1jaF,1787075365,4AXv1nmDRxosiz2Zr5bn4veEg63Ty32TParXHnTpQhzG,sell,2.011126615,188708.18512983806,188708.18512983806,balance_delta
2ikJNB1x6YaHtyNePg7fyK1kaH2q5GzpKLWcRFhs4wCerbcTaEKCBv4MfsbDxZqtCQGwsWwwkvgpVJs6iZhMsW7D,1787075365,5ZJYjAUVMLAJGccsEMV5SNjgnBHduumHyMjjHUtSubkG,sell,2.253072283,210261.5084604437,210261.5084604437,balance_delta
4QXEqyxHvmTFLkvEe3jBKRh8SbDBYdNVt2sqxnRrpb3yEaDZBwjq2paDH4A1GFx9iMzboWNm7A93FLV8asMNG7PF,1787075365,9Nc7QXztAZyyhrza7PMyBLL61YsL7NXbRRkHNcU3Vx7i,sell,0.845699493,80142.26619953499,80142.26619953499,balance_delta
oPFZxSuQ5s41ao4TxRgCfxySvdkkXZY7pNTTwLNwG3r6XVa7xxfNUWUwR2LPaP3szGaY7AhVje51jhmz9zv4szq,1787075365,9Q7rXKnZr3xDm5jgEARhh9sPMk4pDpXsct1HjaPsQZqi,sell,0.0004980360000000122,46.792826383999994,46.792826383999994,balance_delta
3ePm3U8YY8JcmbhHwzmLJFaHM3A381dBMAerTvkfwjfexqYJgPPsNNaSDY8p1zGZQT1pxwDF1sZ6vcBrhMM7gsJq,1787075365,EyVaGh2eyp6zFPWLAiXx8wzEjn98VktPaANra78vkAKm,sell,2.183366634,204323.0325174071,204323.0325174071,balance_delta
4S7vVf5yA1q6Kxd7vnPHF5iBBZrxm7X3nQuRMzEpsHpt1Rw6pwm1RgkXhDNzJWtp9dBdmBu9A8vZgwBQi1Uya7KU,1787075366,2zXpLvhzH3BTAoaNpDRQPUKZqPZiQdDqc29d8wdr4UNz,sell,1.90532658,178946.74547054595,178946.74547054595,balance_delta
2VQ3xnStz7qnX6rNbFgXKFaMqKhBTo9QzQgTUG7JCrne7dgYBBqHffrCNzGAVPVP7tkzHDxxJBKZrnNp6RHyJAmj,1787075366,3KEdzpSYJ7sXfHKpVhSF2Qj6ZAjd3Q3dugFCZ4umWvkR,sell,0.255613004,24627.071821327903,24627.071821327903,balance_delta
62Van2bMfUVTmbW5e7aEkbCQN5c1ZoQVch68bQmBkmZ7ziz2fLSAPRT7XdKJsjyLcWBCwC8gTvq42ygtYShE5Gtm,1787075366,4AXv1nmDRxosiz2Zr5bn4veEg63Ty32TParXHnTpQhzG,sell,1.817000278,169837.36661685398,169837.36661685398,balance_delta
4mY7cjZRVUHz2tDZfJ5S222tkV9NqD1t2PoL8xx5SbqoGnTDkGuaXhgo2pfFn43ZN89ofE85hrPStLMwwD1Uaubh,1787075366,5ZJYjAUVMLAJGccsEMV5SNjgnBHduumHyMjjHUtSubkG,sell,2.019895381,189235.3576144001,189235.3576144001,balance_delta
4FkT4CEsmXS2mKAm3LoXjK2uG41oeMpwWHzRL9NGm6P2kGQzzh1k43i9adB9wPi2GSUV4Ew6SMTChmQiCiHNrHJu,1787075366,93u5BsWsPxuLRzcDqwecZV9TiXEV7qNavef6fscPnSb5,buy,0.036426877999999996,3363.811662551001,3363.811662551001,balance_delta
62BMH2JrEUZAfSskHU2ZqEtqPX5YdNeVXmKN9gfbaSozd2NwM7CYAdhLgFtEu21BpM9Eec1N6qx4zvkrQXXGpEhN,1787075366,93u5BsWsPxuLRzcDqwecZV9TiXEV7qNavef6fscPnSb5,buy,0.03275704,3085.736355640998,3085.736355640998,balance_delta
35jnrFp7rdSmggybeiHu5iXsPFpiwcTPFgv73VsjfMh5K6E5fN3sfya3dBPW1FgutxCd2RwGrjgcD1TGfTdfCaBA,1787075366,9Nc7QXztAZyyhrza7PMyBLL61YsL7NXbRRkHNcU3Vx7i,sell,0.740676954,72128.03957958205,72128.03957958205,balance_delta
56jbJtaXjnsMiYsST4iaHwSj2PoUmJCMR3fDoTXwd6BLekWD5qm8BWtN1bHPu8ddod1nCorYq9dyQjVg7EAg8u2F,1787075366,Act5xzJ7DhXrdNKbRw1yTzQUmT4hYtAPgFKTP5WzPBva,sell,0.28493676599999995,27450.62359993998,27450.62359993998,balance_delta
4EQiSao7BK4QGNNJ6CW4w85C7CwW1BtDUv1qVTQbnUL8df37j2rwCHzcYbxDs46AkZgWKxJvPZYQgf1VwjbTJSeM,1787075366,EyVaGh2eyp6zFPWLAiXx8wzEjn98VktPaANra78vkAKm,sell,1.953312173,183890.72926566587,183890.72926566587,balance_delta
5UNgSX81HUgYVUVCe9PuKRCNADKv5jD2QWTEqNBSSbpBTF7HEccdfifeJ4bUuUBrHxyimyu3UNfX2nDyQJjyEFj1,1787075366,GEPiePuVYQcbShk7ACa2YASeLuRHqvcSZpS89keWZecG,buy,0.030512585,2810.677330029008,2810.677330029008,balance_delta
3aQhjEaBxX1EhDfxtSY6YevLpiaAE1Z2Urz3ZD1ebSFX76sLh44e5PhCRipJs2fmLMrraYbceyCAP5e4B1VX7VHm,1787075366,GEPiePuVYQcbShk7ACa2YASeLuRHqvcSZpS89keWZecG,buy,0.032072387,3020.7916838239908,3020.7916838239908,balance_delta
4RZwB4BtMX2c3fLJZb6WQQpZkvhkpGZmSRERed3DLdSYnrpVZasbGC4Mc6ywsTVtGQKA6vKTCLdXWsJm8Trkpnh4,1787075366,h1jpvLkFT6u81HZH1zWhd4Vrf1qybKTADovXxDLrbtK,sell,0.476074307,47103.50814304099,47103.50814304099,balance_delta
mbJgfngZrMfxyMYtDG4zFt5A4xFfE7AdyLqcXHCLjVhyTcimeJAAbhEAeVUj98FKoHDXsYpi1HwUCmDGmRfgnD7,1787075367,2R9ca7YkK8Ta3Nv1Gn4yhzJQumqpWzxMgN1xSB5J1Hrb,sell,0.328340341,31500.204866841028,31500.204866841028,balance_delta
3gWxHQrpsQHatHWuMty7EnAo1ddZzGXJ7po7B3RTGLhLG6FKb6TQjFusZ8hGbxTN2zb467DajgUAzek7ESeykH45,1787075367,2zXpLvhzH3BTAoaNpDRQPUKZqPZiQdDqc29d8wdr4UNz,sell,1.703895917,161052.07092349115,161052.07092349115,balance_delta
2SL6yYBNGu3VoaBbo7vZWtYMYxgZZXnpPxwpvT8W952nynUYtuzYQuEsVqKvvQp9ncfaLe9rMUD3LhKuFZ7iGVLc,1787075367,4AXv1nmDRxosiz2Zr5bn4veEg63Ty32TParXHnTpQhzG,sell,1.6066109560000001,152853.62995516811,152853.62995516811,balance_delta
2HgrhhtHCfvupTRUMfNp475d7xiQmvMgLdx9W2VrzcYKHzVnG5qY3hFhy2z4pBBBVBw9fDKBqnK5cgt88S6DwAWg,1787075367,5ZJYjAUVMLAJGccsEMV5SNjgnBHduumHyMjjHUtSubkG,sell,1.7980032060000002,170311.82185295993,170311.82185295993,balance_delta
pR8PHkXMjFsd7HscjNeQ8gBGLBAgwncqczBq1ai2zbJpAT2m3595Q6rvm7hMN2miPqNejGGamQcDDt3hf7HxezD,1787075367,93u5BsWsPxuLRzcDqwecZV9TiXEV7qNavef6fscPnSb5,buy,0.034551254999999996,3240.771148207001,3240.771148207001,balance_delta
5fz5pFUjaQLd4qjiP6V48UFviqzbbrnczuaZPzjis7kpqvPFZ9qJKbu5zjPRsbFVUq6RRMsnkjD91rHyC34a3aEq,1787075367,93u5BsWsPxuLRzcDqwecZV9TiXEV7qNavef6fscPnSb5,buy,0.034785377,3310.3604279960127,3310.3604279960127,balance_delta
tjXCSD1ZqbeYDitYgy8k7uZ4e1ThZnEk9UJJRijRW3ANk3wyDV1jQgfKD2LrtEAH2coDvC6BCB2onmEP87BDjhF,1787075367,Ahekwy9V7q2tmqJdTX92TAtEHM4pafQbsfc5oLakbZs1,sell,0.60876094,58135.69981860201,58135.69981860201,balance_delta
5shSaPqyfAYCcjKVYCnhS6arQ5VcjrsiXR5FXhbRUMdFodJira1JH5irWm7C3YNvqBqTKwkuAzSgNyGqW2wXn3LD,1787075367,C7PNbARVAHeskaefdcu7fy21dCN3qNANKuT6Cka2av4L,sell,0.5091956790000001,48729.35636220299,48729.35636220299,balance_delta
2rZwD6z3nNfK3SQqepoG8AyGyMH5H3NhKRFBscEMvBLvDvkTwLcgNeVZZAydrwWH4eVALVNrm54o863ANACV7kCk,1787075367,EyVaGh2eyp6zFPWLAiXx8wzEjn98VktPaANra78vkAKm,sell,1.7433176670000001,165501.6563391001,165501.6563391001,balance_delta
4Hr2sendPhz7Ca5w7sQzfeXg5i6Nwu26H4pYWh7J78YyXsdEHtSGZuAxgV32AZEeJVEJwRpF1s5MkVmtt7jD7Wv8,1787075367,GEPiePuVYQcbShk7ACa2YASeLuRHqvcSZpS89keWZecG,buy,0.035007026,3283.7850082810037,3283.7850082810037,balance_delta
2S1x7RL8zYH9z6KBnoLLfLyKqQCzq9RhHNarikntQGEz7AdEp44F1M5eBRKMtVWBvuT16w9yo69oq1KZJ294R86z,1787075367,GEPiePuVYQcbShk7ACa2YASeLuRHqvcSZpS89keWZecG,buy,0.034216598,3255.811394891003,3255.811394891003,balance_delta
MCnUtasCdPhk8KVpYqaJeABrD9gQKKuuNyRW7qWB9BkaZF9uQUJo4gmXkfa4aDX1pfhuNBGcRo2LiwmnVJFakkQ,1787075367,JAGPLMkgPWRxFJekMU8DRHRurw968GGYHRMEKUWheYcD,sell,0.5989048100000001,57240.93574259902,57240.93574259902,balance_delta
4RsG4zskNiNs9enVxnrkudnjXKC8SeU7JK2gkuBpGRU1W5TWDFWUTxoDs7st61bm8KpWz6nuoqA7Xuivk2NfxNrU,1787075367,h1jpvLkFT6u81HZH1zWhd4Vrf1qybKTADovXxDLrbtK,sell,0.433272255,42393.15732873697,42393.15732873697,balance_delta
2t8bUZANteci77HPt9akAG6Ub4ucSqfx9sRNkhqtp9Joccz5yuHW9rU4gZhjNVnY1rxxki6aQG1PHHUycD1kdQTK,1787075368,2zXpLvhzH3BTAoaNpDRQPUKZqPZiQdDqc29d8wdr4UNz,sell,1.417438104,144946.86383114196,144946.86383114196,balance_delta
22s8MJwKjcsNe6YAwQewMiRL61iJ6ZvPLCCr66gXeAb2YDYhe7mrGjRUYCS2KqDmFk7uiAN1B3XbKJxHcdauuUyK,1787075368,3DZNVBQxpaowav4Prz5fwyTG8ReNW6aL118Mod8fJxrg,sell,0.47998635,47348.025840063,47348.025840063,balance_delta
utdSLRg2RnrRZZLZ94QrjBGRtKqoERTDk7csyJfQp2kWv3mP5mqqkJVjXZvUMp7obzMsPfXHL7vY61cpv6WwAp5,1787075368,3KEdzpSYJ7sXfHKpVhSF2Qj6ZAjd3Q3dugFCZ4umWvkR,sell,0.24115207,23806.990329678054,23806.990329678054,balance_delta
4vwMZzfGrazimksNqLzhVPhJeLSpmCk3WiGW32KvN5Km1RQDvCMPzn7KYBB1ksg4rQNLnmx4is8HyjmuemzbQQJa,1787075368,4AXv1nmDRxosiz2Zr5bn4veEg63Ty32TParXHnTpQhzG,sell,1.342801127,137568.26695965184,137568.26695965184,balance_delta
2JhM5hNK3ZEzfyqm3FU9tJX9LL8z3aNfUL1JQ5uvephfpMAXHQCFSYw6vN3LjbdtFU2paUNhMzYumPi9GaHvxRcH,1787075368,5ZJYjAUVMLAJGccsEMV5SNjgnBHduumHyMjjHUtSubkG,sell,1.493569459,153280.63966766396,153280.63966766396,balance_delta
Y62Eg4yEm5z5P1eiP5zozJkcJwWRnooBnQi8jUjY5dvPiXQZadgiXH9XKCV7m6JtJbxPi7A5VXtw71LJxqQz9na,1787075368,93u5BsWsPxuLRzcDqwecZV9TiXEV7qNavef6fscPnSb5,buy,0.031947298,3050.7851160930004,3050.7851160930004,balance_delta
4xQsi9XJX1Jow31s4whyB5AhrexkxXGXLTVK2zXEHoYecRM3rb9uAt324X3PSeLN1cuVddMkWAo4TfjthLtqBHMG,1787075368,93u5BsWsPxuLRzcDqwecZV9TiXEV7qNavef6fscPnSb5,buy,0.03177652,3069.4644828679884,3069.4644828679884,balance_delta
5P3VU1npCzFmAbUTNhoJaABJM2tbfXYvUsN2zRt9WvASDmiNq1u4HtBD7XsaPgYV25r14MDDFYrSqsuFQQwCUCxe,1787075368,Act5xzJ7DhXrdNKbRw1yTzQUmT4hYtAPgFKTP5WzPBva,sell,0.26900330899999997,26536.51783406199,26536.51783406199,balance_delta
3o5KjYaZWf1vRNC112GM5JmkSof2VKZTj9tro63C4L5MHCTNJ29mMXAHmhGcSc1azB4vZDdrm1oLzspniJhp5sHJ,1787075368,CASStbiKKzQrFvs835DagrLid7saGriDUHv39Mr8SRUG,sell,9.07200468,896763.018282597,896763.018282597,balance_delta
2AQQRho6S9cknrZf3RUUTAsg2M6axXDrKHu6iTMWWB1nkhWza68XyATLZh8pJxNgApzoDy94t96JdaoWRdib47No,1787075368,EyVaGh2eyp6zFPWLAiXx8wzEjn98VktPaANra78vkAKm,sell,1.459360866,148951.49070519,148951.49070519,balance_delta
5eMse5mxNn3WToMxcoBg9CmKbRzFEeKV2WLPjuAc5TKdZ6bgKXKYnHkRxuCev1t3gg62znXe8Nyac8qLFsBcSEBU,1787075368,GEPiePuVYQcbShk7ACa2YASeLuRHqvcSZpS89keWZecG,buy,0.034534920999999996,3298.5283608860045,3298.5283608860045,balance_delta
5WU3h23xgiiDwVGrQ5Ffg7pXStpEcMWoVPpxL6HJqFSXeJLiw1TQ5VKJHdpFJfbvk6mqAigzSAjGDmRYoFAu6eCs,1787075368,GEPiePuVYQcbShk7ACa2YASeLuRHqvcSZpS89keWZecG,buy,0.03352454,3238.716414475988,3238.716414475988,balance_delta
2kejtFNaYycJSEskDsXFF6rvPyC11BUjAbxeG4iYoXcBW5YK8EdyxWLtDirziU8MkWnXLRxxdApGtjbDs2QHBDrJ,1787075369,3KEdzpSYJ7sXfHKpVhSF2Qj6ZAjd3Q3dugFCZ4umWvkR,sell,0.197451909,23014.217551699956,23014.217551699956,balance_delta
5we3EaDuWjeQUWhn3iZdvJwbu17UF6MHXkYCXeoNMjS9GG8mgoJ6Gujrc6Zw5cWG6WXnxX3XtD7wpgKSxyiVfQXp,1787075369,3KEdzpSYJ7sXfHKpVhSF2Qj6ZAjd3Q3dugFCZ4umWvkR,sell,0.209394525,23014.217551700072,23014.217551700072,balance_delta
NM2kntdpq6cUUrW9wcL7Xx2cDSSrmyHn2V7qZfZZ9dTxoBizcorSqLRU5MqJxN4vfUwUpnLwjcGq8SpyD9AiHkP,1787075369,3KEdzpSYJ7sXfHKpVhSF2Qj6ZAjd3Q3dugFCZ4umWvkR,sell,0.20491863800000001,23014.217551699956,23014.217551699956,balance_delta
5atM8YaUCsbwA4ekk2z2AN2zXJdfQe2T2tuyo6cdprbueaRxnYgjnSM3538g3nZJJTwgQ7Y3vyQjU7KpA5SohSwB,1787075369,3KEdzpSYJ7sXfHKpVhSF2Qj6ZAjd3Q3dugFCZ4umWvkR,sell,0.20486115200000002,23014.217551699956,23014.217551699956,balance_delta
2noR1DrhMzcXPPTshJ5KvHsFhBsg6kNM1arXWyudd33FSj3SmcvZD7Y63SFKhPTgqUUYasoPsEyDThRhjFaLvsLY,1787075369,Act5xzJ7DhXrdNKbRw1yTzQUmT4hYtAPgFKTP5WzPBva,sell,0.220269023,25652.851790187065,25652.851790187065,balance_delta
2tpkmThhiipzYivxpuAETEEBXDXhADCfXWRQRc3dFQnFuW7AJDyou9EYVpzvxgE8GJA4dY9nkM1MwVTTDz2gg8oq,1787075369,Act5xzJ7DhXrdNKbRw1yTzQUmT4hYtAPgFKTP5WzPBva,sell,0.23370737,25652.85179018695,25652.85179018695,balance_delta
2PhvzDYC7bi4JLWMPdLjTRMH4XBWD2aVejz6BbQHXk8rbU4sM9Z7Pz8KB7bKmatriyUYuddKuWFHK8R9EMTQfDYt,1787075369,Act5xzJ7DhXrdNKbRw1yTzQUmT4hYtAPgFKTP5WzPBva,sell,0.2283959,25652.851790187065,25652.851790187065,balance_delta
3QHRuEHQDmSZpuuTD9s2GdrWK598PPLdcHPaGx6yChfJExre3GAhivBSgTc26eESH4yjkQM8EGb52P3hp1mwkVED,1787075369,Act5xzJ7DhXrdNKbRw1yTzQUmT4hYtAPgFKTP5WzPBva,sell,0.22832453900000002,25652.85179018695,25652.85179018695,balance_delta
5GP4ERKxETEtoS2317N5FQHRGXVupXm4VYPNDnUgEW7i7wnkhDVnBjHg6NYmxAKr46NUN8HkE8dPio8PJVRetsKf,1787075369,q8Kx1rkvAMKxRjKy2NCTCvJBWfuafpvHUF2REbayHHM,sell,4.098376919,450240.64995465404,450240.64995465404,balance_delta
3B4aAtLQawC9PkkMFurpigU19FPqJRbkPq5XYQdpiDAPSWFxwa6CBN5pieJDQaioAd84MYrcT9Y4ioQKY86Y8JUb,1787075370,3KEdzpSYJ7sXfHKpVhSF2Qj6ZAjd3Q3dugFCZ4umWvkR,sell,0.198605695,22247.8441072281,22247.8441072281,balance_delta
4Y9rFYtXWXsWoKVuokcVmqhVDSGKVmJiz3C1ntsSZAa5JEx1enKu3vseHQD6y66mmjGpTWdYrt1sox3mSomj6SRe,1787075370,3KEdzpSYJ7sXfHKpVhSF2Qj6ZAjd3Q3dugFCZ4umWvkR,sell,0.17983737800000002,19948.72377381299,19948.72377381299,balance_delta
3fpu1ubd3WW9GisWc2ejyiv9hfUGdWXiFE5NZ9qtvUceXUCdZxd3F8K7ERiW5Xr46GH4Q8JYWecsG1hQDBLcdFXN,1787075370,Act5xzJ7DhXrdNKbRw1yTzQUmT4hYtAPgFKTP5WzPBva,sell,0.213766527,23944.371860960964,23944.371860960964,balance_delta
5P1NopkGuDetU1Az1prtXBNH4A4f2ovMiHBpGW2nCWKzg44CMZXdCDJGmPbLMY33oZirSiEU9eYonBGMFRFNR1rW,1787075370,Act5xzJ7DhXrdNKbRw1yTzQUmT4hYtAPgFKTP5WzPBva,sell,0.200518905,22235.891931734048,22235.891931734048,balance_delta
3vrELfAk2xuNAo1C3zoXVzcMDYGGjYi4gTAfe6Xf3Uecyq6zyyc1ZNL1qLkL51HSd81BG8XtCJNRA7sj1LWwnkWe,1787075370,h1jpvLkFT6u81HZH1zWhd4Vrf1qybKTADovXxDLrbtK,sell,0.34234041899999995,38153.84159586305,38153.84159586305,balance_delta
4majWayzm32Bs5UUvSu7YQNo65EGSiz6SzB4iENrjU6zdJBMDrfDaCG2b3YiZ8aLpHDVEBewPXJYyi9jXoh1yteu,1787075370,q8Kx1rkvAMKxRjKy2NCTCvJBWfuafpvHUF2REbayHHM,sell,3.0326527029999997,337680.48746599,337680.48746599,balance_delta
bZa6u58q5J3ryXEkf6AFnZLwQC7CwahQA1xrbHSzfThAwXFKTqHMtQJpFrkAhoDbcFZSjVxucTEqUusrpkpLp7F,1787075372,q8Kx1rkvAMKxRjKy2NCTCvJBWfuafpvHUF2REbayHHM,sell,2.30893677,253260.36559949303,253260.36559949303,balance_delta
2DmsrYwqJ6yuw2TUVv9FwuJKxxy1FsZNdRSb4uCgxhv7XJWrsU7pLDDvbWYYV1xAKgNe7hzEn8S9DsdgcTBf8pCy,1787075372,q8Kx1rkvAMKxRjKy2NCTCvJBWfuafpvHUF2REbayHHM,sell,2.292843165,253260.36559949303,253260.36559949303,balance_delta
2CyNQXaZsr2ZaCPBDpgNvi3BF4ncmBwPTJKQgypAffgvqc1jkc6FtFSaPrjqLSgeGVNC4dmHpBEri2FT7qw2Xo5a,1787075373,3DZNVBQxpaowav4Prz5fwyTG8ReNW6aL118Mod8fJxrg,sell,0.944872944,106533.05814014398,106533.05814014398,balance_delta
3oHknvvqw6J2zuUxwRBZhuMCRCTEcN7BWJcrKsT1eRXjNrVotajnpHX39sR8BkekA5XMv1jvQpjNLvqGdbi8SS1K,1787075373,q8Kx1rkvAMKxRjKy2NCTCvJBWfuafpvHUF2REbayHHM,sell,4.2817396290000005,506520.731198987,506520.731198987,balance_delta
4MgaTuWhwn7AKA4rqfi6ak4MhYz6EroVm3fhhtttygvRaf4YSQSy7HfosEuqKxDwueMXGacfJik1uUpPbcvtW6jy,1787075374,2DCW6PvdpXwscZVanFmDLB7svT2STkUj2SuXSMR6C29g,sell,2.498381021,295854.451146271,295854.451146271,balance_delta
E3QorxAY195cgVXtdnMdvJC4Jaqh4jaa68VVwmW4hmiVL2CYMCWKb9sLL4X5rd7kyp9iz1eDNtqE27jnGCJCKWE,1787075374,2R9ca7YkK8Ta3Nv1Gn4yhzJQumqpWzxMgN1xSB5J1Hrb,sell,0.594486594,70875.46095039399,70875.46095039399,balance_delta
3a2LssMAmQaU6NocKhZcQWkdj2suzqyJ28XiydNRLJnCJUHhYVhHbvohxcXBuhB7Gi4wD3MPAuD8g1AowZTpAuvQ,1787075374,h1jpvLkFT6u81HZH1zWhd4Vrf1qybKTADovXxDLrbtK,sell,0.5812884970000001,68676.91487255396,68676.91487255396,balance_delta
3oAmC2sY31KzMWBAvQgPMc2oc5YoYuVa3kGvnePtY5nyYsFgG2yv3RLTCsCSDbfxnfySNjsUiuFxYnvrRAewvm4b,1787075375,2zXpLvhzH3BTAoaNpDRQPUKZqPZiQdDqc29d8wdr4UNz,sell,1.088326078,130452.177448028,130452.177448028,balance_delta
jgbxkoiRaU5AQSGLekMvV4yNH9mzbc3iqafBRW8itntsV6JYrZ5yzx2jVGEvGxQyFH8eSgN4ZzPi5mstxTaZF3L,1787075375,3KEdzpSYJ7sXfHKpVhSF2Qj6ZAjd3Q3dugFCZ4umWvkR,sell,0.15428065100000002,18543.578063374967,18543.578063374967,balance_delta
23wTq1BBPcifipzEiQYTQcSqH84wrP3jiTQv6vtWtZE7fMGt4s625kVLfGFyGxn5dYCsnWFz1VUCDDTjjCTJWrC8,1787075375,4AXv1nmDRxosiz2Zr5bn4veEg63Ty32TParXHnTpQhzG,sell,1.036021046,123811.440263686,123811.440263686,balance_delta
2SyiQUa4XR6gaKwMR35HyfMFLW64V2E6Zxb7ZeXsTpWGP6damD9Qo1r8f2LjXGZBZTiyDZmeRz5FGhwbgAsXZB4D,1787075375,5ZJYjAUVMLAJGccsEMV5SNjgnBHduumHyMjjHUtSubkG,sell,1.149176146,137952.57570089702,137952.57570089702,balance_delta
64V3qc4JVngGWDaELGrfMtq4Bbsa8aPRbAv9jemPNg8npozy495xsArz3rJfdVm4tWVjSazMbrcyCAYkSNiAh7gc,1787075375,Act5xzJ7DhXrdNKbRw1yTzQUmT4hYtAPgFKTP5WzPBva,sell,0.172362063,20698.089147437946,20698.089147437946,balance_delta
37dM1bHXLauCwS24P2ieRuMi899PYdEiuD4MpcToZEQfQgk1UcN1aWp44JJX9TruGSwbQPMdM4bxB2xHiTmXzEkj,1787075375,EyVaGh2eyp6zFPWLAiXx8wzEjn98VktPaANra78vkAKm,sell,1.120174568,134056.34163467097,134056.34163467097,balance_delta
4VyjgEeXnz8j4CYTRqLZbeP9uqT3A7xcfuqTbUXwCQvM3he9F7ocTofbzjbVQcC3qG7myNeUAozDFhMGYrgWUbYQ,1787075376,2z2q5gk8TDgqCidzkXkyevXH1aDaVjWL8cQwoRbMF1Jq,sell,0.006302352000000001,753.7508478599993,753.7508478599993,balance_delta
5zcKH3Q8vswy4jJyJzKNuLXkaev7y4zo4XathDFJoFgiYtvi4Y4Hz4xiJ1EVXAzdQHwPT8ecbtXBuEFvnCUh1j7Y,1787075376,2z2q5gk8TDgqCidzkXkyevXH1aDaVjWL8cQwoRbMF1Jq,sell,0.00560851,670.5432931680002,670.5432931680002,balance_delta
bsEohKms9fFGZ6Whf6hzjgE36Qc5LkGFekD97AN1oY1crp6jCWtF6PAYyoszNRkWWeHmW6PttuL5YyLPwNwR9hP,1787075376,h1jpvLkFT6u81HZH1zWhd4Vrf1qybKTADovXxDLrbtK,sell,2.28104191,274707.659490214,274707.659490214,balance_delta
5aRKjYtHya7ZzXrCGFTN63KwkVEeewKTJB57nDFSDCqvUhyM6K3YnPiYmyhdzdH41ejbzCKwxGMJYgtCLE1j1Qia,1787075377,2z2q5gk8TDgqCidzkXkyevXH1aDaVjWL8cQwoRbMF1Jq,sell,0.006781994,810.8497880600003,810.8497880600003,balance_delta
55qYpwkJnnhFxg4amLzZWZXuqHVaBwqbvLu9VDs8626id1eQo1JKBqhP5QtEtu8mvMQcvbTzwwj4xPXMWkFpkzQY,1787075377,2z2q5gk8TDgqCidzkXkyevXH1aDaVjWL8cQwoRbMF1Jq,sell,0.007098029,848.6430403689997,848.6430403689997,balance_delta
4BXGyAN39RFBDXMPX5HVgbceQQz3BWqFTBwKtFdxnXwLzSsg83QWhep1NUd37xuvqc9Qqj9gLtZEEDTxeximKcMa,1787075377,2z2q5gk8TDgqCidzkXkyevXH1aDaVjWL8cQwoRbMF1Jq,sell,0.006782242,810.8425558370002,810.8425558370002,balance_delta
395Hj1bWShkDqcNP1cW82txQwC8DjPLWXMmDKwHV2unuqy2RhJSnGqZLGimS72z4dfEo2AGASrMLJ7vEiWq1spbk,1787075377,3KEdzpSYJ7sXfHKpVhSF2Qj6ZAjd3Q3dugFCZ4umWvkR,sell,0.147796061,17926.076913864003,17926.076913864003,balance_delta
3qpB7rWN8bdh6qY7LyMx9L4yXW2c6LF1rgTaD1Uy7btdysNvugRMVC6UYUntRi4aSAA2BkT84oSKT591v1H4iYeq,1787075377,Act5xzJ7DhXrdNKbRw1yTzQUmT4hYtAPgFKTP5WzPBva,sell,0.16512094600000002,20008.842778827995,20008.842778827995,balance_delta
2N4bcE6fByEfycbQJphn28dEQtfuntEk7Tof8f4P6XbgC1TmJdmxRKiraDjXy6RbxehF2atH1ZUD7YjTWPmK5na1,1787075379,3DZNVBQxpaowav4Prz5fwyTG8ReNW6aL118Mod8fJxrg,sell,0.663824239,79899.79360510799,79899.79360510799,balance_delta
3rWmR1sBNDKUu6vLN1a9fMDmEAjco9Jqd483c2fe5xwfTHdY1Wz1pFkUxme95kBJsRzcCdhnDrAeHLco87qbBkdk,1787075379,A1igHDVAzKcGUAbVMFV8HrCCSUfcs5YzVfW3i9895pdW,sell,3.568493635,419047.6215201081,419047.6215201081,balance_delta
dFdCD89aqEFJcqwssAN19Ch851Zny8oiuNP2NsamdJG9rSGjrwbkr4xA43EdFVHaXsoTnkbdhTMVSQz3t4s1evL,1787075379,Ebux1vXaJYiugKxnBNgQbsBjbjjFK1K2k1zXjkD3tqDk,sell,3.4015678990000002,405336.88750959793,405336.88750959793,balance_delta
3kYVbRvc5ekiaUb9CYg7PYbsZ4qvs5mbD81hsQmWgUGSginB6rpcCW8VbtMxfRRcWUfm6N6AqMrFvVAyqVuKA2uN,1787075379,GpNHGPQXQEnrrbL8paxGdEWrNEvdFcZFVtC6ztMoYuYo,sell,3.543882948,418228.1313731014,418228.1313731014,balance_delta
5W3GxeeK7iRP6FtCRLFYxcmxLEPm6tBfZaXFr13Tk81eJbnR3xoY5Dgzb4YfTNNZLh4vkzBLejBZsuH77P4q9n5n,1787075379,ZZGtLggQHdZ2LgkDtnbJ1eVQMYLpQN7H1fjCGZAw8G1,sell,3.4021355730000002,403479.3125923518,403479.3125923518,balance_delta
w1TcPUspSjq4eGTqhYVxiB8AvFK8RE6AAHB7DTiGBfYZiCtND7V8wkbHd1WnY2qQDcZQfm5K3TeWZDry1Dazdso,1787075380,2DCW6PvdpXwscZVanFmDLB7svT2STkUj2SuXSMR6C29g,sell,2.615789285,295854.451146271,295854.451146271,balance_delta
5MouYWRrx7QfTxyU5ida4Yqfc1CTDNHSwvKrU1rVQqhFL7wTcouciCymhvjs6BHBA4hpzFFVoUF3oUNLDVs5bmPG,1787075380,2JuwsNWVYsr3jDEaSAMiMDfv5UWNWHQRGyQVvHBNCobC,sell,5.186915558,616479.6371943001,616479.6371943001,balance_delta
4ousaWTWauKYUeNofXM9SF31HzNQmm9NVezXCr2B5UfRSq2pCAb5Vsb9soq15heKbPHtRrRHRULLDzyhfcU4ZR95,1787075380,A1igHDVAzKcGUAbVMFV8HrCCSUfcs5YzVfW3i9895pdW,sell,3.031025336,356190.47829209105,356190.47829209105,balance_delta
34i2uaq1nYBLYVZ47gFAqszWVQgDLxutHdUxLdEQnYyrCWFDSynXSdjEtaNon1N1Ddcs9Zh51aKsZiHvNnLPyz6b,1787075380,Ebux1vXaJYiugKxnBNgQbsBjbjjFK1K2k1zXjkD3tqDk,sell,2.9195110279999996,344536.35438315803,344536.35438315803,balance_delta
5Uc1CreftwSdAG3HQpL9ssohxncDp39M54ufYTLBw3A3ic9X69Hy6pPTabPKq5euEYLs3UvPdLyWoNve4NgiAU66,1787075380,GpNHGPQXQEnrrbL8paxGdEWrNEvdFcZFVtC6ztMoYuYo,sell,3.0001100409999997,355493.9116671358,355493.9116671358,balance_delta
5zTeuWpWHa1pBqHVZ2QprHAJxY8oosFhWzoQoTmjZueD77SWmEXaTNMhwsyD5mX4cEgF2sN4p8LUJddUThEhRHG6,1787075380,ZZGtLggQHdZ2LgkDtnbJ1eVQMYLpQN7H1fjCGZAw8G1,sell,2.930334115,342957.4157034992,342957.4157034992,balance_delta
34LSMVAqJJkkfkFZz5ByAHbC5gBPQVSvYCcLEKRKyoKuvbfUXAHFaifJqEx11RMchzooTnihiWzjPLzi5aw6iA16,1787075381,A1igHDVAzKcGUAbVMFV8HrCCSUfcs5YzVfW3i9895pdW,sell,2.49261082,302761.90654827794,302761.90654827794,balance_delta
SeYmk7Hk9NoFksGmXeevT7exMHXbbBKaRBby4AJD69gGpwg2mmBsQeHUwTUM1BFppiYketAEWL1oBnK7Cduu5uQ,1787075381,Ebux1vXaJYiugKxnBNgQbsBjbjjFK1K2k1zXjkD3tqDk,sell,2.4024993930000003,292855.901225684,292855.901225684,balance_delta
3rz6q1CBsgxsN9sxzVqE3fLuSSKWPC58XpVbHhwLvsMbHr95CnPLrbwZPvFNgN9nzQksxPmTa9t2VgSiv4Se7zgD,1787075381,GpNHGPQXQEnrrbL8paxGdEWrNEvdFcZFVtC6ztMoYuYo,sell,2.50506411,302169.8249170659,302169.8249170659,balance_delta
2SW6a9zNxocrZzKtDBXfHRzamLiJSL6BbqbFmJtaFz2NnAybfGcjSdbrZRsezjFrG6yQC1w2UgheK3gcjiC1GcMb,1787075381,ZZGtLggQHdZ2LgkDtnbJ1eVQMYLpQN7H1fjCGZAw8G1,sell,2.408130198,291513.8033479741,291513.8033479741,balance_delta
2Ph4cbCsufXr8saXMigmJjFrLQAGDsThPGUEZfVA3gPa7DJykT7Dx4FmchB6qf6JAHX3Mtr39SNXceKVGo2beZ9r,1787075382,8g1mx4TgKsvEGM7a8GM5yVRuC7k6gmjgdht5NbFzfNy6,sell,0.07989454800000001,10343.734432330999,10343.734432330999,balance_delta
5rHvGspwtFDwbsLqkJsPcsBbMioqVXVpJaRMUn67u858bncaGM7Cwy3icABsY1s1HBqwArgMmewTNiRbAYtRuope,1787075382,A1igHDVAzKcGUAbVMFV8HrCCSUfcs5YzVfW3i9895pdW,sell,2.3527014,302761.9065482782,302761.9065482782,balance_delta
5F3QE3VLNbUh8uZuunHpZBsRTN9eJAsFvGXVEidwcPsRarydHgvFeipPKh6xaYdPM7g4HUfZ2zAznceVgbnnu8Xk,1787075382,A1igHDVAzKcGUAbVMFV8HrCCSUfcs5YzVfW3i9895pdW,sell,1.931376269,257347.62056603585,257347.62056603585,balance_delta
HBCGANwfNACi8YwTfQnESaCKBehQCV83yXiYEH6AEF8b5cmrNGypv7gZjKKjtCU6bm52Ca3znWmcq2uszLPY5YP,1787075382,CASStbiKKzQrFvs835DagrLid7saGriDUHv39Mr8SRUG,sell,20.074872967,2690289.054847791,2690289.054847791,balance_delta
2Env5ConvkTReqyYMgdrL583SZu38vcWQUAG2gJRePzB7stesmLqZQUT59aPD29fWRRsCz9ZoSp4wFCm38QKFac6,1787075382,Ebux1vXaJYiugKxnBNgQbsBjbjjFK1K2k1zXjkD3tqDk,sell,2.267860089,292855.901225684,292855.901225684,balance_delta
3ZNSwpUHr8bL1kQv4bprLdiQQmZrgd8Ehg5KSuvBQ6mmg9awBGfDv8vrXuTBhcGMcc9aP9juERSSgqYHBhufSkvz,1787075382,Ebux1vXaJYiugKxnBNgQbsBjbjjFK1K2k1zXjkD3tqDk,sell,1.8838813220000001,248927.51604183204,248927.51604183204,balance_delta
2eYzaPBxWNd7KN5vcFSNxx6fsCuZpdLHG7t21KhU3joqthAUAMEsZtoZ7R4ZU2jLZdPcdR7AHzQ1u1fvBSoaVnAu,1787075382,GpNHGPQXQEnrrbL8paxGdEWrNEvdFcZFVtC6ztMoYuYo,sell,2.324645792,302169.82491706614,302169.82491706614,balance_delta
3eE9bumf2NhcvhhKnowVBvNjq9roqbS6dwGtbAuJuYnEHCyKM3NGN2uatAY1cPgbX9F7MJmgiKg5WERauEn3arsk,1787075382,GpNHGPQXQEnrrbL8paxGdEWrNEvdFcZFVtC6ztMoYuYo,sell,1.933128032,256844.35117950593,256844.35117950593,balance_delta
KEjyD6Jvff2J2kUY2JGpEB1kyw26KAUZktx6BEor6DH6DcSoi8MewEptzc48eja6mzHZsoCrq19fmGvNtpsUFAG,1787075382,ZZGtLggQHdZ2LgkDtnbJ1eVQMYLpQN7H1fjCGZAw8G1,sell,2.249988314,291513.80334797385,291513.80334797385,balance_delta
4sLSChzRooLdA3QuzyRkGhG19M7s9SMnTETt4AFbrSfwJk1BRRtqKwLmNnDKtTk265ukzhPQpsRc91XFCw9PiugK,1787075382,ZZGtLggQHdZ2LgkDtnbJ1eVQMYLpQN7H1fjCGZAw8G1,sell,1.870013259,247786.7328457781,247786.7328457781,balance_delta
2nmsn6o6qiiSZunLpiPwxcZkW4bUJ3UYEBncUHULXtMkUycQnEjMeJoVHjBZZukGUU5YN48wqt3Qcw5CkE1F2yG1,1787075383,2R9ca7YkK8Ta3Nv1Gn4yhzJQumqpWzxMgN1xSB5J1Hrb,sell,1.481487805,212626.382851183,212626.382851183,balance_delta
A8AGgYvzZd6vUrRAF9xNs9uRf99CVYJ74sMRfgALQfUXwe5w9E5dgFH3vee2nYqSPxyvgp2YzHp6jUhyd71MyB6,1787075383,93u5BsWsPxuLRzcDqwecZV9TiXEV7qNavef6fscPnSb5,sell,0.6915555210000001,96571.888873269,96571.888873269,balance_delta
5p1ujk4V4Bo1KBmgpYsRb2CF6rNuaqfFB5GcxuTuQgUAVMEYdWEssJG32AGUvN9Y1uNfKqwUTjGgGW3nT5LGnu9D,1787075383,GEPiePuVYQcbShk7ACa2YASeLuRHqvcSZpS89keWZecG,sell,0.673350115,93932.84542884,93932.84542884,balance_delta
4RuEofhsQM8aYbrBFqNkhRbr9NnRCGudn4C43stjodemcAUQRuUsfS8b1b1yrqQeSBhtr2AQg63jKMSkxcE47zLx,1787075385,93u5BsWsPxuLRzcDqwecZV9TiXEV7qNavef6fscPnSb5,buy,0.665468516,90128.682820862,90128.682820862,balance_delta
5b244nLRdjjvxxt7VKtrKbwSDf1FQ2WssmEpADRUytmKLwaVTYZ5R89a3usFVFRyBvbgeUDUWrWb8PgPKQn1wQo9,1787075385,GEPiePuVYQcbShk7ACa2YASeLuRHqvcSZpS89keWZecG,buy,0.656920785,89057.751081414,89057.751081414,balance_delta
4rTUyDgb8eBT5Vt2QjmRXR9daQB4jwTpKVKjn8v5dNBnJguoWtdXaBrpUHrRofwsS3tJ5BktGmZ8Hc3UnwbKfesn,1787075386,2z2q5gk8TDgqCidzkXkyevXH1aDaVjWL8cQwoRbMF1Jq,sell,0.003613333,461.57646199400006,461.57646199400006,balance_delta
275w4LaLdw9cjgAPECfHPccrK7QzXD9rWPidX1xRThWc37rC2u2K68c6Lqgk4ZEMQxHwns4fDqQxmRxj8yx2iCUB,1787075386,2z2q5gk8TDgqCidzkXkyevXH1aDaVjWL8cQwoRbMF1Jq,sell,0.004370911,551.859006702,551.859006702,balance_delta
26z6tqVosEfp58ZgLJ6FXWBDoQfpZ7qcUESdHtZiwJjJAVcTwuNFEuxuo4WoerVKRQwvwg2kt7gf8G5Uddq9JgFr,1787075386,2z2q5gk8TDgqCidzkXkyevXH1aDaVjWL8cQwoRbMF1Jq,sell,0.0036559039999999998,461.586849264,461.586849264,balance_delta
Hgu9gtyCSNyhC6MqVK8oFgv5TveMUjsuxC2dNXgMSzMXXLKj9EUCxgJTZ2qaFPwSm7TVgpbpNXiWTPTB6rGzjnq,1787075386,GjGhvk8AdrQQnyhfGcaF3TNLo8tngc42QELQMoBkTGaD,sell,0.040393317,5234.458892782,5234.458892782,balance_delta
3cGxh9GY8sxRErHoWBFnAgmh8tPjYEkwosj5r7TNa6izzM1h4QkC3YzXCdhggdXhFuCxxPdQEhKXwkBrLihsee1k,1787075388,2zXpLvhzH3BTAoaNpDRQPUKZqPZiQdDqc29d8wdr4UNz,sell,0.9397244010000001,117406.95970322494,117406.95970322494,balance_delta
5F3zjGLwNQYxVjy6ErG7zWT7hTwPNFdjxaDJKzYG65EW69wK7vCnbMo1BxqMoN3BR5XfUXNKRV7CoDRN6bqXa7UG,1787075388,2zXpLvhzH3BTAoaNpDRQPUKZqPZiQdDqc29d8wdr4UNz,sell,0.896841325,117406.95970322494,117406.95970322494,balance_delta
2kAYddKV4JiDTyMnbovuTVxQfPHvQwKik7VM3bCmBFXkWvB4ooeVoJZv2yEvyPFiDV4kgLyKDs31EAqhykMyDEaL,1787075388,4AXv1nmDRxosiz2Zr5bn4veEg63Ty32TParXHnTpQhzG,sell,0.8942435120000001,111430.29623731808,111430.29623731808,balance_delta
5h5Z9q3RiNpG2EXff7K9WMiPrSnoATgRJUcEhvRi9sSWBYSKt2PZc6YSXo91bJjcqT71htBKVUjzYG2tAJWM3J6C,1787075388,4AXv1nmDRxosiz2Zr5bn4veEg63Ty32TParXHnTpQhzG,sell,0.852196182,111430.29623731808,111430.29623731808,balance_delta
2sswgrWevw69TAMyYji7HohJ5SE3tcv9gooQzrEr7pF87sQRm2hsh9MWp9gWMpVhCvBkmCdvn5ShALtK91vdw1Yp,1787075388,5ZJYjAUVMLAJGccsEMV5SNjgnBHduumHyMjjHUtSubkG,sell,0.9952431310000001,124157.31813080818,124157.31813080818,balance_delta
3TLu6oQmQG7se96VuMziorUccUuuSMjve3Up3VvFUVhFLWEADAQo8LxFWEfR4Da2mszUB83webVRK7smhXGHWwvB,1787075388,5ZJYjAUVMLAJGccsEMV5SNjgnBHduumHyMjjHUtSubkG,sell,0.947217291,124157.31813080783,124157.31813080783,balance_delta
5gN5UuXukFd8U1JH6x1n5X8NJgkPjm76MgkH4A6Uv22LN62gPoRsCijJ1Tpvef1GukrCGH21Ro9ZZRU8CpyRSwSY,1787075388,EyVaGh2eyp6zFPWLAiXx8wzEjn98VktPaANra78vkAKm,sell,0.962920309,120650.70747120306,120650.70747120306,balance_delta
57N6ybDUQQpKnU1ZfQdVC7V672H82pKFzW3wA2WnFRUVmV1tHevLnvavK32Hnj8B1jyAFusXvqL8ZFCVcK7peram,1787075388,EyVaGh2eyp6zFPWLAiXx8wzEjn98VktPaANra78vkAKm,sell,0.924055741,120650.70747120294,120650.70747120294,balance_delta
66yBskzumUh8Cx4k9AtbzdgyAjKYnFiX1VBwRuP61RjJ32R1EdyjC1qCJd2FBPn7MtHsJ45iCsAX3cTsUuGCJMq,1787075389,2zXpLvhzH3BTAoaNpDRQPUKZqPZiQdDqc29d8wdr4UNz,sell,0.784193859,105666.263732902,105666.263732902,balance_delta
C9z1FeLtom2NEAtYCppvVzAiLiWcX5VrG2SP55gHAGDr6JizF8UAKddCrqpUntRse6vX3WS16Ps9ffYTmknsR65,1787075389,2zXpLvhzH3BTAoaNpDRQPUKZqPZiQdDqc29d8wdr4UNz,sell,0.688316445,93925.56776258,93925.56776258,balance_delta
42pgztz2JNrWUcUviPRZzsywjKKZo3L7q8Dj8edJyk6rtWn5XE3m7yXdpccNu8SBnSAG67vJ2rxHw2UXCmScqfg8,1787075389,2zXpLvhzH3BTAoaNpDRQPUKZqPZiQdDqc29d8wdr4UNz,sell,0.680160676,93925.56776258,93925.56776258,balance_delta
3ZFcwMq41AtKDeHV4JLMM5tQ2b1JzQqXChnmn6A3AhGVBBbnGGnFkBfvzq3LvgiCecv43HjrtG7vEd9qGWNTN1dW,1787075389,4AXv1nmDRxosiz2Zr5bn4veEg63Ty32TParXHnTpQhzG,sell,0.745037771,100287.26661358599,100287.26661358599,balance_delta
DhQyrkomyX37biRd9SvYkuXGEZwMheKLQ7ueX1i1PHJPjepnTzg9it2xhh8zbcNtAN8bhGBqX1b5nqYewv6ipt1,1787075389,4AXv1nmDRxosiz2Zr5bn4veEg63Ty32TParXHnTpQhzG,sell,0.653850422,89144.23698985402,89144.23698985402,balance_delta
3on7gNydt77hYBBWd2jpL3vanqt3frDfMxuXt61JMk5XBTvA1S7cXLG6aMde2REuJyKqHczi3KLRFjEGxK1ofemG,1787075389,4AXv1nmDRxosiz2Zr5bn4veEg63Ty32TParXHnTpQhzG,sell,0.644804925,89144.2369898539,89144.2369898539,balance_delta
5CzjBQGw9e6VnzYh8t76tB8UwrzGmgtL3C78wKtvEqWhs5oanJTjbNn2Xkpsspa1kHVcRcsDbuZsQon8VGPN3Qxw,1787075389,5ZJYjAUVMLAJGccsEMV5SNjgnBHduumHyMjjHUtSubkG,sell,0.828380869,111741.58631772711,111741.58631772711,balance_delta
6DG5HGGAMXSWskEDEhEbDBbUCrpqrKMEZuX3Tof18ZNaojegT8ipKNC2xynDT7t4qw8sQV4bApDYKS2ks6zMq7b,1787075389,5ZJYjAUVMLAJGccsEMV5SNjgnBHduumHyMjjHUtSubkG,sell,0.729479043,99325.85450464592,99325.85450464592,balance_delta
2eaHxDSz4kHHiSNh8pYqaCEuH7XFyQFeHEcTamtHJ914FhVrmRiDr9pTeXwyRb7jowHgGiLdX3afoTw82fysFHoG,1787075389,5ZJYjAUVMLAJGccsEMV5SNjgnBHduumHyMjjHUtSubkG,sell,0.720124691,99325.85450464603,99325.85450464603,balance_delta
3tu4Pp3dZCf4agj6kQVwi9oGhmJ7G3eCDqgWFryjQPVcBnLWXQ98MDQwtnsFmKZwHnCuVKqVBSHZMrpSLDRP3sHs,1787075389,EyVaGh2eyp6zFPWLAiXx8wzEjn98VktPaANra78vkAKm,sell,0.807760257,108585.63672408299,108585.63672408299,balance_delta
4TYB2mgoXj13XfJrW8FjbxRTwjzwnKPWjRCKQytA3vF1wPr1TrdCNXmfc2d1CmK7p78H2gxQo191VGPozJM9xESr,1787075389,EyVaGh2eyp6zFPWLAiXx8wzEjn98VktPaANra78vkAKm,sell,0.706639044,96520.56597696303,96520.56597696303,balance_delta
BXGa7DaVZ1UBXWvQ3UD6uhh3dTWEYUASb1hNpH6f3qccPNZVMavseRUV9kjQCKadXzAz34dnzaNzJCPESUwBYTx,1787075389,EyVaGh2eyp6zFPWLAiXx8wzEjn98VktPaANra78vkAKm,sell,0.697590758,96520.56597696291,96520.56597696291,balance_delta
3wvuTFB24A9okTXbFJw8BDftVwViVvDSMygrb8BGVZUuhFGrWANvnsm8qDwV9UiCHz3MREywu4nt9mGRiMnjptrr,1787075390,2zXpLvhzH3BTAoaNpDRQPUKZqPZiQdDqc29d8wdr4UNz,sell,4.641541282,645738.278367741,645738.278367741,balance_delta
4AXu6zayKfBCmaJq7wbXiRG76N8Tt5tqhmFU1gCqPD19ayfGzAcizfj8Cmjj748kFc59RTGMc2beR9xG5D2yztbW,1787075390,3KEdzpSYJ7sXfHKpVhSF2Qj6ZAjd3Q3dugFCZ4umWvkR,sell,0.120550151,17329.138552632998,17329.138552632998,balance_delta
3xNP3tLq1WEgBi9hL9fV2Xf2UobXWphkA2zNEoQgbqCDaiU3NwvQotGhUMvbNJk7r4BaphYHiEKYJ3F2vXPN5drh,1787075390,4AXv1nmDRxosiz2Zr5bn4veEg63Ty32TParXHnTpQhzG,sell,4.343919482,612866.629305253,612866.629305253,balance_delta
5DpXeruKWPUVGt8a5AhJ3JZL1gvg5voAXRdXRQnVgEzdN8Wa2geR9ugdR1E3ebnhr5dqNGtY2oDJwKrJGLwNQNF1,1787075390,5ZJYjAUVMLAJGccsEMV5SNjgnBHduumHyMjjHUtSubkG,sell,4.806593264,682865.249719447,682865.249719447,balance_delta
5yybam5br3a7xVVs24e1gfYFjqf8PcUiv61cgcGJKEbiESToU2PrxNdcifZKfFxBqexWkm63KJBBxgscJ3xsKCAh,1787075390,Act5xzJ7DhXrdNKbRw1yTzQUmT4hYtAPgFKTP5WzPBva,sell,0.134645935,19342.54831429303,19342.54831429303,balance_delta
4WHB3kcu8S5S6keVGFYNChMN9JURFvTNueeH3jzCSpfnY8Duz5xZiB2VPDiNA3NUeR8eej1S3iqeFj2XiJN9rkc7,1787075390,EyVaGh2eyp6zFPWLAiXx8wzEjn98VktPaANra78vkAKm,sell,4.736070401,663578.891091624,663578.891091624,balance_delta
M8fnrPMpcPBFZ1NBDqPysJucb7hS4GGNf7YUj9BF9rQtu84MJspMcoUGC2Eg7ng7r5JaHh6A2BYppH751wT5pZj,1787075391,93u5BsWsPxuLRzcDqwecZV9TiXEV7qNavef6fscPnSb5,sell,0.5334847500000001,90128.682820862,90128.682820862,balance_delta
4vLuAsUBon5XGodMXFETPS7nHFeDrxwJ844Dt33vwsK77MPoZ8u6frFau1LDuZNUpWDjpwT8Bx5VLFWTKro36iFo,1787075391,GEPiePuVYQcbShk7ACa2YASeLuRHqvcSZpS89keWZecG,sell,0.526679297,89057.751081414,89057.751081414,balance_delta
3KNQCGbkHWwDX9tBmUzuTTrLjjBGAPMbCrT3am3ksT7V2yMG8SQN2C2TmU3dFweMGgvtgM1anBDikbS8tnKPAGAL,1787075392,93u5BsWsPxuLRzcDqwecZV9TiXEV7qNavef6fscPnSb5,buy,0.641854338,99560.587791081,99560.587791081,balance_delta
GuA8FUAAZLATNLfnRdMMX8z1BfaNBkVL1xDZEpRnVsAqsffeRABNoWxE1XVxtjjgFcrZv9Gg9H6MppTJf8pcegs,1787075392,CypyYaGszgtj77VMXJBvp4vWu9jn9mRCbv1JMrXuGZft,buy,1.666002419,258792.585521897,258792.585521897,balance_delta
4NsPBrMxCH3v8wxcgYy8fd37mApgcv7B7F1XLCcxc7rA1jbeZqiPHzRvCckr9saAeeDiJLHDowseb9QyG6v8ZAoE,1787075392,D57d6AUh7sdQuvXUmNeJwojL29b14uhA4hRqRdiKTvbf,buy,1.376932647,212794.940432933,212794.940432933,balance_delta
2ja3LQgqWhefFukpgey4rTirFLNFe7kAzyhspQdmaWYk6D6MHTkzDcK6Xw3ArFJfYUW18ahfKzAcF8LS1D2tfhan,1787075392,GEPiePuVYQcbShk7ACa2YASeLuRHqvcSZpS89keWZecG,buy,0.7020183489999999,107482.521426425,107482.521426425,balance_delta
5NP3nq9Ms1mNXyqXVuiEPQ4zz3upzSdyVVTv9ncWxkwYTiKgSxiwHKAGZG5EoHKACs158kxzYvJq66KA4Q2ANZHp,1787075393,A1igHDVAzKcGUAbVMFV8HrCCSUfcs5YzVfW3i9895pdW,sell,7.294191891,1155541.276659263,1155541.276659263,balance_delta
3gquhXi2TzViBYgzbfstYpwdBzYEE9sgvHiVL5Ru96KnVnxWUqRUWEb6wesvPXSnh9pZ7fw8K86xQNZvqhQ2pUR9,1787075393,Ebux1vXaJYiugKxnBNgQbsBjbjjFK1K2k1zXjkD3tqDk,sell,7.219833459999999,1117733.356344698,1117733.356344698,balance_delta
vV9Rv2oeKtBQGrsN9gwQaPdRrhJANjz5ZbtUHHUg8CMQYitYiNjnT7VRhKyFTTwyp6LAi3UEXsawwnUH46Bkdty,1787075393,GpNHGPQXQEnrrbL8paxGdEWrNEvdFcZFVtC6ztMoYuYo,sell,7.1951000359999995,1153281.49843347,1153281.49843347,balance_delta
3wZmyprLCyDyvuVmCCcHAhXva13eFqj8bcegUMDJoQjx3Lvs7riP8nED1wnk129Jdozh1LBVYLZw3pCPHBBzSxvG,1787075393,ZZGtLggQHdZ2LgkDtnbJ1eVQMYLpQN7H1fjCGZAw8G1,sell,7.104888549,1112611.016111438,1112611.016111438,balance_delta
3iKa6i3vn6hcmkC2d37wDk3pRQrPLUzs5cQxvh2sufQ3eE7buaY2kLy7aXJx5hSiEghay2EVyfiLSXsdpCu5bNN2,1787075394,2z2q5gk8TDgqCidzkXkyevXH1aDaVjWL8cQwoRbMF1Jq,buy,0.00803928,944.523121827,944.523121827,balance_delta
2idtzySAfiSssnw89jbHWLbHtqCdFKzb43RRPgdVFPpLgK4cxBSiTPd1MVZPTS1i1MNZgiextSdXsJgVT3bkBHkJ,1787075396,2z2q5gk8TDgqCidzkXkyevXH1aDaVjWL8cQwoRbMF1Jq,sell,0.004913402000000001,944.523121827,944.523121827,balance_delta
59Uy2PsNYZyu7NYtbNL2JQoRQ1ZYuTchRLr4ztZWtALRQW6ryaeU74hgAS48ZgdQis4svmCFiapgar5JrVUHvVZw,1787075396,CypyYaGszgtj77VMXJBvp4vWu9jn9mRCbv1JMrXuGZft,buy,1.202761576,223530.730206954,223530.730206954,balance_delta
3y2hGMyQViCCT3bGhAQ87ksEH9xrfRywH2FbCetqcHkhdYCxxt9J6McRXUer8hRbXarQuWBmzWJjDX4xeoM8d1si,1787075396,D57d6AUh7sdQuvXUmNeJwojL29b14uhA4hRqRdiKTvbf,buy,0.8361534239999999,154008.51030964797,154008.51030964797,balance_delta
4sWwP5gbgsYjbXYQHGKSDskpBff2tDEaAqzayQnKajQJJHus8YuaWm95ANCay9zNtV5DT1SCN67N2qbACDPWM7qe,1787075397,6KsuesQQGfqZcqEPBKXgT5iwvZHhUgf6uvtuzQNigxgK,buy,2.3734905609999997,402700.912625631,402700.912625631,balance_delta
HsL7QE4DR5phzDx64KmYtZyUi7Cn4su7YLZLYMX3ykPo9q3ZgCGHNDQKFmfudRk57bjKN9taMDa95ExhUQHwo9p,1787075397,H75xFpTZVYVzamJrPQHkbGqdWpq4zsZzUiW7L7U7GfQ8,buy,2.15088571,366250.886125327,366250.886125327,balance_delta
2ukX2iiVHyonGVDaZb6UfEfJv2aDiWRQfn65ZipmDoYku5Njo9CFzdQhCtDhWRkjYChqKLNhQxbVLNxUmJbr8krs,1787075398,H75xFpTZVYVzamJrPQHkbGqdWpq4zsZzUiW7L7U7GfQ8,buy,2.358470019,397892.74202029407,397892.74202029407,balance_delta
2eVbz11rYhw8U2U54G3eC4igLDQkmZq6Jc3Uawry51wJUNtXWqMJmvr2w8C5mgz3Kkif2FMMzezx9QtHmJSBUQPX,1787075400,8n79PwcyrybEECM3ghGetPnm6Y2SRBVzJNd536Z1C1PU,buy,3.0096734919999997,443348.170305677,443348.170305677,balance_delta
523cvzZkRrHE11BPqhMJJ4TFWtiPCgfUG4Yy1W2YKDRZkPqH4Lf814MsLhDS5Lqon1UrVnXFG9u6Je7exukwhgaJ,1787075400,Ahekwy9V7q2tmqJdTX92TAtEHM4pafQbsfc5oLakbZs1,buy,0.202374754,29930.310564960993,29930.310564960993,balance_delta
25JFN8Q7m5CRP8QgP24A37943k935Fxe3hyZkMZoipYhkCqNGNYMwcTeY2MT6ME6AAEYHHkyRn1wLbeZyMxdN918,1787075400,C7PNbARVAHeskaefdcu7fy21dCN3qNANKuT6Cka2av4L,buy,0.10821871999999999,15932.10900534701,15932.10900534701,balance_delta
5JWBBaVxN38VkerTobD4XzAb4nciYxEzZdm9xKCb2xv6YN8w9Mi3SWJDcuXfpqCeHdbGbr6VTiatscjZ5DP4kgkf,1787075400,CypyYaGszgtj77VMXJBvp4vWu9jn9mRCbv1JMrXuGZft,buy,0.903835613,131309.250761759,131309.250761759,balance_delta
4QVTD6X1mPimf8ziDTfW8F8USvmuhHZJVYMZGQHxfzdkRTNHKvCdwB2cPpQt3zzpDi8cYDHfMTSonerfQEYdviMK,1787075400,D57d6AUh7sdQuvXUmNeJwojL29b14uhA4hRqRdiKTvbf,buy,1.135132812,165397.02042825107,165397.02042825107,balance_delta
qgvpT3Y6F6nrCV8NUjhbePBkSyXJE5ZQ5mQmijh25nSeXuq7LDwpzL2R5NhrmtA63Tc3TLcTuAyP62d8kaqrT4c,1787075400,JAGPLMkgPWRxFJekMU8DRHRurw968GGYHRMEKUWheYcD,buy,0.192406526,28457.366392647004,28457.366392647004,balance_delta
2bAwR86xY4uqgBZGwqcuB2ygyosbYc3UUNbttdWEzKgqqfRd7mVFQDLMTLc6L8mUYerggGnYg2CeDuSmctrj75A2,1787075402,6KsuesQQGfqZcqEPBKXgT5iwvZHhUgf6uvtuzQNigxgK,sell,0.468023824,68459.15514635702,68459.15514635702,balance_delta
66EWxVVaFgVU7NxzCPxBNDHBjeq41XjjKKjehD55o3cGa92umds3oa3h8uzZWUMfwtDN3mse5PVgKvwtDeBoEdeu,1787075402,6KsuesQQGfqZcqEPBKXgT5iwvZHhUgf6uvtuzQNigxgK,sell,0.460388582,68459.15514635702,68459.15514635702,balance_delta
3korZycHtRgP4ZbCSr9wSFjAjzD1GEwyHBhiFSkqB312Z6VLr9nRtJMgQSj8U265KZdSvHnQ32CWwBd9VxjmJF3s,1787075402,93u5BsWsPxuLRzcDqwecZV9TiXEV7qNavef6fscPnSb5,buy,0.36291454199999995,52186.77069989301,52186.77069989301,balance_delta
34UC1A82YYg5Pc3meEK7mvbkrhVCUa3Wbvs9CxW9G9ncQaD2gVKMr7fNdXGoaNDgnDQKnChM4VV15WCZkeUGxvLQ,1787075402,GEPiePuVYQcbShk7ACa2YASeLuRHqvcSZpS89keWZecG,buy,0.33665025899999995,48434.68245980001,48434.68245980001,balance_delta
2YuJc1YCFuXoBLK1aU8QZi76QLKqa2S6NCD7Y1jqMznEcwWX48inoyh4erm67H3898V7DP8zgsowgPniXbinUrJY,1787075402,H75xFpTZVYVzamJrPQHkbGqdWpq4zsZzUiW7L7U7GfQ8,sell,0.8873081119999999,129904.41678475507,129904.41678475507,balance_delta
a1jLZqeYfiaCUQhucmYaA1hDxmKjYPPge8ruEf2ZQ4vzoivL2DakSmWk4n88124nwG5fXFnqx2r7KZQnuo2y1Nq,1787075402,H75xFpTZVYVzamJrPQHkbGqdWpq4zsZzUiW7L7U7GfQ8,sell,0.875345841,129904.41678475495,129904.41678475495,balance_delta
5HyN3xd2XeA3GGW8mh33gtRBwXF8nH4D4SAm69TTWbG85T23X37bMPerg4qtiMFXQRFB83m1KyFHeyzCG4Qj1ThH,1787075403,6KsuesQQGfqZcqEPBKXgT5iwvZHhUgf6uvtuzQNigxgK,sell,0.297664708,45183.042396594974,45183.042396594974,balance_delta
5gAuPtbSiQk9nqEQkLfB6YXMYcvJ1ZtiA4jmA54Acuq86bbUCCkFodNXtF6BNzVvg1gP2hF9HS5DZuRekTBqktNV,1787075403,6KsuesQQGfqZcqEPBKXgT5iwvZHhUgf6uvtuzQNigxgK,sell,0.292780327,45183.042396595,45183.042396595,balance_delta
63VdFJStSkRWgsZCAvC3NxXwPsxPgVAdrJPfqN8gpJygiRfzXZDKVLCZirUtoVbVpmXPZoSEt3XJksXqacjAmRfU,1787075403,H75xFpTZVYVzamJrPQHkbGqdWpq4zsZzUiW7L7U7GfQ8,sell,0.566330187,85736.915077938,85736.915077938,balance_delta
3ZHPji3XQT7yuqdjjjDXmCppwSWM8uHxuoY2WoJ49TVcy6Dj4cpLJYsrk4ySCZMenJvnPcbPFgvp7BJwV5Sr3Sj5,1787075403,H75xFpTZVYVzamJrPQHkbGqdWpq4zsZzUiW7L7U7GfQ8,sell,0.557045527,85736.915077938,85736.915077938,balance_delta
bXEHqaYbtq66onfwYBxbKU5YBMop7t5s6edmxsdMkRMhfnYCZcVMHHFsGSyHyTssqb2iDvX3bqBrS1XxVjKboQi,1787075407,93u5BsWsPxuLRzcDqwecZV9TiXEV7qNavef6fscPnSb5,sell,0.760917676,151747.358490974,151747.358490974,balance_delta
kXcHzScmL7ipgZqEjNnTty4YPnkQPdMRgwAcyBUR43vquLCE1viToXoXzdgaeHL6En5vyeUk7Fa3WYiHaeg9761,1787075407,GEPiePuVYQcbShk7ACa2YASeLuRHqvcSZpS89keWZecG,sell,0.782920411,155917.203886225,155917.203886225,balance_delta
3o8qpFEYQfcjJa2FYJivgBTVHffvqCtshW3RTRgBmrDUunUsWzweYCC9b1a99yWvhN6urKRBfsUPiRAYx8jBkxQx,1787075409,6KsuesQQGfqZcqEPBKXgT5iwvZHhUgf6uvtuzQNigxgK,buy,0.672069511,155869.245201094,155869.245201094,balance_delta
4hvYmzDa3swcZjeuTasEGpnPXDqWj2pAL1apH1QbhZ65rVua2mU2htDWMd6uRGBfVXLMmKGLJffs5mMvptQ9dKyJ,1787075409,6KsuesQQGfqZcqEPBKXgT5iwvZHhUgf6uvtuzQNigxgK,buy,0.662359899,154878.75912544003,154878.75912544003,balance_delta
31Z9qLgW4NEGs4kufUmrKANsTi5rwKc6GEMvtGFBqatrsK3dD7vtMwMWXoEZp9c4YkCa7Q35MmZ55omAsi6VKGXn,1787075409,H75xFpTZVYVzamJrPQHkbGqdWpq4zsZzUiW7L7U7GfQ8,buy,0.628148036,145851.23699479597,145851.23699479597,balance_delta
5kZ3rafFdLqk6YQoVBADum2E3SVNcdTkSKvDBD1nWRauLJkQjQHqRXcGvkQK93W9TF5QF5Kt6u7rJ2K1jMQXDRGU,1787075409,H75xFpTZVYVzamJrPQHkbGqdWpq4zsZzUiW7L7U7GfQ8,buy,0.6799997130000001,159215.97229473398,159215.97229473398,balance_delta
H48kGHxZAcnW63vfhhSU8d9ocC8AXPuxKQ4P8duSF3UzVFVvvyQL9k2VyFcnzaSFuoicaRPNy9cq3Megdy1yW8U,1787075410,3DZNVBQxpaowav4Prz5fwyTG8ReNW6aL118Mod8fJxrg,sell,0.497323023,119849.69040766201,119849.69040766201,balance_delta
2xQ7DtYqiprqLw9Bbzi8jkDKkjsoT2A62h5fRDX6VNswewDeQo6pdLLarrDGRnzkniqBU8bAh44x6nBycqnK8tqX,1787075410,C4eNLxxC7XLUivghMi35YUeSfvACgnvKB18115uPUqjg,buy,1.0001,241934.917744514,241934.917744514,balance_delta
es7owaaPkWnfRAVEZe4pcgZQ3y2Wccb9eBAD7826awYcU18N1uJxRTBz6SrCLxt3njHHdCFDB4zZBrVqVcPkpx1,1787075410,C4eNLxxC7XLUivghMi35YUeSfvACgnvKB18115uPUqjg,buy,1.0001,235322.83166564698,235322.83166564698,balance_delta
2VcdRao7gaDwEGqhnXqGZ6PBd7CS85CgZS6QmtZdfqyW7Qfyiph3Q1qY3FVojWbPFzDNSyso8fqWgpwJZ9KWzM21,1787075410,C4eNLxxC7XLUivghMi35YUeSfvACgnvKB18115uPUqjg,buy,1.0001,240752.90116320498,240752.90116320498,balance_delta
641rVvTRXWfRwSU9iFqHe8ytHBMRXzfsPNmo9jPgSxHcMo4vHPvnF1Rnxte2HXKggxMJn6ALfnZYsXTghsXUc3dr,1787075411,2z2q5gk8TDgqCidzkXkyevXH1aDaVjWL8cQwoRbMF1Jq,buy,0.00803928,1283.812629892,1283.812629892,balance_delta
BMcyuGATddRZCS6SYoobDLvzQA3XtBeCEQqctxKJMuAY4VsJiWHvb2PKmujT8xUUMnEd3PVSWXDpktBy2FH2cqR,1787075411,A1igHDVAzKcGUAbVMFV8HrCCSUfcs5YzVfW3i9895pdW,buy,2.563622203,565043.433795565,565043.433795565,balance_delta
3PC318FyFEjxQGsVTZKQCTVAerA7sb3XFSYn8yy6g2io8iU1Ycm7D1UxAQncGNzeMhU2jow1DApbJY387KfoHumf,1787075411,C4eNLxxC7XLUivghMi35YUeSfvACgnvKB18115uPUqjg,buy,1.0001,232168.202619578,232168.202619578,balance_delta
JYgZAvNecYqmUcpTbKm4b6kJ4Wo6ZYdrn6Yp4Rk866D6KGZkj7vjExreppAjs9cVPPZ41DbHVQGhVnrE74eE7Xp,1787075411,C4eNLxxC7XLUivghMi35YUeSfvACgnvKB18115uPUqjg,buy,1.0001,215348.6573262351,215348.6573262351,balance_delta
Qe36qccWAuDZvdqSiBykJmjP1GPcKx2B2J177N67eAywVZgDLL1meuUVoBaRbSPWrQBRZQNYJ1arvpMfEp1MEwr,1787075411,Ebux1vXaJYiugKxnBNgQbsBjbjjFK1K2k1zXjkD3tqDk,buy,2.348668445,512630.902048401,512630.902048401,balance_delta
3Mi6BKqKjeQHp1nPrhqdeydd6nEHAQSbrfGXo8z7sdYidCFaTUMwsfMfinzRsH1w6GM8ckgc3fmpseGKhBPd6f7F,1787075411,GpNHGPQXQEnrrbL8paxGdEWrNEvdFcZFVtC6ztMoYuYo,buy,2.396550131,515075.958387922,515075.958387922,balance_delta
4sPDRyRAm68aRCR5NiokUZrXpu9woJwULwXrK1wHNJ2f8rQtRCCxfQTnMypaXDGRjZmBSCjbHoWWFy3sZQbtmpiC,1787075411,ZZGtLggQHdZ2LgkDtnbJ1eVQMYLpQN7H1fjCGZAw8G1,buy,2.703159221,592898.739404243,592898.739404243,balance_delta
55MCNq72sf64L89Tb5AfoyW8ByPiNgnodi87QcEANkCC5unsCqWtaD1rbBPXSRyLepP7dGa7XW1hXzcXRGJH1PRg,1787075416,C4eNLxxC7XLUivghMi35YUeSfvACgnvKB18115uPUqjg,sell,5.568446944,1165527.510519179,1165527.510519179,balance_delta
4Tv9H4XK1tiqpnoBN22Cu5KMsYBhaatNCCs6ThFs2Yvr7XdbHwPhzpQ4MquQi4tJppZ73Lsz4y1BkrQhBKiQTcLi,1787075419,2pUUZYtokRgDV2YzL6M5pjb1jyoHE367yU1sdQ7ac3ea,sell,2.925498931,749169.404178984,749169.404178984,balance_delta
2KLW4eReuJG3YC4oKNK5cfjH7vsyayjuX6dYDSzUgv3T8HzzY73C7eZtQxg6fYwp2C2TrHXUzHetTKuiN8LNbwp9,1787075419,6KsuesQQGfqZcqEPBKXgT5iwvZHhUgf6uvtuzQNigxgK,sell,1.873684049,486164.521866261,486164.521866261,balance_delta
4m7vMgb4ESPHTnQaBQkfTFTVboCZc3oqsTQT3QegPwwsH8czH8fWHtVu1LLzgUizA4ukqfGb5s5PLeRpRskuciYb,1787075419,A1igHDVAzKcGUAbVMFV8HrCCSUfcs5YzVfW3i9895pdW,sell,2.250956171,565043.433795565,565043.433795565,balance_delta
KxgUgowuehuo3RZxyJCzT6Hk97avKr6dAGA4kSaZcXxPXPqQQDsvwDimXQFe4acsPT1uHiAGqcjZYxUdk5cdY84,1787075419,Ebux1vXaJYiugKxnBNgQbsBjbjjFK1K2k1zXjkD3tqDk,sell,2.0593869419999997,512630.902048401,512630.902048401,balance_delta
2q7QPwJD5dV3L5jjNtvbSUGx1b3tHDUE5YBKpE9eEfWSuqBp9AYk7bak1AnZVWjfq1MV4iP3MzqP2yDmhpqjc7QT,1787075419,GpNHGPQXQEnrrbL8paxGdEWrNEvdFcZFVtC6ztMoYuYo,sell,2.060620073,515075.958387922,515075.958387922,balance_delta
5cy9MgQd2gkhGUL5CtugPBtYAqJ2VGpActAm9at4XVqMWdohFsir62ULqCrLXZnNv6BfKusfTFuy51g1pqD22UP1,1787075419,H75xFpTZVYVzamJrPQHkbGqdWpq4zsZzUiW7L7U7GfQ8,sell,2.469879368,637928.173709765,637928.173709765,balance_delta
NXMKriKdgp58qAznver8FvsQXrHV3cpcB7Aq3fDT1viyVHx4AKVDgRpc56igzFz42N8Ci1bemwpaeN8Z7knVko7,1787075419,ZZGtLggQHdZ2LgkDtnbJ1eVQMYLpQN7H1fjCGZAw8G1,sell,2.393040492,592898.739404243,592898.739404243,balance_delta
jBNkaEYn9CZirtN6DVVY8RidSTFrAP2tsjyXBtDRCYUbbVHh7YaVkMF9gRt9E7vKvMXUYnMxCQc6eifhora1PSU,1787075420,777777UupVYr364fUHXwqBRMnNaVcpAw2z3uhFkspnNn,buy,1.6684484880000001,456278.398087109,456278.398087109,balance_delta
2mbrowqvA5UmxWBVCuj2Vbo6PtdgJUGj13wPaQ1k8473WB4yRpGqtiUhS7ymfxDwBR4EgYFcoqgVgHj97kTrVvPn,1787075420,CypyYaGszgtj77VMXJBvp4vWu9jn9mRCbv1JMrXuGZft,sell,2.183599867,613632.56649061,613632.56649061,balance_delta
22VgdMnwRpbzo6ZKiFuwD4nsaNNdrk3X7UhC6thvFt3jFjGj28tRgZghDgUCDhXf62Go2HDXRbMEnxL7dbnPoCFf,1787075420,D57d6AUh7sdQuvXUmNeJwojL29b14uhA4hRqRdiKTvbf,sell,1.901900675,532200.471170832,532200.471170832,balance_delta
ZHgbJVbvX3Qq7gVbNixF6o7XUpcMBHqSoFgp46aoQdaMQrTPQYRqGRTeRfqy4dfsJW3L1GFWJuKfKDZNuFVSdY5,1787075420,HACKERamoyuTkkbuVnSWPNc5a5TDQH3U9vpp6zbrRKTe,buy,1.6684484880000001,454690.931194987,454690.931194987,balance_delta
4S9RtA34A3MbKrRz6XkxSbq4WaZuzta7G4A8DCMUpbXczs8XpPnT6ESui6NANXeucZ8MSLrHPirNExz5Hs23fuxS,1787075420,XXXXXsiKfM49XohyATcrYbRYBd9WWhDRM7c7vMYQNSd,buy,1.66844849,453111.737658637,453111.737658637,balance_delta
SeX1mFqTyGR5vxgZpWKuFtxmWDxGMdLWKqrJC5VV7TAJFiFWfwhvXGE9tTCY8o791xujumqXtspqiT83R2AkaBw,1787075421,3KEdzpSYJ7sXfHKpVhSF2Qj6ZAjd3Q3dugFCZ4umWvkR,buy,0.259931177,72934.53262238402,72934.53262238402,balance_delta
2LeHwLbERqikaVt6kd9qkqqSuNmWX8gBPBtmnXti45RsuWxkScJzYu5tfZ7LgohwxhznPmhLPARSJGGX9rYdwZ6K,1787075421,777777UupVYr364fUHXwqBRMnNaVcpAw2z3uhFkspnNn,buy,1.6684509490000001,515631.65902329504,515631.65902329504,balance_delta
5zqQKcp6qcCi3mMpzvQFiGyWwtu4uGhxeuxZi3wgTVF8NRNrq1a83NJXAdKPTyU5kMkfdm7CLr2c48GS9Hdk4WiA,1787075421,777777UupVYr364fUHXwqBRMnNaVcpAw2z3uhFkspnNn,buy,1.6684509490000001,502847.545254439,502847.545254439,balance_delta
56AnsJUMwicRMCtXKZZvK4T9CP7KMLbaEgzKriNo9WbDP8zgXEViELhuEABEn9xUCSUJjNBZFm9gc9d1g2RyDh2J,1787075421,Act5xzJ7DhXrdNKbRw1yTzQUmT4hYtAPgFKTP5WzPBva,buy,0.242068823,67939.18980553595,67939.18980553595,balance_delta
5d4QXJUJKGqLrrnALhqXdfjZHvF5TkECsdNhb1QcNsXHFmmbQgUo9uBs53qLTS78VxPZadQcLnQB5jk5QBEC3hUc,1787075421,HACKERamoyuTkkbuVnSWPNc5a5TDQH3U9vpp6zbrRKTe,buy,1.6684509490000001,513725.23385936004,513725.23385936004,balance_delta
63P3nq6qc6oEkQLH891P7G2qnXmkn6gLXvfyfSzhn22DAMdb69S4QqhiC3daoyNMB52iWteF89TrpVqw9ErBskjh,1787075421,HACKERamoyuTkkbuVnSWPNc5a5TDQH3U9vpp6zbrRKTe,buy,1.6684509490000001,506549.9515125359,506549.9515125359,balance_delta
2LnhmXHApvViAwRb68LRW5yk8eTKmUgtkyxCweFe9pVHpPWy3GAVQcVF1oh1kDSksTVGE9a4CbCfUEEWQTmLC7Hi,1787075421,XXXXXsiKfM49XohyATcrYbRYBd9WWhDRM7c7vMYQNSd,buy,1.668450951,517548.72004194505,517548.72004194505,balance_delta
4kMwNeWtcrkfPJuXxNuUVBTVGX7DN7kJKt1VzRDZVvBWjeuUtdH34nRFh2mDjn4H3eZzEziVBL8Z5su5C2ondu8m,1787075421,XXXXXsiKfM49XohyATcrYbRYBd9WWhDRM7c7vMYQNSd,buy,1.668450951,504693.65432047204,504693.65432047204,balance_delta
3wVykvk6BcqGYyX7Cd1yxCsFT5Phg7yxa1JzrijBRX7TpqxoRPRQ4RmyNiagyRcMmcXupAn6xRLHjuQdbY3vXg7x,1787075422,2DCW6PvdpXwscZVanFmDLB7svT2STkUj2SuXSMR6C29g,buy,2.001,532346.736831718,532346.736831718,balance_delta
5U7ZA4BKXuvqvtbEunir4z7CdvXKywb4HX7gbwjz9tcxUBR66LpLQ7MdMV8Dyh1aG7SzqBpjDZYxSm3Fn8qSx7Sb,1787075422,6KsuesQQGfqZcqEPBKXgT5iwvZHhUgf6uvtuzQNigxgK,buy,0.738225652,194898.911291793,194898.911291793,balance_delta
3PeHDbophXPpVEdpahEdhB7zTFeW3FEW2Bqre71ZtaUMy98LVkFo1YrAvDWSvfQEAv1XoGu2o6bdeXxUfbqVaqXT,1787075422,6KsuesQQGfqZcqEPBKXgT5iwvZHhUgf6uvtuzQNigxgK,buy,0.747235503,199776.95931258402,199776.95931258402,balance_delta
659YKeiEPHfJGpwde9r9AmS2FbixHNWnKo4LKHGappwd4CmSoFP6ML4izRTyo7W7b3LyfMYkxgaofJeMm2UaswBk,1787075422,6KsuesQQGfqZcqEPBKXgT5iwvZHhUgf6uvtuzQNigxgK,buy,0.833291138,222883.32125417795,222883.32125417795,balance_delta
3a3gU1Mc8CeqTMiunKgrn48zt3yd9H1JCDokWjMxeBzohv91HFDgvDF6yQ931nLPg1PnpqHDZcXw9gaPj4eEu2mR,1787075422,H75xFpTZVYVzamJrPQHkbGqdWpq4zsZzUiW7L7U7GfQ8,buy,0.793337481,208764.632919933,208764.632919933,balance_delta
VeSFmADMiMzbPpCWjtghET54MtpSNiHSzKVwu1Q7xY747rUPUYwFvvbRatSqV3S525sYUpqWF36jtyzRfkoHRJM,1787075422,H75xFpTZVYVzamJrPQHkbGqdWpq4zsZzUiW7L7U7GfQ8,buy,0.853882935,229082.354871078,229082.354871078,balance_delta
4cB6Bd4BfoRHyHRosoBwYpT17gq7cj7nvQDQAzSgs8uv4VAb533DaLZGXZEXguiegzCowSELpH4JddFQKo2FZ5wy,1787075422,H75xFpTZVYVzamJrPQHkbGqdWpq4zsZzUiW7L7U7GfQ8,buy,0.741813068,197727.91007987305,197727.91007987305,balance_delta
2qgmPwrHpLKXw4ScadPHjurSUkjmnb3EgJHBntxYWKi9QDUnLmL47LLkZ9ZwZy3sNwd8tCk3ZAazaj3aMBeHsL9X,1787075423,3KEdzpSYJ7sXfHKpVhSF2Qj6ZAjd3Q3dugFCZ4umWvkR,buy,0.248830811,65778.24496700498,65778.24496700498,balance_delta
3Y3d4br714PbTPSJBWNux8fSxxTp5J4tGw8D8d4WhtSVG2opwCJK2rhQhrSdumv6N7SDHwqqTUnD1jMnpLLiYWG7,1787075423,Act5xzJ7DhXrdNKbRw1yTzQUmT4hYtAPgFKTP5WzPBva,buy,0.253169189,66964.20356560801,66964.20356560801,balance_delta
2pPnHJLru4bJYpfJm8g7F92vfH2HCciLTUAvdjJgwosNsGcNf6wd1v2zq6KgAgv3LsQB7JS7YYc5bUhbxP8yqZd2,1787075427,2z2q5gk8TDgqCidzkXkyevXH1aDaVjWL8cQwoRbMF1Jq,sell,0.0048950980000000005,1283.812629892,1283.812629892,balance_delta
5PfffCW7tAMiK3T5q4iejtfhX19LrczW16wmznADKSNCEBomWHFUpksU75A47t5utyyjCpGS5rtFG6ftXTwzemhr,1787075429,6KsuesQQGfqZcqEPBKXgT5iwvZHhUgf6uvtuzQNigxgK,sell,0.43450188500000003,104985.06261595397,104985.06261595397,balance_delta
3xpcRB14aAgigmJEjazr4F9EJA955NNUwbRa66CmLaUVafPqZYXBVHy5j2hgEqPi1m4axNJpJtK5Wnx7vyvBDK78,1787075429,6KsuesQQGfqZcqEPBKXgT5iwvZHhUgf6uvtuzQNigxgK,sell,0.434126241,104985.06261595397,104985.06261595397,balance_delta
2yeoZ6GfmtCZYbRdim2atLT4Jq4gJHGUvEKbqhDu6nmqGWSgvxcKZgDXQr2dVT7ZtoiTbfei5a9RtUpxU41Dx7WC,1787075429,H75xFpTZVYVzamJrPQHkbGqdWpq4zsZzUiW7L7U7GfQ8,sell,0.447596644,108047.73263804999,108047.73263804999,balance_delta
JnN9GcmtWAeWW1o9HEjq5ZMp1HnnrhG8u3cq8dZdAkpR6tsDckx9erTXQScwcHkEATXaeD7gi2WnXfGEMmw6jc6,1787075429,H75xFpTZVYVzamJrPQHkbGqdWpq4zsZzUiW7L7U7GfQ8,sell,0.44642556,108047.73263805005,108047.73263805005,balance_delta
4FsV7mZ31RXjhhqDAFTZ6C2nBqQuTn67tYrcXc6GaSKnAo3asMJDsL7bU9sAKDN3pD2WPJXR7dUdQoAtTuuWFyfC,1787075430,2AwjJTdTWCu6QjyZKvF6oVEd9TkQP1WYvVswFvDEySxn,buy,1.329766606,315234.486487444,315234.486487444,balance_delta
2K9b8eUHYKwQfCqyFbzeo1wu7B9yTFByUpVn1dbJUXS8YDcoKftHGmsmcdQSeiARpaKBQh378hFbZWbKs6sp7rSS,1787075430,5kidNviTucvoHuFGuPQUikWokMxsLZMncGrS5gK9Cujs,buy,1.366100675,323020.29697452905,323020.29697452905,balance_delta
3omGCQNV7c6roQRoGpZwQKJr6hyYb4Z8bsTokdXqF8qHawG1ECYac7fFXRpjWBjZnyTvDJwPJmr4L9tf13JXqBEm,1787075430,777777UupVYr364fUHXwqBRMnNaVcpAw2z3uhFkspnNn,sell,1.530996953,368689.40059121,368689.40059121,balance_delta
543RSUnRe7TWDSzDpYjSY6wWh7J42ojN4RSgLNd8McTAHVkL92GcM3nCXYjQFwrsPS2VnQip69AZbYv6asdETBKd,1787075430,777777UupVYr364fUHXwqBRMnNaVcpAw2z3uhFkspnNn,sell,1.512964629,368689.40059121,368689.40059121,balance_delta
2Kr23X1BQoahmkmG1ugMaeZbUhA9MVSdUEca4fJZtUojUsjWQU21G4zSTXLrKRboN9ipybjRVCazPeQDdJKTgHoj,1787075430,777777UupVYr364fUHXwqBRMnNaVcpAw2z3uhFkspnNn,sell,1.530378372,368689.40059121,368689.40059121,balance_delta
2Uuy9kBg232LsnW4yU16Ty6xi1cidKLraefXYwQxitzzhxJXF1PwNBceWfpJN9ohDY2mLgftppS8B4jCNiGEhiYE,1787075430,DenZLNzBtE3L8T1kQFKh8oE7FCXBrdsM9xwCbsnKvdJq,buy,1.339391227,312943.147682318,312943.147682318,balance_delta
5UKqLqjAvG1btyvA8nJDQ1LqCZntCvoJRRro5gqVCkf7tUpBkfRaMxbLDkjNesTDYu6sah7nxpsXPgKYoYPN3Axt,1787075430,HACKERamoyuTkkbuVnSWPNc5a5TDQH3U9vpp6zbrRKTe,sell,1.5265708230000001,368741.5291417199,368741.5291417199,balance_delta
4MoNbzjstG3g7KCnz7Ub864mbL1xhnnWkH8euew9X4Fw6nb4WVm8J4ofeC9NpvnN4uNn3qtpzrdvTnMi2w1r8jXd,1787075430,HACKERamoyuTkkbuVnSWPNc5a5TDQH3U9vpp6zbrRKTe,sell,1.5177606810000002,368741.52914172004,368741.52914172004,balance_delta
3zYp5AeLn4YSoCUgAm59HWJs3hb1EWB1dm99U4DD4xYqbVtWBWjexjcqyPWA75QrVKCoSWEw1tK4nTZuz5gSp6eq,1787075430,HACKERamoyuTkkbuVnSWPNc5a5TDQH3U9vpp6zbrRKTe,sell,1.5213346220000001,368741.52914172,368741.52914172,balance_delta
2922W7mRdLSJstCHFbDthuJn4VShHzZw2cCSSSaPfZAHwTk3DVfoVLh9XAuWY6FY6xJudwu7jrjMvakg2zDuBYtF,1787075430,Hedt6aVyFRvxpQJkrrqgZ3e3JxUNb7ufCVyYXMnHYYE4,buy,1.235660479,290713.993498679,290713.993498679,balance_delta
7BixNTmbNhVxXUnEGW2xdtTWoZMgD1uuTc7xiaTgvQLFW2KbGqmTnohmAVFjApEzwAx3FiSFJ8PuMNca4REMWHY,1787075430,XXXXXsiKfM49XohyATcrYbRYBd9WWhDRM7c7vMYQNSd,sell,1.536282806,368838.52800526307,368838.52800526307,balance_delta
2amYSeSKuj1hr5VJd5mj7vAeEijfhVeJAAYdfwSwspeTY3eo1VmH3PVGgQ8ezZ1iKuZxQdFvW973yP7365iQMPdV,1787075430,XXXXXsiKfM49XohyATcrYbRYBd9WWhDRM7c7vMYQNSd,sell,1.509014325,368838.52800526295,368838.52800526295,balance_delta
5qFCpWXEPven53w7eJHniMbJ1zLvJZFSJZT7JSumCzgC8u6fhCrTcGdNWEznmpyC6h9HGxPXiN5vGHcHnMFs1que,1787075430,XXXXXsiKfM49XohyATcrYbRYBd9WWhDRM7c7vMYQNSd,sell,1.526356319,368838.52800526307,368838.52800526307,balance_delta
5rTxtidtA4p1yshv13NmzJSY566nmJHwKaf3zdwKmYu2VWvKujTUqujHXUPVsiK4gnyf9Z5oD4oaDA9qbrHhfo9P,1787075431,8n79PwcyrybEECM3ghGetPnm6Y2SRBVzJNd536Z1C1PU,sell,1.820839362,443348.170305677,443348.170305677,balance_delta
3minajYHhYjMBpw9859R2jjVZhDJ9JNMCrjCxRr7BFaK9ByuCj628JHQfpoRoF4x4L8iFT5y8a4U7xZSBxvtcFCB,1787075436,4fNDW8qeWdWQMdtZ6ro8kkK49ZAHtiAtzcJbFvgxNcVZ,sell,0.49288310700000004,95055.27978895104,95055.27978895104,balance_delta
2sbFpEh8yC49WwC3gc8MVJ7gX9ZxJsZhEK3BZXBSSBx1q8FSTSdPUCbdLmerB68DMp6SUpDAzRsY4fV9kBS49BW5,1787075436,4fNDW8qeWdWQMdtZ6ro8kkK49ZAHtiAtzcJbFvgxNcVZ,sell,0.541502971,95055.27978895098,95055.27978895098,balance_delta
BBGCwF9Y743nwGx5uUBMNXnc7M7LWeyUy8UoJvyrYLE7DmQSZsqG3Mk5mfpsLMortXZdPMwhFCRfJK2VtMUXed6,1787075436,6KsuesQQGfqZcqEPBKXgT5iwvZHhUgf6uvtuzQNigxgK,sell,1.1349613399999998,203794.53331332302,203794.53331332302,balance_delta
5QD2Zo5nQx54qRp6NcKNma1CxJnnQtCuQenKFpBUZ5UygjF9yoDxEbazSqnC31HWq4sAe1XcuZVtYzUwzZPA6XYx,1787075436,777777UupVYr364fUHXwqBRMnNaVcpAw2z3uhFkspnNn,sell,1.9820741069999999,368689.400591213,368689.400591213,balance_delta
45rdjbEaGXhP68j2KhUx3SnhG8LYLgs3V3PrXVbMSTtArxBHsDfx3GrGfpiwBmKNLgSDhsyMjM3wAHrK2pk1ika2,1787075436,9bPSz9QGH62BD8YQarZEnfCmNk6kXGMoGgTxFVxcYZfU,sell,0.481410157,92773.47909038904,92773.47909038904,balance_delta
5a5WaZRWgkKQFk84UKzYxZ97xVkJhR2mnCZawVyf6YfG6hoX2HXhErZhCL2fmbTNFttrg1acH2dsNd767dqo4rbX,1787075436,9bPSz9QGH62BD8YQarZEnfCmNk6kXGMoGgTxFVxcYZfU,sell,0.529361945,92773.47909038898,92773.47909038898,balance_delta
vKvdWit6t22Sh2GNw4SUdYa3buKMJgMASzE5ncuwtWKcsDY3TKSVBBzaN8ZoUhw4dyA7NBTnxz3GrVTikFMKC7H,1787075436,H75xFpTZVYVzamJrPQHkbGqdWpq4zsZzUiW7L7U7GfQ8,sell,1.1704037829999998,209739.716297392,209739.716297392,balance_delta
b3PHtDufRJdyCfGBC798e49XEWa8MmUJuqRyme5EvuMffEEiB9JHBMXuf1Q8dVatFWvRM9BNjJovXLgcUBXr9uU,1787075436,HACKERamoyuTkkbuVnSWPNc5a5TDQH3U9vpp6zbrRKTe,sell,1.975522743,368741.529141723,368741.529141723,balance_delta
3rSWM3bv6SFGJQVJ4Kmt2i6F7Ku9927P1YJjaCmgzboiUyjGEfAEYaYJWw1zBMefnHYWGy9d2AwEkLtE54bMtzyM,1787075436,HbYd46DFHe7vLRGKW122XDPiUzcxLw4g8hPUtwfCNpV2,sell,0.439351213,84853.75721307303,84853.75721307303,balance_delta
3yPEhretN4xcFSRm7ktFN1JZPYy4YNBekhQS2yVtnUP6imyBVaUmwzzi8UyiCwghGjuoucR345pQA58qBm3Lrq6J,1787075436,HbYd46DFHe7vLRGKW122XDPiUzcxLw4g8hPUtwfCNpV2,sell,0.483541571,84853.75721307297,84853.75721307297,balance_delta
5RLF8YWBsVTH8foALLg9QCGDhGBkJonyVvyXVRm6KiMpD3psyVijnp3NatLTSoH2ntZ4EqyUoo3Kp2i1ZhDT6N1m,1787075436,XXXXXsiKfM49XohyATcrYbRYBd9WWhDRM7c7vMYQNSd,sell,1.989746568,368838.528005266,368838.528005266,balance_delta
5koCfEgHdgi8PJFgzeG3TkU9sqAXfwt59XdzapzS6Y8ea15dGakkeY7oKosN6dQhkVQvrzWhB8qsMebB2v15NDvF,1787075437,4fNDW8qeWdWQMdtZ6ro8kkK49ZAHtiAtzcJbFvgxNcVZ,sell,0.285216208,57033.167873369996,57033.167873369996,balance_delta
2tKDtbHqAfnHwGJrM2PV5Y5exVMGeYcoTW5xVRaBYLnCjXiHannPAHe43JBY8HxBYu3xKSXdrKGvxV4uPNRHw5Ha,1787075437,4fNDW8qeWdWQMdtZ6ro8kkK49ZAHtiAtzcJbFvgxNcVZ,sell,0.285883227,57033.167873369996,57033.167873369996,balance_delta
5Xkv3x4gnauK4YyTHzRxUgBT66YoCjvrRc3JM42cinFBVG1GP4VfewhXMMLGinbGGbw4D9HqQnQqaLLFya1NyHGS,1787075437,9bPSz9QGH62BD8YQarZEnfCmNk6kXGMoGgTxFVxcYZfU,sell,0.278166191,55664.087454233,55664.087454233,balance_delta
SKCSGWSkimC6BuvcE2UVi7KTsVMhSEicZ4PtoXn31jBNGo8w4qo3LDnsAp8MiWLU7usGf1BMWBkCEAZk2GKTdfE,1787075437,9bPSz9QGH62BD8YQarZEnfCmNk6kXGMoGgTxFVxcYZfU,sell,0.27881670000000003,55664.087454233,55664.087454233,balance_delta
2GtnogNBduVUthfwSfMNUXj3gsFPkVqZan5a2mds495y6EUzexj8S7ALsuZ3vUwK4YngD3M6c4qAYeMNgVJuEmLb,1787075437,HbYd46DFHe7vLRGKW122XDPiUzcxLw4g8hPUtwfCNpV2,sell,0.25446363600000005,50912.25432784401,50912.25432784401,balance_delta
37mi76zvoUNqPpUBwEZRpw4AzdCiV7D1JrHvR4JrgtK8Y8JSUunk3dd9uZC2KCGkqC2necSi6yuWAdjjgF2tp1Dh,1787075437,HbYd46DFHe7vLRGKW122XDPiUzcxLw4g8hPUtwfCNpV2,sell,0.255059505,50912.254327843984,50912.254327843984,balance_delta
oNFP7m6E47SFU9mTuTruZ2BnoYRCAcJRNiuQ31uPoxhFEyTPddYz6p82M2qxh5Bt6xLYSSFnsdLVX9P3D3JUv9z,1787075439,4fNDW8qeWdWQMdtZ6ro8kkK49ZAHtiAtzcJbFvgxNcVZ,sell,0.863028076,171099.503620113,171099.503620113,balance_delta
5UCRB3oqJcpKx6Ygi3xHjM8PM1jpbCGXwmnCFfxuUq3sE33947geJ9Ax7NjdaMRCVuaXuZgZu3fXyr52fGYs1avY,1787075439,6KsuesQQGfqZcqEPBKXgT5iwvZHhUgf6uvtuzQNigxgK,sell,1.020081526,203794.533313324,203794.533313324,balance_delta
4fVhky5riUrLtjMicfxMrThfn8A47mfX1RzTBuaU9B7xFuE6L5R7jL8BSHhNa5kspDoztzFGEUWFfZKQr4nUYcPu,1787075439,9bPSz9QGH62BD8YQarZEnfCmNk6kXGMoGgTxFVxcYZfU,sell,0.839788862,166992.262362701,166992.262362701,balance_delta
5mxYcyizbDcY5oxWzaw6TpNcCNv6ttu9g2AKsm4VM1ynMQmGLao2N4yNQohEanYQkv2ncnrVjwWKBw6LaX2Mc97t,1787075439,H75xFpTZVYVzamJrPQHkbGqdWpq4zsZzUiW7L7U7GfQ8,sell,1.047905632,209739.716297392,209739.716297392,balance_delta
DxKkBHFM1T49Sau2CnK8sYmqQ9ryfBQDimTmhWhwjXoce1MSDmaahk7xpVafedybh2U3xGvNxcqgt7zzxHttac9,1787075439,HbYd46DFHe7vLRGKW122XDPiUzcxLw4g8hPUtwfCNpV2,sell,0.769003356,152736.762983532,152736.762983532,balance_delta
3LH2eMh2LysaYxmLkkAECbv5bBPRFPb92XTMs9yk8b4DpYCiiq9uZJuR8yKBbKKmaXe5Qk1ALAEA6KXTJstbS5xP,1787075444,9Q7rXKnZr3xDm5jgEARhh9sPMk4pDpXsct1HjaPsQZqi,sell,0.0002245719999999557,46.345506912000005,46.345506912000005,balance_delta
4ZDcGpv3iSRGs6pgizpiYqWt2wjT8ozq4aVTTjcAzhbci8zticCifVoCktevsC77g5apmDe5bGddZXn8qaXjBuxJ,1787075444,GjGhvk8AdrQQnyhfGcaF3TNLo8tngc42QELQMoBkTGaD,buy,0.0201,4057.904341456001,4057.904341456001,balance_delta
2u7ipUi2ciU7Avcrq59GjkEGDNr4wcHgHCDinnUpoYVK3aRXwsLwT5jYLDf4a6JU2SK6Y1TEdtz3Ebby9BX3ZRAz,1787075448,3DZNVBQxpaowav4Prz5fwyTG8ReNW6aL118Mod8fJxrg,sell,0.306657328,59924.845203831,59924.845203831,balance_delta
5JipW3JQ5vZBwdZ8yAFY33AByCV3Nwp9Yfwbf4vCzn3DzPhS7p4cqCpuyfRD7adbEMEp76NbCxsuuf2N4sHspVf5,1787075449,8g1mx4TgKsvEGM7a8GM5yVRuC7k6gmjgdht5NbFzfNy6,sell,0.040480371,7757.800824248003,7757.800824248003,balance_delta
314dwWpTSn1e6BEc1ZA79d3s8cMgKX88zW4SDYMMTDX4BFp84STaa9Sg2HWcMpkLhMRy71P1i2huANh7FREz2NAs,1787075452,2DCW6PvdpXwscZVanFmDLB7svT2STkUj2SuXSMR6C29g,sell,0.658779412,133086.684207929,133086.684207929,balance_delta
57sdqdNtwVRw9tqevK2HyzJGBv6du5TRfFrSYWPdZM1eyGQoZ7SHXpPX26i4j1Ge1dMZGd6sxEPwabBQzW2JNtYa,1787075452,8g1mx4TgKsvEGM7a8GM5yVRuC7k6gmjgdht5NbFzfNy6,sell,0.11476768500000001,23273.402472746,23273.402472746,balance_delta
3uqHZwWkAeDUYatF3LrbRy7Ps7B4GZKy67yNKXYi8qPpiAYQtLtCTwA3pwXwM9ftcZBXgvXXbAffP5JZZS7Tsa9e,1787075453,2DCW6PvdpXwscZVanFmDLB7svT2STkUj2SuXSMR6C29g,sell,0.9283837060000001,199630.026311894,199630.026311894,balance_delta
h5NRTJ3Bxh6jtjjQn1xJLjEgd87A71hvmdBj3dkwJ28ESC5FKcA9tbW85R8pgt9rmo2sZserSmuvjx1WdNws4DL,1787075455,2z2q5gk8TDgqCidzkXkyevXH1aDaVjWL8cQwoRbMF1Jq,buy,0.00803928,1431.771943613,1431.771943613,balance_delta
3GZdgSUYxuLSm2c29YZoeRLXVjp7oJn4dWZJkezbB9KHNGu2NCtiaCYDHM88GpCUY5nVhdyzdXmeuDAJVpqUMWBV,1787075465,2z2q5gk8TDgqCidzkXkyevXH1aDaVjWL8cQwoRbMF1Jq,buy,0.006,1227.6337302389998,1227.6337302389998,balance_delta
2RjjcXLJGbxmm331umoGzLUD7Jy1yt5frEZHF9AEqoWMDrPvx328EhznSSYifn2H9a212qNipAvrW4SXc5PzEHTE,1787075507,2z2q5gk8TDgqCidzkXkyevXH1aDaVjWL8cQwoRbMF1Jq,sell,0.006550681,1227.6337302389998,1227.6337302389998,balance_delta
3DPXZCZhevDtFLwxdHYewb38UizijzVHvEDGLgWzKnitRzSDx1WuaLjmG9HPdsMhs6LZMHiQrV3kXrtJXhRGUeWP,1787075510,414TRcpxccWfAiktShD7xGU3nUQsPYquAfw2LbnuW1rU,buy,1.007249008,238131.537762733,238131.537762733,balance_delta
3M3fwYxLawrHCvrqY7xztrsM61ySGrRUEXyACE2MgKsSXzT5v9Wf7upNnhg7n9ySE9XXgpdppoS4nKgNPqjHmFud,1787075513,2z2q5gk8TDgqCidzkXkyevXH1aDaVjWL8cQwoRbMF1Jq,sell,0.006192312,1431.771943613,1431.771943613,balance_delta
54Xyx3E5kUYN3jGX1Y8rMsv2im3a6eobicMPCqzThwHyqhw9fCaMQvTjrHQxfJzAWtmJUEYYNjwDoSjZFKaCumyu,1787075514,2AwjJTdTWCu6QjyZKvF6oVEd9TkQP1WYvVswFvDEySxn,buy,1.257072751,294035.00757104205,294035.00757104205,balance_delta
5PQi698gBk9x9hWT2TpkUV8jqp326jTPBdGxz4TVFUpLae6yaMZR5fWZVViEsXjsUZvccwkVZDYQ7c2eWu7dGsKE,1787075514,5kidNviTucvoHuFGuPQUikWokMxsLZMncGrS5gK9Cujs,buy,1.203599813,276703.2642337319,276703.2642337319,balance_delta
4uq9U4EaWt75xZLzTF4REMknGNsh47ZjSDDteWW1SmbpvUqoQuayx8q2BM7GHFG2MgqKFvmRDBeFZJhY2eckqDVk,1787075514,DenZLNzBtE3L8T1kQFKh8oE7FCXBrdsM9xwCbsnKvdJq,buy,1.349553332,314227.8403513669,314227.8403513669,balance_delta
4HHz9vEsyv84naiefPeiJZVUZ7BBXfbmeWf6i1fFqtVuHg63yCgvJJqY9gktzTpS7vpXCUxzXYiRy9QdodQ1CyA6,1787075514,Hedt6aVyFRvxpQJkrrqgZ3e3JxUNb7ufCVyYXMnHYYE4,buy,1.220371231,281852.466629114,281852.466629114,balance_delta
3GWVK3AWuUqGpvxkBxbJBhk12EVUE55RbRQgTqxwB8p2kyLso7aQCMSNCmA82UecWNiVKFyPc3ASM9B586qVRcXM,1787075540,2DCW6PvdpXwscZVanFmDLB7svT2STkUj2SuXSMR6C29g,sell,0.6130402850000001,99815.01315594699,99815.01315594699,balance_delta
2NYHYtjAzEWzn2YNdk1pmByU42FiGFWmLc8TDinZ3pdUkZQjTuvAXGUaeuotcnaeU2fx8T4hvAQZ6KL26crMBQck,1787075552,2z2q5gk8TDgqCidzkXkyevXH1aDaVjWL8cQwoRbMF1Jq,buy,0.00803928,972.670000341,972.670000341,balance_delta
kFBCeuTPfh5N3c4pE9LdTyHYVeatneaHj9gnVzNgBd9kxgeV4HpVq7qc1oTQfLbS2THVJbiHLeVWB1xcP7AU17h,1787075555,Bc2FpV584T1bKBp21xP2xzUH3tATBCvL85Y3ffubG6Yo,sell,2.940982438,500000.0,500000.0,balance_delta
3CVwM177YcjcbtGmuAdf8duUFopuRpG8mWv4jHPB6Us2CeJoeoNZog6PNiwismJtEhi1azMgweCE1C5FAM937HYm,1787075556,Ahekwy9V7q2tmqJdTX92TAtEHM4pafQbsfc5oLakbZs1,sell,0.148306402,25965.25709140001,25965.25709140001,balance_delta
4e65VppBJhmW5QWEDnpVyZ7EdXwr3GJHRXSVba3iNcaGsyKCYrGn154f7R69YezLQ7ecdMTYrK6BLsPmaC3soXP6,1787075556,C7PNbARVAHeskaefdcu7fy21dCN3qNANKuT6Cka2av4L,sell,0.118213866,20756.98097184702,20756.98097184702,balance_delta
5fPEmHG1FevhTK11X38YZ6H1HfQy9Vz1L58sDrSERtYHRGakR3rBWK3msC4ktB94kKMCRLD2FukXPH7PRR7DWQpT,1787075556,JAGPLMkgPWRxFJekMU8DRHRurw968GGYHRMEKUWheYcD,sell,0.145385185,25454.275242803997,25454.275242803997,balance_delta
2k9kdsztNyEkWXD7bWVJozhcyNxaCQM1zdqiznbdbszN5Fa7p8hmqGfwXSaGSjaLRg1mEt5v2ePz6oJdzhAFAUDb,1787075567,3DZNVBQxpaowav4Prz5fwyTG8ReNW6aL118Mod8fJxrg,sell,0.333585762,59924.845203832,59924.845203832,balance_delta
3vpxJHDyLZLnybuySVQaUa3GoMxSCAFqbZj6PJ1zEwzP4XXpVh3ohERjrb6pVBz9eNM3YDpXGGWe3aNFo5FxjfNq,1787075577,2z2q5gk8TDgqCidzkXkyevXH1aDaVjWL8cQwoRbMF1Jq,sell,0.005454989,972.670000341,972.670000341,balance_delta
3M44cCwePEKqxwr7bbwBMpx4dKt14TsWG8oQ36pWwiSmDG9xEcgiX5JmbSRQKiaEBsTfna4QhXufaeQ4dK9vcazp,1787075601,Bc2FpV584T1bKBp21xP2xzUH3tATBCvL85Y3ffubG6Yo,sell,3.1971482449999997,500000.00000000023,500000.00000000023,balance_delta
2YDVtwYpcXWgT1JabwCRLJhrNXvxovGwxGACeua375KcoaKfUTas3anRuFJuty1LZSn8EQwTdzjYcBZkzsHDN3pQ,1787075608,3KEdzpSYJ7sXfHKpVhSF2Qj6ZAjd3Q3dugFCZ4umWvkR,sell,0.27963112199999995,47042.34133923205,47042.34133923205,balance_delta
2SjuF93LRv1DqoAQXRFAK66UaGNcHHHKbanN5coS7CEdpBK4ge9tVFgmGVufzv355qEzxxekGzs7aquKxJKng5t6,1787075608,3KEdzpSYJ7sXfHKpVhSF2Qj6ZAjd3Q3dugFCZ4umWvkR,sell,0.27445539399999996,47042.341339231934,47042.341339231934,balance_delta
NMRTC3GaefEFuHkU63Qy8Vy9MHf9DATF83GExfujqwXqzb5966C2zxYwUpwTZzzHTpAPmZkh5rKhqMeGnB7qjFP,1787075608,Act5xzJ7DhXrdNKbRw1yTzQUmT4hYtAPgFKTP5WzPBva,sell,0.30337675,51047.45052638196,51047.45052638196,balance_delta
t5fCogGUGQA2L1pybwakcx7osxo1fU2PLR53kc22xgMGU928kAMzNpyj169a8qwhTfJDP9ChEMvte6pRr5tLH9D,1787075608,Act5xzJ7DhXrdNKbRw1yTzQUmT4hYtAPgFKTP5WzPBva,sell,0.297764414,51047.45052638196,51047.45052638196,balance_delta
5ySE41ZdihjyRhbinaanUXRmRVijaKNb27zDmhgBqioQurgA8ZALGjiJG9ewnAxy466XNhZyg4oJGzcmanr4tbpS,1787075611,3KEdzpSYJ7sXfHKpVhSF2Qj6ZAjd3Q3dugFCZ4umWvkR,sell,0.23480199899999998,40145.934098900005,40145.934098900005,balance_delta
zoAPQCxxwoHJT1WYsFAxEQZGV4L1ugimBoLmJ8SQpBGSJgLn2iq4KzzYsRBfshChGWr6RzorkupXEjh7c36uWsr,1787075611,Act5xzJ7DhXrdNKbRw1yTzQUmT4hYtAPgFKTP5WzPBva,sell,0.25489656800000005,43563.89427921409,43563.89427921409,balance_delta
3hBK3kuqYL2UkXeqJhUxrq4a9oDkfc1YezyheCLU2KgWL7yjbKNxud13nD3WLdJ8pMiPgCygXXGGR9AjtXbxvRfQ,1787075626,6KsuesQQGfqZcqEPBKXgT5iwvZHhUgf6uvtuzQNigxgK,buy,1.813948818,356603.426259514,356603.426259514,balance_delta
2bVnNf2ApzRkQo6851xDTy6ybc9uQ9jQVacvwuDaFYioFnEe5rHFyBehUbyjKHsqrrgSD1FCeouj9LowHH2ddjah,1787075626,6KsuesQQGfqZcqEPBKXgT5iwvZHhUgf6uvtuzQNigxgK,buy,1.642298666,319716.890391451,319716.890391451,balance_delta
m1nwBxrRpGpmeLdRjQ6JJ5ewfZsz2j6xyoR7RsxTqf9NPWdQexEYdYhSzwHzbHJpYsxU9G976uUEoE5sLEsrRgi,1787075626,H75xFpTZVYVzamJrPQHkbGqdWpq4zsZzUiW7L7U7GfQ8,buy,1.6832377950000001,331862.850161562,331862.850161562,balance_delta
3YrrhmfeGUakrM2BJZwopYmxhmwcgjb2RzXtYR1sxNha9PuvGxfMYCBN3J6PLzmUjMhAp5fg2UbMt66cG5CjNLEg,1787075626,H75xFpTZVYVzamJrPQHkbGqdWpq4zsZzUiW7L7U7GfQ8,buy,1.644678193,321107.62040774897,321107.62040774897,balance_delta
3BqcyQZ7Sn5WoAxs4PC4dMjudZyYeixgN6ueaUdFXJxPTetxbyM5DZgFNTdZbrfUP9zmwkUvKrtPPniJJfXuhqJg,1787075626,H75xFpTZVYVzamJrPQHkbGqdWpq4zsZzUiW7L7U7GfQ8,buy,1.61911128,312352.122659559,312352.122659559,balance_delta
3V1ggPJu2U9pghB3NTKNLo1cBVJWA6ocQhuAPMEe7m3Prf7mgN7JKgW5LgaWThUbM5Q7TiNWHog6Qs7a9c9S4EZe,1787075651,2z2q5gk8TDgqCidzkXkyevXH1aDaVjWL8cQwoRbMF1Jq,buy,0.00803928,1067.365107164,1067.365107164,balance_delta
2wn7moDhAeKdouPnRZAk5LXNBg3weqfxzByEQPocsn9VR9mBZNzKGM2JpukmT7GwiJBMttmPht8QtPBm2WbRWzTP,1787075651,6KsuesQQGfqZcqEPBKXgT5iwvZHhUgf6uvtuzQNigxgK,sell,0.636696351,114974.45383066405,114974.45383066405,balance_delta
43ujApAcsy64Bt5zoVxaAmpYDVCENDnWpK1JDLqTeL7FDRrW5Y9GbdrbEghsnrk537We8henMniqUiZ5SbEFcbfi,1787075651,6KsuesQQGfqZcqEPBKXgT5iwvZHhUgf6uvtuzQNigxgK,sell,0.6370667339999999,114974.45383066399,114974.45383066399,balance_delta
43qGHaZrXNAqEWKxRoSrFNKaKNi3jAsF7ZiDb39QPnmbRS8hkuWqYaBNfn6ysJxZEVK7QCzjFjZhdFWB6DQUdGHa,1787075651,H75xFpTZVYVzamJrPQHkbGqdWpq4zsZzUiW7L7U7GfQ8,sell,0.911398418,164104.8408489069,164104.8408489069,balance_delta
5nwk167dz1BqBKyDJPt1NHa4DLABuArRxfqjo6zCr6KRA9McqK1vemo1Tze7VL54jwYebS5deAEBZLsQHUvmDuYt,1787075651,H75xFpTZVYVzamJrPQHkbGqdWpq4zsZzUiW7L7U7GfQ8,sell,0.907510394,164104.840848907,164104.840848907,balance_delta
4HbQkrZFvZVcwzzNNXer5S4jy6zsN96kDzi6wuFntZ2vsVeqLNYCHrUuQVhLbNnwxD6KrRJy8ZTSjwcp1EJTdZVL,1787075677,2z2q5gk8TDgqCidzkXkyevXH1aDaVjWL8cQwoRbMF1Jq,sell,0.005523894,1067.365107164,1067.365107164,balance_delta
H93YEcKqwgDaToMQdnoC9X5g6eUZCsVRTg9MC2wa77U32ofb4Z9b4Hd36xddpM2ki22yR81ybBUTrqFsqCw3KXX,1787075696,2z2q5gk8TDgqCidzkXkyevXH1aDaVjWL8cQwoRbMF1Jq,buy,0.00803928,1116.628679982,1116.628679982,balance_delta
5mZUkqnw3FdpxsxSMEweS8h3vcnfuDqVpfG4K2LKpSZp6kYT9QahRYmakTCYzviFTgmpCT9pvLiVH4wKmUKFDMo7,1787075711,CqyTUueWZJkdcJRJ6ZaZxAXvDQFGoFnL5hkEC9nxQz5o,buy,4.0600000000000005,681784.666417543,681784.666417543,balance_delta
KKmfDSEqqZVTaXh5FBr34SQjG2UgA2acUHFCNZcwRqXrETsqMysSBZ3igmpcgqexMy1aDSAdxPkgHpw54M7uKbB,1787075714,CqyTUueWZJkdcJRJ6ZaZxAXvDQFGoFnL5hkEC9nxQz5o,sell,3.9632850740000003,681784.666417543,681784.666417543,balance_delta
NByn2NMqaSE7jQebst4cJS1hUpXFQG5uhhpDAZYwBC2tRkvLtwHDZSpwb9ZiWfKi5r7LfMhiAZCLcCPyVb2nHwx,1787075725,6KsuesQQGfqZcqEPBKXgT5iwvZHhUgf6uvtuzQNigxgK,sell,1.3021266919999999,223185.704494818,223185.704494818,balance_delta
1hGj9MedyYnUqBHYYRnLnwTiWkdKwhvRrEkvxkdmkfKVV1qjgTLk6rsF2xLStMn2Q3UhhDYfJWXXXM1gh4AnUFM,1787075725,H75xFpTZVYVzamJrPQHkbGqdWpq4zsZzUiW7L7U7GfQ8,sell,1.8638198929999998,318556.455765528,318556.455765528,balance_delta
5cehaJi3oqajRZF1LWNyZ4wufndnN82eM3H55zqaRymTZEgwsrQBC8f2CRMPf3ES3Ywo25ovxx2qWNfRgErUvTgo,1787075728,6KsuesQQGfqZcqEPBKXgT5iwvZHhUgf6uvtuzQNigxgK,sell,1.309700379,223185.704494819,223185.704494819,balance_delta
3cXGxG1QjvvQNWHiRGyMwhrgWm1u18ivongCQe6iFVXfgbTYXQEhT1CrDFpUJiXtorvn6oqQfxeRvKJVd1dj4QPy,1787075728,H75xFpTZVYVzamJrPQHkbGqdWpq4zsZzUiW7L7U7GfQ8,sell,1.8647998989999999,318556.455765528,318556.455765528,balance_delta
ixqrd3jD6hhzPfdv1UchZQsWRRzNfuBQdeZFomiF1H1HSgRngP4xJ3spUQpe7JKj2TSfpBmYuFW5NN5k3GctGBf,1787075736,Ahekwy9V7q2tmqJdTX92TAtEHM4pafQbsfc5oLakbZs1,sell,0.130080859,23109.078811346,23109.078811346,balance_delta
5NfxmZmn5oVoBPd5woGCyKgocXxsRg2uoHK2KtofdxCCKLniCo3LgJk13Exc1YuXPDmHp3ZHDrP1pwY6jLAD5ciD,1787075736,C7PNbARVAHeskaefdcu7fy21dCN3qNANKuT6Cka2av4L,sell,0.10363137600000001,18473.713064943993,18473.713064943993,balance_delta
PTPuJN68x38v52UcFGE2WQXovwPKhCze9513wG8BLyEPq5DvLVgWpoKcikoRTMxsg7A4s49muvtpdgaw8zwZF2K,1787075736,JAGPLMkgPWRxFJekMU8DRHRurw968GGYHRMEKUWheYcD,sell,0.127510083,22654.30496609601,22654.30496609601,balance_delta
2oZprLhWgDwmfUHvwrRocs24E3y7a1DrjuaVXrLVe4knr78uaKPbZdLJEcy77QeLy6otiUAe7uirzra4a7Dp78p3,1787075748,2z2q5gk8TDgqCidzkXkyevXH1aDaVjWL8cQwoRbMF1Jq,buy,0.005999999999999999,1023.1490244729998,1023.1490244729998,balance_delta
3iEeQdvASX4D1Rs8TPFkLbSkKRLz42xqk8W7QcHC2MdUrpEaLDMMYkGVzXXPmgPT6GB8QEeC2iZwfQEp4WwWAQY9,1787075750,2AwjJTdTWCu6QjyZKvF6oVEd9TkQP1WYvVswFvDEySxn,sell,1.126810621,198340.9988019711,198340.9988019711,balance_delta
2gGXq1FUB381sYFi8Z2hcghuvGYoPYG9LsxEzTVnhRZajKWwUGuCJiAT8kiEsCHNDnM6yS9yRPgX4zPVkW8Qv5ox,1787075750,2AwjJTdTWCu6QjyZKvF6oVEd9TkQP1WYvVswFvDEySxn,sell,1.105539485,198340.9988019711,198340.9988019711,balance_delta
2d5yLKoxAf8m11mrifi1Wcd3n4i8nnGVYpWtzfrDsqb8YvXUTv6aGdEbFYvcKhhCbxMnyXLNrAvNWqhfMf2BdB6e,1787075750,5kidNviTucvoHuFGuPQUikWokMxsLZMncGrS5gK9Cujs,sell,1.1237362169999998,198909.04004712193,198909.04004712193,balance_delta
4rg8uUecp4qtQcmo6hdNQJfZJoZ5oUEfWaGXppuwEbjc497UqbESXzVynpACogBF7at966xWXcMv6GfzUzjjt54y,1787075750,5kidNviTucvoHuFGuPQUikWokMxsLZMncGrS5gK9Cujs,sell,1.1172241569999999,198909.04004712217,198909.04004712217,balance_delta
2qN2SBXBBZQciuJD1kQLRU8bGhWdXpNJDjG2mgqze43rXasqrpnYEfsi9ycyBHHvEn6mWvx2tNN3s6MPaPsVTZin,1787075750,DenZLNzBtE3L8T1kQFKh8oE7FCXBrdsM9xwCbsnKvdJq,sell,1.091297333,191403.80312896892,191403.80312896892,balance_delta
5oNepWu6mKzQY1zQuPy33koCywuqd6MVkKmBaUAcMqG3AtYaYYa2MyuoPH7boKHwqxTD5BUBtsDcxnQ4XeTDqrVG,1787075750,DenZLNzBtE3L8T1kQFKh8oE7FCXBrdsM9xwCbsnKvdJq,sell,1.0706517649999998,191403.80312896916,191403.80312896916,balance_delta
34TCqUtt1u5UupcDgqd37SZsj5gfCqvrqQsDGwCZpFjfR78GU4rNicBWgKgpdCPJ51Qr9YgSfGn9RxM6g61MQYvQ,1787075750,Hedt6aVyFRvxpQJkrrqgZ3e3JxUNb7ufCVyYXMnHYYE4,sell,1.0908430699999998,192424.52251013392,192424.52251013392,balance_delta
rXKZPixeEZsZ4vxQGqifUdrj6iJsqrLoDwdKkgBhFLYpoH75XTUCHHuBa3j6NrfbtDC17qzCuMsyUd8AG79riTs,1787075750,Hedt6aVyFRvxpQJkrrqgZ3e3JxUNb7ufCVyYXMnHYYE4,sell,1.0683312809999999,192424.52251013415,192424.52251013415,balance_delta
5ctqagDnmNNYF5C18J2krMyXKgE4rdMu754nFexhZn6WF28GbWj3Su5WPPK1eBrtJ9HRusHofCrH6197ad8FCj42,1787075751,2AwjJTdTWCu6QjyZKvF6oVEd9TkQP1WYvVswFvDEySxn,sell,0.987113409,178506.898921774,178506.898921774,balance_delta
2ZYcmajTU2NzpiRQPruoadomhXJG43xuhL7nhxk4KQKZ8GcEBJkxzduyHq2YyBc1Ne7eW9tiAhwzsTUxAiPHLifh,1787075751,2AwjJTdTWCu6QjyZKvF6oVEd9TkQP1WYvVswFvDEySxn,sell,0.863374507,158672.79904157599,158672.79904157599,balance_delta
4SvVjvkf3SitXaivdHuWu1YtYX349b91zdnxQdeE6AAcjx96qSw6h2hHZktLLJcBhNk9JRgaYSLPBUenEerdGDLC,1787075751,5kidNviTucvoHuFGuPQUikWokMxsLZMncGrS5gK9Cujs,sell,0.9882714890000001,179018.1360424098,179018.1360424098,balance_delta
52HAnDMioCU8y6wMJUog4Fdug5RXAZHCjgG5eAf1psZvDTf6GYejw6KNTRvqyZDtwK3QyXczujUVBxKTmsfvXbTW,1787075751,5kidNviTucvoHuFGuPQUikWokMxsLZMncGrS5gK9Cujs,sell,0.8671882129999999,159127.23203769815,159127.23203769815,balance_delta
21XQMj6j9RdKCLNzUGpvUpsdY9xGsB2a3LWnvg4qsWkhfaKQJ1zwNkpGcnSjkXrKxUDGt1aHMB3Mjc5ef75YZTBq,1787075751,DenZLNzBtE3L8T1kQFKh8oE7FCXBrdsM9xwCbsnKvdJq,sell,0.9409930710000001,172263.4228160719,172263.4228160719,balance_delta
3k6H39Lt5gszj4S489KB2x6NTfNSY4yaKCcuXh2HYCEKbvtE6uLjFLLDEkd32J5sJe9j9Drv8f5Via5ftkQNVDqh,1787075751,DenZLNzBtE3L8T1kQFKh8oE7FCXBrdsM9xwCbsnKvdJq,sell,0.831607811,153123.0425031751,153123.0425031751,balance_delta
4nPeen2mn2sfoQHBtRWX1xNiD5799ZrKkG76VYp7rFLPbREUJTiykEx3q6DZhgXgcYC2eumBHTa9ygmD2xBQWPZz,1787075751,Hedt6aVyFRvxpQJkrrqgZ3e3JxUNb7ufCVyYXMnHYYE4,sell,0.950767339,173182.07025911985,173182.07025911985,balance_delta
5dYyVuKJFQD3C9vKcPRxeLCJQ5SPw7yshU6XNGwAfuYstCUwsWMPNbfG59SqYyPZYbo48rSaDXVVDUUbrGfAPU1z,1787075751,Hedt6aVyFRvxpQJkrrqgZ3e3JxUNb7ufCVyYXMnHYYE4,sell,0.8310777619999999,153939.61800810695,153939.61800810695,balance_delta
3yJi9pfzXZbayvBGzuH9Aq6JbnpvrTujqPG9RjWoY5gAbmKQHPberY678jV8U5u4qHHSn3cc3cfmiV57ZJ7PXcA1,1787075758,2z2q5gk8TDgqCidzkXkyevXH1aDaVjWL8cQwoRbMF1Jq,sell,0.0044718200000000005,1023.1490244729998,1023.1490244729998,balance_delta
2E2arNHrNqruU1MbyV1GKtW1CK5Rqzz4KrJrjF8eGmLbq4jeYPHLmxMP6Jg6inrsZ5ea9NnzYeNm5xa9TbQvQATS,1787075758,2z2q5gk8TDgqCidzkXkyevXH1aDaVjWL8cQwoRbMF1Jq,sell,0.004880342,1116.628679982,1116.628679982,balance_delta
5QmbFUtwtci1KMUNFKZhoroLYk7WiWrtuF9c9T4u7NDtaRotJsof7R627PjJ1TcT4ecRcPrahQeXu9ScSAbBs3ZP,1787075769,2z2q5gk8TDgqCidzkXkyevXH1aDaVjWL8cQwoRbMF1Jq,buy,0.008039280000000001,1262.385803723,1262.385803723,balance_delta
CSsMNSoB9Fgbke9DB1evmB2ZQRdpsSGCrSWohCGev6JM4Y25WgzaD3zC7Jev1CmTW8QMSC9v5U1bY85USM7uYgQ,1787075779,3KEdzpSYJ7sXfHKpVhSF2Qj6ZAjd3Q3dugFCZ4umWvkR,sell,0.18491149299999998,37203.23712945101,37203.23712945101,balance_delta
3smZ19RxTdabf7Af6eAWAL7cHTo6AZtuhFazK83FLx3jTfHWskewXuR26UtQsMbdtb5k2dYPw47MEpMRa9o9YLkC,1787075779,3KEdzpSYJ7sXfHKpVhSF2Qj6ZAjd3Q3dugFCZ4umWvkR,sell,0.181760667,37203.23712945101,37203.23712945101,balance_delta
3XfPHyknrRDw58JLBvMbVfMuwL5mz7YsfCS1vETiN2ypSuZxZGwg7b2D6r5vYNEs3468iBvbyAk9ZgwLB1wfFVDL,1787075782,3KEdzpSYJ7sXfHKpVhSF2Qj6ZAjd3Q3dugFCZ4umWvkR,sell,0.155373566,31749.242566272966,31749.242566272966,balance_delta
FdukgGA7rNV6rZFo2SqaDygRgzyz27vFqBD382AC4QBTHp9XonhYFEeF6wqNuH9i1tovPuiuK6qNf3qi6DNbAXW,1787075784,3KEdzpSYJ7sXfHKpVhSF2Qj6ZAjd3Q3dugFCZ4umWvkR,sell,0.144299655,29422.02308616502,29422.02308616502,balance_delta
3y6cMfAnXHfBuqHW91VBDzebnG3YgNRpRikts21DrJtKcuHCydVYM6Bbnxw6j3LoscVvq2fA4TyhoqFgcy4xD7oM,1787075786,3KEdzpSYJ7sXfHKpVhSF2Qj6ZAjd3Q3dugFCZ4umWvkR,sell,0.26194039300000005,53303.277137422,53303.277137422,balance_delta
4M4JAhUF1RSPDBKzqXZT3nptmxZFj54GJdar1tjLUDT5UAUdrycRPuwjAGXXJkSs7cnuLjQQxBhgg8pDuFosroxM,1787075788,3KEdzpSYJ7sXfHKpVhSF2Qj6ZAjd3Q3dugFCZ4umWvkR,sell,0.522712991,106211.56322837202,106211.56322837202,balance_delta
56WPgwRoy1PzWm2jMN16VsnMhwkoZXCcjf6baifqncPzmtYgGVqigMKzG5gypfsoDY1dwjj7nCBxYwdR5axDMAKv,1787075791,2z2q5gk8TDgqCidzkXkyevXH1aDaVjWL8cQwoRbMF1Jq,buy,0.006,1143.7737775980002,1143.7737775980002,balance_delta
668Ko5KgG3WUaBM1DmdYpmcm3VJJYhssYruVU1wAgfUMF7jEKtimazbN1wopMYBewCjBVQgJcoaS5WDi1j2N5DQM,1787075818,2AwjJTdTWCu6QjyZKvF6oVEd9TkQP1WYvVswFvDEySxn,sell,1.630128155,312387.073113104,312387.073113104,balance_delta
5FpU7VRTY9SL6wvjHHxZEtRCcb6gtExS3VXY3y1Lc5XbSb3SnTt7ZV1WpBxKpUSaCSdC1v63uC6upGE2j4G6HsTi,1787075818,5kidNviTucvoHuFGuPQUikWokMxsLZMncGrS5gK9Cujs,sell,1.6490379419999999,313281.7380742179,313281.7380742179,balance_delta
5NjgzdeFg1DCUyY6n9JKgpRHkvHMVc9MTVd4dT2NCXanjZ4eRZahMH5WBB7zJjRsGLgWGwUp19MHzWXvAMVWwnsb,1787075818,DenZLNzBtE3L8T1kQFKh8oE7FCXBrdsM9xwCbsnKvdJq,sell,1.595505045,301460.9899281269,301460.9899281269,balance_delta
2U8MMaAGA1UPEJGSuDSRMKjKkEGzQaipTZuriSWXX71cMgc5QRvX4t9ZNpzhNCtjfzRigTTB1K5NzZ1SqccNawBS,1787075818,Hedt6aVyFRvxpQJkrrqgZ3e3JxUNb7ufCVyYXMnHYYE4,sell,1.599549285,303068.62295346113,303068.62295346113,balance_delta
4faeLXZXdgDNMxo4oA58nrUztNjyHK6A7p3zvmWs6XWbEzt2odhtxqz4V2doUME8N3Q2xq5GwGYe5N8SPnmFMopq,1787075819,2AwjJTdTWCu6QjyZKvF6oVEd9TkQP1WYvVswFvDEySxn,sell,1.2083483369999999,234290.304834828,234290.304834828,balance_delta
3QDKsHNXrtBeCSjmm9JHNJi8c1pqXwc9dyVpTd65RZ8gZMY8icFxv8xJygkXJJcNHuRVBXpStudeXnrdxQUWLJMp,1787075819,5kidNviTucvoHuFGuPQUikWokMxsLZMncGrS5gK9Cujs,sell,1.21446787,234961.30355566298,234961.30355566298,balance_delta
3eY17apeWT8BJKEWUV5wf4SRCkF1RMfric3cewq7iG7un33sr4N9Lu6rAhVCYN42vftmxWbsJtv6YKAn7XFq4hMa,1787075819,DenZLNzBtE3L8T1kQFKh8oE7FCXBrdsM9xwCbsnKvdJq,sell,1.1559809799999998,226095.74244609603,226095.74244609603,balance_delta
YkvAoS1Qh9z2U2eCeehDqxxrcaZXaaSdwinjj6R4377mEigwZaKfo6J6jRXxYhnmVWHWFMWuvYTs38D1u47tGCy,1787075819,Hedt6aVyFRvxpQJkrrqgZ3e3JxUNb7ufCVyYXMnHYYE4,sell,1.167013603,227301.467215096,227301.467215096,balance_delta
3oxHoNnws8ZqXfCEVs9A99ZVAzAFbtFmWfZm3G9kx99HAootdyAMf7BpxQxvoeJiBsfsPx5zxzykvVU7kWkvEnb4,1787075821,2AwjJTdTWCu6QjyZKvF6oVEd9TkQP1WYvVswFvDEySxn,sell,1.704100869,351435.45725224295,351435.45725224295,balance_delta
4YBFFKUCghDxQ8NA1ZLmxcxiwB1pUzchmtDwb3358yVuCxgB29gqhWa9cu49YoKvs6ngR2txvsYrk6pz3RRTae5c,1787075821,5kidNviTucvoHuFGuPQUikWokMxsLZMncGrS5gK9Cujs,sell,1.703651699,352441.95533349505,352441.95533349505,balance_delta
2ufKz7Lrpm9mByyUEJbrTRTReMj4LFCjYXVrBxtiairxcWcLRqBMpZYXnmcKdrbYqH32ssy4M9RAxtLvH1JJvxdm,1787075821,DenZLNzBtE3L8T1kQFKh8oE7FCXBrdsM9xwCbsnKvdJq,sell,1.6492431719999998,339143.613669144,339143.613669144,balance_delta
tJEYxZ6wXK6s8b2tCzscA35aNUqxJPDTKvnQKSstjkWEsfPUWWSHCEJuv6H7dvHwFogDcQhLMbJb9hShqKbDq5f,1787075821,Hedt6aVyFRvxpQJkrrqgZ3e3JxUNb7ufCVyYXMnHYYE4,sell,1.6374126459999998,340952.200822645,340952.200822645,balance_delta
5DJ2gauVr9NUVbxZMHhU2cagZSdcA81GeTkZeGbPTvSNUwsd9H1ecisha4A7Z9woEmRHaAE3pEAg8RUkf2PSkTK6,1787075838,2z2q5gk8TDgqCidzkXkyevXH1aDaVjWL8cQwoRbMF1Jq,sell,0.006957708,1262.3858037230002,1262.3858037230002,balance_delta
3SuhzThrmuS18dA45gz6WSsvfQ15Jmo51CHswR41Gs4YDEfZgYxdCraR6tdy6BxbECJ9Y8VZYZKDvUVEcHUzL5t3,1787075849,414TRcpxccWfAiktShD7xGU3nUQsPYquAfw2LbnuW1rU,sell,1.313073209,238131.537762733,238131.537762733,balance_delta
67GVYuTjr17U2bZsRB4evm1ixtNhrLuDR5oKdx33njRxmZwKfUGWqRNSbJAizcojf1W3fiugrqpkvDveypTKupvf,1787075857,CQ4n79cjiQ3tRSMFTGzKPSYoCaazfuCGu2Y7Hzd1aUj2,sell,7.675652895,1293311.8044213252,1293311.8044213252,balance_delta
2KB731jbnuNmvFBs8xgn6JpTmZmL7zb8Na8A7Xd4imANqvjPUKhD6eojG4BeXxUMpHaNz5jzNGzUjTHTCgp4BykJ,1787075857,G5nGszFTvbcoVEQqek9qStAT76ffLmjr4UzEtMoouizp,sell,7.900357567,1348439.2627424086,1348439.2627424086,balance_delta
yaSruPUwtFTQ7PK6Uoc2ZVPLi5ztsN9NNYaEQDmarvgdFYWypWZzAaZuR2JBGvFuRqB7bV7nEcbieRWmf5X6AU1,1787075858,CQ4n79cjiQ3tRSMFTGzKPSYoCaazfuCGu2Y7Hzd1aUj2,sell,7.481538738,1293311.8044213234,1293311.8044213234,balance_delta
2ZkakYigYs86HyFgupjJ8Juq88MrNewNPMsPu3gf1AZ8oEwUQi17wMMzfMVsnaHfKtbRaxEyo73Hc2Q8Xxw7Geab,1787075858,CQ4n79cjiQ3tRSMFTGzKPSYoCaazfuCGu2Y7Hzd1aUj2,sell,6.204858589,1099315.0337581262,1099315.0337581262,balance_delta
pbsqujqh7Lkv6Ez1dPhSdcqSgqk85GdcYsW52G6E8ZeNiEvZiALNxFr3V5UmsaC4q7cSRvzgfyysujY9c2BR3E8,1787075858,CQ4n79cjiQ3tRSMFTGzKPSYoCaazfuCGu2Y7Hzd1aUj2,sell,6.121501072999999,1099315.0337581262,1099315.0337581262,balance_delta
49bSx9bUH6fCSY59zhnGND2tbQu5STNwLwrS6o8sr8GyozX1GX7HdF21uBk3bJ48yUmw4koG1rCueeqQcHf6QbvN,1787075858,G5nGszFTvbcoVEQqek9qStAT76ffLmjr4UzEtMoouizp,sell,7.701822429,1348439.2627424076,1348439.2627424076,balance_delta
3f6NYQciX3HRtaMua2K1wWyo9KieWmhvn7Bjqb8H3rGxF9Dwss32i1gigd4prDRL1AhuENZ7Afb8XaVukhZZTxN1,1787075858,G5nGszFTvbcoVEQqek9qStAT76ffLmjr4UzEtMoouizp,sell,6.4005815969999995,1146173.3733310467,1146173.3733310467,balance_delta
5TadAtKqeqjTLUiqgi8vRACJVd5GyGxWXCVopY3dHbzo7svYARE3boXeaRgdBDvEDf6Er7kkKSwZRtCkr6iUUQxN,1787075858,G5nGszFTvbcoVEQqek9qStAT76ffLmjr4UzEtMoouizp,sell,6.3150503989999995,1146173.3733310471,1146173.3733310471,balance_delta
FG8jsjneHkocx8EPp2D1FBakYiXSLptAegdVTm7ZpsTpbAndeDtdba3vVZ2pRdarymfkex2TCEDaXtyqQndFLmK,1787075859,2AwjJTdTWCu6QjyZKvF6oVEd9TkQP1WYvVswFvDEySxn,sell,1.9247196149999999,351435.457252244,351435.457252244,balance_delta
3pCodPeCAfVa7ARFyZgoikHcECeuB8BXRwh1HfdUGYuFP9532n3JQhdSd3h6J8NdF2va878j3uWrEePnNXpGNeYq,1787075859,5kidNviTucvoHuFGuPQUikWokMxsLZMncGrS5gK9Cujs,sell,1.905091949,352441.955333496,352441.955333496,balance_delta
5mfwT5fmqvahW1gfRFq82vXCtj6iGYK8ESczPhfRd9fZzvDS84LxpU8zJriVY5NL4EyCEMsgzL7Bxx7UkzK3uMJV,1787075859,DenZLNzBtE3L8T1kQFKh8oE7FCXBrdsM9xwCbsnKvdJq,sell,1.8209345289999999,339143.613669144,339143.613669144,balance_delta
XGwVS8wAwvNNLahPZyHsReK2xm1Gzqx95o1akcNCWcnE74ZgvNzPeJZfM7c72oDf9ecSoVbYhoK5mBDnuaE5Ejd,1787075859,Hedt6aVyFRvxpQJkrrqgZ3e3JxUNb7ufCVyYXMnHYYE4,sell,1.848713794,340952.200822645,340952.200822645,balance_delta
3DdaTmJezwGg6FQW1hFXQfWRyn7E7ihgjYk9GxG1mMhVo7HKHn7SERBmz9Chp9cAuQkhdttnqDtacqhMkcyW1YGy,1787075860,3KEdzpSYJ7sXfHKpVhSF2Qj6ZAjd3Q3dugFCZ4umWvkR,sell,0.165870568,30444.800513002992,30444.800513002992,balance_delta
2pJvXN8bNfa9QA5SbLeFyn9sPX631RUorXiHKjdCgXpABkvLWUjmts7fHzdFHPimQghpWNhdyCG6tg2im4BbhXif,1787075865,CQ4n79cjiQ3tRSMFTGzKPSYoCaazfuCGu2Y7Hzd1aUj2,sell,5.3800987430000005,959206.254945816,959206.254945816,balance_delta
2atfhgdVvv3XTPPS7mq8HhzojGVg1pi92pX1JJ22xLQY2Syz9o9RPNndWTqz6ANxnWygUZf9noHBm5LpPD4AYGCg,1787075865,CQ4n79cjiQ3tRSMFTGzKPSYoCaazfuCGu2Y7Hzd1aUj2,sell,5.28057071,959206.2549458158,959206.2549458158,balance_delta
2uWjeJtaQoa7ZLpTFw7mdZwDcSkix3EiXHbyZG7HGof5Eb1EGPgV4gh32hYe6v18B9okKFHuqP9xRGCGEyoBAzHT,1787075865,G5nGszFTvbcoVEQqek9qStAT76ffLmjr4UzEtMoouizp,sell,5.662203786,1000092.4532006192,1000092.4532006192,balance_delta
4Lx6dpDDD32aiZkfcNrk18VNythTJoM5vzzjjHCgF3QWDVEfE6N1E7ZWLRrxhr4Pawz8JAXsRpfqhCUPz6grciMH,1787075865,G5nGszFTvbcoVEQqek9qStAT76ffLmjr4UzEtMoouizp,sell,5.55697429,1000092.453200619,1000092.453200619,balance_delta
2U4dzoAkdQdi2u2bXqdBsLviUPpPivMxkhXtvDUCbGuBffc9kkz63FfTwysakdfzVYercEuTLfdb4iingGAwt8pk,1787075868,2z2q5gk8TDgqCidzkXkyevXH1aDaVjWL8cQwoRbMF1Jq,sell,0.006532756,1143.773777598,1143.773777598,balance_delta
2dG4tSebesENBtWwDZoHj1EZZWVc6siU8HPMurCFhuJrZ1yc257oNP4x3jvv3jnvqFS94E2ES3QQjDd5Tf3barEf,1787075868,CQ4n79cjiQ3tRSMFTGzKPSYoCaazfuCGu2Y7Hzd1aUj2,sell,10.612195492,1918412.509891634,1918412.509891634,balance_delta
58vUqor5cc6U7mv2JJExxic4pAdfLgfqkXRUaYmGKuWiPCfCNV7yeRtJ6Xw5TEk551kLwboiU9ewvH3gK3PhpdDn,1787075868,G5nGszFTvbcoVEQqek9qStAT76ffLmjr4UzEtMoouizp,sell,11.272486037,2000184.906401241,2000184.906401241,balance_delta
U2wn3y3euuuemgrktJmpYUQMUqmkAgLn6iigzrWoEHQ82JT6QVvLLLHfZ3a6HiarWn5XQyWamfoFaDLwYL7hWfP,1787075874,3KEdzpSYJ7sXfHKpVhSF2Qj6ZAjd3Q3dugFCZ4umWvkR,sell,0.345218342,60663.99719337199,60663.99719337199,balance_delta
62Ee9XRvFqyZHFBypwHZjU7xhPs5cmSaj117o8qk3EC8LJVJifoA2ptt3qD7PCp6KmeQxZj27j6Nu2smyvyfGqnR,1787075877,HPiAxtK5UGhaNTjNPqDn9WijfQhZ6YEqgHc5MeLZUiba,buy,2.235914566,435045.690996536,435045.690996536,balance_delta
sqxuGgVtTCiLe7bXoJmeqpzPvdhqg9zuWFyHczV23VDYQkkUBpPQodHbFKnHRLiKcfN9y87Kdx34Tphoi6xY8ZY,1787075879,2z2q5gk8TDgqCidzkXkyevXH1aDaVjWL8cQwoRbMF1Jq,buy,0.008039280000000001,1132.25439252,1132.25439252,balance_delta
4K4RxiYHCR1QjnwrbiCTsUnZZLcEmH6L9iDQEWMZY6KEcDseBq9nCMrzXF7u1pFfhv63rpEKhaS8k3VWadofZGda,1787075899,6DqwStHBhuxWGutooviZUgVDhT3F4Dy5pAiP2YErRCEe,sell,9.915682536999999,1540996.391550701,1540996.391550701,balance_delta
237tFcCE21tgW2XESKBnpc7GxPj8NqsaUqSVoWYUbbo5GHRCqH2riunY6TCbHVzKuWEygTrGkwbE59ugPYyj6EJw,1787075901,8KQriAKQrWJY2CPMLGmxwMz2sEhKjq6hEd3Rwx1B5Zu6,sell,8.626797065,1371819.157053695,1371819.157053695,balance_delta
tjU5ffGC2ZsfJgHxAxJC2dzSjMgEXZG31goHzVc14wZBJer5N1WJtE5QjdMYZpcoumnnAtp1Rxbnudj9NgbpM66,1787075901,8KQriAKQrWJY2CPMLGmxwMz2sEhKjq6hEd3Rwx1B5Zu6,sell,8.50942421,1371819.157053695,1371819.157053695,balance_delta
35f3DV1orThFi4mwwxjs6rDiXXkAERYSh9tyWcPMUqW7epfem4ZMLCNoqYikASsWYQPsyY6GU8Vw2nV6zA49bhTG,1787075901,Gwk2S8xumrwaWQCKf1rwoGg3RS2rUx2GUCfiiE7Mm3QA,sell,9.657016576,1513366.6166750025,1513366.6166750025,balance_delta
4vdqyc4c7MZ5sqhj7i7pLhvHtLn5Rpp8P3qeBHxM22Vn7mHsCzsD26PeQdLY6RsvLQdA9DWUB91hVL2dM6kDzcQZ,1787075901,Gwk2S8xumrwaWQCKf1rwoGg3RS2rUx2GUCfiiE7Mm3QA,sell,9.253580963000001,1513366.6166750034,1513366.6166750034,balance_delta
4AR2tBe3bwLb8y49nUBsmFjpQNW6a72VJoeDekTVE93W7FkumRmp8JQiX5g9XDHcHh6CRVzoKuUuta5dqKptmYbG,1787075903,8KQriAKQrWJY2CPMLGmxwMz2sEhKjq6hEd3Rwx1B5Zu6,sell,5.504250181,960273.4099375876,960273.4099375876,balance_delta
3jnr4PbZgkMWB8gK4BrXvjoDkNXhe7W7o5JQwn89TaNCa7yWdyg3CXHB4Aeu9vE53QUH5JJ5h7Xm48AjoXhEcDeo,1787075903,Gwk2S8xumrwaWQCKf1rwoGg3RS2rUx2GUCfiiE7Mm3QA,sell,6.131818462999999,1059356.6316725025,1059356.6316725025,balance_delta
5qvRRCdcz8irVokKNP8sBn9DwLjgcunFUMhzP91MSyWSrtBejKZALFD6oaYt96RuwQG4mmeduypR2ZYMDhJCFcxc,1787075904,8KQriAKQrWJY2CPMLGmxwMz2sEhKjq6hEd3Rwx1B5Zu6,sell,4.777361337,816232.3984469483,816232.3984469483,balance_delta
4YURqGYQuXcDvB2Jgo4bSRv1Eb2eycjoRP1ppnEvarnLFqd9ftrH7Pep3vTmoRHSTWRJjQz4MucSWi45JpKwtStZ,1787075904,8KQriAKQrWJY2CPMLGmxwMz2sEhKjq6hEd3Rwx1B5Zu6,sell,4.059258304,693797.5386799062,693797.5386799062,balance_delta
4UFAqY4tG11q2zqRxHvvjiejgYkULv4btuqmq5k5s6yZAYMmGLRCVbSQpdiSKmovWdinpew2WDLKLpr3SQ6QJ8W3,1787075904,Gwk2S8xumrwaWQCKf1rwoGg3RS2rUx2GUCfiiE7Mm3QA,sell,5.226778884000001,900453.1369216265,900453.1369216265,balance_delta
4pFhuzFFkTbFzmiuEzrGfHUzYaJFvaPSbrnjrw4KnXf7Miq6TFjQtUQ8oyPRUDV93PrP8Fd7qSj49ZBDhC3peDMU,1787075904,Gwk2S8xumrwaWQCKf1rwoGg3RS2rUx2GUCfiiE7Mm3QA,sell,4.446693435,765385.1663833838,765385.1663833838,balance_delta
4gfo1o1hoCDpn7gToCKRhTMaZ4UqoKQfEt6dwJpPTj5JxeWWfFMmPMPVVovGZcyMTMKUZYBsxVBQLbgkN2qg18g6,1787075905,8KQriAKQrWJY2CPMLGmxwMz2sEhKjq6hEd3Rwx1B5Zu6,sell,3.963943021,693797.5386799062,693797.5386799062,balance_delta
3qwe5N9d7yWhXS3Bp7QWxTtaCnFjcUzmYdgPEr4raoES9htZtW71YDz4dTUqxPwWXYvLNpPBXTA8DmJSc7G5AqQC,1787075905,Gwk2S8xumrwaWQCKf1rwoGg3RS2rUx2GUCfiiE7Mm3QA,sell,4.403954177,765385.1663833824,765385.1663833824,balance_delta
5fdpg2N9AeYAykQE57gKoMM56be4vgqgZok6FyLbRqCJ8scpwoWQSgbXDANxMoa8zsaHSGQsWBprdroimmwy3Exh,1787075906,8KQriAKQrWJY2CPMLGmxwMz2sEhKjq6hEd3Rwx1B5Zu6,sell,2.758655277,485658.27707593516,485658.27707593516,balance_delta
65qPhMHhQqrmPQm9BvQFbgxf1g9oR6Hvbsen9tMQzC3SfSbL1Go6hpMd8QQ8WwEQRkazZ6XYRLWk8FHCdZEr41LF,1787075906,8KQriAKQrWJY2CPMLGmxwMz2sEhKjq6hEd3Rwx1B5Zu6,sell,15.620604158,2752063.570096966,2752063.570096966,balance_delta
61tCbv9HEYdTwf2FVu53dg9K6XAzvundPJEWZxSZGhuFzqmGh6LuTa4PF6NUfeJXaqHaCY4JmvHK9gavdKYPo2eK,1787075906,Gwk2S8xumrwaWQCKf1rwoGg3RS2rUx2GUCfiiE7Mm3QA,sell,3.028645961,535769.6164683681,535769.6164683681,balance_delta
5shSi6m5nBqta7ihcRUiXvkvTxHjFSNQc5wQSe2XCE1t1NGexQDJBopE3WkwzfFiJveAJ1RX5iUUkuHa39mC3vYL,1787075906,Gwk2S8xumrwaWQCKf1rwoGg3RS2rUx2GUCfiiE7Mm3QA,sell,16.765144272,3036027.82665409,3036027.82665409,balance_delta
au9cSVHgRem5pjTknXFW6duVQkvbxJ78LZM4XUoNZadDScW13ifqLxt2dZVZ8WPWqYiNcAqsuL8odWKmwk1o6Wq,1787075908,2z2q5gk8TDgqCidzkXkyevXH1aDaVjWL8cQwoRbMF1Jq,sell,0.0062308500000000005,1132.25439252,1132.25439252,balance_delta
5qT3x78rK82jkr2SAD9vv3UhRnamExCixDZX4nXqvHHn67e1Edk12U3M7nTxfUDDLkAwBaqTxoHyGrsLXydxAENT,1787075923,HPiAxtK5UGhaNTjNPqDn9WijfQhZ6YEqgHc5MeLZUiba,sell,2.676765239,435045.690996536,435045.690996536,balance_delta
5hwrLUoixTAyDxAC9YYsUF1xWxtQfC6DhfX8VPrmCjYPNa5MD7DJgesKJEezNz8H8caHempS88K2mA7YEiAhDEZq,1787075958,4iDyxGxPRC66QBNwYqMn74VtVm5Moy1ns4w3bAqYGvRG,buy,0.0501,7443.016937281,7443.016937281,balance_delta
4qmJePC4gjMhrtcb7eU78SSaTPDvAdX7arejJqfMfdRyRH81YavMEgN4tZ8UeT17CMsBJ3ygxpHZKdCaLouNuftm,1787075959,HPiAxtK5UGhaNTjNPqDn9WijfQhZ6YEqgHc5MeLZUiba,buy,2.3079234819999996,342384.213494657,342384.213494657,balance_delta
64Sr6r8jxoFSS3yKFWHc7FGTbJt3GH9xvJ1bAAMa5vZEX76r3hvq4oFxBdFa1rj6VAruPDBQ4wNexGrT7J1pCSxm,1787075961,2z2q5gk8TDgqCidzkXkyevXH1aDaVjWL8cQwoRbMF1Jq,buy,0.00803928,833.910941914,833.910941914,balance_delta
3ksGfCuxBixkWCn5f5JTDQ152kW4sjQpo8k3GytQhZ4g6R3tntsTrue5LmNQ92gjqmpBe3kDxBzjYTSKZTe6jvvH,1787075980,rAHF9X8b6JfP5DvM3b1RhuJVco1NZ9RHsxJvdSVWixf,sell,3.623119762,500000.0,500000.0,balance_delta
579HmEU1KCQGinp4SquEQikxxpSah4nigZoHTQNFzVsGSDw8NmQbXuLkKrAYrUsiq3KwujQMjPrsMjjGbVbLUjsW,1787076001,HPiAxtK5UGhaNTjNPqDn9WijfQhZ6YEqgHc5MeLZUiba,sell,3.158025374,342384.213494657,342384.213494657,balance_delta
3MoKi8bJQkwp5sRE5CUrcxCokvs84xUhAqkSRCF4j9G2Kk2mXSp9AYSNeGDZtmBCyZ3j1tBSB4uKATYE1wLoedkm,1787076011,3KEdzpSYJ7sXfHKpVhSF2Qj6ZAjd3Q3dugFCZ4umWvkR,sell,0.09218528499999999,8894.676123259997,8894.676123259997,balance_delta
3fKzpx1YNynwNje8LQDBPUjYh73g1Lyho2Zii9iJcARNRnqz6HDKtYfTvhD4pp6NHgmF56Xo43Qn63gxFyzmxEvw,1787076012,3KEdzpSYJ7sXfHKpVhSF2Qj6ZAjd3Q3dugFCZ4umWvkR,sell,0.08984110399999999,8242.696363424999,8242.696363424999,balance_delta
5kXmo76dqzigK1EArc8W3545pyUmJyAq4wDC39StjEh1Vc3FJKq9Za22soLvA331WjHGTfNnopzj6eMU4SpX8mMz,1787076012,93u5BsWsPxuLRzcDqwecZV9TiXEV7qNavef6fscPnSb5,buy,0.5426908109999999,48615.349443046,48615.349443046,balance_delta
2EmWr6SXXKpTE4pvF3wwAVFHGFDn1GqGTzzrSughLUNv5KKkhvaiPLmmy6mXuU8zFLKyCnL38o3UKvjfhnWgcNfk,1787076012,GEPiePuVYQcbShk7ACa2YASeLuRHqvcSZpS89keWZecG,buy,0.483324145,43269.795559177,43269.795559177,balance_delta
7mXAg33hupFcfrHwRs3VoKbgeQCeAKkPz9hM4k7gvivd1FWTpVay9CnnyNuMQEkqmjrC7Z3xAkW1BA6C4HJiZu6,1787076013,93u5BsWsPxuLRzcDqwecZV9TiXEV7qNavef6fscPnSb5,buy,0.036332658,3176.5449730309992,3176.5449730309992,balance_delta
5s2ACLgeMzH2hCiK5LWWnwErcjMeJU8LMKKojYGLACjBdyLXXRdRNFVMwykdT9vNwAcUjTMus9JNeWh9pFW5QbZ8,1787076013,93u5BsWsPxuLRzcDqwecZV9TiXEV7qNavef6fscPnSb5,buy,0.034137886,2984.945484279,2984.945484279,balance_delta
4zk7t9noJ35uRXRYuZehxtNExT4TWFszJx7dmJdgixxYjB5Eh3ACacf4GDYpMfweZ9suLddoiiYjvMMzy7gECk3V,1787076013,GEPiePuVYQcbShk7ACa2YASeLuRHqvcSZpS89keWZecG,buy,0.033483694,2926.9984756060003,2926.9984756060003,balance_delta
525mA2HHC8ZkWeAMq9kj2C3ixp3NxJhi1rCntwrKKmCELV5oEEWx4xA5UvxpK6ssDeQrJUFxVnvZdWKBHhYefWna,1787076013,GEPiePuVYQcbShk7ACa2YASeLuRHqvcSZpS89keWZecG,buy,0.034135179,2984.5885673739976,2984.5885673739976,balance_delta
3FVKjdC9m5r7tgfBHwChCgZBi3weTm9BgpFyoQ3X4vKpGDoxC6SdfYHJU9M5zijmwQPDEunvFcgTM91zo9apuZDY,1787076013,rAHF9X8b6JfP5DvM3b1RhuJVco1NZ9RHsxJvdSVWixf,sell,5.613607045,499999.99999999977,499999.99999999977,balance_delta
5ogc1J6pZ76onE6vRQSmUmMkJ3Y1RUdXrCfaUM2WoogJL3hwhG7NVR6KAWAx4svppiQJVQdpFg1JJMF3VethPff1,1787076014,3KEdzpSYJ7sXfHKpVhSF2Qj6ZAjd3Q3dugFCZ4umWvkR,sell,0.08675326,7638.506719986006,7638.506719986006,balance_delta
5jsPv5izFU3mjDH4jV2Gpk7ShGzwT53CT7ywjpHG6PGgwsfrkPQ5hjrDbSDgw8rXkSvQqQyq57N5w77wkbEyXwKC,1787076014,93u5BsWsPxuLRzcDqwecZV9TiXEV7qNavef6fscPnSb5,buy,0.030682037,2679.443317797006,2679.443317797006,balance_delta
pNEWRL3NZ26z1FpDvtUDQk6tXstrt2mgW7Tx3AWcC1reWBpv1CWpbq1Uspq1DNTGLCUfb4sD8gyvYSu7ioL9fnL,1787076014,93u5BsWsPxuLRzcDqwecZV9TiXEV7qNavef6fscPnSb5,buy,0.0363374,3157.4894797849993,3157.4894797849993,balance_delta
32TDx42Jvr6aSLMzRoFfZFhr5WLxCKH87mVHYrBaHcKnoMM2ZwxmRpDUeBkg8n3JYkFyAKWdHPsmeRvQccGHH6rU,1787076014,GEPiePuVYQcbShk7ACa2YASeLuRHqvcSZpS89keWZecG,buy,0.032994678,2882.1727602140018,2882.1727602140018,balance_delta
5neY35L2cp22kU5DEf4HfuFtGKKnDm9vsXbzbTj28Y48BN8yvDEmLSxEsgF6t58ZM3rVzm7bBpH2Ujqu3dW6dvGc,1787076014,GEPiePuVYQcbShk7ACa2YASeLuRHqvcSZpS89keWZecG,buy,0.032605191,2832.1751990330013,2832.1751990330013,balance_delta
3jNJCT8gbZqmLzj2CLRZmY5CFceDhs6gWae4S4FJB4gBFYzwX19Zcdmj3PTmRUnvS8Must7mnnVHsskHozVPDEF3,1787076016,3KEdzpSYJ7sXfHKpVhSF2Qj6ZAjd3Q3dugFCZ4umWvkR,sell,0.08078258299999999,7078.604177411005,7078.604177411005,balance_delta
xaE8RPPYPXdX7c7ah8dtHD59cd4Mk5qEC42Ru9r6XaDnDi1E7YegsGDgi6QsaYQiStRjXLBeAF67t47XLZ6chbf,1787076016,3KEdzpSYJ7sXfHKpVhSF2Qj6ZAjd3Q3dugFCZ4umWvkR,sell,0.07349004899999999,6559.742491205994,6559.742491205994,balance_delta
3bPwRb2zbKnU9AsZL8BxEHWbmoXAEvGih8yDBi14Pb6qASp4SDbPuqxUULQLbvmuEGMi4LaqwwGKMCDcpMmd3ECc,1787076018,3KEdzpSYJ7sXfHKpVhSF2Qj6ZAjd3Q3dugFCZ4umWvkR,sell,0.07181420599999999,6078.913366601002,6078.913366601002,balance_delta
37UFqZ5btLnSwzb1QAN6ciC8y3vBtcFts46eW9jYYosQxpHGDRGDxBSnPhAycDXX6odpwRChduApoeFcbu5DKQWj,1787076019,3KEdzpSYJ7sXfHKpVhSF2Qj6ZAjd3Q3dugFCZ4umWvkR,sell,0.07179535399999999,5633.329016828997,5633.329016828997,balance_delta
q428Z3FTF1U7pad61BjDVycac2UsXx2eZJLoPi8vdzQk6vJz9nA2JSsg62f2qP23CW1K21RvdFvEXsq7tdSCGQv,1787076019,93u5BsWsPxuLRzcDqwecZV9TiXEV7qNavef6fscPnSb5,buy,0.031517881,2413.9891294639965,2413.9891294639965,balance_delta
3FManbWWgBgUoE9YF4pSWHrEUctiCBimx8SCxDcNw4BxHxpToAKYPUPJazA3rRExU9jDrKLsDRT2omWWHj2pc1C2,1787076019,93u5BsWsPxuLRzcDqwecZV9TiXEV7qNavef6fscPnSb5,buy,0.031140291,2359.439715986002,2359.439715986002,balance_delta
3bQi5DLax3z9CWuiEtQGnFALMKRLSxepwE3JErtxCNBZ1JcSbUgcPoLNgvf2CjEcwCsq4EN4F5LuN33tHb4utAvk,1787076019,GEPiePuVYQcbShk7ACa2YASeLuRHqvcSZpS89keWZecG,buy,0.035621409,2729.083355982002,2729.083355982002,balance_delta
5xfvbZkx2ghUwdTiRtZKLYVTSvHqDmhADDjSY37uqWhH2guQMAwxTSg7SSMFBaqvwecpjFBi9XjMf1Cx9JXhU4bn,1787076019,GEPiePuVYQcbShk7ACa2YASeLuRHqvcSZpS89keWZecG,buy,0.034596472999999996,2622.057530416998,2622.057530416998,balance_delta
5goWbrVVEHEn6wpcbz3mCc4HQqj4pnswKeE3JkDWg2otkuHctLTqpy2iugXkFbzjavevgcoWa7wWNThCajB1Wnf,1787076021,rAHF9X8b6JfP5DvM3b1RhuJVco1NZ9RHsxJvdSVWixf,sell,6.165087471,500000.0,500000.0,balance_delta
4JNLEDRGZCkvURf9FCjLSR5jJxkFyvjTBvaj9EhF7Fs2CYNqDropCWKGDPLcmY7kaibM2FQPpWHVuiMgX4Tb39Ve,1787076025,3KEdzpSYJ7sXfHKpVhSF2Qj6ZAjd3Q3dugFCZ4umWvkR,sell,0.061833555,5220.405999896,5220.405999896,balance_delta
5rNe6kud1EHveecnbC7rKsFpVKpZwxthoj6QGHakf6rJ7CH6xSJeMDiY5f18fWhc2g5dgwd7kRJzyzi8eYuZXenv,1787076029,3KEdzpSYJ7sXfHKpVhSF2Qj6ZAjd3Q3dugFCZ4umWvkR,sell,0.06374511699999999,4837.750240103,4837.750240103,balance_delta
5JbAET7joraWNds16rmj9kYFH2AhqkwarTcMAy6t3MXowQE5giZPrznhALbW4vRkrKdZ21W8mNZP9vhJXVGGV2F1,1787076029,5GjQkGJF1NtAsTt9P8Q3Ni6SD2QsSZ1sSnsi8GBqDnt5,sell,0.0010323410000000477,77.709527215,77.709527215,balance_delta
4DAvv1kgeZWVMpJxxEbQ2rgQAMRPCAFgQVHqJNjVn6SMzKDz5P4eTCaYuhBajCYTzczjmpYtCWbPmbb6L4pJFb73,1787076029,5GjQkGJF1NtAsTt9P8Q3Ni6SD2QsSZ1sSnsi8GBqDnt5,buy,0.0001000000000000445,7.559231498,7.559231498,balance_delta
4jmTnxRwhYNjyoCFBeD4YWxLSU4UN4SC978hsXafa5G5pEEhXJ4N6Hij9uEGBDaJdZtvvfEuCCTY7xRmxfbSLKju,1787076030,3KEdzpSYJ7sXfHKpVhSF2Qj6ZAjd3Q3dugFCZ4umWvkR,sell,0.056645897,4483.143147504001,4483.143147504001,balance_delta
5Pmmi9w29e9bsBQuyJmTWHfNddG4yrVMYS9GHSqEX5Cg21D9UCjAPstycHLxSuJDcmX3ZuRBinfU1RX3fiiFws94,1787076031,3KEdzpSYJ7sXfHKpVhSF2Qj6ZAjd3Q3dugFCZ4umWvkR,sell,0.05334332,4154.528754792002,4154.528754792002,balance_delta
dLqunvrVpEMNMcuqcyWFHyrbUfwU44nLXCqcAtnb6JGHhQL5XuNTXkVdbuuHyv3QYvjQarFrie8WVH63cJZgXZK,1787076032,3KEdzpSYJ7sXfHKpVhSF2Qj6ZAjd3Q3dugFCZ4umWvkR,sell,0.04979759,3850.0017970650006,3850.0017970650006,balance_delta
21oiYqYdmQgNnzMRdQp9aaFDE1ZB1S36L47g8b53qp7kQiaxKbmYwPK7snHYgquuKXasxZo7sEZYeyG4YouJuGvz,1787076033,3KEdzpSYJ7sXfHKpVhSF2Qj6ZAjd3Q3dugFCZ4umWvkR,sell,0.046067744,3567.79666534,3567.79666534,balance_delta
5PeWXSPvhe1wz23BKNwZ3qmruT2MhJx4Zy79YTjAuLirDFAaf6L4dHdntBJCZZKcn5Bd8AREibNeXUWrEvDUbrJ8,1787076034,3KEdzpSYJ7sXfHKpVhSF2Qj6ZAjd3Q3dugFCZ4umWvkR,sell,0.041921952,3306.2771697709977,3306.2771697709977,balance_delta
4M4tvxyyk2xRekBLe6gcJEsiK5nZuYVGPKDX6nRoSvFQNTno4zh9oBEDMoe1Xd5ohYRX3nxXzxveKv33ajWeq8r7,1787076035,3KEdzpSYJ7sXfHKpVhSF2Qj6ZAjd3Q3dugFCZ4umWvkR,sell,0.041957314,3306.2771697709977,3306.2771697709977,balance_delta
JFeHVg8TecmVynVs2vgpfgUBZvj2DHr23KeXHd6FxRsBLxYDsRicZ5aqVSAYmxmZzxai1LKZBC4ZQEXNFVQbWpH,1787076035,3KEdzpSYJ7sXfHKpVhSF2Qj6ZAjd3Q3dugFCZ4umWvkR,sell,0.034949226,2821.5769366830064,2821.5769366830064,balance_delta
58zD1qMhgPah3dtofkhk8tRjmYQ8ANzmTepXF288MnzEF63yatNUud33Jaoo6mJT4HNKk6QA6An8bW2hjVHPQyhX,1787076036,3KEdzpSYJ7sXfHKpVhSF2Qj6ZAjd3Q3dugFCZ4umWvkR,sell,0.034972363,2821.576936682999,2821.576936682999,balance_delta
5JXHAswU6DE462vrGQgVG1U5XdaKS7dHrkuE9BL2cqUFANDH8663CPoXVBmMKM6jGx9ii7k2wwbiKZvtLKeNndVp,1787076036,3KEdzpSYJ7sXfHKpVhSF2Qj6ZAjd3Q3dugFCZ4umWvkR,sell,0.035064905,2821.576936682999,2821.576936682999,balance_delta
4ruw4nUBJXh9zENc4fev9ic3xqhbvWJk79NNb5GwDT9fhyyNKyp37FkdJJTBW7wynyRogj8GfE1z3wa3tQjKviwS,1787076037,3KEdzpSYJ7sXfHKpVhSF2Qj6ZAjd3Q3dugFCZ4umWvkR,sell,0.026896162,2201.1121683059973,2201.1121683059973,balance_delta
4CiwWsk76wjiKpUYxJ6wfF8nM7oqMUTPrTafSUmZsALvQKa7yBjSnk2Wh2nUVg7MDQ7bzf6suNuiMuaf2sGLxdNK,1787076037,3KEdzpSYJ7sXfHKpVhSF2Qj6ZAjd3Q3dugFCZ4umWvkR,sell,0.026719622000000002,2201.112168306001,2201.112168306001,balance_delta
2wcoy4qw79fJJJw5cNW3hEhSp852X6mf4aXGRko7HU3r1VfDHmeBbLiQAsBdNF1PcqvbFqpNyGNNXgYojQUQuRx5,1787076038,3KEdzpSYJ7sXfHKpVhSF2Qj6ZAjd3Q3dugFCZ4umWvkR,sell,0.022729952,1878.4291244320011,1878.4291244320011,balance_delta
2Z8rZ3mN1Ptegiyhz4hpgBpvKTPoUFLHeZQnHYicmGR1J98d3yaYRjtrLfw8Din9erF55zLvX6Etrm4EM3MHWs7b,1787076038,3KEdzpSYJ7sXfHKpVhSF2Qj6ZAjd3Q3dugFCZ4umWvkR,sell,0.022826943000000002,1878.4291244319975,1878.4291244319975,balance_delta
2vxHxKce9nLHEaFybAiLJF27U5QcKr8p2wLNP4bmnpaWGyDVkzRCgqWxeLV4kY2GqMvibRWypfxt87uVateGpMjF,1787076039,2z2q5gk8TDgqCidzkXkyevXH1aDaVjWL8cQwoRbMF1Jq,buy,0.006,484.475975198,484.475975198,balance_delta
3nDLDAiKu9yzvwqkuoWFx29pkvH2BKsgu1YVruynrnrAbXMpyc5bJbt7ov718E1JV9LKmWfeAt1RdCgv4tybTqg3,1787076040,93u5BsWsPxuLRzcDqwecZV9TiXEV7qNavef6fscPnSb5,buy,0.003584451,280.62283932800347,280.62283932800347,balance_delta
5zm91uZ4WCZxZEbMjod3xjSrKEimDt6hzjZbbbL5Lzypk6K3WVitfbQnywd9tjQ9zvG2HedELDZuwZUut6y3bJa2,1787076040,93u5BsWsPxuLRzcDqwecZV9TiXEV7qNavef6fscPnSb5,buy,0.0031554639999999998,246.09863097900234,246.09863097900234,balance_delta
5z1AvUUaekkib29ipGVdViDivqvsCMMTroksP3R6X5cYQf1u6LzRjG6msC6qmE5iLkgD62mz5LLkaeEJ5L6nhsqj,1787076040,93u5BsWsPxuLRzcDqwecZV9TiXEV7qNavef6fscPnSb5,buy,0.003259291,256.21220966699184,256.21220966699184,balance_delta
2NTeXtd2L5xxikvVjG2nyRSk5ZdN7ScFb8SHhGKdKeSadMpoPhBg2oUrCDRssRrNQNS9L2SjKtsTUHfoYTL6yrvx,1787076040,GEPiePuVYQcbShk7ACa2YASeLuRHqvcSZpS89keWZecG,buy,0.003341125,261.0283895399989,261.0283895399989,balance_delta
4DMJTWAXeRvSXvodq5jBT2QXqwQ3EUxwg18SjcMAmoSptjVpZy3VcpZLm944sZ4ND1o8zU4TRRVWoFWcswZ7JRvU,1787076040,GEPiePuVYQcbShk7ACa2YASeLuRHqvcSZpS89keWZecG,buy,0.00344785,269.6464840280023,269.6464840280023,balance_delta
2bqMG6dDqeYAcimRb9U5DHcyLStqZRkpRSd31zyUmqRJJnT9QDqJ9JNNFTzSsgPkLd9k6qgUbF7zmjF46qC9aU1v,1787076040,GEPiePuVYQcbShk7ACa2YASeLuRHqvcSZpS89keWZecG,buy,0.003562487,280.79870830499567,280.79870830499567,balance_delta
48DEnisFBgxa7QqmFTPbhtdwpPVBbWoovXPRUHwwmDBiD9iq5U8fcppQyLAMFxWmj1Zcp4bsLLpEqbUexYSnpgRT,1787076048,2z2q5gk8TDgqCidzkXkyevXH1aDaVjWL8cQwoRbMF1Jq,sell,0.009874474999999999,833.910941914,833.910941914,balance_delta
4gXDXQGQ2UxmndN7bdH7uszBm7g4FTWRsQ9n7NjYH1RqjdVCuDAPwEHVZLe5wDXedKhT3pprciHXnj9SRhFwPFa9,1787076050,rAHF9X8b6JfP5DvM3b1RhuJVco1NZ9RHsxJvdSVWixf,sell,5.929492346,500000.0000000001,500000.0000000001,balance_delta
236UVC2Xonand2bq5PttNY8qGn56ndAmQFVgnjZALB6T9JkfRCiGo4peV7Wm9SvuqWrVD6uxaSWJYZ6K8VLtoysD,1787076052,4iDyxGxPRC66QBNwYqMn74VtVm5Moy1ns4w3bAqYGvRG,sell,0.043384439000000004,3721.5084686399996,3721.5084686399996,balance_delta
22N3tkgKZeYsUGX3pJfmabSxwMmCXxCcp3gE9E1Xknf7WheHFdzJwz4fcGgCxV5gFYNAw5r8ofEdMrDHwrJAqQuQ,1787076056,3KEdzpSYJ7sXfHKpVhSF2Qj6ZAjd3Q3dugFCZ4umWvkR,sell,0.018865254,1603.0514147909998,1603.0514147909998,balance_delta
ZeMugkdTveZGANkqLxrg6xEhJmXmdSAFFDN7tnb9aSJatVbwy8qRWnUTCdA8KF739HZddt7ffie8sVkZrUKv8oV,1787076060,2z2q5gk8TDgqCidzkXkyevXH1aDaVjWL8cQwoRbMF1Jq,buy,0.006,483.22507309499997,483.22507309499997,balance_delta
3EaYTE15c2svhmwsTJzZfdZe9QTGzMnk7s8qLdzckXyoMW8CdwpkKBhzazzU1ukDbxcShkCQFeonaPvyZaCMqGPK,1787076074,2z2q5gk8TDgqCidzkXkyevXH1aDaVjWL8cQwoRbMF1Jq,buy,0.006,470.25612988600005,470.25612988600005,balance_delta
63inBnjQ33B7nFYSYGq3pdba7Tj7nxqtLNUdKJfZ73oRb9FEMmLJ5y4bvahwHYeJQosnig9kxV7wY8Gn99hHwnwE,1787076077,3KEdzpSYJ7sXfHKpVhSF2Qj6ZAjd3Q3dugFCZ4umWvkR,sell,0.019158862000000002,1485.547746086002,1485.547746086002,balance_delta
2LqVZjvRvHMzExhLQrATPFyTU3T1LsG4DLW8RdrXgsUZqHWoUo3goSvewCvtsPqTvbB8mViFg2v9c2sThqQxMdv5,1787076077,3KEdzpSYJ7sXfHKpVhSF2Qj6ZAjd3Q3dugFCZ4umWvkR,sell,0.019154304,1485.5477460859984,1485.5477460859984,balance_delta
4QavNXwyjYvVxvDwjr1qQ5fMM7HNeVjW9GSJVMV9bPdfKNtDgu8jLmJzZxD3bbKyetqG49xrbkC9Bu51PoDzGnya,1787076077,3KEdzpSYJ7sXfHKpVhSF2Qj6ZAjd3Q3dugFCZ4umWvkR,sell,0.017561879000000002,1376.6570962980022,1376.6570962980022,balance_delta
gRJ4KENSDi5fhZkaVvcNLBxv1RhnDcHhaa2WUCsHEtb1cPf4pQHKvtd7tU6oGL3d4e4Fvmu9DgGxVDMksLBVa3D,1787076077,3KEdzpSYJ7sXfHKpVhSF2Qj6ZAjd3Q3dugFCZ4umWvkR,sell,0.017561532,1376.6570962979986,1376.6570962979986,balance_delta
4RAswyVodXczDuGox3TLFjkkq7cjqE3bpibWJQvxiKZmZPFMmGj3dm5kW2Zj6cXsbxthAmT7U7gjLeTnGqAbuWex,1787076077,3KEdzpSYJ7sXfHKpVhSF2Qj6ZAjd3Q3dugFCZ4umWvkR,sell,0.017561187000000002,1376.6570962980004,1376.6570962980004,balance_delta
37zrpoRBAheFir5TAjBzsBKkzjkgQXjpnk1LXhQqmfcsq4mGRK4qoR1TCBNMDwwqJHqgfQWvJwKtRjbAj9k9G6ok,1787076078,3KEdzpSYJ7sXfHKpVhSF2Qj6ZAjd3Q3dugFCZ4umWvkR,sell,0.016198714,1267.7664465100006,1267.7664465100006,balance_delta
QbK5nqY3BV9pzbwn6pm7tno6W7evaAN7pSARBjXQtfgdRhporVgrxRQG21pL5mwRsnmpYFUs91mZ7papWZ52nVo,1787076078,3KEdzpSYJ7sXfHKpVhSF2Qj6ZAjd3Q3dugFCZ4umWvkR,sell,0.01221333,965.0395510340004,965.0395510340004,balance_delta
fEoWCTZzbh4usZXLvVBgsUHca8oAvrKZTfR8w2JgTZjGRncJTofi17vxSCaFADLdrVkSszv7j2ueHRnBPMLy6LR,1787076078,3KEdzpSYJ7sXfHKpVhSF2Qj6ZAjd3Q3dugFCZ4umWvkR,sell,0.012213162,965.0395510339986,965.0395510339986,balance_delta
23XQMbddZa7BSdZTKAqyscevp8D5ZJn9kAZio6xf4yEXpZ2GMurBE7J4WuLq9tJ4uteR7ikKHBYJL7iUvxGesk6Z,1787076079,3KEdzpSYJ7sXfHKpVhSF2Qj6ZAjd3Q3dugFCZ4umWvkR,sell,0.010019401999999998,801.3748714140002,801.3748714140002,balance_delta
yfYNM5F1qN9dVZ6GPhwHCbpo3jDURuUzbrecws6th6Cc45dXg3EZHVFLLif7yQ4JuFD1YFok6mFsE8fBqRTZip1,1787076079,3KEdzpSYJ7sXfHKpVhSF2Qj6ZAjd3Q3dugFCZ4umWvkR,sell,0.010019289999999998,801.3748714140002,801.3748714140002,balance_delta
5u1PAVjdzzTd6XCrXMX4N6J8ejJqgR7kNH9JxTaeC5cy4qzMNuY8yTCZi1j3pT57tHnaZ38gp8eokZhRyLaPV6UU,1787076079,3KEdzpSYJ7sXfHKpVhSF2Qj6ZAjd3Q3dugFCZ4umWvkR,sell,0.00913378,730.6374723240006,730.6374723240006,balance_delta
hhfYknpULLe1dJeHKtmU2hSVLTQjQgWwmPsmfF6SBJmWNA4gWZxyG1Mv2NX1aiKjA7iANcanh7GMnfEEyjuPjHA,1787076079,3KEdzpSYJ7sXfHKpVhSF2Qj6ZAjd3Q3dugFCZ4umWvkR,sell,0.009052524,730.6374723239996,730.6374723239996,balance_delta
vtptZFGPQj1NW44UBw38pfT8V7o9FsX3JRuPdav6YqFTAeCx1q9N2qE5NMBJ8JtDgmQi8aqnL5gywHprLbMqwKZ,1787076079,3KEdzpSYJ7sXfHKpVhSF2Qj6ZAjd3Q3dugFCZ4umWvkR,sell,0.0076306740000000005,613.1559161740006,613.1559161740006,balance_delta
2Rpcw2dxiioG56jFMcMpzxCajb1iRZWzd62VvFi7JCrLtVrMf2155aJbYpciPKDcLR6Teeos9NBx8AyxMMrDizYw,1787076082,3KEdzpSYJ7sXfHKpVhSF2Qj6ZAjd3Q3dugFCZ4umWvkR,sell,0.024771623,2096.653133528999,2096.653133528999,balance_delta
3VAzDaFc5mrSMHFG9YKAdsUaziSdA4UJjK2R2ezb9s3cXRmTC5VrL64BZjK6J3rUtVCtCtMhaXg1frZscGxdF3js,1787076082,CASStbiKKzQrFvs835DagrLid7saGriDUHv39Mr8SRUG,buy,10.003540267,828868.815430773,828868.815430773,balance_delta
38VpZoLM4v6GShH2odp9v1yGaEVsx5FtLS4BjtRrP9kKLoY5fErkVpp7vNsPeqd6357824Fpi34T3eLj6oTGWuqW,1787076083,3KEdzpSYJ7sXfHKpVhSF2Qj6ZAjd3Q3dugFCZ4umWvkR,sell,0.049267546,4193.935325905,4193.935325905,balance_delta
QR5UMVpgtesVytPX3dkgDWHxY6u5r1yUwcKMgLNGuwoWCfibxYoR5N1ofTgXECYaC7zohfTncMWYAKuBse47U38,1787076083,Ahekwy9V7q2tmqJdTX92TAtEHM4pafQbsfc5oLakbZs1,sell,0.480799053,41134.16028419699,41134.16028419699,balance_delta
vH3cDZuGwtZihRDiGfBgBmZD3ae7Vt7W7pzMtzBNmjwCKy7j3seerDQ4z54otTckbX3h8DTDK23RaW9CWBcWNwR,1787076083,C7PNbARVAHeskaefdcu7fy21dCN3qNANKuT6Cka2av4L,sell,0.383760155,32883.2092556,32883.2092556,balance_delta
44w1uamijWUyDR3b6XweuutqT2UmvVuaGGvdFeGDge27hwKCkaqrgfs91aNhQp24HZ6dAbDbyPmeWr4UPZByLz6g,1787076083,JAGPLMkgPWRxFJekMU8DRHRurw968GGYHRMEKUWheYcD,sell,0.471562528,40324.66283965099,40324.66283965099,balance_delta
2W1xAN3Jt7aGgmjWJqaTJZT8WPqioVDXpQPD3BeR3ir78fkcasNPTKJFxcXcxYk66NhUTUm7hquB1BvdKmVFMTbo,1787076085,2z2q5gk8TDgqCidzkXkyevXH1aDaVjWL8cQwoRbMF1Jq,buy,0.005999999999999999,494.359943142,494.359943142,balance_delta
5X9pYxN9fCSLptRiE9pc2Vczmyvy2LVVagNQKKW8UP3iVPN2V4YeVPwUrxj2RW3PhNWMZowky96KFTJfog4sUNPc,1787076085,93u5BsWsPxuLRzcDqwecZV9TiXEV7qNavef6fscPnSb5,buy,0.031286418999999996,2580.5791087670077,2580.5791087670077,balance_delta
4XAAx7ymWuiP43AxnmHD1du9yvSukve75rYHBP2Vn387AAfaBKcvURrjpywk8d3AR12VM9azhKYiX57aV7VnVHaP,1787076085,GEPiePuVYQcbShk7ACa2YASeLuRHqvcSZpS89keWZecG,buy,0.035878428999999996,2960.440598165005,2960.440598165005,balance_delta
7HGWiv5wkf8MQY56wnwDxRmSrirnnH18JdgHBPYLZ5Lp42GsUzxXxJ3jYCHnBp8NKpJpfYcgmodPVjuf61bwfbk,1787076086,93u5BsWsPxuLRzcDqwecZV9TiXEV7qNavef6fscPnSb5,buy,0.036724131,3023.8458760059875,3023.8458760059875,balance_delta
4N2tdTQJEqNjskKpN6zg7xBZHULmPopLwqNjZWAwxpaeeguhSbGs8u851TFw9cz59XvkcqXY43oHPRcXtSnJWqNM,1787076086,Ahekwy9V7q2tmqJdTX92TAtEHM4pafQbsfc5oLakbZs1,sell,0.187473041,16042.32251083701,16042.32251083701,balance_delta
5aef6B4Hr9UYzLLofWnZzu8f1X74EgjSRWxH8RNhh945sDRAJkd5URkx4CDxPnno9Ev3yAwp3ywyZiz4HHzFtiNB,1787076086,C7PNbARVAHeskaefdcu7fy21dCN3qNANKuT6Cka2av4L,sell,0.149437237,12824.451609683994,12824.451609683994,balance_delta
xiZ9CpJpux58zryWczRpjqRzsvDKrEo6JrAHZoouUmkzPfReUp3EiZj6233RXYkF94dTkbTYLS3JSZruJRBURoh,1787076086,GEPiePuVYQcbShk7ACa2YASeLuRHqvcSZpS89keWZecG,buy,0.030602001,2518.2800968869997,2518.2800968869997,balance_delta
24KPp18PNKx8DQ5ak28whgCmFufrV3NfJTZpG3gx1AiGA1y47TwScjsb36NNaCyix2VmfKRp5cVz4UXeekkfdS73,1787076086,JAGPLMkgPWRxFJekMU8DRHRurw968GGYHRMEKUWheYcD,sell,0.18367092200000001,15726.618507464009,15726.618507464009,balance_delta
5qiVCUKWSdFP9G6cYSooyWbcpybQbnKBrd4Q8JVfcey7KdSKLefSrCXG8Rw6J8qExLba3Swi4Q3LaWfT6vCryvr4,1787076088,93u5BsWsPxuLRzcDqwecZV9TiXEV7qNavef6fscPnSb5,buy,0.035862533,2713.208879392012,2713.208879392012,balance_delta
4fHpQgjqtoKKc2ZpUK5zofr4DgBeVzRs4bQDNuw5jrKS6PCrkrVkrX2edmYAqQrapk3rUTiQ9zmuk5Bv6jbVtMUZ,1787076088,93u5BsWsPxuLRzcDqwecZV9TiXEV7qNavef6fscPnSb5,buy,0.036494901999999996,2643.3486748949945,2643.3486748949945,balance_delta
2qL4VbvxMkuwkrRboJTPbjS7H5sk1JjnvVhY1sLp5nYbHHDLkRykNjMyNb2gCtPtZzE8eUoUsfvTGAo72ehzFKqZ,1787076088,GEPiePuVYQcbShk7ACa2YASeLuRHqvcSZpS89keWZecG,buy,0.033849620999999996,2560.312079851996,2560.312079851996,balance_delta
65qEU8aRFeuGjzyHxgTeXR24Ug5UMDBXXG5GN1ZyPM9c5Se9bcNZGE2dbNAqkx2s2AzLuEqLgsrgBz5zvvadSrew,1787076088,GEPiePuVYQcbShk7ACa2YASeLuRHqvcSZpS89keWZecG,buy,0.032927256,2384.3200595929957,2384.3200595929957,balance_delta
5RHbwfPzdBh5YHWWYD4ag9TkDdMS1ukygWgAR5tJN4DRn5o6dXisHbcNJefYZCGsHifTVBoTjr1N9Ek5Yyg3Wbjv,1787076091,4iDyxGxPRC66QBNwYqMn74VtVm5Moy1ns4w3bAqYGvRG,buy,0.0501,3498.4274704399995,3498.4274704399995,balance_delta
4BKuH8Px2FUt6Hgi7ZTHqt5XTfYFABEMqeab66UYUV1iBEKqRWztY2WA64N2vbnSZPApWK6nrMkSUB1qVrT17nrk,1787076091,4iDyxGxPRC66QBNwYqMn74VtVm5Moy1ns4w3bAqYGvRG,buy,0.0501,3283.89783189,3283.89783189,balance_delta
4xptCWJgBhEsRA6DVfU2XhnmyCMPmNe58BSUQ4EUjE79jjQoANptX689RJSZXeVHfjLx4AVrcQ1rdXGHchRgopnP,1787076102,3883isRkbz3Brq8DcJNrbnq1QZqwmzTxAC3qAzs99Zvz,sell,12.18941025,796134.1734302472,796134.1734302472,balance_delta
2pnrr3F4DzLrzpMs3tKr7ZMGta8dpRktCkVzLFKtzjo4QW8crewsXsWVZnHJthNMC3NFG3xemNM7poPDrDrSg4DN,1787076103,3883isRkbz3Brq8DcJNrbnq1QZqwmzTxAC3qAzs99Zvz,sell,10.134581577,676714.04741571,676714.04741571,balance_delta
3osQK6A49F4C6uQDUVSnDDzYmLmWnJownyhBoLjaJaUYzXLeKBrsUT7skfjTGzgwGZqDHwrns9wRQWebdVzWhRXf,1787076103,3883isRkbz3Brq8DcJNrbnq1QZqwmzTxAC3qAzs99Zvz,sell,10.052695547,676714.04741571,676714.04741571,balance_delta
5Z31dRTGLyyQSHeten2KgWukhTsVrX4dxg6UVKnVSHDEALvVGpKUUHKqbRtYijxcvYyWv1Ui1iEi6raTCmB6DF1S,1787076103,4iDyxGxPRC66QBNwYqMn74VtVm5Moy1ns4w3bAqYGvRG,buy,0.0501,3207.291819717,3207.291819717,balance_delta
v62SJAC6cKwxRoeWjrwrDeykMkLvCcJVz1BJMyZHdUpwpi4WVXu44tfget8y3W2zWJ76Nz5UbVMAiiD17kLL45d,1787076103,4iDyxGxPRC66QBNwYqMn74VtVm5Moy1ns4w3bAqYGvRG,buy,0.0501,3238.430672409002,3238.430672409002,balance_delta
3tUehwcx41QoY4CnopacxYdUnB3zsJnwuBf28hspAWXupykks2fA7PQobvC2dbRof4eXMCtkkNodGNhmi4ACWKLW,1787076104,3883isRkbz3Brq8DcJNrbnq1QZqwmzTxAC3qAzs99Zvz,sell,7.027732934,473699.83319099713,473699.83319099713,balance_delta
2S6UvzYQGi1YRPNuKSSqCdEnJZxMqLWZvaHE5qAHSb6Qwdp5NYPghatQjoxzeSJMjabUouH1RUBMyGff8XExCP3u,1787076104,3883isRkbz3Brq8DcJNrbnq1QZqwmzTxAC3qAzs99Zvz,sell,6.210958963,402644.85821234714,402644.85821234714,balance_delta
3rNAakC4H69RcWxVVvayNsuaQczeRERMUmoR1AHjPdTdKsGooa9ysRcv5XkFgbU7WqaXYLvJhnhb9kyqDMzcMXg5,1787076105,3883isRkbz3Brq8DcJNrbnq1QZqwmzTxAC3qAzs99Zvz,sell,6.159754793,402644.8582123467,402644.8582123467,balance_delta
4rXD8z3NuMKfqdCvaPohXp7WrfQMfbAQCrVeF4d3kW9FnvTYKuezdcEuXToWctey7BooX3L2nbdTmEbHYcdZWzpF,1787076105,3883isRkbz3Brq8DcJNrbnq1QZqwmzTxAC3qAzs99Zvz,sell,6.100863963,402644.85821234714,402644.85821234714,balance_delta
3MHuUzXEws5hrciz9NFWJFmvn36kAuSGeCvA3ZbLtF9xUWuNFfGn3n2PZeypm85VLA3kd1s6xYGc31mcwUuecjh3,1787076105,3883isRkbz3Brq8DcJNrbnq1QZqwmzTxAC3qAzs99Zvz,sell,5.130267881,342248.1294804949,342248.1294804949,balance_delta
5Ey7WjiDHxQRNtxc8QhdckTBWVe2dZEcbzKCGRwXtdUAy7Kg6tMoRa6jrSSzDf4CGnRAHk8wLaCggpbkPfAdQFKC,1787076105,CqyTUueWZJkdcJRJ6ZaZxAXvDQFGoFnL5hkEC9nxQz5o,buy,3.0010000000000003,191993.908609058,191993.908609058,balance_delta
5JquVNXPwWJgxEAS1W7iGGzrn1Z5kMkXZqeDwCL7ymM321pApJYSG9WFMhUty3frqvVDMxbFXBwJpLLaremcWp7N,1787076106,3883isRkbz3Brq8DcJNrbnq1QZqwmzTxAC3qAzs99Zvz,sell,4.229022123,281851.4007486431,281851.4007486431,balance_delta
4n5ggwZaJ5Wx6SLbaZ5CLiML2vHt2VGAETRcFmKqEdQvvT1X1mY6xP6c548xuNXY2axWRD38rsRkmAWG6nxnm48q,1787076106,3883isRkbz3Brq8DcJNrbnq1QZqwmzTxAC3qAzs99Zvz,sell,2.543819001,170117.45259471703,170117.45259471703,balance_delta
3kN3dpGo172rBDtKVCLDjQPygKF3CHpxojqGwqXpCEksK5howGWzx4sv4DPsmNNaNRn4FSjy6doLg7NpmN4SJjkF,1787076106,3883isRkbz3Brq8DcJNrbnq1QZqwmzTxAC3qAzs99Zvz,sell,1.5303820410000002,102322.12459321297,102322.12459321297,balance_delta
2WHtxiNZaqcqkUVipUJeamEHmXdbmFKmexB8t1F7r9XkvHpzj6P4fiva1FBxMitzmHwAE5TZbFZny83Lyq74nxFa,1787076107,3883isRkbz3Brq8DcJNrbnq1QZqwmzTxAC3qAzs99Zvz,sell,8.537457865999999,579825.372694877,579825.372694877,balance_delta
oDBcVzxPXSNSL6KhUEehkekQVKWqRsUAX5ubUuxaaPp1nwoPruTvZmAARStU7tKbgLWka6Vbrwg5CCqBrwKVhNg,1787076111,Act5xzJ7DhXrdNKbRw1yTzQUmT4hYtAPgFKTP5WzPBva,sell,0.6267350740000001,40370.66082854796,40370.66082854796,balance_delta
5cXmMKw3q6CB8SZKnPn5qjm6Uv8VDHGYdtWzxL7XHq3SEWgnG7bHLq3HsbJiyWA6oRyFupyZnNJnYSVrxseQX5FK,1787076112,rAHF9X8b6JfP5DvM3b1RhuJVco1NZ9RHsxJvdSVWixf,sell,1.6891888130000001,100000.0,100000.0,balance_delta
26snXWM9reNXWxjgP83WsyMok7vhQjyxcmL59F2RegV5664TwAhfWPsvASu58mV67v1PnMERuSW4pa6z1TsRQ76t,1787076113,2z2q5gk8TDgqCidzkXkyevXH1aDaVjWL8cQwoRbMF1Jq,buy,0.006,354.6915444509998,354.6915444509998,balance_delta
2y8tt8R8zMaWzhaLAM8cBEWfqLyexDmq4ef2654gdWabdg18A331mwWgukVnF33Gs1HPui1M42AGXt3Pgx8oHtNY,1787076113,Act5xzJ7DhXrdNKbRw1yTzQUmT4hYtAPgFKTP5WzPBva,sell,0.28289147800000003,16995.943564540998,16995.943564540998,balance_delta
5Wyq1LckpCP8VGbPdvxfo7GTjQ8FHRLokRSU42nnRC5iN2KwW7scSehnu3A8VBbV9MwUpN4otWBwcVWM67Yda1QJ,1787076114,Act5xzJ7DhXrdNKbRw1yTzQUmT4hYtAPgFKTP5WzPBva,sell,0.273448801,16429.978643840994,16429.978643840994,balance_delta
fnGbs7aKT5KdZTMpB7GovpTLjdcZRpvFXEmvL93KYdfiJGzcRf57h26tRCj9d3DUXUTvkQrfH9tvy1vEoA1qYoU,1787076116,Act5xzJ7DhXrdNKbRw1yTzQUmT4hYtAPgFKTP5WzPBva,sell,0.26929890900000003,15882.860355001001,15882.860355001001,balance_delta
4azJGCVrE5C9mYPPqVuktfyynhuY99CpyBhLcdsTwLWZcWJSZUHcepNt6ptut7V1CvoHXJiq5x4YFvsT6jM5VUmd,1787076118,93u5BsWsPxuLRzcDqwecZV9TiXEV7qNavef6fscPnSb5,sell,0.26432311000000003,15426.223552484,15426.223552484,balance_delta
5ZpSqfwicEHX8zD1YAZb7JDdPHN2Ls1wPjza3r1pFfNfUgPozszBqh7kGJwfX75JgxZCKaiRJjyuBzWTNoCFEMQv,1787076118,Act5xzJ7DhXrdNKbRw1yTzQUmT4hYtAPgFKTP5WzPBva,sell,0.259252686,15353.961105180031,15353.961105180031,balance_delta
59Yi1EZTfMrSq9Fq3xB3DfU4NC1DZnmBSG1AYvLhJoYYpn8cczWM1zauw9GPb9McqpCLKfbbPxmNSLayytHiYXMY,1787076118,GEPiePuVYQcbShk7ACa2YASeLuRHqvcSZpS89keWZecG,sell,0.245015969,14296.339572833996,14296.339572833996,balance_delta
65hisrvW396HRdLNTtgtfBVHAA4xtGyr884co2efrgbhTiy2NNtE1EKggEWMkFDLTeXCp7bzQ1nbgWMYPafCvKj6,1787076119,93u5BsWsPxuLRzcDqwecZV9TiXEV7qNavef6fscPnSb5,sell,0.10391993,6170.489420992999,6170.489420992999,balance_delta
3FyETw4qPChfnCYLzev99KgbqoCkriMsTrTeEyhWAUZ3WwikbSXQiqBX38yorQxgJZkupoK86EAhqFRgXoJx2Hzh,1787076119,GEPiePuVYQcbShk7ACa2YASeLuRHqvcSZpS89keWZecG,sell,0.09628279299999999,5718.535829132998,5718.535829132998,balance_delta
5dXg98Xpp7kzvU55iJksVdTLCmqVoemipo8rr7yzXBge3qhdRbusbTgktDvzAvmhqtipyKQAzcmgcrPC7Z98kh23,1787076120,93u5BsWsPxuLRzcDqwecZV9TiXEV7qNavef6fscPnSb5,sell,0.10286767299999999,6170.489420992999,6170.489420992999,balance_delta
3tmFxXkZJA2dHKm2gMw3kEzD4WmCSsJ4Bxn61EKkap4CvkFZ2KXwKkUxuQcZ84zMjTUsJCafzeBrjekWHGerDaon,1787076120,93u5BsWsPxuLRzcDqwecZV9TiXEV7qNavef6fscPnSb5,sell,0.092010731,5553.440478894001,5553.440478894001,balance_delta
3sibP8VnnFkzMyJGzz1FxsYL4EcusYkshTFFd5MZ98RcJGMrRqHAS42sWw7M2MwvWUqqfRTapeZCAcAAY63Vi3CN,1787076120,GEPiePuVYQcbShk7ACa2YASeLuRHqvcSZpS89keWZecG,sell,0.095335147,5718.535829132998,5718.535829132998,balance_delta
33oMz8jSUEbddkuK7dGyN1Ej6oH7TMkftRqXZD1PNnDLbGESe5zgTeaW3tT6kRvaDKQCw46yoopWK8h3hPwuAYbP,1787076120,GEPiePuVYQcbShk7ACa2YASeLuRHqvcSZpS89keWZecG,sell,0.085256694,5146.68224622,5146.68224622,balance_delta
5ENJyz5fL2ZMBSJ6X986Q3FJK5bzn4rJAXcdajGBGngaK4tXAQyiL3eNgudj8dUMAsFAuqHwaSr3fXHiY1NLxoEy,1787076121,93u5BsWsPxuLRzcDqwecZV9TiXEV7qNavef6fscPnSb5,sell,0.071002108,4381.047488905002,4381.047488905002,balance_delta
4Qe4eT8vF4PF64HE98orvJrQLmhm7YQTdovVgY7zWkAEk9uL9tFTXAx6XgZQZnfJidQ1RbeW2FQfAKy97hWCoZxL,1787076121,Act5xzJ7DhXrdNKbRw1yTzQUmT4hYtAPgFKTP5WzPBva,sell,0.241282372,14842.674200376961,14842.674200376961,balance_delta
2Sxqz9fYWJgYmE7S8bMj3gAyQUSww7kTK9DCyYPNBieLZ2NbYbpBitV3XrRweM2p4coPzAYhFyvt5ZeXoTKrcTzu,1787076121,GEPiePuVYQcbShk7ACa2YASeLuRHqvcSZpS89keWZecG,sell,0.065802978,4060.1604386850013,4060.1604386850013,balance_delta
2BtNojQyatQPuHCmeQYs1rBNe7YavdzMRYjkCkKa5a9fXzxEpMHfFeJmdFvqeNjw3JSaSxnqRRn289CZxdpcZe4J,1787076124,Act5xzJ7DhXrdNKbRw1yTzQUmT4hYtAPgFKTP5WzPBva,sell,0.220010121,14348.413149505039,14348.413149505039,balance_delta
4MSunVQy2F3x8fXYChWRkcVNne9o8MwKG1sbPsjjso2ut8zgeTWqkEQzostHdUYjS9jexAQczzYJtNfpD9CRtG7u,1787076129,2z2q5gk8TDgqCidzkXkyevXH1aDaVjWL8cQwoRbMF1Jq,sell,0.007682652,484.4759751979998,484.4759751979998,balance_delta
4ZXP9HxeXQWF7kRWfVpVNeeBxwqpWXvLv3qRejD5458Hn7xhr5QWFeaqvuFs2Z14UJKmizMGKPNTC5CU6rKoqY2F,1787076129,2z2q5gk8TDgqCidzkXkyevXH1aDaVjWL8cQwoRbMF1Jq,sell,0.007839328,494.359943142,494.359943142,balance_delta
3K8K9144ehi6waC3qknZZjJ5DPQ3kBz2rMZzCvuX3eMV486itoztG5XWQSJbGJ4HB565AP9ztGcJDg3tcPGE2YwH,1787076129,2z2q5gk8TDgqCidzkXkyevXH1aDaVjWL8cQwoRbMF1Jq,sell,0.007662697,483.2250730950001,483.2250730950001,balance_delta
3Tvoi8cmcif9t2UkgTcazcQRk5CCcXTo43GFevKdCR1dp1Af748ZG7DBbjyoUMuaUXJ2oc1G5aqsSZzo5Rr21M7s,1787076129,2z2q5gk8TDgqCidzkXkyevXH1aDaVjWL8cQwoRbMF1Jq,sell,0.007456987,470.25612988599994,470.25612988599994,balance_delta
4YyMoTtWThmyhi5oXokvEWNeQfreWbyNT3d4qSjoViwsxkwMnxNZFc2N9jVYdWD9bD8AA2mLnthSiJZfuXoHw9rU,1787076143,h1jpvLkFT6u81HZH1zWhd4Vrf1qybKTADovXxDLrbtK,buy,1.014,59217.126694257,59217.126694257,balance_delta
2xbNLE74C7VnMBugCZL8HEnbHYZfPr3fcAtKSBrCGCUdq3C6WtzSWWF5tb5BD12gCtN4HvVdkj1hQNWivFsWSPzB,1787076148,h1jpvLkFT6u81HZH1zWhd4Vrf1qybKTADovXxDLrbtK,buy,1.014,65472.888050115995,65472.888050115995,balance_delta
qBJRHwHXQpGpSaoERYyEkfwEPd1ZWJbDttQJ32KUPVU3rQHyGRWwTynffZwJCsSvLUR5BXqoh2RWaXrmoxf8G3U,1787076159,2z2q5gk8TDgqCidzkXkyevXH1aDaVjWL8cQwoRbMF1Jq,sell,0.004785391999999999,354.691544451,354.691544451,balance_delta
XsNFTNGkuMJZheA1qyh8CsjBkJT6ip4PcdaC9qGGaZFF589stZ14uFckMz3oTZf9RdFFGsxWf9X28sXx35VpQAg,1787076163,h1jpvLkFT6u81HZH1zWhd4Vrf1qybKTADovXxDLrbtK,buy,1.014,71426.22073843,71426.22073843,balance_delta
3bwkGmR5wxWRkZqvSzQJHaDumYh3fpdrD6yw4ej9d2D7trvSgvf7fXTfNutqr59PqEk2SMrdQtw7okXFTSVE7GZq,1787076164,93u5BsWsPxuLRzcDqwecZV9TiXEV7qNavef6fscPnSb5,buy,0.003366992,227.11113829100213,227.11113829100213,balance_delta
4UNSvU7TutvrdiwFBnXzcix4pkCZUnKwGRDukyAqKfZTAtJoN5TxRyDhPQxe6mSPuWvxAwkkoHuN7Hz6EFt7aeQw,1787076164,93u5BsWsPxuLRzcDqwecZV9TiXEV7qNavef6fscPnSb5,buy,0.0036319,245.62607547299558,245.62607547299558,balance_delta
2eqAJ6JSxmGb3iogvM3cp4VCrb1gLLtdtuCGCosH2yri7BMMy1pPiLp51WXeAA2hMKwBvJmJS6fMau6b3B4F1v2L,1787076164,GEPiePuVYQcbShk7ACa2YASeLuRHqvcSZpS89keWZecG,buy,0.003286672,221.5267263479982,221.5267263479982,balance_delta
3tXjqihfNe1QWdV7FYVzMXFv9MEpvQNXAqxG7g8DoSSpGMXtw667UnjhxN4QWas725EJPuu8YdGtUXRx3QJrU1BY,1787076164,GEPiePuVYQcbShk7ACa2YASeLuRHqvcSZpS89keWZecG,buy,0.003338407,225.21586737799953,225.21586737799953,balance_delta
bdKrnzZVeMcRRGe99haF5FMWBdcTENdKGjHcaMJB8bfy7ZXj3EHhuZUQCFk2RYBHcaaUZCMuwMB9TTjEHLYm2SF,1787076168,Ahekwy9V7q2tmqJdTX92TAtEHM4pafQbsfc5oLakbZs1,sell,0.202101371,14277.667034643993,14277.667034643993,balance_delta
5utVjCNyrrRzeRKCfRCejMuBxNo4AJ1xiECTzFcpuqsnCeTqvVNWXjv8FPCaTMp2jvBfXeSUBVpWPFhkJWYzYR1d,1787076168,C7PNbARVAHeskaefdcu7fy21dCN3qNANKuT6Cka2av4L,sell,0.161129725,11413.761932619003,11413.761932619003,balance_delta
3DRt8gBqNmZLETiKyLUZWQoqLAP7U9Kv7Y1Vu6AFXP4ATuY61qXKkd8gqinbBN54G6TN1mMtioNL6m8Gh4rxQRw8,1787076168,JAGPLMkgPWRxFJekMU8DRHRurw968GGYHRMEKUWheYcD,sell,0.19800747300000002,13996.690471643,13996.690471643,balance_delta
2hddqHnQr1kFrUCqjKqnrafqyuvBfskXGvJEgvjhoAV2bKpawf6AjYS2CYQR6cmqWfHaDV2okyu2uHiEfo8hY9jg,1787076170,Ahekwy9V7q2tmqJdTX92TAtEHM4pafQbsfc5oLakbZs1,sell,0.179687882,12707.123660833997,12707.123660833997,balance_delta
MBoBtDaTNQUJyQi3kdUcSpvDRLBXU7gn3g9im4sUYFpy6RnCYciufcFALJxVZbWC5iPmM9ddWTSbuVc4i886oKe,1787076170,C7PNbARVAHeskaefdcu7fy21dCN3qNANKuT6Cka2av4L,sell,0.143296267,10158.248120031,10158.248120031,balance_delta
4E1rF3XnQwqHc4CzYHXqY9MHfgxXeyEfisgjuxGdvUxvhK3By3tyqjMAJbPiqq1pTGiTVNP1ogJqAc24a8PGpCYj,1787076170,JAGPLMkgPWRxFJekMU8DRHRurw968GGYHRMEKUWheYcD,sell,0.176146266,12457.054519761994,12457.054519761994,balance_delta
4xfbHFVSNDoZpi2tweMQ4gwsN9Nws7oVH46cvHqyryPtt93YAAPdDPL2esz6nnqBiV7GGdXwsdu2YzFcssLpDTmy,1787076171,4iDyxGxPRC66QBNwYqMn74VtVm5Moy1ns4w3bAqYGvRG,buy,0.0501,3417.2897813809977,3417.2897813809977,balance_delta
4Un8ycjMjCd1V1dbdpfcyMZYhBpVrsGfSCadtRWSdgdTo3cbqXemMyT8m6Lx451ibqfdaRruD9iFEgFLZ9yqCc7E,1787076171,4iDyxGxPRC66QBNwYqMn74VtVm5Moy1ns4w3bAqYGvRG,buy,0.0501,3425.029859712002,3425.029859712002,balance_delta
3y3xQasjNQD1z27Y2CvrNXYP8aEr8J6XzJr12FmEJJsKVFCXBqd9xjCKE4Cx8onBAyBEtL6DApjW2qxwnPjvMhWd,1787076182,CbpnbXAD9PUAwVcYjHY96qooq6eNnoLiZzif766gqLPH,buy,5.003755,326917.786357648,326917.786357648,balance_delta
5VzJa4y7JEWHdku6Mcf2BNNYKafst28EZSR1aMjwyWM7AmZzFMMk7faTHZ3xwkC7Cajq6sXYFrZuNrEmHAJWrdjY,1787076183,CbpnbXAD9PUAwVcYjHY96qooq6eNnoLiZzif766gqLPH,buy,5.003755,320791.718003617,320791.718003617,balance_delta
3MGJzFZJbiDcnvggsdrUPrLaZfBKubxmNcvksCUcCap7He9NdpncPZ1V1pJT8a7aeruQc3xKUpY4WCWCECGKAsSp,1787076189,Ahekwy9V7q2tmqJdTX92TAtEHM4pafQbsfc5oLakbZs1,sell,0.07890061100000001,5140.609117337008,5140.609117337008,balance_delta
2tz17g69NfgXuRGk7MdBdhFvMXo8hrXCG5qaNHySwCzHAJhhVEVwAGrgDKvjXRTyHqYocV9qNjXcuBFNx7yG4AiB,1787076189,C7PNbARVAHeskaefdcu7fy21dCN3qNANKuT6Cka2av4L,sell,0.06266313700000001,4109.473103102995,4109.473103102995,balance_delta
mZy1X69ZLhUTKhTTqfokv2VGkqZ4tu6bzNH37eLQPSBYacTdayBTq6vK3E1evqbfbLBhoJx8ZxPiENQnGi7aB6M,1787076189,JAGPLMkgPWRxFJekMU8DRHRurw968GGYHRMEKUWheYcD,sell,0.07730212700000001,5039.444782994004,5039.444782994004,balance_delta
5mZg8jE1Kz8TeXnAzjLZYGWtrBKvyvw4nB4fcugN61nWrz4X5eLj6TsAuUuGsBptPKCgz6dfdvB5PMP93uPdzrZ1,1787076195,2z2q5gk8TDgqCidzkXkyevXH1aDaVjWL8cQwoRbMF1Jq,buy,1.24203928,64367.615796771,64367.615796771,balance_delta
23MuErRf5u7r5wsd1TAeC3sps6mD1VpHUZeijCS4NVWUNfXSeCgWQwT16ew8QmE1pnSLtbkvF4i9zXKzMmoMcX2U,1787076195,2z2q5gk8TDgqCidzkXkyevXH1aDaVjWL8cQwoRbMF1Jq,buy,0.006,310.18231170999934,310.18231170999934,balance_delta
3k63d1iCorFQPu6ucFsF2nUw4C6UgHK9qTj2Nu4QdYZDhUfboQVEfRRWboSwPbUx2ZwJ7uhxBWM4xBNRo7JwaSyk,1787076195,Ahekwy9V7q2tmqJdTX92TAtEHM4pafQbsfc5oLakbZs1,sell,0.207305306,10743.873055235003,10743.873055235003,balance_delta
FWtqfb6hNvM3oMkgxo611vV1ACod1Xt2tnSq7g8EcLKY3VSHwiyVPFmZp9rgUv7u7jnMV6fbinFowZ22nfaAo3X,1787076195,C7PNbARVAHeskaefdcu7fy21dCN3qNANKuT6Cka2av4L,sell,0.165292974,8588.798785485997,8588.798785485997,balance_delta
53MgrWzGkuo3G1bdzXgLwenMgH1khmVrQLxvtXdBrbMyQESoqbN3phUJwkApr3uwPxkBEsnwYmK9DrPfupSGdF66,1787076195,JAGPLMkgPWRxFJekMU8DRHRurw968GGYHRMEKUWheYcD,sell,0.20311668500000002,10532.439596458993,10532.439596458993,balance_delta
2iGK5gfqHjuJTQg6NwcU2dHqqh72sSpsjbzwtY2SQkWbJGfvw3Ba4De9uXR7fBSejtr4YXoVoL4NHhRCXJ6VUuV2,1787076196,8n79PwcyrybEECM3ghGetPnm6Y2SRBVzJNd536Z1C1PU,buy,3.0097442799999996,144470.127392397,144470.127392397,balance_delta
67LNDACfVFY4wJozK4Eqn5dSBQW4Ta3oGjtJMRzH6nXbMkrAUnapDAFkxaqrLNLAXxy5g6WxMnfeRARSVuQLy9MA,1787076196,8n79PwcyrybEECM3ghGetPnm6Y2SRBVzJNd536Z1C1PU,buy,3.0077619999999996,141780.11732204902,141780.11732204902,balance_delta
2xXNfUtxhYvHYXJP6BbieJaKN1wpXTyyRyzmEAHJMHmYiBP2FB512kC4UzWavJQJZ28FCWTmd4KU4ND87q7uPbHo,1787076196,Ahekwy9V7q2tmqJdTX92TAtEHM4pafQbsfc5oLakbZs1,sell,0.195246699,9562.047019159,9562.047019159,balance_delta
4Vjo1wTJJ3gRwMMfSmaEBoxdUG8RWNYihHt8diTMTFssrvMnWqxZnShktQhbWNiur6zCdA5GyzD4FncG3xHCQWgV,1787076196,C7PNbARVAHeskaefdcu7fy21dCN3qNANKuT6Cka2av4L,sell,0.155657068,7644.030919082004,7644.030919082004,balance_delta
3UecS5g53WZEAihk7qtvbCag3nVW9HPvPWEBkR7zaMcL1dTXrTvQZPaGGPdzk1eEmTQaSHbbq2hBCi5GESkUgMkC,1787076196,JAGPLMkgPWRxFJekMU8DRHRurw968GGYHRMEKUWheYcD,sell,0.191398244,9373.871240848006,9373.871240848006,balance_delta
xDgf99X5g7wLncenZnbDcrPqH2MwaYp98HzhAtMjfNd7TAWx3vQsDxWngHp8tBTYVYr5JNdx1A26C33p9pwYM64,1787076198,rAHF9X8b6JfP5DvM3b1RhuJVco1NZ9RHsxJvdSVWixf,sell,2.045701947,100000.0,100000.0,balance_delta
2XQYD1UtUVX5C3RuwLsWjV3u2bPfU6WXQrcV9UqCeeS4KQK4mVwuhaBMNwf4ae59mpSzyi3L4iYo1znmadKZAEJq,1787076200,Ahekwy9V7q2tmqJdTX92TAtEHM4pafQbsfc5oLakbZs1,sell,0.170475244,8510.221847050998,8510.221847050998,balance_delta
2YwN414jneWyaZDyDjNTeBHRu3wRengXALK2JcDVCFxpd2ozWHKTCgv9BiYfhjhDEFuuQUHG3rS3XpXZmzHBxVjM,1787076200,C7PNbARVAHeskaefdcu7fy21dCN3qNANKuT6Cka2av4L,sell,0.136157449,6803.187517983002,6803.187517983002,balance_delta
3MHzMRy9VqYd1hY8v4c88WRMJ6vfsrN1w6uEpzTLNT3pgVRjsdjcTrDjb7F5Z7bfVQCeaJwM1M7oZje2JUf9Rrg8,1787076200,JAGPLMkgPWRxFJekMU8DRHRurw968GGYHRMEKUWheYcD,sell,0.167055387,8342.745404354995,8342.745404354995,balance_delta
5SeUNm8dHR58fGiQJyDXMhEsh8LrXUFq7pHpCgRy6oPdR7zdJjrGk3W8Bcaoi4NzW6K7Hnv1q4rJVQZqpyqNgKtD,1787076203,93u5BsWsPxuLRzcDqwecZV9TiXEV7qNavef6fscPnSb5,sell,0.079098186,3990.216461390999,3990.216461390999,balance_delta
4piAC8hMk6kNsEeZyRiNBm5zZHPsXkSPRUD172mxxdzYWM3jxwMgy9VL4UBZsa3cnC2jv6vuxJEQGiytgAsSWHxx,1787076203,GEPiePuVYQcbShk7ACa2YASeLuRHqvcSZpS89keWZecG,sell,0.07330946899999999,3698.8186541890027,3698.8186541890027,balance_delta
Gp6kpkERodmbD54P6K8tWAvHsKfJDCvV3oht3nXYhKzaovzyAUHJAyhtWWh6Ba8jNQdfsp3S4VwD9R5cpMhxkEq,1787076205,93u5BsWsPxuLRzcDqwecZV9TiXEV7qNavef6fscPnSb5,sell,0.07554027399999999,3591.194815251998,3591.194815251998,balance_delta
2YdJm9efg1zmiNZT8YdfCQWjcu7koDKYQiy4FXnZZjVVBPzkycG7oXMSGCtBaibu8mv5dRhHTvyu4eFncHDAb4HR,1787076205,GEPiePuVYQcbShk7ACa2YASeLuRHqvcSZpS89keWZecG,sell,0.070011961,3328.9367887699955,3328.9367887699955,balance_delta
5N7Za7YrZrEodC2Kz4NSLpv66pMddTAvDF9yiTCCAmFBz24gNc3bAby6h8XSaUZnEP53Smf1WRDss7ShconccPYg,1787076207,93u5BsWsPxuLRzcDqwecZV9TiXEV7qNavef6fscPnSb5,sell,0.07087731,3232.075333727,3232.075333727,balance_delta
4xQE9jYNXAnjrVwLWi4XqTK5BgGrQ85mvq8ncynbc8PpYXaoy4TQBZ6JjK6wkKo8nRhUcDAWD22ZiiHvLfRz5b1B,1787076207,GEPiePuVYQcbShk7ACa2YASeLuRHqvcSZpS89keWZecG,sell,0.065701421,2996.043109893002,2996.043109893002,balance_delta
2kgDGNzK6Ms1owEc76v6SwoPws7EBsevBbvjUHNNYn9KAEeSuD4esqdTjkFQBcqtLj4QiZXz4AUUX4KT7oJjSUer,1787076208,9Q7rXKnZr3xDm5jgEARhh9sPMk4pDpXsct1HjaPsQZqi,sell,0.0004911190000000171,22.0506282,22.0506282,balance_delta
5EmAGSCAmdABmZMBKScd25nu5dENjN8Am1tcH9qZ5EDnXQa9CibityqvTLJR1eEs41uSDPjuUtrbfe42B7h8PWt6,1787076208,CqyTUueWZJkdcJRJ6ZaZxAXvDQFGoFnL5hkEC9nxQz5o,sell,4.362430311,191993.908609058,191993.908609058,balance_delta
3G2WuqmRJyn3uSK6TkTSuSTxZfvhkZW9gyKkuiu2gDnYU5YTn83WeMvG9KGhNahMsN7Et2cC3kSTVWCthus3aG2k,1787076209,9Nc7QXztAZyyhrza7PMyBLL61YsL7NXbRRkHNcU3Vx7i,sell,1.45165336,64915.23562162393,64915.23562162393,balance_delta
4TrJZPiD71yXP3Fu21dHhFosWuBFckvpsBoueCzuae3hbt2vKkBtevgRFKisf3nUsSkCKrzS2CoNT9QyCB6dnuUy,1787076209,Act5xzJ7DhXrdNKbRw1yTzQUmT4hYtAPgFKTP5WzPBva,sell,0.70694521,30532.005576163006,30532.005576163006,balance_delta
4W6vXppX8igN15kRfQ8JaUj5ocp2NK7HWEXvgdEYdSxU1kGP9u5gkHi6anw4M8Q6zoG6jRmYaBAjdMXV6ohK4Lk6,1787076210,9Nc7QXztAZyyhrza7PMyBLL61YsL7NXbRRkHNcU3Vx7i,sell,1.3050453169999998,58423.712059461046,58423.712059461046,balance_delta
2mP2NsvgpQL5bLfmvQ3uwX2dNJMdNgNr82zbS87DDgymmFq7WFcZcZx2QJ5h5ra2JDDLT1KFUnyWMxyJVFgdLdka,1787076210,Act5xzJ7DhXrdNKbRw1yTzQUmT4hYtAPgFKTP5WzPBva,sell,0.649325669,28294.009567429952,28294.009567429952,balance_delta
4fJvau4nzbMXjGT6Xtk8zTWKwP8XBkczceXDRgKKFXYUUuHFwGmyYQ9nWgJaChEQsJce7rMBsKDRdKS76KMrM8s9,1787076210,Ahekwy9V7q2tmqJdTX92TAtEHM4pafQbsfc5oLakbZs1,sell,0.174333007,7574.097443875995,7574.097443875995,balance_delta
2BLstPnR2Apb1eGVaYSXhf8x2eFJa94qkzVwzGKcowyiWd6HNEimwioVQsHcMhkeaQTzkoqnDwuEVgatu1tUojs6,1787076210,C7PNbARVAHeskaefdcu7fy21dCN3qNANKuT6Cka2av4L,sell,0.13894449,6054.836891004998,6054.836891004998,balance_delta
51qgzuRieMmAH42cRguizUNvT9qKMbaH7JULEUi47C3axPa9em4nUg6rp6jno9PLsxPDhWeG7qkMLUsCrE9kDJUr,1787076210,JAGPLMkgPWRxFJekMU8DRHRurw968GGYHRMEKUWheYcD,sell,0.170887872,7425.0434098760015,7425.0434098760015,balance_delta
3m92EWy2MKZKJhQ4XeSieSPxZACuGWNN4S4MH4i1BKXUxFQ3AWHsBfzxUMxSXzPH1FuFHKYV9zkYTyWyNevbazNW,1787076211,2z2q5gk8TDgqCidzkXkyevXH1aDaVjWL8cQwoRbMF1Jq,buy,0.006,265.0751492319978,265.0751492319978,balance_delta
3W2mEKwES885mBKjoXkkJrQEPciTRz973ND6D1wzpiZ8Yvt4CR5ARxfbhNriJgcgSi1AHf7mYK9FGo5xfuj5ZCqQ,1787076212,2pUUZYtokRgDV2YzL6M5pjb1jyoHE367yU1sdQ7ac3ea,buy,0.1048,4450.520714555,4450.520714555,balance_delta
RZZ8TMgqbN7GsjHqYwoe4jjfsn33zL9urA33c5MKrQAaCm6iXB2vCZVKCc3pCjYuB6h1ZBFvdJ2ThaPnp3fNnM7,1787076212,93u5BsWsPxuLRzcDqwecZV9TiXEV7qNavef6fscPnSb5,sell,0.063670253,2908.867800354001,2908.867800354001,balance_delta
5KmuaFwZJ8b7npTcPTfdvdfAtGAXBe62CpAiChAJ8ZFESgaSsLKqaPnXJWSH7kEAgbncQPcRdc57stJSdjysMKpR,1787076212,9Nc7QXztAZyyhrza7PMyBLL61YsL7NXbRRkHNcU3Vx7i,sell,1.140677328,52581.340853514965,52581.340853514965,balance_delta
2x64kPh1qGAepqzZEqtdJWejbkK6jo8t9Bnk66UszwKpq6PLYhCgwXtQx5BJ7tUM9PR8HrvZ3mH67pKQ1TNY9pf7,1787076212,GEPiePuVYQcbShk7ACa2YASeLuRHqvcSZpS89keWZecG,sell,0.059007219,2696.4387989040006,2696.4387989040006,balance_delta
2NTy3RQTrmCj9vdFy9gbPghdEMq6ERaSfSaa3K8UXptsnWMzD1VQJ45cpPnuzQXLkmLaHbBvGPKgRVBdP8c7ZY8T,1787076213,9Nc7QXztAZyyhrza7PMyBLL61YsL7NXbRRkHNcU3Vx7i,sell,0.999946302,47323.206768164004,47323.206768164004,balance_delta
2tv4Q6wvtb6i1wbmcRtyxSRfsWCjRE4Z8k4BfE9hru1jQcLrgt8vTosgQjondXJsBuiVb7gt87Hyvavttwb23hkF,1787076214,Act5xzJ7DhXrdNKbRw1yTzQUmT4hYtAPgFKTP5WzPBva,sell,0.250272176,11911.704687345016,11911.704687345016,balance_delta
47c4c2GyB4kigkoQGT1Rbj5i7cCjEsYzhAxtXMTLQamorVegTSALGL35mRDAKoWHz9GkcJyCeAxpbxEs5Cn4NaTn,1787076214,rAHF9X8b6JfP5DvM3b1RhuJVco1NZ9RHsxJvdSVWixf,sell,2.116715513,100000.0,100000.0,balance_delta
5EhvoRuoCZxo6nDejPWVpAQMJfpkzd4AeMz2voCPQvioH4FBfYR8WeE89xoEeHTejASHDCCWajfH6v58ysZ1JL6B,1787076218,Act5xzJ7DhXrdNKbRw1yTzQUmT4hYtAPgFKTP5WzPBva,sell,0.23755563999999998,11515.04492125602,11515.04492125602,balance_delta
4jUzDv7oBU7ZqpM1T1FMiASEmMXfSaDDARqJ8W3y2mdV7TAAAuiBTCWnJcX8hLwrv78VCpfQhJzC3c2pP6dP4ERf,1787076219,9Nc7QXztAZyyhrza7PMyBLL61YsL7NXbRRkHNcU3Vx7i,sell,1.374450221,63886.329137021035,63886.329137021035,balance_delta
34acb6PLy1entszsAkEJrwe8M94hRUrWWhtrBwxNHf6Mi9B6ULRyLEE57BNeSMRzFhyVh96JcFTch2Jouw6HPpnc,1787076221,9Nc7QXztAZyyhrza7PMyBLL61YsL7NXbRRkHNcU3Vx7i,sell,1.166258761,54303.37976646796,54303.37976646796,balance_delta
6FXtZiiUJX7Puemme67VSM5RHTv9ML48LLbizpa7emcmMgSvH7oUyqdtgnKqMqpbzqhwpAaEiFRAdqshUG6cSGv,1787076225,9Nc7QXztAZyyhrza7PMyBLL61YsL7NXbRRkHNcU3Vx7i,sell,1.617277112,76929.788002496,76929.788002496,balance_delta
49qoan8u3tRN7CeEtTJT2bAyZUeNmJyWV34ZUy96aK3zRVtnXXZCYwiLJZznb4RTLv7QWabxj3BsZ8oSwr7L2djY,1787076226,6DqwStHBhuxWGutooviZUgVDhT3F4Dy5pAiP2YErRCEe,sell,47.228830959,2340752.3392795753,2340752.3392795753,balance_delta
deV1gDWDHtffnFfBdtZUMuiVJkpGrH7gV9MR7oyNVMgsM2Hqvgx9fgQHqEE6eT9yLQaCf8a2uZHNmUkUKsD1jEj,1787076239,2z2q5gk8TDgqCidzkXkyevXH1aDaVjWL8cQwoRbMF1Jq,sell,0.006104927,310.18231170999934,310.18231170999934,balance_delta
5EvnQZoJNaWL5zHxgiPpv9T4GebShRXZJ4AfhdjuSEo2yKydo5vSDysLvB6MQ6zfZLxDtbChRoHSPCnNoTmUjarJ,1787076239,2z2q5gk8TDgqCidzkXkyevXH1aDaVjWL8cQwoRbMF1Jq,sell,1.268271167,64367.615796771,64367.615796771,balance_delta
5yjnY8bxS5ufL7R3Dnur1BDNkFrffH9AgA8pHrVXGKURo6yiWjvNSDV2LeB4zM7YAm8X8thbKk6SeUSZs1vz63Ay,1787076239,2z2q5gk8TDgqCidzkXkyevXH1aDaVjWL8cQwoRbMF1Jq,sell,0.005219942,265.075149232,265.075149232,balance_delta
vTb34Sy2aKugbP42RpxTkBLTrdSpFWezbJjPQCCy7AENqrsZBk4sBZWDSyyYwc2S2qR9pg3w3Hodsk7RBwJKiYe,1787076255,34rTaBgPLXZXuZuP2LjpDdJZKr9NQ2P8iUy4as7fprPG,buy,1.70303928,82926.02146532,82926.02146532,balance_delta
Z7AC3xnjtaA6gBApEikusG4dAz35sEQtQivqarmcJJwZ9ZxPqGrCbvfKVHuhL4iQ8WKc46imipnFy1QugVwATZU,1787076258,2R9ca7YkK8Ta3Nv1Gn4yhzJQumqpWzxMgN1xSB5J1Hrb,buy,2.00001,93650.435615367,93650.435615367,balance_delta
2qVijJCoLmxMeNNpzq8J9T2VEEY6HMhjBAc2APDDyRBWGvXtg6yxg2RkrmUZCStnYHv2cfT5cs6KXu3zoUzSdoqX,1787076268,CASStbiKKzQrFvs835DagrLid7saGriDUHv39Mr8SRUG,sell,16.544148561,828868.815430773,828868.815430773,balance_delta
68R9cWkDPZ6BFDunB54XDdrF9MzaCurKVmiBmUPxt7GuU5nk29Q15Rz26rwEZhy2ryWMUEKtRP4GoDyQ2Q2UzjW,1787076285,9Q7rXKnZr3xDm5jgEARhh9sPMk4pDpXsct1HjaPsQZqi,sell,0.00044567900000000936,24.833593256,24.833593256,balance_delta
2Dktf7VjvCG9nigxrmApajt4WZMtTRALYzqFjQquTAnnkwGGJpQLd7WQ8h4RARjv7KdmsivDv8wrBkokGQAfFFtQ,1787076308,2JuwsNWVYsr3jDEaSAMiMDfv5UWNWHQRGyQVvHBNCobC,sell,0.9364444350000001,50416.660871625005,50416.660871625005,balance_delta
cbfnZXHUaRSHUEeFNWDYa8BkoohAd5NV4A7vJx27Ai9iLiY81ohPydi64Jkb59eGpXfiSvHzNi2Y9NWWBHnWChF,1787076317,Act5xzJ7DhXrdNKbRw1yTzQUmT4hYtAPgFKTP5WzPBva,buy,0.5,26948.145980809,26948.145980809,balance_delta
rPw1F52o4QUdGSeNMEoEQwJVSWAYUJQ5FbHA8Hx8UYjWhGrfcQ6AAQwKGpVWM38kzVukiToyogUAfcmNpJp8a7Y,1787076329,2z2q5gk8TDgqCidzkXkyevXH1aDaVjWL8cQwoRbMF1Jq,buy,0.00803928,304.686492894,304.686492894,balance_delta
5ProhrC7wQJDvJNEHTg1otBRG8pppoc4gBpfYr17d7K4FLvZXZyC2SnLKpayuHsyrTpsEBD4uPfLtErRcUaMDkmA,1787076338,2R9ca7YkK8Ta3Nv1Gn4yhzJQumqpWzxMgN1xSB5J1Hrb,sell,1.780409224,93650.435615367,93650.435615367,balance_delta
7jKBcsB5sxo1beXkiTHVTqQfcyY9yD1VKDrLde5KBcFwM1JvvVro5K1cYGYNvRHkRJEPsZDYkKcXzADUbjwybg5,1787076340,2z2q5gk8TDgqCidzkXkyevXH1aDaVjWL8cQwoRbMF1Jq,buy,0.006,276.2638188899999,276.2638188899999,balance_delta
5FtM65FhUv9G5CnUvhqNZK6Z9uapkLuF3NZWXg494Ge5whQ2Wv7MfMk6jaEgX6NvVMduBpUtLSYjzmU91SxUhy3i,1787076345,2z2q5gk8TDgqCidzkXkyevXH1aDaVjWL8cQwoRbMF1Jq,sell,0.006362944,276.2638188899999,276.2638188899999,balance_delta
4GjERast7a1eqG4orhZw3VPtJ8zhNpqJ97XjpwnXBTjjzYqcf56mJuqeqLvCid8Ka8NcvfeGursp3Cs3ak1FbMbS,1787076354,2AwjJTdTWCu6QjyZKvF6oVEd9TkQP1WYvVswFvDEySxn,buy,2.315828794,102856.437292933,102856.437292933,balance_delta
2yn1Q36LazxHp4v9abeRCgAZEfGFG6M8CLxbBhysurcxmsRanHbtsGRwxkjwpq3s7C9wvUX4yK84pDRsBpzsangr,1787076354,5kidNviTucvoHuFGuPQUikWokMxsLZMncGrS5gK9Cujs,buy,2.6463458340000003,116356.946404096,116356.946404096,balance_delta
2XNA75AwubnEJei4tyykxhNKiXRHP6j8Lv4DzMwR2ossnzS5UrWdQW7A8GSMNMy4RAeKr1cQni2o7xV9c8RJuAUr,1787076354,9Q7rXKnZr3xDm5jgEARhh9sPMk4pDpXsct1HjaPsQZqi,sell,0.00015380899999998198,7.182965727999999,7.182965727999999,balance_delta
2pinBiQjBj2KWZSepr2GKTMnt9EwEuPottxHaav2po7G4TcyvcFHRf1qWBvZhXfRbBoPhoj2pBKntn6hM6BC8sbA,1787076354,DenZLNzBtE3L8T1kQFKh8oE7FCXBrdsM9xwCbsnKvdJq,buy,2.460981157,109100.726647149,109100.726647149,balance_delta
5paCvyz5tfYq5z5BAr3H7HCAmC4VPZj41aZvU4XegFjX7RziAicF9hMV4bECQbgpFSFCwirjZ4Pk77gbWv8zgh85,1787076354,Hedt6aVyFRvxpQJkrrqgZ3e3JxUNb7ufCVyYXMnHYYE4,buy,2.724423289,119530.903375053,119530.903375053,balance_delta
5PVVgJzs8UcTSefHaVdWP8PyBEttSofzyCkhb1ppm1xLb8MRCCtw8RrnyooCAgJUyJ4NTSywwqoGzbKVnQKreEuE,1787076355,2AwjJTdTWCu6QjyZKvF6oVEd9TkQP1WYvVswFvDEySxn,buy,2.2872724079999998,99497.69455844999,99497.69455844999,balance_delta
3qT2s21t6QsC9YSqhAB1ATyXNFqmgqdxsKk6B41qHVneTcrXQbE7aTpU9Q5Yue42BJofhseKkRK9tRKKkErqt6Xw,1787076355,5kidNviTucvoHuFGuPQUikWokMxsLZMncGrS5gK9Cujs,buy,2.576242117,111193.079378714,111193.079378714,balance_delta
3EjQZb5WZuCBDCyNLeZgMYCNbEABfxhZjrcq29nAso7rD2NdNikariseDYC39QbSXGeVBiNxARYcyLYcfxgT3BjH,1787076355,DenZLNzBtE3L8T1kQFKh8oE7FCXBrdsM9xwCbsnKvdJq,buy,2.744907521,118229.266201467,118229.266201467,balance_delta
37sr8pHZT2zJ621BLxWTA1x2KyVHBzt6cpD2DhHZ8awESbK43GzYjLDtXktZdoERYXHSTVfEZe42rDG3rM9NBsGu,1787076355,Hedt6aVyFRvxpQJkrrqgZ3e3JxUNb7ufCVyYXMnHYYE4,buy,2.383329136,103486.605726514,103486.605726514,balance_delta
3xoMpxKgqUQENkcR9jZhRL3DGjCU39bUYR2NMc7PgsagGu8EU5NfXVJtajzLk3Tp8ed23R7SWyu4MbzywzSkLur,1787076359,2z2q5gk8TDgqCidzkXkyevXH1aDaVjWL8cQwoRbMF1Jq,sell,0.006940356,304.686492894,304.686492894,balance_delta
3kAC94UxJzZrN3KuJ6FYxy8e8zkVs8gFZJhz8y93ZT3hAowSEMm9xGC2fLP78thgXxf4Y6ZxufExcyRJKW38RoDa,1787076360,AaJsuS3A6zQsV2jdwEVoe4vJ3mjKXRw41siqweSKNchk,sell,23.023566844,1032775.9638015656,1032775.9638015656,balance_delta
3Mh2Fha6p1swa7r1Az4XWCoC2FzqVN3mHVFY41eCefQiGewqZyTKKxv3y4f7T8sFKdwh6utb3b3cwQN4b7Gm7T4g,1787076360,rAHF9X8b6JfP5DvM3b1RhuJVco1NZ9RHsxJvdSVWixf,sell,2.2758949960000003,100000.0,100000.0,balance_delta
329ZWvgiYoi1ogcQtVpEWHs7kvWTaRkQPmGEyr6ahYcaVt4Li7FPXnCyc7pwGXURhHmH4AaLpXsTebRbq1wR61zJ,1787076363,AaJsuS3A6zQsV2jdwEVoe4vJ3mjKXRw41siqweSKNchk,sell,18.644455606,877859.5692313295,877859.5692313295,balance_delta
5fNrgdnmzLAnM4fRJdEyVHUWC94NE6nF5qt7SuQTEU55p8nr9qmsFdEehUELWnoY9igVpbdQZzZC46DZetEL1Sun,1787076371,2AwjJTdTWCu6QjyZKvF6oVEd9TkQP1WYvVswFvDEySxn,buy,2.527803284,111416.42062951703,111416.42062951703,balance_delta
2BtKifje1EaGhauwABR1AaBwrm14aVS8yND8TqrwaM5yYKuCKVtUaiY9QHxPocvi72CwaR23XGcKPgtjLurbYqhg,1787076371,2z2q5gk8TDgqCidzkXkyevXH1aDaVjWL8cQwoRbMF1Jq,buy,0.00803928,265.716245163,265.716245163,balance_delta
2ioQDNcnrWuG2LQjn4oEMubSKvwtjYLNFqaMYCAUZEEyTSbFtdzk4QrYHuC6miamZ5fBjxNNcFHa5H4pSCXcARgv,1787076371,5kidNviTucvoHuFGuPQUikWokMxsLZMncGrS5gK9Cujs,buy,2.467854215,109451.17810667201,109451.17810667201,balance_delta
2bFAzS4TkKRDkNxJkELqWGhAmZK4JamT18bp96Gk7FwEG57AtTjUiqRR9Dr3UzNFaUjM4qAmrAqSMJmtakF6rYHU,1787076371,DenZLNzBtE3L8T1kQFKh8oE7FCXBrdsM9xwCbsnKvdJq,buy,2.719770235,120155.33370674701,120155.33370674701,balance_delta
3uXHntNFq8rwP9RwkaVi8TqCmNGgbeshEqaepiKXWkp8r42DBAsWgSpS3iX1MiW9zUdzxgE6s8My39sGfZvKtJBg,1787076371,Hedt6aVyFRvxpQJkrrqgZ3e3JxUNb7ufCVyYXMnHYYE4,buy,2.327613301,103013.516415856,103013.516415856,balance_delta
7vazfNQQbQYUGwHowqUrb46BBCwUXHs7Hu6CnhVowEzJ4SCezt5VZZont92vmiaxpiq5QyhgabiPcXALtp6ifBR,1787076377,2AwjJTdTWCu6QjyZKvF6oVEd9TkQP1WYvVswFvDEySxn,buy,2.53138072,99776.44156903797,99776.44156903797,balance_delta
CQyscULqwSHkLkZSnFgv4T91eQK18xLts5AAbkG1B8WXscsfda6nbYPrb4vri1rbPnDUtxhTg7QQhvPcJfy41W5,1787076377,5kidNviTucvoHuFGuPQUikWokMxsLZMncGrS5gK9Cujs,buy,2.394984381,93651.18448334996,93651.18448334996,balance_delta
5yFUpXVzVch539iM1z4cpuRvJL7m5TWiFrbPvYyFJsLHUtZQjbF4FrpMsQ2WcNxCYcfndraz86koF2vG68c1ywaL,1787076377,DenZLNzBtE3L8T1kQFKh8oE7FCXBrdsM9xwCbsnKvdJq,buy,2.48493777,98343.00999882596,98343.00999882596,balance_delta
5XpWWULsZXDtRajvj4VzppDfkQW23cQqCjugtpwRjURwWMScwekbF3QLHfh1c2cfX3bg5mvH87JwigKM8ypT6usV,1787076377,Hedt6aVyFRvxpQJkrrqgZ3e3JxUNb7ufCVyYXMnHYYE4,buy,2.69704971,106096.948803704,106096.948803704,balance_delta
3Gs1mtLzYmmNzMR77zYrfKWYTAhzK1Nm6rW3t5gSwVsA8RkagXTUq8ndwG5WgPAvnVPzCCBSZ98isfAHq64NTzoW,1787076378,8n79PwcyrybEECM3ghGetPnm6Y2SRBVzJNd536Z1C1PU,sell,7.112955326,286250.244714446,286250.244714446,balance_delta
5Fpms4BX8XARuWvXatS5fjuwmzrmAn6FvfzPofjz8Z4JhLvS3wxzKvX8qDeKEnmNNawJUGNUDhNAUwsaXKydqX82,1787076378,AaJsuS3A6zQsV2jdwEVoe4vJ3mjKXRw41siqweSKNchk,sell,18.36588012,746180.6338466313,746180.6338466313,balance_delta
58iTvh2aMCbc9tu6iQP2kJgy6ShGdsuM7SP1frRBDXMJNdw5Uecy862BrWVwxwBvvAudqbbPpNNY3mDX14v5c7aQ,1787076379,AaJsuS3A6zQsV2jdwEVoe4vJ3mjKXRw41siqweSKNchk,sell,5.084569578,211417.84625654528,211417.84625654528,balance_delta
4wcZaA17ZQKgWE8ZixPH4THREiHhqvHNxWKwjG5aPdZxjXdhQGrncFz3DEDdKo422jBXawm4B8ffqDPTtsYUwUbE,1787076380,2z2q5gk8TDgqCidzkXkyevXH1aDaVjWL8cQwoRbMF1Jq,buy,0.006,247.57630185500005,247.57630185500005,balance_delta
3ndfwx5DCf6ZnWCHfGniLLMYMKvE9gz1d4BBX4vPE818y4Tjt3YsWQtnsiPK7Fq6G2ZuE96cRWQk6ZxJd5jViNoz,1787076381,AaJsuS3A6zQsV2jdwEVoe4vJ3mjKXRw41siqweSKNchk,sell,4.790155076,200846.95394371776,200846.95394371776,balance_delta
7v22Y6J8kwdWDYjsjbb8n8ZqdRbcHXD8JmJWB3mvxqGdLZgiXg41iQRSdaqEw2AXqGRAgehL7phN1pNzXeBhB3h,1787076388,AaJsuS3A6zQsV2jdwEVoe4vJ3mjKXRw41siqweSKNchk,sell,4.590478506,190804.60624653194,190804.60624653194,balance_delta
396XtmF8VWgj1A1dstz1wFmkgLb8TxVtJkKChTBRBEgiZWsaK24gQagAEyW1zC7zJw8Zs3Ts8p5tRvnurVJrQCpF,1787076388,AaJsuS3A6zQsV2jdwEVoe4vJ3mjKXRw41siqweSKNchk,sell,4.5557975399999995,190804.60624653194,190804.60624653194,balance_delta
53ByxGPS2Fo8hZZmdfagiHBSPNmb19x2cfBW65CupzMQyZRLcAF13TUNwkJSckYgMewyGhP6E2bAJ1ooaGzrdj3a,1787076389,AaJsuS3A6zQsV2jdwEVoe4vJ3mjKXRw41siqweSKNchk,sell,4.069614528,171724.14562187903,171724.14562187903,balance_delta
3BmXv22EgBJQiWk6fAV5J8aZzed1xP1MePbjSEFB5YYp3CmjdXU5P9FuVPYobbRe8DRyLak3PFkC2YXDXK4UyTxV,1787076389,AaJsuS3A6zQsV2jdwEVoe4vJ3mjKXRw41siqweSKNchk,sell,3.993350789,171724.14562187903,171724.14562187903,balance_delta
j4mFHNeyaBAaNH5gWbQJn5ZtK2Jp7ktU6WV88jXStvaW7p8eAUoABHnY9iNobnTNxG3ZbXNspfJMhCwCEyaLGmq,1787076390,AaJsuS3A6zQsV2jdwEVoe4vJ3mjKXRw41siqweSKNchk,sell,3.607569088,154551.73105969094,154551.73105969094,balance_delta
VTNENAXabduQQ3Xejrdc7mwCyczP4ugZjWdetnZKUuhS9GNWHxhQNFp17CSvq8mg21mYwiwW7Ks7yuVMyyi4Sx7,1787076390,AaJsuS3A6zQsV2jdwEVoe4vJ3mjKXRw41siqweSKNchk,sell,3.596018472,154551.7310596914,154551.7310596914,balance_delta
4kk3DH4SH6V98vx6e5aVJHkVahXRTrFUSqKQU2P1ELm6iyw2wQTCgbUEui6NDALexEo9tahoeMCcnQTZ14Ysse8r,1787076390,AaJsuS3A6zQsV2jdwEVoe4vJ3mjKXRw41siqweSKNchk,sell,3.570531409,154551.73105969094,154551.73105969094,balance_delta
2fGDok3eRESF8D2zPF6Pz154SvH1TkViiqAZx7cyQK8zrWHP7adFaZMBftq9jpLQwC6htqoruLNQ1VGwRMes4315,1787076391,AaJsuS3A6zQsV2jdwEVoe4vJ3mjKXRw41siqweSKNchk,sell,3.560620443,154551.73105969094,154551.73105969094,balance_delta
5VtRgp95uowFdMUwtXMuZ8Ltj6WzRRe1bwFJvr2zgywaYJuoM2Pb7RXkR3Tfn6f9zGp1y17wMJVpbuyQo8LduJ3t,1787076392,AaJsuS3A6zQsV2jdwEVoe4vJ3mjKXRw41siqweSKNchk,sell,5.64043209,247282.76969550597,247282.76969550597,balance_delta
3Uj5Vtbss889CtKM34oA8gy28MNm4GQ3cXfd5TjVyC9CnixtNm3zKjecjpRUwzkcCn4C1d4MyTWydmYDk6KanEYW,1787076393,AaJsuS3A6zQsV2jdwEVoe4vJ3mjKXRw41siqweSKNchk,sell,5.636635463,247282.76969550597,247282.76969550597,balance_delta
56TTgjQcT3Y5CpyRdCz1ehAR5cWWRLbptW9yiwbTiWVbDZK9bp4R5rZ9CEGrj2sm9Qq1zennMaha39o4Ja7bGTiP,1787076394,rAHF9X8b6JfP5DvM3b1RhuJVco1NZ9RHsxJvdSVWixf,sell,2.267945175,100000.0,100000.0,balance_delta
4PVRJz9cLWGFZDXJRzBMMYRquCbV4Gdg44cKTczjXtm1iqTKeUjHRaZ6z9r6puTdUuySbEbEwFXvFkFykk15BGkU,1787076398,AaJsuS3A6zQsV2jdwEVoe4vJ3mjKXRw41siqweSKNchk,sell,4.2269274789999995,197826.2157564049,197826.2157564049,balance_delta
9bpuLEdHQu2EG8XxBHfApQ9b5gNWsgNDkcv71e4XsyPxeQUJdGFGPqpFBQ4nCwTbcLMNcQUZ6rgAtwN1gryNGto,1787076401,AaJsuS3A6zQsV2jdwEVoe4vJ3mjKXRw41siqweSKNchk,sell,3.78019917,178043.59418076416,178043.59418076416,balance_delta
5BPcWS39ukX84wbpKEVxNUvriBSUHAyuZSfPrE8f7PBXKchVbWgjrVXTU1w2BG8TtaXpn55LMGgd14GuLcmcuhZS,1787076403,2z2q5gk8TDgqCidzkXkyevXH1aDaVjWL8cQwoRbMF1Jq,buy,1.24,56395.194208498004,56395.194208498004,balance_delta
2LBXadN36kfECfSkxt2CDnepYpfvewMX6VUE5LyFzG7SLPxPwaqQHTUcMV3ux92jARNY1NzY1ijPcLxyceTzqEcy,1787076403,AaJsuS3A6zQsV2jdwEVoe4vJ3mjKXRw41siqweSKNchk,sell,3.4749463609999998,160239.23476268793,160239.23476268793,balance_delta
5eYkAL8zvKfqq7VtHaTkrLnxQJCFsQ29VxbceNPu83wpfe1TWHPgzW6vSaDZ38cJA6ZFUVHnBXdDtYZVFBrGafx4,1787076404,2AwjJTdTWCu6QjyZKvF6oVEd9TkQP1WYvVswFvDEySxn,buy,2.6145373430000003,113980.72326809197,113980.72326809197,balance_delta
3pJ9ZmxdSvZ9LT3TytuT3XMRoiQYvfAE39wLdyNZF65UdyzPE1WsKb2J3VBa3ZpE8SEwMoDLXid8z2hCSeg3UCqa,1787076404,5kidNviTucvoHuFGuPQUikWokMxsLZMncGrS5gK9Cujs,buy,2.606302045,113165.011309998,113165.011309998,balance_delta
5cgSGuypHjdVgWfTtxSNv13iSf4HuwrBoRsyUoWGdnvEdA49njwDHR4xAUPBuhEz4jSfBdWduazXjyKFLQMrMwxD,1787076404,AaJsuS3A6zQsV2jdwEVoe4vJ3mjKXRw41siqweSKNchk,sell,3.276512737,144215.31128641893,144215.31128641893,balance_delta
2h3WBRBcYMcMc3djVpk47PjqLFPibvR5eW2RUUoYNYTSoW2SHUZxnqEVDkGz4N7kWyffiVBMipV8Y5kxFobTAcs1,1787076404,DenZLNzBtE3L8T1kQFKh8oE7FCXBrdsM9xwCbsnKvdJq,buy,2.3623531210000004,101931.39310652402,101931.39310652402,balance_delta
3rJHe3FxAmiRwGWjAodghjrn4eEdgrZGDCgn5KutNkPeTcd4qtyQdUWYJHruSjT9Tpcp2tnzJv1ETUFLbLTN5Kt3,1787076404,Hedt6aVyFRvxpQJkrrqgZ3e3JxUNb7ufCVyYXMnHYYE4,buy,2.721589314,117226.04702024901,117226.04702024901,balance_delta
55zYZMxErejLnuE9HNsPhvov5dgJPqJDokg34ojkvSFC9rd9FvXEvvD4awXKbcHnVy4sT1xDkFjDPFZAN1mKEty9,1787076405,AaJsuS3A6zQsV2jdwEVoe4vJ3mjKXRw41siqweSKNchk,sell,2.980657752,129793.78015777702,129793.78015777702,balance_delta
4dtTQyGCNaVmW6zD5aerynC6xcUd5WWMubAPYNv1eeS4EnS1ZCuiB34K6ZiiBDMS1hfjX77nBF8eRVgFwwVkJHZr,1787076406,AaJsuS3A6zQsV2jdwEVoe4vJ3mjKXRw41siqweSKNchk,sell,2.6653304859999998,116814.40214199899,116814.40214199899,balance_delta
2aZ444oGn82rgw37C1JNJvzFDBVdHZzADXBmta9PNsdPw35MEwNsiEzSw88wMKJRnfG4otXUr9Jf2f2xfrAWJbgH,1787076407,AaJsuS3A6zQsV2jdwEVoe4vJ3mjKXRw41siqweSKNchk,sell,2.3459368709999997,105132.96192779904,105132.96192779904,balance_delta
4dzjiVY6SRbuHfTmuxNWamikLTjJYvrvzYsh4JBAUHN17MPTpKtBvDGGzsoU3kz9gpkQFMvFH8HyBqUks15BZVc5,1787076408,AaJsuS3A6zQsV2jdwEVoe4vJ3mjKXRw41siqweSKNchk,sell,2.1040534799999997,94619.66573501995,94619.66573501995,balance_delta
nFNFPRV4kBzzXvnVRRiUGYkXr2JGTBtnLk9aJ5nhZma9WPiCfbRtWZ6g3DirDTZ9NYSL9SXsdjfyTD2Bh4hTtQs,1787076408,AaJsuS3A6zQsV2jdwEVoe4vJ3mjKXRw41siqweSKNchk,sell,1.985122864,85157.69916151802,85157.69916151802,balance_delta
5MtUAGu5qoJNyi5emPrW8zrpqm6CMpfBCBuY9mUxDyRLQZhikNCsrNPNp1pFkp9ZGhs8ACfEUGmL6jqnRjD5ssz7,1787076410,AaJsuS3A6zQsV2jdwEVoe4vJ3mjKXRw41siqweSKNchk,sell,1.758446717,76641.92924536602,76641.92924536602,balance_delta
5aP49UVhYd7TYHh3D7ReJCk1mca2B9vh2avbVTGErozLhCYBvfYcFhTGFjz6XyczM4Lpfc7VwzWzWF7d32KYukVS,1787076411,AaJsuS3A6zQsV2jdwEVoe4vJ3mjKXRw41siqweSKNchk,sell,1.600584104,68977.73632082902,68977.73632082902,balance_delta
35o9uZ7piYYbwN6sMfEWrjyiChR1Duw3XE63D5juJfVsJNhRhyVFLf81h18GcCoGcWKXCdbRwKaVGWN1NQ7ePhxm,1787076411,AaJsuS3A6zQsV2jdwEVoe4vJ3mjKXRw41siqweSKNchk,sell,1.432734838,62079.96268874605,62079.96268874605,balance_delta
2ie4sDFuaj8KsWPMv5rxT4h4E75JqaLyZ9PdM4K7rz9tVRcHT4e3KRCKwdd5UQ68icy4ncCoL2T7tnunXtbpxrRm,1787076412,AaJsuS3A6zQsV2jdwEVoe4vJ3mjKXRw41siqweSKNchk,sell,1.3030454519999999,55871.966419871955,55871.966419871955,balance_delta
q9EQdXYWwS2jEsk7is5yEjp7ESDvUDcRME3D1nEK2WrUbsZwEEfHN9gJf2DgKCTHf1W8SgAwhsQSjjkprfPZStU,1787076413,AaJsuS3A6zQsV2jdwEVoe4vJ3mjKXRw41siqweSKNchk,sell,1.159192497,50284.76977788401,50284.76977788401,balance_delta
4FS37v47PnuBnuWE2cJgDupuGvvF3x4EPjVyPxehEKHPT5GBCvVw9j8v898hKPDDqR5iGhgVFzPTfm8XA3vuWe4z,1787076414,AaJsuS3A6zQsV2jdwEVoe4vJ3mjKXRw41siqweSKNchk,sell,10.240792962,452562.928000965,452562.928000965,balance_delta
3siu9j4YD9V31urJT9Wn987VMFJ458pZKfCWL4uWtuurEAHQo6KcquMqz1BMNn3i9CHbu61KRkN6BZNEtTJMazJY,1787076418,2z2q5gk8TDgqCidzkXkyevXH1aDaVjWL8cQwoRbMF1Jq,buy,0.006,252.0560481700013,252.0560481700013,balance_delta
22SZ5a8MXmd5NNGnDqcbidBZvLjsLLUWj648EdHUNb77QLJ4DVeHr6QkVT4nXaTPWSJdkZL5yKfcBZoyNSP18yoY,1787076424,rAHF9X8b6JfP5DvM3b1RhuJVco1NZ9RHsxJvdSVWixf,sell,2.3512585610000003,99999.99999999997,99999.99999999997,balance_delta
45T44FmEWXfXJCzuSbHhPgV6F59iePULyGGnVtPdAj9wPXu8jWdcFXpDfVubURmAMmrHCEahionCJtRJa8tLkdqL,1787076431,2z2q5gk8TDgqCidzkXkyevXH1aDaVjWL8cQwoRbMF1Jq,sell,0.00570343,265.71624516300653,265.71624516300653,balance_delta
4NwGwQLhidTPVs3tzkEbo1dLqMx21qK3ATnxCME848e7efVWtazL4Jy7wzesP4i21LviaZUesr2CFdreRjh2p7hz,1787076440,2z2q5gk8TDgqCidzkXkyevXH1aDaVjWL8cQwoRbMF1Jq,sell,0.005307059,247.57630185499875,247.57630185499875,balance_delta
2YYm4YTLTEM2ucBk8VHtLFfxMpR5UrJyKpe56baEH4voKeFJSBVKVKvvc1FT3E7FBiNgFjmxWVEyZS1CJsgfToyG,1787076450,2z2q5gk8TDgqCidzkXkyevXH1aDaVjWL8cQwoRbMF1Jq,sell,0.005500311000000001,252.0560481700013,252.0560481700013,balance_delta
59iFbp3JXMzPKE9xF5nbZMe49GR4fHLiQEC8TKwEPTSweR4wQdBxMbMvZaiDyfgyPtdbTf66LpnGQ1aL893uie7N,1787076456,CbpnbXAD9PUAwVcYjHY96qooq6eNnoLiZzif766gqLPH,sell,7.7542802040000005,326917.786357648,326917.786357648,balance_delta
4jLy4213jmY741u25TE6i9CL5z4zpT2JnTcoJYN1crqm5gyfpPAYqrKaC2LmZ6oRPxTD3xhUS7C4crfsVQQxgceL,1787076458,CbpnbXAD9PUAwVcYjHY96qooq6eNnoLiZzif766gqLPH,sell,7.9374468799999995,320791.718003617,320791.718003617,balance_delta
wnnkCSXFKbxVjhpSTbEZuNNPu7t5cYTLz9oJ6cGbpibDxXyrF5e3nHJn86WsEGTJMtVrsjg1rJ762KuxWW8N7CV,1787076467,34rTaBgPLXZXuZuP2LjpDdJZKr9NQ2P8iUy4as7fprPG,sell,2.0135812619999998,82926.02146532,82926.02146532,balance_delta
62XkWqcPBYs8X426QzRHJg1xRSPHToP8odHZ9AxU2a8RqkeRgVwiqZGPAMMoMe7DuFN8PXHcqLm5HkZz1WoyeRFt,1787076473,2z2q5gk8TDgqCidzkXkyevXH1aDaVjWL8cQwoRbMF1Jq,buy,0.006,249.6979055480042,249.6979055480042,balance_delta
exyyGfnBQ7w2w62dKoviyYjXJ7mSCUtsBbToa1zfFpGHVpZN7gPWLtRNK4WoyA6uG52yXwXUp1nZwtueAzZH5aX,1787076477,4W1G7xANgXQK3zxMktXQDaVQL8gNvbdSwKJSeCA4xesy,buy,0.50803928,21774.99938742,21774.99938742,balance_delta
3Zyj5rVCZJp7mnZd5qTFuHBr2zaF82zp9UBkm9rzC3nSkpY3VhscJa7jyD8fhP83qk6DiB44QLQdM9WYtGZiFmyb,1787076480,2z2q5gk8TDgqCidzkXkyevXH1aDaVjWL8cQwoRbMF1Jq,sell,1.293509015,56395.194208498004,56395.194208498004,balance_delta
4SGQwkLPWTH4m6fDmsGvp6rKBkD9WA21989a9juWUiHuXybxvznhHJMpzRCLy1jG8keGdKJKoDi2XBw1mgveLKZY,1787076481,2DCW6PvdpXwscZVanFmDLB7svT2STkUj2SuXSMR6C29g,sell,0.565820027,24953.753288987005,24953.753288987005,balance_delta
2XnmhJn4QKsuihU8eHQRRYY5cNaq3iPcMR3K2WEhyUXE7eg919Dz1bCx8Vw24TG222WtP2zbLZ8189NC3n9TH6JP,1787076490,2z2q5gk8TDgqCidzkXkyevXH1aDaVjWL8cQwoRbMF1Jq,sell,0.005684481000000001,249.697905548,249.697905548,balance_delta
3EcwhrvCLAQcENBDWotvL1e38QTVzVC7zrURNNfBU88d5mfRrQpot8xnfDtZ6n8favQYxEmhVPhbtdhjhBSCA5Z3,1787076505,9W298hjW9MJ9mW3H8LHxzdqV5N7jKgnN66gQzPACg9ZT,sell,14.092304516,647123.8118248153,647123.8118248153,balance_delta
4G94MVu9Kw6oXXHZnjbg5EbzeHzcLufns5suKXdur5xGyvEeni8C97eZ9Zp4LNNDf9xRPVC9A6UTApiUd3CqtoUa,1787076507,9W298hjW9MJ9mW3H8LHxzdqV5N7jKgnN66gQzPACg9ZT,sell,12.420640658,582411.4306423347,582411.4306423347,balance_delta
3sKoCvs2zNM6GXZVAo7GxBo4NFqBrGnBeuHwdDmxdFK2sKqrFumcNbmxHma9qrT6eAGr62HVrknbxYQoBeMrWCYc,1787076508,9W298hjW9MJ9mW3H8LHxzdqV5N7jKgnN66gQzPACg9ZT,sell,11.088987783,524170.28757810034,524170.28757810034,balance_delta
556ZSjdtHu6uukENPYCEMqHSNkqxgVawGbY2LotAR1vpDLBkLLQe377UfxU6V9sXAirXQ16JBKbtue5ANyKiWgWY,1787076508,9W298hjW9MJ9mW3H8LHxzdqV5N7jKgnN66gQzPACg9ZT,sell,10.996816066000001,524170.28757810127,524170.28757810127,balance_delta
5jKJhVUgvEWWUTm8qXPCxUHZBFsjViS5runb4rHK2XR6J4T9CCSvQt2hsHkJyvj1ZutGbLsXDHNJLPqkrWHDvDRf,1787076510,9W298hjW9MJ9mW3H8LHxzdqV5N7jKgnN66gQzPACg9ZT,sell,8.567101847,419336.230062481,419336.230062481,balance_delta
AoBFP4acjxQEdRbRnNUjBMPBCAjKaXVJ36C9KjSDgeqifpXBDuEKdVYPspFsYx3YQTzbB377DRHPERsBVDVfjga,1787076510,9W298hjW9MJ9mW3H8LHxzdqV5N7jKgnN66gQzPACg9ZT,sell,7.584060671,377402.6070562331,377402.6070562331,balance_delta
4PA54HFuq9q1USSTMhbDZVGsVE2CPuWacwuSj3twuQj7YGU4cZ8nM6KQkeA5JiV9T9y18hfxMDPrmypC3jeYewK8,1787076517,Act5xzJ7DhXrdNKbRw1yTzQUmT4hYtAPgFKTP5WzPBva,sell,0.582454312,26478.17702022096,26478.17702022096,balance_delta
5r8kqJfZ3uHvGWMH3TaYfn2qrU5PJeaEDkar7EXWwFL1RmbVN5FD4jRs3a6L4jGTg92QkoNjjzAHPxXDDdiT2PxB,1787076568,2z2q5gk8TDgqCidzkXkyevXH1aDaVjWL8cQwoRbMF1Jq,buy,0.50203928,28076.130387305,28076.130387305,balance_delta
4o33XAMq1iwyFNsgNMbxrcMVKMa9arFMzqxPpTgpJb2fb1JKwaApvWqbTRfyc5JMcUQcSaX1UkdjoeQqCcwkW5dV,1787076605,2pUUZYtokRgDV2YzL6M5pjb1jyoHE367yU1sdQ7ac3ea,sell,0.07478870900000001,4450.520714555,4450.520714555,balance_delta
5pjmAfNoKEBC788HBCVR9ShYnL8MfuRCWaoULw2jD9EUhjkJkrBa5inpud7Hj8GMgT4ANPR6Ue8A11DUECieEJQp,1787076617,9W298hjW9MJ9mW3H8LHxzdqV5N7jKgnN66gQzPACg9ZT,sell,6.348200865,339662.34635060886,339662.34635060886,balance_delta
4EFHoaTznEzTAw9uQRbAzmsh7HmvLNn5fvLefToAuVs8sLYv4DVQiqqkBDWDgzHsh4ZUGXRCWcSVvmLDWZ9Lpepc,1787076617,9W298hjW9MJ9mW3H8LHxzdqV5N7jKgnN66gQzPACg9ZT,sell,6.293525551,339662.34635060886,339662.34635060886,balance_delta
3bbJ85ZYpwSAWRQrLTSn6jDJhRtiLzZPLDXTPAFH7geNf6APeDXd8NiUJ9VhbQjCSRukpYw6RHHxJoZB4TGuNNrD,1787076617,9W298hjW9MJ9mW3H8LHxzdqV5N7jKgnN66gQzPACg9ZT,sell,6.263720612,339662.3463506093,339662.3463506093,balance_delta
3VvSY57HqckvefJMiFLLvddZvSNwHWVdL6xTAupixv52bXc48gc5g8kAb7G2Ahn9Jsi64meR6rzaKJxnUUL6jgGk,1787076618,9W298hjW9MJ9mW3H8LHxzdqV5N7jKgnN66gQzPACg9ZT,sell,5.027242062,271729.877080488,271729.877080488,balance_delta
3BygiC8fMejbCAi1cXqdxNBThetrAzwp5M1pRLneGN7Dqo2ufcUjiZtHCupJXq6PVfy5g93bmFDmRZi2mWEsX6r4,1787076618,9W298hjW9MJ9mW3H8LHxzdqV5N7jKgnN66gQzPACg9ZT,sell,4.3750847660000005,237763.6424454269,237763.6424454269,balance_delta
4ehS6y7oqrgPXeWej9PfmWE4dDHLjg5dNxtm32JmTcRUG9FBbzprihx6mE4ZbBiRYTHkiZ9CHAN3tpPvLCznSxfN,1787076618,9W298hjW9MJ9mW3H8LHxzdqV5N7jKgnN66gQzPACg9ZT,sell,4.3582141320000005,237763.6424454269,237763.6424454269,balance_delta
4C2uFUmKae66HXJCpvC9obSi7qAe2vagfnvtSughGApgsAZ5zarLBjinRWHjzM3Ws47Gbp4SSW3gdBDmqaCAfGnZ,1787076618,9W298hjW9MJ9mW3H8LHxzdqV5N7jKgnN66gQzPACg9ZT,sell,2.983609638,163037.92624829197,163037.92624829197,balance_delta
EuM1Hv56NxuLY2kFhUGGNPSDrUmB7ZWqaddYCg64svTMPBoZoMVK56AkKPEA3QaAP5jHJZLXsJKm9RHpZtz3FHi,1787076619,9W298hjW9MJ9mW3H8LHxzdqV5N7jKgnN66gQzPACg9ZT,sell,2.9400552999999996,163037.92624829197,163037.92624829197,balance_delta
4SJbD3HyFz7T6ZE6g123UHkjzWqMfeWDWkGyAVpW9MQx4SoF159SG7uRHsG7JvBZwN6zhvTStCagQKrR4YLEvCFP,1787076619,9W298hjW9MJ9mW3H8LHxzdqV5N7jKgnN66gQzPACg9ZT,sell,2.6389761729999996,146734.1336234631,146734.1336234631,balance_delta
2zgBujFLeAxeiDu7SH3uqiBwy45iJLo4tBhUvKUL3LJDxfLiv9m12smCz7x89Pj49SxG1c4J128XzWAMtqb3NF51,1787076619,9W298hjW9MJ9mW3H8LHxzdqV5N7jKgnN66gQzPACg9ZT,sell,2.631543572,146734.13362346299,146734.13362346299,balance_delta
4eZbAoYJoJzSvqhji9z2hdaW8eJG71Dda8MoHB4q7UbVpe5UfvaB1CTrAboPBgrKZWpvM2KWEq3AQLhgaVJyUtqk,1787076620,2z2q5gk8TDgqCidzkXkyevXH1aDaVjWL8cQwoRbMF1Jq,sell,0.505881612,28076.130387305,28076.130387305,balance_delta
3Tk6QxLEXWY5Rru6mVN8RUqidgFKd27wWzwESzjoU7DnPFfqxvK9oUxCLwpAf7mUEgApd6B7v5HpvLDrQeXU7WkV,1787076620,9W298hjW9MJ9mW3H8LHxzdqV5N7jKgnN66gQzPACg9ZT,sell,2.3404196109999997,130430.340998634,130430.340998634,balance_delta
61m4kLbgHWHJbQzA8Xc9qUt3E2khWWZk9FYexV78Gopd5qG7CX2VxXBnTBFXdYdcVRnAZhvfyAqr7UnqXxc97wLP,1787076621,9W298hjW9MJ9mW3H8LHxzdqV5N7jKgnN66gQzPACg9ZT,sell,15.450805920999999,880404.801740785,880404.801740785,balance_delta
4TyYMKpye46LRXU5gyBqnTXTnDm9erDhVwi2NM94VVJkdeaBWnv5FqUdoEEyRLsEA8nsYqC2d662bAWXRtfWVBDy,1787076622,4iDyxGxPRC66QBNwYqMn74VtVm5Moy1ns4w3bAqYGvRG,buy,0.0501,2797.729005590998,2797.729005590998,balance_delta
4Z8nMj7M4K4eqhBe535KYVYw8Wxu5a8rteV95fcF8F6UpqU2iVaXmVLYNjMsWCwdPGDTQXsGqPNJgox5dy6biKyo,1787076622,4iDyxGxPRC66QBNwYqMn74VtVm5Moy1ns4w3bAqYGvRG,buy,0.0501,2738.5566375609997,2738.5566375609997,balance_delta
34QwLjUTxyfgZmPmsh6Jw29KKATeJJRnNguKqxeeWMgWSbD4hATnwGZNh6pZo4h1NRzapexGWD1KjKSYYakFW3tb,1787076647,4iDyxGxPRC66QBNwYqMn74VtVm5Moy1ns4w3bAqYGvRG,buy,0.0501,2716.2790658560007,2716.2790658560007,balance_delta
3T23sPTHNhHqnoejyKc174Zv94MANttDs7VWfCdNspMtJSvKDeyDRHZ5nrXsbwEg2xiTqgvDnqE2sKYvk3oCKQu,1787076656,9Q7rXKnZr3xDm5jgEARhh9sPMk4pDpXsct1HjaPsQZqi,sell,0.00017744500000003104,11.014685928,11.014685928,balance_delta
eigo5qtmgQf7Qbu1v3C8yp9dpaMUxDPg6VuVUW3u5vFxFFau9pf2dPzf4mDrJMfAQkDZRbRcYRpR7ciPcswNVwy,1787076691,4iDyxGxPRC66QBNwYqMn74VtVm5Moy1ns4w3bAqYGvRG,buy,0.5002,24093.490681063,24093.490681063,balance_delta
3nm79hW8G7FT54EQ7QvfWcrMqW6nQQmL7o7FQpAfQRu68S8x9yYT6gL75bahzEUVtfg5DfGKzjvWHW2DMzbW6p6n,1787076761,2DCW6PvdpXwscZVanFmDLB7svT2STkUj2SuXSMR6C29g,sell,0.7503999920000001,37430.62993348,37430.62993348,balance_delta
4xGoWf1xsurqSwx6numuBhYPAw6dWzqPsyWZNWtKoDaajLsDUuXBxisLTuZ7KotQoPXNG2DXs4XZ7nWiR3hDa3wQ,1787076783,9Nc7QXztAZyyhrza7PMyBLL61YsL7NXbRRkHNcU3Vx7i,sell,4.474579468,230789.364007488,230789.364007488,balance_delta
51Mzk7rvJitTm2BTvoDGVvBmZ7jhhVboLxRriKA1yMSeDfG3jyUbc4ez9kmnWdqVJUzqgfk6sL7mbfyxcUNgTEZF,1787076806,2z2q5gk8TDgqCidzkXkyevXH1aDaVjWL8cQwoRbMF1Jq,buy,0.00803928,268.781740275,268.781740275,balance_delta
5dRntkPuJRe4pkjRw3in7dsXbb4Vy9WeSPBmvx7R43QYvuM74n6JXze7dPw9iBgiC225bUB7mK4JKT9Nxfo3RvqR,1787076809,2AwjJTdTWCu6QjyZKvF6oVEd9TkQP1WYvVswFvDEySxn,sell,1.131828789,52752.77173180296,52752.77173180296,balance_delta
5oyW6KFMyWVyY39fcpspgYhGJCxiVhXxUHhqmtkBL6HF5TLwWwKzVWhRGy7Gh3QTRJTKWygiU89fdXFzaXRRPa7U,1787076809,5kidNviTucvoHuFGuPQUikWokMxsLZMncGrS5gK9Cujs,sell,1.1693636490000001,54381.739968282986,54381.739968282986,balance_delta
2L7oBidY52iM5qJcjswgc8uo7D9rqKE3tvNds9PLPVfeCRRa4y8h8Vw5Hv3sSuT9WxaEWUexh1U8ET9mKh1EVzyc,1787076809,DenZLNzBtE3L8T1kQFKh8oE7FCXBrdsM9xwCbsnKvdJq,sell,1.1744336960000001,54775.972966070985,54775.972966070985,balance_delta
246AhU1E4Pe9MAYuXuvHATkXzN2NJDpW2kNK3KDZoGTGDpN9aLBTCFRSKKPgFg6WjftTFHN3EvUZP1HSCUaTCiA6,1787076809,Hedt6aVyFRvxpQJkrrqgZ3e3JxUNb7ufCVyYXMnHYYE4,sell,1.175516261,54935.402134136995,54935.402134136995,balance_delta
3j69ktNE6zwkuum4w8huGcX9BGH3DBnka3jYVRxuHWxcA2vicb1NHdqEL4R5dsRcnmrCUa1UD8YkNGW6amzNmZrQ,1787076810,2AwjJTdTWCu6QjyZKvF6oVEd9TkQP1WYvVswFvDEySxn,sell,1.030357703,47477.49455862201,47477.49455862201,balance_delta
39DRGmPrATUBXXXKranzCAti1GiCw1ynLcmm4U6PqBMRyTHkowFYpCd3fUzSiPJGDktHzFarJWLtroizEVv8R6j7,1787076810,5kidNviTucvoHuFGuPQUikWokMxsLZMncGrS5gK9Cujs,sell,1.066301859,48943.565971453965,48943.565971453965,balance_delta
VbwBgG4NUrSYeGV2obtsrNMHr7QPyTUkdRTYXSfMKCofgp8R3RA78PcxMESftkjUN7zCo15qjJ2qqAdm78Jt6VK,1787076810,DenZLNzBtE3L8T1kQFKh8oE7FCXBrdsM9xwCbsnKvdJq,sell,1.073112966,49298.375669464,49298.375669464,balance_delta
3sn1ZHBwQJ46Kcph8FPc6Tc8qmgAKB3Hc7NoBzNXPuVpM7wAzsAiV4n67sot1fHMUavAVwRKECDkognHBAUHA64Q,1787076810,Hedt6aVyFRvxpQJkrrqgZ3e3JxUNb7ufCVyYXMnHYYE4,sell,1.0714496439999999,49441.86192072299,49441.86192072299,balance_delta
35WKW4kDEBJFRhxsqKPiy14XYgH9G7hTUwendZHhuXvzTa2XPGbHEknfsoBUa35nNXKspbqZoCABNAQtniGd3UxH,1787076824,2z2q5gk8TDgqCidzkXkyevXH1aDaVjWL8cQwoRbMF1Jq,buy,0.006,280.543027406,280.543027406,balance_delta
4ZHHLdQKnWrgvfTRL2qyrR6BPZzYKHksLFxLkP4fEqU86hF364kFVxpWZBoNBgXDHKRbXwC8atHT4DqMe5Yxttej,1787076826,2AwjJTdTWCu6QjyZKvF6oVEd9TkQP1WYvVswFvDEySxn,sell,0.923564155,42729.745102759975,42729.745102759975,balance_delta
5352rja4NAA6svPL2CX3q2kycJEqtiNoC7DCoDAwq52iDqNQCFUvyDmaTk9Y6qgUZUtNq7sJGXnHggC2uvpPV1S1,1787076826,5kidNviTucvoHuFGuPQUikWokMxsLZMncGrS5gK9Cujs,sell,0.947595648,44049.20937430899,44049.20937430899,balance_delta
3Qne2wPeuooTefnpY1CpAhoqMjPz3U38FfswSeDapZgucc9XvRmdw2bXFocWSwQkzGxMCycfTyr1Z1hh3DKvGLRC,1787076826,DenZLNzBtE3L8T1kQFKh8oE7FCXBrdsM9xwCbsnKvdJq,sell,0.956817853,44368.53810251702,44368.53810251702,balance_delta
2sLTczQrs6KYC6hpvteVQXvjViPsXHaXzquMCHHkkti8Mmae2P7t4V5HdxD3SnSTpCyMJFRKhWjwijBvoU25pBxx,1787076826,Hedt6aVyFRvxpQJkrrqgZ3e3JxUNb7ufCVyYXMnHYYE4,sell,0.958058973,44497.675728651,44497.675728651,balance_delta
5RjLUBvpqwVum74sBnmu2xBvuNrwGiJymzAxFxZgYa4eL6vb4j8vpdjeTgMd93fpSCQzYGeMu9NmiG4ZD29ir8aP,1787076830,2AwjJTdTWCu6QjyZKvF6oVEd9TkQP1WYvVswFvDEySxn,sell,0.8338269939999999,38456.77059248398,38456.77059248398,balance_delta
4sY6YY9KUbkctMZHPzUhQ3tE53wMkSq74QYh4gbZZi2jDWtauJgCnTF4XAKpA2aYny5MZcbRt8MpW41u5jVgZsej,1787076830,2AwjJTdTWCu6QjyZKvF6oVEd9TkQP1WYvVswFvDEySxn,sell,2.08313657,96141.92648121103,96141.92648121103,balance_delta
2iWJrRC2cnRkAqqyQzdfzTCd8e2bc6uMeoCGBTwmH4qEJHDHn9szLd3gwH345bEVAAPFxcSQddWqhLsFzSsKPdZd,1787076830,5kidNviTucvoHuFGuPQUikWokMxsLZMncGrS5gK9Cujs,sell,0.860924901,39644.28843687801,39644.28843687801,balance_delta
4ugSwNDyytvdR8pHGBNFbxjS9mrYwfEjLWzCVD37pidW3BvcJA2XoP7oafWEnkkES6PRY47EP4RuxRyoWaTL9HwP,1787076830,5kidNviTucvoHuFGuPQUikWokMxsLZMncGrS5gK9Cujs,sell,2.128372343,99110.721092196,99110.721092196,balance_delta
1pFjDCAtVuSAev5HkZomCTYufQktz1XnZa4wFvPkANdxdJBSKEFy6dfEx4hbSdanwXLBffdp5n7AsmFR5fok7po,1787076830,DenZLNzBtE3L8T1kQFKh8oE7FCXBrdsM9xwCbsnKvdJq,sell,0.8690868469999999,39931.68429226597,39931.68429226597,balance_delta
2USkgH9jqJkbmZ5t4v3zKZUtnQBPCcQAEisJjqBzQ1WWmzU6oYPQytze3uSYKTEH9EnTzx4d6YzAFmJsH382j6NR,1787076830,DenZLNzBtE3L8T1kQFKh8oE7FCXBrdsM9xwCbsnKvdJq,sell,2.139903896,99829.21073066501,99829.21073066501,balance_delta
4vBx2vvGDmtmMLppDzEaL2a1eiC63zPHMZUawWTmqGCxHnFDRVbdfmhHbhXDib52gtFb7rt6L9rxWku45gkBz7v6,1787076830,Hedt6aVyFRvxpQJkrrqgZ3e3JxUNb7ufCVyYXMnHYYE4,sell,0.8678247539999999,40047.90815578605,40047.90815578605,balance_delta
3XjNM837h1QNshriStRsSQci54drYjPhcsAHxrnC5r8G4ePffsaoP5e9sPE5mNbBn5gcP4k6oLozCCBmpEdnAte8,1787076830,Hedt6aVyFRvxpQJkrrqgZ3e3JxUNb7ufCVyYXMnHYYE4,sell,2.15788088,100119.77038946596,100119.77038946596,balance_delta
5ycfpU1tABmQjqcbzmxwnq8FSxrmR12uURkoHVyWSHc66hnJCZ1hrPKBC4Dro4Fu6EK1skVD8mHEjqqZQv7j5yBj,1787076833,DenZLNzBtE3L8T1kQFKh8oE7FCXBrdsM9xwCbsnKvdJq,sell,2.791487097,129777.973949865,129777.973949865,balance_delta
21iucwxeFGf14DAsS3Psj3voAbkQJBjZaQyRMGpYXFf2S6kQkaEzoiZ2ZAtCMafkXoK6i2U3xhup39EjcYG6xGQq,1787076834,2AwjJTdTWCu6QjyZKvF6oVEd9TkQP1WYvVswFvDEySxn,sell,2.662742531,124984.504425575,124984.504425575,balance_delta
5APdriyVY6L7Kzb2xrSgfzJ7k573LgxCBXHc9o13ZCCQJVVde7ynfvZN8RVi3ocNZ3JtLhTx7ShkpC3vZYtsnJNS,1787076834,5kidNviTucvoHuFGuPQUikWokMxsLZMncGrS5gK9Cujs,sell,2.738689383,128843.937419855,128843.937419855,balance_delta
tPEwaREdYWgx6g1scE3yrzX2YX6dHBAogiUhdPu6cb3EkwLkEFEFbEtbL6yBaSbrDxryBJeMDcLANzXiR8gpnvH,1787076834,Hedt6aVyFRvxpQJkrrqgZ3e3JxUNb7ufCVyYXMnHYYE4,sell,2.78578394,130155.70150630601,130155.70150630601,balance_delta
4oRfnQ9HAKysbTZyxj5pNCuqxcnnopzu8FMfof38gRTo64KvshVJeDow29TcbyLcPKnZkHDLZeWzfWHPZnDasuEY,1787076835,2AwjJTdTWCu6QjyZKvF6oVEd9TkQP1WYvVswFvDEySxn,sell,2.664449124,124984.504425575,124984.504425575,balance_delta
3ddPNBoVkd8Crhovh4prQhFHwn8dBSwaszPiKtHPMgD15jqaKr4uSqyoivPi5nnXQc7g5gz5FCpSKyQNMZniZfP1,1787076835,5kidNviTucvoHuFGuPQUikWokMxsLZMncGrS5gK9Cujs,sell,2.740442744,128843.937419855,128843.937419855,balance_delta
5pCj3YmL9NmBcCZfv8U2Ph7xHst6EJiPKMgGAfEFxFJNsBEiQdjbbuPmNfbDG9dTYbsbT4Fmrxr5itr2yJ1f1xtY,1787076835,DenZLNzBtE3L8T1kQFKh8oE7FCXBrdsM9xwCbsnKvdJq,sell,2.7538070759999997,129777.973949865,129777.973949865,balance_delta
3Ntn9okjQ5ZJmG3XdfuU2piFCwo4ZSSH9ZP2iQKX6oPhFX63BVy4K2exn7EYyiGvYYCwJftsep6oJj2YmKNjv6bX,1787076835,Hedt6aVyFRvxpQJkrrqgZ3e3JxUNb7ufCVyYXMnHYYE4,sell,2.7552774959999997,130155.701506307,130155.701506307,balance_delta
WN9aHZYFfn3q3TpzHEhw9RkcwKqGq5a2sLTmNgxkvpJM2fxNdED2foZxwFnQW7K4kNK2xma9pLvHUZwkxCNK9fB,1787076867,2z2q5gk8TDgqCidzkXkyevXH1aDaVjWL8cQwoRbMF1Jq,sell,0.005441496,268.781740275,268.781740275,balance_delta
2Rc29VGhU72T8oYf99fx3YtPTeTakp8SeanX7iotVQ2eTH3hKwPgnr3UXTezBBM2r7rjEHWKnFZvHEAKWjZG2mtv,1787076872,7kjxRWRMGGcRVPugDhCciUy11Xye9HuNmgffWRaDnAiS,buy,0.314079852,14703.917012924,14703.917012924,balance_delta
5vo72GiVQfvpibpLbRgE2JLDK2GQT27HWLuyFrujTZqNUmC59LZhi7sYiS1MpVFXsAN33xdJ4NqTJpcR3Mmq4ao4,1787076879,2z2q5gk8TDgqCidzkXkyevXH1aDaVjWL8cQwoRbMF1Jq,buy,0.005999999999999999,269.767352301,269.767352301,balance_delta
3kRA57adAaM7iHEjrss85UsmkbJDbRxyPJDC3aEpkz5gKJdGfCPKce4aMYFXEFLRsG2PgAXHgCt2B6o9ER6rtks1,1787076885,2z2q5gk8TDgqCidzkXkyevXH1aDaVjWL8cQwoRbMF1Jq,sell,0.0064648679999999995,280.543027406,280.543027406,balance_delta
Tutt5jz2SHJw9vW2QxMd32Wn17enGXkq8khYgnoEj2ScpeKCz3VydXb8GFbMGi9e2xxYXCEj8jhJZH2iuyiKWJw,1787076897,4W1G7xANgXQK3zxMktXQDaVQL8gNvbdSwKJSeCA4xesy,sell,0.522843335,21774.99938742,21774.99938742,balance_delta
5Uo5qKqwfzouKqVT1UCffMtPvR5ev9UvcVpQTtpH6ro3ACczUBWbuo9hRHFX9sxbAsxeD6bCrLVTe1uHY64tp9SQ,1787076899,93u5BsWsPxuLRzcDqwecZV9TiXEV7qNavef6fscPnSb5,sell,0.06438022099999999,2617.981020318999,2617.981020318999,balance_delta
3ZZyMM5nNmqn2PaWpd8mCzZPNKeeEXjR5DonoJu84AkMttzyeGvaKYvpwJUDbh9P9W3oAwrLmKrMY7nEyQ4NfQz1,1787076899,GEPiePuVYQcbShk7ACa2YASeLuRHqvcSZpS89keWZecG,sell,0.059674319,2426.7949190129984,2426.7949190129984,balance_delta
oqrX6XjH7KPdPnykERP7ZXmeGs3jk8wFiXMCNNN3KVYDr59v8Q8eZj7Xt7devdVpqQEK7Ci1BpU7NYqnU3kbun2,1787076904,93u5BsWsPxuLRzcDqwecZV9TiXEV7qNavef6fscPnSb5,sell,0.059684917000000004,2356.1829182869988,2356.1829182869988,balance_delta
5JXN5hDYtkUt4AToFDAP6iL41mBm7Hw75LUg1jqU6g9pfSZtAzE1cqXDiYV98bSCcdUpNdtSQoL8VfuufLp7meBv,1787076904,GEPiePuVYQcbShk7ACa2YASeLuRHqvcSZpS89keWZecG,sell,0.05531643,2184.1154271119995,2184.1154271119995,balance_delta
2JqcxXiAaRXJqqxXFYqVJ45pSAcXGGeFCyi2qhptQDV6XT6iFHoSuUrSWgGBbq5bYA1txf93JMY5s5p88p8VZYQP,1787076908,Bc2FpV584T1bKBp21xP2xzUH3tATBCvL85Y3ffubG6Yo,sell,2.5144851470000003,100000.0,100000.0,balance_delta
3hj3vrutRJ6diNKxvzS8t62METEaAJxQKuyp4jdnvzHBVFKcQ6xiiDz2CypNLwwZHAae3DbnNTnk8JWKXj2mcyph,1787076918,2z2q5gk8TDgqCidzkXkyevXH1aDaVjWL8cQwoRbMF1Jq,buy,1.24,48273.455548909,48273.455548909,balance_delta
2K2PPRkydrmmbSUg9BzAX3fWWW3YPhGJKaFVMPtfQhd89otQ19teRhuaDzPgLCPjxBNp8jMjG7NjwKybbiXGqHs2,1787076923,Bc2FpV584T1bKBp21xP2xzUH3tATBCvL85Y3ffubG6Yo,sell,2.620018155,100000.0,100000.0,balance_delta
2TAz9DZGQC5gMWboi315ZyetZyAVwK77Px4ohKA22DXRskgC6j8ywfAuMZSYJdnj8RWd2GFVJc13TZ3GguUEC1K7,1787076940,Bc2FpV584T1bKBp21xP2xzUH3tATBCvL85Y3ffubG6Yo,sell,2.609462889,100000.0,100000.0,balance_delta
3jfo2ntHS4fjTM7mB5aPHk9VYo8EXoktAmYVBHc7nCEaAGBinZkki8ksZbV3FcWhMfwJgvbYsftbq3r8r7TgdizG,1787076951,2z2q5gk8TDgqCidzkXkyevXH1aDaVjWL8cQwoRbMF1Jq,sell,0.00695383,269.76735230100167,269.76735230100167,balance_delta
3R1WBxUhXLY2w7uBUaz3BDKKmjPeFHsBmQRe4xpDuXSg2Xvd3xRx3HFxsi1F4BRLdMhY8mCNNuK3N9tx7DQ2jQNF,1787076979,2z2q5gk8TDgqCidzkXkyevXH1aDaVjWL8cQwoRbMF1Jq,sell,1.2206915489999999,48273.455548909,48273.455548909,balance_delta
3EXQVAWaFVhxn2VGtHSTNstGwLcVEi58pG9Ens7e6ftVZxJBCHE3DVcwASKLv1XBNgJAqze477d7mnzeCCrgdzvD,1787077029,GjGhvk8AdrQQnyhfGcaF3TNLo8tngc42QELQMoBkTGaD,sell,0.116081223,4646.181617119,4646.181617119,balance_delta
3BJyodEED5k3qJKxHSk9TPZY3HFX4jBR5m8GWxAT9KZiqQ5iNPwJAAMK2qR7AXgt2ExoNJmsNjocfWsiLNkSoXo1,1787077062,Bc2FpV584T1bKBp21xP2xzUH3tATBCvL85Y3ffubG6Yo,sell,2.4361308200000003,100000.0,100000.0,balance_delta
nanifyhUqukeDxVi4SMDFcXr64iJJwK1TkviStzGCNGvTm2f8gRB2XrDsUBkMzrnc9DD5NZfbCEJ7mwLsMftAz7,1787077066,h1jpvLkFT6u81HZH1zWhd4Vrf1qybKTADovXxDLrbtK,sell,1.170703508,49029.058870701,49029.058870701,balance_delta
cXuqHtN5LFrcSRWxs2K8QkJVkaCAv3PsopRDVzJJ8P5qkGp2pRXup3seh1Q7FheNDnEK54ht6gVu593gzJ1jsgw,1787077087,2z2q5gk8TDgqCidzkXkyevXH1aDaVjWL8cQwoRbMF1Jq,buy,0.008039280000000001,223.747101375,223.747101375,balance_delta
4GnjaHPTDH1RrkGHpuDM9AVdGgiavzjULrA3Q4CPLAf6DFbBZdHzwKK9nLAxyNjyLjnFiWtJdN9exj7Wdb921ouy,1787077098,h1jpvLkFT6u81HZH1zWhd4Vrf1qybKTADovXxDLrbtK,sell,0.40228177,14708.717661209987,14708.717661209987,balance_delta
2Sytzjbm3PF2ecLSHjtDRSKdxyxvccafbdRQPRWiHGN5s4ZkPL11YZxfP9xehZs3H12g8w4ELGVRW74CdDSCD42u,1787077147,2z2q5gk8TDgqCidzkXkyevXH1aDaVjWL8cQwoRbMF1Jq,sell,0.005432818000000001,223.747101375,223.747101375,balance_delta
3b4F7CuWFDDYG5XRkKC8CcQ74qPEVDmKybMYkVTZ9zbCKYcNGEMrbQxjv1CTsAEQTDfybhsCpvgbk4bLSBGjfH9C,1787077165,h1jpvLkFT6u81HZH1zWhd4Vrf1qybKTADovXxDLrbtK,sell,3.097788989,132378.458950892,132378.458950892,balance_delta
7TUFisHWWhN1FvAttQibpNkVU735XTaz5TAe2c41B2h1wSpkErDkrvqPDWCzTDEWjt8G5MDtsfEaVLvLTuEB8Es,1787077196,2z2q5gk8TDgqCidzkXkyevXH1aDaVjWL8cQwoRbMF1Jq,buy,0.00803928,307.86605376,307.86605376,balance_delta
2EDLmRF73h8dHUczTf8Dec41kpzc9UrkeYVuZdTGvqSXyVJ21Tzf1C92dHeX2MZyEksh1QcdxQsBT2G4YvHXG6Qi,1787077198,6KsuesQQGfqZcqEPBKXgT5iwvZHhUgf6uvtuzQNigxgK,buy,1.7592556099999999,86778.120797212,86778.120797212,balance_delta
3CMTgHCfvKwdSaWyVTG7NdD5mfq11QwFffnPYrxiGAnpGpLgSzonb3QktQynVxgafbL9jNyUN6nmBxSdixmJ1DLz,1787077198,H75xFpTZVYVzamJrPQHkbGqdWpq4zsZzUiW7L7U7GfQ8,buy,1.553893254,76511.598235146,76511.598235146,balance_delta
2vmSq7WHN225cjtPg5tPYQd3RXeeAm3ZXkvnv8iTTsBiiMVMQM8tydY8gBMQZYeS8sabYDRcT49vzN4RCa3wpY9W,1787077199,6KsuesQQGfqZcqEPBKXgT5iwvZHhUgf6uvtuzQNigxgK,buy,1.7229116999999998,85005.204924591,85005.204924591,balance_delta
yAY93p8yFPfWxCb2w13nBhLaC86gu75pekF8D3LMgqpcWTZ6zko4hAud62AsPeipr3XS2xYcDtRKD6CWNsbpSmK,1787077199,H75xFpTZVYVzamJrPQHkbGqdWpq4zsZzUiW7L7U7GfQ8,buy,1.514013645,74566.10366728102,74566.10366728102,balance_delta
2WdNYRRbepNEPswoc5mvJmYScuUDspqK9Mkr37qTMps2ghP6ZLbTVMDCMp6mRL7Fra8XF2RPRStZKSxSSywLT4YF,1787077209,6KsuesQQGfqZcqEPBKXgT5iwvZHhUgf6uvtuzQNigxgK,sell,1.239663273,56688.497488194,56688.497488194,balance_delta
3PYXzejR5Cdmr2DNWawtR6Vm5WV1na6jKuMoEr9GQGisSZ7UZSTt3zyUpqd7PFjqmqbQLZXT81DgJTKHoKbE6uBW,1787077209,H75xFpTZVYVzamJrPQHkbGqdWpq4zsZzUiW7L7U7GfQ8,sell,1.0912078939999998,49855.64162780001,49855.64162780001,balance_delta
2mXSW4h686PRqb9f9qAvTAQCnAGEvGj9TDfyqjnnx6ZVJfERA8Znu1gKgeHz4F1ZWJKyWVPnieoWhctfr5jT4isW,1787077219,6KsuesQQGfqZcqEPBKXgT5iwvZHhUgf6uvtuzQNigxgK,sell,2.593276238,115094.828233609,115094.828233609,balance_delta
5J4Uf5zKZvTXuYYkdrttrmxWTWFJnhbHPzWKaiYAVr6jeXjqZSAuLPW1RD9CSqZFRgWzr47djsAS62B37GgspzVS,1787077219,H75xFpTZVYVzamJrPQHkbGqdWpq4zsZzUiW7L7U7GfQ8,sell,2.27596949,101222.060274627,101222.060274627,balance_delta
5gdKDCXHSJwHsk5BJHpNsegMxp7r1Ws5yzQ7j2m6wx9A24E3AXtDimrsEcKb4dJDJ8Sdkx3PgSYfdZdJUyBNwdVW,1787077262,2z2q5gk8TDgqCidzkXkyevXH1aDaVjWL8cQwoRbMF1Jq,sell,0.006710163999999999,307.86605376,307.86605376,balance_delta
VNpCEC7qKfQzyv7LbcxVnKZeVtKUZdusomkPG7FkwLUG3LWZoJVUJGFYVV1rQwpzPg2sWG1QdxYHmEgWzqCMD4L,1787077345,2z2q5gk8TDgqCidzkXkyevXH1aDaVjWL8cQwoRbMF1Jq,buy,0.00803928,200.650130237,200.650130237,balance_delta
2v5REJcS1V9L4u3J2apK7HmYsGTWMCeDyZKjFUkCAJ3Dh2YGZVkXMF8ryTrTfDCNNre1b97SxrTZZX4FW8bFXMmk,1787077361,Bc2FpV584T1bKBp21xP2xzUH3tATBCvL85Y3ffubG6Yo,sell,3.361123975,100000.0,100000.0,balance_delta
4vkCfxF4T5KEUCS55iKK1aEzmL2W83gA4FuoWUVU8UDoD9NayB9o1Zc54cJC4TYTtfp3nYvXL7pgNMUPeY4zcZZY,1787077366,2z2q5gk8TDgqCidzkXkyevXH1aDaVjWL8cQwoRbMF1Jq,buy,0.005999999999999999,174.30370321299998,174.30370321299998,balance_delta
Jfo7NVA2ydrNGWdfREw7fYJo14g5aW9iDZqXwZ1w7t6T6VTyizkyUkzB88v7ck3A3VMzdWPBu5vVqx272DdZN1U,1787077367,Ahekwy9V7q2tmqJdTX92TAtEHM4pafQbsfc5oLakbZs1,sell,0.09884991400000001,3064.066693204004,3064.066693204004,balance_delta
5JSNAgeu68tLNSjuA3CeTq7rsnUb2fJoUs8dUrfSDehnfJroHKwKfZEeL65Mi1R6ozj8WuXGyi9uZQrJWbusrfG9,1787077367,C7PNbARVAHeskaefdcu7fy21dCN3qNANKuT6Cka2av4L,sell,0.07861027200000001,2449.4567422699984,2449.4567422699984,balance_delta
22rZdPVWpkdLfGKtWLRLBNLECCSJGLVfzUiAZ1yQtATMfPxRrgwfqXu58mMTsGsRkSBFg31ohEhNYotxfAxbmptx,1787077367,JAGPLMkgPWRxFJekMU8DRHRurw968GGYHRMEKUWheYcD,sell,0.096858445,3003.767561268003,3003.767561268003,balance_delta
5WGwo67otfMSM1fGrmxLWAtePHrtv4VfaDvPUJMrJNCqb1WHr6VXrx1YFMixTt6YbeY2naSzcyTCBTc7T7VCxsD6,1787077369,4iDyxGxPRC66QBNwYqMn74VtVm5Moy1ns4w3bAqYGvRG,sell,0.47804739,14034.482823564998,14034.482823564998,balance_delta
5TsWmdz6ho3UsRDFxM9dWMiT7oJjzGbm3dpKTP7hNJMedammDmJW27fgyWCvgHMa7qiqWGyDpQY3GaufDD24fjdz,1787077382,2z2q5gk8TDgqCidzkXkyevXH1aDaVjWL8cQwoRbMF1Jq,sell,0.006458691,200.65013023699998,200.65013023699998,balance_delta
2pth4hFFMx3gKEytqsmXzwVzePMQM4J8qbZmtgmqEoRMuq3hyGkTNDmxrFEUqXDZ9cnYo4bGWyJhwYzYcWh4ZtXZ,1787077414,9Q7rXKnZr3xDm5jgEARhh9sPMk4pDpXsct1HjaPsQZqi,sell,0.00014823999999999892,5.087217520000001,5.087217520000001,balance_delta
3KcixGjhKYHKLY9yxqJTBw8BNtiYtQe5rJdkHmTRHfbhN5mn1iSQJih3MdnUK23DcnArpc1BNXeH78i5aqxXtqeq,1787077426,2z2q5gk8TDgqCidzkXkyevXH1aDaVjWL8cQwoRbMF1Jq,sell,0.005516499,174.303703213,174.303703213,balance_delta
4y11n7MsC2dUYysgQY7KSYsaaodjD2B9fNoNLJVc1JL8gGHTcfY8qSYXG5T9t3wNCw1tNctSb79iaRfjmmAqFvff,1787077471,2z2q5gk8TDgqCidzkXkyevXH1aDaVjWL8cQwoRbMF1Jq,buy,0.00803928,187.132327152,187.132327152,balance_delta
Kna1CnyYGCXcFUyivcVRSAQgMT15e5hYSrKXr8XXkzzhuzhi6vGZvZ7zfWZgbELZ2fFqyhKNMwJF3JLKqtu6Qyz,1787077488,2z2q5gk8TDgqCidzkXkyevXH1aDaVjWL8cQwoRbMF1Jq,buy,0.006,218.850189368,218.850189368,balance_delta
3itjGLgwmb4Y3y7udG9LyVmkeVFKBF4V9v82CaEbY6ksX6FD6CpCSjedGnrYQjgQweWdeajT1aBYwTM8fY2n6FAH,1787077492,2z2q5gk8TDgqCidzkXkyevXH1aDaVjWL8cQwoRbMF1Jq,sell,0.005175506000000001,187.132327152,187.132327152,balance_delta
2JEajsBkUMjjkakHv3dzc5DQuQNjHg8wgrafZTMJKsQmDqm4kr4oWGSBrHD5Ex4R2T1JFhiNYqdDkF7Fcey7mApd,1787077500,Ahekwy9V7q2tmqJdTX92TAtEHM4pafQbsfc5oLakbZs1,sell,0.178682132,6403.899388796999,6403.899388796999,balance_delta
4FGhXuNZu7XCTRCvjdg1ATW8fEUvF3NV9sqBS3hgTj2u7yadYN97xxRUgWFcJPYBN6bWp8HAki5uYhZ7nGJB4jAU,1787077500,C7PNbARVAHeskaefdcu7fy21dCN3qNANKuT6Cka2av4L,sell,0.142403324,5119.364591345002,5119.364591345002,balance_delta
NvoXTGaJZSaBgtXs7xfpj4tmHxCN9uGyUoY89g5uFtEHHY5tfwW4SBU73JDgsUZ4fU3okcrGxBk9R7cV1tEUXkr,1787077500,JAGPLMkgPWRxFJekMU8DRHRurw968GGYHRMEKUWheYcD,sell,0.175102873,6277.87420305,6277.87420305,balance_delta
36HtjaWi2zV5Xj85r3BrGaMeNaopaAjeaC8AVrqT7t9coMCBiGKhtuitmxngF9eidG2mbD1YLUZRUbexk61nH5G9,1787077513,2z2q5gk8TDgqCidzkXkyevXH1aDaVjWL8cQwoRbMF1Jq,buy,0.006,183.49249933500002,183.49249933500002,balance_delta
HKeu9gkZX5zwERCHiuEFFRuSbXNsKimokYZmwmkBKVTPJsd424sub1HEidtBXXT8DeqMsA6yoaz2hnbGxyTkwbc,1787077514,2z2q5gk8TDgqCidzkXkyevXH1aDaVjWL8cQwoRbMF1Jq,buy,1.24,36704.018374409,36704.018374409,balance_delta
3RNjo4xJcg8XDTKXbrHCv3ZT41x2MH9L5wKkMdZJ77T67HwVry3g4r1rn3DbG36nuF4Pc6vLYTdWQ5LQC96cyRvG,1787077517,Ahekwy9V7q2tmqJdTX92TAtEHM4pafQbsfc5oLakbZs1,sell,0.09055892500000001,2590.668389104001,2590.668389104001,balance_delta
3ytDubmGeEmWG9kyVjMauy1AvPKQcuz1LwipG2UcsWMb4ujpjtGLr1cecfhKBzufkQjDuqMM7rq2SEhqSAsE1X5V,1787077517,C7PNbARVAHeskaefdcu7fy21dCN3qNANKuT6Cka2av4L,sell,0.071984372,2071.0156755889984,2071.0156755889984,balance_delta
3AvptEPEMDy32BcZjrKu2aZvdukrrnbUafruzj9NLkmoCfAec5D4ierhUNWYNxwVBUoyFoQZj6g2UZwdzkR7HACf,1787077517,JAGPLMkgPWRxFJekMU8DRHRurw968GGYHRMEKUWheYcD,sell,0.088731928,2539.685473051999,2539.685473051999,balance_delta
2gYoGCwr4SzK8NFGgF5YEuLc74qRxPR3yDCmDQgWqB2cAAzXZTysRS89sA6KVP6JzY4KNyzb5TDvMLwkKAUjwRx1,1787077519,2z2q5gk8TDgqCidzkXkyevXH1aDaVjWL8cQwoRbMF1Jq,sell,1.329475739,36704.018374409,36704.018374409,balance_delta
47Vz4D8L6g4euwa1r495ifH1nuptjuETfCa6qtPZR1qN4poFqH4baiMN28keaKczYJFibVcZP9oqvY75Q9XX1tHU,1787077527,2z2q5gk8TDgqCidzkXkyevXH1aDaVjWL8cQwoRbMF1Jq,buy,0.006,166.22332256699997,166.22332256699997,balance_delta
GqRNufmevgjv49XEH65MnHx1t7q6X6UDjQMvBSYW4C2AWaBzVKke6JEsrZ6dRTceYKHNrQzj6Bk7gLHxNmAcH7g,1787077532,2z2q5gk8TDgqCidzkXkyevXH1aDaVjWL8cQwoRbMF1Jq,sell,0.006618514999999999,183.492499335,183.492499335,balance_delta
5otvjvDYAqffnm641HpD8KwZ98U6Nk8tfMVpoAdvFupWnsJ8sqxscFr1xqJzZPw8Byvmt5C5je2znm1SUegvxjPQ,1787077534,Bc2FpV584T1bKBp21xP2xzUH3tATBCvL85Y3ffubG6Yo,sell,3.5971353130000003,100000.0,100000.0,balance_delta
21QGdy8D1zUPLbBEQUXkXwFDQsLamRgt3ydazGW9zNYbTjt3bLgLcCD8zmr21aQhAsQK98QAvGXVhNW19NYqChzi,1787077536,8n79PwcyrybEECM3ghGetPnm6Y2SRBVzJNd536Z1C1PU,buy,3.007560904,75519.079433512,75519.079433512,balance_delta
3CwqK1b61V11f2cQDvTu1oVM8whi9SDRyXDxLC2Z3zDCGMVrzViVvYS7YdASXth6KRtUC8ymtRRpaTRLYPHCXTus,1787077536,8n79PwcyrybEECM3ghGetPnm6Y2SRBVzJNd536Z1C1PU,buy,3.0075542069999996,75609.28280457901,75609.28280457901,balance_delta
5AsBxttkit2NSbrhTpRbmjvaPmRTW2YBb5Qi2ZznomwnFwGzUcERGynUFJa1uZespcRmmEfef5urZ8SoGPu8UKFe,1787077541,93u5BsWsPxuLRzcDqwecZV9TiXEV7qNavef6fscPnSb5,sell,0.07888301099999999,2120.5646264580027,2120.5646264580027,balance_delta
4fFg7852iaW2eHj5uZ6KMCVfiaVnwrFSwbjKmPWU2MsReSa5dLD4nvnzDUQwhYCAUc5RCQTPsqnfGufoRNYJWqPH,1787077541,GEPiePuVYQcbShk7ACa2YASeLuRHqvcSZpS89keWZecG,sell,0.07311606899999999,1965.7038844010021,1965.7038844010021,balance_delta
2M87GaDn529toabZFWB2nRNmp7385UPrhitqJosPXCZMSJenbddjG65rtASBHG4nZT1x7bTA2ZojZeA2a1szbd6t,1787077543,93u5BsWsPxuLRzcDqwecZV9TiXEV7qNavef6fscPnSb5,sell,0.071957909,1908.508163811999,1908.508163811999,balance_delta
THETgBRG1JQ9pRwXLynL6KeqE8HozM1HFCun2pzqyhvP4Fy8JFm6sys7FohHNdZiDjjWTZkqeZXsZV2QE5ymYcc,1787077543,GEPiePuVYQcbShk7ACa2YASeLuRHqvcSZpS89keWZecG,sell,0.06669268399999999,1769.1334959609994,1769.1334959609994,balance_delta
3Hn83uTsFkMYZfbuPCQ3bTRndG5cWLPynVzXLhJQxUVjjdbii8fhJPZ4etPAprxjAuMynm2JNk5La5JfZX2GdPrd,1787077544,2z2q5gk8TDgqCidzkXkyevXH1aDaVjWL8cQwoRbMF1Jq,buy,0.006,154.92187543300003,154.92187543300003,balance_delta
5RJWBSR5BfUkSVh3YiQWsYz19PUFdxbJbbc7fNfeHUzSBJzgRagq7ftfzpS3aeqtPxp1mtVuELVbm47F1QFLT8Ff,1787077550,Bc2FpV584T1bKBp21xP2xzUH3tATBCvL85Y3ffubG6Yo,sell,3.749109153,100000.0,100000.0,balance_delta
4qZjyMpD4tfe1NWrTjUJk8uXDBqg7T6GXRKk3Dq5TNJZiPseKHaqFRge9Z4rDZjJar1P6CATEo9v8HiTDJ8wPgPS,1787077573,8n79PwcyrybEECM3ghGetPnm6Y2SRBVzJNd536Z1C1PU,sell,5.898314302,151128.362238091,151128.362238091,balance_delta
57ZCiBqdvoW8XyQq2Na7XcrsbYEeDSu8DVKXMoV822p6WHScz5tmd3PPeQaPkReZpcjk4cnTWEuu6NzEHnajVA9G,1787077592,2z2q5gk8TDgqCidzkXkyevXH1aDaVjWL8cQwoRbMF1Jq,sell,0.007883924,218.85018936800003,218.85018936800003,balance_delta
3fXgVwffDQm1G79izkLm7XwEFhT3Qkdondhiv32toRubHVn5hTAZPMXqvcq9HYpPESsv5WizjCkAzcxCJKj5YoUM,1787077592,2z2q5gk8TDgqCidzkXkyevXH1aDaVjWL8cQwoRbMF1Jq,sell,0.00598805,166.223322567,166.223322567,balance_delta
fh5yrZJThQT4r42GwXK2FRShDULD3LQeyzETgBdLKmnMoU3GVh37CZbxFe2TgHGSyKnMxp1G5NgBMV62nRdzydX,1787077606,2z2q5gk8TDgqCidzkXkyevXH1aDaVjWL8cQwoRbMF1Jq,sell,0.006013602,154.921875433,154.921875433,balance_delta
4XUqyDrXQdSGARsbwhwsHsKgK3GZw5Bqiyp1KDN9EcLwxcfVDSyLR621Cb39afGVBM62ag5nMyTRwQvosQWPsF14,1787077610,93u5BsWsPxuLRzcDqwecZV9TiXEV7qNavef6fscPnSb5,sell,0.065297341,1717.657347430999,1717.657347430999,balance_delta
5CBaN9fZWNrwFHtaPV5K5GK4Sv7rgqFREnaKoaFsPVBnNT5y392d2UmqPyB64WYfC2i9oVBdT7bgwrmnLfRoei83,1787077610,GEPiePuVYQcbShk7ACa2YASeLuRHqvcSZpS89keWZecG,sell,0.060519062,1592.220146365,1592.220146365,balance_delta
5cGYHU9BEMuMKcKUuFYarDsD6qX4SqyyYj6Ro6epHLuE7bPiX491W8kv8YY7rDYoM8rd9AJwbc13rF21Agsn1RwT,1787077612,93u5BsWsPxuLRzcDqwecZV9TiXEV7qNavef6fscPnSb5,sell,0.030533671000000002,772.9458063440015,772.9458063440015,balance_delta
3c5yUi4hDWZrrzqvZmxvf9YSanJTmVEi7NDL1ZWZShEBc9Ci61ZvENLBiM1jpCV6xqR7Yfqr9HfRmbYTVx1yKhQY,1787077612,GEPiePuVYQcbShk7ACa2YASeLuRHqvcSZpS89keWZecG,sell,0.028296029,716.4990658639999,716.4990658639999,balance_delta
5oHHm3zh5nCdLwy6mMv3jeViASaYnp5VsoYFFPx2STkU4CkQTWeBrJCE4a4jdKEomc6E53XFsVSkULZQuPJztbMG,1787077629,Ahekwy9V7q2tmqJdTX92TAtEHM4pafQbsfc5oLakbZs1,sell,0.093287413,2461.1349696489997,2461.1349696489997,balance_delta
AKKTFQzywy8f4nR72byMFzLP1yZHFehsS4w39VA7RZVhHKdbaF4nDAKF4Se96AfNrNMmKDRcomHeD4qWQHkqHQh,1787077629,C7PNbARVAHeskaefdcu7fy21dCN3qNANKuT6Cka2av4L,sell,0.074182695,1967.4648918099992,1967.4648918099992,balance_delta
yzqSRhANdeGqp41XZCVXFQFXqETBCfRKSwozr87nZsTEMjicPq9ryceutTKpH329VhkJghVMMQFqcD8K4c7XD8H,1787077629,JAGPLMkgPWRxFJekMU8DRHRurw968GGYHRMEKUWheYcD,sell,0.091417787,2412.701199399002,2412.701199399002,balance_delta
5ZPYfVkjzq1X51Fc6sgKKum59RL7krZr5BHQ42gV9wThCedDm6JqWEjBMU8SCiqia6Mw1MW2SXcLTkLr3DftwW7x,1787077662,Bc2FpV584T1bKBp21xP2xzUH3tATBCvL85Y3ffubG6Yo,sell,3.724393652,100000.0,100000.0,balance_delta
2koFtRe8CnR7y2kNb8KUneTLmmZrQdWJnqAFrksKES4jDDnZHFipmRBK2hHJtunxKCsUBh5KmxpruVp4ampL8Hoy,1787077770,2z2q5gk8TDgqCidzkXkyevXH1aDaVjWL8cQwoRbMF1Jq,buy,0.00803928,144.078611021,144.078611021,balance_delta
3dFnhCaC7DcU6brhn8LG3jWnagCcM2Gy6TnuqGZdmGnYw9j5FhxQE2MfJLLgnUstX8yzEmQRRjv5HuSf6GHJwD89,1787077785,4iDyxGxPRC66QBNwYqMn74VtVm5Moy1ns4w3bAqYGvRG,sell,0.446654979,10525.862117673998,10525.862117673998,balance_delta
mKNaJLzqTRMLThyA5i8Vnyfnvr5rPtseDyu6YF9uziRjg7egd62sPXUq3joxs4Pru3jDQSGaZyVCZfBEQfEGQap,1787077801,2z2q5gk8TDgqCidzkXkyevXH1aDaVjWL8cQwoRbMF1Jq,buy,0.006,145.63577519499998,145.63577519499998,balance_delta
3UxPie2jrxCyi6rcFL3Rrzy9hYLJdQPsSMQkzQRMEQixXa72ZkkKAqH8fkHNSouqC4SpovWdK7HrCtCp5uyTMaxv,1787077802,Bc2FpV584T1bKBp21xP2xzUH3tATBCvL85Y3ffubG6Yo,sell,4.033634124,99999.99999999988,99999.99999999988,balance_delta
4VyRCnyZEiQV69PrmsTaHcphiGwvzanSi2JzVx2UqWnnPKELkqetS7TCEL2L5KEEqhoeZuPkND3VNUHLEA3cvxbb,1787077830,2z2q5gk8TDgqCidzkXkyevXH1aDaVjWL8cQwoRbMF1Jq,sell,0.006230215,144.07861102099997,144.07861102099997,balance_delta
5sRFUcDfGq1HJN3dSkiQvgWnvHVTsy4HQ5MMGzGbbSwrjxPMt8cmDi1aRQJGTQprMRQQMsTsPqAGM5XgEdmtKrAY,1787077848,2z2q5gk8TDgqCidzkXkyevXH1aDaVjWL8cQwoRbMF1Jq,buy,0.006,143.984978555,143.984978555,balance_delta
5sKSodw4JuAqGtkx7RPA4EG3962jZbrorNEghG8SoTQ35HtoyHWKUVAGyVdnoato84mEBWFYMKg1xMSMfCMdE9wW,1787077862,2z2q5gk8TDgqCidzkXkyevXH1aDaVjWL8cQwoRbMF1Jq,sell,0.006016234,145.635775195,145.635775195,balance_delta
3RNKCfYunv8bNNZGoa1aJiAdhXNmWxF3Z1zW9ZdYz5YJr8YQe7umsNbKr3AN4f8tEQ9YWuzPocZtADA9kbiF6M9c,1787077883,6DqwStHBhuxWGutooviZUgVDhT3F4Dy5pAiP2YErRCEe,sell,95.57050342400001,2614416.637578873,2614416.637578873,balance_delta
3PCPXSLDjuWCM65dCbDhpwSepGXVXfgpGQMnp4FAcUSuGxjUQPSeDGKmfT2xFuh7HvinL4sUBZuvsK3s1eX1c4rD,1787077893,2z2q5gk8TDgqCidzkXkyevXH1aDaVjWL8cQwoRbMF1Jq,sell,0.00572051,143.984978555,143.984978555,balance_delta
5rnk2uUzMbSHVbF8gMyDYqQWUH2ztZoGY1p419fqpLptfXb9TZhrPn2LVaZy8jpQirwPoxkxTnxXQu4ozDUtZYPd,1787077902,6DqwStHBhuxWGutooviZUgVDhT3F4Dy5pAiP2YErRCEe,buy,10.001000000000001,239966.51295342576,239966.51295342576,balance_delta
ePvBSxj7faZTmGCarV53Tsft1RfypvHDDPTreBEsVu4BTYtmZCXn1inZm1jDrBwqXy6HkwvtLYZJhFp4RA3kXNT,1787077906,6DqwStHBhuxWGutooviZUgVDhT3F4Dy5pAiP2YErRCEe,buy,10.001000000000001,247807.3082829183,247807.3082829183,balance_delta
4MEgoqbDcPBWWMz7wc9MyVBfz5c3jUX2uj1MsbRQkkEd3oVHoubavsknENT4NUgR7raZLpyYiks1683oarvjMsVD,1787077950,6DqwStHBhuxWGutooviZUgVDhT3F4Dy5pAiP2YErRCEe,buy,15.001000000000001,393747.98051156756,393747.98051156756,balance_delta
4MZYBfAasSnFp8HF82FiPbw6Rkp3j8SqjyoZkGCbrpkhDngSp7AAyR5TxVKJn78cFC1SgMaynGRGGUKnqreXKf3q,1787078106,Ahekwy9V7q2tmqJdTX92TAtEHM4pafQbsfc5oLakbZs1,sell,0.19566646000000001,5143.772086566998,5143.772086566998,balance_delta
uozb2Umr4fqy6Sv8mK2Gk8mc47SynHgHZZqFTDEhsUaVEg4DZYXsG1SsCqxxkqB9zEGCGxcz443SCbojUocjQVt,1787078106,C7PNbARVAHeskaefdcu7fy21dCN3qNANKuT6Cka2av4L,sell,0.156035059,4112.001623882999,4112.001623882999,balance_delta
2mRZHLPsTe4sU1oyQ9Z433iUPxf78PdSVFFhZEnFVLoCWFdVJmPMFzoFM9aHcRUrv8jrNDFZ4Pnsrc9bmGzWjkn7,1787078106,JAGPLMkgPWRxFJekMU8DRHRurw968GGYHRMEKUWheYcD,sell,0.191752482,5042.545506744995,5042.545506744995,balance_delta
5Ys5ba7XKjxCfDEFitGm5GY5SRG3ZAyTLJZQzGAKUy7gcNts9Ko9u1jJMjzSz2EVLdtXqKinBWaGjBrca24W9pMz,1787078109,Ahekwy9V7q2tmqJdTX92TAtEHM4pafQbsfc5oLakbZs1,sell,0.07732794700000001,2080.8896168380015,2080.8896168380015,balance_delta
2rsw9STr4UTJWcjNfUBCdJfgQ4ybGMAZJMxXrRKb7DrM2uYBJGHdyXrAhhh6yb6auicyr63WesR5wXmsix4ZPRvW,1787078109,C7PNbARVAHeskaefdcu7fy21dCN3qNANKuT6Cka2av4L,sell,0.061421856999999996,1663.4915660250044,1663.4915660250044,balance_delta
xR2n2UMpaFNan9c81yi9ME5mG58J1pxZjLYwNsy1nXNvYhHMEb2yw1srnPB3orFpo7VaCDtpcHgCLdcXyHoHmR6,1787078109,JAGPLMkgPWRxFJekMU8DRHRurw968GGYHRMEKUWheYcD,sell,0.07577070100000001,2039.9388640920006,2039.9388640920006,balance_delta
2y1H6bEoNbBqwnHTaRFsqEDnCghqJsDcfg6is9a48JiZpExNkr9rS1b5XJppKsAN3QK3D3odmAuTaHV84RrdVDeq,1787078194,2z2q5gk8TDgqCidzkXkyevXH1aDaVjWL8cQwoRbMF1Jq,buy,0.00803928,164.399341088,164.399341088,balance_delta
izq8pf8X61MexsDS9LcpeySRttjLsJWxbYQZpcWJZSXDC2vydwGegKYDcghcxEXQ3oKsW2pCrkibSH4MKDjTQcq,1787078244,2z2q5gk8TDgqCidzkXkyevXH1aDaVjWL8cQwoRbMF1Jq,sell,0.005221128,164.399341088,164.399341088,balance_delta
5Hwo2XkrMwsQoJFJH1PG9zrduidwQBEcdDBmZcFsxpP3j9aPExY4UnWR4rEVpbwM7uEpx9Mn9L3yKckPqr63dd93,1787078548,FYTiZbk17NNPQ5j1aRH67mhJZH3ggYcmwbQqqEN9GAk5,sell,37.762202335999994,1056689.0606841543,1056689.0606841543,balance_delta
5jFZNUWQQJCsWRfEPc6ZvP9GnXS9qnKqmsxT3kuhKBc17WLTdw4JgyNHS99k8HzttuUm9QoN7UwxEwFp4vcuq9RS,1787078552,FYTiZbk17NNPQ5j1aRH67mhJZH3ggYcmwbQqqEN9GAk5,sell,27.66790745,792516.7955131149,792516.7955131149,balance_delta
2RDj55DrvuSz5qGNFQWjpzVPpKURVuQkfN5aGYqwhnNMKSbRRPiC4ivnLXeBC9dK6Esde821KrEruz6cv61hKzqU,1787078554,FYTiZbk17NNPQ5j1aRH67mhJZH3ggYcmwbQqqEN9GAk5,sell,20.341135595,594387.5966348369,594387.5966348369,balance_delta
56MTduSYF2QUM7h2nFNPsd3PcqxBYT7s3zWtSKEiT6UQXiKR5w41wPcxohwZW7b9T6nMssgXtABxFEJqLxw2rLH4,1787078672,2DCW6PvdpXwscZVanFmDLB7svT2STkUj2SuXSMR6C29g,sell,0.300947572,9357.657483370003,9357.657483370003,balance_delta
4LBWxRSa3AQnKbt3Ng7jjvco3tWqPbGEQvffSJ3wEH29BYUWzmwHgEYSpKz2QuXEjRiRogQbBs2ZJpFL3nLv6YLd,1787078863,2z2q5gk8TDgqCidzkXkyevXH1aDaVjWL8cQwoRbMF1Jq,buy,0.008039280000000001,190.624004044,190.624004044,balance_delta
5RDJzSUoE5fT2pk4sPnsxPayPbVkR4wuGTQERsFjdwoPhr9jn2iDDUXUCaPgosGGFBdxe9Dk6mL777xb5hXyK66W,1787078923,2z2q5gk8TDgqCidzkXkyevXH1aDaVjWL8cQwoRbMF1Jq,sell,0.005847085,190.624004044,190.624004044,balance_delta
2Xfciho4aGiTQjMdsNJSZE4wv55q8M1TXVjdv7cUVSmteH7CAjdHQGeri9cyZcXp9XvkMA29iDPVS9gVb9K9uJSQ,1787078926,93u5BsWsPxuLRzcDqwecZV9TiXEV7qNavef6fscPnSb5,buy,0.02295158,750.7817068270015,750.7817068270015,balance_delta
485GgrELr28TFZDtyHRvQvrPRvog7iMEQ9UenLDtAAS1DGk91PVJeEv6wx8pBeU9c3mVxbkf9DMnhKjb9ftFxcnC,1787078926,93u5BsWsPxuLRzcDqwecZV9TiXEV7qNavef6fscPnSb5,buy,0.026889606,880.1012916669988,880.1012916669988,balance_delta
4W9HvJMe15jmrLSnbVJdg9CG5NnMSvsgPYkSvgNAYhn2wVYQpJwhRs2Hj1EP8nM5otX1ACtyXwSciHxGsj5AtRhE,1787078926,93u5BsWsPxuLRzcDqwecZV9TiXEV7qNavef6fscPnSb5,buy,0.025493194,834.1544435100004,834.1544435100004,balance_delta
4gUtrRfqeUL2Gy8LigY7dFDeRPdPJh9ZnLdqmFXYb44JB7VF1RGDXak8zu7G544j8q7Q26Bt57LJMvWD59fh7Xxd,1787078926,93u5BsWsPxuLRzcDqwecZV9TiXEV7qNavef6fscPnSb5,buy,0.027318508999999998,894.0504685380001,894.0504685380001,balance_delta
4SoWqiqprVMReAPF8MPRKq125hfj5MCu3UMzepJNagR4xEeS7GJJWnfskeygUkT8qbAT9SYP5gN8n7T9T1HvqTMD,1787078926,GEPiePuVYQcbShk7ACa2YASeLuRHqvcSZpS89keWZecG,buy,0.026336534999999998,861.9784922939998,861.9784922939998,balance_delta
2uihJmYC2BkJ94m73Y8k8pR6TGrhT38ccq5nV1eqCf1iyQRCQnLcHP4jwGgHxFg5wfVSZng7mjQFo1ZRVQtoLSgx,1787078926,GEPiePuVYQcbShk7ACa2YASeLuRHqvcSZpS89keWZecG,buy,0.022943263,750.4416131730013,750.4416131730013,balance_delta
B47QCYbWiHNtJBNMSR3ZuFciChbVQVZpDZxrpcg9UqmrqwyAGUjzLtYs3jWjaqaFTLq7eQLueQSKFMd7c1gpr82,1787078926,GEPiePuVYQcbShk7ACa2YASeLuRHqvcSZpS89keWZecG,buy,0.022805073999999998,745.8635546329988,745.8635546329988,balance_delta
2xtJpVjn7iZejPsfWFEdWv7zZcu7mHrpAaqVyoVQNpJWNshuCQFdsJen66YtgozP2awoRwYTs28E9bYa5JYAK1EU,1787078926,GEPiePuVYQcbShk7ACa2YASeLuRHqvcSZpS89keWZecG,buy,0.023588678,771.5083816450006,771.5083816450006,balance_delta
3VjbtimyM6HNSBDXZx554beEWh8rqeYHhcf6xJjhJHTKaBWEJ4FsZsy5uQBnfkmt6bzBsCyY4Gh1YCTe8aQhwY85,1787078927,93u5BsWsPxuLRzcDqwecZV9TiXEV7qNavef6fscPnSb5,buy,0.023481222,763.9396754320005,763.9396754320005,balance_delta
2ARVYpTnsZ6FGhKhXxSnMSBWTdEWuLDiTT1ngmT6M2EYBduyAjeoYKg6LjNydUhgSxpLSGZvb2B8Dq4xP3Wobz6G,1787078927,93u5BsWsPxuLRzcDqwecZV9TiXEV7qNavef6fscPnSb5,buy,0.023528682,765.4639156480007,765.4639156480007,balance_delta
gnN8HRjN91f1TZepQta9gFwRSwEC2HzikLs7wE82eyf2VPymcYKLKX8E1FPuV8ENMHPjwFQk7nJFhYM6hfFhxgG,1787078927,GEPiePuVYQcbShk7ACa2YASeLuRHqvcSZpS89keWZecG,buy,0.024842892999999998,808.4434952519987,808.4434952519987,balance_delta
2c8g4vZWqzwvwSftDz256jLWkfisxmHxxYvMi11q9wNKX5HwnpwezTtUb8x33ZVKqW1yWsczgrbkEbysMqg3xW9B,1787078927,GEPiePuVYQcbShk7ACa2YASeLuRHqvcSZpS89keWZecG,buy,0.024130891999999998,785.1122977100022,785.1122977100022,balance_delta
4kVejG9utZbrYQksWgZmNZNWmut7sE759ec45dz4vYamGUrM4hcpDzqcx1YLaXZJACpWtxH6NHN8Mnegov1CLgRy,1787079014,FYTiZbk17NNPQ5j1aRH67mhJZH3ggYcmwbQqqEN9GAk5,sell,2.771122896,89158.13949522516,89158.13949522516,balance_delta
8YncKfBaRSC9Gz95e2LqfBP5ZXNtnoTJ9JismaBLsjuxK2dPbtfgB8KMeV2rYi78AzTruuhawzZa4BYNFdfXB1N,1787079016,FYTiZbk17NNPQ5j1aRH67mhJZH3ggYcmwbQqqEN9GAk5,sell,2.642369079,84700.23252046388,84700.23252046388,balance_delta
3othVGjeyF2yVZxaEgNyZBLnmvrUK6HExB2KtfsnYUZ9EKniTNpTroxB9GfgXAQSJjoGz5j8waqiB1N51oT6JmYL,1787079019,FYTiZbk17NNPQ5j1aRH67mhJZH3ggYcmwbQqqEN9GAk5,sell,2.512823804,80465.22089444101,80465.22089444101,balance_delta
5pp93xcYdya389v7Z94D2uTJaaDTEDtZQfq4VkrXo7avd1LSjbm5Gke8WTZZ6kebqiMgqovdZgW9jTN8YsVQfFF4,1787079021,FYTiZbk17NNPQ5j1aRH67mhJZH3ggYcmwbQqqEN9GAk5,sell,2.376744628,76441.95984971896,76441.95984971896,balance_delta
3oyJkcsPv35t3i9tx4m52Ue9SioVSnmY5zwopBHqBSXTsnCf6NmuRw9j1yHj4suiGfD5pEBDHWLLv6MVf8S7jpK,1787079023,FYTiZbk17NNPQ5j1aRH67mhJZH3ggYcmwbQqqEN9GAk5,sell,2.272703881,72619.8618572331,72619.8618572331,balance_delta
sftqAPaABurHG7v1wK2TJ7hrYAuUxqiuvUcFkcrmWBdNLAP8PRgdbVWX1FL7mcBmDXpgkDhfxLMNerYBUV8RbbS,1787079027,FYTiZbk17NNPQ5j1aRH67mhJZH3ggYcmwbQqqEN9GAk5,sell,2.186440163,68988.86876437091,68988.86876437091,balance_delta
4fHiwyp69RAf8HmgumGRmY34hfYfcGXmGiqKkGBtFPoy8XXoKyqeSxMLNxmEqLuFbLppCuRjcAZhHEEc6rx7TPFs,1787079030,FYTiZbk17NNPQ5j1aRH67mhJZH3ggYcmwbQqqEN9GAk5,sell,2.093419434,65539.425326152,65539.425326152,balance_delta
fi85KKbNDaMaDxQTLt1EdvvoesenvmYnQZ5FVmPKMW9QpUkLAAs34FVSvGwpwAGiqKuZr7Uewi4C1d1G3cc3U9G,1787079032,FYTiZbk17NNPQ5j1aRH67mhJZH3ggYcmwbQqqEN9GAk5,sell,1.988283198,62262.45405984507,62262.45405984507,balance_delta
59t2tPYenxfGadazxynjERiCVnNzDXn2pA58ugiUELpVgubYrws78pxk7ZmDi1Dz2wpWSe195sny7N4ayHSsW1Wr,1787079101,2z2q5gk8TDgqCidzkXkyevXH1aDaVjWL8cQwoRbMF1Jq,buy,0.00803928,205.774456683,205.774456683,balance_delta
3XyBLhjPBphJ6EAucmzNdTqpiY5qZrv8Hgs2m3zt5GBdf9McoihGQxc9Ed1yPsZd61gwbYsKEQkG3mgAF8svPjwj,1787079163,2z2q5gk8TDgqCidzkXkyevXH1aDaVjWL8cQwoRbMF1Jq,sell,0.005854881,205.774456683,205.774456683,balance_delta
nFX6629GuEJST1Cd8g8a6mbnzN3aKEP4Cv4k4bJjfbdkVXCu1XwjPxCcuNDpFSmFZBVprtZWUzHBjCAsHhNu1aX,1787079203,2z2q5gk8TDgqCidzkXkyevXH1aDaVjWL8cQwoRbMF1Jq,buy,0.008028536,193.375572219,193.375572219,balance_delta
2GnQi34w17jiraWBVgd8JhFmJ4AjrjHqQFFnaK6dHuX4kSjujcn8QuRzswKd9f1NkMHrRm9rRYK9uJ8KYDyB833T,1787079265,2z2q5gk8TDgqCidzkXkyevXH1aDaVjWL8cQwoRbMF1Jq,sell,0.0061583459999999994,193.375572219,193.375572219,balance_delta
WrMQN7cFRWcYPPdikTZGPNyQMuo1W1T3LxhVhV4qc4vkTBBDirKj6mGpZES2sDaBiqNULXFj13euzD2z6FjfR7u,1787079380,93u5BsWsPxuLRzcDqwecZV9TiXEV7qNavef6fscPnSb5,sell,0.062152844,1957.446182216001,1957.446182216001,balance_delta
35bSQk3FjyePJmTvdiZehFk1zHuP4rXZyuoWGXatJw5b5N5NJFftnfcNWqqiC6QyujYTSCtnQK67nZ5fQi4pKABV,1787079380,GEPiePuVYQcbShk7ACa2YASeLuRHqvcSZpS89keWZecG,sell,0.058219227,1833.6830086120026,1833.6830086120026,balance_delta
4Tmth3KaegCi9TopMKzCUf7zFGRM2wduKycpJGHwibUJrpoH89yitZcgrBZpXPLKR7mEitqgTx1biK8fitAWPUYV,1787079381,93u5BsWsPxuLRzcDqwecZV9TiXEV7qNavef6fscPnSb5,sell,0.055947612,1761.701563994,1761.701563994,balance_delta
LYHZPtDb3KnPsuTNPNJkBcjNirJcoR6QcvjeAZrxfVyhxkybTTcnoJek3uBGFGjCiyvnakB9goPMSoVEMA3w6jf,1787079381,GEPiePuVYQcbShk7ACa2YASeLuRHqvcSZpS89keWZecG,sell,0.052405872,1650.3147077509984,1650.3147077509984,balance_delta
2A7W19pM442vek5UDokpUd35fjKDdNX9YRSBLkgF1n9Nua3SqoeFmCKjUu9GxT4mBfBkM9fDtr8fecck87mRtVvZ,1787079446,2z2q5gk8TDgqCidzkXkyevXH1aDaVjWL8cQwoRbMF1Jq,buy,0.008039280000000001,187.436710035,187.436710035,balance_delta
4QYP7cHHdamqCmo7yTthTueRStsEHfHK8xJMrtivBaTi9w4Xz8mbGqDsajWREGcn2nbSQDb5G3BkdhsgoEF5LxhB,1787079463,FiN6YjR6Q1ovRhUHJsGW2VuLKWgqgQ59Yr3ck6pU7jbm,sell,22.679646058000003,728737.0265424568,728737.0265424568,balance_delta
3WHDLeRNpSgg5NCEvDYNj34aAJMTgoZZjNeJkWxRpcVJBp88RCzGiCATCnjqLCoMWM5XZDttpxDK59BdNHiDqgYe,1787079467,FiN6YjR6Q1ovRhUHJsGW2VuLKWgqgQ59Yr3ck6pU7jbm,sell,20.251138053000002,655863.3238882106,655863.3238882106,balance_delta
5ZGTmAEEPMXDtnBD9JAEcSbzCjefmTWt4dus9TNt2PvfCpzvstyGXeC3ddrxvcqJ2VLkDXfBCjT6jtHVE7GK3c2J,1787079468,FiN6YjR6Q1ovRhUHJsGW2VuLKWgqgQ59Yr3ck6pU7jbm,sell,17.904777107999998,590276.9914993905,590276.9914993905,balance_delta
2c7DmifXJtFfqQxXD7CTx8H5R8eZ4ZNWLQnSvGU5EWtoe3abqJzYUVBJtGYKePqenqCGmSi7ALiQdyyZvRAFRTCU,1787079504,FiN6YjR6Q1ovRhUHJsGW2VuLKWgqgQ59Yr3ck6pU7jbm,sell,7.508872504,265624.64617472515,265624.64617472515,balance_delta
AVax2ndvPnDfse3XZq4DVZ3Xtyi2g4JcrCZHFsvdvobxa284pzDToYiCeCjfmDRJNGFAZaBjaQhtkUfaaayxrta,1787079507,2z2q5gk8TDgqCidzkXkyevXH1aDaVjWL8cQwoRbMF1Jq,sell,0.005223734999999999,187.436710035,187.436710035,balance_delta
2ixxVnUxX86w9da38eQkBxDyhyuRPqrjQ2o4dExBJk2KaMuJ1sHVnkUPoxTUtstdxqGXjYsJxdXE65QiFBq5a48e,1787079595,93u5BsWsPxuLRzcDqwecZV9TiXEV7qNavef6fscPnSb5,sell,0.436994676,15855.314075954,15855.314075954,balance_delta
5imhF2RRFWdDMpckL8XbhsjUipdyCmuHkWKpsdiRx9n9gDNKbWGEVfctWSuo6vu1DZRagSJy6yL6uMESr7JzPr3A,1787079595,GEPiePuVYQcbShk7ACa2YASeLuRHqvcSZpS89keWZecG,sell,0.408974229,14852.832369766,14852.832369766,balance_delta
55GcNKDQA1fYnX7RTBKQat2ekpNDVW8n8N9bBXxjAyKr9F62vE3PTt8vmwcspEtrToy4xFs2DMCKoYLrkefGAKCg,1787079960,2z2q5gk8TDgqCidzkXkyevXH1aDaVjWL8cQwoRbMF1Jq,buy,0.00803928,209.380851102,209.380851102,balance_delta
5bT5akYBGKDVCYfgRHVKXdDNuhenzZBBFhe56nt6Scw94KPqWdgzfY1TfHmmyL8iP4yp63v9CfHstf9pzUcNQQHb,1787080065,2z2q5gk8TDgqCidzkXkyevXH1aDaVjWL8cQwoRbMF1Jq,sell,0.006445093000000001,209.380851102,209.380851102,balance_delta
5EVVhWPNaNwwwSbdx5kK6vkMJE9t6wHECFcDvxkFTbppDwxk8UceeUwJSn7xj6tGFnTyrUaVdm2MpYvVvrnVizga,1787080170,2z2q5gk8TDgqCidzkXkyevXH1aDaVjWL8cQwoRbMF1Jq,buy,0.006,186.429504312,186.429504312,balance_delta
4pAsz1MGd1ka1LhrKAAbqtMuijTVdqsKrqD3bhMgN6MpumNoeZxb56TzLJk4Qv6VQppbPkqqFS8mWweTHJAaEHN9,1787080231,2z2q5gk8TDgqCidzkXkyevXH1aDaVjWL8cQwoRbMF1Jq,sell,0.006244208,186.429504312,186.429504312,balance_delta
3QmHWvZvzjtBuzc6GGj3eQcvR3YChJWWztCf6CyQsjKGtF2q2s7xnMYR35F22PpMVm3T6VSnxw4vxS1dpNJDktcU,1787080432,2z2q5gk8TDgqCidzkXkyevXH1aDaVjWL8cQwoRbMF1Jq,buy,0.00803928,168.666147771,168.666147771,balance_delta
3V91gL2SGtytyqTwDTXUADdPBX4TWafSGLJ7PDxNQxXhzHjQpyPNWhkoeaoPMosmwXKxNi8fnMiGdmxuxBDauuv1,1787080507,2z2q5gk8TDgqCidzkXkyevXH1aDaVjWL8cQwoRbMF1Jq,sell,0.006177391000000001,168.666147771,168.666147771,balance_delta
3t12Sbu2cURiS4QryzKWGf8igUbsAWvcqE8BnkMkGeDQ5v2nsTDHq7dU8thumLzNdvCTunPEAydAPp5KqbMxLpuv,1787080766,CHvWpTWTZXUMvWfX7jmy8vhHbAqn6YvLc8wBxXYi4KiW,buy,0.0038092079999999997,1.520964169,1.520964169,balance_delta
1rgM1LZHPsDr3fUvnmvt1zFswUhFmmrG6b6aLxKyCJgb4ddWS1nhyC2nHuJjViMBy2dcG1D2BxvwgsDjrBRMyXz,1787080766,GHJFdDSYx1kGg7nLTDZ7B468SqHsqySZwHRSxs4DgEVk,buy,0.003800792,1.284854064,1.284854064,balance_delta
5wHiADKvvE6o7ceZeLWpQ96h7HRbve3PaqtbBugCLrU5f1BxQttW7D13ci8R6G8Z3avNqkyBJwZGrCzNAkY9d7R7,1787080933,2z2q5gk8TDgqCidzkXkyevXH1aDaVjWL8cQwoRbMF1Jq,buy,0.008039280000000001,189.974902036,189.974902036,balance_delta
5614hQBA2MvWH7uYoJaD39fbtDe3s5K9guZWmWih3w47MGviesYU5UqmRz5nJ7QwBMc4MXQfV3WavYjTape8Rjt4,1787080980,2z2q5gk8TDgqCidzkXkyevXH1aDaVjWL8cQwoRbMF1Jq,buy,0.006,187.66347389100002,187.66347389100002,balance_delta
3zeBCLiq3S5yE1XYJc72nBTv38PCNRb8BQELLso7ViexeTbgNwa9gLJVt4nPnoNyPoJsR6XJ29F1ttEppVC2kaht,1787080993,2z2q5gk8TDgqCidzkXkyevXH1aDaVjWL8cQwoRbMF1Jq,sell,0.006313712,189.97490203600003,189.97490203600003,balance_delta
NN8oDe5QMTyJ82qsZrEybw2tZgQKixPDrSmSQhEXbZ98uSJgiLNyycHRzYQvbRLTSiiMUM9bTRaN1N9Ey8LczGR,1787081069,2z2q5gk8TDgqCidzkXkyevXH1aDaVjWL8cQwoRbMF1Jq,buy,0.005991044,162.73616612700002,162.73616612700002,balance_delta
4Bb3ojEuggYwwPUXdnaM26Uw3MX1PW43qRMUwYwVjDk95CSTXt6TzDiHGUYeVzEfnnNK9WfXeSAL36DHW88Benp9,1787081095,FiN6YjR6Q1ovRhUHJsGW2VuLKWgqgQ59Yr3ck6pU7jbm,sell,168.578058648,5046868.27731979,5046868.27731979,balance_delta
51PBJ4Qh2MWWRH8rMSYHEdtJ7ib8MzWjZu4PdNVRi8QbkpXYsAS37Uc3JVqeCVGknBBGWohZ6uWQxbGNVxp7ANYY,1787081098,2z2q5gk8TDgqCidzkXkyevXH1aDaVjWL8cQwoRbMF1Jq,sell,0.005388672,162.73616612700002,162.73616612700002,balance_delta
3aBMZpLMhrvBEivyhJ8M96Vfyz2ppqwkLerWFtBnfBAUm9MNHUcriv4yUeP9WeksKzXnh3sdxv5vitkPsLLumVBR,1787081098,2z2q5gk8TDgqCidzkXkyevXH1aDaVjWL8cQwoRbMF1Jq,sell,0.006214064,187.663473891,187.663473891,balance_delta
44xxyuqAFmV94zu212LzeTNmn19kTouVYg5bq8tbG4scP2U3UqPxRudFsUwuvVGCgN5xF3zBMztW8RjLGKxs8e24,1787081391,FYTiZbk17NNPQ5j1aRH67mhJZH3ggYcmwbQqqEN9GAk5,sell,0.84962371,23659.73254274088,23659.73254274088,balance_delta
5y5FeJn5F1397QrkUo4eMgT48BvjZmk6KVMiWwVGrkKr59jcfGh49b8LXFHxy7Zo6AGWGyzsxPfvEe6t71Yda4NP,1787082359,CbpnbXAD9PUAwVcYjHY96qooq6eNnoLiZzif766gqLPH,buy,5.003755,176862.487785496,176862.487785496,balance_delta
5t5yTEwLHk3dQmNTwvfWyKBxmdiQyHtibe4vTdR5NKJ76tPHiiXbhUb77w3Eu7eQSHstvo6H13y6ycDey5y3YHu1,1787082359,CbpnbXAD9PUAwVcYjHY96qooq6eNnoLiZzif766gqLPH,buy,5.003755,176096.37051377504,176096.37051377504,balance_delta
2qLBLFNstZ3KVAF4RhDBaaoePnYB33Hhc6o4r4EE924t744woyv4fjnALhBDrnii7HdZ4KixehRuvDZf9cgjWmeq,1787082362,CbpnbXAD9PUAwVcYjHY96qooq6eNnoLiZzif766gqLPH,buy,5.003755,175012.326041568,175012.326041568,balance_delta
55eLBuPd4CCCd6BJt8Jio4op8Tk4BqVMoPiVCU6w26LVcPb6jn4Ch1H1VDz1pEeMidFKR6sWbrhydbfhCnnK5BcC,1787082492,CbpnbXAD9PUAwVcYjHY96qooq6eNnoLiZzif766gqLPH,buy,5.003755,203237.075707322,203237.075707322,balance_delta
RkJbVXnwydUMjbWzSzVk8VkYtkffLBZvSdDRbk9NQaxVx3ZqnUKQwpSofH8Dq5DFneqFDRucDYcQEURvpJfVHcx,1787082495,CbpnbXAD9PUAwVcYjHY96qooq6eNnoLiZzif766gqLPH,buy,5.003755,205378.73608007294,205378.73608007294,balance_delta
5TmXQA7mHbd2w1JPL3L18atpS6MyUXZnvvzo3vWuJpa33qJciKgtKaVAhntWhGbGyZqPg5mRREWqVfcfZbrEBsLy,1787082500,4iDyxGxPRC66QBNwYqMn74VtVm5Moy1ns4w3bAqYGvRG,buy,0.2502,10033.126752097996,10033.126752097996,balance_delta
xCrwZrJ61etVbKSwbkkzSaFreo32CMWmzPysr4HfiGRJqnFFNp1zeo1Ff1k8Z95r2xzQsimwxZQoc6nsKCqa7ap,1787082501,4iDyxGxPRC66QBNwYqMn74VtVm5Moy1ns4w3bAqYGvRG,buy,0.2502,9987.662063406002,9987.662063406002,balance_delta
4KZvL8FpCzaMN8B1RFqkNLCHh4zvJK91ah93RttNpb4RdV8xBPPzTZxzbpAdMyiMW1eqKbUsrWMdhmH3MHfbNmS7,1787083234,4iDyxGxPRC66QBNwYqMn74VtVm5Moy1ns4w3bAqYGvRG,buy,0.2502,10885.769780117,10885.769780117,balance_delta
4LuubJzKD2kFf8mEM7d6uSVxHayRzYU1bio1baLLJrRALG7yrjp45aohMxuGxehqzSdHAVVn9qaBcoP2NxQGJMgn,1787083239,4iDyxGxPRC66QBNwYqMn74VtVm5Moy1ns4w3bAqYGvRG,buy,0.2502,11528.402234943998,11528.402234943998,balance_delta
2kKWg2aJKCphbZk2MB26CpxuBB4ghNtbDfpZUQi2V6VpC5JTgNfKbsHBem3TEeqEyn77ohnoxSGpQ9R2obXChxPb,1787083344,4iDyxGxPRC66QBNwYqMn74VtVm5Moy1ns4w3bAqYGvRG,buy,0.2502,11633.419513884,11633.419513884,balance_delta
4yRyNqjJ5uBLBsB1vkMTcP9E95T5BKVkxyqZhyzg3CRL4Exc8j7J7nokmVk7jziEcfuo5pdrtBeCbgi8hpJYbEok,1787083362,4iDyxGxPRC66QBNwYqMn74VtVm5Moy1ns4w3bAqYGvRG,buy,0.5002,24346.086887908998,24346.086887908998,balance_delta
2gP4zGNPmy8WYWBYQeW9cngrwF7Bv6rxxFzB7MBtcWXNtX2xCnTpDgkKZiRKfhYqJDkMZSn6nZ8myxe2nG2AKrDg,1787083559,4iDyxGxPRC66QBNwYqMn74VtVm5Moy1ns4w3bAqYGvRG,buy,0.1002,4700.328211047003,4700.328211047003,balance_delta
2bTWVTFNWv5tZ2ZmuHho9xtgAuU5LLP11aTNFKaBnBV3g1NMEgJvk8zkBdv4kseeHpmrHWeyYY7SE43286rXvQw6,1787083889,CbpnbXAD9PUAwVcYjHY96qooq6eNnoLiZzif766gqLPH,sell,22.953891197,936586.996128234,936586.996128234,balance_delta
37Wf1UjdJyyUn5kN69F8uatdBMc2JdcgzD7SyUC4vNS2oLLXsANuo4AVt7otHeXgHFMLxw7iWJcpgD3U6q54Xbnj,1787084076,3KEdzpSYJ7sXfHKpVhSF2Qj6ZAjd3Q3dugFCZ4umWvkR,buy,0.934180824,38168.331979143,38168.331979143,balance_delta
3nhDWWgKaEkYkjcmL9impd8RRvibq3ZXmuUMixvCcF94vLiMd7AFewYJM8zEuQdjjJau6Fm6QRYaXus3uJa7a7fn,1787084076,Act5xzJ7DhXrdNKbRw1yTzQUmT4hYtAPgFKTP5WzPBva,buy,1.065819176,43580.511617619,43580.511617619,balance_delta
3gRNrMmnRoXVAo2TSP67ieKME2RiLD58U9fZnkjSXHm7abs7grPME7uJM5mtkL8WoTFECsmYvofbBt2Stppr8fgD,1787084742,2z2q5gk8TDgqCidzkXkyevXH1aDaVjWL8cQwoRbMF1Jq,buy,0.00803928,252.007784701,252.007784701,balance_delta
4mBmTeyKgbJFYmpJ9JF78u22Dk3x6EYNPRFMGk9bC4TMZtUdc97og2rReusZwf5m6Mc8LP1vq4DEdb6qHfEABX5e,1787084803,2z2q5gk8TDgqCidzkXkyevXH1aDaVjWL8cQwoRbMF1Jq,sell,0.005911823,252.007784701,252.007784701,balance_delta
i7WXMeeyVcPHmDa6f1oG8h4BeKgMHz9wuifkN5hzDzheCJAcVHY9pnhUCVWcARkj2yjo2kDPaXKKEouiVswd91b,1787085192,2z2q5gk8TDgqCidzkXkyevXH1aDaVjWL8cQwoRbMF1Jq,buy,0.00803928,274.609978941,274.609978941,balance_delta
5cWUQzYWE5x1VLEiPTjbm6DXKQvREGgajhhsn3TGriJ5szPCV6QRAPXktwA79g5rjYefdzWGfZeYnqeu7WK3Wxmr,1787085215,4iDyxGxPRC66QBNwYqMn74VtVm5Moy1ns4w3bAqYGvRG,buy,0.2502,11766.827299590004,11766.827299590004,balance_delta
5nKoM8MQLY6kgH2NXHcnkTqGXvd3VtFJqWgMz3EtouCLJ2DZiBrSoyta3PPa78NASPjP7shQuAb4fitoyrwSCgnS,1787085220,4iDyxGxPRC66QBNwYqMn74VtVm5Moy1ns4w3bAqYGvRG,buy,0.1002,4743.7575692590035,4743.7575692590035,balance_delta
4sZQZvQ5S9chGbUwUyRwRhiJz2UCabDftA4isT95TF5hoeeXo3g7QVbCednHNdiSyx8k8d1YW8PWSyatNZUFS37y,1787085234,2z2q5gk8TDgqCidzkXkyevXH1aDaVjWL8cQwoRbMF1Jq,sell,0.005470363000000001,274.609978941,274.609978941,balance_delta
66MY9ZKcvteARZhU4CHjt8FeEHQsRgTK5Mnh79t1aY7Gt6eKbmC3QbLYL99vMhRNEMFXivAx32eiriobPxuho5ob,1787085254,4iDyxGxPRC66QBNwYqMn74VtVm5Moy1ns4w3bAqYGvRG,buy,0.0502,2490.438134608994,2490.438134608994,balance_delta
5qupibSc1xjKnX5RmyLaw4UCvELAQBer42qR1sPgSHZaEvUN4gBRXUe8cx4RZQdSzH6LWrRgmUoFvUHzGkFWsQYd,1787085555,Ahekwy9V7q2tmqJdTX92TAtEHM4pafQbsfc5oLakbZs1,sell,0.6983603460000001,39536.902719932,39536.902719932,balance_delta
5XMdtAhWVPSFtWsQALKVCofdSTfWTGFyfH3NAxHpnMMd2SmutvqCGpMGbHSQRdJ3f6P16dG92Q4DAYWtGdHGExpq,1787085555,C7PNbARVAHeskaefdcu7fy21dCN3qNANKuT6Cka2av4L,sell,0.558555561,31606.339754488,31606.339754488,balance_delta
5QMQWFSSS8u4SEZMe3Q91tbvfmoqCoTKqktLuuYbE2g6ZUDPrNrLMk9SREkMWvSwnvzXFk95Y7jHGaPzeFX5cram,1787085555,JAGPLMkgPWRxFJekMU8DRHRurw968GGYHRMEKUWheYcD,sell,0.685015331,38758.83841776,38758.83841776,balance_delta
2btjTq7yv6Sh4eyF2iCEvS61DV8pVhfpzFaM74iaFxJmvmrHKsEseYqTF2XUVtwuZB3yPqPLMS9LyA4ZYBhXRRv7,1787085560,2AwjJTdTWCu6QjyZKvF6oVEd9TkQP1WYvVswFvDEySxn,buy,2.6074531430000003,144389.166899482,144389.166899482,balance_delta
jddz5R6DTmNZv9UcRu75k6WHCEuK2cmBxSvrxPQGHSDBrqRPy5uMW95SUqhJSf1hqagqULVSGjAigr6Lnr4zPij,1787085560,2AwjJTdTWCu6QjyZKvF6oVEd9TkQP1WYvVswFvDEySxn,buy,2.363502281,129602.53690928101,129602.53690928101,balance_delta
jHmcuGjA9WUknjzeZurqrjCNtHTG2uuwcEc7C8rQ3zR4omPJZ3h2gCDSkfUy2TLQaGKS5Q526RwYiQ59SeJZHnk,1787085560,5kidNviTucvoHuFGuPQUikWokMxsLZMncGrS5gK9Cujs,buy,2.4214205250000003,134691.696720469,134691.696720469,balance_delta
5ANscTngmBbeFt1uvGK1C1vFc4PuBTBP9gSQATHpeN43MzEftRAHfoqBUGLhecELZbEAmmYHi4v4Wjb43QVCeyVV,1787085560,5kidNviTucvoHuFGuPQUikWokMxsLZMncGrS5gK9Cujs,buy,2.6195354610000003,142057.118830088,142057.118830088,balance_delta
3iVGqXJeW3KMLhRXN4vSLqHifJGCPcceb6WC9aMCrwPD621Y7j2EW53KCteeSzasWaotAaVyLUhFS93jKcx4yVXv,1787085560,DenZLNzBtE3L8T1kQFKh8oE7FCXBrdsM9xwCbsnKvdJq,buy,2.5974326980000004,143496.901070041,143496.901070041,balance_delta
2Rw24W1N8CajMVA6Q5eKENwySfd1a7mCkvuQfUtTTPZoVL7wr32FvN2Ku8ZLXkg6JoBUbirhd24Mb29CSRDSJsbS,1787085560,DenZLNzBtE3L8T1kQFKh8oE7FCXBrdsM9xwCbsnKvdJq,buy,2.3223927100000004,126788.035836327,126788.035836327,balance_delta
2GMsvjpS91pXkkwJiMTvpTw7gXNGiHVsbU3ve4k89Yr1dEbjGvKABAiX1NLKfjNKtdh5kcUDRhYigvGNmwudtX3V,1787085560,Hedt6aVyFRvxpQJkrrqgZ3e3JxUNb7ufCVyYXMnHYYE4,buy,2.4748726100000003,138372.022826094,138372.022826094,balance_delta
4VyYhbsQ4haTiuXaGJZSuRycUgFdsUUq2mbdA4Ceutx4gaqRPpt9bS4eBD4VyfxVp39rfR5D1tFxPS2gyCsGFzgM,1787085560,Hedt6aVyFRvxpQJkrrqgZ3e3JxUNb7ufCVyYXMnHYYE4,buy,2.4551878400000002,134927.60818110697,134927.60818110697,balance_delta
3NhyVFxAYtn5rec2cUiRb6a4Pmd1jNLdwCFy1up5PYSjgcCpS96UVrJjrhdacTdUgi2tgrw5WKHBAGXssMSj8qXh,1787085563,2AwjJTdTWCu6QjyZKvF6oVEd9TkQP1WYvVswFvDEySxn,buy,2.590517783,146037.398225834,146037.398225834,balance_delta
2mt8eK2Z9BVx6WWgigQdpFFRM3vFchLxsUMsdmKSZFoNhfnG1QVi2eb1CXez37y5weWv2kX3XMn7QctkLviqSsy8,1787085563,5kidNviTucvoHuFGuPQUikWokMxsLZMncGrS5gK9Cujs,buy,2.4494765700000003,137144.33821931802,137144.33821931802,balance_delta
48rkEDh2gTHQTrsap8UnZguar5yLasVZEkPSKpuLGfr2CsB3Bb9wkUH48phKTdjrdbcM8hseR7dBx6HWkF131CiQ,1787085563,DenZLNzBtE3L8T1kQFKh8oE7FCXBrdsM9xwCbsnKvdJq,buy,2.4121257930000004,135660.671572596,135660.671572596,balance_delta
5tC84yjdAzJb9bcGopTCQUzZaAKq94dPS6x5Lbt78cqebxsup18W36cMVpFAshrQQzEFefoHtRLxk4DtanFMt4XR,1787085563,Hedt6aVyFRvxpQJkrrqgZ3e3JxUNb7ufCVyYXMnHYYE4,buy,2.5429527120000004,142706.72785472102,142706.72785472102,balance_delta
67FQfiB29MdjHAfxVdGNQ4mj8aWeuDVEeutfvCb4J9BVRvHbt9nm2uatGacDR8oL9uBfuBBC9L3GCnWp4Zc4duaF,1787085568,2AwjJTdTWCu6QjyZKvF6oVEd9TkQP1WYvVswFvDEySxn,buy,2.4292705220000004,146579.87756308698,146579.87756308698,balance_delta
2q6bv65EhiQX9fmD1q8P7K3HJtEAs1xwuHaJvYHPAKVm2WwTa6qZ9ZAQ15pFSpZovwL8YgaVRAjpb4Tr3XRVLPk2,1787085568,5kidNviTucvoHuFGuPQUikWokMxsLZMncGrS5gK9Cujs,buy,2.585827031,156808.893678246,156808.893678246,balance_delta
3Q8qK3hEHTA9ZcTMrZG1hjT6tDMagWAJDya3c1zgRV5wLusKfWvjVLsDJgcb2JidHW8HbFNQwkTnpLRKft6SFdiA,1787085568,Act5xzJ7DhXrdNKbRw1yTzQUmT4hYtAPgFKTP5WzPBva,sell,0.707232773,43580.511617619,43580.511617619,balance_delta
2ZDgUkumimAdEjnJdDbfhwQXf4XQKKn8V9trbNc7VQUAx8Hw7TXh1EWmxtnVMVQBaNvyZoqx8GLxDEb4HYFF5rcq,1787085568,DenZLNzBtE3L8T1kQFKh8oE7FCXBrdsM9xwCbsnKvdJq,buy,2.302729445,139943.43531962502,139943.43531962502,balance_delta
5Wb4xWAVPcp8G44hQYw7G42ANdkr3rGrMohDY19fkEHDuEwwYxxUgbc1zfkq7mUAnbAmN58SZRizLZsqyxeF5PxK,1787085568,Hedt6aVyFRvxpQJkrrqgZ3e3JxUNb7ufCVyYXMnHYYE4,buy,2.531208503,154576.65652643604,154576.65652643604,balance_delta
4dEAFBst5MvmJdkKu1ApKmBMHqu9UAcXpJbzbsqiixUnW9Gc4AkaqvUqujPB7kx1Ls8jjLtGywi4shca8DMYCqGx,1787085569,2z2q5gk8TDgqCidzkXkyevXH1aDaVjWL8cQwoRbMF1Jq,buy,0.00803928,359.577845208,359.577845208,balance_delta
bd5xM71xmQRwYMLJaf6H9yzUJQSguVqFWgmYWwoGKnA9gcjPjfxy3CMeBwQa1yL9D9ehjDSYphZ5hpGX1CKyBuM,1787085573,2AwjJTdTWCu6QjyZKvF6oVEd9TkQP1WYvVswFvDEySxn,buy,2.5814334320000003,155742.79989167897,155742.79989167897,balance_delta
4eJShZb5CDa4fSrrxRZSgiQ3yR4M4hcGbPWbhSExWHmhnowVZqjFBjRDD1h9yJcg7dqqQAZgFASSuNxMHDfpbot1,1787085573,5kidNviTucvoHuFGuPQUikWokMxsLZMncGrS5gK9Cujs,buy,2.4218237140000003,145416.67202419403,145416.67202419403,balance_delta
3DMdzJfLTaurZkwFjWVmrgWrq8JpP8c45hx4hAe1iQJZqEJabAJkErVTGhFNZWkdpcZjpTXrQgVoU8GUTsGiK1Ha,1787085573,DenZLNzBtE3L8T1kQFKh8oE7FCXBrdsM9xwCbsnKvdJq,buy,2.5092624490000004,151022.16350836295,151022.16350836295,balance_delta
57noqFRn3CtZsqr7N2SVxCzfenCGvPYSgFr59bWudhfG9uwSVFkk2YTTw829EB5jTA3wro19HcoxPbUpcuB8RfpM,1787085573,Hedt6aVyFRvxpQJkrrqgZ3e3JxUNb7ufCVyYXMnHYYE4,buy,2.749009977,164273.06995375594,164273.06995375594,balance_delta
265Grubwc5XtCRxwGTbevWDryj7tkkTxBGENkgaLejXJsAqAUegERhPyFTQy4NBC6288RZfgcZDu76dM1ALRox34,1787085599,2AwjJTdTWCu6QjyZKvF6oVEd9TkQP1WYvVswFvDEySxn,buy,2.278557739,139626.76641667308,139626.76641667308,balance_delta
2SL3nwUw7dfqMVtNVig9XPLUrv76P7EGn7LKSedxvcVraxySBJYeEykSPDr8emhXgB1SQQuWZj8vPsyCpgBwCsnu,1787085599,5kidNviTucvoHuFGuPQUikWokMxsLZMncGrS5gK9Cujs,buy,2.5192677050000003,154091.21906393894,154091.21906393894,balance_delta
2sKJ1g8x61dCa6u3A3LKWSeLxSXjx1dFbRBCmj3fZ5jzYNHh1K3zndxGhcBZHp69iwuoTE4E8ynAQG48PqAoBaBM,1787085599,DenZLNzBtE3L8T1kQFKh8oE7FCXBrdsM9xwCbsnKvdJq,buy,2.381367936,144611.88973214698,144611.88973214698,balance_delta
31TAYSN5naVvFoYe8DfPB4nLqhognmuTDCCvEq5EZQU8SDv7zwNBjZYUZAHPL5MM5f9tjWxyyf5FH9FaGN9utupZ,1787085599,Hedt6aVyFRvxpQJkrrqgZ3e3JxUNb7ufCVyYXMnHYYE4,buy,2.2700986920000004,138129.07128067105,138129.07128067105,balance_delta
2HuRBBvZKJeaxtHNZFoxnC8ji5AVKftUi26BHdKZBMpFcjhXyiagu54T6bp7vuweThkW2PNg8MfqEQfi9XFn3GRc,1787085603,EXgjdaTYUSoS33cKZREWNfCGba6i4PGhsW1VpDqDqevz,buy,6.286676926,373328.604692963,373328.604692963,balance_delta
PrtCXGRaGYLDHPk7SMSr5jcyRxaUiXDvXnCKdEhkyjrryYmi5iruSKRZvj8FB7XrTUzTQfQPW2Sza26kRmKpvhJ,1787085603,FYTiZbk17NNPQ5j1aRH67mhJZH3ggYcmwbQqqEN9GAk5,buy,9.0015,538405.390316648,538405.390316648,balance_delta
2RLDC3bQGiuLXnK3RnAgNQbwi3hjDghxnk7Jd2ms1BVBmPofSbL1grak85vYdFa928juZcMmsvnKPZL144xvxyCh,1787085630,2z2q5gk8TDgqCidzkXkyevXH1aDaVjWL8cQwoRbMF1Jq,sell,0.006070092,359.577845208,359.577845208,balance_delta
4RJEA2cSiqf45vR36BCootYQ3X2VujshuE8RiHKHzZmkWjTjjtWdVJmNSTCtv52swYFCF44yFdPQdinhQPQPtN2b,1787085642,2z2q5gk8TDgqCidzkXkyevXH1aDaVjWL8cQwoRbMF1Jq,buy,0.008039280000000001,360.807066775,360.807066775,balance_delta
3Hp5qdXT8A7QDQLRNPHGD1Dy55VyZeLAbHxU9yaMGhH6jdE31LZudnuB2xSW3yWRr65fPMdb5jMCrxBB4WEqgmJ9,1787085683,CbpnbXAD9PUAwVcYjHY96qooq6eNnoLiZzif766gqLPH,buy,5.003755,314167.911399879,314167.911399879,balance_delta
Y3iVcRDdRxu2N3mTWBPvxpdDq1P2LzcpxQ5Y6oX7yc8VtevdAsnpA7hqZjJXDtWepy3NWHxnvtX96iErSErugVe,1787085685,CbpnbXAD9PUAwVcYjHY96qooq6eNnoLiZzif766gqLPH,buy,5.003755,317116.455580608,317116.455580608,balance_delta
4GcRkqF9amxJzpJxezDETtKojfsME31MjEqZHL9Cv9gTGDuFj1XLggo9U8qnuKjDf9Vo375UUgg4FDyRH8PgAbuT,1787085685,CbpnbXAD9PUAwVcYjHY96qooq6eNnoLiZzif766gqLPH,buy,5.003755,315310.669955475,315310.669955475,balance_delta
62ioQsw3dkCEPHfPWznEUnDApbqBA1CzH5h6MjEi5iaRoWEq14raY7HRdFPVaYywRYzProAiTQqKyBhCutmN6BwJ,1787085689,2z2q5gk8TDgqCidzkXkyevXH1aDaVjWL8cQwoRbMF1Jq,buy,0.006,375.17397640400003,375.17397640400003,balance_delta
4T7WaCtTtcJmd1wRWgSW7AJwRGYGfekaydzyn6N8ugaSKZsHAw15tshrBZiZ2Eh4L2Y6pECAtpYWH57X7ehbzBZK,1787085689,2z2q5gk8TDgqCidzkXkyevXH1aDaVjWL8cQwoRbMF1Jq,buy,0.006,375.171814295,375.171814295,balance_delta
4bajZTdq8Uki5ygzUdEshvHNcug4L59fjNk2BMdQz2p27YKXvEPhQzv4r92t4fb2UswJiHjMPMintnHt4NXz8P8t,1787085689,2z2q5gk8TDgqCidzkXkyevXH1aDaVjWL8cQwoRbMF1Jq,buy,0.006,375.1696522049999,375.1696522049999,balance_delta
5aDrgF8jREAPXDb4ughnwH4ejDkEoZzcrBHUVhg8kRXidWy2N1R1wJAjSgwVptQP6ZxbKEJwU2FRYDi7TUHcLGcH,1787085703,2z2q5gk8TDgqCidzkXkyevXH1aDaVjWL8cQwoRbMF1Jq,sell,0.005464106000000001,360.80706677499984,360.80706677499984,balance_delta
mfnN5jzg5qGysuSzEsx1AMMt9vXsSFqoAVHmWXFuRjbnThWtwzFJNwaBdZDDTLfnQqf66RuzYYB6VibR43yjnCf,1787085748,2z2q5gk8TDgqCidzkXkyevXH1aDaVjWL8cQwoRbMF1Jq,sell,0.006188057,375.1739764040001,375.1739764040001,balance_delta
roUFj5vphWkAQEmAdCQXGkK2uzpCcuzGJBz5rAyKTm8iGAfxxwYzouyJPEaGb6uoADH2H73psFDxxmDGRqRCi3W,1787085749,2z2q5gk8TDgqCidzkXkyevXH1aDaVjWL8cQwoRbMF1Jq,sell,0.006154496000000001,375.16965220500003,375.16965220500003,balance_delta
5oNq4LZnFuTnDe7UjBfvZuBHZvhFKdY1nAoyxuyGWFxAAPBvBCREKsyeETcMLCD1XVtJqxnmzo7wBum2UJbKqyjC,1787085749,2z2q5gk8TDgqCidzkXkyevXH1aDaVjWL8cQwoRbMF1Jq,sell,0.006154496,375.171814295,375.171814295,balance_delta
5wk9GagB7WR5QPESYHDsRwWPFUu226dUFX9CAWUpEkzDugis9z2yT1fpVroJQPHcmu98spoPz8mR86VsyTVuZBiN,1787085749,CbpnbXAD9PUAwVcYjHY96qooq6eNnoLiZzif766gqLPH,sell,15.500300842,946595.036935962,946595.036935962,balance_delta
tLgvUprGUSc5sN56Jv3fQmiRHgAEMCE14daKwCVxZL8vsBtwaj6DzHA5AUNh3PRDPvdNt2cvsTSDbeP5jtyHCYK,1787086262,3KEdzpSYJ7sXfHKpVhSF2Qj6ZAjd3Q3dugFCZ4umWvkR,sell,0.670926958,38168.331979143,38168.331979143,balance_delta
5hW1U1SqBEP4GvoiMw1WYmU3o4vTkya4xZgxRuYJYrSLXATPDPbYxawEQqasC8zWyQtA9adnFoMAQErS8J3oiHGZ,1787086499,2z2q5gk8TDgqCidzkXkyevXH1aDaVjWL8cQwoRbMF1Jq,buy,0.00803928,350.88124334,350.88124334,balance_delta
5K4XQ87nhHz4NZRw1i3XQxZovjM5qcEqAFtny6ShUrDdMDYHhhWjHvENnjYBWXJTGPixKgNqQ4nm6tzVCUqpH96,1787086561,2z2q5gk8TDgqCidzkXkyevXH1aDaVjWL8cQwoRbMF1Jq,sell,0.006177912,350.88124334,350.88124334,balance_delta
3DaezjUTLwsNY3m6gkFf19BeWs8kkK3A9AaQTZ65jN6hqjEGRYP9fQcxsjgrYahbnWHpixrMaWtSqPTUeh8qjj3y,1787086634,CbpnbXAD9PUAwVcYjHY96qooq6eNnoLiZzif766gqLPH,buy,5.003755,276225.972717689,276225.972717689,balance_delta
2atGtTQK1WKFw2hAXbnrna9FSwa4TqakdhwANFPdayGkzwhKDSRAH8FsD2CtvakpofqzFEi1GRe1Vhu4kr4DAobN,1787086634,CbpnbXAD9PUAwVcYjHY96qooq6eNnoLiZzif766gqLPH,buy,5.003755,274990.242030366,274990.242030366,balance_delta
5fcGu325CZ3mgK54jvbthwhJVV9zeBtQEw4pLobAhbDFgYBYDjJj81L7hVipZYPNADEgP7eQbq5kgAUGo86NW1LA,1787086635,CbpnbXAD9PUAwVcYjHY96qooq6eNnoLiZzif766gqLPH,buy,5.003755,273916.8354724271,273916.8354724271,balance_delta
5Lw35CgXyRUDKWYfu5AAGbtozsWoGN2tLDtxSeyo16F1Pn1DzHiroKe9two5MN315BcLtUrGEHuSp1RqwCb9jEAZ,1787086635,CbpnbXAD9PUAwVcYjHY96qooq6eNnoLiZzif766gqLPH,buy,5.003755,272872.09297801205,272872.09297801205,balance_delta
LCbftDWiZnSXFBM3wFXk5q5R267dTkwmT58yM8wMKwGqf3UvG9kj9Jvp3eenVdZjJAB3666H2yoLu2hnG1khAxV,1787086675,CbpnbXAD9PUAwVcYjHY96qooq6eNnoLiZzif766gqLPH,sell,20.423715792,1098005.143198494,1098005.143198494,balance_delta
4SQpktydKWDw6UgfSx4rpveQxr7npTExkg2SzsuhGkgRaiURZ7nbZgEVwFSdjzkJt68FR9Ug5wqr6yysDFKx548y,1787086721,2z2q5gk8TDgqCidzkXkyevXH1aDaVjWL8cQwoRbMF1Jq,buy,0.00803928,307.171328049,307.171328049,balance_delta
4LFrDFk4FD8eTHWALKAqiJ1SZzHxeH4H8GyZMsNcsvp23iRhJGgEUfEFi9M3cdmVjnfVc5DeoW6iMyi8Vhj1DivY,1787086807,2z2q5gk8TDgqCidzkXkyevXH1aDaVjWL8cQwoRbMF1Jq,sell,0.006490286,307.171328049,307.171328049,balance_delta
5WxV41StrBBKwnoNJjmiaYp585PHFRXAshPLT19euxpSMm1wgf7yb23dGxghthC25BXAttsPyRiEpj6P8DNja3Ff,1787086950,2z2q5gk8TDgqCidzkXkyevXH1aDaVjWL8cQwoRbMF1Jq,buy,0.008039280000000001,271.946671165,271.946671165,balance_delta
2Y4MUUjHUs9qu2Hjk1sYprMsiQhBmdMdNfeidReopbTBfW5DUAjb5fSXdtCfWvzUgNWmQNBzcGoxV5EKbPBL21No,1787086985,EXgjdaTYUSoS33cKZREWNfCGba6i4PGhsW1VpDqDqevz,sell,3.83740134,186178.97516038,186178.97516038,balance_delta
5DuYAvwFxVRhaEJyGbffzhXx2WkqDaVtDAssRg1kvjmHCobyvR3pbvDdupyd3DHKNUP4qpV8BL6EgGo58j9rWAYY,1787086985,FYTiZbk17NNPQ5j1aRH67mhJZH3ggYcmwbQqqEN9GAk5,sell,17.650341003,848866.142455484,848866.142455484,balance_delta
2AQaHbGTL6tQUpLR1YDizTCg6WNni4LE1QLoqRmMeabVeGUys9z5Jr4FChqnKf1KNpHz4xkLo1hWNvazyyiEUapW,1787087011,2z2q5gk8TDgqCidzkXkyevXH1aDaVjWL8cQwoRbMF1Jq,sell,0.0056857800000000005,271.946671165,271.946671165,balance_delta
te662o4RhYMgEmhqqLSQ1nfXNuWpEZD1APAcPuHQyHoMjaCX8wbc1y9VJzfdPTZTdH7SbHWLDHhfKhLTy7jsKwQ,1787087125,FYTiZbk17NNPQ5j1aRH67mhJZH3ggYcmwbQqqEN9GAk5,sell,16.714521485,848866.142455484,848866.142455484,balance_delta
4PLDXkszt7SUDWDev1Dd9fxPKSRE4JmYvjZkCvDSGM3nWpphh1ZAcG9y5qfHEbDLeNaJfJ88ysqif5SAgidd3GAS,1787087126,EXgjdaTYUSoS33cKZREWNfCGba6i4PGhsW1VpDqDqevz,sell,3.649987316,186663.040495798,186663.040495798,balance_delta
2yF1MrbjB8LPQ4zQaVpRvQt2ssDZxMzkdhWqEvkAgzDb2tzhR85MZq3gWbattcEDbbq6yqP4TRfpJ8q4CMhsywPN,1787087614,A1igHDVAzKcGUAbVMFV8HrCCSUfcs5YzVfW3i9895pdW,buy,1.1574205000000002,63334.48769814,63334.48769814,balance_delta
4Y4aVvQKujUBTTgWzpPGeq3mBSCHACvXoMXvkdg3JF6p3aK5aHYmyLexYGgkK1ietb9gqiwzPt4Yf8izeje9gkUj,1787087614,Ebux1vXaJYiugKxnBNgQbsBjbjjFK1K2k1zXjkD3tqDk,buy,1.3276969250000001,72724.313828328,72724.313828328,balance_delta
4bGNo7BHGjUNsWocZCmFJgcUtbi6rCoHALoHB3x4uWeh3uKvo43RTSfYAXXVWzfBGQxQ2pZvT9S33iA1DcxVh2fm,1787087614,GpNHGPQXQEnrrbL8paxGdEWrNEvdFcZFVtC6ztMoYuYo,buy,1.299798496,70919.760407082,70919.760407082,balance_delta
KfjnbS6nJXRJPvwmUtDZVEMNQQNwxw83XGUS68fW7mKcCifgoL6QFBG3Gg9WiZN88HaPhJpKn7HQHaYM1S1qxPx,1787087614,ZZGtLggQHdZ2LgkDtnbJ1eVQMYLpQN7H1fjCGZAw8G1,buy,1.233201919,67347.812349219,67347.812349219,balance_delta
3aSVUc1j4tHQbmPxVoU9ZrZkPAqKAB8kQDGNVJKWLNEf4ttiozhduMhL8JGyAdUdbKuLPhooKSQ3ysVtnYQHo4DL,1787087616,A1igHDVAzKcGUAbVMFV8HrCCSUfcs5YzVfW3i9895pdW,buy,1.287412128,67361.002898105,67361.002898105,balance_delta
5ktBofKQwfbEoiEZaURqsv7rGJqRreMma9wqXcwmhH27CiL3x7fTcm8B9GkePUwe3dWXUp6L3KfECnvV3bXPMajT,1787087616,Ebux1vXaJYiugKxnBNgQbsBjbjjFK1K2k1zXjkD3tqDk,buy,1.199781993,62908.81348859599,62908.81348859599,balance_delta
4h9SKEvXvkZYp5LQNd75WGw33ihgvKieaFGBHbQsrtTS7qbUv7Ua8nRG5h9iBPu3FNxTz15kzo1b7hF5xYKQb3a6,1787087616,GpNHGPQXQEnrrbL8paxGdEWrNEvdFcZFVtC6ztMoYuYo,buy,1.375782343,72079.23888586702,72079.23888586702,balance_delta
3Ywzn3vt8KZPu2xbPNnMLEcvGYVca4xaPXZzkasUa6ZbbrTYbkaJaqoYSPoAi2cXbAEQVNLKJjVywGsqnieVx5hh,1787087616,ZZGtLggQHdZ2LgkDtnbJ1eVQMYLpQN7H1fjCGZAw8G1,buy,1.149023536,60039.436384245,60039.436384245,balance_delta
ZgJeDv3XrSJwAwF3u8pvLijRjfa5QCS9BU86WzefpzBsw1cHhBZd2SZtCzJkA5BsPMYFJh39dbQ8EPNrSQ7MPL6,1787087622,A1igHDVAzKcGUAbVMFV8HrCCSUfcs5YzVfW3i9895pdW,sell,2.3509456959999997,130695.490596245,130695.490596245,balance_delta
2qBH8Npc9LaFp8gfowCe71jqFhJyf6D3eerCJ7A79kjoWb8MovFqmq4XMT5R7oq2pBJw5CzvXtMnZUFTPqsWnZiY,1787087622,Ebux1vXaJYiugKxnBNgQbsBjbjjFK1K2k1zXjkD3tqDk,sell,2.4238321,135633.127316924,135633.127316924,balance_delta
3G4V9STdnmDkLPF8ryjHYkCtX1k6BVP9beGMPGqEAaDCeNifv1u1x9fR8G62jy7Hawypc5f5JK91HZPaiy4J9Ym7,1787087622,GpNHGPQXQEnrrbL8paxGdEWrNEvdFcZFVtC6ztMoYuYo,sell,2.566788318,142998.999292949,142998.999292949,balance_delta
4L8BvvDEQh44LT2jkxV9uetzBs71SHwq2WCNA3WuXmXUCx7A5ejf4UWzJ5LJdNuYvh8ocJt6Evjhh8fnzQKcMPvV,1787087622,ZZGtLggQHdZ2LgkDtnbJ1eVQMYLpQN7H1fjCGZAw8G1,sell,2.281186063,127387.248733464,127387.248733464,balance_delta
3FRBFfGzR4j3LUZGUK9M9XmjFWMSuxZRq2fhr74xH4HAcyNGehfyjehbLRg4WBHAz3Y2uMqpsjyRXh3EtNX9Mtto,1787088449,FwiYAjHmzpH2twsMxTnkj4WDPrXFNYqTQMn8soTMYGGB,buy,0.01214928,567.846446415,567.846446415,balance_delta
67VV1RdjxzcvdX1LuPzy83k3CuWYmuufgW4bYuxGTkwAqLnWjz4RgQcgjFzG1scfoSia4BrEbGMT9XiXgx9RUxwN,1787088523,FwiYAjHmzpH2twsMxTnkj4WDPrXFNYqTQMn8soTMYGGB,sell,0.011538636,567.846446415,567.846446415,balance_delta
Vem4fdW1Z7CdJ5CchiH7YR3kHU9DSMCjYYjrD5nJ72gKguUcm4zRmVLGcR9E28AW6zqgvwQhXE64EHS6DVbCMQb,1787088557,2z2q5gk8TDgqCidzkXkyevXH1aDaVjWL8cQwoRbMF1Jq,buy,0.008039280000000001,350.63965444,350.63965444,balance_delta
eXWwfDssbWagUvrwRZ35WBznSeZNqB3BEAdh9iq5wsvZsiVqfKEZMiVgSTtFF1nyg69zBhannd7sJi3DrqPCeBz,1787088618,2z2q5gk8TDgqCidzkXkyevXH1aDaVjWL8cQwoRbMF1Jq,sell,0.0060888439999999995,350.63965444,350.63965444,balance_delta
51qwpWmi7macyPxeivXthjWs9n7NosKvz9EVFAFjpn9ALnMW4GceuazWukPUNrRWRbE2ERDFpDhv19R9hWWfdUym,1787089250,2AwjJTdTWCu6QjyZKvF6oVEd9TkQP1WYvVswFvDEySxn,buy,1.131792532,69099.43629786698,69099.43629786698,balance_delta
Y8HxpTqb8t97fdFXSTTq87V2UuBByrAXRHbu8wT8PxtVQWApVHq9U8nk6EZ9kkygRy8qqMdAw4b9qy6L8t8jxvi,1787089250,5kidNviTucvoHuFGuPQUikWokMxsLZMncGrS5gK9Cujs,buy,1.323754166,80389.27158480405,80389.27158480405,balance_delta
5qt75Q5UNvzskd6rpfiLP67KttbEko5xkXpq7xcxgkRYtm7uRfvym5gt5AMfX4zXMu3FinshYKEM2hpQ1XJCFgec,1787089250,DenZLNzBtE3L8T1kQFKh8oE7FCXBrdsM9xwCbsnKvdJq,buy,1.190790511,72553.20693130104,72553.20693130104,balance_delta
TkPC6YweMWPjBjJBbf3xnoNQHDLJ8s2Ho74Ffa9GKntyvxjjESwFza6FeFRfnLo17PQF3FQJDH3DuTqgQY7AuUx,1787089250,Hedt6aVyFRvxpQJkrrqgZ3e3JxUNb7ufCVyYXMnHYYE4,buy,1.174422823,71632.56335910293,71632.56335910293,balance_delta
4fCaKXoLtW8ce9Qafttc4JBqxdXHfammDHHpcKVtQuEVh42X7iz71kSJ1f4Wf1kwmCpTG3n75rr7cNXRheQYkWMY,1787089314,BfCP1ncxu7ZWp4B6TvQEcXGVSCiM2LhAzyYjG7zWyKdY,buy,4.853649280999999,250644.272519487,250644.272519487,balance_delta
PegHdhx5qKLgCmhu4bt1HoXsRitC81VzqQgKyaXs6amPM4zRcE1EmstX1Ln98JYjC8B8LAskMRGrv2fKwVEQDkz,1787089314,HrtVLLCBM4LXfRGLGcXBYvkkJ9xnbiJ3ob1MxKdmNs7o,buy,5.157723469,266960.377566926,266960.377566926,balance_delta
5t46YW1WwkmGAJ2Xcd2PJ9cE2Vk4U5vQ392KWchrgJExgp85CEdBpcYdmvfEdAE3uvnKV92teJt15eFoUBkUoJkY,1787089330,BfCP1ncxu7ZWp4B6TvQEcXGVSCiM2LhAzyYjG7zWyKdY,sell,2.5902276079999997,125322.13625974301,125322.13625974301,balance_delta
56BRKJfADh7qRiH114khyLrh1KzGeEFSP8yKDWmBhhybo52jWAHNk8PsgMEvJ374UzNkXx7hZ7u38JrPq5p1myuc,1787089330,HrtVLLCBM4LXfRGLGcXBYvkkJ9xnbiJ3ob1MxKdmNs7o,sell,2.7651161269999998,133480.188783463,133480.188783463,balance_delta
3SjDsyCv9s8eV38tTQaUw8hzJAi98VTqv7kBAo7kMcK5EivTbLaZPsvajeuGLpcdqUahKvVeFcZzs456BD26bwUE,1787089346,BfCP1ncxu7ZWp4B6TvQEcXGVSCiM2LhAzyYjG7zWyKdY,sell,2.562693597,125322.136259744,125322.136259744,balance_delta
3NrLBQcMe2pfQFKgwKLk4HVkBpQQikiw9j4pJgkeAXri9cfAmiFBf4CPQVDe98Lmt2QUZBPdPAQTg7MTv4JYBKzz,1787089346,HrtVLLCBM4LXfRGLGcXBYvkkJ9xnbiJ3ob1MxKdmNs7o,sell,2.7233902509999997,133480.188783463,133480.188783463,balance_delta
brtuAdJjkZ2dmwF9jq2qmGcz2MwbZEDRA2PWkwYkGAU9p3ySUKnEVASa5yRWgckPwrvz8hBtEz4FAXYrGnjVLcK,1787089439,2AwjJTdTWCu6QjyZKvF6oVEd9TkQP1WYvVswFvDEySxn,buy,0.27270064699999996,13568.314445317024,13568.314445317024,balance_delta
3M1MTauUBFtC6RNhuW3FLNndUJGiVuYrJ6GSJSVzZSoz4U9VKKYMSFSatrBz1Adpq3v4PGddLcqKZ3SZi4hpvctN,1787089439,5kidNviTucvoHuFGuPQUikWokMxsLZMncGrS5gK9Cujs,buy,0.26499344799999996,13193.394416681956,13193.394416681956,balance_delta
2qEdBGqjRJtA3vgC86SSfvax8K8QzaDhadq9eUBhYTLR4hk3UwgxDVFgmLpAixCJXbrWbjeXfBEMRqsqXWdjVmEf,1787089439,DenZLNzBtE3L8T1kQFKh8oE7FCXBrdsM9xwCbsnKvdJq,buy,0.25230342499999997,12564.112462059944,12564.112462059944,balance_delta
2X98ixWehC9cUuVsKT8nVYUJsA3UhVDXcbZC99oBVKEuuZxTL3meFKuakkrQcZTTMRWXuXJ7Zo8BRojZZHxMmLkR,1787089439,Hedt6aVyFRvxpQJkrrqgZ3e3JxUNb7ufCVyYXMnHYYE4,buy,0.268728097,13376.368859630078,13376.368859630078,balance_delta
APZsCsaeU82d5PHD5TyFUta3GxC6vmjWUycFDMTAjoGLA6SAiPZYPStM7FBN5FTrE5WVqHktE5jNNJETtTEVmMT,1787089632,CHvWpTWTZXUMvWfX7jmy8vhHbAqn6YvLc8wBxXYi4KiW,buy,2.652438514,127936.637324488,127936.637324488,balance_delta
43TDyKmtWJEXsmHTnrakY2dMvVcDC1Fi5bbycHsgwiUYE2gTN46pP7uyj7hov6mwPHXKkDDutgMaKox3rFf9cEGS,1787089632,GHJFdDSYx1kGg7nLTDZ7B468SqHsqySZwHRSxs4DgEVk,buy,2.3548764859999998,113326.924812237,113326.924812237,balance_delta
4j8twMPiaWcBfmT7mejbFL8Wc5ghJA19nLXgUgkv9wafgtbwUD5Rgrp3j9pQMGkawDE48bZhn85dBU35PcPZprhv,1787089642,CHvWpTWTZXUMvWfX7jmy8vhHbAqn6YvLc8wBxXYi4KiW,buy,2.703392252,125977.834013669,125977.834013669,balance_delta
2W6idjU5EAcFFGwpCs2mJyWo8xvesJ2Jdawk4fF2ZTNaPd25NUSUKUWsKUmnSw8DBM7bhwavHvzmnShJQKy8vZX9,1787089642,GHJFdDSYx1kGg7nLTDZ7B468SqHsqySZwHRSxs4DgEVk,buy,2.3038966800000003,107115.685514129,107115.685514129,balance_delta
4Ph7RL7HcDuuikrfYCB5XRPTzdrtVgdbKf9wdZCEkUDDwemmbMcHNxUn9WbSQYouoKD7V66DHSWQEHN8hhKvShJR,1787089807,CHvWpTWTZXUMvWfX7jmy8vhHbAqn6YvLc8wBxXYi4KiW,buy,1.618834928,73023.58391750403,73023.58391750403,balance_delta
65jMZgHvaeWLxxqfNDPiisF7yNDrVsmqX1gLcedWfhh2pq8GFgKmsfQmXGzDnbhi4J6MJgd27V6f5AVGQ4gfsaRf,1787089807,GHJFdDSYx1kGg7nLTDZ7B468SqHsqySZwHRSxs4DgEVk,buy,1.3881807400000001,62520.468960027996,62520.468960027996,balance_delta
2eoJSrQiUfsk4mRBNRGSvmfzcQP2dUMQFa63vCF5dVJ5Ym9vdpdALg5CPLWrFHqR374pChk9hfgBb6dpzBc62SKJ,1787089838,CHvWpTWTZXUMvWfX7jmy8vhHbAqn6YvLc8wBxXYi4KiW,sell,6.5348058490000005,326939.57621983,326939.57621983,balance_delta
5Spjn4UtdFzpz4J9RWCi3TCqmyh8eF7QS7T4TrxTDpnARN4nuV7DX8X3FdpgpKAY8FUNdiwtfYMFPCK5ju9Dw79t,1787089838,GHJFdDSYx1kGg7nLTDZ7B468SqHsqySZwHRSxs4DgEVk,sell,5.633604443,282964.364140458,282964.364140458,balance_delta
61cr47CrtTuCbmRixG6PHKLVsoafx5kJCWNuE9r9DbpDeXGotuJWXLarLz2i6v5NtASQrkEb54hKWH6eX6Ck98gb,1787089858,2z2q5gk8TDgqCidzkXkyevXH1aDaVjWL8cQwoRbMF1Jq,buy,0.00803928,295.686736615,295.686736615,balance_delta
2NAdLyskHSAyhufGkq1Vqh1prMpyYotHfSGGdHXGtjw2xNTWTuQuYFRnKkVmnZs2X5mKEQKYvBDDgsYbsz4UKP6g,1787089918,2z2q5gk8TDgqCidzkXkyevXH1aDaVjWL8cQwoRbMF1Jq,sell,0.006089332,295.686736615,295.686736615,balance_delta
2dugjJKLaHEyL2PADbcxCYo2wH6j13jy78nfF4BkExbMYzYfQeERZ4qTcPuRSbdBWvgFN64ifLfkNwp85gNvV1Ln,1787091092,3KEdzpSYJ7sXfHKpVhSF2Qj6ZAjd3Q3dugFCZ4umWvkR,buy,1.9704557999999999,82231.675121409,82231.675121409,balance_delta
5oxpabqXgGyCJoA6Sd1JMCeLM9b2NBEKoHPzCsV5Wu1Yz6FFYPpNz245jLCWM7f6KDYYzdw1NY7us2Sgs9m3YQUy,1787091092,Act5xzJ7DhXrdNKbRw1yTzQUmT4hYtAPgFKTP5WzPBva,buy,2.0295442,84829.487357404,84829.487357404,balance_delta
25xQ3KAu2HrgXyR1terFe6aUGhy9XTvX5LzRJCDtkesT9kn94v7S5D6qhtt1AzVthpaSJT3rbs3Kjei9wUh2i6zr,1787091261,3KEdzpSYJ7sXfHKpVhSF2Qj6ZAjd3Q3dugFCZ4umWvkR,sell,0.6680212,27407.817317965004,27407.817317965004,balance_delta
3dx2yC4gvc5VPfe1t7EjwZdTtwZsP4s1FNmAHzA95U16EyxFuGXg1X8ioYijXiCtoEfjwTDrnkKmYdEpRB6aynFK,1787091261,Act5xzJ7DhXrdNKbRw1yTzQUmT4hYtAPgFKTP5WzPBva,sell,0.6894893160000001,28273.668136221997,28273.668136221997,balance_delta
k5qaQUhDPtHwb8k2GnTdfG2t5Nkd5jAgoknJhQEHGoqPyAz75j9xHqPLnxJbn2Sx3eS7FpmDy5dzFrNcqJS9iUt,1787091264,3KEdzpSYJ7sXfHKpVhSF2Qj6ZAjd3Q3dugFCZ4umWvkR,sell,0.444684151,18272.791805887,18272.791805887,balance_delta
5qC3MLN1hAc4r6CHHMsrqn8qHgsjKy2meRKGNZW4oSqbwprnANYZ2tcJK1Anbyowun4JN2W6o4x2yZoATw8mEggD,1787091264,Act5xzJ7DhXrdNKbRw1yTzQUmT4hYtAPgFKTP5WzPBva,sell,0.458893916,18850.054546419,18850.054546419,balance_delta
37tjvpAx5Fz7sjeYG4kytbNdE2YZNgQz4CwsQEuYWNfcN1cV1krpibjBTgko32cuT9QZn7oDB7ow4KeJaGrj7Tkn,1787091287,3KEdzpSYJ7sXfHKpVhSF2Qj6ZAjd3Q3dugFCZ4umWvkR,sell,0.30086652900000005,12182.470296985,12182.470296985,balance_delta
WPGdwW2QjF8haQHr2macsZ5yJpiCryFhY7Ynm3xFcdXDhTir1SVXuPrVHeZcwwN2QHoaXFziQyAgW9H355m8JFV,1787091287,Act5xzJ7DhXrdNKbRw1yTzQUmT4hYtAPgFKTP5WzPBva,sell,0.310297931,12567.331366097998,12567.331366097998,balance_delta
3bSeF3nSTfEhqVA91BU9TfcgwKi1k6qAmnRZ3SNiCWmnrHhAxUWqZoYSzTyg6ZhgzTVxf18Nc2ERoj28jUL9WXvk,1787091290,3KEdzpSYJ7sXfHKpVhSF2Qj6ZAjd3Q3dugFCZ4umWvkR,sell,0.601336321,24368.595700572,24368.595700572,balance_delta
2vEswJnUdAXMsaXpcTvEMZe4WapmvTBtcvdrDLU1wBtHixgzVeU7ShUKNHeCP2VBLpu5k6dnDyYKCEALcC3LgriE,1787091290,Act5xzJ7DhXrdNKbRw1yTzQUmT4hYtAPgFKTP5WzPBva,sell,0.620626813,25138.433308665,25138.433308665,balance_delta
35sJs8m2EGrr2KzDMERWJwzbKufmc1pTRBjApsw1zdhHtZX1TwUZGTUZcw8ZKxnNAdbZPfrrh6tpWu6gqN7yhznE,1787091376,3KEdzpSYJ7sXfHKpVhSF2Qj6ZAjd3Q3dugFCZ4umWvkR,buy,0.527161087,20674.621439168,20674.621439168,balance_delta
3oJNxranEKKFp4KWnDLDwkyXuxJ8wRvuFZ1q2kfTs9b1Cweyp3oQVdQvicSgWxGGv7xB6woiYnytvGz4DqCTfQZR,1787091376,Act5xzJ7DhXrdNKbRw1yTzQUmT4hYtAPgFKTP5WzPBva,buy,0.47283891299999997,18551.16334787,18551.16334787,balance_delta
5XyRvsfJVBS2n42nBpRzwoiRUz8Z8F9W16neoWKg6VYRFQnHXbpCR1NSchs2ezfQ2Ld4ggRzXZaX7m1KTfb6LsgT,1787092573,3KEdzpSYJ7sXfHKpVhSF2Qj6ZAjd3Q3dugFCZ4umWvkR,sell,0.564458727,20674.621439168,20674.621439168,balance_delta
2zuDufPMhpSQLsSxgmH9cJkDygjAmzwgPeymRVq9qCtZiZ75ro6iv33qVa2HfVyL98qEEVfnS3rjUzj597eq3s5c,1787092573,Act5xzJ7DhXrdNKbRw1yTzQUmT4hYtAPgFKTP5WzPBva,sell,0.506284663,18551.16334787,18551.16334787,balance_delta
51pgYxbEFinMkcePmcVurBvhc4P92tZGiV98QAT6wLVq4kERyNxuXqcdX5SnQXgXEpPQCR2nY4Rz7bqJxdQRqVha,1787092725,3xqUaVuAWsppb8yaSPJ2hvdvfjteMq2EbdCc3CLguaTE,buy,1.013,37975.678627795,37975.678627795,balance_delta
5hvhNdjBUtKLJiC7apuyhPGnWasC9epFXimbca5idg4iU4WHKcyKLzf1kxpwBx8HfwuhzzqDwVSRGpLtA23XzRq6,1787093018,3KEdzpSYJ7sXfHKpVhSF2Qj6ZAjd3Q3dugFCZ4umWvkR,buy,0.226727053,7084.749663163,7084.749663163,balance_delta
5uze5vDd3Pn2a3DvLy9N2e8joh3sNudExoaY6bSSpyn3xaoLj89c7z2KagTdszhU6oMrAikmwCst7UhR3eyYKaZa,1787093018,Act5xzJ7DhXrdNKbRw1yTzQUmT4hYtAPgFKTP5WzPBva,buy,0.273272947,8537.777853565,8537.777853565,balance_delta
38JFWE3EaxhpDKUyP1vKA14Yjnn2NifBbvPc6CkYNPXSTKU98L5sCpyE4dHTvrxLQKYnEwwh7NNxMSJigKWEB8Vy,1787093173,2z2q5gk8TDgqCidzkXkyevXH1aDaVjWL8cQwoRbMF1Jq,buy,0.00803928,172.851796003,172.851796003,balance_delta
KYzBJBsNcF4h7tcvXsLw43q86buGx2rqLGwYK7H3TDUvA3ugQJ6vByi6tD69N5MqV4SVDPbFp3UZpxXNF6cbXYc,1787093233,2z2q5gk8TDgqCidzkXkyevXH1aDaVjWL8cQwoRbMF1Jq,sell,0.005579110000000001,172.851796003,172.851796003,balance_delta
95E3hSAx84S3k9fBpdEdTzja6eU45JWanK3n95spRVaiCuTQ6iDNM3J8NXvNsH45tacbSKW62dPL9PvuULpL5z8,1787093965,2z2q5gk8TDgqCidzkXkyevXH1aDaVjWL8cQwoRbMF1Jq,buy,0.008039280000000001,147.339192165,147.339192165,balance_delta
39UcJHJMMyALf5ca5mQcJN9D2ryppWYctyacuhXVe3gLwiYs79TmyRA4ZuaKtpLQtMhf52jQkbWTvA8XdJYnnSAA,1787094025,2z2q5gk8TDgqCidzkXkyevXH1aDaVjWL8cQwoRbMF1Jq,sell,0.005597884,147.339192165,147.339192165,balance_delta
CsdhxtJLKmykLo5HmX8wgJ3pVf5CkmUo1wRZh7BwrUHzJJkhyXcCvYmTd4fZiuaYJDZa1sv8vnknUEF7V1Sfyxm,1787094944,2AwjJTdTWCu6QjyZKvF6oVEd9TkQP1WYvVswFvDEySxn,buy,0.022692900999999998,634.366139766993,634.366139766993,balance_delta
H6HYTjM4ftAgAxR2DM5b3e5zARZnA8FpohJmYSVWqWxcMBYJivp8RGAEX89NV3wxqMCSDpwyZzPexfyFuUdWMGb,1787094944,5kidNviTucvoHuFGuPQUikWokMxsLZMncGrS5gK9Cujs,buy,0.027425062,767.2598211580189,767.2598211580189,balance_delta
58YeFiGuY2UqiRgtYuF26EjYkib4xqwNkz83zaqv9if6jkibZkJSRd4yi8uWxPwwvMD4MT3B1uDpffMinJ1LQx4P,1787094944,DenZLNzBtE3L8T1kQFKh8oE7FCXBrdsM9xwCbsnKvdJq,buy,0.025886931,724.0259150230559,724.0259150230559,balance_delta
5SyRtT5BcCu5UueNC1Kfcwkjtwz22iYYDKz4AnMZViW1FkXU5x9yZDVfi35AuvVyo6hFQfW7mnyjV3kUeemeXuBz,1787094944,Hedt6aVyFRvxpQJkrrqgZ3e3JxUNb7ufCVyYXMnHYYE4,buy,0.02330195,651.4765946309781,651.4765946309781,balance_delta
2xfscKtib8vEqE6c1diFL8g54SopnMMNLobFduHQsbC5PaEfU5tUfam4c1ufxKz43k1WDMPbVPYR9Bxb99FpKDJ4,1787095085,2z2q5gk8TDgqCidzkXkyevXH1aDaVjWL8cQwoRbMF1Jq,buy,0.00803928,170.975232543,170.975232543,balance_delta
53QyjtDhcPMLtzfZwTDkErM3g1CyDHGBGDfc5mb9ndN4LjcV881gLzrWp15C3BRjbsujYFP43Yd5quLbqrRCUuxK,1787095146,2z2q5gk8TDgqCidzkXkyevXH1aDaVjWL8cQwoRbMF1Jq,sell,0.0061717329999999996,170.975232543,170.975232543,balance_delta
25fsUGDs98FCZ3EUHo3VvjevH9jHAJE8HSzkKFu7DkHm3cH5L8w9Y7z9mHD4BvV2WBjnzs2UKGAhC4dTST7BqcYt,1787095526,3KEdzpSYJ7sXfHKpVhSF2Qj6ZAjd3Q3dugFCZ4umWvkR,buy,1.5,36029.85073649,36029.85073649,balance_delta
42ATueWQLEqc5GhakDv6J2kFjjukYKYLi68PZM1xAqe9PYQLtW8VcBzZf15C471YdKHdpRHZGNAwGDsbHZbpmeN5,1787095526,8n79PwcyrybEECM3ghGetPnm6Y2SRBVzJNd536Z1C1PU,buy,3.007438158,71956.147119785,71956.147119785,balance_delta
5PUaYnSmUKmGmeSaWTJu8ZBhUwUF11Cv3o58c1UhCaAwDoKvyAfHP2SnnrN87XMaustf21RL6mySgxPoFQ9QMZUW,1787095527,8n79PwcyrybEECM3ghGetPnm6Y2SRBVzJNd536Z1C1PU,buy,3.007438158,71821.17139465899,71821.17139465899,balance_delta
5AtcxusGzK1CP9gbA8YGF8XTYFXn4yV4aTM1uQucwXcnQpSbBpa8zFjiYhuDyQNy9Sug5hXGjNYo6pZFej7pFVw4,1787095527,8n79PwcyrybEECM3ghGetPnm6Y2SRBVzJNd536Z1C1PU,buy,3.007438158,71716.18455038601,71716.18455038601,balance_delta
4bRqyTBUdmZjAFzZQsgHfPSBZjrbJmeKYmyxxkP2RqxhCaLzVm3L1jozechAgZVddTnoFfDZ1xMJ2vvhNuBjGqX,1787095530,3KEdzpSYJ7sXfHKpVhSF2Qj6ZAjd3Q3dugFCZ4umWvkR,buy,1.5,35646.594234533004,35646.594234533004,balance_delta
5ABHi6fE8Mwaq5X3zGx8Z5WcsARSAzoiFFTFmuGYo5MUJDgQxVMkRox31ny3oK3r6kA4JPwuj9f19xCFuzAvcsnk,1787095545,2z2q5gk8TDgqCidzkXkyevXH1aDaVjWL8cQwoRbMF1Jq,buy,0.008039280000000001,141.304219069,141.304219069,balance_delta
h57UAPc6RyeguLm7GUC3mt6MvRcjiDk52nJHWhdTjgt4wEDoZuKazAs5ZM7EU1wgaum9226HeA6Ki2y3G4niSay,1787095557,2AwjJTdTWCu6QjyZKvF6oVEd9TkQP1WYvVswFvDEySxn,sell,0.801021471,18905.613255779026,18905.613255779026,balance_delta
5TKmeurwJxknABsb9JX4zWzVxYp3XbJTHafvXM2uszFj3Wpc3k2tsuwqv3iXnYM5rDVm7tzC8ig7YELjQhfmGVWp,1787095557,5kidNviTucvoHuFGuPQUikWokMxsLZMncGrS5gK9Cujs,sell,0.81858846,19291.19728717697,19291.19728717697,balance_delta
MkvceBE7K2LvNLmtEs9P9ujxgAEqvZ2SR94bh4MzFUSoP97YnPNQL5QUvDCCCV6iPibkrQYn2FD2uussxh1iw6a,1787095557,DenZLNzBtE3L8T1kQFKh8oE7FCXBrdsM9xwCbsnKvdJq,sell,0.78653312,18547.288846949,18547.288846949,balance_delta
25C1vtopp55kdrXF3ciRecKVMhevEUu71v7VHyE3c99f4zsmavXyEHLdgRycryk4GCjRqTRy7pgcu3Vnb7QpEXcH,1787095557,Hedt6aVyFRvxpQJkrrqgZ3e3JxUNb7ufCVyYXMnHYYE4,sell,0.812001789,19172.91130872199,19172.91130872199,balance_delta
4Ux8gPbcBervZM9hFdwxPTm5Bzuwe4f48BFvYmPJAvbZ5vRF2vd4WHRSecsCcRZZ5HkVBf1hxfRbCEfEqzqxQV92,1787095559,2AwjJTdTWCu6QjyZKvF6oVEd9TkQP1WYvVswFvDEySxn,sell,0.787684127,18527.500990664004,18527.500990664004,balance_delta
4UgjotqwaEzUCexUD5PQWqwG8G3wy4id9xCMLcfVEBnbBycAMVYcVYbKtj9vmsS65PdEAb7nJ7ynsaxQH6kuTCza,1787095559,5kidNviTucvoHuFGuPQUikWokMxsLZMncGrS5gK9Cujs,sell,0.803050378,18905.373341434053,18905.373341434053,balance_delta
5ERuR5RnTjLnDcgNgBzufEmpp9fDgPBEepXBwmeUaTMroBMhARrpvZpwoW6Wg1VC7dF19QwJ6yY8JEdkzDA2EDEp,1787095559,DenZLNzBtE3L8T1kQFKh8oE7FCXBrdsM9xwCbsnKvdJq,sell,0.7708729559999999,18176.343070009956,18176.343070009956,balance_delta
4KWH1WZngDtAMnYREQvBiAdpc1qXk1CfSXtMQkfMAXHtjUWEzNU7RF13dKpYm89u1J3FFBM6cVkSYpqLVBnm2sS,1787095559,Hedt6aVyFRvxpQJkrrqgZ3e3JxUNb7ufCVyYXMnHYYE4,sell,0.797730752,18789.45308254799,18789.45308254799,balance_delta
2dExHZrGi2vKTSxNwGAevwfLsccpgjRzJjVTVMQ1UyVngLs43BtGGsJzAbnu1o7qfRjgaw5pJvZuzTtUDTRn8z86,1787095606,2z2q5gk8TDgqCidzkXkyevXH1aDaVjWL8cQwoRbMF1Jq,sell,0.006303126,141.304219069,141.304219069,balance_delta
4e9VnbGpgpNpNvT9BrQQvQ4E7k3ptf1Sc5AGMpqfWT2mw3ZqxafY1EZzDpucRaXeG9cfjhwuqW5KYA849Q8MnztH,1787095634,2AwjJTdTWCu6QjyZKvF6oVEd9TkQP1WYvVswFvDEySxn,sell,0.813166026,18156.95097085007,18156.95097085007,balance_delta
acfa6zv8YjfyEPt3tYD1KqZdr3CAnpyQQ4j9pN41TD678WbdzUJYfnQjHqms1JAWF8sFJWoCTEVTCGu9pHYzpX2,1787095634,5kidNviTucvoHuFGuPQUikWokMxsLZMncGrS5gK9Cujs,sell,0.8310013719999999,18527.265874605044,18527.265874605044,balance_delta
4aCmnQHzmnbQiftAJB58XXYMSZsS6u5uKXdhA8BG15mHmwdgxYPJk8x2RaPvWjd7aFYcHmdbzvSRjY9AxNYyYfnB,1787095634,DenZLNzBtE3L8T1kQFKh8oE7FCXBrdsM9xwCbsnKvdJq,sell,0.799214773,17812.81620861008,17812.81620861008,balance_delta
2ZdCE1QPhdw1PwhgDYrM1efecoHoMtMM96G4GAXotX29cWAbQKTNRf47zhhw8SexnWguLcJGLEo9fqpVvu3BGjeC,1787095634,Hedt6aVyFRvxpQJkrrqgZ3e3JxUNb7ufCVyYXMnHYYE4,sell,0.8250939089999999,18413.664020897006,18413.664020897006,balance_delta
42dTzL8hJmVtEZpot1Rzgf4cKVDhXugsJAJWVSmJEd1uHdbwaq8igJ8HULqe1saXbxyYMHHECyBMhxZvLjG3VHke,1787095636,2AwjJTdTWCu6QjyZKvF6oVEd9TkQP1WYvVswFvDEySxn,sell,0.794022318,17793.81195143296,17793.81195143296,balance_delta
ea7ZfxWrmpdisakDhZWU7ud7rWpzQUZT85gT1TQwF8vfvPNDe89s6o9JNdxTDCWC6xDdmPz3vcjBVdcwCCP5hHa,1787095636,5kidNviTucvoHuFGuPQUikWokMxsLZMncGrS5gK9Cujs,sell,0.809527335,18156.720557112945,18156.720557112945,balance_delta
34ofcWkY9QK5sP4KKnfLstKS9UK8AQjniY6fJixo26yAZ54a1w4fiqAEGt1gNVjMJfgJXVDbz445JKWj5sA1EWHg,1787095636,DenZLNzBtE3L8T1kQFKh8oE7FCXBrdsM9xwCbsnKvdJq,sell,0.777838591,17456.559884437942,17456.559884437942,balance_delta
3DsJDm73G5sehqHDv1T3cYT4YQRGJVfZhKGwk8nCR3ZwNiy5uTdPnBb8MQE58BR547FfdTKN8EtwgrBUSqNYqiF9,1787095636,Hedt6aVyFRvxpQJkrrqgZ3e3JxUNb7ufCVyYXMnHYYE4,sell,0.806805847,18045.390740478993,18045.390740478993,balance_delta
396FX9XULqMaxb5nvKat3FRWJm6sfdDL5DvFKW256YBR2P6nt8HvKAj3BhYjqUCrhmAovKRMnheXz6iH57HDWZfX,1787095675,2z2q5gk8TDgqCidzkXkyevXH1aDaVjWL8cQwoRbMF1Jq,buy,0.00803928,142.581584423,142.581584423,balance_delta
mcLaF3itVAMTzsEnAxPYTHa7XBCLRuLqmKpWtQ8KnUW2ozzxu3gddssaZoHFHYWRq5PBVSSarbMHbgHTL7ihNSZ,1787095736,2z2q5gk8TDgqCidzkXkyevXH1aDaVjWL8cQwoRbMF1Jq,sell,0.0060997510000000005,142.581584423,142.581584423,balance_delta
2T3VG9ZwbEum3WAT5CgNCzPJ2A6vekYk432aiNmmvZnEzLJPLqyhAExzbX5VuvbbaKH9zvB1XmPLd5PeeAJXGNix,1787095796,8n79PwcyrybEECM3ghGetPnm6Y2SRBVzJNd536Z1C1PU,sell,9.736993715,215493.50306483,215493.50306483,balance_delta
3UWvC5tgBKpZBjbfbhp2Gab5sn6ZZkPD7CNNhFPTmuon8r4By6sgy3Di9qzucBVuF1VFsESx4AwkPcGSppPexJk2,1787095805,2AwjJTdTWCu6QjyZKvF6oVEd9TkQP1WYvVswFvDEySxn,sell,0.7940033310000001,17437.935712405015,17437.935712405015,balance_delta
22KQWc7VJ11zm8dWxSmL6tdGmry1fgnhKJpwFD9Amcgb5MZxxBu5HnWkRRRREcdWwfjBR4tfAdbqhV9WRL9ofFxH,1787095805,5kidNviTucvoHuFGuPQUikWokMxsLZMncGrS5gK9Cujs,sell,0.811764617,17793.58614597097,17793.58614597097,balance_delta
XpDYEQ7hEHE1RV5t4CM7b6R2FhcVoRZig8oYEYPWXBzjFuCznT6EvkxhsjSPzP1jWMftbv7d11RdcyuFNVcUxPh,1787095805,DenZLNzBtE3L8T1kQFKh8oE7FCXBrdsM9xwCbsnKvdJq,sell,0.777830432,17107.428686749074,17107.428686749074,balance_delta
5M2kj2tN3MpHhNvt4WXoHdJCvcUb27zD4YiKuw6GpD9ZpYF9iFpmtLdEUdcWPnQb7roDH54QUWuaCt1LCS3c2c8r,1787095805,Hedt6aVyFRvxpQJkrrqgZ3e3JxUNb7ufCVyYXMnHYYE4,sell,0.8045318260000001,17684.48292566999,17684.48292566999,balance_delta
3soSG2MnHGdF81X1Kaw2g5amJLNdtH4vTjstahUdLDb73Kd4RBw1iQZnTjB3tJzsoovg3wQdRbDytVcouAhDZxUu,1787095807,2AwjJTdTWCu6QjyZKvF6oVEd9TkQP1WYvVswFvDEySxn,sell,0.775272471,17089.176998156938,17089.176998156938,balance_delta
3YJzpmBuNJhRD1EANopQHQhC7pG65Cj9nvooZVxAgxnr4UdXygLEuZwStdEE7iW6xWDxJAQk2bhSKKDgjzPgpgHg,1787095807,5kidNviTucvoHuFGuPQUikWokMxsLZMncGrS5gK9Cujs,sell,0.791499571,17437.714423050988,17437.714423050988,balance_delta
F2oDY5hxbrwquxWbTQUjqhDWdkFy7uuftBK3kB74ThfZB3cY7b4xzEMdsP8fd1e4y12MZs1roGfVmk4ywmyyoQY,1787095807,DenZLNzBtE3L8T1kQFKh8oE7FCXBrdsM9xwCbsnKvdJq,sell,0.7584643179999999,16765.280113013927,16765.280113013927,balance_delta
4e87G1hy3ctJUJj4jKxNJyuuWtQaSjLwkbgGY92tu2QeH668Sd1QXCofspRX21UWys1CwjjvkhNX7uFTe4wx7k82,1787095807,Hedt6aVyFRvxpQJkrrqgZ3e3JxUNb7ufCVyYXMnHYYE4,sell,0.78556924,17330.793267155997,17330.793267155997,balance_delta
2nWpuVFrSf3S7Xdpchf5MEBeaMwgaVCu16KrK8AYhdT89iYA1um9sFxCLNzPhZ17sGhMvXnCq6Yj1RGnHszYVbu8,1787096157,2AwjJTdTWCu6QjyZKvF6oVEd9TkQP1WYvVswFvDEySxn,sell,0.781784347,16747.39345819305,16747.39345819305,balance_delta
5n9YxVS52qQCD1JZKB4CSwAXCwChpzXSsqVA3SSZicx9fJ5StUG5ZXhKPiJDcJ7yjVXsVw6zJCpTiECRiZey3CY2,1787096157,5kidNviTucvoHuFGuPQUikWokMxsLZMncGrS5gK9Cujs,sell,0.7967284349999999,17088.960134590045,17088.960134590045,balance_delta
5bNzHK2nvXKLJWo2JdtwNksLSSpxu6ZK7N4gaG1ERnGa8XzDx3arnjScsG8soPzYcqcyp9hp6dGkGD3U6PEShgtK,1787096157,DenZLNzBtE3L8T1kQFKh8oE7FCXBrdsM9xwCbsnKvdJq,sell,0.766575911,16429.974510753993,16429.974510753993,balance_delta
4VAG7eRKbKAyaycgNMSy2R238EEJwABBGZhmKiKUtoD4XztyCkXmcnuDd4KQtbE3QH2qcPCsATKqaA6a2RNuayYT,1787096157,Hedt6aVyFRvxpQJkrrqgZ3e3JxUNb7ufCVyYXMnHYYE4,sell,0.793593987,16984.177401813096,16984.177401813096,balance_delta
21s7MgyEkdsMatF4DMvUhQw6pqX1bmcADqAfYjbKhEAnGHPMy1F6icHF35Zfe8YUQsN52Du4n7kKTCb6wRbcWHfm,1787096158,2AwjJTdTWCu6QjyZKvF6oVEd9TkQP1WYvVswFvDEySxn,sell,0.767575359,16412.44558902993,16412.44558902993,balance_delta
4bRP66j6mb1cfZ8737ZPB15n822ZHPvgwBDDcUdMM7ki369pqhYTcLpTXaVs6iPUa8HkQKFTC2unREhjwFwyKPV9,1787096158,5kidNviTucvoHuFGuPQUikWokMxsLZMncGrS5gK9Cujs,sell,0.784656025,16747.180931898998,16747.180931898998,balance_delta
4DnC14A84CYsRKXPUVtk1RZ8Gjz1iKe56cctkqBLPAK9gk3ditS8pJataPiqaGfawWvXLx19RoVsPm3zB8drh9BQ,1787096158,DenZLNzBtE3L8T1kQFKh8oE7FCXBrdsM9xwCbsnKvdJq,sell,0.753956372,16101.375020539039,16101.375020539039,balance_delta
5qD4AwgoKScPpr3TerqkvoyHTEzeFobYJvJUrx3qXaN3NXgo7GrBD4JjWTwTyzVfdrLSnSEGQo3jnEFQyeQzCqdy,1787096158,Hedt6aVyFRvxpQJkrrqgZ3e3JxUNb7ufCVyYXMnHYYE4,sell,0.7805192679999999,16644.49385377695,16644.49385377695,balance_delta
2dLHBPZEvATtffvwuSBr8yq2UNHSbjU3aGQQt4KsYweXSUk5H4uj5p3WAeBbc88eNK4g6ruBPhE8VaVpRgMzzNdu,1787096916,2AwjJTdTWCu6QjyZKvF6oVEd9TkQP1WYvVswFvDEySxn,sell,0.740288608,16084.196677249041,16084.196677249041,balance_delta
5GZrh9TaiuZ1uumwAbjaoQc8s9WLPjxesjuhnyBxqQwmXY3PL2g4aFRh8SswxHFzo2bPtZg3MTXpakyksBh9QuKK,1787096916,5kidNviTucvoHuFGuPQUikWokMxsLZMncGrS5gK9Cujs,sell,0.756743729,16412.237313261023,16412.237313261023,balance_delta
4FfXWyd35Dwff8cAWJ2p1VytubAX4KtUnFu6XuQdsUfxv9txWBcUyzNY1Wfo6EGsVeNg197cXnhSTQpg2sBX3qNV,1787096916,DenZLNzBtE3L8T1kQFKh8oE7FCXBrdsM9xwCbsnKvdJq,sell,0.728062449,15779.347520128009,15779.347520128009,balance_delta
45YM3KXo52pSbcCZ3YMJQNNafUxQK6M7E1Rb2CZ7ANPryntnzid4XA2na5uVuhyYGkNoPJ5QVQTSqgma5uo5g629,1787096916,Hedt6aVyFRvxpQJkrrqgZ3e3JxUNb7ufCVyYXMnHYYE4,sell,0.751114741,16311.603976701037,16311.603976701037,balance_delta
3JsEGLkrkKmjq9KDNCk2aAvLEvFaU666WHQQHm5SbR8UZ3cm7zVZPd7883boHQoMw1o68362FGnGAmtzi5g6CPgr,1787097907,2z2q5gk8TDgqCidzkXkyevXH1aDaVjWL8cQwoRbMF1Jq,buy,0.00803928,155.6641548,155.6641548,balance_delta
38jcoYa5BU1imH2kpj4EBUoseFameSbH2K9WP1z2JjeN3C8miZJvmvb6RHJ9i66RTNZfDB5dQ9ELmj4hcStURzNv,1787097907,2z2q5gk8TDgqCidzkXkyevXH1aDaVjWL8cQwoRbMF1Jq,buy,0.5,12940.869489159999,12940.869489159999,balance_delta
5ExnL41pc4F5CryL7jV5RGC56Ue6F9UD3LezT1MQUbgcaBQHjdveAjrzLoxXWsN9AK9oafBjFmqq76KjHDemFNgq,1787097968,2z2q5gk8TDgqCidzkXkyevXH1aDaVjWL8cQwoRbMF1Jq,sell,0.461359984,12940.869489159999,12940.869489159999,balance_delta
3mywPTfpeTEzTJbKETgrjJz2oeAvcCRsk5jYhdaaNFTtfxm6VXtR61BN1238TPJ4KTcGHszLrsjLAVnPDg3SF12K,1787097968,2z2q5gk8TDgqCidzkXkyevXH1aDaVjWL8cQwoRbMF1Jq,sell,0.005549643,155.6641548,155.6641548,balance_delta
ju3h63Hp4ZQ6ozU29ihMBvgQtEYshH7zHbGqy5qBxDBr2hCp3AMsWutfcxtnXu1nQRYLeirNKPNsxeV1VUrm6xE,1787098774,2AwjJTdTWCu6QjyZKvF6oVEd9TkQP1WYvVswFvDEySxn,buy,1.244065979,41534.42893918301,41534.42893918301,balance_delta
3HCewJ1QKkqv2fjAyk5F1sCubzpAyukAHoqKR6Z3EzKPP4yZbJFmEMp9ZN3dnUTMdJUsLjj1Wvg1dsj6wDMcaTjC,1787098774,5kidNviTucvoHuFGuPQUikWokMxsLZMncGrS5gK9Cujs,buy,1.2207685879999999,40649.01917022397,40649.01917022397,balance_delta
Nptpusm4MKG2ZkGetacki7ZUJT9byLpvb5yF9qUTrjzqQACBvt1AmdZaBxz7C2HkGigFChMMhAFdtAcH9WV1Qc2,1787098774,DenZLNzBtE3L8T1kQFKh8oE7FCXBrdsM9xwCbsnKvdJq,buy,1.192727897,39745.23334594502,39745.23334594502,balance_delta
5FFaU39azy1NUo88d1WqjsukgYnRGGu5mKVdwwDDbXxaaGM7RjQWnMmHHHqgddRWkvhBUCpiW4aFPr5iJgshCAA6,1787098774,Hedt6aVyFRvxpQJkrrqgZ3e3JxUNb7ufCVyYXMnHYYE4,buy,1.208177482,40404.120726185036,40404.120726185036,balance_delta
8DVQ15DTCc7cLyeASb5G69JmnV1EGdw6Jmc4LVHDbe7crTajdbdprgFjGe1aC9vk1PYqih6Qvb6pwvxtfmwnjnA,1787098838,2z2q5gk8TDgqCidzkXkyevXH1aDaVjWL8cQwoRbMF1Jq,buy,0.00803928,189.087994238,189.087994238,balance_delta
4ucxjWNDex53y9PoKKJeitY5cUa87mpEzKe5S6AyiD8oegv6YLdq7rVrU6twRe1xoE6BJP6Kq8KNu7XycMtADgtn,1787098876,2AwjJTdTWCu6QjyZKvF6oVEd9TkQP1WYvVswFvDEySxn,buy,1.305954075,45792.687358116964,45792.687358116964,balance_delta
5TMtvgoMMvkxC6wuF6p5NTCM4Vtak6axgnJtZ2h2fn7NfGE5qjJJaLbcm7Zioit1phHjJF7tfYrBe9DCH5Yo7bYJ,1787098876,2z2q5gk8TDgqCidzkXkyevXH1aDaVjWL8cQwoRbMF1Jq,sell,0.005283973,189.087994238,189.087994238,balance_delta
5kWLdR9sm8F4ZERPU4Tvgs4u1abEYj2edteg5BnRsrpWtuKMs9vvVtCNL1APruyo6KFUhSw8D3vTBaJqbS7ew9KE,1787098876,5kidNviTucvoHuFGuPQUikWokMxsLZMncGrS5gK9Cujs,buy,1.2234901679999999,43158.77665267803,43158.77665267803,balance_delta
ByTQw9cCcMp6zWQPErigGL4XduCZJfbCRJBht8DUkfqU1XCLqkQEcUTKZsvUdryquatjLJnzrrZGVHfCXXvdN74,1787098876,DenZLNzBtE3L8T1kQFKh8oE7FCXBrdsM9xwCbsnKvdJq,buy,1.2317595479999999,43413.71502752404,43413.71502752404,balance_delta
3iNzaLVtfzg9r4nfu4hSST4edDQW9HYeBn64ee5bcHnNHmgXSCUBnFvyj5ha1c9u147JVfRNjCU1ZRFwAejpB8GX,1787098876,Hedt6aVyFRvxpQJkrrqgZ3e3JxUNb7ufCVyYXMnHYYE4,buy,1.130359257,39759.483305017,39759.483305017,balance_delta
4bGfD7UkYgUdBKhwyZryGmfyiSTPRqbMcmD3SNg7PLY8qXzqaTXFJrokRe4C2GeErfSquDGR2zZACw86jXkguWgq,1787098890,2AwjJTdTWCu6QjyZKvF6oVEd9TkQP1WYvVswFvDEySxn,buy,1.377057024,49537.23740222899,49537.23740222899,balance_delta
2qw3QpL5yFK2BwL5NaVhtddcqPrfX5KEyJKpWHpEYg6XDfSavfTyMAEr4QZR5CUv4Kxexhz7XktDza5nspLd4cDF,1787098890,5kidNviTucvoHuFGuPQUikWokMxsLZMncGrS5gK9Cujs,buy,1.191034741,42669.88309998403,42669.88309998403,balance_delta
2xhCQeRc6SdbAAxMXSEBL7917fGUD4cuPqsHo37gaVYMZ8qLGYHEsJmozK8maBUP39JgfAoX1cn1wqHMZxJFazGo,1787098890,DenZLNzBtE3L8T1kQFKh8oE7FCXBrdsM9xwCbsnKvdJq,buy,1.274461445,45628.67260980897,45628.67260980897,balance_delta
4wGigBkJnvfyjo3upP3NVLyHKwSuRxdVg9aDxQchNcGnWhmrXV1miCNVx475B3zHP8iku5VjviGxE2Ck3CEeGYmr,1787098890,Hedt6aVyFRvxpQJkrrqgZ3e3JxUNb7ufCVyYXMnHYYE4,buy,1.188014749,42677.837033808,42677.837033808,balance_delta
4poM5ydgQw2Djne61wRbmAoUSpFuC2ZeXnTGfReiNuzC8cDQYJywd6oHtAxVptH9EcWB36fDT1rA2FgSTVczvLf7,1787098968,2AwjJTdTWCu6QjyZKvF6oVEd9TkQP1WYvVswFvDEySxn,buy,1.305514383,42428.764529003995,42428.764529003995,balance_delta
v3kXz42k5Y36aqAqaBGMxPbkAW9GNBnG48qc4uGrDfbMXZy9ESeTkbteKwcMpq2y8r5LTn9eqYw6ySRiqhiVQQf,1787098968,5kidNviTucvoHuFGuPQUikWokMxsLZMncGrS5gK9Cujs,buy,1.143977572,37170.82790017198,37170.82790017198,balance_delta
5FM2f5N858dJj7yuWtYS7ZSXgMsZhC9W7jFZ7D7tiPGiCyz5a6xhSPp5DPkhUteVeKhsdCr3jGimMg6i8H6iGPVG,1787098968,DenZLNzBtE3L8T1kQFKh8oE7FCXBrdsM9xwCbsnKvdJq,buy,1.255438417,40616.078610581,40616.078610581,balance_delta
3h9s6WWmn41EqL5K9WFiT6VsQXjC28ufXY1jXVr139m1UyKnWPXq6JeFFaLyc59TKjm2iXdtcJ1uw7o3P5Kh5LmB,1787098968,Hedt6aVyFRvxpQJkrrqgZ3e3JxUNb7ufCVyYXMnHYYE4,buy,1.185664228,38372.99740519095,38372.99740519095,balance_delta
3baLJHFvXWSZZJvFx3y9HjSPZq3VYbKVpohTgug85xVCNRWtDpV4y7ShSRVVZszMr7FrbCkCBjpLQFfuF29jyioz,1787099023,3o7YPX68tAMJdYH6CeqNpvcNe9ZGcgFzBzVsoUQZgSbo,buy,0.129931141,3988.957314592,3988.957314592,balance_delta
4JHKjPSNbmRUNNjFe8TPbzjvZMMt2nXtEM9auAinx3d1kTF9gJaCWSkSo4iC2CnyHteKVu5jSWb7cWV3bU6TCxPJ,1787099502,2AwjJTdTWCu6QjyZKvF6oVEd9TkQP1WYvVswFvDEySxn,buy,1.2218683080000001,41979.911289710086,41979.911289710086,balance_delta
2f9B17J2CEzW3jDdoG8CsBAbKUPbRa1yJdRjeAX2mYs6z542eG1FFrSzDrgU7xXMexWXV99QMbnftpbjRzNHA9Ef,1787099502,5kidNviTucvoHuFGuPQUikWokMxsLZMncGrS5gK9Cujs,buy,1.236760848,42459.362192927045,42459.362192927045,balance_delta
3SB5UGzgtRcLcHW566VaxTmCDt3bubH9uTL49ZdUvN6PdPx22Mj2MpzbjrWHGYbTFRVtQvZ6uzjNQLkFSx9VES7Y,1787099502,DenZLNzBtE3L8T1kQFKh8oE7FCXBrdsM9xwCbsnKvdJq,buy,1.3428343710000001,46088.65851251001,46088.65851251001,balance_delta
2MFzeskbeVqopnw3GGQNKMYpgHF39da2PWHvKUrtrR5uiDS6aRiYKL3NFpLrstdG6jjLSSTzzd5X2q92S7sffYh9,1787099502,Hedt6aVyFRvxpQJkrrqgZ3e3JxUNb7ufCVyYXMnHYYE4,buy,1.371473388,47204.076521725045,47204.076521725045,balance_delta
4pshKvnbakac56xhmzSJAbvgediCvjDhtwkFd7btmM6wYP8QdeRzrZZooUY1QJN4uZC3YJ6oobCKp71eKov8SnHT,1787099566,2AwjJTdTWCu6QjyZKvF6oVEd9TkQP1WYvVswFvDEySxn,buy,1.340285452,44711.43432502891,44711.43432502891,balance_delta
38C1yrY37ZmU9zq4nHNpKYe91PqAHpKiuc6XwPVDCcPK6fwaQGttETdnHtPRDLyrC35fHSkzgbs1xu7ejGXKBiJz,1787099566,5kidNviTucvoHuFGuPQUikWokMxsLZMncGrS5gK9Cujs,buy,1.274270306,42382.37294410402,42382.37294410402,balance_delta
zagVDbtN1LS3vyuGnUyVYF1YkYdJvuN8PHLZw1rTt9oqvW8DHY7PZZjDvRcCkV8LFeF5JhKmUJujcFKiVUhRYYB,1787099566,DenZLNzBtE3L8T1kQFKh8oE7FCXBrdsM9xwCbsnKvdJq,buy,1.3692978690000002,45643.81991709699,45643.81991709699,balance_delta
65A8H9hWNzQB4sRnip9xFKTJYUZrSgKWqP93GtpaSsXHpQBCZzvT3NZxnWPQaZ81bBPvh1QwdzWWVrzhCtriAMFq,1787099566,Hedt6aVyFRvxpQJkrrqgZ3e3JxUNb7ufCVyYXMnHYYE4,buy,1.3039406550000001,43338.42652452795,43338.42652452795,balance_delta
4Dk8JidUz4AL74rCPQrTSK4rZo9jUaviMVmovqY7i4UoaktanjgP6HRkoj41wBbDUWv8vTGEMFAJ7gBaYBkb5t1z,1787099846,Act5xzJ7DhXrdNKbRw1yTzQUmT4hYtAPgFKTP5WzPBva,sell,0.5540641350000001,17366.083367179002,17366.083367179002,balance_delta
ooRUpKWig4bcUWmQe4mX6eah4cSMvfaZBeTMdK4aJ9Dj99mktqgHBkKXPiwgDha8ar4RzrF9V9kqE8tAvNKmaCA,1787099848,Act5xzJ7DhXrdNKbRw1yTzQUmT4hYtAPgFKTP5WzPBva,sell,0.47579386300000004,14877.523620661988,14877.523620661988,balance_delta
4pedMGv5B8tHsmLn6wfFiHkbSETXYtrzvjFqkLBJS3zgbXZaF2jFGfvJWteNYEvy9rcKLeSoxt3GEJ81XzEzYqBv,1787100000,Act5xzJ7DhXrdNKbRw1yTzQUmT4hYtAPgFKTP5WzPBva,sell,3.1863178260000002,88943.297179497,88943.297179497,balance_delta
3zwqs4BbQhmtST1RXxv8pBimTuXZNTeR98ssZ2grUBCy2PvDefF6MzoRZ8gxzp4WfiEy4Frk5A32TnEXXqgCJB9L,1787100686,6DqwStHBhuxWGutooviZUgVDhT3F4Dy5pAiP2YErRCEe,sell,9.86369158,326826.6623236099,326826.6623236099,balance_delta
3EojBULBAANJhraXU5fP7izKcjMkxZioNfruM4YtPgcANDLGANez5178AQyynzxbw4UVFQxRBrejmMwxfSrdvpgj,1787100940,6DqwStHBhuxWGutooviZUgVDhT3F4Dy5pAiP2YErRCEe,sell,6.9107828510000004,223488.4553418085,223488.4553418085,balance_delta
5jDMdPdTtZAZqfT3TgURwTVyur9By3EREgSk2CN2ryeoJp8RyLrUe5KUZqXnPZtXUHGNGCXYW4q56TYqrt435YHo,1787100995,2AwjJTdTWCu6QjyZKvF6oVEd9TkQP1WYvVswFvDEySxn,buy,0.254308008,8094.912485169014,8094.912485169014,balance_delta
2qGvXg3Zs9K8Z87cuPN4QwYQ885vDzaofcHH6zrV9Pdg7VQULpKmmrW8iZZ7fGq2uAG4kzjh4p29wX9V5EsJWYCM,1787100995,5kidNviTucvoHuFGuPQUikWokMxsLZMncGrS5gK9Cujs,buy,0.267173935,8499.006583804032,8499.006583804032,balance_delta
3LNpxp3mkz8XkgzYnk84WwB89vgmvVCopWGoBqs4VrH8K6VHP8TZ4bddUedJQvtdUfdp3gesW1a6cVsKGBLTcSec,1787100995,DenZLNzBtE3L8T1kQFKh8oE7FCXBrdsM9xwCbsnKvdJq,buy,0.273402469,8707.336755283992,8707.336755283992,balance_delta
SFWfTcuk18jVyrL2V39JMrebNJGD4RTkGcyhV2UmbTXwqNBT4VadCHBVPsUWVFwfkzaSpateLugjcVHU2ZerAA8,1787100995,Hedt6aVyFRvxpQJkrrqgZ3e3JxUNb7ufCVyYXMnHYYE4,buy,0.268200035,8533.19459899608,8533.19459899608,balance_delta
dVjJs6DmRGHpPmHoFVQbWsyzNPFCmVGeDLaTNKK49DwrRxJ3ThgXhutfFD6tgyq6KNWu7KyGEP1znBhMnEDZmHY,1787101331,Act5xzJ7DhXrdNKbRw1yTzQUmT4hYtAPgFKTP5WzPBva,buy,3.001,74943.756536503,74943.756536503,balance_delta
CoXCBcYs8sBohNHeDqwc66M6QwPzc52m6NvnwHDwEiuh7P8sHcqAZRt913F5TmM54aMmcospwJtKAESNcMt2F9d,1787101332,Act5xzJ7DhXrdNKbRw1yTzQUmT4hYtAPgFKTP5WzPBva,buy,3.001,74227.06314315999,74227.06314315999,balance_delta
22jYkkHPYF3KNm5EhwHgvknJo4EBCbTZ9ySkMHDfqb2byVNXiHRjpDvBd46aGeKYzBTehuTcXbXyeF8sgWUS7P91,1787101332,Act5xzJ7DhXrdNKbRw1yTzQUmT4hYtAPgFKTP5WzPBva,buy,3.001,73088.076751988,73088.076751988,balance_delta
4iTApcC9VishHBVyvH3RMW2S9BMuaWxfjqkSwTNwtMYP65PX31vCodvzqM7Lu5AMt8kkkm1Bz42h5QjXpf6kmvyr,1787101343,Act5xzJ7DhXrdNKbRw1yTzQUmT4hYtAPgFKTP5WzPBva,sell,2.993268836,74078.890180669,74078.890180669,balance_delta
2KCZuics8dUDmT88z7nPfft54BrtXyHSfA5HiJaLsQFiZvaXvpZmsWNK7jEaKD6MEKvC3A8HkZE5N2FmRyESnHTp,1787101345,Act5xzJ7DhXrdNKbRw1yTzQUmT4hYtAPgFKTP5WzPBva,sell,1.940479764,49388.396083452,49388.396083452,balance_delta
2bDMU7MzDFqbWEjG3dASVqE6DKcqsMMmaS1A6pChEzYfSsxcuFvJzcNDDSwYNFABda9Ds6AY9yYfTq8rajPwtZLd,1787101351,Act5xzJ7DhXrdNKbRw1yTzQUmT4hYtAPgFKTP5WzPBva,sell,1.230720074,32927.24366883701,32927.24366883701,balance_delta
3nvgMHsJ9rNrheah8zL4XQ6HaGvGfqCVCYXkJNCHzVKKC7TcDA8MBiXeRehq3Cog2pEbVyPkgMNcgrJm3kWYveSP,1787101385,Act5xzJ7DhXrdNKbRw1yTzQUmT4hYtAPgFKTP5WzPBva,sell,2.256930734,65864.366498693,65864.366498693,balance_delta
48eMrRDin8oQ2pS7dQwYpz3M4v6Lq6KJigi29fi12junjCstJgGsHUvvaDgj8ooVcp1EgmPP4ieHcWG9igxddpqC,1787101538,3KEdzpSYJ7sXfHKpVhSF2Qj6ZAjd3Q3dugFCZ4umWvkR,buy,0.754258954,18740.921083461,18740.921083461,balance_delta
2R86pDgAa2ouDK7vApugWA1Hxzxny42di3A34pkE3KkWKvCFgRJCwVE35Zxc99BsVLR7jntMxeYb7iGqrUjsVbZ3,1787101538,3KEdzpSYJ7sXfHKpVhSF2Qj6ZAjd3Q3dugFCZ4umWvkR,buy,0.694396947,17261.433184147005,17261.433184147005,balance_delta
5vjZ16gm5HHGRjmQtzvC8pHZjYnGUDKsWpbT5n13N9xG7xesQCK8FjmFvKM5HhP3UxvQJSb4QjHHnm16S3M4sjRk,1787101538,Act5xzJ7DhXrdNKbRw1yTzQUmT4hYtAPgFKTP5WzPBva,buy,0.7477410459999999,18570.486422421,18570.486422421,balance_delta
UqVEWCwzdb87Ze15AphLSssoaxwCMKWA28irjfX3FKQMBEcnFnK6RoZMa8BMabR8pCdig4GnV1JVWXYSuwZeb6V,1787101538,Act5xzJ7DhXrdNKbRw1yTzQUmT4hYtAPgFKTP5WzPBva,buy,0.807603053,20070.647327912997,20070.647327912997,balance_delta
5gbBEPzJa7jGjfo6WdGEm8JLqHn7VpEy8wHMnBCoFeY7dqZYynk8LN6ZaVy5ntCmXWJ6ZrcZQrD1iddb2cB8SXgY,1787101541,3KEdzpSYJ7sXfHKpVhSF2Qj6ZAjd3Q3dugFCZ4umWvkR,buy,0.775879584,18767.588451609998,18767.588451609998,balance_delta
1BBZDpxrmJqBGc6prE96o2BKhrdnz7kpVLoopHxjnjLWpDDBrWdFx7SFyB22cV2bTWkkRdSGxruiC7HzE22zMXD,1787101541,Act5xzJ7DhXrdNKbRw1yTzQUmT4hYtAPgFKTP5WzPBva,buy,0.726120416,17570.139251696004,17570.139251696004,balance_delta
ctC58XbkbCDJeoR4jwPCM4LHGJKWSxf5o7UsTdvARL1kMvq5HkpuAVrNpwsQTAKDWdmEhmTUfRcaCJYpSMum4dH,1787101558,3KEdzpSYJ7sXfHKpVhSF2Qj6ZAjd3Q3dugFCZ4umWvkR,sell,0.31454480999999995,7848.532791662998,7848.532791662998,balance_delta
5ui586GXE7yJi6EwESFduLJCgJszuUWF5fqLesP6ps3PEu731w85FEQ6xzUC6Q7azdyqLtT4eGMdfZUm397cvFNT,1787101558,3KEdzpSYJ7sXfHKpVhSF2Qj6ZAjd3Q3dugFCZ4umWvkR,sell,0.270848846,6723.838042618001,6723.838042618001,balance_delta
xAQzJRfD6RPmv34RqA4Xg6gqV4JT8xknuK6ttuKB8VV6uNtBDbB2DFgrXfG1dib3SC2MVWKXA21VD1uFVNWyggA,1787101558,Act5xzJ7DhXrdNKbRw1yTzQUmT4hYtAPgFKTP5WzPBva,sell,0.32291079699999997,8055.075421189998,8055.075421189998,balance_delta
4NAUJxeYvP29sGXfuLwX1KCBEn915Srbj8kgLxy1GTj6DdogLY14SdA7Xpu6SbH53RfYDN1WuN9wFtrm2c4KHD7w,1787101558,Act5xzJ7DhXrdNKbRw1yTzQUmT4hYtAPgFKTP5WzPBva,sell,0.278048792,6900.7831133340005,6900.7831133340005,balance_delta
5X6JU8f3ugYUL8xkHxFQ7Qibj4HCDj8LvBzHMv8hAg4uiFqTe4rxXkqU3thMz1B65P6JpNwoCoVyy6FFnj7CY3RD,1787101560,3KEdzpSYJ7sXfHKpVhSF2Qj6ZAjd3Q3dugFCZ4umWvkR,sell,0.236170468,5760.312051111003,5760.312051111003,balance_delta
DgAMYtc6tYUVGvs3rhGJjRjGzU74ZZaD1mPXuux8tsthRemy1QownhYZ8sR6NXjMCJxi3wSD4xKBHqqP9g3q66p,1787101560,Act5xzJ7DhXrdNKbRw1yTzQUmT4hYtAPgFKTP5WzPBva,sell,0.242446523,5911.900893193,5911.900893193,balance_delta
5Diz6GNAjPkDDsc9LkKHLqrskpo6aexTLpxVU2YwyEdHkobXeuW8AvgGgZyRpyZ9U1dHsQeoZRNLmxQBfCyGvDiR,1787101560,CbpnbXAD9PUAwVcYjHY96qooq6eNnoLiZzif766gqLPH,buy,5.003297628,118264.489887133,118264.489887133,balance_delta
5QvNzd3sexpV7VGdH7tTgkHn48d2v3hxT3QJtDMKE9TbggpJeKUxuumNvi14VQixRJkyczJpjxoHm8X7e97wEss8,1787101560,CbpnbXAD9PUAwVcYjHY96qooq6eNnoLiZzif766gqLPH,buy,5.003303282,117922.96329880202,117922.96329880202,balance_delta
5WzUELntmzwizvURNXEMM25WRVGSzPeFNepvbhNpGEFE8tmccMznit3Js5zu72wBUbmv2bCLPXPLGpd2nSNmQ9H9,1787101560,CbpnbXAD9PUAwVcYjHY96qooq6eNnoLiZzif766gqLPH,buy,5.003295171,117047.96966068898,117047.96966068898,balance_delta
atcK4Gdqdht2KzUqPUnrh7URRfjVE8kkgm4jcKD4ykinaDvx8wN77QyyJHmozWgyE7fJXidfjZPXqGJ4phSd4UC,1787101560,CbpnbXAD9PUAwVcYjHY96qooq6eNnoLiZzif766gqLPH,buy,5.003291098,116711.697295802,116711.697295802,balance_delta
2pgUTYmrU5JnZ5SfmcyFr5ydKkZQqpHNBpYUFQrzmTfdsBFAFtvpSQQmPioe4wTgYH98nHQEUfB2ZWt7VUcUh8RF,1787101560,CbpnbXAD9PUAwVcYjHY96qooq6eNnoLiZzif766gqLPH,buy,5.003295171,116376.872495229,116376.872495229,balance_delta
69rd3L9fdhSwSBVr7dqGDZh4VNyLZzZUjjX7thtK2zDu5jq5G6A2nmLyyft1dMNGHBJKMS7zyMaFjyPHCk6W6XK,1787101561,3KEdzpSYJ7sXfHKpVhSF2Qj6ZAjd3Q3dugFCZ4umWvkR,sell,0.210897877,4934.859334187,4934.859334187,balance_delta
59FsLz7FFtxJXtS8U1x3LSSHpgYo5yUKmXgfS7mW2UjNkrHnzihYkTSnBxuceZ2ZRug8S3AfjDdBsGsgMfyhEFA2,1787101561,Act5xzJ7DhXrdNKbRw1yTzQUmT4hYtAPgFKTP5WzPBva,sell,0.216447116,5064.725495199,5064.725495199,balance_delta
4zurAftUd69okModbxJViUQnH8fhZWvNBDCvqwWcsuxDuCjxJDPKz9Z7gJBvS8XoZuMqtt3zdL1L7ZWLiDXBAruL,1787101564,2AwjJTdTWCu6QjyZKvF6oVEd9TkQP1WYvVswFvDEySxn,sell,0.902156232,21244.10027027293,21244.10027027293,balance_delta
4uXMuyTtKDY4cS8SdWRqRpQtGqRCcmiZRKacaGuYErDcsf7gjmKZGukQ8QgmC8X3Rc3hzDBt4pcjM4RkxSmYcdry,1787101564,5kidNviTucvoHuFGuPQUikWokMxsLZMncGrS5gK9Cujs,sell,0.902248272,21223.77753787313,21223.77753787313,balance_delta
8KyLQ8gUXQ8icQpbnCpnoHaTZy6Dptdw6mY8UGJTb19myp8jz9J9E4WYcSvbfKK1dzYcLCDmsXWXVp9XLaHMSqX,1787101564,DenZLNzBtE3L8T1kQFKh8oE7FCXBrdsM9xwCbsnKvdJq,sell,0.8848822909999999,20860.630865299958,20860.630865299958,balance_delta
2rkY5NmuFrujeim2mgStQ7s8m4E65jFYsnrPGZipB9tmCcviCWsNxB8Pyy1ssg25oG4E2Q32ajwjgryCrQVt8CGC,1787101564,Hedt6aVyFRvxpQJkrrqgZ3e3JxUNb7ufCVyYXMnHYYE4,sell,0.9013337579999999,21191.174619476078,21191.174619476078,balance_delta
2dLxUs9pSXKFH931jGwD59ZnDwpbGSBu8U1R3PX8eP12j6wrDU3uEJY8DRb5iGAddm8mjejZ9Zt1A5HGo2TNsoq9,1787101579,CbpnbXAD9PUAwVcYjHY96qooq6eNnoLiZzif766gqLPH,sell,12.681125282,293161.996318827,293161.996318827,balance_delta
7JCwbJUPsuxHRJZtMStYDtAQZATuRMikLr68C6Rd2NHmxngaMcDbmpb4omHTtg9YAGAEjwToVD2nY9oX2fZCQEV,1787101582,CbpnbXAD9PUAwVcYjHY96qooq6eNnoLiZzif766gqLPH,sell,12.41347752,293161.996318828,293161.996318828,balance_delta
4LAW5BrcfVyoWRmnWf2mCgktGj9mErUVxBUJ7Lr7TgTNX8dqWRDbvGXZ26vRdKBG9BXPqDQW47voCXgad251Dsdr,1787101592,CbpnbXAD9PUAwVcYjHY96qooq6eNnoLiZzif766gqLPH,buy,5.00331625,117201.328241059,117201.328241059,balance_delta
5AxWexcQmhVCzjkAid9i5YxzfBrSYgub3wiJyZu7gxUVCTA7mnf3kZsuUG1ydRJqRp6HqntHAViK8N2oJFsvCLzg,1787101593,CbpnbXAD9PUAwVcYjHY96qooq6eNnoLiZzif766gqLPH,buy,5.0033834100000005,117457.590289985,117457.590289985,balance_delta
DS6sMZ2GX1Cvm5KBzgpeWCDKizhvQKV44DGeWYoKfb7PjHmrNHjVvqEURSob144EcuGf8GQviXSmkngAJyzcXzY,1787101596,CbpnbXAD9PUAwVcYjHY96qooq6eNnoLiZzif766gqLPH,buy,5.00339425,115704.073060255,115704.073060255,balance_delta
43oC5iTgBC3YahYBqQ5vXDcjbjuscpZeZDtT74MkvxHTjYePP1C2KnXi7xjHhRAYXjeAqFu1gWbGJcH5FGJdw2X4,1787101596,CbpnbXAD9PUAwVcYjHY96qooq6eNnoLiZzif766gqLPH,buy,5.00339425,115340.33029305696,115340.33029305696,balance_delta
57rPmUyjpodTBGHv5wfZEaZDS9Ygi33XBuXV6ToMtcqPTb7AuydGLM8nnXdxWtG7jbjEGgCMGbHgzzZoKySNjDXH,1787101597,CbpnbXAD9PUAwVcYjHY96qooq6eNnoLiZzif766gqLPH,buy,5.0033897960000004,114557.54908075102,114557.54908075102,balance_delta
Aa2jaHvgqDYWjFG7fFDF2FkopSdY9yWxYK47RiMSbWMkUdbjuYZCBQf7bHLJjDaMZgF9iETeWgtbEynm7s165Nm,1787101602,3KEdzpSYJ7sXfHKpVhSF2Qj6ZAjd3Q3dugFCZ4umWvkR,sell,0.430144865,9833.150086529,9833.150086529,balance_delta
3tLqLSy6kdWg1ta6fyrdkW6chYHn7voBnN8mJJSjAo5AXwgSmZ1MMTx8i99ywodqWJxH7wEDuCkgotcnc2iNx3R2,1787101602,Act5xzJ7DhXrdNKbRw1yTzQUmT4hYtAPgFKTP5WzPBva,sell,0.44137999,10091.920066768002,10091.920066768002,balance_delta
opLH8yT2BQF6GmWdeYgmJVaT6Qimzv1jgdJBWAHr9vYni4YEUqT7JVKe6CyoobP78qcDPp1aiSBpfCLjKrJ6DV4,1787101605,3KEdzpSYJ7sXfHKpVhSF2Qj6ZAjd3Q3dugFCZ4umWvkR,sell,0.28673804399999997,6555.761162688999,6555.761162688999,balance_delta
3qKtThWABDYUN6EBZqmC2yJN7wDaRF1Ygi5ogQei3xRv1kHuawZ6efmaxS96AN3X8PE4xrh1tw6qBaPFvUAY85RX,1787101605,Act5xzJ7DhXrdNKbRw1yTzQUmT4hYtAPgFKTP5WzPBva,sell,0.294359575,6728.283108514001,6728.283108514001,balance_delta
NpzT5623nCcGA3tpJpv7thwWfLmFdDN4RPu5x3uJuCher5J3DNpMX46HrYk44X7kAeHjJAJpVwY5QLjK7etuoCb,1787101608,2AwjJTdTWCu6QjyZKvF6oVEd9TkQP1WYvVswFvDEySxn,sell,0.9118950100000001,20819.218264867086,20819.218264867086,balance_delta
3Leb2DtauLQLsgJC2MZ84gnfBJzfrxpCovsioEmFa5CHGXBetx9gQmDWTKH4yRaq91b8zoiEBxnaCqGMqYZN3jWm,1787101608,5kidNviTucvoHuFGuPQUikWokMxsLZMncGrS5gK9Cujs,sell,0.910540785,20799.301987115992,20799.301987115992,balance_delta
3Sj9sooWkUKhmRBjPE5qXY9ER7JnqEra9UzwVRNXonSBTv7QCN197s7GqZ8sRHeo9dZHBPzg3A4AUeAMLmdanhFZ,1787101608,DenZLNzBtE3L8T1kQFKh8oE7FCXBrdsM9xwCbsnKvdJq,sell,0.896800924,20443.418247994035,20443.418247994035,balance_delta
knCq6AzpcSKWUJKPohnmMkjYoAQQGHPbx3MDoi6aWW2iWAMe3RR8bASsBMgSqGhGn7XMEvSD443dRJtrRbkUMjG,1787101608,Hedt6aVyFRvxpQJkrrqgZ3e3JxUNb7ufCVyYXMnHYYE4,sell,0.9105838660000001,20767.351127086906,20767.351127086906,balance_delta
4YuWaHuWN8bzWLSxXwwTy2QoAhxosedYRyG2q6L8d59HQW5Q7YqPkSWWSCgy5xwKc1SFrmscXGcPMYucXQXxqo5,1787101620,2AwjJTdTWCu6QjyZKvF6oVEd9TkQP1WYvVswFvDEySxn,sell,0.8238944699999999,20402.83389956993,20402.83389956993,balance_delta
22VqEMSDBon9hVSABwbwVdwuz6prW12MEQ8iXXjQcn7iBWGanQxwGeEAHsp51kR69CjzWwDvASfKBmUcGMZebnM5,1787101620,2AwjJTdTWCu6QjyZKvF6oVEd9TkQP1WYvVswFvDEySxn,sell,0.8077375809999999,20402.833899570047,20402.833899570047,balance_delta
PaAYqpDYii88mbsJHDEwAaxZtMGfQ3MvBZag3sB48biVy85nk2MDpxeMsAMVzReQi16oXUnMPY37R1AjV4JEHfq,1787101620,5kidNviTucvoHuFGuPQUikWokMxsLZMncGrS5gK9Cujs,sell,0.8222852629999999,20383.31594737398,20383.31594737398,balance_delta
3p1o4UvU6JQjeFCdqzVtA2ZyMFSuS6mzeecD9r68PsW2uVxvZveuZpNEUYoM8DSxf2an8xW4ZTTPDQKEAnaiBuAj,1787101620,5kidNviTucvoHuFGuPQUikWokMxsLZMncGrS5gK9Cujs,sell,0.808146925,20383.31594737398,20383.31594737398,balance_delta
2byQwnpS44ptF4bZUg4L3pn4q841npd8qs1ToZQXsGhwVmWuMYpyPgqK9CpoLxRyWiZ5SF2cJb1nYzApbiZC4o68,1787101620,CbpnbXAD9PUAwVcYjHY96qooq6eNnoLiZzif766gqLPH,sell,23.235876869000002,580260.870965107,580260.870965107,balance_delta
4BX5RaPpUhwhpZ9A2r17SDq94YVAg5kH44CYtPGHCRdWus1pv471rcKzd5swYUaEZpkV1gdRAxcxjVac6w4UW1Nr,1787101620,DenZLNzBtE3L8T1kQFKh8oE7FCXBrdsM9xwCbsnKvdJq,sell,0.809365821,20034.549883033964,20034.549883033964,balance_delta
2NDi7kG8z92m7HwqrU8TixMdWbfuc8Jpxhxky6vZN5g5tKpwHkGZMAtmSCGLQt3h8ZkhVoRCBNCrhVu5fuFPnjEC,1787101620,DenZLNzBtE3L8T1kQFKh8oE7FCXBrdsM9xwCbsnKvdJq,sell,0.79348898,20034.54988303408,20034.54988303408,balance_delta
4xQgFCq7f4AM17UQX6HspxH94KTAUWHfGJAvTKX8dcaWKHSFopuBsbw5Pjv2d5a5TEqbc1rorvjxacddPALexMF9,1787101620,Hedt6aVyFRvxpQJkrrqgZ3e3JxUNb7ufCVyYXMnHYYE4,sell,0.820202959,20352.004104545107,20352.004104545107,balance_delta
5CUMvCjQonxCcYwYhhPoUNGtx1FNFZtCqehsCB7QscWNfodERiYS5iru429RCMxGT5NduXkjgecXVCVaNKYQ9L2P,1787101620,Hedt6aVyFRvxpQJkrrqgZ3e3JxUNb7ufCVyYXMnHYYE4,sell,0.8053231529999999,20352.00410454499,20352.00410454499,balance_delta
7QaBAS1oBnQnfaDc58ikfvDzp6Y5Qs1T6BBm9jZzjPkqBybqqVpV7x6RFcFXUU6aRsXYfm5DhmQPaEWo235Yref,1787101621,3KEdzpSYJ7sXfHKpVhSF2Qj6ZAjd3Q3dugFCZ4umWvkR,sell,0.520477592,13113.489250421,13113.489250421,balance_delta
516F7VYYGFceoKwQVhmYyTYTGNppE4dBZfbTnTWbKbDqws9S2NzriNUEnEYyZLnWVzYdHDJBosqdsLfMH8D5Ek34,1787101621,Act5xzJ7DhXrdNKbRw1yTzQUmT4hYtAPgFKTP5WzPBva,sell,0.5343712850000001,13458.584903832,13458.584903832,balance_delta
4yNcE5VcYBpNSdazmX1BEUNYuR2Mndmx1bafvhGdkdLNEf571of4qvujuCGqvTo8MgEukRMB8hFVNZwtSNbaropt,1787101625,34rTaBgPLXZXuZuP2LjpDdJZKr9NQ2P8iUy4as7fprPG,buy,1.2209999999999999,31302.394818693,31302.394818693,balance_delta
5WiXE32FZ6i7SH43WmMuTGm9WrCYw3TrU8ULSnsFaKSbVZQCmk7sN6ed1JLX7by2k78wBp8qRwMU9f1JyXtVfhV2,1787101652,2z2q5gk8TDgqCidzkXkyevXH1aDaVjWL8cQwoRbMF1Jq,buy,0.00803928,150.527073213,150.527073213,balance_delta
QKus3fAN4q1MHu1HfjAF6QehwpEmgkAkQ3Pi62RvAABWKPd21P4Ncy54iqYiFjJzmivimhcN5qE6VyXj737JAEG,1787101653,BfCP1ncxu7ZWp4B6TvQEcXGVSCiM2LhAzyYjG7zWyKdY,buy,5.336639121,131470.580932684,131470.580932684,balance_delta
KesSRSnCFymBmS12ay1aYSnJcHqkqAKjYfAeuNX8fpfNM99XAhJ3eNd37XsVKXp1DvexYpH68ghHRDNx74Hucr9,1787101653,HrtVLLCBM4LXfRGLGcXBYvkkJ9xnbiJ3ob1MxKdmNs7o,buy,4.674862673,114810.436586901,114810.436586901,balance_delta
V8wWrKFQnTMDGxUTjNts7CLwjNtrnWiEyqEqbUaeu4tim4gADtzNZ4gsfFk9BemcMSwejvPXxPU6vtsVqko5BdQ,1787101686,BfCP1ncxu7ZWp4B6TvQEcXGVSCiM2LhAzyYjG7zWyKdY,sell,5.030392188,131470.580932684,131470.580932684,balance_delta
2UWa4KoGqqjE9U4uhBD48Lc8DZnm2SgEcn3BMXQ9GF7dmTVyovNzMS7JrDk6FTQRzbfkKA1q7wS6nW4W97VEcDJt,1787101686,HrtVLLCBM4LXfRGLGcXBYvkkJ9xnbiJ3ob1MxKdmNs7o,sell,4.4056472520000005,114810.436586901,114810.436586901,balance_delta
5ecYxtCookKGW3y8TVZT8M7A4Kf18xZooXrDRV2tKc6rcrxeTTn5zoBuP95S4tPEgiMmGfG4dVAjAPUZY79PTsog,1787101713,2z2q5gk8TDgqCidzkXkyevXH1aDaVjWL8cQwoRbMF1Jq,sell,0.006044865,150.527073213,150.527073213,balance_delta
JzCkV2GEGRtno59DA5zjqATJcLE1vY4qLCKXCFwpStoFFraYfTdbVsfqDYDDMQBPQuwLsmUMC2dciXii7Nesvs7,1787101779,2AwjJTdTWCu6QjyZKvF6oVEd9TkQP1WYvVswFvDEySxn,sell,0.859627749,19586.720543587,19586.720543587,balance_delta
5qExRJnpHQ99n1m1QAfCmnc7cgDiKPf2kvv6Sp49F6e4R15Mm2XuqoTccg3biH7QJjHYUdM9DM4muWq5qBSyNSop,1787101779,5kidNviTucvoHuFGuPQUikWokMxsLZMncGrS5gK9Cujs,sell,0.8596461950000001,19567.983309478965,19567.983309478965,balance_delta
3a1j4BcvGTzApfncSgubyhZ5hUdp8J4jfoTQHBTU32Wt3wT1ZSjUXiTZXgo282uPZ2LKHbdPjq4pXsDmGar5HfGf,1787101779,DenZLNzBtE3L8T1kQFKh8oE7FCXBrdsM9xwCbsnKvdJq,sell,0.84446887,19233.167887712945,19233.167887712945,balance_delta
2aaauZGMLJDP2T27DvpRSj8iQLqe2z6j8EwJob4dzAWtSazymBX8SFXjCTmVAvmyiZvVzNy7H4N279xpCExN6SFd,1787101779,Hedt6aVyFRvxpQJkrrqgZ3e3JxUNb7ufCVyYXMnHYYE4,sell,0.8566261540000001,19537.92394036299,19537.92394036299,balance_delta
4oGFh6KvwQFVT6L2T7C5kc5LGWBqQAuYd7ydWXpG1GAgwZnQyA72mvMfiTJN6cTP8b5QVHd6wsKKSQwQjx1syECH,1787101782,2AwjJTdTWCu6QjyZKvF6oVEd9TkQP1WYvVswFvDEySxn,sell,0.841655315,19194.986132715945,19194.986132715945,balance_delta
62mCCVbeC1NHHSiVH3VUiQoGv4vghDp5z9zZp27bPh6RQEZ2JvuHfwUCvCq77gvxTG18RxokEbTWNFsjiS9GUKRg,1787101782,5kidNviTucvoHuFGuPQUikWokMxsLZMncGrS5gK9Cujs,sell,0.839620404,19176.623643289087,19176.623643289087,balance_delta
57atW3Hv7cBzatGuU4yhHVa68gu3mjk1iMVaYTxXeGKyHjjAVf7n7TabQBaxJSDu5g2HRRi36QqodZNXuWdebDcH,1787101782,DenZLNzBtE3L8T1kQFKh8oE7FCXBrdsM9xwCbsnKvdJq,sell,0.82680392,18848.504529959057,18848.504529959057,balance_delta
AacXPyMw23T8ZwTZXRRBksRABVZHSnUQjipz42R1skQusy668JPHWjbbwPgAzWA9ADZLC9TXxCvHxW6nbAREwrr,1787101782,Hedt6aVyFRvxpQJkrrqgZ3e3JxUNb7ufCVyYXMnHYYE4,sell,0.838731886,19147.16546155594,19147.16546155594,balance_delta
3EJnJZ3UwpErEHMrvpQVVfepqkhFhphF4MkHzfcSTG8rm6yZ4bHZe5FcWvnDdaqrHJBf9QyVyKbvJwHpqr8wY5jM,1787101836,34rTaBgPLXZXuZuP2LjpDdJZKr9NQ2P8iUy4as7fprPG,sell,1.260481086,31302.394818693,31302.394818693,balance_delta
LbqTtQwBQZSKDfBTcJEfRFtLpKpf9jKGDdo8d3WjxEWn2qXxUQLCwyS2Do8uAZT3xRWpRS8Wpcyj3tRKQXtC6uh,1787101901,2AwjJTdTWCu6QjyZKvF6oVEd9TkQP1WYvVswFvDEySxn,sell,0.8329481719999999,18811.08641006099,18811.08641006099,balance_delta
i6KyPMTP9WB8ufScsKGiPHhswpRZSqJrXy25CgMj9CQe17QzXiBwxkH8JBnkTHPWZCSEy5kb2bmVhcqsp1bbbPP,1787101901,5kidNviTucvoHuFGuPQUikWokMxsLZMncGrS5gK9Cujs,sell,0.833337991,18793.091170422966,18793.091170422966,balance_delta
3etT7PdhMBdyD7Q3HdsNpvpc15GyDMozhpXJ3XeBV4pVEwDHGgqz5grvCFGEQ6jVXdoA2x8i7yHTUGbX7oM7tfFe,1787101901,DenZLNzBtE3L8T1kQFKh8oE7FCXBrdsM9xwCbsnKvdJq,sell,0.818640127,18471.534439360024,18471.534439360024,balance_delta
3WXvnVm3GPTUHw5TfnDoCWbf9rWsEY2sjJb8CV7S2GGPAdDDptR6vTESknGgP4UZV8v36qqnnFJbLGFDduddgULR,1787101901,Hedt6aVyFRvxpQJkrrqgZ3e3JxUNb7ufCVyYXMnHYYE4,sell,0.832857693,18764.222152324975,18764.222152324975,balance_delta
JcGbJ6r11vUs9GFXafqHgeA5pBJ3ArDai2WQam618V4oBJVAPuec292ug2q66Gqemdroew4X5k9cDeLhRAuJ5E3,1787101947,2AwjJTdTWCu6QjyZKvF6oVEd9TkQP1WYvVswFvDEySxn,sell,0.783614474,18434.864681860083,18434.864681860083,balance_delta
2vKB1jNp2ZSeUsqRXtPH1EEYhYkccEBCjcNFqU8839QwtBcMXYEQq343kTnyjvrq6NWxdmvd2xcZbkcyrNuMp9vL,1787101947,5kidNviTucvoHuFGuPQUikWokMxsLZMncGrS5gK9Cujs,sell,0.784299824,18417.229347015033,18417.229347015033,balance_delta
iubspsKDBkbDdLMYsuQZgQ9YjHGGoVWe9h41ZvqJGu8BVHBWi9DG7obMWiR6WXy4gK412BTWYYaSwdtHhEAWDmh,1787101947,DenZLNzBtE3L8T1kQFKh8oE7FCXBrdsM9xwCbsnKvdJq,sell,0.769765633,18102.103750571958,18102.103750571958,balance_delta
mV4r6KKNssKG7MH6E4KkoTXuoad49igxfNQWBZomWfouXAgDWwmG767uohmvDotmFGs5rPSPPUmUTp5giwcpc5k,1787101947,Hedt6aVyFRvxpQJkrrqgZ3e3JxUNb7ufCVyYXMnHYYE4,sell,0.780930357,18388.937709278078,18388.937709278078,balance_delta
4Hbg4qz23RWnLAvr8xL28d5uNFePKBuA9TdNS8rmkqJFWJEqjTAAhaznBgauqjkZcNysi7qx9mKtjAqpm5wLCkni,1787102728,2AwjJTdTWCu6QjyZKvF6oVEd9TkQP1WYvVswFvDEySxn,sell,1.517144004,45165.41847055801,45165.41847055801,balance_delta
42sxwBas4tKsx5kd2TpDijHt88YxmAPeiLm52Q1RHBXRcUykdvQsjARFs6njph7BArZ2Gs4ubpo2ryLZ528FT419,1787102728,2AwjJTdTWCu6QjyZKvF6oVEd9TkQP1WYvVswFvDEySxn,sell,1.515065167,45165.418470557895,45165.418470557895,balance_delta
4iJJa1HZrpDuG82vVeRJrAc2MgqRzX3s1jptSyHwctMDWKm5LpFqwC9M8WvVswSkphrDpSTe3KGJZPtjVbDCH7P4,1787102728,2AwjJTdTWCu6QjyZKvF6oVEd9TkQP1WYvVswFvDEySxn,sell,3.0028609069999996,90330.83694111602,90330.83694111602,balance_delta
5GinTSzxVPtzwrE1obbu9NsonW6xxe29TCV13HnE2sNbVyjJxwKSgmoLmGi5NW17W1m7nkgNCPyWz2axVq1ZSNrG,1787102728,5kidNviTucvoHuFGuPQUikWokMxsLZMncGrS5gK9Cujs,sell,1.521746496,45122.21190018696,45122.21190018696,balance_delta
2U4QKHTGmZGuA3bkQehDbGQK28FUt5x9UXcZpifn5zkq5MPZ7jB5gdiyEQYKKCRNh23hJEraUn9etFvUMM3CJ59B,1787102728,5kidNviTucvoHuFGuPQUikWokMxsLZMncGrS5gK9Cujs,sell,1.5060493640000001,45122.21190018696,45122.21190018696,balance_delta
yBKKCWz1qNJVW8GPqPv8HKRVpucPGLd75dgwHzPea8pauXPzRJomGdJ4siw81SPcNtKe1VgZvPM4ZUUeB8iKJXH,1787102728,5kidNviTucvoHuFGuPQUikWokMxsLZMncGrS5gK9Cujs,sell,3.0177474739999997,90244.42380037403,90244.42380037403,balance_delta
2CESwVzj51BgYFDRUmhjEmjUtXTEkzPQfqd3NpyGzM7mmcdH1A19dXBHSxAJg9gChtzGhdntaoDirQgam6nuHMEe,1787102728,DenZLNzBtE3L8T1kQFKh8oE7FCXBrdsM9xwCbsnKvdJq,sell,1.492680618,44350.15418890293,44350.15418890293,balance_delta
2x7w3JfPszR6yJCkBCsfgZrBsp1Ah9pShXKM9hGWhLJB1fB5znn1Wi7THUoT5C4Ax64bJGiNxfUx63WG3FXu8uPV,1787102728,DenZLNzBtE3L8T1kQFKh8oE7FCXBrdsM9xwCbsnKvdJq,sell,1.4787743150000001,44350.15418890305,44350.15418890305,balance_delta
3Xbf7s8EhD2x72aFz7tuojG35do7Xa74QpVtXWXaHfZazg2Epe3iLALnZSSC8B85SKARcS7DhhGWmCySGRdpp6Td,1787102728,DenZLNzBtE3L8T1kQFKh8oE7FCXBrdsM9xwCbsnKvdJq,sell,2.9602393859999996,88700.30837780703,88700.30837780703,balance_delta
4Af6EAqoUkTXLPPdTdJquCQdkhdzHNLLPcJG8z95k3msBJhgJ1F6JEATd9RoKi25RoMBS1TWF8H11QsS2TDtYjjM,1787102728,Hedt6aVyFRvxpQJkrrqgZ3e3JxUNb7ufCVyYXMnHYYE4,sell,1.524007378,45052.897387732984,45052.897387732984,balance_delta
4159dRMJMt74ajcqvJmG785tmsnrSB1xNxoq2CC58sKxmsZzArAm23V3LWfeGucn7Ca3RYttEg4wTzJMrixshKzQ,1787102728,Hedt6aVyFRvxpQJkrrqgZ3e3JxUNb7ufCVyYXMnHYYE4,sell,1.509781975,45052.897387732984,45052.897387732984,balance_delta
4szGbCF2zFrPonKYYnuozpdnTZFeG3NsxkdgC1Jw5FfdHU5wpu7gpvr8WnxYGnSvmEztKRgzvTqQ9AWFxG2SjY9,1787102728,Hedt6aVyFRvxpQJkrrqgZ3e3JxUNb7ufCVyYXMnHYYE4,sell,3.0013007779999996,90105.79477546597,90105.79477546597,balance_delta
r5QG6DcSf2EqzXAv5y2qh12T88TnvFndi2Ep4wqqBcerGeNBeXwhrxDRhnQj6D7omU5Sh2kRFnzDAxESHY31GNc,1787102729,5kidNviTucvoHuFGuPQUikWokMxsLZMncGrS5gK9Cujs,sell,2.8995032999999997,90244.42380037403,90244.42380037403,balance_delta
PN7GqakivAaMjjgLTWtAtveuoECJPRMds3WacMBMBnXH97iMorR76dwxJcRFZN3v8fgUhodVz1JAFfNvtpfSCaM,1787102729,DenZLNzBtE3L8T1kQFKh8oE7FCXBrdsM9xwCbsnKvdJq,sell,2.844356907,88700.30837780703,88700.30837780703,balance_delta
b5QAwLP3uwVptyVJ3Kr6c4CH74Jxr2WMyNqpnVRWGzM8EiXGcYyKPRHtdYmMDohwHx1rtkSBXSaceTudULTdffy,1787102729,Hedt6aVyFRvxpQJkrrqgZ3e3JxUNb7ufCVyYXMnHYYE4,sell,2.846463787,90105.79477546609,90105.79477546609,balance_delta
2SKqyJZPm1gryM56Q7PPxvWiz5tteW7r95iwxMwmrHsGn9QqVjNJUjx6cRK75cirSdJVQFm2BjHxsbJxjCBEg8Yc,1787102730,2AwjJTdTWCu6QjyZKvF6oVEd9TkQP1WYvVswFvDEySxn,sell,2.6360501359999997,85814.29509406001,85814.29509406001,balance_delta
2TiysXeubgzJXNSh92JFfLrYFmwKEzSjeE38Dq6TBSdaLQ7pFBQZobdSx3xjLzRFQSQS2y42o8aY1Gx1KTMAYPoW,1787102730,2AwjJTdTWCu6QjyZKvF6oVEd9TkQP1WYvVswFvDEySxn,sell,2.194929855,72264.66955289303,72264.66955289303,balance_delta
4ZUVY1x1TY9z5eCCnBcvEtFvVrQzYyqwbc2NYY2zrGjKrPFkN3iRXoy3tjHTw9ShFvkNH8FMN1eUXHptara3wTGB,1787102730,2AwjJTdTWCu6QjyZKvF6oVEd9TkQP1WYvVswFvDEySxn,sell,2.7224728359999997,90330.83694111597,90330.83694111597,balance_delta
4CKQZkwAKX6MfBJqY5kTLZoHkMeeXKHJvuBphgCQGvTceSZnhKuWzEskckA1qdJmKyX5C1VWrvutxYXpkwoppDFf,1787102730,2AwjJTdTWCu6QjyZKvF6oVEd9TkQP1WYvVswFvDEySxn,sell,2.569147733,85814.29509406001,85814.29509406001,balance_delta
Qefcr7LFxLUtzJKnMjSJ344odrcg81HeMqEB6pAwWPWrEa4AFLwEfhZo8NxmVgTKtRckVWiE2JPA3Zm5usknvjL,1787102730,2AwjJTdTWCu6QjyZKvF6oVEd9TkQP1WYvVswFvDEySxn,sell,10.914259012999999,361323.347764466,361323.347764466,balance_delta
6gZeNmr24sFLgU9jswaABwHdgyrNZgVqwauwXoSqMzkYREAGeN5LMs4bUedXc2BBxza9tdrYCuhMCSX12ufNMu1,1787102730,2AwjJTdTWCu6QjyZKvF6oVEd9TkQP1WYvVswFvDEySxn,sell,0.775406297,27099.251082337,27099.251082337,balance_delta
43mNTcqzyGSykRBPob8Hhu1TymKm25MFBa1dji8nDCwC8miSU6yWcVuaEQCTRpMYYpTBY3pTjhhPErviv6KzW1qB,1787102730,5kidNviTucvoHuFGuPQUikWokMxsLZMncGrS5gK9Cujs,sell,2.2034579059999997,72195.53904029902,72195.53904029902,balance_delta
2gYKzdH9V4AyGZWfk1GfxNS73CYmtCKqHD9uyhd4mtPo3ZTcjxA2VcTeEFwAEWnfQ4mrUWoTewK3fvjdP4UvUHan,1787102730,5kidNviTucvoHuFGuPQUikWokMxsLZMncGrS5gK9Cujs,sell,2.1861823009999997,72195.53904029896,72195.53904029896,balance_delta
2kBd1wEmLbN5iq983TkLjE99n4tdtBMavRcGi73Eg1gZ4t7Qu3wTePsgheUyy2p7YQPP9YB3CfvKh9GiNHeRreEK,1787102730,5kidNviTucvoHuFGuPQUikWokMxsLZMncGrS5gK9Cujs,sell,2.571270528,85732.20261035598,85732.20261035598,balance_delta
3QggnU6QzwSRSDpzWvUbv5H8DShUfn5d23PTdno4sHTAbx2mWxWGxvxTDPj1YM8hMxY7GVeQPED3u7wZPeWKZhgM,1787102730,5kidNviTucvoHuFGuPQUikWokMxsLZMncGrS5gK9Cujs,sell,9.125100563999998,315855.483301312,315855.483301312,balance_delta
xH2M2mCNJP9F4b44P5KAN2i3nmQKmK8jMFB2Wtnt6qbSDbsUX4bU3RV1rQTaC3w8xGjTRuvhQtw54F1k362tmxt,1787102730,5kidNviTucvoHuFGuPQUikWokMxsLZMncGrS5gK9Cujs,sell,1.815576349,63171.096660262,63171.096660262,balance_delta
KMHeXUQ4MPSjUsoadvx5fDsHEoodm5juxyDCwci45tqYsErUk1ithYwDXe784YWnRwheiMKDkpMCH3NexU5Df2w,1787102730,5kidNviTucvoHuFGuPQUikWokMxsLZMncGrS5gK9Cujs,sell,0.642291069,22561.105950097,22561.105950097,balance_delta
cVsjt1WnMJMqHNQXQeTN3qtTjRj4dR8EJU8yeQcEabcybKQxGUgBWxXVEm8Gc1YxExLwx5TPrnjdYe8agNQ9uCi,1787102730,DenZLNzBtE3L8T1kQFKh8oE7FCXBrdsM9xwCbsnKvdJq,sell,2.1455110829999997,70960.2467022459,70960.2467022459,balance_delta
5MQGudaFp7qX3p1hZVpATEHMk671qziioy5SATsbksqJm66SRC3cBDGapWcU3pbg183zbMq1N9u8dcxbTJvNBbgj,1787102730,DenZLNzBtE3L8T1kQFKh8oE7FCXBrdsM9xwCbsnKvdJq,sell,2.131188355,70960.24670224608,70960.24670224608,balance_delta
3WeVHRp4WjhsPjB79HiEVFk9LmCsYyFWUsYqMQa4zSSn8RaviuqM1m3v3HLeDLDRCzDurjYk8vNpHR4TzTxJAiZk,1787102730,DenZLNzBtE3L8T1kQFKh8oE7FCXBrdsM9xwCbsnKvdJq,sell,2.518264211,84265.29295891698,84265.29295891698,balance_delta
44oUcDcDFZAw4URTepa9JkeigyYP29RUjB849CX49ZfbyMxnnhxankd45jBMW4GKATSARLNnZDjXcLW7Vg2F7J2t,1787102730,DenZLNzBtE3L8T1kQFKh8oE7FCXBrdsM9xwCbsnKvdJq,sell,2.092090435,70960.24670224602,70960.24670224602,balance_delta
YPtyaLvhutfmWJ9iAMM5iHkv3oLBKDXbq335nSo2BfGR27rj7kTwec2RQuDoxu4p59abYAtWNnGjHSgT2f6MsCM,1787102730,DenZLNzBtE3L8T1kQFKh8oE7FCXBrdsM9xwCbsnKvdJq,sell,9.189452505,310451.079322328,310451.079322328,balance_delta
kXp29QonbVN9m811umpunx4XWknjcAdyG6Asx4KwtQ5LtSgjzKXXAn7J2d55JRcPaBqks2bJUxifGJsYQvQkTuN,1787102730,DenZLNzBtE3L8T1kQFKh8oE7FCXBrdsM9xwCbsnKvdJq,sell,0.379020819,13305.046256673,13305.046256673,balance_delta
4QCj9oWHtw5Jxr9MfBFznSYBbdnscZnzENXrdtym2RiFH721wLZY8vZed27yhLYAJPPLgGv4rD9SMaczT3uFVG41,1787102730,Hedt6aVyFRvxpQJkrrqgZ3e3JxUNb7ufCVyYXMnHYYE4,sell,2.2067466139999996,72084.63582037191,72084.63582037191,balance_delta
2k87pk7EwP3RxtG3cb9zzmRAzBf5x4AjzwWp4wp3MfyUHoa196BTNdLEUPmwoG2UPbqxqvLvsVX6CPt4CmPx5ykP,1787102730,Hedt6aVyFRvxpQJkrrqgZ3e3JxUNb7ufCVyYXMnHYYE4,sell,2.203405024,72084.63582037203,72084.63582037203,balance_delta
HU3eDj4LcW66SuajzZoM6VC7G6RgDvUZK73fRvev4GaHnBFjFfNjHHyk2RtrPKCJHiuoUYJ5TmoLTjJzgEMPuWP,1787102730,Hedt6aVyFRvxpQJkrrqgZ3e3JxUNb7ufCVyYXMnHYYE4,sell,2.6088212609999997,85600.50503669202,85600.50503669202,balance_delta
tPdjeaKePRrHp45L9TUGGTmsh5bAvmS4dKmcc8uoSdsFysECHe4bWGSX6LtEfKLqNJNybW85cVBRThzoXWApF7i,1787102730,Hedt6aVyFRvxpQJkrrqgZ3e3JxUNb7ufCVyYXMnHYYE4,sell,2.5329497959999996,85600.50503669196,85600.50503669196,balance_delta
5Mc6PksmSxCRqo6zaBG4PqM9UmGsJTDySbLoHiC9rN7G2NJJixaDragrjTRMXrhE3k1DzadMph2LfNsycvhQ6uk8,1787102730,Hedt6aVyFRvxpQJkrrqgZ3e3JxUNb7ufCVyYXMnHYYE4,sell,9.458923579999999,315370.281714131,315370.281714131,balance_delta
5kCvTWZa2Ezzrum3pBmbZV2AcbMxeCWvzF3MkcNYSkw21mjcRBJADmvPmGr7vD8vXRyJfRVf78r727QqdV6NYUum,1787102735,2z2q5gk8TDgqCidzkXkyevXH1aDaVjWL8cQwoRbMF1Jq,buy,0.008039280000000001,199.252050204,199.252050204,balance_delta
3Qk9d8MBpjXdTfanPEyUjSTrth9dYCpnHMjxM7E4exYkr12RgAQnB9UfiH69az7uLc2JZVt1iRD4VB7bzpSBmyWt,1787102743,2AwjJTdTWCu6QjyZKvF6oVEd9TkQP1WYvVswFvDEySxn,buy,0.02364283,763.312824693,763.312824693,balance_delta
3bMdB65DctNakhS9ANL3F84EPndzZX6bS8oMq5AKrBGsM9AWpY1u7NLw6nUKYqS5dMDZsa4mMnzbxuVqnjoM86Kj,1787102743,5kidNviTucvoHuFGuPQUikWokMxsLZMncGrS5gK9Cujs,buy,0.026423981,853.569907205,853.569907205,balance_delta
31BC7sw4KjnsE4x23uY8CCuEohHJtgv4MKPMxoJTsHoTzPYVGffBh2Pc6fE1bpoQ2RPaHPEPSzobkSXBYFKrFUjt,1787102743,DenZLNzBtE3L8T1kQFKh8oE7FCXBrdsM9xwCbsnKvdJq,buy,0.024628094,795.297616779,795.297616779,balance_delta
66LLyVizqGsAfo34xSPQGBWDfkreW5S1bMgzRB3Mf2VKKNN87LEMp8YU8CR8gUyrz3L3NsAzYVehQY3jG4EJJj9u,1787102743,Hedt6aVyFRvxpQJkrrqgZ3e3JxUNb7ufCVyYXMnHYYE4,buy,0.027134557,876.537661144,876.537661144,balance_delta
4SMcNK4GYQPMAnpEb7wCnE14LHrvNWvXwWFGVCgcVwyy5pAHz8JzHfBy8BymgqoEUcrbX1jgky5XdCuSvM32w3C1,1787102744,2AwjJTdTWCu6QjyZKvF6oVEd9TkQP1WYvVswFvDEySxn,sell,0.022821862000000002,763.312824693,763.312824693,balance_delta
5WtzwemMAsWmpCTapNv4nRYLWTxHw6H7C9cLj3V7eKZ5Y3RgfF53pkPqVG4yZDygyA8sqoZixmZv7tAffBhdmKDm,1787102744,5kidNviTucvoHuFGuPQUikWokMxsLZMncGrS5gK9Cujs,sell,0.025521162,853.569907205,853.569907205,balance_delta
2oZD6ubnfzBGBNBXW1By2dS53HWaUnv1miRcuscfsMAzYHZn8rjidTmyNophzFqNHT2A9wjEt1Pd5ACMocR2e9ZP,1787102744,DenZLNzBtE3L8T1kQFKh8oE7FCXBrdsM9xwCbsnKvdJq,sell,0.02377777,795.297616779,795.297616779,balance_delta
4HtwJb1AYxsiuncrKhGEwZmrZ24hguAs5ScUQwJkCbU7wb6gPtLKVc1AcT91W15bgHDG6Kap8W5a92CgrnpaTBsG,1787102744,Hedt6aVyFRvxpQJkrrqgZ3e3JxUNb7ufCVyYXMnHYYE4,sell,0.026206781000000002,876.537661148,876.537661148,balance_delta
3LQcMJsQiC6Yk87hJbRWdq7m1g4mtMfDq9rMMbxnFxNrtQXPrabvskxggz5yeJZtkVKSVvuit8EJVAj3K7qv6mhx,1787102795,2z2q5gk8TDgqCidzkXkyevXH1aDaVjWL8cQwoRbMF1Jq,sell,0.006191970000000001,199.252050204,199.252050204,balance_delta
39XeK6oGU3WQHXP6yEXD6bcA2BCon4hKmvhcGfoW3ZJ4RvZdJsBDb4G5A8pwZirKWBDi4YpAc53MaoCsiqrQgE3T,1787103229,797CrVjYgQRU7V6CVhhz8hSNDTx5wF53apb6mf9wqPfZ,buy,5.0120000000000005,188856.962928166,188856.962928166,balance_delta
52KxaSDBA8ZYymzA48j7JF1c6djyLKscfPGpqmPP9RNAaR1T7GjLhjYAwciLUoddWJhpzPZ6obv7SNrsoPMd3DSd,1787104073,3KEdzpSYJ7sXfHKpVhSF2Qj6ZAjd3Q3dugFCZ4umWvkR,buy,3.9999999999999996,160420.650100939,160420.650100939,balance_delta
xUYZ9LLVn7NEM28v6nQeCKxjb6YV7mdY5pZh8fBDSsmvPbGTKoztfhpbyTVjZ2gKnYLcirkMUknmv3KLPfXyu2R,1787104115,3KEdzpSYJ7sXfHKpVhSF2Qj6ZAjd3Q3dugFCZ4umWvkR,sell,4.001614565,160420.650100939,160420.650100939,balance_delta
2ycGCUcu2f66Vi86T8pzqERKgdmQvbNvJb7djmJ3ajH9dcEjX4WbThvpBy9sMkQBMP6zBVNTEpybHs6pWq6BKKnw,1787104366,797CrVjYgQRU7V6CVhhz8hSNDTx5wF53apb6mf9wqPfZ,buy,5.0120000000000005,196195.05326919697,196195.05326919697,balance_delta
4rxpPbs9cTaT6YkpLoPUxsfZdGh2SRVEjpHCh5jiLMSYVZ3Hpw1vVDnPy6FRTA9jg2fAuGSRBvhGKTDae5fuQjcV,1787104467,6DqwStHBhuxWGutooviZUgVDhT3F4Dy5pAiP2YErRCEe,buy,1.5010000000000001,57454.12297099549,57454.12297099549,balance_delta
NUchwQZhxNQcKchgdozqR5ywHkAELKTtn9t8PqUcxdNt5p21TawvEsWdzmba9448GZ4yLXtXjQZcFME5ZhKrsdG,1787104520,3o7YPX68tAMJdYH6CeqNpvcNe9ZGcgFzBzVsoUQZgSbo,buy,0.065189304,2548.95131387,2548.95131387,balance_delta
4zYrpeUkTd1pxmUEMcwbj3MwZepEF15vBhEL3ZKSic3azJ3mghztT6rYgseU9gZU5kvg8F31eeV6tu2VzFdxr4Xx,1787105582,797CrVjYgQRU7V6CVhhz8hSNDTx5wF53apb6mf9wqPfZ,buy,5.0120000000000005,220706.39177389705,220706.39177389705,balance_delta
4ZDSTvq6Rh5mkGqRjChUqLgDghosNMJ6W2VGYJ652UVfnjgxLLAbJi97QUs9Z87boGahVKDF9mwkxWwPc8UpDADP,1787105841,797CrVjYgQRU7V6CVhhz8hSNDTx5wF53apb6mf9wqPfZ,buy,5.0120000000000005,233155.89147079992,233155.89147079992,balance_delta
611jV7HrxYpMg7cFte32zo1q39Skx8SK4BCApjqVS3CTZjyNaCzQtUHLsrdnVPUKLB2aSYpP5ctpAgwG8pcnb5Pv,1787105919,797CrVjYgQRU7V6CVhhz8hSNDTx5wF53apb6mf9wqPfZ,buy,5.0120000000000005,238421.442468054,238421.442468054,balance_delta
5g5bg93t5byEvHueWVDCittjoi4ELvE2z7YnbmsjUEzqrmkKXpKAHbrLgXyHyemro73wBXmNVWcxo8v3p5YEMfuP,1787106695,3o7YPX68tAMJdYH6CeqNpvcNe9ZGcgFzBzVsoUQZgSbo,buy,0.06507864000000001,3080.016313037001,3080.016313037001,balance_delta
E1bzYcmwve9tKR1LkFhDanb9yNzE8TmVBHmxMn2zsmXb6fmaBYmSK6gU3esMAM9qrx3wFUTz9GNigWChNBnjqsG,1787108928,6DqwStHBhuxWGutooviZUgVDhT3F4Dy5pAiP2YErRCEe,sell,18.667228689999998,851363.3996173907,851363.3996173907,balance_delta
BQQsJmhPManNduKvAYe1rQxsiKQhTxyACz3N2e16cyAFMv4nRXpS214SQmmk98AGdXPW6eHn1fiKCeNUHczVwAP,1787110880,797CrVjYgQRU7V6CVhhz8hSNDTx5wF53apb6mf9wqPfZ,buy,5.0,266160.95606609015,266160.95606609015,balance_delta
2pK7rxKF61yFtBeQJyPQpG8PJmqtCWy5GLLGyRWyEafwykPFVyJA6VmZUCBVWZRPBhmsC2utRLppXUhvPgF4gM7G,1787110901,797CrVjYgQRU7V6CVhhz8hSNDTx5wF53apb6mf9wqPfZ,buy,5.0,274423.3749898118,274423.3749898118,balance_delta
3r38UxUYbLyS4zEvtGyMAM5PH2KEovE91HFRZQVHSsdzyCM4BrFiYtgADQpxJK4GUKhNZGsEETwPgS8aAFqeaVGx,1787110906,2z2q5gk8TDgqCidzkXkyevXH1aDaVjWL8cQwoRbMF1Jq,buy,0.00803928,330.007978333,330.007978333,balance_delta
5oxsnNkMaB4DVSpnN6bX6iiGgUKBz1k4YXQ3Wn4Y8tNdxA71z3S3h9nVfQLqzvPvfwmHvFzwLw91DKKc44zTfEDD,1787111007,2z2q5gk8TDgqCidzkXkyevXH1aDaVjWL8cQwoRbMF1Jq,sell,0.006296851,330.007978333,330.007978333,balance_delta
3qUQjPFhkJWm5Z66EwJujCffQvwv4Urqtew7YrY4EBZXPhSU6ZXkg9iDhJxyUZxTWbUyzKzMYTWKujgKVwa5r43c,1787112356,JHCa7HtNnk4UhenAr8znYWSRsQQ9c4FNsNXhRnsBBJX,sell,0.024806621,1406.111112048,1406.111112048,balance_delta
2p1pLiqjc4rUXspVkBSmNtrfV7GqiUdYMn7sjDX7zo59eoaZe8pezgjhYErhSFRrBxs2WiW1TnHHQvesVzYeixDu,1787112567,2z2q5gk8TDgqCidzkXkyevXH1aDaVjWL8cQwoRbMF1Jq,buy,0.008039280000000001,313.973040667,313.973040667,balance_delta
4k49jknHLBHztYf15LTKCwmLr1f8mGbWAja4VgwP3t4QQdd2eThxtPpGDvKykT7PDC2XLqrPbL9b4UpEaSk9c2rw,1787112627,2z2q5gk8TDgqCidzkXkyevXH1aDaVjWL8cQwoRbMF1Jq,sell,0.005955383,313.973040667,313.973040667,balance_delta
21ggoq16yPP62q7t1Ht9VbpeHWqardKy6MCFkh8LMEEpVrHkh2Lo7esY9RpQCNvQzNHgsHYPQ1iuK9Z7NE3DTPmk,1787120249,2z2q5gk8TDgqCidzkXkyevXH1aDaVjWL8cQwoRbMF1Jq,buy,0.008039280000000001,287.503601271,287.503601271,balance_delta
5KCee5RHuMxc9LQTa8j7nSN9KgLMD5ppbnx2VpSa7xMRxt2VobK6Fps2bpYrmZYycSH9GcpE5bhFZFQ56YELD4rB,1787120310,2z2q5gk8TDgqCidzkXkyevXH1aDaVjWL8cQwoRbMF1Jq,sell,0.005945697,287.503601271,287.503601271,balance_delta
61Qths2SSuW9Kw2BCveT9QjEouSbLj4s6usPytJxBMbiZh5wJwf8bFJv7KM4McBXfP4mwKTv2MASin9mvZpTu9wF,1787129150,797CrVjYgQRU7V6CVhhz8hSNDTx5wF53apb6mf9wqPfZ,buy,2.1525196109999998,115028.7735126582,115028.7735126582,balance_delta
2WMDSri3BwNMbQ2wdokLWyEhuTpC8ZD11rFesLciE7feiNU8QVZTkkSpLpUkyH68c1Yp7KdNgMK9Q9F6Gnr7F8YG,1787129209,ATj6HNyLtkdm8LMiTf6LftgDLDK378dAjDv8bCBhkoD1,buy,5.0,267072.430890235,267072.430890235,balance_delta
3uiuqF9bQq5hFpkm14NUMdNvsqF2Q1CUAUaePGxHbHCNKDBCsdGLQmyZAd2nA6mhXdR7Ds2uZGRCtK8mwaVghXnp,1787132938,ATj6HNyLtkdm8LMiTf6LftgDLDK378dAjDv8bCBhkoD1,buy,5.0,288559.11775084503,288559.11775084503,balance_delta
3Ba2iCX5nsD1KN8vVmKcayUVu7ox5AR4hNJAUxjU1XBuLAZwwWottmZ7uuj3WKittuXDvBEmZQjkp7DVqEuj9Xmt,1787133021,ATj6HNyLtkdm8LMiTf6LftgDLDK378dAjDv8bCBhkoD1,buy,5.0,289500.9227933419,289500.9227933419,balance_delta
65evwNVHh5NbWp96NTMhm8vsQaxZiR79o5UQfsVcFHxpkYbucgfHUHt4GyztXt3nAWG29vtPxHi5rRn9F7vkXnfX,1787137038,ATj6HNyLtkdm8LMiTf6LftgDLDK378dAjDv8bCBhkoD1,buy,5.0,297833.1182104711,297833.1182104711,balance_delta
f4vR1Vk9rSeYfdeH8oWCsuBHTexUJqF6tvta4d1Xi8z3m9j1farCZJJgmbLRTYjXusg5nJuMwUmKfQwfnBTs3bP,1787137611,ATj6HNyLtkdm8LMiTf6LftgDLDK378dAjDv8bCBhkoD1,buy,5.0,296709.27240938484,296709.27240938484,balance_delta
4wyWQj2k5Vm6NXNmcX6LexMTbmwsXqoUN76cPdxdfgB86gKu5guGRvp9YeMNV8zfszMAmfrafCHdK4bV3WXDrwJr,1787137953,ATj6HNyLtkdm8LMiTf6LftgDLDK378dAjDv8bCBhkoD1,buy,5.0,302553.46190067613,302553.46190067613,balance_delta
4cs6V9WmS4XZokNoeQjbV38qehGz1zi6WyHg9nJ7u1GwDNrhufYMDD2uMUmajXWVQG8kMh5tR4YTQe3F4En3X9w4,1787138205,6DqwStHBhuxWGutooviZUgVDhT3F4Dy5pAiP2YErRCEe,buy,2.001,120519.69786142185,120519.69786142185,balance_delta
43xMwubt6BpjZUpMZ3FD2DTWDhbYfhuuxtSucGWRTFNfvKdSXQbJZsmkitk2JcZAcMXhosztKyM7z4aSPz79vSbC,1787138237,6DqwStHBhuxWGutooviZUgVDhT3F4Dy5pAiP2YErRCEe,buy,1.5010000000000001,90094.50543783978,90094.50543783978,balance_delta
5NJMEXHQW88kEVxmq4R68d1V3FDSwYar2i9ygYr9p7cU4iPpGXJB3rVKe58u18cmtyFLBUy93GGogkxHyEAJjLHx,1787143101,6DqwStHBhuxWGutooviZUgVDhT3F4Dy5pAiP2YErRCEe,buy,2.001,97037.93237708136,97037.93237708136,balance_delta
4ZtbCist1eRm2TTtPKfPjByYMDxpRJXfgHMRd3dxtvkTXaJdMW5kdQ6QedXoqiR8Sm8JevPQ9Zh2tb6gaj7j5ZRV,1787148852,2DCW6PvdpXwscZVanFmDLB7svT2STkUj2SuXSMR6C29g,sell,0.40779549,14036.486225055,14036.486225055,balance_delta
5AK1hmkL318sYN8yQfkZVnQtmd83DkMa1GHuYZSAQftsNksQrUsmAu5dAwZjkHufWK347CRmJw7X3hDiouxL6UDi,1787148919,2z2q5gk8TDgqCidzkXkyevXH1aDaVjWL8cQwoRbMF1Jq,buy,0.50203928,14417.0346279,14417.0346279,balance_delta
KLagPDAsYMUKRUrC4CanetWe5i7NgDjHPqr4ARxMhGLPgj5UDNFoMHf3gT2cMnHZZ6cvcFewn2b4N51mZQ3xwdi,1787148919,2z2q5gk8TDgqCidzkXkyevXH1aDaVjWL8cQwoRbMF1Jq,buy,0.006,173.0167112529998,173.0167112529998,balance_delta
4NeCe98LW7uwcSuGV7bpxro3eG96m6e143sJxDuMhLQLHtvbuoZrTcMbFCF58iUo4BKehropwQtBxWK2EhjmLz7o,1787148920,2DCW6PvdpXwscZVanFmDLB7svT2STkUj2SuXSMR6C29g,buy,2.001,58113.556175954,58113.556175954,balance_delta
5i6s2CD7KkrCVb64L7p2DfD1FKGBAhCarSmTDvnRFxXajJcszABvQLZmNRzc7oNgVPo7iMHoLZuitMftdKvguc4x,1787148933,Ahekwy9V7q2tmqJdTX92TAtEHM4pafQbsfc5oLakbZs1,buy,0.35737128300000004,9043.829694631,9043.829694631,balance_delta
2MZUYmTtebjDn1qD5yVnco8QcufjoCYmL8K4avctZg63EmMk1maAp7sZiNKZfCqu4BbsL5EBvnivPe1taJDgz7Go,1787148933,C7PNbARVAHeskaefdcu7fy21dCN3qNANKuT6Cka2av4L,buy,0.24505112099999998,6178.109138912,6178.109138912,balance_delta
Ttf6qJ5wW8X5XPMCcmGaAuLGninhn9pKqx91taJH5moGeDGo35FamXvqsGuTTSMFyXSqiLkbm7cguTasJv1cQgc,1787148933,JAGPLMkgPWRxFJekMU8DRHRurw968GGYHRMEKUWheYcD,buy,0.406695436,10306.564372951,10306.564372951,balance_delta
3kgAQDKarUE53FiQBmfKcnu4Ynii2K7E2CwdKWuCzgak4iD41fD33rh9c6NGoUzbCrgnEZ4gNNKWWB7xzuo4UeKS,1787148934,Ahekwy9V7q2tmqJdTX92TAtEHM4pafQbsfc5oLakbZs1,buy,0.28694434100000005,7294.208134035,7294.208134035,balance_delta
WY7fAYECSbSSGmsJriS1H6X6izjuYkHuT5QqapCLJiEHhnai7EE7gt2JYo942X6YKdm3osUq5aQfHkeNbhWwmW2,1787148934,C7PNbARVAHeskaefdcu7fy21dCN3qNANKuT6Cka2av4L,buy,0.417023024,10614.624159358998,10614.624159358998,balance_delta
4Co4i7Zm8DUfx6RMsTAgE5M64AsSyCCMytk6gk71U7YEbanScAW74uHxABW5K3D1nAHDCwgcBXMVLaxr1Yzupk9p,1787148934,JAGPLMkgPWRxFJekMU8DRHRurw968GGYHRMEKUWheYcD,buy,0.29903263500000005,7601.251711002,7601.251711002,balance_delta
vj9P6idqA82EDpENgvhAQ1FG2boEtknn8ueXZge1fDVrzN5iqKRrwizansoS7EA69jF3tscwgcgxquTVf6nxiFF,1787148935,2DCW6PvdpXwscZVanFmDLB7svT2STkUj2SuXSMR6C29g,sell,1.3522644069999998,36075.021200505,36075.021200505,balance_delta
V1NJzWhceRUoau7Fwi3pJpafxum3Qz3gc3LdCYByzdE4BiuwUt729WQREtY3eEy7o1823UoHDCVc8QS3tEhUrRM,1787148942,2DCW6PvdpXwscZVanFmDLB7svT2STkUj2SuXSMR6C29g,sell,0.665242167,18037.510600251997,18037.510600251997,balance_delta
3unhXiMs5zjL8g477D6XMeB9p3gro2tPiczaasSigkkXpGUMwx9pdJTZnUyXB69eweWfdv5Xd1PQSLYMVpaCvck5,1787148987,2z2q5gk8TDgqCidzkXkyevXH1aDaVjWL8cQwoRbMF1Jq,sell,0.508512035,14417.0346279,14417.0346279,balance_delta
5xqDFHCgoKkaYUJRq2EV5qU6u3X1j2MxkXewUpRsYpW8HDi1ejQXmGUJQnw1c1vocQDA9XU3PKJJb9XizFwVakwV,1787148987,2z2q5gk8TDgqCidzkXkyevXH1aDaVjWL8cQwoRbMF1Jq,sell,0.006101588999999999,173.016711253,173.016711253,balance_delta
3CjKTsFY9Wr2FBN5HKv4MH9kV6JUdMVfvYrMnCMGYkP5CDxQGevVgCc7B2k7EExUwZKDukiUQSyREACv3nEvGQN8,1787148994,2z2q5gk8TDgqCidzkXkyevXH1aDaVjWL8cQwoRbMF1Jq,buy,0.008039280000000001,169.651754232,169.651754232,balance_delta
42E66YEkQaBzD8BoBPFdmpwkJPrLRy2Kww6BEhWtMtHj7LH1GhAaR18LXLnzRQyED8badw5yFq5NEpBJSq9vNNNx,1787149055,2z2q5gk8TDgqCidzkXkyevXH1aDaVjWL8cQwoRbMF1Jq,sell,0.005842451,169.651754232,169.651754232,balance_delta
3bhFqkoPqce8sg6LyXqFcxV8P7FMhBtJXMVojXqm1WdNrVmFBdoRgjmnX3NonuSA6QfTQ9naTj5DJF99wxrEdcQP,1787149087,Ahekwy9V7q2tmqJdTX92TAtEHM4pafQbsfc5oLakbZs1,buy,0.19298501599999998,5750.252308746001,5750.252308746001,balance_delta
UHR3yid7m4cUuXtxTBYm857oDHCNPCLXmmseCJo2SPj8JUGgaSCyWtqM2d1F8ehd7VKqzbS39XH6uxAerKW4DmS,1787149087,C7PNbARVAHeskaefdcu7fy21dCN3qNANKuT6Cka2av4L,buy,0.151545195,4508.567701558,4508.567701558,balance_delta
5nw8m8mRRx2cZbE53ixd1udqJZ7GJ81tPTYDQ7KcduKEokZ1v9fEYWzz1v6NoHMezz8y8yaBfyWGgJubgADjHdod,1787149087,JAGPLMkgPWRxFJekMU8DRHRurw968GGYHRMEKUWheYcD,buy,0.158469789,4715.479981398999,4715.479981398999,balance_delta
piQdYkifB5xX8R2nCSGx199fo3DrB8jiC7a8yQXNMDsuaw7NVsYttzPhU7UtjeAMZhR1tdHfFwPxzPb6SKcRKjH,1787149157,Ahekwy9V7q2tmqJdTX92TAtEHM4pafQbsfc5oLakbZs1,buy,0.28634955500000003,9347.875014353998,9347.875014353998,balance_delta
5u9vaPJybWLkfUcp9jDTY2o9WizAWcFYM4RRES5SjzVv6qoHEqupwRFNAcCyTQorUZSzB4PtCTdFQtACzg3i9i9V,1787149157,C7PNbARVAHeskaefdcu7fy21dCN3qNANKuT6Cka2av4L,buy,0.27478429800000004,8970.691721157,8970.691721157,balance_delta
2QWoGaff7aVybZwwt2ziyr116pjquMPWz3X8m5AU3LMjQjG7Fc6ddSjL4Zgo5LTB5q4CHSnXu7mc18XHNN9NAMfi,1787149157,JAGPLMkgPWRxFJekMU8DRHRurw968GGYHRMEKUWheYcD,buy,0.44186614700000004,14448.694490987,14448.694490987,balance_delta
usXhEbefNFQzuDj8E6MN6uSJ6QxViqUS2SoYJcvhcXii8PEbzfPhA7f6LiHnnPzA8M9ZCpXxwQjvCMtPiLcyuWT,1787149160,Ahekwy9V7q2tmqJdTX92TAtEHM4pafQbsfc5oLakbZs1,buy,0.251771317,8681.779257273003,8681.779257273003,balance_delta
UgvbuhvV9APLTBmyKkwZGTcDqMXANCmphyxZMzyYyaRePoC4ta8c7XCoR2BexMU6f4d5W29AprcQrGrBGVEhQeV,1787149160,C7PNbARVAHeskaefdcu7fy21dCN3qNANKuT6Cka2av4L,buy,0.408382524,14106.918577703003,14106.918577703003,balance_delta
55fYSDHiNAsGJS1QuSYvAhYvwcjVyBY2qEhtNTiHFGZyv3NtC6Q3yvkBzsvoHNzzeySPHzk3uPnTaz9hF3pLuBLa,1787149160,JAGPLMkgPWRxFJekMU8DRHRurw968GGYHRMEKUWheYcD,buy,0.34284615900000004,11840.580950549003,11840.580950549003,balance_delta
3vhjuYbAkyQ7rcbKK9a5jg5ADHKf7woR1aLXUS4TgiAxUNwi4w4unjYgrq9JoeSW8rVxXkWv3oEQSsmwtPNcWBpd,1787149161,Ahekwy9V7q2tmqJdTX92TAtEHM4pafQbsfc5oLakbZs1,buy,0.442944891,15236.285121536996,15236.285121536996,balance_delta
4RbaQpHH9YqP5AoYKfhyeCv9CaHuaDDWRbyhA5bwZuwYLmWpxCqaC67zcSvK7dUYvddCCB1EeG9qUpwTxTZwHCRd,1787149161,C7PNbARVAHeskaefdcu7fy21dCN3qNANKuT6Cka2av4L,buy,0.25307392500000003,8688.300829663996,8688.300829663996,balance_delta
3TerrFMLVTXqbDpL5QC77DfSipK5o1cT8g6n9qUw2tGbm7YDkWDqFAnFtmfXa2PWfgH56S2UKzKCgR6dexSqcD9p,1787149161,JAGPLMkgPWRxFJekMU8DRHRurw968GGYHRMEKUWheYcD,buy,0.306981184,10544.306626546,10544.306626546,balance_delta
bYM2zhJ4pTRZVBZHCswG6pR79MqeTT7jawBJKJgeviAVd6tVMihPvzrWUHZZJvRZGbUgqJCfQCqKYyshrMnRyfw,1787149478,Ahekwy9V7q2tmqJdTX92TAtEHM4pafQbsfc5oLakbZs1,sell,1.543831577,55354.229530576,55354.229530576,balance_delta
2Lhv7aB48nUpRfQaz9Eqk76wB7DiTL1v7Wm7mHCBdYb4ZiJD6ZPsV3oDFdZbtuStgtZ4uckCpAkKWR28omyibgCr,1787149478,C7PNbARVAHeskaefdcu7fy21dCN3qNANKuT6Cka2av4L,sell,1.478371957,53067.212128353,53067.212128353,balance_delta
2QwbQNLqvX2o9vWu3ybVajffkbPPzS4eFmvRmKoYTjR6b4v5UEiVcZwL6PyJsVJRpAciFTTRArsCaYLHw6yEaUqV,1787149478,JAGPLMkgPWRxFJekMU8DRHRurw968GGYHRMEKUWheYcD,sell,1.660294803,59456.878133434,59456.878133434,balance_delta
4jvAEKp6AgGfFSG3qtxeWxGCTL8armJGUhSfzidwuE9zCLVNTmBRJKToPz6ceiFs2G4NouYSwaMcmgxf99tU37wD,1787157044,2DCW6PvdpXwscZVanFmDLB7svT2STkUj2SuXSMR6C29g,buy,2.001,80395.41290624,80395.41290624,balance_delta
584aV22m6aDfJpV5YEjuB2vJjD6gE1jG5kmbHfFamj1tJUb17y93x6f7jyiBiBG4zsvnBuGcvzqg87mKXVLNXbiG,1787157044,2T7W5XtariS53AbHY42u8CZzAyrzvNzGpeWcHsARNGkx,buy,5.006365068,205854.769059244,205854.769059244,balance_delta
5KJcCDXqARvY216t4vdbqxMj87YZXpQ5vYsN2PrjiegxJzHMr7QWPSHH4NQSb7YDXyVbWCpMZruif19apwWrBDon,1787157044,3XQyz76yGTfdVezAEX32drhFBK6Zdqu5vP1C1ocPXVt2,buy,4.587466211,189307.071202719,189307.071202719,balance_delta
PQ7UFgnQac8d4rqrPYj6Gu7up5hxemiPPRwVRjtbWVVE9WCUo9FTK6QTwvgNcAHyS6vEdtEWtRTaUopdwmA6RiC,1787157044,FDQKtMRyjWHPxyvtuWzqypyn3JXmCtv3CH9tKQpLbtPD,buy,4.979065705999999,203056.138178937,203056.138178937,balance_delta
qWyt8fnnATw32rgW87ko5C3Tgp679Gwq3k8KynrrFe18oDQS7M3nKXyGp6iU5uftTmXRZ1bNajdWKe4HzUTcuRD,1787157044,FMrLCzfeRZLiawdoj7PRiAyo3kwbYWJ7XWQXgxmeHr8w,buy,5.4358724789999995,222563.020193349,222563.020193349,balance_delta
4YBzQ3pJB2s6DGqZfpPLbwYNSzLBiYj84maVrgbeyCi9sqe2MyN1TPH4GfAGsGnQD57ZPUvVMChjWoubyCPcEuqT,1787157044,GXUgrpvBnCDrEGQVpV5NWrrCAigURaWSwmhQ3aZtyJK4,buy,0.10110000000000001,4059.365065585,4059.365065585,balance_delta
66TZL5vZs85VfU35677bowXmUwvTTiaGwrwKEQM93eHWQQVQMMHvNLzg6o9aA7SiBAgQ4C6UqD2GBeQAZyrVYh1s,1787157048,2T7W5XtariS53AbHY42u8CZzAyrzvNzGpeWcHsARNGkx,sell,5.311160185,205854.769059244,205854.769059244,balance_delta
2FGy2iGLUngdjC1m8C6pu5rcDogsmvVa8tbYvS9kXYTJszWZNu3bjjJ6qXSx6knp5LDCfDwkvEXbEt4Vr76HZSF,1787157048,3XQyz76yGTfdVezAEX32drhFBK6Zdqu5vP1C1ocPXVt2,sell,4.826922832,189307.071202719,189307.071202719,balance_delta
3DfcDQQYhSKmKtKvPfvFnyQfQb2GkydNK2zSzsKvRRLhzLkcgHTLYHxAQvehuDxRkqJQXa4AXruC7WjWu3MW9V19,1787157048,FDQKtMRyjWHPxyvtuWzqypyn3JXmCtv3CH9tKQpLbtPD,sell,5.218671072,203056.138178937,203056.138178937,balance_delta
2beTbSfncNXVuPD1nx4E3fgmQ5m35pWr8gh5XfrD9E6RzjbejSCgBL4cztG6iFapJDbK2wSBwcHjXMCMMBBnbjdY,1787157048,FMrLCzfeRZLiawdoj7PRiAyo3kwbYWJ7XWQXgxmeHr8w,sell,5.697010875,222563.020193349,222563.020193349,balance_delta
FqntAhix4UB5Wisq3956heBoQZiEAoejkS8h77oMwhyjnWadLKJTF24citQFZCaLZF4azrRWMHJvaSCUh7q79Cs,1787157048,GXUgrpvBnCDrEGQVpV5NWrrCAigURaWSwmhQ3aZtyJK4,sell,0.098989887,4059.365065585,4059.365065585,balance_delta
4Wd4h4TZGc4itZkDUkHq1xLawzM7d2wJBT8t3LCzdqm768gPLx4EA8Jzf731UPBoGEMfqTe46QDosnvAoWLgzF84,1787157049,2DCW6PvdpXwscZVanFmDLB7svT2STkUj2SuXSMR6C29g,sell,2.2352020510000004,98432.923506493,98432.923506493,balance_delta
4XRCtHRdmpL5UCYahZnEGBACdPD5x3DteCY8JaXPrnuZ25Hj8WxkhVofPf7KfsR58Zbdse4KmMVFpxXXXKZKD8Vp,1787157051,2DCW6PvdpXwscZVanFmDLB7svT2STkUj2SuXSMR6C29g,buy,2.001,88997.602726305,88997.602726305,balance_delta
SYQpgDxtn9B13jubQLcZYGhfCN7qxVhEgxJijb47yrvp1jp2puKoSMLVVGd137fQzaDvkzYpcNR2SDHzBahM6Jv,1787157061,1jr7nW5HbUqTQgyNQjDy6Yawpswbn4jp1fYtCxHckUW,buy,1.320684191,54772.052712219,54772.052712219,balance_delta
2sdFhbcATxxJY96zsptfNY4hgjfutorynv7XKnB9DGg2Bz4HKiCNdx74MZbqpEu5UN1aUs1Kvk9mdsT3Vby5XgYU,1787157061,1jr7nW5HbUqTQgyNQjDy6Yawpswbn4jp1fYtCxHckUW,buy,1.359580856,55700.556764342,55700.556764342,balance_delta
2eCwKB51Zqhm9an699SksvqVqE3z6s1ffbSdfg5ToSf76VL9iCWyugewqpi6Q3oTWmgqirQv4NoDTiQYxMuvuZPa,1787157061,1jr7nW5HbUqTQgyNQjDy6Yawpswbn4jp1fYtCxHckUW,buy,1.36133613,54957.388875660006,54957.388875660006,balance_delta
43FMDTi89q3wdZPMb66nC37f64UUz4yLVgBP9K4zVRFpmLpw5bd3EFNxkmaU8rrdY4BBxLGVwfWyh5xrJbMkpGe9,1787157061,8SMeWRvmJDHzXWDWerhvZyjSnUtEuBaAaKozoGTFSUxX,buy,1.212742427,50223.497438539,50223.497438539,balance_delta
3sq429B1ZrRdD4GAu8ghrnmZo5yRPDQuRQwa4cMeLbjtgAwBqxMgqLLmE8YcXvbsG4njgJ2AdibHaoz5gL1JypwW,1787157061,8SMeWRvmJDHzXWDWerhvZyjSnUtEuBaAaKozoGTFSUxX,buy,1.3146737880000001,53754.014105512,53754.014105512,balance_delta
2UXhAPBhQURn6xLptUBRyrNw1AeMZ4LQQSmYTQ7WERHkMHPT3LenG2nqVVnDmyGKvmfNYaB7cSQyR2yzXAhf1WZP,1787157061,8SMeWRvmJDHzXWDWerhvZyjSnUtEuBaAaKozoGTFSUxX,buy,1.171117393,47335.155711375,47335.155711375,balance_delta
2dwgA1Pkd8cXTYTKnGrpz7AHYbQJJefUqRAv7PJc7VmBj3RnJBbC9Ad47mrAxRbexHcCDiebfqcY6jwtrPL8AXAD,1787157061,CmYzjUFEeJJHKcziZA29GpNKNZfJQjvyTgmttNaMkTXw,buy,1.2327051709999999,51201.319875605,51201.319875605,balance_delta
3X7Nte2FH7LT1C5bqpTTRsq3tUvWzycDfRw7DgpZzKNgdKVFqh75ipc4KWUrkvjVVzGS4xxRLY2KY5CT5vTQ6iVu,1787157061,CmYzjUFEeJJHKcziZA29GpNKNZfJQjvyTgmttNaMkTXw,buy,1.148381467,46971.718226389,46971.718226389,balance_delta
5yrYW5nhX2D9SaGAQZ5JykLLpJ38oNRX48iJgPpefTpmqrUAcFnxyqRgZToS372AokP7TWHCUrshhLt1qfNfKieP,1787157061,CmYzjUFEeJJHKcziZA29GpNKNZfJQjvyTgmttNaMkTXw,buy,1.3189477280000002,53186.892183810996,53186.892183810996,balance_delta
2gdSw8uSTbf6N7DEPrSzG1du32gQvWaJpi4a9PdHFmLbisffxz6C1vyLD4MeA5rh2oyJBbsYQqTJutpGeLoJFz4P,1787157061,JCrhqruFBagARts9dNSQm8Vqc5QKL3MckAT36LjgV4nV,buy,1.2621813309999999,52383.54725752,52383.54725752,balance_delta
4YLaUzG1CuKPgdws3TAM2uRshVzX1Bb9rKmnJRyCeN4F1giDkUXgQJ667cyC2gzu13w1PPe7CA7KNYjSNnRabAWQ,1787157061,JCrhqruFBagARts9dNSQm8Vqc5QKL3MckAT36LjgV4nV,buy,1.197519889,48899.547486853,48899.547486853,balance_delta
2pizsxQymjWwpRW2ERH89dnQF3YGyLy5tXteStcAjSJ1WCLjSqAnn8mXfUxYxu1XoDEBeGiitdkCxZ4Woj2SPj9r,1787157061,JCrhqruFBagARts9dNSQm8Vqc5QKL3MckAT36LjgV4nV,buy,1.168754749,47198.24491863701,47198.24491863701,balance_delta
5YgKL8Z79w1LPaDHBMJWhfq3vcWUuGVFS3jUBmKXqD1vrKbX9VLrBfwbGsF3AChoLocf5gLhoBBZ5qgYCqXmGwmR,1787157075,1jr7nW5HbUqTQgyNQjDy6Yawpswbn4jp1fYtCxHckUW,sell,3.797311429,165429.998352221,165429.998352221,balance_delta
3CEZA4rUMSpVfySTAurEhet8SgHMtuFgPHddqJe6oiznfmiMcPYoAZcwquiHcKzxqNHheRt8QZ65RiotWsyBTems,1787157075,8SMeWRvmJDHzXWDWerhvZyjSnUtEuBaAaKozoGTFSUxX,sell,3.4539730619999998,151312.667255426,151312.667255426,balance_delta
4u68ZNiP5E4ikcAbPZxXQNFi5J17j5c531yy9KVt9x4CeYWk9UCsLnCXVXBznozczzeMyEERDy9Voeij5i4MDwhY,1787157075,CmYzjUFEeJJHKcziZA29GpNKNZfJQjvyTgmttNaMkTXw,sell,3.4457222229999998,151359.930285805,151359.930285805,balance_delta
593Jz6e6uzxM8w1VDMhPtqkcGKmMEycgEpLag2UPQqJtgWCeVnYUrNH4qCaT7cM1aVxS9fnDQ2FcMiuDHuy1gsuS,1787157075,JCrhqruFBagARts9dNSQm8Vqc5QKL3MckAT36LjgV4nV,sell,3.398389647,148481.33966301,148481.33966301,balance_delta
5jY2WCFyoMKuieJxPLj98PdkVk52vVJdQVYws4dXAEpAMpntjZKHh9aNMEqTmL6BhSpn8Wkg5Dvhu3mpYvu4HeDf,1787157116,Ahekwy9V7q2tmqJdTX92TAtEHM4pafQbsfc5oLakbZs1,buy,0.37253212700000005,16126.678289293,16126.678289293,balance_delta
2Zqx1WiNpr4bGQMt2L5kVLkZgyNVu8usLpUT4fdrz4DNFHGKvmmy3ShYAGiG5YLUbwR2oPwBR8Vh3iUwBFBPcitU,1787157116,C7PNbARVAHeskaefdcu7fy21dCN3qNANKuT6Cka2av4L,buy,0.217106467,9340.94920296,9340.94920296,balance_delta
8DFN9Dqsx4Um5wXvrif4bf7wTfkBnTL5BNCeiA5VnZxQ5byQwCjnHMx5fnk78MVTKvCFhcxX69N8eEeZyziT65d,1787157116,JAGPLMkgPWRxFJekMU8DRHRurw968GGYHRMEKUWheYcD,buy,0.41947924600000003,18167.180498817,18167.180498817,balance_delta
4Cc7UR2sPic87tvRUivn6S2ueUri1m8aH7ySrg2uNSQodYvwTPP3rfNahNWFGWFZif72hVk8EqrSGQRq2gUvbCpH,1787157124,2DCW6PvdpXwscZVanFmDLB7svT2STkUj2SuXSMR6C29g,buy,1.0010000000000001,45260.15626953701,45260.15626953701,balance_delta
4YfbNf47BZEM4aox5CDcia55hHwTZ73FQifbV82RLa8uutNjbp5RL8b6zbHFynNBxsXgdrQt2ZVpxRZ4xs6pr9Ps,1787157301,2DCW6PvdpXwscZVanFmDLB7svT2STkUj2SuXSMR6C29g,sell,1.566034692,67128.879497921,67128.879497921,balance_delta
wUZzohJAAyu3CSC9QqYwaGaBEfVF4GsAMVhDWKJJ1cozm2f7QWMEotPj6GLsQVwHMCsfyweUU2wsbLS4rBFC1eD,1787157310,2DCW6PvdpXwscZVanFmDLB7svT2STkUj2SuXSMR6C29g,sell,0.7995564390000001,33564.43974896001,33564.43974896001,balance_delta
2bdgtZqcSCshfYyA7WpPJhFnfyXSgqRY3YoKkR938NhU4vm5aiiVi5VR3YSLz3tTGfmQVinjxFiALqNgM97PEHH7,1787157318,2DCW6PvdpXwscZVanFmDLB7svT2STkUj2SuXSMR6C29g,sell,0.7998184660000001,33564.439748961,33564.439748961,balance_delta
d2DKha9J5mdCy2FEXKAUe1Xrd9bgoVnq13KFSAmuGREcw4yYZjpRgsPcZGJ2aMWMApQLXVHqLsR7sJXkk3264dP,1787157748,6DqwStHBhuxWGutooviZUgVDhT3F4Dy5pAiP2YErRCEe,sell,19.553590744,822539.9022418782,822539.9022418782,balance_delta
U2Cc7DocbzVfB4Jap6KrkNXcGKQ5hCTAKQ5ESpW3oDUauEnxq6rEZCP1r4cQrotHk6ZzbL9UK8sjetJHsKwRuXK,1787159919,tronFPfm42zg7TowSTvPw3ya2tU2oYqvwKJ7i2xgBGB,buy,6.00203928,241108.093983609,241108.093983609,balance_delta
4EfC8CsEuu4YuCPZU1pEZvyeC9agSuqu9EPXs7y4BbK2NAxKaECLkxGh8ww9mgCjgVrZarAPanjGmp9cf2SBwGP2,1787159919,tronFPfm42zg7TowSTvPw3ya2tU2oYqvwKJ7i2xgBGB,buy,6.0,240034.416985802,240034.416985802,balance_delta
4Mou5soxCD5mWPRneachvJpFQhyEZYTkAoSqJsXgc6uc5nwBxLDe5EXrmNwtShgAhqBz78CrJp4bRPBfCJY3dUBH,1787160291,tronFPfm42zg7TowSTvPw3ya2tU2oYqvwKJ7i2xgBGB,sell,6.425929408999999,241108.093983609,241108.093983609,balance_delta
jHJxZNZ1EqqjY6vQqq2VpdAiYxSYtEwegFPQPxcWQbNbqd9Rc1eVDJbo2VMdNSWk1ZwbeQ1fdifaPaRhKCbJN4x,1787160306,tronFPfm42zg7TowSTvPw3ya2tU2oYqvwKJ7i2xgBGB,sell,6.405942373,240034.416985802,240034.416985802,balance_delta
3fN6qc9VTjvUoR1EqTWDBnjNf3voZtZEYPTzJjQH11rKyACHjGd4eDUnrGDXMRAcogcCjBbYWPFAXYEq7cmYXuNP,1787160559,2z2q5gk8TDgqCidzkXkyevXH1aDaVjWL8cQwoRbMF1Jq,buy,0.00803928,261.080869054,261.080869054,balance_delta
3KrTYqevH3Nyx6EStZXMzr6M2khwX6y3ZZwRbPSNNC51K1HsXmpJ2hALaNyiHDLg8WWBxxNYd6wepN7Toa3ScpuS,1787160619,2z2q5gk8TDgqCidzkXkyevXH1aDaVjWL8cQwoRbMF1Jq,sell,0.005995314,261.080869054,261.080869054,balance_delta
Zvv2rf7rbrjhwhxrLe1RFghXaqdrfJ1ic2MovmPGvmafHybgZyfBudewuKVFzudtMAXF3r7gdfAYRUhzm7ns9zY,1787164238,2z2q5gk8TDgqCidzkXkyevXH1aDaVjWL8cQwoRbMF1Jq,buy,0.00803928,276.966240746,276.966240746,balance_delta
3hUgjrrzwjARGZ2NPmftJJWA1mhKcoVVXmPoo2TnN4MTJMhXqGDwnr9jkQ3pGpD2YhpiTGWCv4TbbJPEfqcBVLa9,1787164239,2z2q5gk8TDgqCidzkXkyevXH1aDaVjWL8cQwoRbMF1Jq,buy,0.5,22403.38237164,22403.38237164,balance_delta
977oUiiSgTbkMZDkaux8XBe3QPmSRkyphVXSJEURQtrBaQmrhGjCdCJeKVV3ACRzM2Dj5rQXg8YSv5U5XsE4sc3,1787164241,BfCP1ncxu7ZWp4B6TvQEcXGVSCiM2LhAzyYjG7zWyKdY,buy,4.629025353,189498.434494361,189498.434494361,balance_delta
5fYYW71hMESRW6rLJpyYetCBAFvk1QL3xYgfLbeEyLBWTpwWvY3kiRJprfHNbiR5JM1ySH4X89yn8wEEWtrhAatM,1787164241,HrtVLLCBM4LXfRGLGcXBYvkkJ9xnbiJ3ob1MxKdmNs7o,buy,5.381608259,221168.053918346,221168.053918346,balance_delta
3o4z7LCYE3JSfbiGPqPTVFSFZ53ZcsjbaMFfkRyXjxa1ytpWx79FHV2G27TfXkjGM1Fngw3P4zrRkYCcrPhqBnr6,1787164242,CbpnbXAD9PUAwVcYjHY96qooq6eNnoLiZzif766gqLPH,buy,5.003300007,199090.612495265,199090.612495265,balance_delta
4aGBfqMi7RUpBzHDNnTLGTCDh4NqBS2PugahqZ8fBpnaDHwmBTPxpqHKB58Qg6LaRzXWysiqcEACgeRkfjuwRNJK,1787164242,CbpnbXAD9PUAwVcYjHY96qooq6eNnoLiZzif766gqLPH,buy,5.003300007,198360.88885510902,198360.88885510902,balance_delta
61hTssjN9jXFc5n4ouDPhdJ9NrW1SdtUp5sh6shhyWofT6p1TVZp9KNKa9C3sofquZ6NQHQAdN4CMZugj3Kgmw2f,1787164242,CbpnbXAD9PUAwVcYjHY96qooq6eNnoLiZzif766gqLPH,buy,5.003257642,196507.11964203493,196507.11964203493,balance_delta
55rksMAexUSkaCU7vP3tzZbhJTFh82hFyqeh7nPxq5wPQ99xjvKeEsARqqW1KC8iQY1jXGQ9oRdJzYE9AfoPC16D,1787164242,CbpnbXAD9PUAwVcYjHY96qooq6eNnoLiZzif766gqLPH,buy,5.003257642,194732.19402351906,194732.19402351906,balance_delta
CHL3AYprmbu4bFQfwzbJTVptJk4TW4VKCFb7jxZiuFJEa14cvw9Wts6e2GQ2zpsEFTqtTVKNgx8bCs9i18eK5oL,1787164243,CbpnbXAD9PUAwVcYjHY96qooq6eNnoLiZzif766gqLPH,buy,5.003241302,192893.74435383303,192893.74435383303,balance_delta
jMYiBEQovaf2v2WZFeXeBNeGrfWCFoV1NMsnVZhUBTG1Q8c3UherjvE1QYVx7SAqGJReef1rspYCKUyiWhgrmqZ,1787164256,BfCP1ncxu7ZWp4B6TvQEcXGVSCiM2LhAzyYjG7zWyKdY,sell,2.365772323,94749.21724717999,94749.21724717999,balance_delta
2qnRk7foKWSzfdMWJy2gdfiVGb7RP5xianivdEPfB4ktmgwijCK3Awm3NxkMpDbihKr95ZUxrrA1FdxPZY4yZft5,1787164256,HrtVLLCBM4LXfRGLGcXBYvkkJ9xnbiJ3ob1MxKdmNs7o,sell,2.7664713709999997,110584.026959173,110584.026959173,balance_delta
2a5QbGZhFuzrPQ5bEdP1ywwyb2nZfmJCcWV61Bawa1N1MxXUU5zGqmXK55A4jQH2byyE3zr9yqqqu8fb2quE9UAi,1787164258,2z2q5gk8TDgqCidzkXkyevXH1aDaVjWL8cQwoRbMF1Jq,sell,0.575251601,22403.38237164,22403.38237164,balance_delta
5ufhYkYkW2dwD35K79LnBfeH2E3SVwW3zQnphJ1TL5GvqT3GF8ZSTeHSv5fYkQMhTHEpkoL1MqKxyJU5eh7Xf29A,1787164267,2z2q5gk8TDgqCidzkXkyevXH1aDaVjWL8cQwoRbMF1Jq,sell,0.006577691,276.966240746,276.966240746,balance_delta
uL7g5wqxFPqJMy8AejSpZZTVhg72UffobcpuW7RLgoyKAVGptZfCUUa6mdHqjxRzb6dfnDFo9tTtGaR1Jq2trDc,1787164280,BfCP1ncxu7ZWp4B6TvQEcXGVSCiM2LhAzyYjG7zWyKdY,sell,2.35750543,94749.217247181,94749.217247181,balance_delta
2jMn73AxGM33GWP7MMqBP1A6mGpfgKruoPqNLVBQiyGX9tuiL3Gt2J3bTPP3LzP3T3u4kZAXmJuFuukQXCkSH2KX,1787164280,HrtVLLCBM4LXfRGLGcXBYvkkJ9xnbiJ3ob1MxKdmNs7o,sell,2.746288075,110584.026959173,110584.026959173,balance_delta
L55cMRFHKg3CmyVJysvvzf1KHiExLJgPqnzuNqMPHKto8CBaNAVVZg9m4AYBzkoTCbUZNNhLEoHtnndpDcPbHD5,1787164403,CbpnbXAD9PUAwVcYjHY96qooq6eNnoLiZzif766gqLPH,sell,12.130409552,490792.27968488005,490792.27968488005,balance_delta
3CRz2PuJhzmS9tjDqUzXAsZxtPxzqJ72wyaCa4AdnMY9a4Ppsoxgq4jJNWp14Na3AmPa2R7jCa1hhWAtp7oW1YTv,1787164431,CbpnbXAD9PUAwVcYjHY96qooq6eNnoLiZzif766gqLPH,sell,11.705250717,490792.279684881,490792.279684881,balance_delta
2sM5utqBBUHfzVcy9YJbouKy9LzvKVexKyA16FYHDr8akeomsFUu1Jiv1nnYyJUR5B3QHSZNxLEK461mqTXQ27BM,1787167937,4iDyxGxPRC66QBNwYqMn74VtVm5Moy1ns4w3bAqYGvRG,buy,1.0002,57946.42988243999,57946.42988243999,balance_delta
2E5Bw9YBqtxSXwNStV5oYs1GViscodauTGGxWg7fjugd9N9Y28kxWHPMpBtuBntZ5kXrJCu9QHrgsxe5GJ5iHN8m,1787167944,93u5BsWsPxuLRzcDqwecZV9TiXEV7qNavef6fscPnSb5,buy,0.9773268279999999,53518.906066099,53518.906066099,balance_delta
3YTDzz5uTAvMQCj7gzKCFAAaZC9S66UXkLTDCKA2VuZNaNyynYjMiXY7Vq2JbhYhdqpAvPmetFb1qGrrea1RyLQm,1787167944,GEPiePuVYQcbShk7ACa2YASeLuRHqvcSZpS89keWZecG,buy,1.026951732,56193.84088347,56193.84088347,balance_delta
3w9qQMohdfgczUSG7Be2jHSHwpjSMKEy5RHG2ax8CDeNLePBRfKKAAxHs5GoKw14wb7SV1zxTTrB4ZLpwbdfUt27,1787167947,93u5BsWsPxuLRzcDqwecZV9TiXEV7qNavef6fscPnSb5,buy,0.053679085,2907.695373342998,2907.695373342998,balance_delta
5CYafbr25tmFKdqBwce8huFJu2qYgTTJr2m7eycVobP4tBQfvPi8tupwep5iDmZ6mQLme6Hzg52T6FCig28K3Maf,1787167947,93u5BsWsPxuLRzcDqwecZV9TiXEV7qNavef6fscPnSb5,buy,0.048384888,2620.0481688869986,2620.0481688869986,balance_delta
2wgTPWsGVgDBb9bPJz3mmbRyTyRsbSnXqhtwzjjSidpykvrDLP8d52eQqyMwBpxT3zaqsxmP83ApCbXTCUXs7zXe,1787167947,GEPiePuVYQcbShk7ACa2YASeLuRHqvcSZpS89keWZecG,buy,0.046520914999999996,2519.118916296,2519.118916296,balance_delta
4nPnWrb2Lz8QmdLUmLZc2ewcCeiz8K4FscRRgQpTu6SREh4AiZHiKDVeYDfTKjFRRp9HU2VCpJgParpAzypGusTm,1787167947,GEPiePuVYQcbShk7ACa2YASeLuRHqvcSZpS89keWZecG,buy,0.051815111999999997,2806.300376922998,2806.300376922998,balance_delta
5iV1MEuw2dUa82SZ2u6m6YtNVqEjpNFbhHAjouMgMuyx7JSDFLKx9sAbC8PFAtNGHaoeoFT2z37xjBLYPvTHs1jy,1787167954,93u5BsWsPxuLRzcDqwecZV9TiXEV7qNavef6fscPnSb5,sell,1.057857234,59046.649608329,59046.649608329,balance_delta
JpqrePC1twytzDzTXgTyWifY4DeGeQ2WMsmRBzCoexQWY4v6379pxYU12umKjx2G9U5rjLmEiG7ikAg7WfsaZFS,1787167954,GEPiePuVYQcbShk7ACa2YASeLuRHqvcSZpS89keWZecG,sell,1.103207273,61519.260176689,61519.260176689,balance_delta
71u6x7iFE8U3eeXAcxznhUQ7fFYSRJ4Cje2W7fCChg4kM7KqL6YmUqL759ygYdXxUKnUzh91eaFCo68riCfh758,1787167964,4iDyxGxPRC66QBNwYqMn74VtVm5Moy1ns4w3bAqYGvRG,buy,0.5002,28429.41684158001,28429.41684158001,balance_delta
3Y9snymvzEuVWoeaHfJbENd6HkF7Kffu3sshoR2cV8EK1ypKQm4j5MaSnWDSFRp5uchYQ9kLRSaKTM3kzQNqsXMP,1787167968,4iDyxGxPRC66QBNwYqMn74VtVm5Moy1ns4w3bAqYGvRG,buy,0.5002,28912.54465830399,28912.54465830399,balance_delta
3U4Xcf8T29DTS6uyFrUkFoyTHkQFNoBhiNmaLjtG1w92o5UdyhCUqPSZCFz9LkFeCDf2hjEpbwtPJEU5BRnV8tyt,1787168006,4iDyxGxPRC66QBNwYqMn74VtVm5Moy1ns4w3bAqYGvRG,buy,0.2502,15760.995073127036,15760.995073127036,balance_delta
2zPDcUz4qifDykivyLJaf8jiBvWA9qKoSJ6ciPC6FrGphe7kiNFokZK9AYzvoXMcCnRTtGtNpn2efd6fjGfqiMwG,1787168153,797CrVjYgQRU7V6CVhhz8hSNDTx5wF53apb6mf9wqPfZ,buy,10.011999999999999,621930.1748178029,621930.1748178029,balance_delta
64VTAsZvVZAWXhQyNUJXF6qysm2rsJJZHwJED5kB81qaZVUdJjXDLthJyAP5MJmLTzKzRyYZzRD9xh5WWjsLSYFj,1787168155,797CrVjYgQRU7V6CVhhz8hSNDTx5wF53apb6mf9wqPfZ,buy,10.011999999999999,609615.4589658761,609615.4589658761,balance_delta
54TwJY488hcaw561x91aDGKVX29oTkJyfYSb6H6xgtgsWFw9V3B6vrLsZR9JZkUenRHswpehnC5UgseVCEfouT4t,1787168159,797CrVjYgQRU7V6CVhhz8hSNDTx5wF53apb6mf9wqPfZ,buy,10.011999999999999,659648.396049202,659648.396049202,balance_delta
RiRHB5XY8JD9q97w4tWtVNSj3zn82wm7Nor7RM91hWg1FrH6tcUPgUQJbnFZGp9ZJXpumUvqGc5nqh7GDjYX18S,1787168161,797CrVjYgQRU7V6CVhhz8hSNDTx5wF53apb6mf9wqPfZ,buy,10.011999999999999,653500.6508956528,653500.6508956528,balance_delta
HoD9bg8wkzP3jDRaor3EJScbgPnqQr4zBCWzFvS8AL3CxzdL5YAVJPX96XLF3otPrs3UHMK2nH1oW2A4daMJxnN,1787168169,4iDyxGxPRC66QBNwYqMn74VtVm5Moy1ns4w3bAqYGvRG,buy,1.0002,64178.760714796954,64178.760714796954,balance_delta
4QhFdvkYTXCuUV4XuHYY9V4tHJGPiWjjJf5MCQqh9SmJnqdkJam6aCArmT7ASdvvoXKGv9UijDfXh68kuWJUGH9K,1787168184,4iDyxGxPRC66QBNwYqMn74VtVm5Moy1ns4w3bAqYGvRG,buy,0.5002,33122.00716440502,33122.00716440502,balance_delta
agkyEf5GmUVjJSFUdHmXQgqDx9pSWy4hkjWsWKMzxuYtdWSdcVDSpCFvKE5Q1Za5Vgh9PTUAPgACaBtwZ9f4FYy,1787168190,797CrVjYgQRU7V6CVhhz8hSNDTx5wF53apb6mf9wqPfZ,buy,10.011999999999999,665380.2232595645,665380.2232595645,balance_delta
fq56HnoX2t1cwbZzVSZ6a3nQRurCM4WtxnVuDgT5Ry2HxcKe1z8oJxeQRGhdgSS1jaxtLpYEwAuVpjXgMSPLHs1,1787168194,4iDyxGxPRC66QBNwYqMn74VtVm5Moy1ns4w3bAqYGvRG,buy,0.5002,33003.57251780201,33003.57251780201,balance_delta
eawVWo5S5eYAVrgdq8BmqxTSveqA1mpKzoFPR4pP7b24wwUzMn1AEyVAy2DFjAq7Rwp8FARY3h7FpZFe9VR982K,1787169616,93u5BsWsPxuLRzcDqwecZV9TiXEV7qNavef6fscPnSb5,buy,0.777866159,32166.504728369,32166.504728369,balance_delta
3ktX3CPUXJEQ2J5husrrNYSsBXDsV82NwCrgLwq8SBrrRchHD6VS5u9bix5rLyCopc68sRk2HLiNwLe5ymKDhoQV,1787169616,93u5BsWsPxuLRzcDqwecZV9TiXEV7qNavef6fscPnSb5,buy,0.737883317,30559.228604060998,30559.228604060998,balance_delta
5jJb7sxkY31v1nAM1qWMADmhJ519Wzxvpypr5sn47QPg1LE2wgrFHqC5eM3BB9iDEAsiYmStAKAqgw3LhThbAASK,1787169616,GEPiePuVYQcbShk7ACa2YASeLuRHqvcSZpS89keWZecG,buy,0.7264124009999999,30016.049941494,30016.049941494,balance_delta
5NkJy9KUb3VVgZGEEiv7svnS9VZPrxcNd7akiLdU2eJcuJ1YMdmPKsMi9bjmRKvNcCnVKv8aBkNbCoeqc7GNpJxe,1787169616,GEPiePuVYQcbShk7ACa2YASeLuRHqvcSZpS89keWZecG,buy,0.762316683,31553.554953736,31553.554953736,balance_delta
4ss1qWChFuUV5juKbZgzBFKsDjke8BcuYB5TpKnWmX6fKE2srZAhp1RCReRgSjwsBJVrPmhZWxrzQkNFs2n2ee83,1787169617,BfCP1ncxu7ZWp4B6TvQEcXGVSCiM2LhAzyYjG7zWyKdY,buy,4.577973308,187987.524678867,187987.524678867,balance_delta
5RfDpWw1YjxvYyXsFYVfv6bgXVRkyxFHT5qSaePuxDbebyPvaTBUXFiVw6MCXDAFoRFQAPFdaa11AetmP6K3iYjU,1787169617,C4eNLxxC7XLUivghMi35YUeSfvACgnvKB18115uPUqjg,buy,0.50213928,20441.96440645,20441.96440645,balance_delta
2GQ5uG17gAj3CBgfwj3jNwoeaRiDymYLRwUStLtTcRmf3AahSF8q4AZGV6MQS9hR4rWzZART35E5o8MpqQsJFvs3,1787169617,HrtVLLCBM4LXfRGLGcXBYvkkJ9xnbiJ3ob1MxKdmNs7o,buy,5.429223126,223803.780756256,223803.780756256,balance_delta
gsKBT9cg75En3qo5uuUrU4AkZvaLZp2cdvbGhqcukuGhLT5LQaCWdadHAgDxmtrpQc9xo8EwLeofu3oPYspsCk4,1787169619,C4eNLxxC7XLUivghMi35YUeSfvACgnvKB18115uPUqjg,buy,0.5001,20361.542272239003,20361.542272239003,balance_delta
2M26WsTwwQsMuGL9xZrgQ46QFTSd9nrMJHkwjiW6r66W17CwQRzU2MNFSh3jYu2UTn7ESzobDGpC5wcoBSx6xJ1P,1787169620,4iDyxGxPRC66QBNwYqMn74VtVm5Moy1ns4w3bAqYGvRG,sell,4.762756022,197523.56582617,197523.56582617,balance_delta
2aNiSSKP8u8CiCrBMZWorZpiS3PBdFEWVf47WyPWe7soZSPVjojXNqoFA2Gy3feVe1vFQYprACi6pDQPj5NvKby,1787169620,C4eNLxxC7XLUivghMi35YUeSfvACgnvKB18115uPUqjg,sell,0.988166871,40803.506678689,40803.506678689,balance_delta
5ej5XLsK5owk56yvTc6UbRtXKsE3n1HiRGk6tSQtu6FZQpwJs2DR4CM9k1udDHtGnooRYChB6H6o7tAgahggemb5,1787169623,3KEdzpSYJ7sXfHKpVhSF2Qj6ZAjd3Q3dugFCZ4umWvkR,buy,0.7315701259999999,27231.814124601,27231.814124601,balance_delta
3364tUNXKVK9aEYFXJFBPrkmGGuumWWD3XtcGcq6ghfKpcxrEcqWoMcLnFvixpctQxqK6XiAfzNU9GmNQL1Xw6HW,1787169623,3KEdzpSYJ7sXfHKpVhSF2Qj6ZAjd3Q3dugFCZ4umWvkR,buy,0.794456565,29888.138959396005,29888.138959396005,balance_delta
48c8sdA4npoAyPy9DUddaU5i86ASWEcwpFPVFRyb6cN5rhmSN12uQ6P1JoZ6YpfSDKb7wJUKiNcozB498PpobL93,1787169623,Act5xzJ7DhXrdNKbRw1yTzQUmT4hYtAPgFKTP5WzPBva,buy,0.7745084339999999,28821.443885025,28821.443885025,balance_delta
e3s3MdBFtoY8pyR6v1SRmVTCGVdFc5DRAF4SFCx8ejtE6ieMUY52kXb7SHq3ofxbk2F2tVkUHhuFyyDN8wwdCit,1787169623,Act5xzJ7DhXrdNKbRw1yTzQUmT4hYtAPgFKTP5WzPBva,buy,0.7075434349999999,26600.034907663,26600.034907663,balance_delta
5Y4WHx2nRtjmFCzCeiRVSiV47cWc9s4nAVMtdZFs6Mwjb5HHesrSBjnPL3NsA6VPC5KoSeJaujuAKSyw8i6ggXnq,1787169623,BfCP1ncxu7ZWp4B6TvQEcXGVSCiM2LhAzyYjG7zWyKdY,sell,2.4668855799999996,93993.76233943299,93993.76233943299,balance_delta
2KGUtGZPv2u4STvUuT7LkF8quqybSsuPWtGKTx1S89YA9X1poYL9Tar4hKq7avB6EpwfowrocRFDgCYJerXpQvxP,1787169623,HrtVLLCBM4LXfRGLGcXBYvkkJ9xnbiJ3ob1MxKdmNs7o,sell,2.931183155,111901.890378128,111901.890378128,balance_delta
cmX76irfxKS6ZCzANVbj56ca6a9nVePBeVUZ9w8mRN2XXn7MXQPFXYW7TzMTVpE77zfHzZnY62pABg4f5Umfqjw,1787169626,4iDyxGxPRC66QBNwYqMn74VtVm5Moy1ns4w3bAqYGvRG,sell,0.681593828,29628.534873925004,29628.534873925004,balance_delta
5UWdL5642g4ZqZPEG7ctkz16H8cUvsQKjv5AmUuX4vVCYMyAB1MQ8bMwTzhMRng8sQPkbzk2VXrTU2kdAkfhJTrQ,1787169629,BfCP1ncxu7ZWp4B6TvQEcXGVSCiM2LhAzyYjG7zWyKdY,sell,2.292924768,93993.762339434,93993.762339434,balance_delta
4jyWcPPP68MF6P8J5ShYyZwLukFwNuR4RV4Kn4vaBHHrBgtde6hkX6zSy974WT4nKq4H4qnmp6eTybL83n1CRPUi,1787169629,HrtVLLCBM4LXfRGLGcXBYvkkJ9xnbiJ3ob1MxKdmNs7o,sell,2.7349829399999996,111901.890378128,111901.890378128,balance_delta
23emWMTDpvASkoxwiuD2SJf8UPAjmprmtApSQkkXJhp4wVG7cYoztnm6G5KWhur2fY4UqAeF58okor6qDrh8APJ2,1787169631,3KEdzpSYJ7sXfHKpVhSF2Qj6ZAjd3Q3dugFCZ4umWvkR,sell,1.517314012,57119.953083997,57119.953083997,balance_delta
2r9gcZSzXwqdZ1zuQ6cQrpHWi7P9YzVXPERPrXbShS8UsW4pxN3khjLU3u81DPkZZnMY9aVMTS1XEFpKwvb7MEdA,1787169631,Act5xzJ7DhXrdNKbRw1yTzQUmT4hYtAPgFKTP5WzPBva,sell,1.473782481,55421.478792688,55421.478792688,balance_delta
iAcKnLpejDAYArYgQoqkGZacAT3p4rDqN44Mqid7MAQFuZtR3h4wwqP2JUhYpAptUAmvXXy1rvBsoTAmCShVY7Q,1787169633,1jr7nW5HbUqTQgyNQjDy6Yawpswbn4jp1fYtCxHckUW,buy,0.17095533999999998,4988.585893725,4988.585893725,balance_delta
4vKUU11tDERguqrJdHKTMt31tf7Pt9JDbathgpMoxLFor8KkTXh6NbnFMG9n86KHhUEqqavq5Ga7fjqh5k6Fcqcd,1787169633,8SMeWRvmJDHzXWDWerhvZyjSnUtEuBaAaKozoGTFSUxX,buy,0.152214107,4231.169564287,4231.169564287,balance_delta
2nF5F55ZgBDEuGEQpimuHMwi4hFRrWKp3NVuGMvtmCy2g2DwgAQywtwkKjFxYHny23U2EfKeCeq9tyA2MXYDv162,1787169633,CmYzjUFEeJJHKcziZA29GpNKNZfJQjvyTgmttNaMkTXw,buy,0.170090642,4881.998742881,4881.998742881,balance_delta
1mSm93rVdQ6FaunLwF6Y5ApygPHKs1ATEzvHjvN6HZFwmzZ5mWLjLKGEYkqAn7fSgLA7E8jEumcGApkR7fQsLg1,1787169633,JCrhqruFBagARts9dNSQm8Vqc5QKL3MckAT36LjgV4nV,buy,0.148651912,4101.878923588,4101.878923588,balance_delta
3Rejb9D3h8MvfCv6tQjyDVzcjZFZk5vz1uaL4pobm8QhZdmuFUzfkvSugWE6GnR9pC93VyMQLCSbpZ8dDZRUNsB,1787169634,4iDyxGxPRC66QBNwYqMn74VtVm5Moy1ns4w3bAqYGvRG,sell,0.439210168,16789.503095224005,16789.503095224005,balance_delta
PR4y9xD3ZeB1UrhQzecwTG8WgahhQUXMSyd54dQ54vqPSCjAJD1Jskr1scTuAuPCSbCQ6SLq9Ed7BKjeSQaNTbw,1787169636,1jr7nW5HbUqTQgyNQjDy6Yawpswbn4jp1fYtCxHckUW,sell,0.113811989,4988.585893725,4988.585893725,balance_delta
33gL8ADWfaVsyr8UpW3xDnQqp3yui4UZiPt3X399yBxjsJexKj9PMv39xpfuEF9jEUngKFyHpGbZ9Qj8bsVceC7g,1787169636,8SMeWRvmJDHzXWDWerhvZyjSnUtEuBaAaKozoGTFSUxX,sell,0.095067939,4231.169564287,4231.169564287,balance_delta
46C8Y7e8DMJijjgzDMst46nZGi9oLD8aNXarspouyRzhJPyFNrnhTdsdcL6BTuP4Mz9grE7piC91scdUFgB5Lp1z,1787169636,CmYzjUFEeJJHKcziZA29GpNKNZfJQjvyTgmttNaMkTXw,sell,0.11116084300000001,4881.998742881,4881.998742881,balance_delta
3TSijYfHq43bgDACfeKEqcjgJSM2p53wPoShCr55gcj4FNiD6QjDFBvJBnY8kJjSWjJsqe4BSBtSrFYt5C1eaJZr,1787169636,JCrhqruFBagARts9dNSQm8Vqc5QKL3MckAT36LjgV4nV,sell,0.091857123,4101.878923588,4101.878923588,balance_delta
5iEoSveXnEUkPUkvDskvTa5XqPS9CUrLugfNYy46ycDw7rmsu3jWP6Fi7JmyAawP82skzsNywpzNYeLvUyCVrU37,1787169638,1jr7nW5HbUqTQgyNQjDy6Yawpswbn4jp1fYtCxHckUW,buy,0.149058976,4334.647651237,4334.647651237,balance_delta
U2TYn9A1kK66a2UpnDTAxdo6hsNdFrbbdUwxoqimfngrEWtL7CUoyGckyYUQDwKUtRhy179p8SvKzj9aR6rHnC2,1787169638,4iDyxGxPRC66QBNwYqMn74VtVm5Moy1ns4w3bAqYGvRG,sell,0.382840766,15110.552785701992,15110.552785701992,balance_delta
B2SfrbgAs2kZRXT386SHi1onJkjVWV42GgyZ8RpL4zTpgnc5QTuN1fkhZL55PtrGVHnydXFm2itgJPG95avb2H9,1787169638,8SMeWRvmJDHzXWDWerhvZyjSnUtEuBaAaKozoGTFSUxX,buy,0.160179211,4752.987070438,4752.987070438,balance_delta
5Yyq6SisHmauxED3aVRHnR9QZrZ7xZNEY54D9yqQLoCr9XpCuHaz7v165Fhi4iXdv53DG23x7BpAmHtYEr2qsarK,1787169638,CmYzjUFEeJJHKcziZA29GpNKNZfJQjvyTgmttNaMkTXw,buy,0.163714751,4886.958399394,4886.958399394,balance_delta
3FfrtESQSkdmCByyBvhTVGnhTMxem3tzVnkR9c1yY8AWRTxf5F3BC6WnE4dfpywxLPLdZycmZc2sKAxwmqbpamCA,1787169638,JCrhqruFBagARts9dNSQm8Vqc5QKL3MckAT36LjgV4nV,buy,0.162841222,4852.778898083,4852.778898083,balance_delta
2CKfVLbFxGd8bpgnZndMGfzKFArSkJPLZcopRjpjTc2dU98VQaQrqZrqaAKAvsqsR3HJ48VjV2gP1TeWdSna3QmL,1787169641,4iDyxGxPRC66QBNwYqMn74VtVm5Moy1ns4w3bAqYGvRG,sell,0.361119218,13599.497507131004,13599.497507131004,balance_delta
4XTdoEDHTbQEgAU8a1C62TiT6oBubpAhQuXacGFTWfSLfYqVCr44TKiYCJaWRqkUBgkRwZ2jUh51NGtdcAH1xJQV,1787169642,797CrVjYgQRU7V6CVhhz8hSNDTx5wF53apb6mf9wqPfZ,sell,32.198781426,1235755.9376166933,1235755.9376166933,balance_delta
2ssXmhNpWV3RjZD6hTchfAwCtav9Gh9dVCvezE91fvs4eyyyp9iLp6aMmy1hBdqzUBVKenPBsJEdn9jHm8nCHhZT,1787169645,797CrVjYgQRU7V6CVhhz8hSNDTx5wF53apb6mf9wqPfZ,sell,47.008858876999994,1853633.906425039,1853633.906425039,balance_delta
64A8TmEpZnVYoE1Ay3c6jWNPkp93mEppaNeVtpt5n5XFrYpkeEKHGbKzpN63XxwoXhpLgZ1NLzawifey8avr4BKd,1787169647,2z2q5gk8TDgqCidzkXkyevXH1aDaVjWL8cQwoRbMF1Jq,buy,0.00803928,228.883772651,228.883772651,balance_delta
5sFa1bxuPDsDSU5dyA6ZP7v3u6bLMxop5omUME3YKSkzJTUP4GVey8WajwwSKLUycjsELDp3cx3CwfRmF9fhqRke,1787169647,797CrVjYgQRU7V6CVhhz8hSNDTx5wF53apb6mf9wqPfZ,sell,45.019577311,1853633.90642504,1853633.90642504,balance_delta
3xrMLF3qCG5aJXG8dRHMieWtXD3NeN534SFn3pU7KWMEWGP5rDTuhrRawuNR78VRLgdrRS8gXesUwR9zfCMfyU9G,1787169650,1jr7nW5HbUqTQgyNQjDy6Yawpswbn4jp1fYtCxHckUW,sell,0.049058335,2167.323825618,2167.323825618,balance_delta
45aZwnpVzA3MtvT3DFaV3LnaeTwL6sYct8TiU2VY2XLfsme2UxnujDnJL6jd2ww13AC79SftecKu5BKEfwguv7Hf,1787169650,1jr7nW5HbUqTQgyNQjDy6Yawpswbn4jp1fYtCxHckUW,sell,0.049063958,2167.323825619,2167.323825619,balance_delta
2uCPbKM4AkqaweR8q3787P1DJ4bcUyX292EVte61SRL33jqk8DK1YWVd4tgRRkcgQB9NcQ8QbMBwkXBoN79B353P,1787169650,8SMeWRvmJDHzXWDWerhvZyjSnUtEuBaAaKozoGTFSUxX,sell,0.054080157,2376.493535219,2376.493535219,balance_delta
2hui2fyqM9rP8vE6uAiit3aiibtqFHcceGAwXJShNNn7ZdTPw2oYFc4HAsznm8NSij4YcPcfiYZ9Qy5WTpT5xuDf,1787169650,8SMeWRvmJDHzXWDWerhvZyjSnUtEuBaAaKozoGTFSUxX,sell,0.05409104,2376.493535219,2376.493535219,balance_delta
2eu1cV4umZVuxdd3CVfZ1pQJS4m2MjipGV1Efur9Jqe7iHVPwUeVqTd8rFF3uZuDa2u2J8PVzHcKLaWGAYBdWbqK,1787169650,CmYzjUFEeJJHKcziZA29GpNKNZfJQjvyTgmttNaMkTXw,sell,0.055683901,2443.479199697,2443.479199697,balance_delta
2wzx2h9cydKcmgBDJ4jkaiY53eCYbB36jNqCghE2ruvApraGLeM5Emhug5VdAhwXA3TZVHGYGf5RP72g2zBvigkH,1787169650,CmYzjUFEeJJHKcziZA29GpNKNZfJQjvyTgmttNaMkTXw,sell,0.055695366,2443.479199697,2443.479199697,balance_delta
5UwtvoW4UMTGiGLbgcqtkWRYfLagpDAHgHyU8hfqG4BNBBKTAtG5axkfbyopPRFfwsiSU2gwtLSNUuWxLxQxTUmc,1787169650,JCrhqruFBagARts9dNSQm8Vqc5QKL3MckAT36LjgV4nV,sell,0.055276045,2426.3894490410003,2426.3894490410003,balance_delta
38k2jr6hjBC8jRaivuG7KXr3jM6wv8WpNRRXA3oe6Vh498ZWWS4uNwCgo7rieeXaQWFKQLW2Lkwf8AG5enwTpq96,1787169650,JCrhqruFBagARts9dNSQm8Vqc5QKL3MckAT36LjgV4nV,sell,0.055282269,2426.389449042,2426.389449042,balance_delta
4yVEkKavrQ4p2TqxEVHhycvt1r5rCDZyaC8f8aoAGn72Rf7SnS5pYBLLyMUfRs6ymk2a7Jf4reQ4GCNcjbGEpvGg,1787169656,4iDyxGxPRC66QBNwYqMn74VtVm5Moy1ns4w3bAqYGvRG,sell,0.301547057,12239.547756418004,12239.547756418004,balance_delta
bAMpV9oV8j71Fo9vcmXzhSKi2YTTCxGwXmVjkGWgtBvTuVx11S9Mg9Aeuy4iGpZcbYsmeNvxDvxZKVhygGn2DB2,1787169661,4iDyxGxPRC66QBNwYqMn74VtVm5Moy1ns4w3bAqYGvRG,sell,0.27855269600000004,11015.592980776986,11015.592980776986,balance_delta
UDZnXuoHJV3Aq3Py62hkc1zhu7LS6LuDYmeN3gqPSpZtexpt53MA7YUoZqqxMDPusYjXM1Wbo8SedY9SUfaGEDS,1787169669,4iDyxGxPRC66QBNwYqMn74VtVm5Moy1ns4w3bAqYGvRG,sell,0.238461895,9914.03368269901,9914.03368269901,balance_delta
2E1P7ycgbeve1etoXBzRmdGyjA2nejoPJJ89jSG8qJdb1Koz7GfyvmERH7MNjQotwBW63xRsGQukYZgjRMSVhsBa,1787169671,ATj6HNyLtkdm8LMiTf6LftgDLDK378dAjDv8bCBhkoD1,sell,21.069358934,871114.161977477,871114.161977477,balance_delta
wqu6ry8JmTs3aHwJP1Fad5PmxEiPs6fVoFiVLwjbMawuTPnXPjMQcLG6riGAPH7qULWgWoR9SPpo4PawSEPL63a,1787169678,93u5BsWsPxuLRzcDqwecZV9TiXEV7qNavef6fscPnSb5,sell,1.385155184,62725.73333243,62725.73333243,balance_delta
3zpUGBJFiDkLV1nn2tsqhoVPSGNgj9zUEkpbxXro1b74KUekBDLBMSMZd9HCkZzj731xAyutVV864RKBzco2qrxd,1787169678,GEPiePuVYQcbShk7ACa2YASeLuRHqvcSZpS89keWZecG,sell,1.358150804,61569.60489523,61569.60489523,balance_delta
3zGvN8Yfhwdtp88avHGe9g4rtoHxxpqrtMStLRQf4CB3PHMLcB8fNkbHKBQL4sLrPPAxezr8vyaToARysnNQ4zN1,1787169680,4iDyxGxPRC66QBNwYqMn74VtVm5Moy1ns4w3bAqYGvRG,sell,1.857403665,89226.303144294,89226.303144294,balance_delta
4SPjmQpAkzuckJLAZTtNdAabrdf4EZ6qSWXtCSjAi5N5RyGcgQtGbDnwL1KLan7aytXh74Nv4oN5hdMrcLMLn3kB,1787169682,ATj6HNyLtkdm8LMiTf6LftgDLDK378dAjDv8bCBhkoD1,sell,18.643965463,871114.161977477,871114.161977477,balance_delta
385ceeDsVmruebwtFFsckYDGPi7zUhAdXcbFYBWpYENJtmRVyXQECuKzkMB5PM5Fd1wqsCBM8EMhHrS9299LQqJc,1787169684,2z2q5gk8TDgqCidzkXkyevXH1aDaVjWL8cQwoRbMF1Jq,sell,0.005303833,228.883772651,228.883772651,balance_delta
58LePWkja86B2fHQhQWic62jQ75cREefDg1ZgjRchTL4LuhrEpMzBabbtJohGws25nsJD3jrp6Wbe3s5R18SxD4W,1787169686,4iDyxGxPRC66QBNwYqMn74VtVm5Moy1ns4w3bAqYGvRG,buy,0.5002,22801.693446127,22801.693446127,balance_delta
4UskS1ncEv9AYTJRnLmYCw21Ddmvcf1fy3CpLJLL3FbV4i57R5NtUvrZJXvYkLQRfwtWNAMbe7WDC5k4uakCmrVY,1787169694,93u5BsWsPxuLRzcDqwecZV9TiXEV7qNavef6fscPnSb5,buy,1.353616672,62563.885972024,62563.885972024,balance_delta
rAcxJKLYneQ3UdvnGNs9zfLqHJtoJKDb5UqBfWWUb8yivmZjjBnKehREcziJan6YTX2iLthpNHGs4Y7vAq48FA1,1787169694,GEPiePuVYQcbShk7ACa2YASeLuRHqvcSZpS89keWZecG,buy,1.646583328,76195.954785595,76195.954785595,balance_delta
5SsiJ4ZF7ftKefKbimVvF11PiPi844cmgeAM4G4By9g2JGQCrwuJom4AJe7r7TPRmhtRPvjwBDbxrY71uJ3Yroio,1787169709,Ahekwy9V7q2tmqJdTX92TAtEHM4pafQbsfc5oLakbZs1,sell,0.34925898299999997,16126.678289293,16126.678289293,balance_delta
2GZ59HDtzfffxLnWqQdCvG3N9N4kVsrAnFAJmiCCmuQYrAQ4iqbb7zqBrC7LjErwmRrY3o9zBjN3NuFanFRMMFy3,1787169709,C7PNbARVAHeskaefdcu7fy21dCN3qNANKuT6Cka2av4L,sell,0.201566267,9340.94920296,9340.94920296,balance_delta
2GYLiCXvpfxN5xEPNjQ7onKFRCdA61qgAv7RLvEg9QVZimdDz1y6tE23bEHbhJcESnPdJG5vBeUBLKaouFjsFeWv,1787169709,JAGPLMkgPWRxFJekMU8DRHRurw968GGYHRMEKUWheYcD,sell,0.39382111599999997,18167.180498817,18167.180498817,balance_delta
5gTBJENDvH54sfrsznZXTMHo765ZSVx2dEDbd6px3HFHAbt6dJ8Krgo8oLubi9p9t21j9JWMa35YNoR7YXamUrVu,1787169818,4iDyxGxPRC66QBNwYqMn74VtVm5Moy1ns4w3bAqYGvRG,buy,0.2502,10790.052108071002,10790.052108071002,balance_delta
3h4vsVWUAbb7pwWoGVNNXuGdLqA9s4p8Ea1pq6Yy7v6pBkTPQ9MwSeQdsPr4hfVe1hT2mfXqaHg9CsuKuBrsjrs4,1787169988,93u5BsWsPxuLRzcDqwecZV9TiXEV7qNavef6fscPnSb5,sell,1.31920966,62563.885972024,62563.885972024,balance_delta
5bVZdv6uaLNbdPKqAsNfj1Qc3iqnQ6ed5xfv1XUL6oTdL24K6V6gUwafqKtEXtTKVdpqJBmbGohQ34WudxXigdDN,1787169988,GEPiePuVYQcbShk7ACa2YASeLuRHqvcSZpS89keWZecG,sell,1.604778686,76195.954785595,76195.954785595,balance_delta
272t3CeDGPTuKGU1vcCpiDe3sQ2K8bEsD1UJb59d5TwtJJNEubd3PDyd6bi6JipxRxXF4cYki4HrpKpkGtJQWR8z,1787170097,4iDyxGxPRC66QBNwYqMn74VtVm5Moy1ns4w3bAqYGvRG,buy,1.0002,55936.276360481,55936.276360481,balance_delta
3KXXnfsjAtsuPfiVkctoPVTYeWLPExBT3E39G2RyHqoASvbzNZ1TQBS34mH5gGzrCYjfmgnyAFaZB8pM46tkSHN,1787171151,CHvWpTWTZXUMvWfX7jmy8vhHbAqn6YvLc8wBxXYi4KiW,buy,2.72414339,146611.987161471,146611.987161471,balance_delta
2yMZZU2EcggAHv8wunm6m8J2K44rTxT33FGjBXBSzj9kBKgWaN9nkcfN9kFiwmVhoY2K6PerBQNhiaKUxcFxnyjp,1787171151,GHJFdDSYx1kGg7nLTDZ7B468SqHsqySZwHRSxs4DgEVk,buy,2.286962028,122773.565352979,122773.565352979,balance_delta
8RfuiAaZT8M3hKMD1Tz966YZ3iCRduF9KLgEj4g5Ug4zNDRgG6XgYPdogjFD5Bp8EdeGPmqtVUXorpsz8Xj1siW,1787171184,CHvWpTWTZXUMvWfX7jmy8vhHbAqn6YvLc8wBxXYi4KiW,sell,2.5106351719999997,146611.987161471,146611.987161471,balance_delta
3b29RFq7usg3nr3Xp4ggPgVdAuwXHEmnf8i4CnLtys795hKKgPte1WWuviqY8iwzsxfNE7dgFwQy4PFpXF2CEEQm,1787171184,GHJFdDSYx1kGg7nLTDZ7B468SqHsqySZwHRSxs4DgEVk,sell,2.106516536,122773.565352979,122773.565352979,balance_delta
4be8FK8SvVwuninaxVpDCkcjqtgXTefiLa3RuFoHYVZPA6cxTHrEssPPBFAXwTyGkN3pVFSzdvB2WG2J7dMhEZVb,1787171308,4iDyxGxPRC66QBNwYqMn74VtVm5Moy1ns4w3bAqYGvRG,buy,1.0002,58969.73931027501,58969.73931027501,balance_delta
3zz1npJTc5zHEVnBS1ZFvHdcZ9HnCWsCPvPU4QUY5hkpXJNDBKHkoJcEEZnz3CxcbhbH4EohgzXzWcfWDmfBTMSb,1787171702,4iDyxGxPRC66QBNwYqMn74VtVm5Moy1ns4w3bAqYGvRG,buy,0.2502,14876.296650409,14876.296650409,balance_delta
4iJjmfwu3bvyP1dyK2gamDFz7jVarFwZFv3Pk2JjD2L9qoVGK3v8i4sw9RqRcyhQtDTTcUGSKGWQyKUGDbePHHrv,1787171982,797CrVjYgQRU7V6CVhhz8hSNDTx5wF53apb6mf9wqPfZ,buy,10.011999999999999,630741.287966365,630741.287966365,balance_delta
3UccbUFpvGkvCQD59SdCzMavq4jBwrhwZGoy4QPgYjn6yyU5XnbMrNKEbJfeFAy4mCd1nVApfyrAKkZagn9zu7SP,1787171988,4iDyxGxPRC66QBNwYqMn74VtVm5Moy1ns4w3bAqYGvRG,buy,1.0002,62527.36552342298,62527.36552342298,balance_delta
5W5MKgAeYkYKYvUS4J5WteDZdhuWJcGusiDBLLWPT5ZvwV2K7YAGXXc8Coq4Nyk3VNhRsX3nxEa8GUtzrMREStjY,1787172512,4iDyxGxPRC66QBNwYqMn74VtVm5Moy1ns4w3bAqYGvRG,buy,0.5002,32002.977436383022,32002.977436383022,balance_delta
3EhyKwF8bismpeER5c7Vwt7ynLDEaNR1PZnajLGBfRVEc4dQMWk4udd9isg1wrHaP2FvcsJ9Y4YEH81s1PjpW7qQ,1787173579,797CrVjYgQRU7V6CVhhz8hSNDTx5wF53apb6mf9wqPfZ,buy,5.0,312389.26098627795,312389.26098627795,balance_delta
4eFebvYwo48bxCKt8yf4DLw9BqtR47RDveEgnPrEjcTcvB6AtMjzqrALecarNEeGHeWLgZVVc7o36TdxUjJQVH2R,1787173744,797CrVjYgQRU7V6CVhhz8hSNDTx5wF53apb6mf9wqPfZ,buy,10.011999999999999,650777.9215545751,650777.9215545751,balance_delta
NAmvCAryxXy5tPz6pewJrgkJP4c1dXAtzsqEG6TpPPb6YLcnkHYvXMB9eXdhvV4Wsgb2qhLP1SoF5SVUoRVcpAr,1787173822,797CrVjYgQRU7V6CVhhz8hSNDTx5wF53apb6mf9wqPfZ,buy,10.011999999999999,693819.9487600159,693819.9487600159,balance_delta
wEPQr94ZkTHkEo56X5T2PkdRpe3ERC7j31SYecdEpmFtgPg8fF76HHrWBXnPFxjxbCk3H5innPvsCqvoCnq4aTp,1787173839,4iDyxGxPRC66QBNwYqMn74VtVm5Moy1ns4w3bAqYGvRG,buy,0.5002,34330.394251241,34330.394251241,balance_delta
5hmykjV4RBkMJSmpv9ETy8TRmPBDwraSpQQPvF2esUHYroo1W3nZtgdcmrSsGUWvyeFUMiJZeam16o7DC4X1Tani,1787173930,797CrVjYgQRU7V6CVhhz8hSNDTx5wF53apb6mf9wqPfZ,buy,10.011999999999999,699730.5571907149,699730.5571907149,balance_delta
5iMsqKRmewjtaEDm5KbxzrhdRHd6TPb873cPrx56SdeoVVtLz8pAVYpu3LJBhNec9oZWbS8qwJrCEs9HdkrEZDAZ,1787174089,4iDyxGxPRC66QBNwYqMn74VtVm5Moy1ns4w3bAqYGvRG,buy,1.0002,72257.33887740399,72257.33887740399,balance_delta
3hK2uM2vdwUak3RbsP5zbCUs2rHRbAPXnFQfaWfei5hLtZBLTYxmn4QZeW9VpN65fpUW2HQMSqP9yfxHPKrDvBZz,1787174094,797CrVjYgQRU7V6CVhhz8hSNDTx5wF53apb6mf9wqPfZ,buy,10.0,720060.8797190753,720060.8797190753,balance_delta
2XXw2ehot4WqWFYz8iedvkKzCYMQ2fHDfxz8HePZA7GTdrfS3K5GLeAXK47752hnZyR7obBg1zjNB3ViU8hsDmW5,1787175107,4iDyxGxPRC66QBNwYqMn74VtVm5Moy1ns4w3bAqYGvRG,buy,1.0002,74563.45120805199,74563.45120805199,balance_delta
4e5WrU6zaEYfs3C8n7wMsYH3yvHBPUcvy2f81k55TRuTDWFS1U2d7Rxp5iWEiRgnddhstN14VeLRDcXFAJk7KWPi,1787175183,6DqwStHBhuxWGutooviZUgVDhT3F4Dy5pAiP2YErRCEe,sell,4.8467970320000004,376126.7287642257,376126.7287642257,balance_delta
4DGQv4dynUuQgk4k4FkHmgCnFByiZzo1wH1ePVYxn5248YNkqMexvrHv7HtkP2cMy5bTGeTtJQXXqqQJ9JqbVMiv,1787175190,4iDyxGxPRC66QBNwYqMn74VtVm5Moy1ns4w3bAqYGvRG,buy,1.0002,78117.393316178,78117.393316178,balance_delta
5PmqaRs5t6cjhWDaqyBJfNrd18et3j7m37Z23Dnns7RCU87Je3kYUrKoRDrKJzUNs4d5MgSiR8DNH8AdzrYMgfKg,1787175192,4iDyxGxPRC66QBNwYqMn74VtVm5Moy1ns4w3bAqYGvRG,buy,1.0002,79727.66226900695,79727.66226900695,balance_delta
2J4f4AyRCBGyvSzW6LKMdCgmkT1LdEtAd81qLUyv3i953pNgoVFXmJxjf6bvo6nBBcHkJmHbfZzNqVr9FA7DoJfY,1787175195,797CrVjYgQRU7V6CVhhz8hSNDTx5wF53apb6mf9wqPfZ,buy,10.011999999999999,792248.7336451947,792248.7336451947,balance_delta
4YCjxoUNggjm5UYHeSAJTz6ULUS3e5DPhYyocxC72WrWEBh5BicxX7o6Mk3zViqRdjbsPrD4QXRu1n1ZdcNginqT,1787175204,797CrVjYgQRU7V6CVhhz8hSNDTx5wF53apb6mf9wqPfZ,buy,10.011999999999999,783141.5672297776,783141.5672297776,balance_delta
4oXZFBMgArveediBy4CKgoG5MXadNJ8oRwDarS3emeMx9tUYc848vaVAzgwukFkEpsEMxSX3LVJvP3Y15L6zN1FY,1787175237,4iDyxGxPRC66QBNwYqMn74VtVm5Moy1ns4w3bAqYGvRG,buy,1.0002,81783.28390725807,81783.28390725807,balance_delta
3WMWvqC53X96UauQijDJQ6Jp9EUqrs6vXwfqGx67YJG8XZRwTwGBLhujjV35g4H6nAdw4b8BAbYgNB1K7maHkfwP,1787175240,797CrVjYgQRU7V6CVhhz8hSNDTx5wF53apb6mf9wqPfZ,buy,10.011999999999999,806120.1334127197,806120.1334127197,balance_delta
59FUdUwz9ZdZLDG2QvpXDU1xwb6xi4yfg8BccHHykTxcfLFKvvu3MmcqrPLjKAKiVhScn5KbXyRxJc6gqWy9rrpT,1787175543,6DqwStHBhuxWGutooviZUgVDhT3F4Dy5pAiP2YErRCEe,sell,2.951964689,220061.18622160004,220061.18622160004,balance_delta
25o5r73pbcn1LzXxTyApBgB9UcEjpCAvikfTpESUfzvtxivoLXqHxwC9h16bUb1TShvzjte9c2LiNoYTT8Z5G2aJ,1787175648,h1jpvLkFT6u81HZH1zWhd4Vrf1qybKTADovXxDLrbtK,buy,2.02603928,134171.0170777,134171.0170777,balance_delta
5YgaujmrhCLfZuTX63Dw4pUj7mUciYZnt49kRSBoQg26AHfwvhExEUEetgvkGRfCVmd843FDJQYTrP9kfi66Duvi,1787175665,h1jpvLkFT6u81HZH1zWhd4Vrf1qybKTADovXxDLrbtK,sell,1.812506169,134171.0170777,134171.0170777,balance_delta
3QawHUq8Dg1BydkLakxaWkWk12miN7qL5FMWHHYFewzw2trkXxQyDYqiAwXKBN3NX9Qh8W1SQeLnNdwcyXd61Uz5,1787175788,Ahekwy9V7q2tmqJdTX92TAtEHM4pafQbsfc5oLakbZs1,buy,0.294908007,21648.011944449,21648.011944449,balance_delta
3eSAaJPutqcnMXt4NMjoDP6xAgDNt4FPeogmLEfoGVooYmAN1WK5UTmZmvE9hMdpyjVKm34khLX3XiHzKFDeP7Bk,1787175788,Ahekwy9V7q2tmqJdTX92TAtEHM4pafQbsfc5oLakbZs1,buy,0.30244565,22189.906173667,22189.906173667,balance_delta
5kdDEspRuz17f52ACvnQdHJzxRxZN7ZihQixMrtR1ABxftddtbwj8nThpUUpubyXSvuWJpPbitMTTLidxJuQDTNA,1787175788,C7PNbARVAHeskaefdcu7fy21dCN3qNANKuT6Cka2av4L,buy,0.314504606,23098.380875491,23098.380875491,balance_delta
2hBJWYmN77B9AyLBAzoCexatra4rdTQ15voqtKjGAf8Tu9EJMsty8ezjvxesfSo3kQQ8evggD9XDukN2QvT6STKD,1787175788,C7PNbARVAHeskaefdcu7fy21dCN3qNANKuT6Cka2av4L,buy,0.393975222,28917.579079361,28917.579079361,balance_delta
4GbtuhwLKk5ovWHsKxP2Sov8DQCHWVf4iV7unahP9cDYxTUJoJfe8GRybpcEG1Uy1k2wUhkhNAesT39XYbh95Jef,1787175788,JAGPLMkgPWRxFJekMU8DRHRurw968GGYHRMEKUWheYcD,buy,0.393587387,28935.186688696,28935.186688696,balance_delta
54uTxwmkQnP9dfHFDKcGLdfhpjhDtMypbcTuRv7x1iZSeBfNtSwiW9PVukXXw7RSPH6mtBbqAKympAyoRwFfcBRH,1787175788,JAGPLMkgPWRxFJekMU8DRHRurw968GGYHRMEKUWheYcD,buy,0.30657912800000003,22500.958286993995,22500.958286993995,balance_delta
4F622fKQYkuxDG9EKEBxnwh7mK4na88wiop9Z8MxGYqeNpQ5oPnaQX1J6CUaAccFCCxY17Ea8AbYS5q5k616L5wy,1787175789,Ahekwy9V7q2tmqJdTX92TAtEHM4pafQbsfc5oLakbZs1,buy,0.371183947,27223.865536387,27223.865536387,balance_delta
4p2vstYzN824BiRcysAYLh7KyiQKR75XqyxT75diNatmyBw6TET3piNuuibbLJRpqAWU9LVTFnxk89fGfXcqb8LH,1787175789,C7PNbARVAHeskaefdcu7fy21dCN3qNANKuT6Cka2av4L,buy,0.23314480499999998,17077.368611633,17077.368611633,balance_delta
xJvLX6S9v9zJjqo3WANB4Q4L1fLfSQDkojRHvtUC3JznKpUsScFPwcrYpTgC6hPVV36Sb5ybdPtSXaZv1PaZQoD,1787175789,JAGPLMkgPWRxFJekMU8DRHRurw968GGYHRMEKUWheYcD,buy,0.39867124800000003,29234.18262826001,29234.18262826001,balance_delta
3DjREtPwKbfSYnJh5venpwvCkN119cL7Gwk1zoWb8MU3gTe2rsovDmgp3V5CRc1pPV8T8QTeE2Kg53RsUtRqY6Ay,1787175793,Ahekwy9V7q2tmqJdTX92TAtEHM4pafQbsfc5oLakbZs1,sell,0.938594766,71061.783654503,71061.783654503,balance_delta
k2VhZ86mt9A79cciA8cjwmuf99YSviJi4ZXNnuMjXwZnGqkSLr8XzTRY8CRRrcLkGSPBPBHTRYS8WmZUDLFU5Jj,1787175793,C7PNbARVAHeskaefdcu7fy21dCN3qNANKuT6Cka2av4L,sell,0.910688483,69093.328566485,69093.328566485,balance_delta
3NuVR9ydGGHqpRKdZHaiWdX9P4uz4oeS2kVHozGcMkP2kHWY56p1DP3hK3akSFfybPF3YjEuu9UANEA89wBEGxsK,1787175793,JAGPLMkgPWRxFJekMU8DRHRurw968GGYHRMEKUWheYcD,sell,1.0646878069999999,80670.32760395,80670.32760395,balance_delta
4oqVRRbWDGf5yFBVqAJYf1EDSiAwC9Y4A1s173Upr52eReRYGRHdDDbjihBne7TmfSECS8WS4hGe3nQMnywDNM8,1787175986,2zXpLvhzH3BTAoaNpDRQPUKZqPZiQdDqc29d8wdr4UNz,buy,8.531098518,590952.626804021,590952.626804021,balance_delta
48Wbi7RuCni7BvMNaiAnonTkFxkJ8SnWKMVjhZNDpuvfhchhKos4tnjMQkL7Df9UprAj3x2huy77boYYsGYZgGjq,1787175986,4AXv1nmDRxosiz2Zr5bn4veEg63Ty32TParXHnTpQhzG,buy,6.8608646339999995,466702.40257461,466702.40257461,balance_delta
3h45Q6mWHFkqEYWbCkHjgkbiDtdMkURs65EzKXUcBRtXzmbJ6AAXMNiH8uvXrZxEUrL95wjLo1Luetyc61qrLDyV,1787175986,5ZJYjAUVMLAJGccsEMV5SNjgnBHduumHyMjjHUtSubkG,buy,8.373546461,567808.292834509,567808.292834509,balance_delta
zeryhmpqLADXvRs8EXRvuoiT5hkAHqgTR5EUuxsh8k8xYimFE1ZBSzS1CVZtPKhaJjiScr5Ks4uWzD38k53bu7n,1787175986,EyVaGh2eyp6zFPWLAiXx8wzEjn98VktPaANra78vkAKm,buy,6.835800139,467979.220470054,467979.220470054,balance_delta
2zQzTgvKYjkYkDn12PCsYTSTqaucnhCECEGDibuJ5MaHjoNzhezYCEdx7YVvLUxo1goWEf6FQPKSgA2t79wvx91y,1787175987,2zXpLvhzH3BTAoaNpDRQPUKZqPZiQdDqc29d8wdr4UNz,buy,7.480633409999999,494481.146942653,494481.146942653,balance_delta
2nqBwKwpGoAxDHgxTBEsfhVpfGnbQZ73iNyEuDkMTAeLa2MjwmxXonBcmMpV1W5AWmnszDi6hZetTmMaicz5mQyZ,1787175987,4AXv1nmDRxosiz2Zr5bn4veEg63Ty32TParXHnTpQhzG,buy,8.158534138,544157.6654756479,544157.6654756479,balance_delta
92uND7wH5JGxeQkQ7Sez3rQscaPgwUszJicFaj1suzhLfpHh5BYLfr2atwPAeR5FEnSfGuQ393DhtsiybTJdhJS,1787175987,5ZJYjAUVMLAJGccsEMV5SNjgnBHduumHyMjjHUtSubkG,buy,6.833196622,447831.204012029,447831.204012029,balance_delta
5DazBHy7gX9jc4GzgPy6UcACAMaoommV8KD4J26HE6qhsxvSzrn7xW4MWiUXyHSvB71JTSmRM79qt7uTNBHADZEj,1787175987,EyVaGh2eyp6zFPWLAiXx8wzEjn98VktPaANra78vkAKm,buy,8.120788462,530401.7525989581,530401.7525989581,balance_delta
2V5tsoRaDmg6Ckb29hinKRU3hGSoPKY91HK4zYJPHwETQU5CyLg6CyUFqa6XTg5s4Q3QJjTCG5UY2BnuDJjuhCR8,1787175992,2zXpLvhzH3BTAoaNpDRQPUKZqPZiQdDqc29d8wdr4UNz,sell,15.086076557,1085433.773746674,1085433.773746674,balance_delta
hV2vKxRVtR1pvQWG3omqs2szSvEzDsrGGwUTdqFnCaoR8pegZ6vMMVmq5hzSTNZAAW3EadRFY4rAuUAZmJvqWCD,1787175992,4AXv1nmDRxosiz2Zr5bn4veEg63Ty32TParXHnTpQhzG,sell,14.254643881,1010860.068050258,1010860.068050258,balance_delta
4ZzwFNL9TgcPJfDa8qtArF3pGuEGhKyabhNdvAxmtKzh3avRCXB5tzf9YRDLmUNGiPFWwrxxs19etN1K5SaRbfqf,1787175992,5ZJYjAUVMLAJGccsEMV5SNjgnBHduumHyMjjHUtSubkG,sell,14.525635699999999,1015639.496846538,1015639.496846538,balance_delta
5wxM6MktZQKewvoz21Ynq23HNQzL3oHbfH4XjYLY6hrgsULbtHdtQjFRbKhNZkDmTmat3oRUsNzaKR2m9FWeFxUD,1787175992,EyVaGh2eyp6zFPWLAiXx8wzEjn98VktPaANra78vkAKm,sell,14.481931044,998380.973069012,998380.973069012,balance_delta
V3PRWSH21te9VehSqKeSVdavvaTRGBsNYM5g6SCooFFMfN4HJFmQFKzBcchfsikC799w19jFJrpZKWwZSVrn76w,1787176054,2zXpLvhzH3BTAoaNpDRQPUKZqPZiQdDqc29d8wdr4UNz,buy,8.433799567,556502.33290128,556502.33290128,balance_delta
5nZfVvuLbtwkMRDcFkpG8LyP8CYPNTZohnhCwg5Uq66eMERvGNMTRFjF9z6KQBByiFWAQRoSSK2NBBKbRmtGZ2YL,1787176054,2zXpLvhzH3BTAoaNpDRQPUKZqPZiQdDqc29d8wdr4UNz,buy,7.776837661,494954.67183255206,494954.67183255206,balance_delta
KGVz8x86uPKE69wQX4Fk9NTTYRhJ8LCUficU4AjkkRcxZG5gzCNjeRPyQDMncjeM4hkWHq8ojozNfiGZAgSh5zZ,1787176054,4AXv1nmDRxosiz2Zr5bn4veEg63Ty32TParXHnTpQhzG,buy,7.960352454000001,517228.367298146,517228.367298146,balance_delta
3f24Mv4duj3fHv2cYz8oAXkRngwe2bG8yoW3zjRTu4UMDosnAmoS5FMkuEguWXZKis3Q74FTvD9FFRsBH2ecDPGZ,1787176054,4AXv1nmDRxosiz2Zr5bn4veEg63Ty32TParXHnTpQhzG,buy,6.613745946,416753.68445279996,416753.68445279996,balance_delta
4wipWLtM6DR4wpnaE59WAbDFiss9GbKdQdCvoynvHr9AeB3zY5RwPkqLgKTHi4wsEWcjYaGap9kRP3ch1nRrqopT,1787176054,5ZJYjAUVMLAJGccsEMV5SNjgnBHduumHyMjjHUtSubkG,buy,6.909640625000001,444610.188289025,444610.188289025,balance_delta
2kWGPmJtQkpehX5s4tpGwRLFTBdBaXRUErAYEkjs3AddQjnxywbB662RAjSHurPnQoqcrnWBKADriVT9UVu3NWj8,1787176054,5ZJYjAUVMLAJGccsEMV5SNjgnBHduumHyMjjHUtSubkG,buy,8.354748268,540282.789273089,540282.789273089,balance_delta
3cRoh6RoySUa9JjnZtqrCE2PnoaBWXJ9WtxHgv5uEMVm4W5bTXd1RGJYb9WxLDTgxob2XeAvPwoBXyUhtuZ2eQ7T,1787176054,EyVaGh2eyp6zFPWLAiXx8wzEjn98VktPaANra78vkAKm,buy,7.287409986,476020.357101963,476020.357101963,balance_delta
5prcmetbUDcNfE39RnCHjM1DMPvEaTvANxs7un4Cf4nkGtBmb9Fz4gAEMBHgbnf7nQTfPyGeQTTKEswTQSWuG55T,1787176054,EyVaGh2eyp6zFPWLAiXx8wzEjn98VktPaANra78vkAKm,buy,7.845870758,503019.517344294,503019.517344294,balance_delta
2V7BxQzY1SZ5pi4Egp6tE9H3Zwu84VzRhfvGLGN3VcRaCdjum5vxxKZ1ZZAU55EaAgbvJZYRW1JLqJWbHyQT52QL,1787176058,2zXpLvhzH3BTAoaNpDRQPUKZqPZiQdDqc29d8wdr4UNz,sell,15.634754215000001,1051457.004733832,1051457.004733832,balance_delta
52NKTQEG5uewRz1wyLMbxV3g6mfzri7P8DXPZWbsbx5aMKYpw5dWVzc2nrvcirST1z3ZtgUro1j9basu75GpfhYZ,1787176058,4AXv1nmDRxosiz2Zr5bn4veEg63Ty32TParXHnTpQhzG,sell,13.320564474000001,933982.051750946,933982.051750946,balance_delta
2TxmPrHBBWHsBQeepDh4BY7Lw5n1Lytx1xWSA7eZJ128iGknc1e32EyZHVZGjaxbBGGgb26SbEnRXptXCbgN9SjG,1787176058,5ZJYjAUVMLAJGccsEMV5SNjgnBHduumHyMjjHUtSubkG,sell,14.434654416,984892.977562114,984892.977562114,balance_delta
GQ49ta3TwGHfG6nc1SZdtFGs6WVEXnfNgZHKbHqCTutKXSNC43UiJdHvhYrWqoUPEidSVMeGs1KyMT8YgGsVuCN,1787176058,EyVaGh2eyp6zFPWLAiXx8wzEjn98VktPaANra78vkAKm,sell,14.151556359,979039.874446257,979039.874446257,balance_delta
5LZGkY5JGopJq5Ps36ncL7uBxR3fRUbdArBg45QPeARdRhsmpNFDAdtvmzniyAfN3wbyu84rehMZ5rmY5tih8Z3Q,1787176228,2z2q5gk8TDgqCidzkXkyevXH1aDaVjWL8cQwoRbMF1Jq,buy,0.008039280000000001,444.851512667,444.851512667,balance_delta
4wHprvQvzYiu2mnY3D3bRWuB5GJxh1EStoZCAsJV1SnkYp6vFmfXWrJDRxMGB7BbsGLmEDwKTKoUbciiw53vVbQX,1787176290,2z2q5gk8TDgqCidzkXkyevXH1aDaVjWL8cQwoRbMF1Jq,sell,0.005961908,444.851512667,444.851512667,balance_delta
5eHCir146LKs746fpfKdJA9rwfWEsDfVjSxamsB6Cf4YCbrHhZryap4jBfjwBkspBqv4joCAGczNBWrAsNQc1drF,1787176980,8n79PwcyrybEECM3ghGetPnm6Y2SRBVzJNd536Z1C1PU,buy,3.0096467799999997,200299.139649804,200299.139649804,balance_delta
4rofsZToMcb9FKXEQh5ECUTzUPTJDx5nHRRadVQAWdR2YPjQYQWeRd1te5SyozHRmsA8xMdrBoQTCCzLN4GJZmUB,1787177007,8n79PwcyrybEECM3ghGetPnm6Y2SRBVzJNd536Z1C1PU,sell,3.0657949010000003,200299.139649804,200299.139649804,balance_delta
2CgmSHskddmYh1fKasSRW1FAyPhgCJ2Cs6TvCpz7nyuafYqiS13oEyM4hQyS65PCCgBNjBTbw1GZLs6QGoq3P7Rh,1787177809,797CrVjYgQRU7V6CVhhz8hSNDTx5wF53apb6mf9wqPfZ,sell,30.0,2058796.886291443,2058796.886291443,balance_delta
nAKDiXwZxWzGpLv1pYBT81uoo97FFNdma2rMS9n2QyEu5saccfHJ9r6LUS5zKZ9dvK4ubFdHQuEA5w8tFJrTyVJ,1787178384,6DqwStHBhuxWGutooviZUgVDhT3F4Dy5pAiP2YErRCEe,sell,2.950018579,212616.58288924908,212616.58288924908,balance_delta
3SsY2BH2NgXKCqfKwvYv9w7CdUfQxMgZiER85d5jFYxq4s2oLmHo2rvYdvqvDCP9fBZ5iC3jq3Cq33vS8R12R565,1787182828,6DqwStHBhuxWGutooviZUgVDhT3F4Dy5pAiP2YErRCEe,buy,2.001,139604.32501930883,139604.32501930883,balance_delta
664VppsMeBuZiykJ31rCbLhuc9PRLFVQcqzsv8SLWR7AimEfJZAfz1anRuaTEm7p2cnEJEPXJAKz1W652kTycVja,1787182857,797CrVjYgQRU7V6CVhhz8hSNDTx5wF53apb6mf9wqPfZ,sell,27.912987536,2015116.702086636,2015116.702086636,balance_delta
5FMsn9wJZHATLXmASEjUufiDvD3ZDV15ififCAtkLq7MXmUYcKPxYF7mRch9jfwTT9nAa2LVerMNqiCLuhoDAy2A,1787182893,6DqwStHBhuxWGutooviZUgVDhT3F4Dy5pAiP2YErRCEe,buy,1.5010000000000001,109146.34354426432,109146.34354426432,balance_delta
ZZqn784UfH1SPkYmnHVjN6zoUKQvGTWj6JuEb3RCDa4bdbsvxonYSNPGhY7bK1irEJRuk3RUxWu7sS6dRyHYDVi,1787182900,6DqwStHBhuxWGutooviZUgVDhT3F4Dy5pAiP2YErRCEe,buy,0.701,50905.44855980761,50905.44855980761,balance_delta
4DtWzkRDq6wzeWvjvhLQKbaHumEbYAfmfEuL1KXvWw6TM7TGFrNthyR662n1XwN5BSLnGSfo9mdXccM9adssEq2b,1787182933,797CrVjYgQRU7V6CVhhz8hSNDTx5wF53apb6mf9wqPfZ,sell,26.968968102,2015116.702086637,2015116.702086637,balance_delta
4WZ8qPo2K8LwCRq9j7ExfUENRXRqtYkjVFprSSMajXkQPGM7aYGkYc5LGYQPcJ9R5rUNtw78dvQyiGoqGDQRwZto,1787183123,6DqwStHBhuxWGutooviZUgVDhT3F4Dy5pAiP2YErRCEe,sell,2.952742733,228752.7331886869,228752.7331886869,balance_delta
4EAWzaWCe9En9MWyXRAaNvJaFEbVvMYUR6b3TBwbHHQo3iqSVj1NTZ6zVXA39WneypqUxe82YaVAF4GVpwJFTuEo,1787183312,6DqwStHBhuxWGutooviZUgVDhT3F4Dy5pAiP2YErRCEe,sell,2.9644441230000003,228839.73550990317,228839.73550990317,balance_delta
2WDDR3ZjFd9F4nkp3Ye5N2cceXbPKVDd8cyurn4HH3CapbDr9rEsmdH42anjvgAYw1zk9D5RNvUWkV4BFHu3ztLD,1787184427,6DqwStHBhuxWGutooviZUgVDhT3F4Dy5pAiP2YErRCEe,sell,5.940909346,554475.180008112,554475.180008112,balance_delta
3c3xxP7k3vvsBW3heZaUGsTENuLVt1o78SS9PjMzzjmPgyF5eQNGv9wFkWFCuezsDiMhnG6EiKdsxsW8GGQrywuy,1787184459,6DqwStHBhuxWGutooviZUgVDhT3F4Dy5pAiP2YErRCEe,buy,1.5010000000000001,129901.05448831618,129901.05448831618,balance_delta
4ux6VgskeCh5Q5J4gcnPxsHQ8h1z4vixaY3jMnQWut6zhusFpFEpCVUrvGcysk4C132GKHSWau4mrXg7MypouhzU,1787184463,2z2q5gk8TDgqCidzkXkyevXH1aDaVjWL8cQwoRbMF1Jq,buy,0.008039280000000001,524.042316624,524.042316624,balance_delta
2VEKG8VRXMiZpCh1yb3XbhRnfYMMRCv7vSDivDywzu8oZb9GcgriBuKKXqpB2TtubUxY4ek6qMVmyX2zKe4YuiAH,1787184523,2z2q5gk8TDgqCidzkXkyevXH1aDaVjWL8cQwoRbMF1Jq,sell,0.005801561,524.042316624,524.042316624,balance_delta
C5y7N99tYVkg7k4pCvYjiKF1qJxh86wGkLMZ8S4ieeyrCZhuevXaWfaQgHHH1Pfdub1apP2dntS1qRGWMBRreXS,1787185099,tronFPfm42zg7TowSTvPw3ya2tU2oYqvwKJ7i2xgBGB,buy,6.00203928,538221.820345,538221.820345,balance_delta
2tuiUWom1PMAdJuvdTv3v35eAfJgrVTE46ZUXQbqinKeFVuVrG9WT9H9nr5RsXCQWy6ECMpz7NWiXLLsNQhrN8GC,1787185470,tronFPfm42zg7TowSTvPw3ya2tU2oYqvwKJ7i2xgBGB,sell,5.53532592,538221.820345,538221.820345,balance_delta
o7tudGZHfbcihQT2qVV8aF38f4TVd6jgscdMEJVZyjrotDRXPVqmZzNzM9cumktnMp5ZzjNYukcJHtQSzEX5aTY,1787185869,6DqwStHBhuxWGutooviZUgVDhT3F4Dy5pAiP2YErRCEe,sell,0.988444663,88333.4639661368,88333.4639661368,balance_delta
2yjmoif7TeiAWDQus7txdhDqXK7rUvDkhHW6AeeEdMFKR6cUbSYY1Fq9ZwaXcLbXKvLbB2bBFo5DRmEWELkeZEkD,1787187502,6DqwStHBhuxWGutooviZUgVDhT3F4Dy5pAiP2YErRCEe,sell,0.9843656900000001,90328.67037536297,90328.67037536297,balance_delta
62BvawfJX442q6jxwBtYNGmBcbjRW6wMZrZkuqvK3qRWrzcmJhrMovcKmRMSFn2GoqivM3nUbiGpXsydoHX5Yiwi,1787187575,6DqwStHBhuxWGutooviZUgVDhT3F4Dy5pAiP2YErRCEe,sell,1.680289165,154364.37191413622,154364.37191413622,balance_delta
4ZEEAKPz9WPwk26mKKjJwnoGCwvYADHmcWAYa9EAmU6acF4JL7fM7vDanoKja8vyzfHrfe5dzqsWcBNtCCe23LWA,1787187863,4iDyxGxPRC66QBNwYqMn74VtVm5Moy1ns4w3bAqYGvRG,buy,1.0002,96421.67487987597,96421.67487987597,balance_delta
3WyhLZx6PMUHuimoFnHcUUerEKo8TAbtTVvwcqirLsZrp4BxSe181KSqvQSPfaE4hjzA4ERycvBCbthVJY1dLCv5,1787187998,6DqwStHBhuxWGutooviZUgVDhT3F4Dy5pAiP2YErRCEe,sell,3.9486767890000003,372577.25852013985,372577.25852013985,balance_delta
3QARzHynCgnd54LE81dKdRBHrjr2D3yRE2gGnhVG6VnGATeZHtzbHiKTrhEPXtPHVYiFc3WMPw4t9tZJPNkNGyBS,1787190054,2DCW6PvdpXwscZVanFmDLB7svT2STkUj2SuXSMR6C29g,buy,2.001,203133.066067571,203133.066067571,balance_delta
2XWunzuLMATp9ujsBwp9XNCM9xyicQsfPRxEdLeswzh5agCJFZzaaqCLcDfigpbGLVtc1QSaQoHrqSAw9yKDp2ej,1787190056,4iDyxGxPRC66QBNwYqMn74VtVm5Moy1ns4w3bAqYGvRG,buy,1.0002,101389.63394716696,101389.63394716696,balance_delta
5R2Ahrz7FQgqCczLQ2RpBj8541xq8wCQgcica3bdLddrSj31RTYMp6aHyFeqgA6AFVpkZDM17EgR7wJjavAcYBF7,1787190057,2DCW6PvdpXwscZVanFmDLB7svT2STkUj2SuXSMR6C29g,buy,2.001,202426.742620226,202426.742620226,balance_delta
2dKbWQTZQnNPmSF6KosEV8cK4G6he54FeCjGNgkLHvEEkPikDCNB9cbtNRgENxYEr1VgbTvhePBLGctTZEXgtagd,1787190256,2DCW6PvdpXwscZVanFmDLB7svT2STkUj2SuXSMR6C29g,sell,1.9635905539999998,202779.904343898,202779.904343898,balance_delta
446HMTrCds21LXiPAbsn2oL9wH9iFtV2wgVWbJBYco88xMmYtgfnbNFaxrWWbdqxAcAxDHfD53FeaAMpPWCiRmZc,1787190289,2DCW6PvdpXwscZVanFmDLB7svT2STkUj2SuXSMR6C29g,sell,0.989550338,101389.95217194899,101389.95217194899,balance_delta
4K49hq3wvuiu4mUU4VcB14b2ihgcA6J8ed6XDUfyGPDxEhRjF2GvEsPEPxobK2BZtfxmSHsUZctjB2cxLQcBc4Zg,1787190344,2DCW6PvdpXwscZVanFmDLB7svT2STkUj2SuXSMR6C29g,sell,0.988428567,101389.95217195,101389.95217195,balance_delta
49YbtanTYDc2PxTC3Xo2SLAWsgkqVKFZhZKYUz5yMHVDax3nkaFh6kxTsb8vvfdvqqhwx7V3gjrt7hwhHmqZXk6n,1787190619,2DCW6PvdpXwscZVanFmDLB7svT2STkUj2SuXSMR6C29g,buy,2.001,236501.736113873,236501.736113873,balance_delta
2NxVmYjeTLtPu3wfGT2XXpPExDuzHvnVWNTZVD7icXULdTMaZSo3g9nZNh5Aw2DSPKCDuaGyYoSUuAvKoFbYNNvY,1787190622,2DCW6PvdpXwscZVanFmDLB7svT2STkUj2SuXSMR6C29g,buy,2.001,235909.867722598,235909.867722598,balance_delta
4XoCd2RH63vDFXtrUtUwC1T2pyBMeZszWGNVj4N7hj5KBCMPq71TQyZUvHsVwUb41vw5m6TYXRrMJEsQTJKtt26Z,1787190702,4iDyxGxPRC66QBNwYqMn74VtVm5Moy1ns4w3bAqYGvRG,buy,1.0002,121171.1186756161,121171.1186756161,balance_delta
4QPDFmaPWxX3KoD164DA5t2qetPczoYjKFhgYL145aLzLC5f8fyyYJfKzaDudGPkY8XzWRqwuyg4boPPwWfDWvwF,1787190703,4iDyxGxPRC66QBNwYqMn74VtVm5Moy1ns4w3bAqYGvRG,buy,1.0002,120745.38165026007,120745.38165026007,balance_delta
4dEQuLucmrQ2qypaq4372zpqCemECMGYdsmv34PcVFxfKwWL1Kje8WPe75a2bGLu9s16eQiSsKC4LS2Dd5kaFsXF,1787190830,2DCW6PvdpXwscZVanFmDLB7svT2STkUj2SuXSMR6C29g,sell,1.020274798,118102.90095911699,118102.90095911699,balance_delta
2hGTi7UBwPVeFgnEFxZZFfsnS6jomBuEdHmFG1YMSSPAxBPiAKkscbdw9TrhjTFoRajBHX9BBE9bcGLt8jstqzJt,1787190883,2DCW6PvdpXwscZVanFmDLB7svT2STkUj2SuXSMR6C29g,sell,2.9737141570000003,354308.702877354,354308.702877354,balance_delta
3GrkgaCavFYBznaSnu9zpe1BRkj9wQenUK9LbwnYTsXQEk5G7oyD8fpYi1nvRLr7Mwxzy5ezypjQa292uh1zMzng,1787192291,6DqwStHBhuxWGutooviZUgVDhT3F4Dy5pAiP2YErRCEe,buy,9.001000000000001,1060521.5522711189,1060521.5522711189,balance_delta
5u8CPrLkrXjjLYfC4eD9mgZzmw2qrsebc93PtuBsftSPTCG3VXQid8evc4V1kBgbfpjVkgrYvj7MLEfTdmGzrd74,1787194400,6DqwStHBhuxWGutooviZUgVDhT3F4Dy5pAiP2YErRCEe,sell,6.907806626,859818.713062387,859818.713062387,balance_delta
4FyDgFKjGzfDbqC1cXiD1bohBr1AUJcvNRuasVwegBjWwtotGLaYzro14WxSRnbxJSaBbmfdGYKY7aa6kY2CMF7C,1787196460,6DqwStHBhuxWGutooviZUgVDhT3F4Dy5pAiP2YErRCEe,sell,2.956524247,409054.06690383423,409054.06690383423,balance_delta
3z6bXTYfuazYaaPp6UHb19hiHNygNaWVhkaeKmZp2rzqxBSkG8gyaym77qvqfbyuuusDMY5XcDT18NBaHcsaQ21w,1787198995,GjGhvk8AdrQQnyhfGcaF3TNLo8tngc42QELQMoBkTGaD,buy,0.010100000000000001,1242.040439456,1242.040439456,balance_delta
3mMBGV7Qnt97dCZxRPxyp6zjtgTR1Hy7nY4Ye7Pcv54kuKEjAU8vAePX5LEUj7nMLKdahxLgbHepA4XAC5FxjckY,1787200507,6DqwStHBhuxWGutooviZUgVDhT3F4Dy5pAiP2YErRCEe,buy,4.0009999999999994,447006.1806868864,447006.1806868864,balance_delta
om6gDvHT34swrMYwyoGcbyg2actf9kwPM5SqLuwvLbPH4VLL83gepnVvxhkkUvWeH3yuPVJHXad2ueiPboj4BQS,1787200516,6DqwStHBhuxWGutooviZUgVDhT3F4Dy5pAiP2YErRCEe,buy,0.891,99073.52389457077,99073.52389457077,balance_delta
2dXePL3SA4TCcxam6FzyThHoTNNL9XLbTiCSxHKrL8rhYHaAVNbs7LPLCnWTpPtC9YnDmmBa6DkSTLidsFQdecvn,1787205935,6DqwStHBhuxWGutooviZUgVDhT3F4Dy5pAiP2YErRCEe,buy,0.241,29720.325194785837,29720.325194785837,balance_delta
55ygAhsHd8AdLrHLAf4ny4Jxcp2iVhZ7ZLC6uQ8h2RkYKzczEdgZ7LvgTFL7VEi66a3YuL2v5hZR1jPFB5HgZJ6N,1787206525,6DqwStHBhuxWGutooviZUgVDhT3F4Dy5pAiP2YErRCEe,buy,2.001,237339.55162052438,237339.55162052438,balance_delta
5W8aWafK5WSri3Nr9vJunZEJkcaDzB5gZaZh4PM4mfNfQZ4m3wcMVsYZ73WPQGv6WDjUA2ge5Z2V76J8sp5t7toH,1787206564,6DqwStHBhuxWGutooviZUgVDhT3F4Dy5pAiP2YErRCEe,buy,0.701,82918.43426569784,82918.43426569784,balance_delta
3ryCCYpjwFbrQTcjepJDHobQ3wzzEihcXGWkN3vwjkETfJHyLmjnJSZtSPAAX2ebXPADAJSrG5iYHUD8fpewe38c,1787209224,6DqwStHBhuxWGutooviZUgVDhT3F4Dy5pAiP2YErRCEe,buy,2.001,225597.67314414913,225597.67314414913,balance_delta
2VWtPigLMRnQqAtJiaV4fnoAU17QCwheTW9h9wCFU4KS1ZVdSJHxo34UU6xrSw8TFTvoMbmvPK2C9bomK79AwYAi,1787217401,DHa6wxqgfTsb9v24meJo8tvZtqPBBk2MKTbcVXbmTvur,buy,1.0001,104796.473169857,104796.473169857,balance_delta
3R9FsdP82SkFvaMNhLPSoqkae4EqxScaXKABt8q19g93gL5bxarXQCzNugphqFjdJPPVZeZyAEYigFscwFwnSkJk,1787219714,3883isRkbz3Brq8DcJNrbnq1QZqwmzTxAC3qAzs99Zvz,buy,2.2827285570000004,237878.051859038,237878.051859038,balance_delta
MbH5KCSeXYSruJp8MPNMLkATwz5dC3SSm6AGa68rUY7h9iuWUztDhmuPUbyADWY1uiyQ2dW3kLpXEUK1BWDY4G3,1787219714,68gwUiYYRgbUU1PsRfuRYzVVZkvJjvd7zDvv8yqkbe42,buy,1.0002,104443.010210916,104443.010210916,balance_delta
4g7hbyPu2xYsjsg7ck6DtQKv4FuZQa2CpyRLhNVBfkGP5JMW7sZTe1m2j3U1NCWuAcTk3iZN9qujopVdvjBANEKD,1787219714,8KQriAKQrWJY2CPMLGmxwMz2sEhKjq6hEd3Rwx1B5Zu6,buy,1.468116538,153693.198251576,153693.198251576,balance_delta
2aM7Q6AmTrJ2qcnDVHn7VfZJPxtjtnvjbk3SxP8XTKWywPCqfrQCVXrUYo3MgRRsQnw3AhTLCcBaosqQDFZ6Saxz,1787219714,9W298hjW9MJ9mW3H8LHxzdqV5N7jKgnN66gQzPACg9ZT,buy,2.2871330530000002,240356.206197899,240356.206197899,balance_delta
2jL5D6f3ssEPiX5ipjqG9QXVk5VY6rek8Ey5b6YH7foQ9NNkhFpXiTT14EdNTAoCtooJebVMseKMkiQekHv4JNae,1787219714,AaJsuS3A6zQsV2jdwEVoe4vJ3mjKXRw41siqweSKNchk,buy,2.348075455,247454.238629533,247454.238629533,balance_delta
4DwbRkoCd4Dbh9QnxjtRpr6xCPB7ghjeA1PnugP4y5wHU4KAsYg8edHHwbETtofQGs8FfvdzT6pq1kAmpNyJEvD6,1787219714,CQ4n79cjiQ3tRSMFTGzKPSYoCaazfuCGu2Y7Hzd1aUj2,buy,1.882397685,196873.918968868,196873.918968868,balance_delta
61mVDMchVxrXXcBqozWJWUo9w4nVJ8U9j7pgmnP1q9SbuVmKFvkdRfW5R3RVGY3GrUZy9mFdQZUhVAM7QJFZ8Eac,1787219714,FiN6YjR6Q1ovRhUHJsGW2VuLKWgqgQ59Yr3ck6pU7jbm,buy,1.546103036,161251.973517232,161251.973517232,balance_delta
57YvAwWWoCPhKrupCTqdzq5kMLYnr8BycuCsSNNTBxQJTAHrWwWZn1VHkwvQD8MzL9x3VfYGLuXtyCytYxz44Rmg,1787219714,G5nGszFTvbcoVEQqek9qStAT76ffLmjr4UzEtMoouizp,buy,1.80348972,187342.073380565,187342.073380565,balance_delta
QbnuUVAPhgagY5mcykLkhv2ArxuCdxkeWKky1BRQZzGhfepedpr12pXTrDhfnS8PyGtmRhtxPAJTFqP8CyXoQis,1787219714,Gwk2S8xumrwaWQCKf1rwoGg3RS2rUx2GUCfiiE7Mm3QA,buy,1.437455236,148683.480174182,148683.480174182,balance_delta
3ofU7omx7xf4h2b6vZJKL3FY7Skp18Qs1F6xsBx9Vkp6wed9GgjhzCQzST2PJysg8yMPqZT8rzZtxAZWrpJR4QgP,1787219717,8KQriAKQrWJY2CPMLGmxwMz2sEhKjq6hEd3Rwx1B5Zu6,buy,1.572073992,160731.992290168,160731.992290168,balance_delta
LTKDihFLzF2vnPPeUNaiN2Gz9yPa4uCHAPEFJp4ujK9Be5R5XKdS2rYuk6c1aV31yg6UY5qbbG2W3VNX3tRcbDu,1787219717,9W298hjW9MJ9mW3H8LHxzdqV5N7jKgnN66gQzPACg9ZT,buy,1.465863217,150090.835567343,150090.835567343,balance_delta
5Y3BZ7qdbToL6cBHHE7UvB8HCV57vaoQn5DioC23GcDGveuy6mxU3QKuPdinvjN76UPY5i9X7wHSoBehXWLvrVP4,1787219717,CQ4n79cjiQ3tRSMFTGzKPSYoCaazfuCGu2Y7Hzd1aUj2,buy,1.570075184,161368.31233372,161368.31233372,balance_delta
5SRXisirb6dxH7gQm2yHSXrmuqJg85UoRf7pdAJFKVEaZGLTJGNn9jC3rW81wxGcjgmXT6bCmwCCvhkKnxgQQDCs,1787219717,FiN6YjR6Q1ovRhUHJsGW2VuLKWgqgQ59Yr3ck6pU7jbm,buy,2.2916632150000003,236993.972997953,236993.972997953,balance_delta
9QZhyCsBA67EvwjtjKkky4UGZPGyXkA4WWCKDBrS1dFAS1BLtZkGR98Zf9Ef4zwEe3tpHMYpe3mx2uDwU3yQzq8,1787219717,G5nGszFTvbcoVEQqek9qStAT76ffLmjr4UzEtMoouizp,buy,2.2240714190000004,229378.216994988,229378.216994988,balance_delta
3oNP42qNve1kz4wZg1fMrcee8uvgnteCvtdhPJRnsQfgPKG7thik4gKfaWGz3NyiY2QUu4pjkewxaNbx3Ntpmfb5,1787219717,Gwk2S8xumrwaWQCKf1rwoGg3RS2rUx2GUCfiiE7Mm3QA,buy,1.463743864,150128.077675358,150128.077675358,balance_delta
4GUfhxJURQK7Kd9qhCsTGHRKuyahu84zbZRsNyxwrzBGogfkQx2G36Mg6XifBnFJcoQD4ugCRJG9j4x2ie2M6p5P,1787220635,3883isRkbz3Brq8DcJNrbnq1QZqwmzTxAC3qAzs99Zvz,sell,2.949596771,237878.051859038,237878.051859038,balance_delta
5oGGBDor9NDVmCd5pkWwFz9b7sAsfufbGBiSnAzNjPoDPAENfPf8eRQcJAAxo8d12w84dSfQLQQSsxKUMxLZ98rG,1787220635,8KQriAKQrWJY2CPMLGmxwMz2sEhKjq6hEd3Rwx1B5Zu6,sell,3.819222051,314425.190541744,314425.190541744,balance_delta
4skJ969STvqgXoEPn42x9LNdJiE9rVwS2Yh2YEVpvh2HKho1gKwJt2aPL2uKnagn5SWJXY8dg6mzpxLkrjft5NxA,1787220635,9W298hjW9MJ9mW3H8LHxzdqV5N7jKgnN66gQzPACg9ZT,sell,4.764464515999999,390447.041765242,390447.041765242,balance_delta
2dc176m6W4JV7NfksthGsqbJihJCdvLkY2s37YVkrTcbQHmqR5yUBchp1SkTNYhZCdjKHYQS4ZSiMYo7otAoWWmt,1787220635,AaJsuS3A6zQsV2jdwEVoe4vJ3mjKXRw41siqweSKNchk,sell,3.047016517,247454.238629533,247454.238629533,balance_delta
3Xbupah1fqKSCjDYzPS8yijXho4vGRuhkmspNpij2rWfLV4jtZ8ZFaVzjBYEvd5PvtpjF34U4R7jdCjdwZuUZVue,1787220635,CQ4n79cjiQ3tRSMFTGzKPSYoCaazfuCGu2Y7Hzd1aUj2,sell,4.459992584999999,358242.231302588,358242.231302588,balance_delta
2V1ZzxxrgjzJ2BmFjSa3kc8XgLahoHVFHKvM2hAhHysmpCuMa6QaoB9tdz8gYTA9uDCAj94fYmmLenfabxcopU78,1787220635,FiN6YjR6Q1ovRhUHJsGW2VuLKWgqgQ59Yr3ck6pU7jbm,sell,4.8843409289999995,398245.946515185,398245.946515185,balance_delta
612iE39sRPdw9ka2gnqEmWLFZDQbAcXSSXob7bBwPQPXjEc3BDkaHsJdWifJt1udggqeecJnZAjWHyio4e3Qe6AQ,1787220635,G5nGszFTvbcoVEQqek9qStAT76ffLmjr4UzEtMoouizp,sell,5.038646415,416720.290375553,416720.290375553,balance_delta
5NhpBbpuKsobwMXnt3dnjJdQiwLYvcXq5otWDtUHP5ea1k2pyy7TS5wd9t4tJhPyDGBp88zPchKpbSYTu2UUaGqQ,1787220635,Gwk2S8xumrwaWQCKf1rwoGg3RS2rUx2GUCfiiE7Mm3QA,sell,3.692698396,298811.55784954,298811.55784954,balance_delta
66amEJe3q2AaJ8F6NGcbKFovb4vcqcUx4KuzfQUktMLgACKGDYxHzvt7gXVra6PWYJ5cJDbeaDKivr3F1aF1tTQw,1787220636,68gwUiYYRgbUU1PsRfuRYzVVZkvJjvd7zDvv8yqkbe42,sell,1.2651701499999999,104443.010210916,104443.010210916,balance_delta
3btRcQ9aEC4jUoyw6kn7U73MsGC6Li59n5EwpBHoqdC6befmUKm8UejWQxK28kAb9bs3YthbwQeVoG8nqDoinWRk,1787222554,DHa6wxqgfTsb9v24meJo8tvZtqPBBk2MKTbcVXbmTvur,sell,1.2373728800000001,104796.473169857,104796.473169857,balance_delta
3sT2BsbfLQM77fVd7isNxHpipoMbw5k9zD2mGZipZYUHuY6QoBd6NQUhgDXvpAdrzEwojzWt8gLeSqwL1F8pv9NM,1787227954,4iDyxGxPRC66QBNwYqMn74VtVm5Moy1ns4w3bAqYGvRG,sell,8.445367606,559205.866908614,559205.866908614,balance_delta
nkh279x1Td1NC1c1LBtEBRHtqEw8mkNqNd34mb7mxWDugXUBBxUHia2baTeyv3teffbCgDJw9FB2VcdXZFDK9oe,1787227960,4iDyxGxPRC66QBNwYqMn74VtVm5Moy1ns4w3bAqYGvRG,sell,8.367558526,559205.866908614,559205.866908614,balance_delta
4XhaocAPtZUbvnZLzXTK4y8Wyt9ACyHxuNRdjni6KBFmY5J7BFgwnC7SSMx7PHzj2Z3vspUNxfJNU8KhCieGYMMD,1787230037,6DqwStHBhuxWGutooviZUgVDhT3F4Dy5pAiP2YErRCEe,buy,0.501,35039.215997492895,35039.215997492895,balance_delta
5uMBtvvsKR5FxmMUzqdHQn6JU9U5vX7m4mTwE7XQuKfZFjpyEWPLdgu85NvjHpcH75DGyeXVivybfDs69WSBVFrG,1787230433,6DqwStHBhuxWGutooviZUgVDhT3F4Dy5pAiP2YErRCEe,buy,1.101,78658.70416300278,78658.70416300278,balance_delta
2byxSomqAFpeRDEDqxKq9TZo5cw3UWisTymrojZh2YaUcrFmjaV3A7kxFMx3RemFF8acSLTf9qPwauzpLA99K6Kw,1787234727,Ahekwy9V7q2tmqJdTX92TAtEHM4pafQbsfc5oLakbZs1,buy,0.561564952,45126.235492129,45126.235492129,balance_delta
28Fhx7DGgNeTMdkr2M1XdW7YiUF2K6A4qAsJqQBVtvieqjsa6AqmP3aNRp3AYj2XwbirpTLarVyhnX4WQdZ1YHeL,1787234727,C7PNbARVAHeskaefdcu7fy21dCN3qNANKuT6Cka2av4L,buy,0.690857983,55651.3742146,55651.3742146,balance_delta
5arTB1HuzmKTubVSBmCe7Lenm43Y95dnguNWLNdXanpUjZ7baJPgR4n4A7Mogwtq81GiqPYUfcmPNtjsTtErHmZb,1787234727,JAGPLMkgPWRxFJekMU8DRHRurw968GGYHRMEKUWheYcD,buy,0.7566949049999999,60932.978231612,60932.978231612,balance_delta
2v9S2w7yynHnnwa3ySdNWuByFkEx9KSRuqDaJLAnEdBGJqtEsjMPsioiSXj1TrrjgYBaKRExbhaKKVH45hoeFmGx,1787236947,Ahekwy9V7q2tmqJdTX92TAtEHM4pafQbsfc5oLakbZs1,sell,0.57657205,45126.235492129,45126.235492129,balance_delta
9gZB6kQoc3qkYDaeY1LT9T7g5A6zxcNWbTFw1NMhoXQovyeWDqrq8rNKGwvLXdafgcbVxUxzqiw99GtwpPHPmz5,1787236947,C7PNbARVAHeskaefdcu7fy21dCN3qNANKuT6Cka2av4L,sell,0.711046229,55651.3742146,55651.3742146,balance_delta
2HhUgmDuEs3axV2UoDFK2wQHA8CVsTbiUsn4uRMQoPNBSQEu6HBDu6oEbk1oPJ96nXHtGHGyQXNtwM9cHkuP4cJd,1787236947,JAGPLMkgPWRxFJekMU8DRHRurw968GGYHRMEKUWheYcD,sell,0.778122494,60932.978231612,60932.978231612,balance_delta
cpcrwuzPUeyvZ53zM7mD5jFFbyegX8gn3NxNaUzGkMjBhPzHNGMEBDJHAHhWWZdthf96vDYMLGSERFUGxxQRzUF,1787244536,3o7YPX68tAMJdYH6CeqNpvcNe9ZGcgFzBzVsoUQZgSbo,sell,0.12850968399999999,9617.924941499,9617.924941499,balance_delta
4KXKmDdiNospcLCNyd4kUsbs2UpX2tVGx3bTcS4KzqjimrBczy7HdpztzugdSTgqeM2yKGW9uuvW5STvuUjX8Tnv,1787246507,6DqwStHBhuxWGutooviZUgVDhT3F4Dy5pAiP2YErRCEe,sell,3.9327807210000003,287562.70956461877,287562.70956461877,balance_delta
3DNmCZ52joqJTAknVPEFqpq3oywAG9BRuqNzHbVRAFtrgAe5HYoMBqasCzW4CbZsxHYHuC9muePMeQGVKLYxWo7Z,1787247719,6DqwStHBhuxWGutooviZUgVDhT3F4Dy5pAiP2YErRCEe,sell,2.458723142,174023.01099811215,174023.01099811215,balance_delta
rDdqPCtg2R83xCtFNDRwo9ZSfVfgtD5fevXppFM6pLb6Qo12SU9xFimZMZpSJBc8iGLfqRAgohHTkBCfuJLAKBB,1787248522,6DqwStHBhuxWGutooviZUgVDhT3F4Dy5pAiP2YErRCEe,sell,1.476971397,103857.60726678604,103857.60726678604,balance_delta
3nLpz8gVnifo7BAtn2gq9ddugHKaaihrkPNCDH8z3Br99TAZKRWtGo1nEFfdWr5UpvUiHctajdFy9NJLdx8PL1jJ,1787252076,6DqwStHBhuxWGutooviZUgVDhT3F4Dy5pAiP2YErRCEe,sell,2.949268323,280603.3744283179,280603.3744283179,balance_delta
8C3rdyzweFK5iS24fkmJF55kNqffr38Admxguv4HiPGR53Qy1HzvhJhHcpXMqivdSBeKFEHbZKgsgzenX132juA,1787252136,6DqwStHBhuxWGutooviZUgVDhT3F4Dy5pAiP2YErRCEe,sell,3.9332057750000002,360153.24517141096,360153.24517141096,balance_delta
5FzBQnDiSTL1Dr99F8Pe7cspEtxXjo3FF2sj88DzYs84fZeQ2RPwwemuL1biy9DVXSJ363EsR1WCi9nRaf7bN4Br,1787252879,6DqwStHBhuxWGutooviZUgVDhT3F4Dy5pAiP2YErRCEe,sell,2.963212888,273048.3382707301,273048.3382707301,balance_delta
53eWJfrrEmWwaNMas1rnbW5rBTUCzEWZL64w5MjGGfMnqctgngTFVwCofvFd9aVZfxqJv8mM94xQQaM5ZuVcXXsT,1787252969,6DqwStHBhuxWGutooviZUgVDhT3F4Dy5pAiP2YErRCEe,sell,0.988417938,90687.5588033339,90687.5588033339,balance_delta
48Y64k75DyXLcwB9THNP8qy8eaTC9hnJ4v6wcamEgCbpRJNpJnXpGC5yrVtqYd6cUghdQawbBeKg8zFx8U9sXqrb,1787253975,6DqwStHBhuxWGutooviZUgVDhT3F4Dy5pAiP2YErRCEe,sell,3.932264415,379957.2745362581,379957.2745362581,balance_delta
4YAhxcT796nMpVichAobbug8miMzh5kfg7d73ZM1ZHnKFsDgzDXadfiC75VXE7r8RFQ3GKPVHeLtaLFirAgziJM8,1787255854,6DqwStHBhuxWGutooviZUgVDhT3F4Dy5pAiP2YErRCEe,sell,1.967059262,181522.8651216589,181522.8651216589,balance_delta
5e1KVr7yxo9hjViUZe2jEwJGEigW5YC32CXpboFo9xJT3bbtYKQTy8Hz43gKuj9sDnwPSNo5ywCjQnbNz5DyQ4j1,1787256861,2AwjJTdTWCu6QjyZKvF6oVEd9TkQP1WYvVswFvDEySxn,buy,2.755445404,224601.791526501,224601.791526501,balance_delta
A3Btt5sJDdFfKwZ5x6TJVX6Agu9sdCZpaH2QPX5pE2UhBmiM4vcQTjaBpAuBSWCk6j8td1KQmDf9exgG6APAWX6,1787256861,DenZLNzBtE3L8T1kQFKh8oE7FCXBrdsM9xwCbsnKvdJq,buy,2.514725742,204341.323490673,204341.323490673,balance_delta
5UtsnPxKUuCqxKELwjniez5DZYPcvDRbaKPPt2fSJgD2dLj6hT9birDi41kqMaq1Erqc2Bqqn5nBK3u31QAMUjQP,1787256861,Hedt6aVyFRvxpQJkrrqgZ3e3JxUNb7ufCVyYXMnHYYE4,buy,2.602077837,210917.999627335,210917.999627335,balance_delta
57Y4Lw2aMt1dMwNiSbpUSqYzgv9BtLUZ5JR8q1gXDquJ7tNnnvhduaXN2dSUwCzhoKonYdqALo7WWnEVGzUCDGSN,1787256862,2AwjJTdTWCu6QjyZKvF6oVEd9TkQP1WYvVswFvDEySxn,buy,2.572921444,203386.79110504797,203386.79110504797,balance_delta
5iYWFC2L3aaxkvzRzguVuowgyNwf2JrhD2fJ8typCx818auL71X4aejNG7vsjj1TnSYdtuBT8G4hwF5nQGi81RQi,1787256862,2AwjJTdTWCu6QjyZKvF6oVEd9TkQP1WYvVswFvDEySxn,buy,2.754231972,215539.66546078003,215539.66546078003,balance_delta
4qYTHKVuThLmGzKYEzEQM3UnPXaJ1r9DwxFqMpJtiBw9ByABs69NBfNKaq9svqFPbnPqAGjQZ8jPVd5FAdcpprLf,1787256862,2AwjJTdTWCu6QjyZKvF6oVEd9TkQP1WYvVswFvDEySxn,buy,2.380615174,184167.57572557603,184167.57572557603,balance_delta
3LihDoXyFjFFeVXNrqAHDYM5A52GfE96yQRRKP7jke74nFdNBGGA4rqnNveupdA8A8CuWtCXQPj65f6oFPdpc5qm,1787256862,5kidNviTucvoHuFGuPQUikWokMxsLZMncGrS5gK9Cujs,buy,2.474923309,200289.406802547,200289.406802547,balance_delta
2xCA6yYVU18VruNgoZPP2G1kC2yrAGza1zAQuzsG6ViH3q2uK5Ext4xv1sBgRdfsCX8VxyasXQtGrkEpQvSSD3ub,1787256862,5kidNviTucvoHuFGuPQUikWokMxsLZMncGrS5gK9Cujs,buy,2.717436091,218187.67345270503,218187.67345270503,balance_delta
2bLgtU1A454voCRdwixvxYPRkEsbNyZjp9Hf6jWYm1JwAj8SozEbC3ByUsaD3e3dZHCyRCDuzAz74RK1oMLxRS34,1787256862,5kidNviTucvoHuFGuPQUikWokMxsLZMncGrS5gK9Cujs,buy,2.7453295239999997,215959.21720819996,215959.21720819996,balance_delta
52zUCD56mUgBH4FeK8HoHgBKDM9wtdPJEwgKKrJ2EgcmjNi5LTXj9sNFr1GvAETwvMjGmYR7Hv6eVwbWARKm3h3j,1787256862,5kidNviTucvoHuFGuPQUikWokMxsLZMncGrS5gK9Cujs,buy,2.573446969,197154.811228232,197154.811228232,balance_delta
3CHp3s9eJzgNtWeU3A3ihH9WrKTgpeqXGfr1gXd6iTX61ALxDmhCGKACSw5joVxdrYkyrLw5UhQSwhS52Z9yBqHH,1787256862,DenZLNzBtE3L8T1kQFKh8oE7FCXBrdsM9xwCbsnKvdJq,buy,2.6931492059999997,215099.935825507,215099.935825507,balance_delta
2tm8Pq9Ex8LFHNUt3g8H9eEtamUXXCW5qhSQpcLk3ikqBpETGPHqniiiiB9iLm7hsQj78UkKTMSFXfoCTTR4Dbji,1787256862,DenZLNzBtE3L8T1kQFKh8oE7FCXBrdsM9xwCbsnKvdJq,buy,2.39273536,187635.860948805,187635.860948805,balance_delta
5D8aRni2RxjzaXTVJLBo5P9TWKQn58NMtaB6jiUcBg5xr5aQor3PkCnxM8zDCmcqyPnZEST8EqpWxBV5Uqb34kCa,1787256862,DenZLNzBtE3L8T1kQFKh8oE7FCXBrdsM9xwCbsnKvdJq,buy,2.6507870739999997,204637.86058083293,204637.86058083293,balance_delta
3omfP6gtwre3YTKYvG2xMJi6UrKybePoECXiRVt8zphQxaGCacoxT5rYEN3F7TrnnknVNSXDcFN9vv1cEmPUoWNH,1787256862,Hedt6aVyFRvxpQJkrrqgZ3e3JxUNb7ufCVyYXMnHYYE4,buy,2.432815483,194739.85910257202,194739.85910257202,balance_delta
EY1oUeV6Haaf4PHkn5JehnCHMCsSh9r8Xx3hzs3dtMd7eknvK4XXrFzXjuTgvaoPaof9cbkypJXYhJg9C6vCscd,1787256862,Hedt6aVyFRvxpQJkrrqgZ3e3JxUNb7ufCVyYXMnHYYE4,buy,2.716336888,215857.01056619798,215857.01056619798,balance_delta
25JWPyy9y1C8EwubTko3RKrdtBifMG5Xc8RFh9Np7J9D3vkpMzqGaRqu1xvMhFEyJyG1Uj1KcJE6xF7rJWcPkSbY,1787256862,Hedt6aVyFRvxpQJkrrqgZ3e3JxUNb7ufCVyYXMnHYYE4,buy,2.275105124,176383.01826021506,176383.01826021506,balance_delta
sHtbJggD7B1Exk9AAx7MJnMyhMJJPrXbRoVn7MDfcG9eDbW5H3GiGLo7A6HGiBErXNsnJUPbjekoNABeNb4MqzM,1787256863,2AwjJTdTWCu6QjyZKvF6oVEd9TkQP1WYvVswFvDEySxn,buy,2.264043584,171176.27910111193,171176.27910111193,balance_delta
25Z4Ph8orQMxVS4wmmswPxe7DCcknWwCsA17GhuKozyLWonWVQ3E4CudH8WpqyLxttucqqxSpXunz7HfCxppo8nZ,1787256863,2AwjJTdTWCu6QjyZKvF6oVEd9TkQP1WYvVswFvDEySxn,buy,2.371065792,176327.62153744302,176327.62153744302,balance_delta
3F2yueVYbXSwDgpE4nNHDaV9W5VDZ8vUzcBrPadkedEfK8dNrwkk9LjU2T8yLE8mQCvDkx5CDcb6d7Kbv4QCwZDA,1787256863,2AwjJTdTWCu6QjyZKvF6oVEd9TkQP1WYvVswFvDEySxn,buy,2.714290774,198900.27039434598,198900.27039434598,balance_delta
2CmVxWoaeUn9Wwzb3s8GxNaT6BYWdpJvGWXBdjyd6vw8fMi9gd7kL7tt5uu5wCftqDm5cQyphjdBRFwBfKgtnU65,1787256863,5kidNviTucvoHuFGuPQUikWokMxsLZMncGrS5gK9Cujs,buy,2.433846909,182220.21034349408,182220.21034349408,balance_delta
3Vv9twa5gaMrQgztCNQpLj2GpxHTYFNBoN2DeL5eNz9NMTsC3e6nhPfsTvvqSiu7cHneXU7Lz4FhN9C4g3WULLoc,1787256863,5kidNviTucvoHuFGuPQUikWokMxsLZMncGrS5gK9Cujs,buy,2.693433412,198908.90115141706,198908.90115141706,balance_delta
5q95D4KxNQ1BuzTFXNfLHRvDQiYAGyNJY7SkUgEQBDKQnQXZwzT9EyBnVMgu7n3me1xgZHSRPCUTmSERg2BaSvjP,1787256863,5kidNviTucvoHuFGuPQUikWokMxsLZMncGrS5gK9Cujs,buy,2.636429795,192670.590780786,192670.590780786,balance_delta
zmEFqZhw46hA3GNwsQffnM87RVa12xnKVJVvCRc4Twx3w5oV7HUF7upYLTDD2qBMa33FoXSphSuSAqCJFzK6Z9n,1787256863,DenZLNzBtE3L8T1kQFKh8oE7FCXBrdsM9xwCbsnKvdJq,buy,2.746473577,207293.85954414203,207293.85954414203,balance_delta
5LRRvzR51JBMr2DvBnGVswmkzbTj1h2v8KTmEUHhg8EZxKtgJc3LLYpgcernV1QQPhnYBWnS767wmmsPcdTyoU4P,1787256863,DenZLNzBtE3L8T1kQFKh8oE7FCXBrdsM9xwCbsnKvdJq,buy,2.530829202,185514.07838794612,185514.07838794612,balance_delta
3Sdy6nnv92SfawwZqYSURLXmTMA6joqvBEhRSkvJHhkB1sM7YBzuWPhbmmxR8DcRCb77y2NW15byhfEk6xeB6Kfc,1787256863,DenZLNzBtE3L8T1kQFKh8oE7FCXBrdsM9xwCbsnKvdJq,buy,2.316396234,167937.11926974892,167937.11926974892,balance_delta
58XuxngGkF8E3BMFfRAB9xqKEwr6v7JskqhrWKA9FGWtZKYAdoJFqjKGVcahfdQp4gE9A2RJt6C91PvMvqLrcPzQ,1787256863,Hedt6aVyFRvxpQJkrrqgZ3e3JxUNb7ufCVyYXMnHYYE4,buy,2.3523433160000002,178288.9639536069,178288.9639536069,balance_delta
5dYdVTaPZrfoDQmJEAGnPpUMGGBMuVPkbG9EVSVHJdVikfeDeoU2htv5cq5MyrX2JZEmvzqDtFwJMaEPcAtLuPzJ,1787256863,Hedt6aVyFRvxpQJkrrqgZ3e3JxUNb7ufCVyYXMnHYYE4,buy,2.398618238,177500.1726643351,177500.1726643351,balance_delta
5PJGoT3Vna4TTvrvNcmZHwSsEF2VN15Ag4FAzDk6XDhm68rMbWHCJzGdPTEy7RPDebuJkQjdV4cX1C93Yp6wr8ah,1787256863,Hedt6aVyFRvxpQJkrrqgZ3e3JxUNb7ufCVyYXMnHYYE4,buy,2.7565226050000002,200474.59868082986,200474.59868082986,balance_delta
5Rzm5quXSPCKt39FUU4pPUwjLa6BaBnQ9Zw2daBoD3TuWgHKNPaFyMU6vZfE6f1tXsy3SU6xAy2QwZ3N9z5kd2NQ,1787256889,2AwjJTdTWCu6QjyZKvF6oVEd9TkQP1WYvVswFvDEySxn,sell,0.999771367,68704.99974254007,68704.99974254007,balance_delta
4vHAxHsuEQnBRqPmCZcnSEj2UMqL8uxpdPEprVD9bM1GyJYyAs2mp3csBL1ni9NPhs7gD1BG7K51wSzrdRooH5QY,1787256889,2AwjJTdTWCu6QjyZKvF6oVEd9TkQP1WYvVswFvDEySxn,sell,0.978890607,68704.99974253983,68704.99974253983,balance_delta
SsKYWwuH678X6MNytmTMoB7zbJcUR3W4XWCNF1stQ7YjTevgt3MaSFdBGVoWC1riqAqqRo64iuNKykCa8ai63Vw,1787256889,5kidNviTucvoHuFGuPQUikWokMxsLZMncGrS5gK9Cujs,sell,1.026456165,70269.54054836906,70269.54054836906,balance_delta
LneoZDSw8w1ERsbmxGjGRQazRVLa88VkTEvcWWTMkYrBicCsm46971jRn749KYeiEfvY47hNW5WzogrTFBnvchr,1787256889,5kidNviTucvoHuFGuPQUikWokMxsLZMncGrS5gK9Cujs,sell,0.999372228,70269.54054836906,70269.54054836906,balance_delta
3Hv1ripBxYUu9v3o7WJYVy1KyeDarV3jBZpDaHZUkRQKixR2YGn1ZtxaXkMTqKPnJArZUkHoZr1m6UNcvGQm9rj1,1787256889,DenZLNzBtE3L8T1kQFKh8oE7FCXBrdsM9xwCbsnKvdJq,sell,0.996673243,68623.00190238212,68623.00190238212,balance_delta
32fYkBKfCETWdK4FtZtiY12LY5UZNp5LycBHfntEHxyChDsc3JqiGmAL8Yrj4WSzLVAR9SJDM4ZKfU6BVB4WSo35,1787256889,DenZLNzBtE3L8T1kQFKh8oE7FCXBrdsM9xwCbsnKvdJq,sell,0.974948699,68623.00190238189,68623.00190238189,balance_delta
3zLamxj2KyA9wbFn5tePorndee17mSGycjm3E5t3M4zgnkkBHFsWE4qwnYDd7Rv36w2BxjUXsgikP8ofdZ8aeYGD,1787256889,Hedt6aVyFRvxpQJkrrqgZ3e3JxUNb7ufCVyYXMnHYYE4,sell,0.9842820680000001,67708.08114275383,67708.08114275383,balance_delta
4toUTJDRGry9yPx5PLAzgymC8cHtyVMYQ2z97Mi9DkQcqiXneCfp5B439sLPyyGLf4yBVDbkxgYFPTirAovz9Rjx,1787256889,Hedt6aVyFRvxpQJkrrqgZ3e3JxUNb7ufCVyYXMnHYYE4,sell,0.966438879,67708.08114275406,67708.08114275406,balance_delta
61zc7XHUc8dLpTZXAk1g5crrHdZ6C4FLUd4sUhGEegGeEbPKhWVZnLe1p75AoJJs2FEW8ZYCQ9Nwt1sqREa97bXZ,1787256890,2AwjJTdTWCu6QjyZKvF6oVEd9TkQP1WYvVswFvDEySxn,sell,0.923079123,65269.74975541304,65269.74975541304,balance_delta
5c7tmWKNu1ejfF7zX4owrhpf65jCXYwDVj2sAz7URCTsC8TnLHBwLmDTFM78Wd2g7LgNBRK25XtvL6cP5hYTiF3y,1787256890,2AwjJTdTWCu6QjyZKvF6oVEd9TkQP1WYvVswFvDEySxn,sell,0.8626715939999999,61834.49976828601,61834.49976828601,balance_delta
4mivVBvkbBgDUBzwDkqgpuv1PSCuWHmChmoomJhtexZHajRnStvr76crJcCztc16vHWLkrwpFztQi1x6tw3dgMMT,1787256890,5kidNviTucvoHuFGuPQUikWokMxsLZMncGrS5gK9Cujs,sell,0.941671999,66756.06352095003,66756.06352095003,balance_delta
4zaUVCNAjkRhbEkLuxmwYpdzaoShHZDLvYqzTq4wpGoqffNemap7ZYAzvRMsqwoeKZuxPrkDyRAfudxs2tyk99HQ,1787256890,5kidNviTucvoHuFGuPQUikWokMxsLZMncGrS5gK9Cujs,sell,0.8794442579999999,63242.58649353194,63242.58649353194,balance_delta
2vCxPFAUytiTJMrFZAv83NStQjYQa4v5vPQHigsc6r8YQP9BzMUYfcEtNuFK6dU1AxUPvZdtMMh7M29Xf1ynf7VT,1787256890,DenZLNzBtE3L8T1kQFKh8oE7FCXBrdsM9xwCbsnKvdJq,sell,0.917901856,65191.85180726298,65191.85180726298,balance_delta
3gf7JJttLK8tyqA7LfEnQhgjDqoeeeW9KAkvR6wGvBVuZUfrWPBtbhBQTd6mJRTTmhy9syoUM7PKwmVg1dv3qDRZ,1787256890,DenZLNzBtE3L8T1kQFKh8oE7FCXBrdsM9xwCbsnKvdJq,sell,0.8602067489999999,61760.70171214407,61760.70171214407,balance_delta
4LhFrhAhHYk9CCo8XgedZcvj5c5uqf4caHTKJJaVNZRmsJQFf9Q5j6Mj76KzNwgbUs2eHZxF5jmVNDTjqSho8Sdh,1787256890,Hedt6aVyFRvxpQJkrrqgZ3e3JxUNb7ufCVyYXMnHYYE4,sell,0.911246092,64322.67708561593,64322.67708561593,balance_delta
2cmU65hGGf9guDiSsZ7hKMe4S94uEVMscDxLsjzU3K28fksBUHGWdwoHffwz2VPtZsdpSf2p1dZmbvyy1oG5hrSW,1787256890,Hedt6aVyFRvxpQJkrrqgZ3e3JxUNb7ufCVyYXMnHYYE4,sell,0.8465583459999999,60937.27302847919,60937.27302847919,balance_delta
3dhmRG6be82fHRzbKCy8UgwYyBpD2TLVPgD7mjZ3cqLF69qRVhDTKMxvBz4NnMqdXbAS66qCXSLNPdsEm5KLsuVT,1787256903,2AwjJTdTWCu6QjyZKvF6oVEd9TkQP1WYvVswFvDEySxn,sell,1.520724294,110958.57458420203,110958.57458420203,balance_delta
5v2KnBcBZHAqxZzfnyaXR6fB4uXP9jhkZQpPbCx4W7X85irr4JnX57fQQgjuhkwCgicQK2LuQE4bwDnGeXEMjjrL,1787256903,2AwjJTdTWCu6QjyZKvF6oVEd9TkQP1WYvVswFvDEySxn,sell,1.491914072,110958.57458420203,110958.57458420203,balance_delta
aVmWMdEY6hxSrttpT7VuN9dhFWdVFVmrjoUWz12CkpXWVxLkzQ2LUVCUaM9XhgrBpJXE3HFoM6znkPHaWZPvXQm,1787256903,5kidNviTucvoHuFGuPQUikWokMxsLZMncGrS5gK9Cujs,sell,1.550800481,113485.30798561603,113485.30798561603,balance_delta
4tRyxtRmGGpd17JqMwCz7nWk6rb6RhoD24Lyiy2CppRKvNPVvugmz1YZKxUNYw8mzbZVNjrbXwNUP7z8TznQ24MT,1787256903,5kidNviTucvoHuFGuPQUikWokMxsLZMncGrS5gK9Cujs,sell,1.5394475,113485.30798561603,113485.30798561603,balance_delta
4X6iLATyi8nbyYbaPsHE6icP6h2nVrdDo9kxzBN5Ww2f3wXBQLboAGNiRvicJRaQDeTaiWhkfbDUFxUbWu1auqoq,1787256903,DenZLNzBtE3L8T1kQFKh8oE7FCXBrdsM9xwCbsnKvdJq,sell,1.521190253,110826.14807234798,110826.14807234798,balance_delta
4m6nEiETyPh12jUW19UVkdBN3gw4shaVMCSgSD1kXRtSWBwCkxG5M1UDf11t6dYdo2eg1EZTJNUb76RCTaA8FU8m,1787256903,DenZLNzBtE3L8T1kQFKh8oE7FCXBrdsM9xwCbsnKvdJq,sell,1.498863951,110826.14807234798,110826.14807234798,balance_delta
5n4ZffKmUBNAJ8JyCdfBYbfRHMARwSk2DhE79mWVSUepc2dn66XEXVNe5W5nFESarUfCABpnnfyB3ZFAnQYxXDjN,1787256903,Hedt6aVyFRvxpQJkrrqgZ3e3JxUNb7ufCVyYXMnHYYE4,sell,1.491911868,109348.55104554794,109348.55104554794,balance_delta
2GJqbQG7pxSyGJMMPxUueHyLsMMQ6Rx6ioatGauoQcgkCsuH8Ce8ia2bMxxNfx8ppvohi1AzJRD5z7R4qUa72nHp,1787256903,Hedt6aVyFRvxpQJkrrqgZ3e3JxUNb7ufCVyYXMnHYYE4,sell,1.472398402,109348.55104554794,109348.55104554794,balance_delta
2dizCgr53iGAk53b7zxPt93wa27Vg6Hkp6pHu22X9Rh6nwKcrM4vsFXkRCQUrnUGGuQ6vJSLYe2EGeZNehvFh9vb,1787256904,2AwjJTdTWCu6QjyZKvF6oVEd9TkQP1WYvVswFvDEySxn,sell,1.485893668,110958.57458420191,110958.57458420191,balance_delta
22qNkqpGwRq12VUcSunFfm9JcWmGowKg6dYPBGjUbq2YvAeULRaAhEnmM1fcZK2jksnN2bURoVFX7GMhQFQx1LRR,1787256904,2AwjJTdTWCu6QjyZKvF6oVEd9TkQP1WYvVswFvDEySxn,sell,1.177634423,88766.85966736206,88766.85966736206,balance_delta
3SoHFN4yf9H1eMJsgSd24q1WrMo176FbipyQyC8u5gWd6mkLmkn7BcDnixn2EZwZtQmmAMC7DccP3UiQPpmumL5Q,1787256904,2AwjJTdTWCu6QjyZKvF6oVEd9TkQP1WYvVswFvDEySxn,sell,1.163127058,88766.85966736195,88766.85966736195,balance_delta
2JKMVcLqaUZhX3EJGuur6xyZEVF4skCb2Tiw9uJQdMYGz2QiNPwrJxjWEamHvHwYZeo7J4DjmU6BquMvty1bPtfn,1787256904,5kidNviTucvoHuFGuPQUikWokMxsLZMncGrS5gK9Cujs,sell,1.517517109,113485.30798561592,113485.30798561592,balance_delta
4dTya1Vd2KcowsDdpYgfQSbTXvVjgpTmt87itXuXpnPbW8vvQFkaFDb3MZ1xDLgLCMcnsdct1kQnJd3tWaozKQq8,1787256904,5kidNviTucvoHuFGuPQUikWokMxsLZMncGrS5gK9Cujs,sell,1.201700013,90788.24638849206,90788.24638849206,balance_delta
KWQS5vQ5ERDDXvGbzL6dH1qxpwBWsZTTgB2kmYWymyeTdxNrRf3ATkshdXkFhmYn643VtdR3X7Y7DLEtV3BqdPb,1787256904,5kidNviTucvoHuFGuPQUikWokMxsLZMncGrS5gK9Cujs,sell,1.195252267,90788.24638849194,90788.24638849194,balance_delta
qLuw7qmxLDkfZ4BYr6kqA6kG2b26K917eQezPFbRZv1Rm8EtpuTyKSKDLaKUp5AS5rHC59MSXmDo3d689cmNhqg,1787256904,DenZLNzBtE3L8T1kQFKh8oE7FCXBrdsM9xwCbsnKvdJq,sell,1.473329073,110826.14807234798,110826.14807234798,balance_delta
4sqPxrZRECf9cTQaD4qtogXm7BGMtXGaWpYc89rvysoCFcqbywz8ohpD3aN1xVyUTUHuJvhM65bWh1244JBHtMnL,1787256904,DenZLNzBtE3L8T1kQFKh8oE7FCXBrdsM9xwCbsnKvdJq,sell,1.177618633,88660.91845787806,88660.91845787806,balance_delta
D92Z4pBwb3HXfMtgnpquMWpcnoRsREpLEEqW2cesQWv1xA1CGMETsDEHamtxh4BMPaS2b3t89M4if8uxGUuqXDz,1787256904,DenZLNzBtE3L8T1kQFKh8oE7FCXBrdsM9xwCbsnKvdJq,sell,1.16578462,88660.91845787794,88660.91845787794,balance_delta
myeEr1QhYPboUNYA5ovrMjiytyamSxA6jZyyDi3H3kkaiofSzJP2UPiCwvPp7jibj1b3Ns4ia7Lk5Py1K1cq3ef,1787256904,Hedt6aVyFRvxpQJkrrqgZ3e3JxUNb7ufCVyYXMnHYYE4,sell,1.468569514,109348.55104554805,109348.55104554805,balance_delta
5M2brkwoSUhj1YjWchduHrShQBxeBknQkrhoxeg7TCvRPH4XxSGDgJtdFNLJDddqxmQvxtz5Bg1SxCDN37F9V8uf,1787256904,Hedt6aVyFRvxpQJkrrqgZ3e3JxUNb7ufCVyYXMnHYYE4,sell,1.156412434,87478.84083643905,87478.84083643905,balance_delta
61TvURFTfSGe8NEmc1r28EjQEoCkJLiY7iuE6rfp7icodeM9FjpuWNzM3fa1JuUs25iYQC3N5HwT6W9kdN777R74,1787256904,Hedt6aVyFRvxpQJkrrqgZ3e3JxUNb7ufCVyYXMnHYYE4,sell,1.147546808,87478.84083643893,87478.84083643893,balance_delta
o7QdDrZT6725EDQMpNg5msHoniUrHPvvwp4qJQKafpjj1Nximn9GMQJJndpVMa9v1RFSJvfcJyaK3UNknhFrKrU,1787256924,2AwjJTdTWCu6QjyZKvF6oVEd9TkQP1WYvVswFvDEySxn,buy,1.150511586,90748.28623045597,90748.28623045597,balance_delta
5su89MSM4eQqPV5fHzvb14PVRPVWTxyPSeKqYP211hwH2NYb3c184c8YwteLfkXdyhKyZBcwuxBgask5QubVH6nY,1787256924,2AwjJTdTWCu6QjyZKvF6oVEd9TkQP1WYvVswFvDEySxn,buy,1.1554057739999999,89520.54105441202,89520.54105441202,balance_delta
65HXfch1gkeJ11aXMW5WaJriMdGUtSxsKmXuRetzUb5vWahDvFDfNwSK9vbYoxmSF5fxe8jzvFKPnNyBrpo8cqBV,1787256924,5kidNviTucvoHuFGuPQUikWokMxsLZMncGrS5gK9Cujs,buy,1.230753208,96726.34056665096,96726.34056665096,balance_delta
3nba5XV72qjcwcSznddiYuHrWVJyBHpwakoK3cB1Gu2Yrzi4Rc6gL3qMBRvRWyxSdN2J7qfmAvZ4ojhGYbrmFDSV,1787256924,5kidNviTucvoHuFGuPQUikWokMxsLZMncGrS5gK9Cujs,buy,1.179766346,91307.51694169804,91307.51694169804,balance_delta
2DFdTR8iezp8d8uEu5PtDe26xsKGUR6iN7Fa7S2xevJeq3HDKbptaXAcwU8butwKmZjtYE45yAwuZu6dwBr27aKt,1787256924,DenZLNzBtE3L8T1kQFKh8oE7FCXBrdsM9xwCbsnKvdJq,buy,1.294779841,101517.51408202597,101517.51408202597,balance_delta
4tpgnRipvfN3rtmZCpjnePqa8sZ7a6z9HeMAgub3HGdf7RtAaecLi3tBFCYpyCGD8ywkTznRLEH7bUVXeFqi8g4v,1787256924,DenZLNzBtE3L8T1kQFKh8oE7FCXBrdsM9xwCbsnKvdJq,buy,1.304754572,101385.20587713004,101385.20587713004,balance_delta
54KYoHJdpUeksJJGDH3UzyqsRp7KYEJyAF5XNiRAZUnAAWT4PCdVFvstAK7NwS8nMUyhvhra4TA7EzLQJ5CGvPi7,1787256924,Hedt6aVyFRvxpQJkrrqgZ3e3JxUNb7ufCVyYXMnHYYE4,buy,1.252621552,97952.33101661003,97952.33101661003,balance_delta
4Sna2vs7kF7hRb4udKwdj6uqw2mdPo5JFUHcyTtH7fCCtXBA1kWqBN5Q88mBmCRmTZ8tViDBUXsyYjbnrSytUtS9,1787256924,Hedt6aVyFRvxpQJkrrqgZ3e3JxUNb7ufCVyYXMnHYYE4,buy,1.359833409,106222.94953776698,106222.94953776698,balance_delta
W2RFZjpPAwTRwLUQAVnxeCPEHohineba1gBDGqxVDeFpBLuJbr7Dym6MHuCSAKAdz8Brw37MFWnhPpLS9y6rmVA,1787257001,6DqwStHBhuxWGutooviZUgVDhT3F4Dy5pAiP2YErRCEe,sell,4.8969316350000005,391161.4129445781,391161.4129445781,balance_delta
3rXpsiiboQE358MAoyagQoLmaRLwdJ2e5MMwEJn3gJ6Ux3Jq4JDocjvtKPYwatVZUugxVqxwssVBbNCcrWUMSS8j,1787257444,2AwjJTdTWCu6QjyZKvF6oVEd9TkQP1WYvVswFvDEySxn,sell,2.2259187540000003,194861.28250989108,194861.28250989108,balance_delta
eGHjF44t7TMxsQD8guADFbrK36PSgjjAVtqKS5TcmMHjPYBtc1nqRNFkubaE8nH6HsFMT9QtfwKRwmGEQUtCTnf,1787257444,5kidNviTucvoHuFGuPQUikWokMxsLZMncGrS5gK9Cujs,sell,2.3096249720000004,200213.63015766907,200213.63015766907,balance_delta
548fQvYANijCUHoGBT55GVqojppv1jQsLBUy1R94erw4UPvi6zUhPZ4jpsVZvSqJuLaYsKJaML1nGyJHzYZXrPzw,1787257444,DenZLNzBtE3L8T1kQFKh8oE7FCXBrdsM9xwCbsnKvdJq,sell,2.316875162,200340.97988746,200340.97988746,balance_delta
53YiB1hWQTfMhx2GERWhPnLKxwXtZNEkFC2NTmHZPDWbwkz5NnsDYH5EQa2GwcHDid9mrRCesNna5Mu85Wa9JMmv,1787257444,Hedt6aVyFRvxpQJkrrqgZ3e3JxUNb7ufCVyYXMnHYYE4,sell,2.3031426290000003,198664.364050086,198664.364050086,balance_delta
3LdruzGuJubeUHxC94xMeH9iFrVxgnGwAFQyubpa1gHgewqXkkiM1WJdyY3kCcms5TQffQrJ5XQpQ4NcJNApHE2k,1787257445,2AwjJTdTWCu6QjyZKvF6oVEd9TkQP1WYvVswFvDEySxn,sell,1.644807862,146145.96188241796,146145.96188241796,balance_delta
Ck1PscpUz9zb8cdEGBv31PpFnWVX63HLv1e3eXtV9wsPhnXtowj2zJcdMnyH47cNAJm3c7gkj4JtHRFfshZwnDF,1787257445,5kidNviTucvoHuFGuPQUikWokMxsLZMncGrS5gK9Cujs,sell,1.693306318,150160.22261825198,150160.22261825198,balance_delta
2povZhLN9DHqCEyNWNVVxgTNWUhggARBsbLCtqJyYFT2uwKESkHEM5wXMb8MKZKsYvDjUqpFJZ6gWhqGunuDamFC,1787257445,DenZLNzBtE3L8T1kQFKh8oE7FCXBrdsM9xwCbsnKvdJq,sell,1.6842116230000002,150255.73491559504,150255.73491559504,balance_delta
5q3tsCVAWRaCVXotyJgGGpzk11rUcNsy42WRNq7EPaVt4A4juFsBYRScHrqYMKNDepvWcu3FknoUBQi6kefLdrbX,1787257445,Hedt6aVyFRvxpQJkrrqgZ3e3JxUNb7ufCVyYXMnHYYE4,sell,1.683244259,148998.273037564,148998.273037564,balance_delta
29UvV2rGwm9iX63XFubhWtBJeWgkT7vmuYrS5HuwqMXsf1bRPKsvXEHqSHVJzD32BTksQmjrNeANGz9VvhgJuwFz,1787257515,2AwjJTdTWCu6QjyZKvF6oVEd9TkQP1WYvVswFvDEySxn,sell,4.753680628,438437.885647256,438437.885647256,balance_delta
p6Fedb4eqwU7TpZCDVcUZALU4goXGfc8ts93SaPeVbtXiSNo5Yvvf1u1K2b7hciFx8Zt1ayYQHiXqri6LDAWUVG,1787257515,5kidNviTucvoHuFGuPQUikWokMxsLZMncGrS5gK9Cujs,sell,5.068101164,450480.667854757,450480.667854757,balance_delta
EoHuVkPquCyaaCbzMckEZzeyEqDKJHzNLZfg5iMfXtVYGCBqSbxDpTVfZnCyz9tzSEwYfUgJM1wsf95vbeZMHee,1787257515,DenZLNzBtE3L8T1kQFKh8oE7FCXBrdsM9xwCbsnKvdJq,sell,5.016027791,450767.204746785,450767.204746785,balance_delta
4o1NysoowxwYimSGvsA38uTSjcqToSMTEriTw8rLp12ff1NdDGoeDjBEFT24irdMMrZPRAafZVHtZFP5VHnsUiHn,1787257515,Hedt6aVyFRvxpQJkrrqgZ3e3JxUNb7ufCVyYXMnHYYE4,sell,5.001325946,446994.819112694,446994.819112694,balance_delta
4CT79Qn5Z98WaZSu3B2CKnpgDgYdtiBEstBkaCXmcJwXsp6gFbGiBE8zn5j19UuKMvNdYY15DD8Ytn6ruV3W84o2,1787258753,6DqwStHBhuxWGutooviZUgVDhT3F4Dy5pAiP2YErRCEe,sell,4.68102467,428601.13040051196,428601.13040051196,balance_delta
65xF6qxFGVSD7MBnxFxi5HGuLN5QBmaGh2wXrsSPhtgrBgk1fNqM951iy1VFenzVhqng5CEtvV3SBspq811Lw6Q1,1787259559,2AwjJTdTWCu6QjyZKvF6oVEd9TkQP1WYvVswFvDEySxn,buy,2.702978486,231234.808752425,231234.808752425,balance_delta
5BQ1RvXwUTGuVWY9ZZRezFwUsBwkMLpsEXUimXdHC8C3hqKFY1DdDv1gSmPVdXDf7hBKV9vz9dgPpwSTH6EZBVhQ,1787259559,2AwjJTdTWCu6QjyZKvF6oVEd9TkQP1WYvVswFvDEySxn,buy,2.521511053,213414.614053064,213414.614053064,balance_delta
5DjsK1LZQ4w5seRvZavEhjcGF7kEPkZohuoZgoqPLG3V8Pyxp5mSKbJvfM5Yf65RH7hZYp6tevHzaFAqvmeAfZFw,1787259559,2AwjJTdTWCu6QjyZKvF6oVEd9TkQP1WYvVswFvDEySxn,buy,2.3358009859999997,193833.86368388397,193833.86368388397,balance_delta
KK6AYsaGUsrPjvzQWYw4x9Ps5Nvn5gjxbtXUpk9SMpnLRZDeK8vohuaWhZbr2FmEfpUTgaSKkuSrv9YKfpDaajJ,1787259559,5kidNviTucvoHuFGuPQUikWokMxsLZMncGrS5gK9Cujs,buy,2.458590396,211901.228156588,211901.228156588,balance_delta
5rVyEnhDgsRnFJFpW9iJtrbyQKarLTFyubabJJtCcvaJqe9QR8H5uF2NUKtbeSBoewRs4B97kib9uban85p3XxCW,1787259559,5kidNviTucvoHuFGuPQUikWokMxsLZMncGrS5gK9Cujs,buy,2.439187454,204792.59516572897,204792.59516572897,balance_delta
2TqipYfTvT3vrbvhpSDKwUPHrqPLRhE5LwpCBfRevUtprwAu1vP6ZuhhwpRcF6msMmdc1Ji4Bmj7ojUPUq9f83NB,1787259559,5kidNviTucvoHuFGuPQUikWokMxsLZMncGrS5gK9Cujs,buy,2.663542623,222912.99111727905,222912.99111727905,balance_delta
4g5YPWf2JZXJog7Dni8nXjCAi2eFf4szHVZZ3Cj7jiAyrDXQ5sVWa3dYMTsAe6yMp3KZkae9AbWgzaQ3u7ofsWef,1787259559,DenZLNzBtE3L8T1kQFKh8oE7FCXBrdsM9xwCbsnKvdJq,buy,2.438993359,209136.246431636,209136.246431636,balance_delta
2WoTACdCCzkorYdQyMw64cWLU2ZN9kgXVJexx3HXRDxHWHDXcqyFUXn8pPo2DL5cANNTeRVmKvoQT4TaykgPdgeA,1787259559,DenZLNzBtE3L8T1kQFKh8oE7FCXBrdsM9xwCbsnKvdJq,buy,2.551403398,217618.028481807,217618.028481807,balance_delta
2Wpw4hkY94mBN75bs3KTk1ESqM2VgP5Yr89STVbhdD7D11BpF2LJ5v3qebefXRoLkZSX5zcLaKDy1wy7bAE9u3Mw,1787259559,DenZLNzBtE3L8T1kQFKh8oE7FCXBrdsM9xwCbsnKvdJq,buy,2.620033963,216960.610643883,216960.610643883,balance_delta
JsdpA3vdp14bvdMYhNr2YHkQQJW7wcqestgTnRRJoSZ92Sc4PAPE21TphjryiN54RNc7QKeEd5u3qpN5MgNQt7u,1787259559,Hedt6aVyFRvxpQJkrrqgZ3e3JxUNb7ufCVyYXMnHYYE4,buy,2.711720492,235090.158675167,235090.158675167,balance_delta
5ekNhya9i3dz6Zs6s5wVaBoGU4YwnnSbyXhCrucNzqyfC9dFZ8sajcTYm3giMfu4bzBDoHZn2RxMxffXvXAA42FP,1787259559,Hedt6aVyFRvxpQJkrrqgZ3e3JxUNb7ufCVyYXMnHYYE4,buy,2.349639274,199320.08346110798,199320.08346110798,balance_delta
2QE1ZacQcq2hx94DQAu9xtxaXtH1w9Ctd7UcDRUPmuLhPLSaes8yreRF2jxQaVrGjUv7sVKfuP2ddYeNCN4bbD27,1787259559,Hedt6aVyFRvxpQJkrrqgZ3e3JxUNb7ufCVyYXMnHYYE4,buy,2.352883683,197334.262595838,197334.262595838,balance_delta
M8cBD7EcvN84cX7cRoRD2R168EBSSLRnJM3dePL35fb33kEYCij1YbBcVMttpPuhWzkrGTfMZa7fPEHsoJnB9sS,1787259560,2AwjJTdTWCu6QjyZKvF6oVEd9TkQP1WYvVswFvDEySxn,buy,2.669216355,217883.206211254,217883.206211254,balance_delta
5GVeLYBXsHVoRvPypnT7zNPfN2jHzU57LTtbSzWh7QwzPbcJ8fpSRUQPd9o3FH2jfneHWUYxVJGFAXXs3cizr2FR,1787259560,5kidNviTucvoHuFGuPQUikWokMxsLZMncGrS5gK9Cujs,buy,2.557524847,209796.462475335,209796.462475335,balance_delta
5MKbnuiaBnFz7iCLex2sj8TFJptd7kFnoWLSWkxxKcE5SrHyMjvm4NfXQBHry1t613peav4AdW7TPChVQ6aBiALM,1787259560,DenZLNzBtE3L8T1kQFKh8oE7FCXBrdsM9xwCbsnKvdJq,buy,2.5211499649999998,207891.150279284,207891.150279284,balance_delta
9Jnuo9WZK6HxYemucr2Ehs8ZjxDkMWWbRkCHAyCCtqrKW8EK5afo29qC82zmDmZ7tdidrAM2G17wtKyNiAtH3Mb,1787259560,Hedt6aVyFRvxpQJkrrqgZ3e3JxUNb7ufCVyYXMnHYYE4,buy,2.624209381,212555.29686294904,212555.29686294904,balance_delta
2HfzUz1CZyx17KEQKQyxB272vWnKAWjgDN8C3xdpWQUjqq2KNA2ZU1WPj893aDA54cNFgcQ9PDmLAk2BpzoRLvxb,1787259577,2AwjJTdTWCu6QjyZKvF6oVEd9TkQP1WYvVswFvDEySxn,buy,2.7105272360000003,211962.58348467306,211962.58348467306,balance_delta
2W2Fbi9m1DdyfnvmGTEyLg4LAdegXnxvmAnPfVoYVsvrGySZseFMeHgZBCcRxB2ofi6xpVreFagJ4YHwBUhNjoXd,1787259577,5kidNviTucvoHuFGuPQUikWokMxsLZMncGrS5gK9Cujs,buy,2.418942844,189569.42228142603,189569.42228142603,balance_delta
2fjHHwtXebJQxQyWUT9HBixtUPozHubdB4GPH2JfFkFBozhUMR8ktjc8U6sBTeDe4M5BJRApK7bjQCg2ZnKTCAkn,1787259577,DenZLNzBtE3L8T1kQFKh8oE7FCXBrdsM9xwCbsnKvdJq,buy,2.5620885120000003,202364.484341786,202364.484341786,balance_delta
3bxrzTZTA44x2KoHEre466mTxr6ty5CNvUZjohVqDbk9KqHeJfrRWjwa5AyYFfvjyU1bffb9wD5yBWuFPcbCXvKZ,1787259577,Hedt6aVyFRvxpQJkrrqgZ3e3JxUNb7ufCVyYXMnHYYE4,buy,2.5446435650000003,200462.802066318,200462.802066318,balance_delta
4LncHPnMAZtxHmM4ZdM8SZbUwNmoPJwPmHdTiyqHjNncB6DUuWeYuf3fwfFfJuQmrdSuyUuGm4C2GrK7vYsGuTND,1787259629,2AwjJTdTWCu6QjyZKvF6oVEd9TkQP1WYvVswFvDEySxn,buy,2.50155699,197892.38929662597,197892.38929662597,balance_delta
4enoxMkC16ZrNM6ZcHds3aB3oadGbQ7UUeQb9uty9Wk7vjgNP8E1k6g2ba4V385h6BbdL3wCjXsrrpaRhoiYiQdq,1787259629,5kidNviTucvoHuFGuPQUikWokMxsLZMncGrS5gK9Cujs,buy,2.654613239,210596.13021409302,210596.13021409302,balance_delta
28j5nsmd1uYzm7scZscLhLYsE3Kb98aEmPeH1Ke3mE5qhnBJrfs8QFNxmh9QdXgg4KSkiiZRa5Zwc2nto4Ba6Gqn,1787259629,DenZLNzBtE3L8T1kQFKh8oE7FCXBrdsM9xwCbsnKvdJq,buy,2.609610239,207567.26811946696,207567.26811946696,balance_delta
5wcL8qCyEMXPB5eAPVyVwc3QsWgsKKDYwmVf26wfF2fG6hi1UvC7hhohqeCrC4U9jnanMSSJJqqjehTwoffoXFUa,1787259629,Hedt6aVyFRvxpQJkrrqgZ3e3JxUNb7ufCVyYXMnHYYE4,buy,2.49795845,199635.3906457289,199635.3906457289,balance_delta
346g4q8LrfHEsakVhgXxaiHhXwr6DeddhJCYThVz8K6bMGMYbvferhGbuh311NqBUbFYGLbHQk3Ju9efVxhgmHtf,1787259660,6DqwStHBhuxWGutooviZUgVDhT3F4Dy5pAiP2YErRCEe,sell,5.143550468,428601.130400513,428601.130400513,balance_delta
4h541Pb4awni8je7QBskYTePW6hriFreV1H8HpV1VqJ26LW8EdzD5CferoqnkAuy7X5f3Ehdb4gefkAWpLNNMVrn,1787259674,2AwjJTdTWCu6QjyZKvF6oVEd9TkQP1WYvVswFvDEySxn,sell,3.683012212,316555.366370481,316555.366370481,balance_delta
cMpFq6vfjiTQpmc9UVoGSxo6KJjENHr2LjrkH3mmxtDiWnwdSjey52WPr8R5FLT9q6haGdKC4KCFCECyhTsB34b,1787259674,5kidNviTucvoHuFGuPQUikWokMxsLZMncGrS5gK9Cujs,sell,3.7055264219999997,312392.20735261205,312392.20735261205,balance_delta
5UD6wLYe4EGkNhen3ZjffBo5hU9Qo64YAgXTYYqzVgHKP1qwnL9VNrFrW4kBDRx53CK9eB4gz62DJkSU2pZEyKy5,1787259674,DenZLNzBtE3L8T1kQFKh8oE7FCXBrdsM9xwCbsnKvdJq,sell,3.770453361,315384.447074465,315384.447074465,balance_delta
4td9qLwQv8SxSmHZhnsNgGt6nDnu8J4ehnt5b5XEnXp5hzsLrt5kpwVeFVPrwBo1YrtoMkR2oF4e2dR3Txbtbr3n,1787259674,Hedt6aVyFRvxpQJkrrqgZ3e3JxUNb7ufCVyYXMnHYYE4,sell,3.6757173159999996,311099.49857677694,311099.49857677694,balance_delta
4nnHwFH4vHF1VQXFpxFK7WL1DH9DFdgUmPd3sLeCXcTUiaDpqH77cwoUs2s7GmzgToS3EAyoDB6wniR7cJZhq6Gr,1787259675,2AwjJTdTWCu6QjyZKvF6oVEd9TkQP1WYvVswFvDEySxn,sell,2.7236546759999998,237416.52477786096,237416.52477786096,balance_delta
RwYjHj3H6yKZAPKM7ANojRaCKFVnxPeWZqBRt5RPYFmquuKTyj4BaquGcnFc9BzEjE13RvczdzuqoStHUP3HqAX,1787259675,5kidNviTucvoHuFGuPQUikWokMxsLZMncGrS5gK9Cujs,sell,2.6649883819999998,234294.155514459,234294.155514459,balance_delta
3GbuGWUxLABEie3JmfybnFoEWj6Ur7FnSFtdctddtE1R7Jjoku7VyjzBRjLVCy8Z7UsTQHuv5BfksgC2UFbTSqVc,1787259675,DenZLNzBtE3L8T1kQFKh8oE7FCXBrdsM9xwCbsnKvdJq,sell,2.721543456,236538.33530584897,236538.33530584897,balance_delta
irc5rmAsT8YmUKYGZk5ebYy2yiKgrkJj3ij1wnBFRL1vQuc5iHhvLPhY8gkNZQ84YkEHvgqDqTMq5xkWDmjm2VE,1787259675,Hedt6aVyFRvxpQJkrrqgZ3e3JxUNb7ufCVyYXMnHYYE4,sell,2.6923171729999997,233324.62393258302,233324.62393258302,balance_delta
HUKUW9UNU2xbWUTxuXAcdTPYH3wmLEhzZ2ChUhquM9ZespcbPqATrZRnQAHBGkSYFtpy6Y4E6kZiDdKPEFQ2nzt,1787259811,2AwjJTdTWCu6QjyZKvF6oVEd9TkQP1WYvVswFvDEySxn,sell,3.858521885,356124.787166792,356124.787166792,balance_delta
6jtKttAJBgBGds6SvG1Ls6GpCiMMsRUkbjPUqdR7hw8Bzj7eL8QFkgjEZMm1S1jb4ijqngztcXqwApVajeZWMxK,1787259811,5kidNviTucvoHuFGuPQUikWokMxsLZMncGrS5gK9Cujs,sell,3.905303698,351441.233271689,351441.233271689,balance_delta
231ZEVeiNy4q62wTRWN1qk9W8pLq7pmW5bMRJmfMJQisLs5kwsjCNoXVzU55S4EmREGDUeyWjKLaJYHsKCy8KgVy,1787259811,DenZLNzBtE3L8T1kQFKh8oE7FCXBrdsM9xwCbsnKvdJq,sell,3.877265855,354807.50295877404,354807.50295877404,balance_delta
5npm8Zg45Hi6ACXpi9E5AaHeV1iJzx1HmGHHd2qtPHNLKsdtbLsnGur1zjFySxbZF9wE4wGSBRcz7ve5v6fu6JTx,1787259811,Hedt6aVyFRvxpQJkrrqgZ3e3JxUNb7ufCVyYXMnHYYE4,sell,3.840812364,349986.93589887396,349986.93589887396,balance_delta
4nV4u7gfoow2SSysmp8j4PkiUyyTPgQYeNB6ayD6aVVKzFx8w8hyKqk9J58ZJtttqcVk6JmU9At4K7nRRRwzFCJV,1787260071,2AwjJTdTWCu6QjyZKvF6oVEd9TkQP1WYvVswFvDEySxn,sell,3.765112746,356124.787166792,356124.787166792,balance_delta
4HXr7W34LyxyB1rWtvzCnNY3qKGLALzNpCeSh22gERPuc1zwvdHgBtRJQjkfunPKUcdbfJAjKQ8bQFqNerJUE7mX,1787260071,5kidNviTucvoHuFGuPQUikWokMxsLZMncGrS5gK9Cujs,sell,3.684672596,351441.23327169,351441.23327169,balance_delta
SsvUEg7tjh5nAWhJ1oFKbq2jXUkdEQeyByQ9R8PUz5erEhzvbr7jfj5iYf3qq6Yz7Ad9hHL6oyMJk46ENmqX8vX,1787260071,DenZLNzBtE3L8T1kQFKh8oE7FCXBrdsM9xwCbsnKvdJq,sell,3.7045403859999997,354807.502958775,354807.502958775,balance_delta
5NDRTYGBL5F9RTHFfF9fPtATsJccrKfMV2cgvTQBsSxZUREbL2eEFoizoRL3MDBwLpRQ9YooAVBoGASWbUVXrEVL,1787260071,Hedt6aVyFRvxpQJkrrqgZ3e3JxUNb7ufCVyYXMnHYYE4,sell,3.6246468419999998,349986.935898875,349986.935898875,balance_delta
9sD12wuX9H7zJcdxT8tbhsTPwngQzUnHFMU4qVRQhxfHj6aVHJ97KUzMMo9aA7JZbbXQ6u6KfQ4Wt5a6zGZDK39,1787260867,Ahekwy9V7q2tmqJdTX92TAtEHM4pafQbsfc5oLakbZs1,buy,1.293106254,118317.647700737,118317.647700737,balance_delta
seMB7ZHn465F4udmBvgLXXSnvAxE3gUTxFcEByhFHzkacahbg6cfP67kW8GJfPLCmt4JLuEFk13h3HiZDQpGUtD,1787260867,C7PNbARVAHeskaefdcu7fy21dCN3qNANKuT6Cka2av4L,buy,0.788673269,71972.255437837,71972.255437837,balance_delta
34qHdEKJTa5YBdHxMz6QRMba9RT436ywdx9boaRrKyNLjjHn54doCWAPEq5Dyk8SMqNN37k9z12Lse3Znt9r3JP7,1787260867,JAGPLMkgPWRxFJekMU8DRHRurw968GGYHRMEKUWheYcD,buy,0.9273383169999999,84874.085181413,84874.085181413,balance_delta
5G8taG91dau4eyAWFGGNYzCHYkkMNQBHoMicT4erxMjLnif48nykJzXTWoRvUcipceXqADCg5ZnQiiszXq4BEdG9,1787260868,Ahekwy9V7q2tmqJdTX92TAtEHM4pafQbsfc5oLakbZs1,buy,0.79987731,73122.217455078,73122.217455078,balance_delta
2VzyPpsToLeoJraLjfA2vLMCdcgWMoKEej5gXn9Yo7puafyYggqfYRb3g3M51bgu5nJp4tygSnhbKiBVBjkgXH2D,1787260868,C7PNbARVAHeskaefdcu7fy21dCN3qNANKuT6Cka2av4L,buy,1.168047574,106586.562555202,106586.562555202,balance_delta
EL9PypryUHto5BJZr7nsvBEVCQdRVK5kR5utV2eumqrJRRv8MiNjT9T7GoXrHp7MqJvH1k4XY2YuLVkzia9Dgty,1787260868,JAGPLMkgPWRxFJekMU8DRHRurw968GGYHRMEKUWheYcD,buy,1.035075116,94555.57822252701,94555.57822252701,balance_delta
dUQUNKGYbMdYCTwPjRyoGyKiUcLpe7QsCZt34Twg72GE4t1ESMuKqUoC3BqyjHXLUBfHuJTFHvCjJy14jfpWfZw,1787260925,Ahekwy9V7q2tmqJdTX92TAtEHM4pafQbsfc5oLakbZs1,sell,2.044813142,191439.865155815,191439.865155815,balance_delta
3D2cvJqb5roSUMjiGvPLPCc1nuLi2zmDMUFUtHhHDj2r7DQALscfJXaCFHn8QgaP1PnKRb4n3cpF5BECdfXrU5km,1787260925,C7PNbARVAHeskaefdcu7fy21dCN3qNANKuT6Cka2av4L,sell,1.9028919759999998,178558.817993039,178558.817993039,balance_delta
3vWXagYoVueXNctdTZbUDF4ioo2EUe3jfLkgygMu8Nof95zW6L2Q22wej2s78Qhw2rw71qNYk3FhboxfPxdbGysQ,1787260925,JAGPLMkgPWRxFJekMU8DRHRurw968GGYHRMEKUWheYcD,sell,1.908111153,179429.66340394,179429.66340394,balance_delta
2EEcjppWsciLyKDKm7jNdZMBsz46yXoeUaA5XrqLArMSakR8gXwWCbffZaFC9XcLjNK15ZPkfk2Y1W8LHUTYsxt4,1787264919,4iDyxGxPRC66QBNwYqMn74VtVm5Moy1ns4w3bAqYGvRG,buy,0.1002,7004.72666184,7004.72666184,balance_delta
2Wr4sSsTneXR6PaQ9TnEFWVPJBFkeGF1UCJfsHRmq35faDGBtcjjqpeEzo1KEvAvwztz9SNvAe71u3NMJhRGhucN,1787265037,2z2q5gk8TDgqCidzkXkyevXH1aDaVjWL8cQwoRbMF1Jq,buy,0.01003928,507.956709364,507.956709364,balance_delta
5kxSYY6HkPRfGT6qTEArUhcV5vmGUWtAyti9g7cqTRcPgTjSZweyDcoKPJHFyQyKiL1Wfi6eCUfGKaR9a4bHQMU3,1787265097,2z2q5gk8TDgqCidzkXkyevXH1aDaVjWL8cQwoRbMF1Jq,sell,0.007927487,507.956709364,507.956709364,balance_delta
9SeVkuSJtKnYpeRgsCsjvTYxifFaqoKnb3A52hpQ8i5sVKZ111mb4dfJ5cG1YEsc4HqqdoBmioDGXCsR8FMEH16,1787265577,4iDyxGxPRC66QBNwYqMn74VtVm5Moy1ns4w3bAqYGvRG,buy,0.1002,5916.9404314369995,5916.9404314369995,balance_delta
3VzotiJt6vkCSd9ofXBvYJrHizk6F7jGHckBKetFdLzp75LVMQQbC4fRpRafCL2x1mSKUuBoj4AToY4kp7ybE854,1787265677,4iDyxGxPRC66QBNwYqMn74VtVm5Moy1ns4w3bAqYGvRG,buy,0.0502,3101.778898222001,3101.778898222001,balance_delta
5WfH81mGmP9s7NRAaETKLkzY5ziGqcLjUqeNTL3e1qFPE4rnDXR4mPqq9CcfkJySKWEfsiXvJr3VNnMvZVB6oeEb,1787265975,6DqwStHBhuxWGutooviZUgVDhT3F4Dy5pAiP2YErRCEe,buy,21.001,1242370.055775523,1242370.055775523,balance_delta
34suihpRFuAnoAiXHF4vwMyB6eWNVWgd4RGWB1XyuKZYHGakYcV28bkGJKBeEFYCsMQqsvdivMxE37tTtbjzBcWf,1787267742,6DqwStHBhuxWGutooviZUgVDhT3F4Dy5pAiP2YErRCEe,sell,0.786762796,50725.42033984605,50725.42033984605,balance_delta
59qpS9G2A3ieajodFrx5vMgpUcyaoKv6DP2EffCHbrqmfMkUS7W9BWkhVmy5cK6VUf9xGmw2gJrRtHZEE5cwoCRT,1787269125,6DqwStHBhuxWGutooviZUgVDhT3F4Dy5pAiP2YErRCEe,sell,0.688305766,49861.368048430886,49861.368048430886,balance_delta
5Kqt29uSJHtwD1YPr5PMvpmf9NgVSSNHhccd86qvQgqz3KqHPn2GDwSHD1rHMqPbk1F6YqrbT6VoeVtW1okBrEoY,1787270044,4iDyxGxPRC66QBNwYqMn74VtVm5Moy1ns4w3bAqYGvRG,sell,0.232883753,16023.445991499,16023.445991499,balance_delta
2LwLEByKgAH14AHqcsrAvSH4AH2P9E4ZHoZVKTfkYXEVFNM1ZKJJZDjKnxdqBdbY6qXhEjeBwSmgdBEi13ARv29r,1787270116,8n79PwcyrybEECM3ghGetPnm6Y2SRBVzJNd536Z1C1PU,buy,3.0092286899999996,175888.039395277,175888.039395277,balance_delta
5sK9q5RfaWDtLUHaCgNKzWuU6x3EHwApVUSBgGJNpwvcAqXfWQooihqepZ9QATFSCMiXh2kdL2W2nA3u9pQNp9mp,1787270116,8n79PwcyrybEECM3ghGetPnm6Y2SRBVzJNd536Z1C1PU,buy,3.0071894099999996,175516.88149278596,175516.88149278596,balance_delta
eQLZA1wLCPHVgxHn7YEro5YJ86Rkst8w2qk639JFP4pVoX2bNWmovXCzpbtbzSSyAy2NNmjUBFxWAThKVy731BL,1787270165,8n79PwcyrybEECM3ghGetPnm6Y2SRBVzJNd536Z1C1PU,sell,6.057582112,351404.920888063,351404.920888063,balance_delta
56234oPaBtxHXiEuRmxgNMeH2gQe1RuAzK6LmLak1czs4N1EWfEBiBbs5cRchNzj7Gnyb3ePw9RrLbLpQNoYLeVT,1787276460,6DqwStHBhuxWGutooviZUgVDhT3F4Dy5pAiP2YErRCEe,sell,0.983868026,60385.26195994299,60385.26195994299,balance_delta
2b9Yetd8TZM1e6GYsygEVzpaRq7gYQr9ruX9XbV8Cm9QAHsL711aezugAopfvedQTxwSq94AFJBgQ7WRW999QzeA,1787326208,2z2q5gk8TDgqCidzkXkyevXH1aDaVjWL8cQwoRbMF1Jq,buy,0.010039280000000001,483.544958581,483.544958581,balance_delta
4Bkkp4fbRXXK5STRCVrp4uyG7LB3VYrX15PZVgrzsygvPJTkh7DUeVEuPvLNMjEeyWRbg8D19Xa5BwCX9aqrExge,1787326268,2z2q5gk8TDgqCidzkXkyevXH1aDaVjWL8cQwoRbMF1Jq,sell,0.007834467999999999,483.544958581,483.544958581,balance_delta
DDfRu2JohrPgXjMDqSUnVUZHFLmd7tMXzuySHwhZ5egPwa9qQkeTBRm1WfYb679iZa5BhCkDBVkzLdctCZjvefN,1787339792,4iDyxGxPRC66QBNwYqMn74VtVm5Moy1ns4w3bAqYGvRG,buy,0.50223928,31287.960681545,31287.960681545,balance_delta
4iZyFWA9ZMhZkEENjhpUD2DzspxsLX3Xm2PrH5wcSXqmsvcDTo9bmudxhJZ6VQY8tpdHKjRb2rEjmBxLfuRx9ViY,1787340038,2z2q5gk8TDgqCidzkXkyevXH1aDaVjWL8cQwoRbMF1Jq,buy,0.01003928,489.412744536,489.412744536,balance_delta
2xtC8HeXCt85mbmtMt8zZoJstXSwgsjE44yB9qp5VcW33SV6Mn79dyowH8cb3vXeup1uy6eDry9aifGAhmjytucL,1787340098,2z2q5gk8TDgqCidzkXkyevXH1aDaVjWL8cQwoRbMF1Jq,sell,0.007945632,489.412744536,489.412744536,balance_delta
3iVkG3sTSjF1sUaf7UcBRSyZAYUVM3rNZPN1zedemsc5ei4ACJ93PrZnWBwJhgSS9jC2T86xMpftFmzJsN4q3CPQ,1787340119,DoYfpDfAzzYReVKkjhN9uG82298gBABKQL9uRHt52h8P,buy,0.47530542299999995,28786.531273472,28786.531273472,balance_delta
5XmBoGwMpWAgFcPZ8wBBy98k2zT2i9isWestHzoG69W4rEkcrNFom9t7rG8NDNiA3wDULttBDdw6ykR3SyZUt2Mq,1787342967,2z2q5gk8TDgqCidzkXkyevXH1aDaVjWL8cQwoRbMF1Jq,buy,0.01003928,439.419662194,439.419662194,balance_delta
4SwRfbRESdfguiwnMwrnDFKq4aceDsskyEdECLS665MBR9W1bbZfHYjXcmotWf91bXiGq74MXkPHAsTWCeJZpDGv,1787343027,2z2q5gk8TDgqCidzkXkyevXH1aDaVjWL8cQwoRbMF1Jq,sell,0.008036409,439.419662194,439.419662194,balance_delta
2eqxYjo8wtTXMB9R5g5v4dqi2g1BYG9vQmvVwdjj2zL84XvBmRmWwKqhceN8rRN1qqHRRTNzy2d23ypRtQaWMshf,1787349414,DoYfpDfAzzYReVKkjhN9uG82298gBABKQL9uRHt52h8P,sell,0.526308243,28786.531273472,28786.531273472,balance_delta
4YTGt3xJdVB7KDVQKJKYJ7WZmFnhxApyrLCwifHurVFiMkw8SeDvrffq1rXnKoPGatcjnUFMJF5Wm1wUe3ScA56b,1787364041,4iDyxGxPRC66QBNwYqMn74VtVm5Moy1ns4w3bAqYGvRG,buy,0.5002,37062.953927722,37062.953927722,balance_delta
4GsSfcGC1pn2iqkL9f3MbpH6N8RrzkhVr5Hk2g9zzJG8ov63ZUygZFykgFZXsBNNJLukJTA4BYf6Zjnh2QYstGU,1787364674,4iDyxGxPRC66QBNwYqMn74VtVm5Moy1ns4w3bAqYGvRG,sell,0.894783231,68350.914609267,68350.914609267,balance_delta
2vmVZX3tnixubBJtWrF7QGppNGPfjhR5SXTNc5rVf4X7QthKMa8roEcs69pamSGf37zYxrGwXrMdMqyAETabkSEX,1787389465,2z2q5gk8TDgqCidzkXkyevXH1aDaVjWL8cQwoRbMF1Jq,buy,0.01003928,568.778118828,568.778118828,balance_delta
4oMv4yeHbTswZDsCM5hfm3P8VNLJtXNDQo3649KPcDHu9TG7CGNb5jPh1ieh2BqbJNaUnGCUvE2g4siyk4Xh55QY,1787389525,2z2q5gk8TDgqCidzkXkyevXH1aDaVjWL8cQwoRbMF1Jq,sell,0.008095817,568.778118828,568.778118828,balance_delta
3LZPiBZWrmUCdBqkRmN7igqq49NsGLZPT4TW8Fr7jLwKgCQiaJXznHg4QdRKjtSrHbkxnNHbF6BkkPgksMex2wy,1787396045,2z2q5gk8TDgqCidzkXkyevXH1aDaVjWL8cQwoRbMF1Jq,buy,0.01003928,593.965167699,593.965167699,balance_delta
3mT2SkfJRmKFBkccxcVca3X3XLN9RqjMQMEVQSrYP3FqXaaCTMujZ1zrqtA6CxgEPvZR99NVvtkp2cbiiYCfE4Ee,1787396105,2z2q5gk8TDgqCidzkXkyevXH1aDaVjWL8cQwoRbMF1Jq,sell,0.007894274,593.965167699,593.965167699,balance_delta
3t1qwaNEfdUt6EJ9BJKeZ8c1i7yzgwquUwm2DMBSfdaSBFkwJzqHXwcAjKNTzN5HW5u4JMozHuKTAd7bsefGo6mv,1787401335,2z2q5gk8TDgqCidzkXkyevXH1aDaVjWL8cQwoRbMF1Jq,buy,0.01003928,476.214604383,476.214604383,balance_delta
5hFR6ddiWekUGvykbrL2MSRjQ9GmhDeGn9pgQL4WvsKCk4MussQNXAG9GuLKp36UyhrNv9sHvbJJqTujFFoG3ct9,1787401397,2z2q5gk8TDgqCidzkXkyevXH1aDaVjWL8cQwoRbMF1Jq,sell,0.007949214999999999,476.214604383,476.214604383,balance_delta
394KnN4KA8C9o14LYNULYuwaRrnSRKu8njabxk7bMVCz1kuQiKxqKuzzgG3Mk79nxg9hFjsivMvhwxjWNCU8n9ZQ,1787406698,2z2q5gk8TDgqCidzkXkyevXH1aDaVjWL8cQwoRbMF1Jq,buy,0.01003928,414.004060287,414.004060287,balance_delta
59iKrtAe16UEdcbhUYsK8JWjeJS6Bng3PSFXXR34xvMWj8xey4ksqeF33NTh2u7JudoCaXMXoeTZKRo2f6vyJjRg,1787406705,2DCW6PvdpXwscZVanFmDLB7svT2STkUj2SuXSMR6C29g,buy,2.001,101707.013445023,101707.013445023,balance_delta
kRJm9MJ1jt9GZykoQ6RjpqG9sWPEHYfLiUgXyuFZWDATvJFksNwzmfiJ7vWioZcy7NPxCSqnWmNQnTLVkz2WnpR,1787406736,2DCW6PvdpXwscZVanFmDLB7svT2STkUj2SuXSMR6C29g,sell,2.0333412810000002,101707.013445023,101707.013445023,balance_delta
2y3upmPtcWGUirafpdCTRSPVK7ch9UCcEEdYiHq1usD8xvfQPJxj1zqGrmvJkn2scUM9cVEAyikUu5jfAtg6jrfE,1787406790,2z2q5gk8TDgqCidzkXkyevXH1aDaVjWL8cQwoRbMF1Jq,sell,0.008488371,414.004060287,414.004060287,balance_delta
3Ceh6Amc9eExC9q18cFwpeLkMM4hZ9Vdbc93Gb7Um3Kx3u1pPG632QGZK1v3wUjQ7auv62syd3o74shLKtiHTZqz,1787411189,6DqwStHBhuxWGutooviZUgVDhT3F4Dy5pAiP2YErRCEe,sell,6.877548026,272064.73273408704,272064.73273408704,balance_delta
4SWxF6DczFy4W5WkzavW1cZtJ7ydN8wn1gKRYDfoUfcjhcmDDutZNiJ9AJDpSmVGS9S9Kam5BwW9eR1c4pY7QUxn,1787412409,5e96SkPWmHz9cizDSqoqVahvf6QQjRS9xdJA7ueYuvD1,buy,2.515,95038.068905711,95038.068905711,balance_delta
5dUx1to5N6H21gnp5ELfMjAEDBm6vSdFsQ5Y2iZ5AiFFJFvMMBREYRhxPQUzvvKj8KPUSVD6SYgUi1NcRYuzkhDi,1787412484,6DqwStHBhuxWGutooviZUgVDhT3F4Dy5pAiP2YErRCEe,sell,0.49145110399999997,18526.828153986018,18526.828153986018,balance_delta
5CSKhukSXoZzUuwwPHk7zjSPxKQg7w7o56HrqD8jLLYiFjUgFELa3qjB5x3eeL2jM9LgYz9C7vjuKvtsodYAuhiE,1787412668,6DqwStHBhuxWGutooviZUgVDhT3F4Dy5pAiP2YErRCEe,sell,0.49386751199999995,17861.382575511932,17861.382575511932,balance_delta
488WixcA2U8r9SJCZWs7if16G9zMKb95Gc7ESb5cZ5XsdJT7ZRRS7vbVWWArc8cb7U93sTHZcuhCjRoikYvEYwie,1787412819,6DqwStHBhuxWGutooviZUgVDhT3F4Dy5pAiP2YErRCEe,sell,0.591700554,21998.51516551408,21998.51516551408,balance_delta
5XePTAdLS4f25csMfQT6o9CMUdZMr3CZt1HGXb6S7J7XputYqnyLTJzy5nUFkbBfkn8FcFRm7p54W8GojvYLC9Y,1787413470,5e96SkPWmHz9cizDSqoqVahvf6QQjRS9xdJA7ueYuvD1,buy,0.715,26808.202217836006,26808.202217836006,balance_delta
3A58ESyKHmn7nwetk5xuBMcQLWHC9QRy5Ks4zkgQb9gRGDdb9PWUctPVbvyDWKadLU8f8EeNqCUsaySkLTneoZqC,1787414757,6DqwStHBhuxWGutooviZUgVDhT3F4Dy5pAiP2YErRCEe,sell,0.691819276,29337.268646437908,29337.268646437908,balance_delta
51WdXZjrB2uWF9xu4VWpapiURgvEHyqj2ieo3xkVmveMUA5Sye8nUjYxSsawVzLyHaGLwUYbFAMZJmVVwQdVX4yw,1787414834,6DqwStHBhuxWGutooviZUgVDhT3F4Dy5pAiP2YErRCEe,sell,0.9840220390000001,42364.06321585202,42364.06321585202,balance_delta
5G97fv7gJamuFUKF1twSE3uhThEvSwXTmtgxP32RrgjzHoVGAdZVoyh2t6vAM8X2njSgqYTFadjXhgCvbLun9sp7,1787415816,6DqwStHBhuxWGutooviZUgVDhT3F4Dy5pAiP2YErRCEe,sell,0.7868436000000001,35156.45112011605,35156.45112011605,balance_delta
3jVDmuFfHsnpkg22NHDUyyNRdWvyKB1UohSFUdJkbHiX59L2d5xTiW212ce8GGx8w8YwVkkhqut8fzAKp7Uh9RzX,1787416297,6DqwStHBhuxWGutooviZUgVDhT3F4Dy5pAiP2YErRCEe,sell,0.5835064440000001,24690.759098698967,24690.759098698967,balance_delta
4FHVAefSRVGRXH3J61Vh556dqVucAmdATNdpcwNaSStFah2XfY3qT2S4f42sA59KfCzro1iQVCfUDSMHezMCpM51,1787417392,6DqwStHBhuxWGutooviZUgVDhT3F4Dy5pAiP2YErRCEe,sell,1.574249557,62656.546041212045,62656.546041212045,balance_delta
3vyp518YavGLThi6j4iSFfzBouUNvHSGQwGdoa6H9t2igkobmgop9YyJRqbGJAAFQUpatson7hVWo4snoBRnXm9B,1787419001,6DqwStHBhuxWGutooviZUgVDhT3F4Dy5pAiP2YErRCEe,buy,9.001000000000001,367374.885275534,367374.885275534,balance_delta
5VAficVrhzRwwyp2M6j1CthxS4pWUzBo79FsqgRQ6nCUYWBDF1mNu9gBX3uPK2cQ732WcpCfrrnhynoEcaMSvoLp,1787419023,6DqwStHBhuxWGutooviZUgVDhT3F4Dy5pAiP2YErRCEe,buy,0.701,28465.468344651046,28465.468344651046,balance_delta
SBVtmZAjqk976W5DHvUVuc3CeCn26cEsMuQRTqBxiZdUAWcGAs6Uu19tSmsiDMv4vECtGjyprqz2rqCvNCwF249,1787419160,6DqwStHBhuxWGutooviZUgVDhT3F4Dy5pAiP2YErRCEe,buy,3.001,122158.50426346599,122158.50426346599,balance_delta
4vMQj6fU3JtFLhGJBgVmeEKfbxJQpEuzkf4opsE1BQMnHSLwrhsxkuhUutnq3Xn5T18BcwtzY1NkoTvbPrHzA14h,1787420993,5e96SkPWmHz9cizDSqoqVahvf6QQjRS9xdJA7ueYuvD1,sell,3.312493817,121846.271123547,121846.271123547,balance_delta
21oGJ4EgqYxYC5g64XPrSzZzY7HguQtL8Q5hB9odKahVVJ6KDMd5KH3zMMyFDGzxLuDiRfbvdQmWG7KTuBtv3oMB,1787422573,6DqwStHBhuxWGutooviZUgVDhT3F4Dy5pAiP2YErRCEe,sell,1.67307867,55919.415025917,55919.415025917,balance_delta
46FScHe3MNV9CYxXJpEmCJwnBXvHbjzc8Zcrf99kziGnke7s2EXSb5chSWVnuKzPtqnqq6KxhM7iWsiYKzVm1Sqh,1787423085,6DqwStHBhuxWGutooviZUgVDhT3F4Dy5pAiP2YErRCEe,sell,1.9777116259999998,63418.95502685802,63418.95502685802,balance_delta
3R7DqzDHFUucMMGszRPK3Qn4J9V8mTM3i58wZ7Dey8BUsNPMwyEzVc3iTTxMzqmSzx9KeXnaaKQCNV3WJi8YbWRX,1787423297,2pUUZYtokRgDV2YzL6M5pjb1jyoHE367yU1sdQ7ac3ea,buy,3.00603928,63102.812335251,63102.812335251,balance_delta
42C9uCxwVRn6UAy9voyn4YCcuwqdM56cpVnphWD9xfTRzNdcVfyYenj28nPDxjzW5wRHgTJhPFqSypYdYDyEEXwv,1787423299,3KEdzpSYJ7sXfHKpVhSF2Qj6ZAjd3Q3dugFCZ4umWvkR,buy,2.0932464200000003,42271.366181904,42271.366181904,balance_delta
2yn4cao2LAkd4NYiyz21oKjwWUXQgXgB39KqFeBEDJumKvN6oMZL8KGthtfmrPduSKAqnUy4CiqNLyPfw1hL5fXJ,1787423299,Act5xzJ7DhXrdNKbRw1yTzQUmT4hYtAPgFKTP5WzPBva,buy,1.9128321400000001,38583.923684415,38583.923684415,balance_delta
5hYrnpHF85NCGPSvxKgFHo1BZDEGxiHssKpc2TXsrcdhNpMvBTM3nPqctTKCvTGjaj6nx3nMWoqq4mgeJ1w8nB9R,1787423302,3xqUaVuAWsppb8yaSPJ2hvdvfjteMq2EbdCc3CLguaTE,sell,2.015139703,37975.678627795,37975.678627795,balance_delta
4YzxuKyAVHoQ5cu2nij9v5WxbLyAfwZuGShHDwJAFDaaXL9armgGLCK8casiww5aCT12H6FsvFBR29PgAHG5G6uS,1787423308,2pUUZYtokRgDV2YzL6M5pjb1jyoHE367yU1sdQ7ac3ea,buy,2.004,40171.787030668,40171.787030668,balance_delta
4nrdvYeG5K3RbknTGuV8wZHPJ5dnRpHX1VaTXAKRWtxZzJ8hoRpGZQDiqsQ53s4vMWGNYZVuGvrDP6eXTNbCRQbo,1787423311,3KEdzpSYJ7sXfHKpVhSF2Qj6ZAjd3Q3dugFCZ4umWvkR,sell,0.66637608,14089.046348427997,14089.046348427997,balance_delta
5BYWB7kK1RTMPent2Rx7DMMtS7sYf9nqyna2Sc1UrqHxH9qo6suWAqM9M4TMzV5p7Gc5oSHxhLS1ACBiPbJCchKL,1787423311,Act5xzJ7DhXrdNKbRw1yTzQUmT4hYtAPgFKTP5WzPBva,sell,0.607957356,12860.021764015,12860.021764015,balance_delta
27fSUomK9KJqNaxAnLSkepQqJmQQMA4dgQerxL6VwPNYYP31YEGWMiYVUJyoevUwQ5yz8mX8pqsrUKpgFSBSbsGz,1787423345,tronFPfm42zg7TowSTvPw3ya2tU2oYqvwKJ7i2xgBGB,buy,6.00203928,114970.821256171,114970.821256171,balance_delta
pJ4uvxhAAqjuLu3gneq5tieicn3uxxcdafY4TG8cahCgti8S9fbCDpGWaSmVZt5KgZaLSgEuk8wy6DibUhFjEqe,1787423409,2z2q5gk8TDgqCidzkXkyevXH1aDaVjWL8cQwoRbMF1Jq,buy,0.010039280000000001,162.760616489,162.760616489,balance_delta
3awZrz4t8ut1q1nHWCUxq8r11VoqrTYse7EwMbk4at7JB7DyMqfiJX17huYHm7ca22EkdZ5ZqTf7Anu8vrwwL6eT,1787423411,3KEdzpSYJ7sXfHKpVhSF2Qj6ZAjd3Q3dugFCZ4umWvkR,buy,0.26154075299999996,5171.345535246997,5171.345535246997,balance_delta
4ToBZLM3Seab1eTSQQgr1w2NTr4sC6CUA9GyKyopnHoDhLMEgov311xZmmrAbDMr8HE1dKmfSp39scXA2QhLCSdr,1787423411,3KEdzpSYJ7sXfHKpVhSF2Qj6ZAjd3Q3dugFCZ4umWvkR,buy,0.242921682,4770.578183015001,4770.578183015001,balance_delta
PxnJhap9nMaSTDQrT2Eiqaf95PvDyyTSJSJx8ggw8SrafShizZNkyryAhZhxYex9QCbduTqH9GMAQtbwHWeKcJ5,1787423411,Act5xzJ7DhXrdNKbRw1yTzQUmT4hYtAPgFKTP5WzPBva,buy,0.238459247,4714.378164733,4714.378164733,balance_delta
3NEQiguPCNr2HhGoDngdMaCkevSYnKrPHwfs19WBSzKx7qWtCh15zeZs5AuZuVTCABfsdcvXZT9kfkLLuhYSCRP4,1787423411,Act5xzJ7DhXrdNKbRw1yTzQUmT4hYtAPgFKTP5WzPBva,buy,0.257078318,5049.215955884003,5049.215955884003,balance_delta
36tZWN16isqcXy4V7KnnTnHE43LMUt3U2SuGvtrWvpn4inxXFeUL9XmWCFu886vMo6FL6mAuy3wpUkg2aRDZJ5Sd,1787423414,3KEdzpSYJ7sXfHKpVhSF2Qj6ZAjd3Q3dugFCZ4umWvkR,buy,0.228040258,4407.256595942999,4407.256595942999,balance_delta
3WyXJUhN9qV1ePR3xt9FaXTnrK6VQhkftSTY58Qz3x3q7XXri1HKStHumwZD7QhdqaQJb6NKrj3mxM85fWPk27V5,1787423414,Act5xzJ7DhXrdNKbRw1yTzQUmT4hYtAPgFKTP5WzPBva,buy,0.271959742,5255.428290689,5255.428290689,balance_delta
2ihiZ9GZt46VdoCKSwPnPNLYs3XPZAmuVZkL23LvjbRaUdkmtaYvTN2oU6343tH8871Ak9VZC94XLf9cWuYcSW5N,1787423442,2z2q5gk8TDgqCidzkXkyevXH1aDaVjWL8cQwoRbMF1Jq,sell,0.008584975,162.760616489,162.760616489,balance_delta
4tK7fcHrR6PCP9ixeMicri44ngv9gMhQN6GPFqo4HEzQwBoEUDz8iRVqzMe8iZfQJEtyifStuppFQLXv33nzpseP,1787423450,2pUUZYtokRgDV2YzL6M5pjb1jyoHE367yU1sdQ7ac3ea,sell,5.105509487999999,103274.599365919,103274.599365919,balance_delta
4EdJ3CbQgw73DDjrWfEu4GSM3pmNRcUdg8AHp7KRsPrTY2DeTTYrY834LQpQXAuH6MKb6sye7YsbyEm8FPXemNfE,1787423537,2AwjJTdTWCu6QjyZKvF6oVEd9TkQP1WYvVswFvDEySxn,buy,2.611695175,64052.627057474,64052.627057474,balance_delta
3QmQicZybKCWDfXptHwcPeQVNgqu9TcC3ozNkLMvgspJg1RP3wFzBpmrDKNzso8BWsgznu3V3VtjTCZp6UiLCj6t,1787423537,2AwjJTdTWCu6QjyZKvF6oVEd9TkQP1WYvVswFvDEySxn,buy,2.621780418,62833.589759403,62833.589759403,balance_delta
2XxTEwAaQuWuPKSbRnEvtpE8dseogPYcLZDW3MWBbNkNdq41WGABnFUAkr2xSAfQ7Sybzvueey2ZJLHVM3khEaVd,1787423537,2AwjJTdTWCu6QjyZKvF6oVEd9TkQP1WYvVswFvDEySxn,buy,2.5016415260000002,59296.801717821,59296.801717821,balance_delta
ow3RrJd1AkDjrNiaGqWJm3Ssf1NDUg18eivxHAKVkrEqLMz3mGEyFKfLqjLixm2E8hbvegnQkrV4Dro9T6Ghbsb,1787423537,5kidNviTucvoHuFGuPQUikWokMxsLZMncGrS5gK9Cujs,buy,2.65224518,64779.247325705,64779.247325705,balance_delta
23LebctUc3GRauFGVLmjs62yDnM6skt8eHRfG9JZSnk6WdVeyY2MXNfpsMXJVkW7Rm7hTuA9AF6hCsXVthhH6rHy,1787423537,5kidNviTucvoHuFGuPQUikWokMxsLZMncGrS5gK9Cujs,buy,2.274467157,54650.798031091996,54650.798031091996,balance_delta
xokxrAE2zvUnR4Jk9E4pvLzqkHicS3New66QgXtoNAaYSNZsnSAPwXYZpzTtwA2WXqFZRDKPSUjU4b5pZuwtTXw,1787423537,5kidNviTucvoHuFGuPQUikWokMxsLZMncGrS5gK9Cujs,buy,2.4124018250000003,57017.66611300199,57017.66611300199,balance_delta
4RnBVy8CRJ9M7BmJwLRJsBqDktSgmGx4jLYM6u47bnragRSbtMD4CqyZce1tzJ2AaMhdCrMKzohkXTrkyh2wsoSJ,1787423537,DenZLNzBtE3L8T1kQFKh8oE7FCXBrdsM9xwCbsnKvdJq,buy,2.56456553,63159.977422494,63159.977422494,balance_delta
FSNgSf21XXqJT6VtpdcXy1AiXGDEhom3AWHhXGJPp1WFVzx1mv56EbKPJ7hoinLiHZWqcPkgzeyRGuFuQRUTd7R,1787423537,DenZLNzBtE3L8T1kQFKh8oE7FCXBrdsM9xwCbsnKvdJq,buy,2.330606765,55771.88227321201,55771.88227321201,balance_delta
5FJnsDxfMm7ZPQd6W1BhszYG6TYSw9nn5rJecS2oQtUwfqJsQmZNi79sugxoYMb64e9BeDhLRd43wNnVyqEHm6iH,1787423537,DenZLNzBtE3L8T1kQFKh8oE7FCXBrdsM9xwCbsnKvdJq,buy,2.2729184410000003,53648.66157041,53648.66157041,balance_delta
47RrN5VeJzqN6ijRqMq3RYpaQ5r44VewwsT7oRGokz16YbGz1AGaPUAgS9wS9Uj3TcdFcLniHmZ2dq9E9VZtsrUD,1787423537,Hedt6aVyFRvxpQJkrrqgZ3e3JxUNb7ufCVyYXMnHYYE4,buy,2.2853231579999997,56193.84118805,56193.84118805,balance_delta
3gpJchugiD8JYegbdq1E2TkuMVow8vspz36H2M2maTYk9SkXEqC6yA1FJbNAnwJ5nSnrqRbs11wEu9oP3dasd9j3,1787423537,Hedt6aVyFRvxpQJkrrqgZ3e3JxUNb7ufCVyYXMnHYYE4,buy,2.596901716,62325.444231798996,62325.444231798996,balance_delta
ChE4gqnMWVUszk5WxY9WSGJfJd8eBgG2zbCr32FsHjzvzdkijfNjBvPy4zES6cCTLEtRaZbz4AJCS7h6Tk1pfir,1787423537,Hedt6aVyFRvxpQJkrrqgZ3e3JxUNb7ufCVyYXMnHYYE4,buy,2.6422765150000003,62210.875656209,62210.875656209,balance_delta
3R9H2dJKgnzM522uBuWmm25eUC43U3kc9aQ3JAEYcQjJH4jcbddvsk7ZbP73wz4KKXf2GbLvszhH54kSeAfSpxyu,1787423549,2AwjJTdTWCu6QjyZKvF6oVEd9TkQP1WYvVswFvDEySxn,buy,2.452090939,57365.51215542201,57365.51215542201,balance_delta
4MUujuC7GnpiPfUADcQdXT615W9m65QgMNAJ522jATZrag4oMwECPMKWmEFiRjDK5DgoMtaQFNXcaDfC5KZ4cZQg,1787423549,5kidNviTucvoHuFGuPQUikWokMxsLZMncGrS5gK9Cujs,buy,2.704802729,63549.407654069015,63549.407654069015,balance_delta
4R3gArjvGEAQhbpjU2CuNSuPz52Ft8bWqs5oG7PvNLDPxXoC9PSQg9WpoWs3UzRQk3axfXPcUpZJbsk5F5JSpaNV,1787423549,DenZLNzBtE3L8T1kQFKh8oE7FCXBrdsM9xwCbsnKvdJq,buy,2.6232333889999997,61797.90426142901,61797.90426142901,balance_delta
4Q8vKi94rNUjk4Pz1AMArjiFTfMvXgD3LN1QnVCv6XrskHSZk9nKMyfzce6E9thwvoKSxaDxFV4PVi6qabtQ5c1j,1787423549,Hedt6aVyFRvxpQJkrrqgZ3e3JxUNb7ufCVyYXMnHYYE4,buy,2.341293092,55074.341359414015,55074.341359414015,balance_delta
5oJ6pDBZgyAyHghw67XSmdfwrDQbrB5X4ZRN6bQBVK51b3bTKxLJbmsNBRq2C84ZTyvB1PzCfdyiExZzVw6LhxZ3,1787423665,2AwjJTdTWCu6QjyZKvF6oVEd9TkQP1WYvVswFvDEySxn,buy,2.546619258,56488.21337645699,56488.21337645699,balance_delta
21cpF8FvuZoSPcgVXrkG3XfxXkkHByfZ83MkhG1ktkKRU8Pjjh7J45mnGwSwDSkxVH9DbHL5jNXgm4xdN3gKDE4X,1787423665,5kidNviTucvoHuFGuPQUikWokMxsLZMncGrS5gK9Cujs,buy,2.4172467170000003,53198.846331254,53198.846331254,balance_delta
4vtcFWJiZ8rCw7VPHpz63r2ZYHDU9TLCSzDSjrUjZ4AEyMjjRV8ZB4B4tLJ8qLUBZZyhag23xvZFbW6CtKLJ32f1,1787423665,DenZLNzBtE3L8T1kQFKh8oE7FCXBrdsM9xwCbsnKvdJq,buy,2.365802382,52265.05220007899,52265.05220007899,balance_delta
31AY4sSrLy1hCjovnhBRb9YG5u9E8hTg3bPBoxztgKaT2gvCZnQLrtE7JgbB27z63bffLt2Mfk7AJe7VveN88YnD,1787423665,Hedt6aVyFRvxpQJkrrqgZ3e3JxUNb7ufCVyYXMnHYYE4,buy,2.509982008,55313.551518565015,55313.551518565015,balance_delta
dHnXSQVEgSLnVqMJVDVLe81g432MJvjWMST9QKnkZ3UiAkpxLCZyRpuCjw6fJkLuYm5nmw7jLE6hZtu3G4VpJ5A,1787423895,2z2q5gk8TDgqCidzkXkyevXH1aDaVjWL8cQwoRbMF1Jq,buy,0.01003928,204.863582413,204.863582413,balance_delta
2DMhb6X4Fk81gBdNg4XKMwA7QKfnEWJN7QxHQy625U76JLPwF9houffw4tYoebqyUphXSqf6pQWdHfdCDoruytfR,1787423955,2z2q5gk8TDgqCidzkXkyevXH1aDaVjWL8cQwoRbMF1Jq,sell,0.007904832,204.863582413,204.863582413,balance_delta
2UfVaYLVr6LLptUSdLSbwGw1wZE8d57fY1zaLvebWqybJrS9LkSCQosoiKn2kkriDCYm1U7Ez6Fxiq98GmjXvm54,1787424272,2AwjJTdTWCu6QjyZKvF6oVEd9TkQP1WYvVswFvDEySxn,sell,2.918453331,75009.186016644,75009.186016644,balance_delta
3KJ2G6eBY7YSLYvL3ECPUp2sjNF27Z4xtXq2KXasRnTydtz7o5B94YFj3VnXcPWKrUz9WHXMz6kTXGcfuQ3Qmyg6,1787424272,2AwjJTdTWCu6QjyZKvF6oVEd9TkQP1WYvVswFvDEySxn,sell,2.15775471,56256.889512483,56256.889512483,balance_delta
4EmC93hR9EoAmNasgXbnzarJBjTESp862dLmSHKba8zErgszUjnXVxmiKo3hDEG4zZcAHSTYTbr4o4zSHVRThmTN,1787424272,5kidNviTucvoHuFGuPQUikWokMxsLZMncGrS5gK9Cujs,sell,2.861185506,73298.99136377999,73298.99136377999,balance_delta
3yDZZp11c4W22Md5MCBg4a2aKtK2rsgTpJAKeP66z2TfHrpeUN9ThM7TGHQKCERLzYfv9NuVCd9ahjZ3a8hFzHQ,1787424272,5kidNviTucvoHuFGuPQUikWokMxsLZMncGrS5gK9Cujs,sell,2.124022438,54974.24352283502,54974.24352283502,balance_delta
3wq2szjeecSQpYQkwH35vY9cTi1QEFqk5xBdppEMK5m7gqGjfDk9eYEJkHCaxvDnso4m2yB9G4B3NvcQv6amrmza,1787424272,DenZLNzBtE3L8T1kQFKh8oE7FCXBrdsM9xwCbsnKvdJq,sell,2.806478556,71660.869431906,71660.869431906,balance_delta
5d4BU2qPKP4fjC8xHpPqnNwVHwbF71EkgAWiF8fpBabg9ECnL9uDzRNTqMyRvu8XkbvFMYs2Hi5geLs658DvzxXD,1787424272,DenZLNzBtE3L8T1kQFKh8oE7FCXBrdsM9xwCbsnKvdJq,sell,2.0664040839999998,53745.652073929,53745.652073929,balance_delta
5ETYnmNKg7p2cFihwQvvoMimR9N8opAw7Bo2V9qkvP2TepKc83nd3QqnzmeSnGHSbDwskeMZAmki9XiAUMvZPX8b,1787424272,Hedt6aVyFRvxpQJkrrqgZ3e3JxUNb7ufCVyYXMnHYYE4,sell,2.836270687,72779.51348850902,72779.51348850902,balance_delta
3wQHEc6vufBDCpSQux8N6SPDnDfY3VxncrnVydJmz5wuk4pZoLkpS3hvirYnYAueD7ZLsQ4oUR2rZkTSs5wvHg5H,1787424272,Hedt6aVyFRvxpQJkrrqgZ3e3JxUNb7ufCVyYXMnHYYE4,sell,2.1115117359999998,54584.63511638201,54584.63511638201,balance_delta
2ZB6dUVxqmB3fFRUiJEUznDsKnJjLdcEJxvVWADtuTsNUFdN1PGed8PQyvnsMXqCn7Mjx529ZPuyCyC6oqM4nvg1,1787424274,2AwjJTdTWCu6QjyZKvF6oVEd9TkQP1WYvVswFvDEySxn,sell,6.395430834,168770.66853745,168770.66853745,balance_delta
4r3ALaoMc6oGNba1N3oExJFb1e8ZvA881gv1WkLax9T33ys6Juc5DwF22hQYN2D7mcuVpkNmEaEuV6xD5eQqUSRw,1787424274,5kidNviTucvoHuFGuPQUikWokMxsLZMncGrS5gK9Cujs,sell,6.226747027,164922.730568507,164922.730568507,balance_delta
2wKS5gKFbTeejr7dwp1xf5c4k9w1GpfKKcjgHGPpXvjGUy2RbMd6oi9Z3UCtaJ9mTQczZe54oPbrx8TfdzHgfHr8,1787424274,DenZLNzBtE3L8T1kQFKh8oE7FCXBrdsM9xwCbsnKvdJq,sell,6.1550150949999995,161236.956221789,161236.956221789,balance_delta
5vo4F51VRtUHdoC276xz54ZXdURDeony7jof6FeQUYjaC2aPTs31DYj8LkXdfHduxnL2ycHPicp53oZeWia1bS9C,1787424274,Hedt6aVyFRvxpQJkrrqgZ3e3JxUNb7ufCVyYXMnHYYE4,sell,6.160418473,163753.905349146,163753.905349146,balance_delta
3hUcss7it3DMwSi2XPZjngeQGKkvuWqaw3VNUA7LQtJib9Wkw7uf1gDaaJDyQdBBo1UwUsYSeZQfjuNt3uyKAdZi,1787424468,6DqwStHBhuxWGutooviZUgVDhT3F4Dy5pAiP2YErRCEe,sell,2.45983461,61890.96059287002,61890.96059287002,balance_delta
46UyXpumeX8b77j9YJzMCu5UKDrud7oHuD3zeEMnRWwyXMbD1VauZKf3M77SzaKo1d9E1stuWKaw7J3oQh7sDN9B,1787424804,2z2q5gk8TDgqCidzkXkyevXH1aDaVjWL8cQwoRbMF1Jq,buy,0.01003928,153.175566616,153.175566616,balance_delta
rVivrc1qks2VQWEpRAPmdryUTbYDPhabi1e7XnkvNJCtwB8kRzTV8BWASxXWjMZnMfjVSAf62VDGhcTWYDQu14H,1787424864,2z2q5gk8TDgqCidzkXkyevXH1aDaVjWL8cQwoRbMF1Jq,sell,0.007517266,153.175566616,153.175566616,balance_delta
5zw4afx9hMsRzRJUbrQSWofJdZPfH4R8ipP56jQqyWk1WN4542d82WiRnEydYsYgAPgV9JtnwZCZ6hDS3exfR82E,1787424864,3KEdzpSYJ7sXfHKpVhSF2Qj6ZAjd3Q3dugFCZ4umWvkR,sell,0.6968501850000001,14175.748999222,14175.748999222,balance_delta
47ZPuo88QiLUk66uSbLVdNEphYfgbXAqMy2L3khdRzqtMVR9RpCvVi42D3DbKTLMjyK5ZMaMp3ApeW1iA313JLC,1787424864,Act5xzJ7DhXrdNKbRw1yTzQUmT4hYtAPgFKTP5WzPBva,sell,0.667734861,13579.616679757004,13579.616679757004,balance_delta
4SMVtk8chT4ERjxiCWXXomExbLp8ywqfLj3ZBXexVkkBn1RQF4gWgCEewLhzcbgA6YwCXgcv1X88MALnWL7tYosq,1787424879,3KEdzpSYJ7sXfHKpVhSF2Qj6ZAjd3Q3dugFCZ4umWvkR,sell,1.319299502,28355.751148459,28355.751148459,balance_delta
vG6tjKZirnwTpa2dLmnJNcQsc9ffGkALMvshA4jHeq1sJF4zidUJxEAEoQAGZMF9BfBD14AK9AnkiG6E2mkNMqa,1787424879,Act5xzJ7DhXrdNKbRw1yTzQUmT4hYtAPgFKTP5WzPBva,sell,1.2646285849999999,27163.307651949,27163.307651949,balance_delta
53VNPtq2b486HZHtiKkA83xaB1ZCcAo1BbhqggjQqx7DueG7wFReM57V6Rf8LPXQbFf8YTevQCBDWmYC2oS3PxU,1787425572,6DqwStHBhuxWGutooviZUgVDhT3F4Dy5pAiP2YErRCEe,sell,5.925754531,134321.67245510803,134321.67245510803,balance_delta
5baFwoWmu6eMeukhPMkDTFyuFfBUdmVoMjCWWvgpnWYdvSdBCSJrwS49ioFSPNCz3kqK5rbm2bqLgFwtbNZF6yw6,1787426399,3T4di8HBeLujDhS5hhhA79PBFBYkVCAfJP4qGLf8FdFw,buy,1.695372613,31678.003478782,31678.003478782,balance_delta
3httjiJsfrkYnpU4sZHyutLpL1Yw4jcVecaiZdg64pM5jTFKyRRenaPxeFbQBopRLA31XyAq7h4THWggkc5yiSq2,1787426399,4E5zARdejTv2nK8gBKoRQbMDHUnnqZczqiDkA1TqtRp6,buy,1.2745392800000002,23741.652201163,23741.652201163,balance_delta
4JA5vs5GNaGRHXv7EzffTTGtWoAm8nWa1sCrsC9Jo92H7Wk6ybnnwGeZnf7XRYXsxVt6ekqLx2x6josr5SP6sJVp,1787427173,2z2q5gk8TDgqCidzkXkyevXH1aDaVjWL8cQwoRbMF1Jq,buy,0.010039280000000001,119.326772128,119.326772128,balance_delta
2Rp3art1bWMTNoai4A9Z5WgVnX3VBG2myBon8DP5MSk4p6GCPNAm6ZWKxVYPZDsY4eNAbH34qwvY51fdc8qr3Uoi,1787427217,6DqwStHBhuxWGutooviZUgVDhT3F4Dy5pAiP2YErRCEe,sell,2.5584833330000003,39331.69499895,39331.69499895,balance_delta
4MGjbKvhP9p5EnH3wPAvtuTYEG9H8az9ngT7XfHqeSXqhgbQMR9dFKgcma5pin2pM2aC57bpXbspDBSyQobEask6,1787427233,2z2q5gk8TDgqCidzkXkyevXH1aDaVjWL8cQwoRbMF1Jq,sell,0.007704654,119.326772128,119.326772128,balance_delta
4i3oX64rfqiaFCsft5Kd2zhj7LTy1M1HwyW84UmWjUcosmPaydYcRy43qNGYoB2FKFFadr7QaPRjvU8qDgxvxDwF,1787428737,DHa6wxqgfTsb9v24meJo8tvZtqPBBk2MKTbcVXbmTvur,buy,1.001998805,13815.738488011,13815.738488011,balance_delta
2Y294zEKUoZoSXbySreJc68vtadt4xFCwtTVai39DZJnzgXuMH5mVtAL9LTx6rDKjUzarbVJjKgUJo9XBpUEibiY,1787428743,DHa6wxqgfTsb9v24meJo8tvZtqPBBk2MKTbcVXbmTvur,sell,0.968330884,13815.738488011,13815.738488011,balance_delta
2HgVxKeop9bmjnGVh4GmCcbhUZ6k4ZVDERBFDqx5m6qy8oHo8rWgQDSx9upusP6BAByrXTbUnLr1J1ViYemmxb8F,1787428778,DHa6wxqgfTsb9v24meJo8tvZtqPBBk2MKTbcVXbmTvur,buy,1.001998805,13895.456761502,13895.456761502,balance_delta
3GZfNKD737ru8Qp3wLGk89RnPr2Asp8maetTskXDKDsL8meSFyvK67HydSdYx72yCsxse1AbG6AskGBJoqFTLFMx,1787428780,DHa6wxqgfTsb9v24meJo8tvZtqPBBk2MKTbcVXbmTvur,sell,0.977218722,13895.456761502,13895.456761502,balance_delta
2QqzZ1qim6gKRPD4p2GSYrjrq3UjoBKyadLN7Xpqz4r1LXdrSqFfiaD6g9SpKEXcpmS6A1PgqpPyHkL6hZTHqXzj,1787428797,DHa6wxqgfTsb9v24meJo8tvZtqPBBk2MKTbcVXbmTvur,buy,1.001998805,13831.72512827,13831.72512827,balance_delta
7FFQtQL79e4Cd32H7pqbA5VFiCGHGL7VPZ9M1pU1hnv8eFUs53uyLxV552AyfgCRh5rZyCuZsdFQCxwaec7uGfp,1787428797,DHa6wxqgfTsb9v24meJo8tvZtqPBBk2MKTbcVXbmTvur,buy,1.001998805,13796.122416622,13796.122416622,balance_delta
1HKNms3Avk6BkhG9Q9XdLxML5V6FAWcyVX7g35rhdBh1rYeQXeStAjF41ayouFe5J4YxtDAtxzTpXdsvYkNEFjF,1787428800,DHa6wxqgfTsb9v24meJo8tvZtqPBBk2MKTbcVXbmTvur,sell,1.950347042,27627.847544892,27627.847544892,balance_delta
5abDQYUPePtKoTKHKJCfRWEHDQqV9sNqSktxPHbgLYpNxPCiNW6z6wbJNj3NSA59kxh6GacAXF6L2YrvZQ5eazdW,1787428946,DHa6wxqgfTsb9v24meJo8tvZtqPBBk2MKTbcVXbmTvur,buy,1.001998805,14987.944892371,14987.944892371,balance_delta
5mu71AhWu38YwG7tGxoaomGcZMEMPQ3Kfh4grxgUi1UJnfz2uruuoiUkH3DmmruYEy33DZrvSxRJbRTxs9ANwMuJ,1787428946,DHa6wxqgfTsb9v24meJo8tvZtqPBBk2MKTbcVXbmTvur,buy,1.001998805,14981.594895297,14981.594895297,balance_delta
kPUDjtKn7fXRnezedi1McfCTo4iXNnhJ2YUdhTApnG5JYj1Gdma9Sx52e42KUqz8bqbn5uoVd9NsDD1NFMiGF3z,1787428948,DHa6wxqgfTsb9v24meJo8tvZtqPBBk2MKTbcVXbmTvur,sell,1.969319172,29969.539787668,29969.539787668,balance_delta
Md7WVQpaazfRvegfCGpkoc2Ly9PA1f2xBRM9e5iKMdNTcfnAyZwKEDsxTP8BT3FsdJ8GgpaoHv2jyRS8fTnbD9d,1787429154,3T4di8HBeLujDhS5hhhA79PBFBYkVCAfJP4qGLf8FdFw,sell,1.781324234,31678.003478782,31678.003478782,balance_delta
48rKt7kDaKt4SzFfJpW3ep9yNwCzc5sD2WAvGNh7672S4xRzpo98XsGAQXk12TYRCSAFkBhrYMac2FaMbxQ1v9eW,1787429154,4E5zARdejTv2nK8gBKoRQbMDHUnnqZczqiDkA1TqtRp6,sell,1.3335380079999999,23741.652201163,23741.652201163,balance_delta
SVBX56r39HsfbRRMVi3avQ4b44k7jAkHusrFK7sQaKQit6CKP1kPBaBN9St9CEpF2P2qoAUo1YwuGHQTsr8A8Eg,1787429373,DHa6wxqgfTsb9v24meJo8tvZtqPBBk2MKTbcVXbmTvur,buy,1.001998805,16159.322827489,16159.322827489,balance_delta
4Ct6NsZvRy1GVdARQNLjEBaJwvBNWZqD2XgiKYD2GLDcmEdFvL9nGFuawHacLjzxadThiQyW7FGTmantWS7ypqXk,1787429377,DHa6wxqgfTsb9v24meJo8tvZtqPBBk2MKTbcVXbmTvur,sell,0.97658499,16159.322827489,16159.322827489,balance_delta
4X9GCHSqbdgL1daH6BaRSAKLDZHfAjaA4eYYvvrhq1c4GkQ83DtBE4VBZziwRXezRWfsCEvtjr8zFk9u6qX7SQrn,1787433835,6DqwStHBhuxWGutooviZUgVDhT3F4Dy5pAiP2YErRCEe,sell,1.9681653499999998,38684.582251393935,38684.582251393935,balance_delta
2WunWYxgCLHeJUzp1iXa1xi9EZoSKeTagfXaMtFeFKAtYtCAx5UEdQHwQh5H7TXiaoRdxNTMX4DsXd8V7FSQ2cLU,1787434135,6DqwStHBhuxWGutooviZUgVDhT3F4Dy5pAiP2YErRCEe,sell,2.966918552,55362.16146778304,55362.16146778304,balance_delta
4JfrcUaUdckeGvWxaqUeknnD9qHLyd664iTK4DKgHBmFZHU8uwFm3TBX13GZLYyGjLatZdDrSpsSCiZTHfaq1PDQ,1787435357,6DqwStHBhuxWGutooviZUgVDhT3F4Dy5pAiP2YErRCEe,sell,2.9525492570000003,47518.306067207945,47518.306067207945,balance_delta
5EnURQH7t4fzEmwsQLYAYrq4BtvqU6Q966DrYuoi6JoSKSqxHzhU8Zaz6o9xPghLfZBMs6tK4SX3H65jfRSb93Wj,1787436927,CUkKyTN2GnkLKSucTF24qjhFn6jgSDAUQHF3RzLKhsZf,sell,0.0010394880000001994,11.032952877,11.032952877,balance_delta
5WicLFy782CgFgSf5FdBFBvD7cGHK8xugKWtjqisXRzqt8P6bofPtq95h58yCGHSAx5dBHhDkLpPoPtfUFtCk7Nj,1787436927,CUkKyTN2GnkLKSucTF24qjhFn6jgSDAUQHF3RzLKhsZf,buy,3.0000000000196536e-05,0.3169322960000045,0.3169322960000045,balance_delta
3oYrHcLinRC1dwVeib8wcMWzSp3v1JbLoatyjuDX9rrujZDqGyhf9pRWcbjY36Rkuz44fxxTu1WuXDYSMtofALvG,1787437259,6DqwStHBhuxWGutooviZUgVDhT3F4Dy5pAiP2YErRCEe,sell,4.923856665,57007.88353731803,57007.88353731803,balance_delta
QhHKJJmNrwwkUBuht6dg2uPjiy3pDj5v2oh8LHYkQBz1aAsQnmY7mbmyGKPFwAbnQ6rhrRa2xpVXj3a6ADtM5kr,1787437388,2z2q5gk8TDgqCidzkXkyevXH1aDaVjWL8cQwoRbMF1Jq,buy,0.01003928,77.345433499,77.345433499,balance_delta
5oG6AeCBbp7LEYGs8kiJEm1M5j4bLAJC5pdzPyQXsN4mSRY4qGVbkxpLuJd5h8rLvmwQoPCdG36zzPvvcroMnx7c,1787437388,CUkKyTN2GnkLKSucTF24qjhFn6jgSDAUQHF3RzLKhsZf,sell,0.0010278929999998354,9.961350819000003,9.961350819000003,balance_delta
vKn3VfEE7pqrH2yvQspr2uqsX9xMZSjETZ3WEhhYiLFBZmHzxeZK7W9o3sR92VBRBeZnrTgeC9YKWcBMPkPhNzo,1787437388,CUkKyTN2GnkLKSucTF24qjhFn6jgSDAUQHF3RzLKhsZf,buy,2.999999999997449e-05,0.29035203200000126,0.29035203200000126,balance_delta
pQE4hMkg1hmFTfGzZnb5i1Muec1BzTGY9tYNmShK7A44VsttUhBMUTfju9TEqRBUVHN85dVinC5wBdaUYrF7ZuE,1787437450,2z2q5gk8TDgqCidzkXkyevXH1aDaVjWL8cQwoRbMF1Jq,sell,0.007540568,77.345433499,77.345433499,balance_delta
3c4A76TYxyAK2DgQ2sEoKyBDHnNzfsFLC48T8WvjRBQD1eMMGgBKXyqXHmWoftHjx23Tqv2vF9nSjfHrr3YCrwb2,1787437869,2z2q5gk8TDgqCidzkXkyevXH1aDaVjWL8cQwoRbMF1Jq,buy,0.010039280000000001,83.385577225,83.385577225,balance_delta
2RqarTp1Et4pWtrkAKyzQ3zMYcqoX7PBaEUmMjY52fvLt52qSvSE6DAs981xUaZ8Q7JSqasmUpvQ88n8kSvAcNmw,1787437929,2z2q5gk8TDgqCidzkXkyevXH1aDaVjWL8cQwoRbMF1Jq,sell,0.007728306,83.385577225,83.385577225,balance_delta
RHa6GY41Q4yMQYBzxbWXQ7ef8e9ECBVFQ5jQqMLjJCav6RYLi5o59NgQ9fmz6t9uJc5Z5hNUHzPLeWkCtJgMbNE,1787437964,2z2q5gk8TDgqCidzkXkyevXH1aDaVjWL8cQwoRbMF1Jq,buy,0.01003928,84.467121664,84.467121664,balance_delta
2ek42185LdKanFKwkygXaaJtzT4tSech1dy81j52AxRF1wvXcZmzDk3p7tg62LBVs9ed1X2oYLZL1YWSiJMmXTfQ,1787438026,2z2q5gk8TDgqCidzkXkyevXH1aDaVjWL8cQwoRbMF1Jq,sell,0.007639133,84.467121664,84.467121664,balance_delta
XPN4scKN6PCjWe9fSRZisGJx3k6fQzzQZ52fjLRkAyAgv7STXRgyBadvr549ZFmhft1pPk8q82QcJLP1s9vvq6B,1787438062,6DqwStHBhuxWGutooviZUgVDhT3F4Dy5pAiP2YErRCEe,sell,3.931759453,42625.30577199801,42625.30577199801,balance_delta
2NXGnJjCfC45qRnpbjQBxxqrHJLdzgiavkxjefuZKMkPRvJzeKUieBeZ3McBu16kxbyrL32HVNN3itoW88CYdV2h,1787438555,tronFPfm42zg7TowSTvPw3ya2tU2oYqvwKJ7i2xgBGB,buy,6.00203928,60257.864527676,60257.864527676,balance_delta
3SkWvtrsz6zySbC9YYq5iHqFGfmN4jf9fN7Mt8mP3PtYTdtBaUyPR74PibMjDSBbwResicJaM6AEMdbuGWrzsgyS,1787438687,tronFPfm42zg7TowSTvPw3ya2tU2oYqvwKJ7i2xgBGB,sell,0.334025845,3429.623343001,3429.623343001,balance_delta
4HFQ7HXdYqEREtcvhAJDqRAMRWoxr7JKmiuYyJzoaEhr6hQxrZpdgpzwoys8KP7LizT5PVPXd5GWPyUwS5gmBmxq,1787439192,2z2q5gk8TDgqCidzkXkyevXH1aDaVjWL8cQwoRbMF1Jq,buy,0.010039280000000001,77.444954351,77.444954351,balance_delta
kaSSgzFpx5x6yaJLPK6jdgDKn7icTgdwuxY3QybDhKqCc6YcgQYBzBADxVpdwM1YRUmTHYrb5JVnj38WejTPHMm,1787439253,2z2q5gk8TDgqCidzkXkyevXH1aDaVjWL8cQwoRbMF1Jq,sell,0.007831569,77.444954351,77.444954351,balance_delta
3borjKq9qRJGQYMhiKJsCHYnCL3XgQwxC7DdbuyoxNvxPpnWzqsU3opYwEN4vcugdL5HrWAnw4w3Evb9VPN9oGH2,1787439484,3KEdzpSYJ7sXfHKpVhSF2Qj6ZAjd3Q3dugFCZ4umWvkR,buy,0.539671166,4970.188487393,4970.188487393,balance_delta
2sDm393CehdsqpzjdRKKLMPymkhZabgGBYKtVTKpqQEsxd61d83WjScPrcCXd7P2n2onbcWJMZCHfGzdp4oYoHHC,1787439484,Act5xzJ7DhXrdNKbRw1yTzQUmT4hYtAPgFKTP5WzPBva,buy,0.464368114,4292.348941282,4292.348941282,balance_delta
24T37o2nvuswAevi27xDWHA3ESuXrGEvY8JJ2KRSUC6YfH5uGGqNhU4gJJUNJEvntpppSDmdN1KWgAZBkH5L7Gu6,1787439674,CUkKyTN2GnkLKSucTF24qjhFn6jgSDAUQHF3RzLKhsZf,sell,0.001003509999999907,8.994250941000004,8.994250941000004,balance_delta
2zACzJh87vWzaV9r8ALzkmQ9JegwpwLcWCj4Ey91PeKHtVe7tY1JWgfKywuzg2ohCY6rTjFVoPCApygoVCrL4G9R,1787439674,CUkKyTN2GnkLKSucTF24qjhFn6jgSDAUQHF3RzLKhsZf,sell,0.001003510000000129,8.994250941000004,8.994250941000004,balance_delta
26SaHszknvWu9qZLhkJBpjUwAL76iC41bKAX4mjvuJpXW6coHz8nyN1gU8jNREuvLouFSVHzBJjLJNX9Ldd2UCmx,1787439674,CUkKyTN2GnkLKSucTF24qjhFn6jgSDAUQHF3RzLKhsZf,buy,3.499999999997449e-05,0.2620602150000053,0.2620602150000053,balance_delta
2FFTa6EAfQvKaNpdd35j21KjzXXCeRdbgesXcG6mqRA6b4RZS2YYetV4St2HdMPCttuTA1drKMjnRSyFsErEhuk9,1787439761,CUkKyTN2GnkLKSucTF24qjhFn6jgSDAUQHF3RzLKhsZf,sell,0.0009951099999998875,8.121031868000003,8.121031868000003,balance_delta
5rb1SRa9tYihKsq1q2FwXd986Q4gxCC5uH1m5fyBrxhahNUArmt6EXkFLwQrm9HkaRb8KvMPRajJ3RR7qNvsQJ3J,1787439762,CUkKyTN2GnkLKSucTF24qjhFn6jgSDAUQHF3RzLKhsZf,buy,2.999999999997449e-05,0.24238759499999674,0.24238759499999674,balance_delta
5cKQiGrzfvBkA1M5L5AoXurJWLi9viTLhAPPPndGu64wfEvYKRFiZHbPjaMoQ1VYXra4XzipCnbjgiNVc1F3Z3iN,1787439780,3KEdzpSYJ7sXfHKpVhSF2Qj6ZAjd3Q3dugFCZ4umWvkR,sell,0.620930447,4970.188487393,4970.188487393,balance_delta
57EW13MFsDFMjHHMN4pLicxaTAeUuJoLrysf9NocZaauVWvrc8BbMfEFU5KCi6M8U8tZwWhPGk1Rn6DWpmdS3Xz9,1787439780,Act5xzJ7DhXrdNKbRw1yTzQUmT4hYtAPgFKTP5WzPBva,sell,0.536013461,4292.348941282,4292.348941282,balance_delta
3dCxxQbR7fSAdqFSpYfz6Qnjgg84CZV7ja9hDnF5D5NSgh6LkvkDnC2Ahz18yeLsQ8mWDpY1JVY5qHstMFyZUXvN,1787439854,5GjQkGJF1NtAsTt9P8Q3Ni6SD2QsSZ1sSnsi8GBqDnt5,sell,0.001006883000000014,7.559231498,7.559231498,balance_delta
5FWZEEXT76NwLeAXH3tztCp1Kfu9woyrG5BVawnNEMxNTjfZK5JiMsVcsev2ufN2AXFdreXPNCHjqXVEw6YdZrKq,1787439854,5GjQkGJF1NtAsTt9P8Q3Ni6SD2QsSZ1sSnsi8GBqDnt5,buy,0.00010000000000001674,0.748969933,0.748969933,balance_delta
5a3yxUceB94LdUSZKci7KZHKv2xqcVRKjmLQd6FzyegR2fnx1txu43Q3xowpb3oyTCMDPZTLFfQcmGt74kRc5RWC,1787439857,CUkKyTN2GnkLKSucTF24qjhFn6jgSDAUQHF3RzLKhsZf,sell,0.0009956479999999929,7.333167440999993,7.333167440999993,balance_delta
2u8kr18VXXic9YiR5PsRPc6KcE7vKNTgJWcqYnyz58Ng7XSxL8jNBwwuPB84DdL18BAgqV1dZFgEKnGzjVGHpmTv,1787439857,CUkKyTN2GnkLKSucTF24qjhFn6jgSDAUQHF3RzLKhsZf,buy,3.499999999997449e-05,0.21875644699999697,0.21875644699999697,balance_delta
5zMWYkMSzBqiJv86FE52Pk7KoPMeYRcZpZeVMo53VehZiUDKKxkqu8jn2f9dd7ANmLT3Uz2TBr6jFwVY4KuVL7EB,1787439859,tronFPfm42zg7TowSTvPw3ya2tU2oYqvwKJ7i2xgBGB,buy,6.0,44209.0500629,44209.0500629,balance_delta
58YXyL3akfKY1xW8U2NkcAqgphGFJQ5wpwe1rjcpMJdJX69oqKHon6EfiDttyoxhWrozJbJEvRbZZbJRx7Sg6HNg,1787440093,6DqwStHBhuxWGutooviZUgVDhT3F4Dy5pAiP2YErRCEe,sell,9.878349808,79364.63116526097,79364.63116526097,balance_delta
4JFfkSPM56RtE6uVUorEk6yMhesjmKkxVjG1jfKK9RCHTKAxmcBUC2Pbdw9sPCGFyK3atsKa5N2kprsUq4NwntCQ,1787440130,3KEdzpSYJ7sXfHKpVhSF2Qj6ZAjd3Q3dugFCZ4umWvkR,buy,0.229326028,1892.653454206,1892.653454206,balance_delta
4uRWi8juQdT8MAKPmVByMVCEfSAHDMJhoUtysVZhb28p8L6Mknd1z45Hr1k48UCZvKKajFRiySfyg14kRf8pUKsd,1787440130,Act5xzJ7DhXrdNKbRw1yTzQUmT4hYtAPgFKTP5WzPBva,buy,0.27267397200000004,2258.499578876,2258.499578876,balance_delta
5xDJdBKZXTB6ussWuXWbfUBs1LRignU4aPAs31FLqDNofKt75Moueuyem7VcSLqLV8McCFN9TQiMSij3hFuAT4kx,1787440132,3KEdzpSYJ7sXfHKpVhSF2Qj6ZAjd3Q3dugFCZ4umWvkR,buy,0.248319967,2067.4397956149996,2067.4397956149996,balance_delta
P76fzG1WKdx3Kx9dUapEjeuyZh1HmWC7f9DQasYbKaNCz7sgxF9CDKiY21mZhY6zWsC3Mb6HFDPpETAzMv9t9u9,1787440132,Act5xzJ7DhXrdNKbRw1yTzQUmT4hYtAPgFKTP5WzPBva,buy,0.253680033,2112.413760506,2112.413760506,balance_delta
4yAmtRKWKXULaCwWwSXmJeTEKtuMoPHu93jgcVMgKtcbXKu6U8d91KgwTY4zKWgzU25TixqyQqzKZuFzMTRsvV1k,1787440231,A1igHDVAzKcGUAbVMFV8HrCCSUfcs5YzVfW3i9895pdW,buy,1.169302706,8754.782351852,8754.782351852,balance_delta
5JK3o1mPjZs76Rr53qoKFZWETkW4Y4H1qoVJnq6q2RJgQJMcHJ6jp6N8oq7ZoxEVXohaDjBSLYM3vfCB1fX6gAhB,1787440231,Ebux1vXaJYiugKxnBNgQbsBjbjjFK1K2k1zXjkD3tqDk,buy,1.3042481700000002,9780.576487336,9780.576487336,balance_delta
58bX4qSCQEsoXCVaKSLXy94WqyM3udACJuzMH6SDx7m6iQJ1bgoM8Tje9vDro5v8gDx2AUvf8M2tx7kjayJVYkhz,1787440231,GpNHGPQXQEnrrbL8paxGdEWrNEvdFcZFVtC6ztMoYuYo,buy,1.269760325,9517.283809662,9517.283809662,balance_delta
2LdH6JgbE8foUYAvQiqxdWHnDuQE9EeoG2d8RviR3jFWLnEgUGjcEUDX2gwJvrrrk9jst1z9PXvLwngxox2Uj7t1,1787440231,ZZGtLggQHdZ2LgkDtnbJ1eVQMYLpQN7H1fjCGZAw8G1,buy,1.276845919,9566.960686148,9566.960686148,balance_delta
qhZGeciHaTXuw9QvYiXX4WZecD9pAES2x9KyTns44eaHW3jwzQg1MMw2B51ioohGEFatzhDBLiFAzUjZLVfUGh1,1787440236,3KEdzpSYJ7sXfHKpVhSF2Qj6ZAjd3Q3dugFCZ4umWvkR,sell,0.51079358,3960.093249821,3960.093249821,balance_delta
24Mx8w83U8BGq4B2umrt61A7q415765iBQQX5qiDYa4WDyepZ32HJGnQfZ5FkA6drzv2aJGaiuhPxPVQNPRghyZt,1787440236,A1igHDVAzKcGUAbVMFV8HrCCSUfcs5YzVfW3i9895pdW,sell,1.115141732,8754.782351852,8754.782351852,balance_delta
vfF13rmmzXeDGEruMb7Gtx3q6ZZizaAekQonyutMPYahAvwhZe9kjxHp1yctUZ1yCPhuW9x3NDRzbSDnUs76jZw,1787440236,Act5xzJ7DhXrdNKbRw1yTzQUmT4hYtAPgFKTP5WzPBva,sell,0.563876577,4370.913339382,4370.913339382,balance_delta
HyhSakcczyo1L3bFmpmDg8dy3cWx6xKh1y5VauDA2Ra8bNSJxy2F4X5AAbG2W94pPh8ZqTXdEifwt89uukgnqNg,1787440236,Ebux1vXaJYiugKxnBNgQbsBjbjjFK1K2k1zXjkD3tqDk,sell,1.24753935,9780.576487336,9780.576487336,balance_delta
gBNWjd6CPzcU7XrFeXBqYwf5tMcjRkdRbXJL1Zdkwu2xkco2qdFUNwWchKyGmgusFjMhZsrrNP6vqELPzHpm3Mk,1787440236,GpNHGPQXQEnrrbL8paxGdEWrNEvdFcZFVtC6ztMoYuYo,sell,1.2127695600000001,9517.283809662,9517.283809662,balance_delta
5TN94bMt38xKgDBH3BYQrnyggqkSgMEibhYpqd6ua9ZJzRYymGNxAxKwzB7Uk1zFdPJpeFDPbFu1K1zriEomLc4r,1787440236,ZZGtLggQHdZ2LgkDtnbJ1eVQMYLpQN7H1fjCGZAw8G1,sell,1.220526869,9566.960686148,9566.960686148,balance_delta
3RDFXx8h3MoCxtcmwrWaCUAqQhxMRdKC4nuT86AYdJfNQqmUCByv9Jr54EUveR1PSJLiVugsrAsKzUVQwt2rPDC1,1787440239,tronFPfm42zg7TowSTvPw3ya2tU2oYqvwKJ7i2xgBGB,sell,0.4082193,3119.019847776,3119.019847776,balance_delta
hHNEAf8xvJVNfyUJ6u2nGNfF3m6Y81xUj1kdNb9DwKLfA8Fuub8fRHDSGiG85gJGCwbMvPdHNVDPRCfXycdfJRe,1787440303,tronFPfm42zg7TowSTvPw3ya2tU2oYqvwKJ7i2xgBGB,buy,6.0,45179.118976466,45179.118976466,balance_delta
5vpKsQBeq6tgxquovgUGLi8vCw17DhyipNn9kg31QMWRWqbFV9AexNGxCS8beaS46uuZdtSuRm56TMztfrnKbCp8,1787440366,7RyLnk9AfBaWKD56fqDHt9hYHcLTtpZ5sVH4NcwNJ7gj,buy,0.11056428,745.401957258,745.401957258,balance_delta
31Z72LfmYYSf9ShgioHAxfKeET5Y9DRY5VZ2UPx8kcCuzgvLG13o4MVHNDQ3CZr1vMy5GryZek4KDxUdgMUShWfZ,1787440398,tronFPfm42zg7TowSTvPw3ya2tU2oYqvwKJ7i2xgBGB,buy,6.0,44614.713816225,44614.713816225,balance_delta
58zGr3T6G9k3feMrxf7Ah2HDLeayLKgiqEG6mGjdtSqvpe9ppfUnmsbupwqE2HXPPZYWHNF7LoNcjou1xHyGpSfg,1787440445,tronFPfm42zg7TowSTvPw3ya2tU2oYqvwKJ7i2xgBGB,buy,6.0,44160.564408254,44160.564408254,balance_delta
G4e2HX4iTpKiQL6dUxryY68SVA64dRbZ8XHRUZubsSMXyKof9BnCiLAWqTHbiU6XeVRaqmpatvehgvMC6wLjjpx,1787440522,2z2q5gk8TDgqCidzkXkyevXH1aDaVjWL8cQwoRbMF1Jq,buy,0.01003928,60.847622592,60.847622592,balance_delta
3hCh7hGURfyJ5CXQjNgqDBogNHTAQ26pXdUqUX7XDY2GZZwwYCohj5EfZ2Lq4hDj6tMkqFy3SLiJLMq26hcQhkNq,1787440583,2z2q5gk8TDgqCidzkXkyevXH1aDaVjWL8cQwoRbMF1Jq,sell,0.007821831999999999,60.847622592,60.847622592,balance_delta
5SxWkEyhegdxedGzH5ESh9TsBkoUCVPfcZWX7xtPFXphhJxEds3Q4i4cVdq3sPYfKNcyTai5yzCYkHmUG5QATKXq,1787440853,7RyLnk9AfBaWKD56fqDHt9hYHcLTtpZ5sVH4NcwNJ7gj,buy,2.533125,19034.956590516,19034.956590516,balance_delta
4SGykKB8nJmJ5MFPHPYsQZsRrsxG174hLoXaLqWogYdCk2A9k7Lj9DtJq4QiD3s8g75codgih5Qjx7LUGYBdhBxc,1787441086,Ahekwy9V7q2tmqJdTX92TAtEHM4pafQbsfc5oLakbZs1,sell,0.148545614,1207.090103689,1207.090103689,balance_delta
4fd4XZ3TQF46iymdiK1XijPsRutf33nopVQMczCqRK7MMDegmvgSKXpV2o3BVcvGE9uM5C1Jw9FJQg2cdHnsEBBG,1787441086,C7PNbARVAHeskaefdcu7fy21dCN3qNANKuT6Cka2av4L,sell,0.166343505,1349.862717448,1349.862717448,balance_delta
2cx6rg6GzeLvVL4XLyAF465B3LgkDSSw6ZJQJ78dhUZGN4GZy1UU6y2VLtZgDq5nvHHskxruihHs9mkHdopHWNjh,1787441086,JAGPLMkgPWRxFJekMU8DRHRurw968GGYHRMEKUWheYcD,sell,0.135978966,1106.437608332,1106.437608332,balance_delta
35XSY3z7PrMHnKHuLtLentZT36V6vZfGCWTSRkQtJzYb7rDFnWf7MKViwP5vsGSSiJMo3wSRnHS5aPEDWjTMoYuw,1787441173,2z2q5gk8TDgqCidzkXkyevXH1aDaVjWL8cQwoRbMF1Jq,buy,0.010039280000000001,62.924301065,62.924301065,balance_delta
3u6P4AtFmPz87PpUYojzmoRVbWasubXtCrDMNMXQCZDdN3ujQphLi62M5ytGe4P9p9oynRmi2AtMgKj1CinLKgWY,1787441233,2z2q5gk8TDgqCidzkXkyevXH1aDaVjWL8cQwoRbMF1Jq,sell,0.008062531000000001,62.924301065,62.924301065,balance_delta
PFSHYLV3pakGNCeftGkt5qKUcZp1X7A7B2EkVTf2zjWhM7pHTBkpX4Pgmojn1VP8NYubBX8kuAed5uX4oeZ1ahp,1787441292,34rTaBgPLXZXuZuP2LjpDdJZKr9NQ2P8iUy4as7fprPG,buy,1.221,9365.363170027,9365.363170027,balance_delta
3XVvSn54KQ5eGDcf74kyWkDnnTh8V3eXX1nns8Q7p537vvtpjWxfP9ZR6aPmM8aUBDPsVEw8y6EhkZ7sRrhA9eHb,1787441504,34rTaBgPLXZXuZuP2LjpDdJZKr9NQ2P8iUy4as7fprPG,sell,1.287771756,9365.363170027,9365.363170027,balance_delta
3mLTXGmSbRXFyxf6QXsw37uaPYCw8Q8kmdfPt5u182e3Q4CUWTji7oBSso2TyCvYgbp46EUqhbX1mRDBmtWyYWts,1787441734,CUkKyTN2GnkLKSucTF24qjhFn6jgSDAUQHF3RzLKhsZf,sell,0.0010055870000000855,6.621726340999999,6.621726340999999,balance_delta
5RWADJcjc8AodFLdGmqrXWv9S3Me57iBFq5GznWDv6SuKUuCmDUUHXickMzMkDVgS6zYGCVfVADoBcbcexfL9WCE,1787441734,CUkKyTN2GnkLKSucTF24qjhFn6jgSDAUQHF3RzLKhsZf,buy,2.999999999997449e-05,0.19656225500000346,0.19656225500000346,balance_delta
2EJssJLkgHdhVgBzMswe7FivRwh8M8D5gfrALjW7cRXhcgddKaF79721Pw6xZdN4q3U2aRFH9zdg38zdyaYXXUv4,1787442214,6DqwStHBhuxWGutooviZUgVDhT3F4Dy5pAiP2YErRCEe,sell,14.745873729,107029.713991231,107029.713991231,balance_delta
4hbAYGevUxC9ss3jaKU4ghjwuKJUsFV4teGVaWbjyCdfJpXrHmuM2bRph5JP3pkE7bZPi8azyntvSRYVLe3zTbMQ,1787442396,4iDyxGxPRC66QBNwYqMn74VtVm5Moy1ns4w3bAqYGvRG,buy,0.01213928,69.502137174,69.502137174,balance_delta
2q1AHFPhnysi7396L8qzAxsm1XpfKMcKQvwtasgRuNkETSMgN8wkGxaqmWmehWYjp3C7AGtWiR7MFRGLdjZE3ZuT,1787442396,4iDyxGxPRC66QBNwYqMn74VtVm5Moy1ns4w3bAqYGvRG,buy,0.010100000000000001,69.52631231900001,69.52631231900001,balance_delta
5AUKvqmkdauRRQLPLMmUieFPAtas7fX9cKxrAcLGbPuCxUgbHiEwJSYMSfLn7USVDCUdJFUUvLxVZEoJidtnJSWZ,1787442396,4iDyxGxPRC66QBNwYqMn74VtVm5Moy1ns4w3bAqYGvRG,buy,0.010100000000000001,69.52611218599998,69.52611218599998,balance_delta
ZHr7haVeChy9wFX9nU79VAK3JrTkbrcwM9V2LdeMCdWKNwjWPNtnzzLdj4w6WNCvdwx861HNnmPkBLrk6wuTng7,1787442396,4iDyxGxPRC66QBNwYqMn74VtVm5Moy1ns4w3bAqYGvRG,buy,0.010100000000000001,69.52591205400003,69.52591205400003,balance_delta
pSVqiG3iCbrHdrEikvUZoKcFccAk43saLLn5XhYMdBdnuTthqfEemjuUH1Wj7z8QVhjm3fci4JJiG2o4c2ZyY1L,1787442396,4iDyxGxPRC66QBNwYqMn74VtVm5Moy1ns4w3bAqYGvRG,buy,0.010100000000000001,69.21772302599999,69.21772302599999,balance_delta
yvHszryjw8Y8LwHc8XQquUa6EcHTz8bUjrMSx1asy9R6WUDbjrZ4kVJaiqBXx9Fqqz8juBTSzSjaVHYBzoRpDLq,1787442396,4iDyxGxPRC66QBNwYqMn74VtVm5Moy1ns4w3bAqYGvRG,buy,0.010100000000000001,69.23846425900001,69.23846425900001,balance_delta
3ekvs5PMgrB4cKjkTC8X2PyHF6KjamazyNCh3RtSiKzZdZHWUzYe1ZN5rRnorPeCxwnHjMaFhH8YwrmorTgiyBqH,1787442397,4iDyxGxPRC66QBNwYqMn74VtVm5Moy1ns4w3bAqYGvRG,buy,0.010100000000000001,67.84207757999997,67.84207757999997,balance_delta
5aeNNr6KpDLA6XzDSjXNjhuwagzA1wg8jPzFUupUoLMCcXgfwjazgsb7MkptHhiZ1ZrxMyiFeKvR1trvVsimHwEP,1787442397,4iDyxGxPRC66QBNwYqMn74VtVm5Moy1ns4w3bAqYGvRG,buy,0.010100000000000001,67.82493232400003,67.82493232400003,balance_delta
S2ZdweiG2MAXtFeBGkUG2if3phsxxJRXFPnvwhMy2QvHwKS1ZC6eg8iPRcMxs9nw5KWQfNfm5zEwgCCXJrducuG,1787442397,4iDyxGxPRC66QBNwYqMn74VtVm5Moy1ns4w3bAqYGvRG,buy,0.010100000000000001,67.82473949400003,67.82473949400003,balance_delta
2tCeCYQz3g3kofmMnPicfSHgKqaWDvfyc9bh3R7NAmXZR1iexcYDQeYZ9VXCRk9K75oxDimJYCXMWoBfDjTu3KQ1,1787442398,4iDyxGxPRC66QBNwYqMn74VtVm5Moy1ns4w3bAqYGvRG,buy,0.010100000000000001,67.82454666599995,67.82454666599995,balance_delta
5AS7hBb8iyBE8PSPbTBUhNx1d7kBezeAeVhQEPqmoTbr68suKtdUYtjMzSC4qgVS8hgx58sk7o12yKvFqTLhb7Y1,1787442450,4iDyxGxPRC66QBNwYqMn74VtVm5Moy1ns4w3bAqYGvRG,buy,0.010100000000000001,69.297165866,69.297165866,balance_delta
2XFiUbuJMwtPj9TvUd9EQjZYB7rXajw5v1uWe8YwRGnoh28RDc3wEF7uKMkWZWtJG7Vegt9HWLdBQAkzMxovX2Fx,1787442450,4iDyxGxPRC66QBNwYqMn74VtVm5Moy1ns4w3bAqYGvRG,buy,0.010100000000000001,69.29667402500002,69.29667402500002,balance_delta
4kDXNdTWhSCib3GUmpVaMbKWMvARyE3ieqBuesurSQeoKeYCyEXivftTxeLdcryiyiyBrkKxRbJSaSyTsESEzG2S,1787442450,4iDyxGxPRC66QBNwYqMn74VtVm5Moy1ns4w3bAqYGvRG,buy,0.010100000000000001,69.29561476200001,69.29561476200001,balance_delta
49kktg39e3wZuYWqZPfgQgb97Q2jTyDioT9jHNu9QftbjDKDyvCJK3CSHkK8jajmrYjUat8iTSb7uA9366b6aBEy,1787442451,4iDyxGxPRC66QBNwYqMn74VtVm5Moy1ns4w3bAqYGvRG,buy,0.010100000000000001,69.29541563600003,69.29541563600003,balance_delta
4D2E3LPXn9YhGRkmjYt3y9KVBeWoEfwmnEddug8KKjus8KepzVj2Vc7aymV1BSF2bfjGtiVXKHWzjXAT2c6PRhqC,1787442451,4iDyxGxPRC66QBNwYqMn74VtVm5Moy1ns4w3bAqYGvRG,buy,0.010100000000000001,69.29113918799999,69.29113918799999,balance_delta
3JXQZvAMuVSfGnd6JMrvR222qmwCv2va6RmzC9isMwyKUbzTMTqphCZomMDvgPHvC1Z6bZypxzCbwAYpFsRHRALo,1787442451,4iDyxGxPRC66QBNwYqMn74VtVm5Moy1ns4w3bAqYGvRG,buy,0.010100000000000001,69.60823999199988,69.60823999199988,balance_delta
4Wx3QsLSbdFPmhmaYA75YSyY4FifMXsbArjQJ9fx9Drvfs8oSM1QVxBDVUVr9SyVFxsjLF8xnXSjEXmAKMfhUjH5,1787442451,4iDyxGxPRC66QBNwYqMn74VtVm5Moy1ns4w3bAqYGvRG,buy,0.010100000000000001,69.60803951700018,69.60803951700018,balance_delta
2Who6cj9zHod8L7LfohLRQkfgV8tXi8UF3A6vZ1vKnsN7fjr4o6cUJAS7vxN4gxf5LGFBBq6LX5jJqWnyobA2oEi,1787442451,4iDyxGxPRC66QBNwYqMn74VtVm5Moy1ns4w3bAqYGvRG,buy,0.010100000000000001,69.53639358299984,69.53639358299984,balance_delta
5Xhzty5HXuwBWxeWS9JYUquoPs7JvZkidg7AWDzpuyDMMZvN9FEQsbMBvsf1fsw79Jrw3wXDpY3cwStRscn7fmxv,1787442451,4iDyxGxPRC66QBNwYqMn74VtVm5Moy1ns4w3bAqYGvRG,buy,0.010100000000000001,69.53619341900003,69.53619341900003,balance_delta
ui2Qee5S6ycx8LNHZmyVXFf7h4QnHnWgUsWFEAewpMLxAsbnmUHxkJkJBDaqCFA9G7sxDTKxUGQtzXoxEjjaEwq,1787442452,4iDyxGxPRC66QBNwYqMn74VtVm5Moy1ns4w3bAqYGvRG,buy,0.010100000000000001,69.53599325599998,69.53599325599998,balance_delta
4nj69U4mLZbmqUDedWJ8sQP8do6GTBNcFnmV2rqB4TgXdCJxWJfQ8tgoNYf5kSESsEUujjHx9teWZwDGikE54CE,1787442452,4iDyxGxPRC66QBNwYqMn74VtVm5Moy1ns4w3bAqYGvRG,buy,0.010100000000000001,69.56317218200002,69.56317218200002,balance_delta
Pd4TUx7TdbWvcQMK9GuN1ByZKUBbJ87wuHxwsqpesF4gXCqti1gSS1ZitWXJbeT2BdCdGZvfi34LQyzNpPcYf3m,1787442453,4iDyxGxPRC66QBNwYqMn74VtVm5Moy1ns4w3bAqYGvRG,buy,0.010100000000000001,69.56297190300006,69.56297190300006,balance_delta
esi6Gf1trCehoCsKzrCn4sahGnF7Dbx7RWhP5qowev7S5qmZfdfV8HWt9uUXM7De5ss33jMEwvm5XhME8etJETT,1787442473,4iDyxGxPRC66QBNwYqMn74VtVm5Moy1ns4w3bAqYGvRG,buy,0.010100000000000001,70.31613063400005,70.31613063400005,balance_delta
4w9688xC4Yn5f5JqmiWFWzQzP8WwSsb3pSdo4pgdSSvnSw2Z5v1GJM5axWsBE4gYLTrRdiBVvEFRh67fguAohoiA,1787442474,4iDyxGxPRC66QBNwYqMn74VtVm5Moy1ns4w3bAqYGvRG,buy,0.010100000000000001,70.29218853499992,70.29218853499992,balance_delta
65CJt7cj6CnjPB5HDJhSkYTkUS8H9wGh24FEYdU9HPzcNtPDfme9tyiGx8459fiuRoWoVHTobs5qXamj7uN5hq8J,1787442474,4iDyxGxPRC66QBNwYqMn74VtVm5Moy1ns4w3bAqYGvRG,buy,0.010100000000000001,70.341805991,70.341805991,balance_delta
3dBQ2hGewvKqSzp7oFL2xr5L4NXPcTNgMS7vtAExoak2QAF3SrVPSQfd7WFKNcEQUFGVUkBwhKXttZvPoMuCQmvH,1787442474,4iDyxGxPRC66QBNwYqMn74VtVm5Moy1ns4w3bAqYGvRG,buy,0.010100000000000001,70.33083048999993,70.33083048999993,balance_delta
5khne62FntLp324oHwemMC3tbdtofK6ZiyvKqUjhaRQ7C7vjsrC4J4ZqcDHPNDRMA5U9kTCu5sB5i7PzGL9i9sz8,1787442474,4iDyxGxPRC66QBNwYqMn74VtVm5Moy1ns4w3bAqYGvRG,buy,0.010100000000000001,70.37603227700015,70.37603227700015,balance_delta
5c7c2KzZjS6rrUNa8qnVwUhugS6GgDEgq5L9CKfBrWCytUMo28uDfTZMi2cJ1WtySHjcTTVE3tuSGkSXcc1fFcL3,1787442475,4iDyxGxPRC66QBNwYqMn74VtVm5Moy1ns4w3bAqYGvRG,buy,0.010100000000000001,70.37293827799999,70.37293827799999,balance_delta
4jMEsxjBu9cnbcueq7fgDSnmhaUYfT2HM4ee2SJaZGAovsLcE3MQciJx2e4yFp82viPT6USaBtdgUUWZpGDUKgUp,1787442475,4iDyxGxPRC66QBNwYqMn74VtVm5Moy1ns4w3bAqYGvRG,buy,0.010100000000000001,70.34697209599994,70.34697209599994,balance_delta
4h6coobvVYRg1BoHyntF1e39Xm5uvTMV8P1PgdM1VcQKgVUzT3WVhsfBy7X3pLMik9vYRH7j3Y62V39FMksn2rUD,1787442475,4iDyxGxPRC66QBNwYqMn74VtVm5Moy1ns4w3bAqYGvRG,buy,0.010100000000000001,70.34676842500016,70.34676842500016,balance_delta
286PBtSCMuThNmX45jmt1gsThJriieAY8ma67yFPd6bLgNchejHhxoAaDi8wxchprFcitSCmBKyGWrEh9Wt1m2Dn,1787442475,4iDyxGxPRC66QBNwYqMn74VtVm5Moy1ns4w3bAqYGvRG,buy,0.010100000000000001,70.33270736899976,70.33270736899976,balance_delta
2EXWt3h7RL1nmNLkVALjjBL7mxBtLWnD48AodTTaX8eFfD3yRR1qGEDxVNpUGfyzYAX5nGoVth6zZDM4sYTSSKcU,1787442475,4iDyxGxPRC66QBNwYqMn74VtVm5Moy1ns4w3bAqYGvRG,buy,0.010100000000000001,70.33250376000024,70.33250376000024,balance_delta
5g6bb1xuVxwBrAUhMt2vW66bB54BYJ25jZL11bG47Utdke9rWkBWziwXxStit4VXKcmDYL7Zg9FKNuYDxkJxtcX3,1787442475,4iDyxGxPRC66QBNwYqMn74VtVm5Moy1ns4w3bAqYGvRG,buy,0.010100000000000001,70.32210545199996,70.32210545199996,balance_delta
2BwPBncaE1U4mr96stDJxN9dtNkUAXD2soxfwbtFA3rHjxus4QhLPi3SB9LiaMasu9hYqKEC66tMdot4SjomcX4k,1787442475,4iDyxGxPRC66QBNwYqMn74VtVm5Moy1ns4w3bAqYGvRG,buy,0.010100000000000001,70.32190188899995,70.32190188899995,balance_delta
o9sGRFzsLBWEuJoPGmrUFip7CbnCEixbxGbBkywngJjh3MGfffMT5PeiLqYBYXZiMQm7QbFTp1iKwA7yvYkEMuL,1787442475,4iDyxGxPRC66QBNwYqMn74VtVm5Moy1ns4w3bAqYGvRG,buy,0.010100000000000001,70.32169832699992,70.32169832699992,balance_delta
5XbS5hqFHKy95CktCJgg9v6BLAWijaiyTTizC849NhSLWBYYwfJB4Tupw9RKxDaDQJBGQtN9Laf8quuGug2bp4DK,1787442476,4iDyxGxPRC66QBNwYqMn74VtVm5Moy1ns4w3bAqYGvRG,buy,0.010100000000000001,70.31763017100002,70.31763017100002,balance_delta
RiXBFchkJiwZkPwQTMcnUKXHk3Wnekkppk1UKz9Pi9vPrRDMV97LwW5BaCT6qZCy8sWLwmJ1mLJkfZroV8pZySs,1787442720,4iDyxGxPRC66QBNwYqMn74VtVm5Moy1ns4w3bAqYGvRG,buy,0.010100000000000001,67.79955109399998,67.79955109399998,balance_delta
2rpFUkcgaykt7zxpYkhsQTNzddbWX6ruejzamDiuAXmwGze2oq4AxP2Lv9z7BBUQ88Dn6Gy7Krodzaj1B8Y83zEn,1787442720,4iDyxGxPRC66QBNwYqMn74VtVm5Moy1ns4w3bAqYGvRG,buy,0.010100000000000001,67.79935840500002,67.79935840500002,balance_delta
3vybdx3hP7fF3Cx1ZhFwdDoZhompaLtLc3MTAJr19mAeWbcM1MZUgCEtCjZaU5V5fbKJHF6LJDrBP8FpVcLABkrb,1787442720,4iDyxGxPRC66QBNwYqMn74VtVm5Moy1ns4w3bAqYGvRG,buy,0.010100000000000001,67.79916571700005,67.79916571700005,balance_delta
4JRdkQZJQCSUEyfDQLFDMhBTpFbs77k6i2DAKwYdJu3u8tWNK5WtFNHEUbPELh2WWw73hiByByfwtFzDs56TGHjt,1787442720,4iDyxGxPRC66QBNwYqMn74VtVm5Moy1ns4w3bAqYGvRG,buy,0.010100000000000001,67.79897302900008,67.79897302900008,balance_delta
T3mEsvvqi6di2Qxv1XmRcUuU2ha4krCsqY6yjRgYitLXuMmZ4JQsiAoz7owSxoMxUMJ4Pds29BmC82QV5TzKX1p,1787442720,4iDyxGxPRC66QBNwYqMn74VtVm5Moy1ns4w3bAqYGvRG,buy,0.010100000000000001,67.79878034299963,67.79878034299963,balance_delta
3mCpTcCiuo1qkZ15F67g8U5t5k4a6XW3YGdSGWJ71kZX3xd8QvMKbZWcmPEvu2yRyuycasUKnRCHV2JNJz78yEC3,1787442720,4iDyxGxPRC66QBNwYqMn74VtVm5Moy1ns4w3bAqYGvRG,buy,0.010100000000000001,67.7985876570001,67.7985876570001,balance_delta
27qgDqDyJysBscB7t9U6xrxNAggZ5T4jh7NKZ5e1KoUS1yfdquCMJfnc3d3poAjFbVhhxPN2Pbx7KpvGQKRR1rjZ,1787442720,4iDyxGxPRC66QBNwYqMn74VtVm5Moy1ns4w3bAqYGvRG,buy,0.010100000000000001,67.7983949720001,67.7983949720001,balance_delta
MJRc7J3nxb7Pjubqj9TP3ntcQhj3wNagZcPLCbn4p57kXviN916yG5E2hRosatw7XbzNV8hy3AMCyuNg3gbb95r,1787442720,4iDyxGxPRC66QBNwYqMn74VtVm5Moy1ns4w3bAqYGvRG,buy,0.010100000000000001,67.79820228800008,67.79820228800008,balance_delta
2w1nD5T6677c8QA9cWyQcvu1SHk6nMCr9yFecKiQES3mLHs9dAFwJLkUJKFsc987Dine1x4g6iZWCEqAdc4bnKjo,1787442721,4iDyxGxPRC66QBNwYqMn74VtVm5Moy1ns4w3bAqYGvRG,buy,0.010100000000000001,67.79800960400007,67.79800960400007,balance_delta
3kDmbiTeGc6KSHSUAbGgn8V36U1XrP6zQtAG41JBhHqNvAofTRYaVV128LaXFiEzrWbZ8v9zrE7rC8zzmGBhy5QA,1787442721,4iDyxGxPRC66QBNwYqMn74VtVm5Moy1ns4w3bAqYGvRG,buy,0.010100000000000001,67.79781692200004,67.79781692200004,balance_delta
3ArMYL2nW1McVdy8x8ypP18FpcmWrerTeLWKUNKmcezjffz1pqxHczB9mdUrzaVwPtMxv8SG21wu6RA4qNa7T8y9,1787442828,2z2q5gk8TDgqCidzkXkyevXH1aDaVjWL8cQwoRbMF1Jq,buy,0.01003928,48.927834883,48.927834883,balance_delta
5aC4HcbYorGRAcKxsZTvv1V5o5xdQ1hgKThGZToPaeDz6NNkG5LRC88rxyJxc4auGM1zdNV58aChNRvLmJPXg6V6,1787442888,2z2q5gk8TDgqCidzkXkyevXH1aDaVjWL8cQwoRbMF1Jq,sell,0.007841752,48.927834883,48.927834883,balance_delta
55CAEjRkLqM38n86MmyRKiwPNprxUUxdDtXfsGxCSVUmtif488e6rJePTVgEQrfCe5eEppAzCiJ4fK93BGqDU4bw,1787442971,2z2q5gk8TDgqCidzkXkyevXH1aDaVjWL8cQwoRbMF1Jq,buy,0.01003928,50.384659972,50.384659972,balance_delta
3Zj7QSGum92mfWnFMxLAZ5kMVFYnkjKqxWnvTzbfWBwbSZYc3YNzcfP2PoAxQ4rn9Hz4k8VNG6cVGGKWaFBemYnD,1787443032,2z2q5gk8TDgqCidzkXkyevXH1aDaVjWL8cQwoRbMF1Jq,sell,0.007962572000000001,50.384659972,50.384659972,balance_delta
3kUvihbe2xtRWm17oQdmTStXCNVdrPMvqUxE4jZZKXUK5FJy3e8WHopGUkiNg7oGy77k1oLsr9RdNWrNeRs3KWUZ,1787443145,CUkKyTN2GnkLKSucTF24qjhFn6jgSDAUQHF3RzLKhsZf,sell,0.0010087930000000078,5.979209933,5.979209933,balance_delta
2Fw5np2XasxbQN7uaf4k6tnA49x8dM4bVSMXqmYa2EwHLhzzpKQ8ZMY2qPjyqyYW8d7HRCbkyQeCCXBfpJn8kRon,1787443145,CUkKyTN2GnkLKSucTF24qjhFn6jgSDAUQHF3RzLKhsZf,buy,2.999999999997449e-05,0.1764434399999999,0.1764434399999999,balance_delta
2WCXNq5phonrFPRT7WNHXxEX4ZBKLREDWCeic5QsKYyrw1tmgyWfPqZYZ6TyV2p6Ghw6wKaZhsHnGQfs6gg7xvuw,1787443197,4iDyxGxPRC66QBNwYqMn74VtVm5Moy1ns4w3bAqYGvRG,buy,0.2502,1558.4130068680001,1558.4130068680001,balance_delta
63anV58zJthPb6zBV5pmesB5sQjDC7CbkjWayM9R5DkKDWE6LtHVJ59s5RaAYmDieFxWGAKQ9HuVD4UwNSYmLS7,1787443209,4iDyxGxPRC66QBNwYqMn74VtVm5Moy1ns4w3bAqYGvRG,buy,0.2502,1570.8310939019993,1570.8310939019993,balance_delta
2ysyhxKyWvS2PHBy8MCioJXdRJRuD6ELpNPbw4vcM5DdWFV3DzXzHwCcRQtnHphqK19QdRSYUoMMy2ZaB5HUDLSh,1787443313,4iDyxGxPRC66QBNwYqMn74VtVm5Moy1ns4w3bAqYGvRG,buy,0.2502,1662.320790283,1662.320790283,balance_delta
V2UxsMCPPby28hD9uz7ucP41korAWiSwrX2P5AFJqu6pWWnuxcgknd7up9gFssouXNUr5aodSpANCytBHUXg48n,1787443324,4iDyxGxPRC66QBNwYqMn74VtVm5Moy1ns4w3bAqYGvRG,buy,0.2502,1699.0028191319998,1699.0028191319998,balance_delta
2ARhcV8rQqZgoASJpw3tGdcLxsS7hW9SLDJxnZhQD9M68F8o3nJXyEieCFKC3fjHBfGgZEBYZvaAhUtspbCt2GWc,1787443930,4iDyxGxPRC66QBNwYqMn74VtVm5Moy1ns4w3bAqYGvRG,buy,0.2502,1794.5825269710003,1794.5825269710003,balance_delta
tTkbhVxmpnd913HGqv4wrctpnvqk3KEYuDqivNWscx8SFyocWp19arbG92GjNCFtUmVZsdMSRGGS6T6HGeJ4XiR,1787443949,3KEdzpSYJ7sXfHKpVhSF2Qj6ZAjd3Q3dugFCZ4umWvkR,buy,0.5040451579999999,3776.963724581,3776.963724581,balance_delta
5UGToQ2bKySFpyRPE6Xj7jyNvotKDMc1FMVSJiKL4AycbxBz9KVhNdANTZ6YJgMoetQWCwd4cQN5dL9yJZezJ1F7,1787443949,Act5xzJ7DhXrdNKbRw1yTzQUmT4hYtAPgFKTP5WzPBva,buy,0.49595484199999995,3715.786112941,3715.786112941,balance_delta
572rUkx7F24QvbVLTrgZWDzBdPqDpY42wV5TDCrrfWzUV8EbGkzoqW8ekXEuWGcLMifdrAA9ZUN1P9hiD1pjFsX9,1787443950,3KEdzpSYJ7sXfHKpVhSF2Qj6ZAjd3Q3dugFCZ4umWvkR,buy,0.470166261,3525.811396278,3525.811396278,balance_delta
39oJnCAHKjXwocDdX1o8J953fDrfteHQxrBJ7TbBykFbRdM3madWb2K2qsigVyUZs6uE6mnbKUJD6snYJh3UEKTb,1787443950,Act5xzJ7DhXrdNKbRw1yTzQUmT4hYtAPgFKTP5WzPBva,buy,0.529833739,3973.855329523,3973.855329523,balance_delta
25xQBy6vd2CfRz2wqu81AX5DjC9uRXjT6WdKBsyT1PFJw9ithDdfnM6bipg3dnfKscqrtwVA833VbDvZvTd2kWas,1787444162,3KEdzpSYJ7sXfHKpVhSF2Qj6ZAjd3Q3dugFCZ4umWvkR,sell,0.953503927,7302.775120859,7302.775120859,balance_delta
3DxkY9CiuUZA2EgF7ruBXCiiUMXJJn7FM1ezNSRwc1CvE4LWuefNYHZdbRtGzjfmnq5DNBLLZep5GMFzpeH751Fa,1787444162,Act5xzJ7DhXrdNKbRw1yTzQUmT4hYtAPgFKTP5WzPBva,sell,1.003716744,7689.641442464,7689.641442464,balance_delta
5oU8qsDN4Y7zWppbJ6MhMqx7a4tJRhGRVQvxELg2beFe77QuDEyXtpb1o2ptCSrTVf8UfR4xqixgbzyVc5yaZcCG,1787444252,3o7YPX68tAMJdYH6CeqNpvcNe9ZGcgFzBzVsoUQZgSbo,buy,0.320017163,2430.384647415,2430.384647415,balance_delta
5RT1A3hBCg1wRmXXpwYZ5XLv9rYRnJfyrxgeFmvCSUscQL9jxCkwBb5TuRNe1jMfGgCu5gyP7hpDHRdmJbMJt9Qc,1787444845,4iDyxGxPRC66QBNwYqMn74VtVm5Moy1ns4w3bAqYGvRG,buy,0.2502,1889.053517825001,1889.053517825001,balance_delta
VPFCf2NfpoaZjwXU1KtrnPQ3nT3aScL2Z7mrR2j22u5eDJEuqWhNwUptSrppyZrnJp2p5cSxDTmbWWhLPxv2ULJ,1787445406,2z2q5gk8TDgqCidzkXkyevXH1aDaVjWL8cQwoRbMF1Jq,buy,0.10203928000000001,839.084808627,839.084808627,balance_delta
V3Q6854vzQZwQLKxGJ77gAhccpjYVU4mWCaMmKHUEmnL3qhrU5y5q2BYWaR7oZukqetgKGwp8YfNackmSe38xS5,1787445417,4iDyxGxPRC66QBNwYqMn74VtVm5Moy1ns4w3bAqYGvRG,buy,0.2502,2055.9597827989983,2055.9597827989983,balance_delta
QqjDfMdjRxC25MhFXy5xtwJQVoCsk3STRnixdVvcXhsT2d5MdnReuaLtRQU9s1UkZrarFV4bmJoeG3xXYAkSJxo,1787445418,4iDyxGxPRC66QBNwYqMn74VtVm5Moy1ns4w3bAqYGvRG,buy,0.2502,2056.3243853740023,2056.3243853740023,balance_delta
4LFLryVm6qWxf53B9QcxgJtnm4xWnRNs6SVEAVVgAoGbjZGPmp66Hg6Bo7oXYqi7Fyru3nqvWBKocstj64CzNgoi,1787445466,2z2q5gk8TDgqCidzkXkyevXH1aDaVjWL8cQwoRbMF1Jq,sell,0.101894935,839.084808627,839.084808627,balance_delta
5jCxWou53uqgbGTyCfXetq6MYtKmWosFa7KM3gSg7jo99ZLmLH1YN3LaNQ7zfbSSsTkpo7pjmVxeEBettUyXEzSz,1787445791,7kjxRWRMGGcRVPugDhCciUy11Xye9HuNmgffWRaDnAiS,buy,0.712237964,5875.558562589002,5875.558562589002,balance_delta
2AEzBBpvUuPoVBrWxf6VaMU5auEXhr7yNxSThS9EJ8jSMK9jATzskxiEc3ExJxkPkYmw6gsstjBVG6d9xFK42sBa,1787447513,6DqwStHBhuxWGutooviZUgVDhT3F4Dy5pAiP2YErRCEe,sell,5.90447636,48253.00203232301,48253.00203232301,balance_delta
42QjAvxUL4Sv7LCE96UzYvbFmXKHvCpVx3Wy3JtezaaSceVGh9htm9L54CgKhkYHbCFJMJvUrDCehTTCKaLVjee4,1787448265,4iDyxGxPRC66QBNwYqMn74VtVm5Moy1ns4w3bAqYGvRG,buy,0.5002,4517.439035817999,4517.439035817999,balance_delta
2rAUGzaQmNdNgWBQ57yAqS4aNZ3Wm7oHoha8gaQPRNCAHDhU3iy1MAUfay76sKjnoQ9vJ6Sp8qasAPQ4ttGnb3EH,1787448328,6DqwStHBhuxWGutooviZUgVDhT3F4Dy5pAiP2YErRCEe,sell,7.908779391,69815.691860385,69815.691860385,balance_delta
4UVCohvnYRMZqbpVhdoD9zq2mLfpmMLMpstKdjyVKcPxCe92fgygpP8PWugmnDfPTNDqD5sPsEsWpL2EfZWUxtBk,1787449510,4iDyxGxPRC66QBNwYqMn74VtVm5Moy1ns4w3bAqYGvRG,buy,0.5002,4903.156827565999,4903.156827565999,balance_delta
4tXbVeY7se1FjPfuBf2f6efXbii6A72tW1zMWexNFBnu3DR5vxDCr94Kd8HVbwJwA43GtEzM73ucLLkTUThfoti9,1787449541,7kjxRWRMGGcRVPugDhCciUy11Xye9HuNmgffWRaDnAiS,sell,2.8156503920000002,27575.821395455,27575.821395455,balance_delta
3KnYvDb1femkjksWRruVraArXM4N4tnVKDsubvTG6FGPo3SXPth62GVcVBKam3xZVkf7ynarMVxr6iyHs3EVzxJe,1787449618,4iDyxGxPRC66QBNwYqMn74VtVm5Moy1ns4w3bAqYGvRG,buy,0.5002,4927.305637392001,4927.305637392001,balance_delta
3BYS8RLbZu8PEWas32RaHpS95wJMrEVs5Vphcd2bxiLBRT9tvp7VzQfCzoiM99YQg58eXQ1qPPKn1f3kJznKBx4E,1787449638,4iDyxGxPRC66QBNwYqMn74VtVm5Moy1ns4w3bAqYGvRG,buy,0.5002,4997.022164768001,4997.022164768001,balance_delta
6K1CuiW36w2pu5b9jspfEHWFJ9RzQC6wA73vjgRCxbX4eBoQnoMrbWveKWNkKLe82Zb46KmCcPk7du1dvDYMpoq,1787450223,4iDyxGxPRC66QBNwYqMn74VtVm5Moy1ns4w3bAqYGvRG,buy,0.5002,5084.962005784997,5084.962005784997,balance_delta
4S6MXMMao3AntMt71Z8SozF3ZjRc2eYGPjCZ5UhZx6dNr1Q5kGCHQDEu6NSehterpZVEhSTgrdrrAiNAcvhG2oMn,1787450274,6DqwStHBhuxWGutooviZUgVDhT3F4Dy5pAiP2YErRCEe,sell,4.9173074,54291.497412829005,54291.497412829005,balance_delta
2rY9MrMtvSD67e9DWP9i7cL7i5h7D6AapwXWsHuphdBrpS8BGghrmddMH5Q8C6k3FioVd5WBobcM9GzstHRhHnKT,1787450535,2z2q5gk8TDgqCidzkXkyevXH1aDaVjWL8cQwoRbMF1Jq,buy,0.010039280000000001,70.792996327,70.792996327,balance_delta
4zU2wypfQD1SM2ofN5QXWWwwjueMJ7wMmE736TnUa9bXnExGrp2yfQnyjDFJPJgRcMbX47HQ4Y6VDd71vjHY9wZ5,1787450539,7kjxRWRMGGcRVPugDhCciUy11Xye9HuNmgffWRaDnAiS,buy,2.9011408139999997,25599.881744897,25599.881744897,balance_delta
5StqjzVZyX7R7XW5AgtqadcxLjiVRLUw7eu9Q4n7bZCY1YWyCnD3zaJQpDR3jeWD4MgFwKFVjFzoushCRfMkLmvo,1787450596,2z2q5gk8TDgqCidzkXkyevXH1aDaVjWL8cQwoRbMF1Jq,sell,0.008104038,70.792996327,70.792996327,balance_delta
45pAuWiLE8KDNecyUQiHNiHf8ZSvhwA4LAuShKFiqwRzvRGFrsk3cwZ5SVSxJR6Vbmir4Atn9MqdYR4DNWJLociK,1787450784,2z2q5gk8TDgqCidzkXkyevXH1aDaVjWL8cQwoRbMF1Jq,buy,0.01003928,72.602418738,72.602418738,balance_delta
XLmmzWyAQCVPymEbwxNxKwHco4eSiQrCG6fqtQuGvbEEsfbW96RoB9q7MvmhzJs8QAs4DRNJP5MhTabzDGqP5UE,1787450845,2z2q5gk8TDgqCidzkXkyevXH1aDaVjWL8cQwoRbMF1Jq,sell,0.007773942999999999,72.602418738,72.602418738,balance_delta
4u89jToGMhFm3Y9UEFNTpDykeeJgf1srfz5uALGc6pyk5XnC7zdbdVNm35PmtbYxkTMzT2GMdRVCQxc9PtmsY5FJ,1787452068,3o7YPX68tAMJdYH6CeqNpvcNe9ZGcgFzBzVsoUQZgSbo,sell,0.298547852,2430.384647415,2430.384647415,balance_delta
2cXWcxFQ4jJCG3VZ9i7fjdQjKJ5y3q5DaG9N4z5hxWP7A4PXdrDXCtxdrbKGT32HQRvtMWYVh3RCFjLUYX45EfGZ,1787453424,6DqwStHBhuxWGutooviZUgVDhT3F4Dy5pAiP2YErRCEe,sell,3.272057315,29976.21072552599,29976.21072552599,balance_delta
5vR12dUytLZfdwVrbKxq7KBfK7jUcDVpeq61TEM4gPjtUrkyHmj6bGCbNHx3Axrqfs7R3RpXuuJmfGkX2vwgEh2q,1787454233,4iDyxGxPRC66QBNwYqMn74VtVm5Moy1ns4w3bAqYGvRG,buy,0.5002,4854.606121632001,4854.606121632001,balance_delta
5stTK3Aeh1KfD2kGjuRXbug8T2UyqrjjYQ2ZDq9UHnDaofyzmLYTZGhznwERCqLDi9G1iV8VpY6sBAEn9mNPwZjM,1787454367,4iDyxGxPRC66QBNwYqMn74VtVm5Moy1ns4w3bAqYGvRG,buy,0.5002,4984.691019607999,4984.691019607999,balance_delta
Ryh8xCbLu5CmX53XvbsToWP4HxnsSw2UXrp5CBSEe1hEQyQ3p5TV6pnAYS5wczNGVsyfUiiU8RKKmcxGhPdVtgd,1787454565,4iDyxGxPRC66QBNwYqMn74VtVm5Moy1ns4w3bAqYGvRG,buy,0.5002,5108.2861744699985,5108.2861744699985,balance_delta
2cumaLgqZXKQW2zQ1gadJJcwwaEmZHAYXpLrfjHErZf9sYp577UmkgTB6ZJvYAeN92L1ev3hBTm1vmdRWDtYsCFt,1787455172,2z2q5gk8TDgqCidzkXkyevXH1aDaVjWL8cQwoRbMF1Jq,buy,0.010039280000000001,72.100600016,72.100600016,balance_delta
4NS4cjCio3n14w1a1ytqytMdtT3fBpKSCK1yNF6ksKVgYEWvduSsrzwTS7w8ZCw6G2xS4tPgSF2ewArtEs5Qsrnz,1787455234,2z2q5gk8TDgqCidzkXkyevXH1aDaVjWL8cQwoRbMF1Jq,sell,0.007863374999999999,72.100600016,72.100600016,balance_delta
GT6oYFktuYhmb1qgobUAsSXAaqVbpre8d39UvjCjxiUUR1nHgWrmMauNwvVkV13EScvxRU6Xt4NqhtQ54Zxy2zA,1787458459,2z2q5gk8TDgqCidzkXkyevXH1aDaVjWL8cQwoRbMF1Jq,buy,0.010039280000000001,63.633922191,63.633922191,balance_delta
3nR6wkrdBkZ73dSArUotSupVT8Ut4VwcsCPP2iXAw8oKzL95de6aNeNfFAszUvfMnn2eKEp2puL4oxEMopRG4WHs,1787458520,2z2q5gk8TDgqCidzkXkyevXH1aDaVjWL8cQwoRbMF1Jq,sell,0.007953565,63.633922191,63.633922191,balance_delta
3soxAqmr8LT9o1UBNXbghtyRHR73tiQs9QCsJXrFEH7HdK8KaiDLvG5VVL7Dv2h1otxsbDEiPXGwfDbeCVg6nLEm,1787461709,93u5BsWsPxuLRzcDqwecZV9TiXEV7qNavef6fscPnSb5,buy,0.007586056999999999,42.112048959,42.112048959,balance_delta
5ok9pd1ZGYGiLP3iYLt1iGFxnp7fEJSRePGnfS6khpF8rMcsqNp9fLvuBUTVVi28B1CRfago7sKXZbTyDDyAPAyQ,1787461709,GEPiePuVYQcbShk7ACa2YASeLuRHqvcSZpS89keWZecG,buy,0.007292503,39.710064288,39.710064288,balance_delta
4bm5NC11Ag3vZh9NL3ottLNfDQQgHneRm5fE8UJ2ZfZwdRMmFnC5dD9wZdeJgFuuNcuHBRTawvUNbHjPwEoNNFVR,1787461710,93u5BsWsPxuLRzcDqwecZV9TiXEV7qNavef6fscPnSb5,buy,0.004931864,37.080585796,37.080585796,balance_delta
LgKLgrAQEopesj8maor2x3voM6dxr63BtyXvVjhSCZ8wMe4eqdxgmJKYLnjfpa2b4nvZ9wBb8jvfDm3Nqwyz2Yu,1787461710,93u5BsWsPxuLRzcDqwecZV9TiXEV7qNavef6fscPnSb5,buy,0.005567941,42.28495637499999,42.28495637499999,balance_delta
24Vir9f2JGx8KJYm7PfZ2RLs8aYggwy69Xi82rzWEerna8QN6RhEzZccKWJ6AtrMgfmHE6aicz8iAeFfzPp5eCPK,1787461710,GEPiePuVYQcbShk7ACa2YASeLuRHqvcSZpS89keWZecG,buy,0.005868136,44.741274866,44.741274866,balance_delta
5FveKbvfoqKRDQbET38odk7RLvsDrTv8gDpLjh9FYeCJuFx6nNXht6KAQrLxq6fWvvGLUMEbaVCxi9CQLnHvVgma,1787461710,GEPiePuVYQcbShk7ACa2YASeLuRHqvcSZpS89keWZecG,buy,0.005232059,39.536651702,39.536651702,balance_delta
24Xkx5zL98fWPUwSp6oKFzxfUtMLhYyb3VmSHkzaADqpEMhPpWFvDczGyzA753g5YrfFUJJ6SYRGwTZZqPuiigW3,1787461710,GEPiePuVYQcbShk7ACa2YASeLuRHqvcSZpS89keWZecG,buy,0.004997304,37.615790614000005,37.615790614000005,balance_delta
FsZwa6NgoqXi2fNNLEf7p3aRZA3k5FTLN3wiWbSF3Xw7KEQiMLm3yjF4ehBAjFnJ24EF8Pq6dMepF4U464LWqXk,1787461711,93u5BsWsPxuLRzcDqwecZV9TiXEV7qNavef6fscPnSb5,buy,0.005802696,44.200177048000015,44.200177048000015,balance_delta
xBjj3A6xQ3ytNv5myN3546cvzsz4kDxpr418ZNmuxLzciszfRabELWagWhSAyzCh91JGAFcM4TcsUdqkcMjxR3v,1787461711,93u5BsWsPxuLRzcDqwecZV9TiXEV7qNavef6fscPnSb5,buy,0.005591583,42.47289587399999,42.47289587399999,balance_delta
3RBwSwjXjnfJKihfiAr8BeQCtENUj6dBjAzbYD7j4Cdhwv8FmmXMHFSTuPkZMpNhXQbhHnqdEaRzrpLrxD9fJQUc,1787461711,93u5BsWsPxuLRzcDqwecZV9TiXEV7qNavef6fscPnSb5,buy,0.005076044,38.253830263,38.253830263,balance_delta
2T1fCdTSvoinKTrb36DiA6EQ6KsRwhGUtCxiktvCHo9rvDg8rD2kseeQF5T1GZJnQ7X9j1XRBASg1i9a2aQ65N12,1787461711,GEPiePuVYQcbShk7ACa2YASeLuRHqvcSZpS89keWZecG,buy,0.005208417,39.338234586,39.338234586,balance_delta
4TNci4kMa3GtVSPMnwqnWchMqr2KWN9W553Wjx5QDwzHPXTBwJgKGoRrotVzK47FZFXvFRDF35J4Hf4M45aoqnAc,1787461711,GEPiePuVYQcbShk7ACa2YASeLuRHqvcSZpS89keWZecG,buy,0.005723956,43.55578578500001,43.55578578500001,balance_delta
4So9WMSWdrKPRS1BVSZgRij2o1acNUAjuwmKMwNTMcGa5Azve5YBgnT8AHqwCEgUyYQHNU5H6kRsmRXm4cxSfAan,1787461712,93u5BsWsPxuLRzcDqwecZV9TiXEV7qNavef6fscPnSb5,buy,0.005060683,38.128050118000004,38.128050118000004,balance_delta
bFJvQifRxR9t7UwguEoqy3b37wEhjNoghM3Uqwe9JxCQDyiQZd1DsN8CU57Canat5wazULUvmUrSaGTd1zU7WWY,1787461712,GEPiePuVYQcbShk7ACa2YASeLuRHqvcSZpS89keWZecG,buy,0.005739317,43.679876682999975,43.679876682999975,balance_delta
2mLNT1hJwQLeKCXD8bh2BwHmRXTyMcyrwyBJWR78jYCgZyWK8aDD71GGDJin2LG6kdTYJYDiPmUAiP5oJ9eq2dPx,1787461713,93u5BsWsPxuLRzcDqwecZV9TiXEV7qNavef6fscPnSb5,buy,0.005797815,44.15687833700002,44.15687833700002,balance_delta
YScv6KTcort7QfScUhLidCdfUdYBKGSvJEAroDKKEWHNxMHcZ8dmMQSTK8n9pn5TbFqzKG9VzZ6oqvUy2ysHrZ3,1787461713,93u5BsWsPxuLRzcDqwecZV9TiXEV7qNavef6fscPnSb5,buy,0.005121279,38.614761203,38.614761203,balance_delta
3qK9jL6bb17z6mow93y2WyScX7UNo3drDu8uMBtG956phpNieBhY13PgZUEDGRZqFqaGzJb4v42AcfPHMndUsrNT,1787461713,GEPiePuVYQcbShk7ACa2YASeLuRHqvcSZpS89keWZecG,buy,0.005002185,37.648165198000015,37.648165198000015,balance_delta
4CNm2LnxPGU7XWzWrRfRK4DaDsM69C341KbqzCPPqpmJtiaZaUpsCJaUkFzuSc1XwkYwgDfRs1dWYSrLV4gUSH1H,1787461713,GEPiePuVYQcbShk7ACa2YASeLuRHqvcSZpS89keWZecG,buy,0.005678721,43.17394502999997,43.17394502999997,balance_delta
3JppJivEiPQABXZBD8VxncXBXaofFW6dP44iYynjARQCGxZcVLx3LKWJtErM4AuthRr3P3uSwTyfejPmXArikuM1,1787461715,93u5BsWsPxuLRzcDqwecZV9TiXEV7qNavef6fscPnSb5,sell,0.043379283000000005,367.304183973,367.304183973,balance_delta
5ob4VRop9sfa8sTeZmVJyJD4tWLPCfixBkxTsc8U1g9ayqcoFDXb4Mqsb4hbdD7zegUq1LeBifG2Hw5CVtBXYPnB,1787461715,GEPiePuVYQcbShk7ACa2YASeLuRHqvcSZpS89keWZecG,sell,0.043580774,368.999788752,368.999788752,balance_delta
5o9SUc2m5eRpeRnihXH2n7xWxJkgogCtGoW8GusMg7YsF5LnGJrAJhP2qnF1AZjo1XS4MLPX9GaanK4LQZW9tEzj,1787463215,2z2q5gk8TDgqCidzkXkyevXH1aDaVjWL8cQwoRbMF1Jq,buy,0.010039280000000001,61.830473711,61.830473711,balance_delta
2PLZirecRh6UV8nYtTd7dLJ8N6Z5gJhkVPCYxuHxji2ET3xFSCLnBzJMoTFJH5FDuCSkdcbffk3vRse2oSqgF4y8,1787463276,2z2q5gk8TDgqCidzkXkyevXH1aDaVjWL8cQwoRbMF1Jq,sell,0.007887148,61.830473711,61.830473711,balance_delta
3fFK7kRLY2QbHnNm57xuCsAke5nMXkgjzLbYLWaq4z3hR1rQ1T69t6fSXYQgry2VBWWbdSLioykiK6h3LPer4dUp,1787467788,2z2q5gk8TDgqCidzkXkyevXH1aDaVjWL8cQwoRbMF1Jq,buy,0.01003928,52.10224595,52.10224595,balance_delta
mSjtF4CoPiynHikwrXHXfvgU5NmeRJiBC3qyMVNYBYxx2MrbCuNLrDmAM3DSVQ5akz5t4TJ54o8vo4Px3zegyYP,1787467848,2z2q5gk8TDgqCidzkXkyevXH1aDaVjWL8cQwoRbMF1Jq,sell,0.0077238689999999995,52.10224595,52.10224595,balance_delta
23KpBddSYTDs8f7egpbWQMmR1SGYjLdiGDEaZnUnxaLsWNLxd9hhAXcKibYkwtH1eAqdNb2GZv74NMEBYYFFzJ4o,1787470687,CUkKyTN2GnkLKSucTF24qjhFn6jgSDAUQHF3RzLKhsZf,sell,0.000995018000000047,5.398933283000005,5.398933283000005,balance_delta
4fvmtjLETYd4gi6SFvMCVcgMsuzeec47zXScjbhyosfVGrQfwQUbLB73WFnxuS1MK41A7SaJFi3G6tNfWZZfCG6p,1787470687,CUkKyTN2GnkLKSucTF24qjhFn6jgSDAUQHF3RzLKhsZf,buy,3.5000000000196536e-05,0.16115321900000623,0.16115321900000623,balance_delta
N7oriyN438Zf5RhaVn1VAjBV4PW1hvT2nkSSt9Ziw3oVxz9mCGQVUPMaGEa1uh8xw1hXG29XBpBQiXdLmPdosZD,1787470904,CUkKyTN2GnkLKSucTF24qjhFn6jgSDAUQHF3RzLKhsZf,sell,0.001039182000000194,4.875155277000005,4.875155277000005,balance_delta
BPMEapGc6mVwGiUmmCDM3pxwLswNsuaCJRcoXdrMLRUKEyifHsqRBcDwcbUvBoXi6FV3ZbkFFN5nGqbfLrDCUe4,1787470904,CUkKyTN2GnkLKSucTF24qjhFn6jgSDAUQHF3RzLKhsZf,buy,3.0000000000196536e-05,0.14003967300000397,0.14003967300000397,balance_delta
5c4yqk9ydkvdvwQkfAbEQKW5idGpPKMn75VmmSh6Fz57V5nL9izWVCiKVgNcdxTY2xGumLGTG6HjQLapG5AfcRjj,1787472742,FwiYAjHmzpH2twsMxTnkj4WDPrXFNYqTQMn8soTMYGGB,sell,0.045856369,236.00867035,236.00867035,balance_delta
5MJWeqH8VYajps7148YAqwWbU762pBQVx18wEjVYCsFRqcY4rFkEWTqma52wMuFKunJFgC4cVEr4LvscJo2XD1Ry,1787473830,2z2q5gk8TDgqCidzkXkyevXH1aDaVjWL8cQwoRbMF1Jq,buy,0.01003928,40.02804899,40.02804899,balance_delta
NkyEzmFnGhcEG451imgWTBkAuzFPrWMjqgYAPhy3kh6TyVddjZkHt4tixwT6tFQ72E7Mv9qFXYNbSu6N9VPN5ND,1787473890,2z2q5gk8TDgqCidzkXkyevXH1aDaVjWL8cQwoRbMF1Jq,sell,0.008014391000000001,40.02804899,40.02804899,balance_delta
2e9yYT1uMabmmoAK9tdAdAQoSuAsW6td8aFK2nXimD7MfzGDhQrWKACFW3KoFHShMH3HDTX4Q5VMqGYUCAjMxoD1,1787474675,2z2q5gk8TDgqCidzkXkyevXH1aDaVjWL8cQwoRbMF1Jq,buy,0.01003928,40.077570587,40.077570587,balance_delta
5JnEQt2dXWD4HzEQy8eoi8n49D3ChqiMh5BUPmxMQyKAu29hmvNH46rdFmfB9RFkxa3py2WBkdj9f986BupbsWjd,1787474735,2z2q5gk8TDgqCidzkXkyevXH1aDaVjWL8cQwoRbMF1Jq,sell,0.008038574,40.077570587,40.077570587,balance_delta
2XNpyHBYy5XpCX9A7sFZw2xBnhRfFbB3FMcjXqT8F91DpFZfaqBbtR44YS6ogVvUKViWikp6M3Z9bBS7cK5f8QSg,1787475303,rAHF9X8b6JfP5DvM3b1RhuJVco1NZ9RHsxJvdSVWixf,sell,1.991985925,10000.0,10000.0,balance_delta
5tBLJ5EQoqKNFBLDYLyB1KbEpA7At2HcrEp3o1VZxZoYfeuz91XbV4qvAnrCNZNyXevXqBDFML4cTLWaLyB7KqwZ,1787475325,rAHF9X8b6JfP5DvM3b1RhuJVco1NZ9RHsxJvdSVWixf,sell,1.991985824,10000.0,10000.0,balance_delta
49RjCyJnhZC817FHmLufLFR69fVYB1kWYR2bZnPpK2ZU4bDPRDx4TbPr52BTtxZ6FQF6bgy6bUhyDQwRoKKcv7qX,1787475504,rAHF9X8b6JfP5DvM3b1RhuJVco1NZ9RHsxJvdSVWixf,sell,1.994893733,10000.0,10000.0,balance_delta
HKZ9SqwdtDJYjhFDuTRNXu1B6SLuJt4RZhiYuXAY5ng2D56hmBKgz1km4VbykBAWPBmRanM65boSM89EVhYykk9,1787480384,2z2q5gk8TDgqCidzkXkyevXH1aDaVjWL8cQwoRbMF1Jq,buy,0.01003928,37.957626069,37.957626069,balance_delta
MyLLZnU5SL6qunpj56WzVz5pzeFgjB7pnndhM8pUen24zmkoB27eBtWsjojeb3Woj63wX2h1BpdNXWFr6avJ2xH,1787480445,2z2q5gk8TDgqCidzkXkyevXH1aDaVjWL8cQwoRbMF1Jq,sell,0.007828591000000001,37.957626069,37.957626069,balance_delta
5bozWpkc7zVMLiZfhAhcwJHSTJ2f4hKq7vYmDs2HY2zZde5Gbb7XSRxXNtDVK8ZDCAFRSykgUZSFksroG5qGjKis,1787481944,CUkKyTN2GnkLKSucTF24qjhFn6jgSDAUQHF3RzLKhsZf,sell,0.0010021069999999188,4.4016437170000025,4.4016437170000025,balance_delta
2pyA8X51J4FEpqRbNXoQrMoKR26gD2zFg1eXZco3FCbi2V2wWF3Vk5ukasCMcRYqJ4xLxjtCtLMGsV53E5skUyst,1787481944,CUkKyTN2GnkLKSucTF24qjhFn6jgSDAUQHF3RzLKhsZf,buy,2.999999999997449e-05,0.1311439649999997,0.1311439649999997,balance_delta
99XDYZ8RCK8BSTjnVoJSy3iWPzjr8zjPEvWNYpocQSNcEsEsaqwA9di265KNmfVuxYCdFdxtimBEqHwsRmk4GnJ,1787482208,7RyLnk9AfBaWKD56fqDHt9hYHcLTtpZ5sVH4NcwNJ7gj,sell,4.685801975,19780.358547774,19780.358547774,balance_delta
2kX9QxSNXMy8o5nZ88jtoy2nZYNjvmPdLCMeAvhzNyyiCvG9rALJmFoxHpHtocCdEtNw6FAui6o74wyPuztT7wSL,1787482398,CUkKyTN2GnkLKSucTF24qjhFn6jgSDAUQHF3RzLKhsZf,sell,0.0010008080000001307,3.9745937409999996,3.9745937409999996,balance_delta
6Sd2dnY2uZ27jJ2pMMJWpf6CVqpZHcjwgKZtbJVWcJPAW9FtT9G3BEzgjvBjvQ6MzsKM1defVnsgprPKcro7e8J,1787482398,CUkKyTN2GnkLKSucTF24qjhFn6jgSDAUQHF3RzLKhsZf,buy,3.499999999997449e-05,0.11854602500000055,0.11854602500000055,balance_delta
5Y8t9TMaKC4NKwuxRCTFftDyy6kQLFTqXGo8sUD3XdSjWw1NMWfr6z3ReY16PPKpHT9Cw6tDfuVm2ByKFDapP7mz,1787483982,CUkKyTN2GnkLKSucTF24qjhFn6jgSDAUQHF3RzLKhsZf,sell,0.001001527000000113,3.588988969999999,3.588988969999999,balance_delta
h64JFUZoojuK2XcRs18FjdCQvEbKUf4zddrf4EAFjaEtQd2vXRFfPC1E7TR1SMrTR7M3k95RhPCeGebUDUiFJxA,1787483983,CUkKyTN2GnkLKSucTF24qjhFn6jgSDAUQHF3RzLKhsZf,buy,2.999999999997449e-05,0.10734145999999711,0.10734145999999711,balance_delta
2Ksb1oZ1CF9i3f2es6X1BD2Ko5VipDAYji5kVSjaFHX8SC5JxYmooKmFXGeL1W6hxedUaqLHD7RkGvC3xo94QiRB,1787485356,CUkKyTN2GnkLKSucTF24qjhFn6jgSDAUQHF3RzLKhsZf,sell,0.0009982449999999304,3.2408242190000003,3.2408242190000003,balance_delta
66oJytYFuNfM4HeUQPoyXTsSWos6dESi1QFqXiYY7nCbqDBwxDYuSeJNYe5WsyfMGwVoNhAaG4RAu3WmwzEZJGbx,1787485356,CUkKyTN2GnkLKSucTF24qjhFn6jgSDAUQHF3RzLKhsZf,buy,3.499999999997449e-05,0.09642661600000224,0.09642661600000224,balance_delta
3vhQb7GQb4a4XEGHEvRismWVsVhz5LNTDdZS9ju7MsTXPVmmpwUsFym1qbP7pQxHikQQcPHrHsjYDsrWj2aPrWh2,1787485478,rAHF9X8b6JfP5DvM3b1RhuJVco1NZ9RHsxJvdSVWixf,sell,1.2060165729999999,4087.1203540090064,4087.1203540090064,balance_delta
2nmputQwxiiYpHKnz2YqpQnSsw84iVfdjPBUYwviT7Es9KovU17YyT85TRtant3YSZb3oqcHzEQEDoCAuUo6Vdpa,1787485499,rAHF9X8b6JfP5DvM3b1RhuJVco1NZ9RHsxJvdSVWixf,sell,1.451555819,5000.0,5000.0,balance_delta
2ttxtu9iADZritXWC6P7MmAa3BGS4bznX35NJdYV3DEBRYAyYcsWUqdvNogiNzBzRMztyKUekHnJqCiaVGzmY1vN,1787485514,rAHF9X8b6JfP5DvM3b1RhuJVco1NZ9RHsxJvdSVWixf,sell,0.287055788,1000.0,1000.0,balance_delta
uEouGTiNvUK8FZtdZSA8zBH5d25WHaC5v7VSPBFFHvQgJSDjr5PP5Pprk8GVtXYtUX12bdxRYwyXEvRXfwuLC9p,1787486428,4iDyxGxPRC66QBNwYqMn74VtVm5Moy1ns4w3bAqYGvRG,sell,0.919899003,2842.3947967159984,2842.3947967159984,balance_delta
2GLvDFMX2egqcUKHSCnQnDpG5WzoLLWu7h238bDo7d7BAgDSauzSzJXv7oNHDFEeMwzoqgBqyLRkL3vJs9r4ADhJ,1787486437,4iDyxGxPRC66QBNwYqMn74VtVm5Moy1ns4w3bAqYGvRG,sell,0.858412803,2700.2750568799966,2700.2750568799966,balance_delta
8YWaaYHRxyLxHfqdiFdpurouRvKDhZurW8adrZ55PTrqFovzWSJx2mif45ctzP8PMQjyRgnSnhiB9NEXPcCVbbR,1787486439,4iDyxGxPRC66QBNwYqMn74VtVm5Moy1ns4w3bAqYGvRG,sell,0.818001972,2565.261304036001,2565.261304036001,balance_delta
RaQ5rEHEMUWCKPfW2y4ysRKCcV7acCUk3mW2nUEU2mM3daDozZjtAHJ39BpYJazqftmtE2cjDyJ67ZYiRN58Au9,1787486442,4iDyxGxPRC66QBNwYqMn74VtVm5Moy1ns4w3bAqYGvRG,sell,0.776544861,2436.9982388339995,2436.9982388339995,balance_delta
244bHMU4kYZTahQAsVDEdpbG1PGtDkdi8YhmBM16eqMakLLF2UtKWejSSmZFh5QpFV9L3jHQ3f8MoxMjJobkTSCD,1787486444,4iDyxGxPRC66QBNwYqMn74VtVm5Moy1ns4w3bAqYGvRG,sell,0.738131449,2315.1483268930024,2315.1483268930024,balance_delta
iNvMtG2gHskKA6hhpQHu67nQHBTZv2VAd4bqfhvNZAaoacfR89qSvMFiYAGKKAs9KFNv4votmkW4BhpYXdYuyf4,1787488030,FqMb2ipgYRb8r3gKuXmzF6DbjYDVLnAZEiyBs69y6aGh,buy,2.00263928,7139.410051456,7139.410051456,balance_delta
4JNxWuiQwrbVp3zi4qBd4w8hQxVv2dnuk3XyB3HB2ggUwkijwXu9t9i5FxKqGG5ZitKxvoHVAxr94fyxfKFCM6Ui,1787488035,FwiYAjHmzpH2twsMxTnkj4WDPrXFNYqTQMn8soTMYGGB,sell,0.091594385,330.551893989,330.551893989,balance_delta
3BoiJf1wSK1eCUu46MtwiybANGd6rEKhCUSnpAFpq4jxDo3FR9PXEdbGg5epGTS2vNi1fSotLcEvGbUVVgwZTrCW,1787488253,FqMb2ipgYRb8r3gKuXmzF6DbjYDVLnAZEiyBs69y6aGh,sell,1.862397337,7139.410051456,7139.410051456,balance_delta
2Pe7JVdYmy6jCsfLMcQSZKzRcWATHKqrdTGm8GcVoBv9XVWbrKhpLenRVUakPPHC6KrnXYr1evvAj7wzDp4jr48e,1787489470,Ahekwy9V7q2tmqJdTX92TAtEHM4pafQbsfc5oLakbZs1,buy,0.257540617,876.731147355,876.731147355,balance_delta
4jDtAYjig5TwTow4EocD4oLMPpZwJzuVMcoJLxTBnNGh6mfzvhzWCbquNk9xzKkAo3ndMEsaf64DmEevfFW9YU6Y,1787489470,C7PNbARVAHeskaefdcu7fy21dCN3qNANKuT6Cka2av4L,buy,0.211870241,726.493544569,726.493544569,balance_delta
4GAg8Vqs3UmhhJ45G9h4yLERMTZyg5U7djEtJkJdXeJTixcHs7m2MKaBxqaLroyVuCTbF7LruJScjWCbwGdE8x64,1787489470,JAGPLMkgPWRxFJekMU8DRHRurw968GGYHRMEKUWheYcD,buy,0.238414233,810.881880154,810.881880154,balance_delta
4t1i6EUaQQE2Nvya3xVzNtscUHirSx6sgJ4AvsDaRdtqDrB1EFWgZhnAZ9zFF7VKn47FcNzvjs5yd7zPoFrMzcDb,1787489471,Ahekwy9V7q2tmqJdTX92TAtEHM4pafQbsfc5oLakbZs1,buy,0.178598008,611.676257985,611.676257985,balance_delta
4uVf22G8dT24fMkZhMHtyVt5T2iRXR8kDttqosVZgYRxai1CaERxgqraNWc3tVaUjWRtumuVt226EKNrVd9jrdWc,1787489471,Ahekwy9V7q2tmqJdTX92TAtEHM4pafQbsfc5oLakbZs1,buy,0.188544576,645.577459694,645.577459694,balance_delta
4RKRb3wFSGWabDwLeSsJRZnfsWnvi5mrRoYEKm3kCHAUxnjeJwxX95mGhwGP6z8cwV6hnxsDxAjTMUw6zrMDQe25,1787489471,C7PNbARVAHeskaefdcu7fy21dCN3qNANKuT6Cka2av4L,buy,0.298843823,1025.925138659,1025.925138659,balance_delta
4FxMwXUzgPdDGKbLUy9dcEoXQr3c8ua6WMjWEQrUwgR7ejXJbtwKTYEh8mmsT6uBWgEWtovGkQKB4b6hrMa9BzXD,1787489471,C7PNbARVAHeskaefdcu7fy21dCN3qNANKuT6Cka2av4L,buy,0.199702721,683.8778965230001,683.8778965230001,balance_delta
2Mg1KMHxK69RHk5ehM9Qx4L9bpLgoZCbxVKdU5dbH1zcn8PkUrEYxuWi4Gz9zMSxHr4TDhfxG66BWEkCmusxsNGk,1787489471,JAGPLMkgPWRxFJekMU8DRHRurw968GGYHRMEKUWheYcD,buy,0.271476164,931.604826395,931.604826395,balance_delta
45ZJdUExGZJKuDRdn3FBsd22HejyQ7pgpoYqUEaZ1D9UP7KTVyVd1tcHBSStnaUwfUUSbihCoSQ1XrNSnAwrJSi5,1787489471,JAGPLMkgPWRxFJekMU8DRHRurw968GGYHRMEKUWheYcD,buy,0.28431114700000004,975.1222300239999,975.1222300239999,balance_delta
3J4x16hdWUEJaepcogP764M73duwAbqMmLDjpAz3AusoQfKn454HbVBq5ywTk8Pd84by1G8y8HmSLyThRshiCWYn,1787489481,Ahekwy9V7q2tmqJdTX92TAtEHM4pafQbsfc5oLakbZs1,buy,0.326007021,1074.4507252140002,1074.4507252140002,balance_delta
39g6uEDdcBxbbEuogz2x2Y4rSMpZX7XJv9CWFLpzfCx4mmmqoJNEMHPS65hoNNFSdeFhC9u9QzhuUkhCFaYhoLEW,1787489481,C7PNbARVAHeskaefdcu7fy21dCN3qNANKuT6Cka2av4L,buy,0.16743756899999998,550.257208812,550.257208812,balance_delta
2QFytcGKthuNnDTHv7WEBrQYoGyBBZxWW53YwW8f34WZSaxqPrd4uUSNgo4mFhGceEnyFYujfSfqqG4DTUQqRS8C,1787489481,JAGPLMkgPWRxFJekMU8DRHRurw968GGYHRMEKUWheYcD,buy,0.286295674,943.0714618780003,943.0714618780003,balance_delta
5J43Bqdr9dV6qaJUmDY1DqwdBvTKXyGHVH2BHKufWmE3dQEsyiRvB8nVok3uLAPqQH6cSQKutLX8XUTAGifyKLGn,1787489500,2z2q5gk8TDgqCidzkXkyevXH1aDaVjWL8cQwoRbMF1Jq,buy,0.010039280000000001,26.230520746,26.230520746,balance_delta
3M5RZhG1aua4yJzcMTM6bGScafksUi9GxdcJRTvBSVbVngbWEhMgEm9WbZZgEehfcCM47WGXDgpCCo2kdjXYjKyK,1787489561,2z2q5gk8TDgqCidzkXkyevXH1aDaVjWL8cQwoRbMF1Jq,sell,0.00807861,26.230520746,26.230520746,balance_delta
5o3kSHYVTQ3fzp1ixcCPodJPMAzwnQTikH9sX7exXMCtZVAsXC5QLVEkxLcCX3TB79dSd5G6StAFsLBrsR1SQWpn,1787489647,Ahekwy9V7q2tmqJdTX92TAtEHM4pafQbsfc5oLakbZs1,buy,0.27408866200000004,833.3709090570001,833.3709090570001,balance_delta
c2PF6C8mabgna4A9FZKUC9iX1UTsTALDmPfRdHoJN2GDVQqh3MEyepyasfCX2GMqEHM9aeSixNVyRajEMgmF8Aj,1787489647,Ahekwy9V7q2tmqJdTX92TAtEHM4pafQbsfc5oLakbZs1,buy,0.32323864500000005,983.2245496159994,983.2245496159994,balance_delta
8zcdZPkrFbsvbmKuufT81q6CNsoax9ydxwK4ABvvxqEUEm5Ek6bvzi7npd5kxnCcbFsJJXth5kUJw8ifitjMZHG,1787489647,C7PNbARVAHeskaefdcu7fy21dCN3qNANKuT6Cka2av4L,buy,0.33063435900000004,1006.0590123929996,1006.0590123929996,balance_delta
WNvdZC95xDNgcTYMwKkV6oq9irU5ksCCxXLGcXpcTuDcZifb13namEtteinquj3NCMwPSpmhk6bJ5g5VKVEALcw,1787489647,C7PNbARVAHeskaefdcu7fy21dCN3qNANKuT6Cka2av4L,buy,0.246650609,749.5762488119999,749.5762488119999,balance_delta
2ut6PFtfx9wHKFg5QieR3E3JpvW7Dv3kVuxQFARLzJWeGPqU1AdSqKTU5YRj49jR4kKyn17siM3yAkZF9pJ4UNFY,1787489647,JAGPLMkgPWRxFJekMU8DRHRurw968GGYHRMEKUWheYcD,buy,0.181520189,550.9075498950001,550.9075498950001,balance_delta
4FRwAniZhGrtFysNUxvLxNNvqT1btMMrHaZoA3yDg2YjuL9t7voivnGHTv1SgwmaQaG6GEw9EGAow9ZRY5TzDZwU,1787489647,JAGPLMkgPWRxFJekMU8DRHRurw968GGYHRMEKUWheYcD,buy,0.196864833,597.6848259509998,597.6848259509998,balance_delta
4SJrTwXVgRmbsYL4NV888orYC3gbZNRkst4ZTbeWRmc9aVeHaLdENYKbVy6wgJNs9Z8d6sNMvqHvsqVN48KNczj,1787489714,4iDyxGxPRC66QBNwYqMn74VtVm5Moy1ns4w3bAqYGvRG,sell,0.713437995,2199.390910547998,2199.390910547998,balance_delta
2LcX7E4KYBNL4buwBWbVV2V5tmYixWP3hsPxKUT7ZcZCjREamiiY3n328b6JvnUB6TKmRxts6Ft3LvXXiR1Ra6vq,1787489820,Ahekwy9V7q2tmqJdTX92TAtEHM4pafQbsfc5oLakbZs1,sell,1.550881792,5025.031048921,5025.031048921,balance_delta
46hwFmqNHrpK4vw7nAA9veVXGUewimp19Z1aFV4bZRZ8C2KCnM9qAaKV5Hu2H7CxxyDCwxWdTxrBmcFRcSqgLLvn,1787489820,C7PNbARVAHeskaefdcu7fy21dCN3qNANKuT6Cka2av4L,sell,1.4621777059999999,4742.189049768,4742.189049768,balance_delta
3X4ciotMcxa7oHwAtshyNryL8rCFUYZ3U5QDtugDuJsbN1poXVY39J2Rgm41NNRmpA4qJnbta6wwzR3xsetQ5PWi,1787489820,JAGPLMkgPWRxFJekMU8DRHRurw968GGYHRMEKUWheYcD,sell,1.483770409,4809.272774297,4809.272774297,balance_delta
2yFzJC2oKdC7EVF2yjWd2UsKdXuRh7NxcD4gPgBw8mUFWoZU7Dve9PvSRvtSDHvCeTmvj5U6o7zAkR4oegrQtqcL,1787489836,Aj6mFhvswf5fJgX1kJVLXuW5UN6iDDWrm4KdGaEZXLQX,buy,0.20703928,657.138500605,657.138500605,balance_delta
2zuc8VJ1GuNZrQ2i6os89fihaYik1njMvZ4CLqFJQWADV8i6ZWXYPh2V9DzpHwawr27fm6mDZcnoQh1haRgSbQvC,1787489844,Aj6mFhvswf5fJgX1kJVLXuW5UN6iDDWrm4KdGaEZXLQX,buy,0.08,253.65376059799996,253.65376059799996,balance_delta
2p8qtpE46cmngYoV4sK478JRqxxmSiAm7rZ1jVc3J4TWRkH12Dbg28aHG64jRKczkQczw727bBrvmL16bWG6uY3g,1787490244,4iDyxGxPRC66QBNwYqMn74VtVm5Moy1ns4w3bAqYGvRG,sell,0.272046079,835.7685460080029,835.7685460080029,balance_delta
1UPB79FnFwZQqiBbNStDUNrac3b3YQ9eZdykT9vpzUyTq25PpP7ivkwqpkiTYNL2adwm4PZhhKMFPy9Qu12uVLa,1787490739,CUkKyTN2GnkLKSucTF24qjhFn6jgSDAUQHF3RzLKhsZf,sell,0.001000107999999944,2.926384459000001,2.926384459000001,balance_delta
2qsGT3FneDBPTRSvEDMcjz91rhbrLyZEVHBCoevNHbovs55zRCR8AnmmY3rJC6caJsWPE8sGhnFSXThzpVQxsR7t,1787490739,CUkKyTN2GnkLKSucTF24qjhFn6jgSDAUQHF3RzLKhsZf,buy,3.499999999997449e-05,0.0867482250000009,0.0867482250000009,balance_delta
3ZBwMQpxk2Xy9T5ou2vafph8LBsB8dQjasYMXRSNJXGqe4am6Egy2ssYCmNNdrJ26xFpewapV9YgbDVX9iWpbwyX,1787490819,4iDyxGxPRC66QBNwYqMn74VtVm5Moy1ns4w3bAqYGvRG,sell,0.432579565,1228.5797626319982,1228.5797626319982,balance_delta
3chedUEEoZxcVTvZjb8j2bkTQ2H5pNQbuLchjhkt6hSPkgVBiewt5pkof69mTZ9RiinYQ9kZ7x9S2s33LfiW9m62,1787491285,HACKERamoyuTkkbuVnSWPNc5a5TDQH3U9vpp6zbrRKTe,sell,0.028310267,95.818858856,95.818858856,balance_delta
53fj2niuu3k3eXdWRaqCy2f6dL6JSSD4WccAvEw6bhjzHthdY23GEkhn69dkmZcmznJGVzvKE936QY1CU4NpnSAh,1787491285,XXXXXsiKfM49XohyATcrYbRYBd9WWhDRM7c7vMYQNSd,sell,0.029269755,98.855832996,98.855832996,balance_delta
4DrSioeEqV8QbvvCR2fJc6jTYHUESfi6BscfVZopxsHVthFXvYeb4QESpa28LPETYogi8Rtxh4HjkVDMmpV8C2Lv,1787491409,2z2q5gk8TDgqCidzkXkyevXH1aDaVjWL8cQwoRbMF1Jq,buy,0.010039280000000001,24.79172775,24.79172775,balance_delta
31Ay9HwyThP2fHRwdWMV5Qs92DMSFbqCNsnop3vrMjCX1jb8QMAR1vtEYzV4mLV23sQvSxrGfojCUL3ei7zLcsHS,1787491469,2z2q5gk8TDgqCidzkXkyevXH1aDaVjWL8cQwoRbMF1Jq,sell,0.008018114,24.79172775,24.79172775,balance_delta
4sZbNDFpYQnyJ1i3KjxtZ4UhA7E5pTBYNE52Bof1RzTYBzCBx7gk8FYyCKceMdjDejNjpEc6xcrYyjVUwKUJ7UXB,1787491587,2z2q5gk8TDgqCidzkXkyevXH1aDaVjWL8cQwoRbMF1Jq,buy,0.01003928,24.37325443,24.37325443,balance_delta
3WdPu4RdeuG9GKhn2qpLCL6ypo7hzLrcqexLoHso4f91citFXEEN5ZPnzY3fmdMw8s7dmsvPR3dzyS5kKE6U5fzG,1787491647,2z2q5gk8TDgqCidzkXkyevXH1aDaVjWL8cQwoRbMF1Jq,sell,0.007882507,24.37325443,24.37325443,balance_delta
3uFozovxBZuzLfqTUtYjcYHksuuMNbTR4mEJVcHWqaP9Nw1yXiJMQdWpBZiCRdEq5xsXrn137qb3FHCuo1GZtcN4,1787494508,GjGhvk8AdrQQnyhfGcaF3TNLo8tngc42QELQMoBkTGaD,sell,2.108568989,7484.761796976,7484.761796976,balance_delta
2kicDZtBX4PsrRRZrwmqXW6DaUNfnzcHdV6AQkP2WWLq25gHqEWpD9SyeCiSnAi5t7vCWT8VHsmxo8t4etJnSwNK,1787495418,3KEdzpSYJ7sXfHKpVhSF2Qj6ZAjd3Q3dugFCZ4umWvkR,buy,1.269707316,4665.70646386,4665.70646386,balance_delta
569VRS7yxF2WEyzcNpLToHEMJSm1MqBC5EcgQJCui7STUtVX2grfsGF1TUKZ5GqKii3byztC8DcVDhzzBbnj8S1i,1787495418,Act5xzJ7DhXrdNKbRw1yTzQUmT4hYtAPgFKTP5WzPBva,buy,1.230292684,4519.74321728,4519.74321728,balance_delta
5EYRHqtgXnkBF3YHdQbCwtvo35yqjTkqAjrDvTN4Lbx4y8CtXVbHuJwZQkD3v5A2YiDHZpeobWzgozkEUo3KSvrz,1787495436,3KEdzpSYJ7sXfHKpVhSF2Qj6ZAjd3Q3dugFCZ4umWvkR,sell,1.251670107,4665.70646386,4665.70646386,balance_delta
26A7mgeTsNgceo72JDzLu9w9uZEKcEJDQpFNea2KLVF7GTnBQBiuoQ9dLgBXPxwHBKPttqN8pu4iRZehmXXxG2St,1787495436,Act5xzJ7DhXrdNKbRw1yTzQUmT4hYtAPgFKTP5WzPBva,sell,1.212816246,4519.74321728,4519.74321728,balance_delta
3FQMNvBjYgQw3XxPwLAC6XjUDmP8HFXt4nEz5ReJ5ZrZnCyTmzj3rCY3knrL7em7U2KMrnncmV6Z5oycr9srui2N,1787496293,2DCW6PvdpXwscZVanFmDLB7svT2STkUj2SuXSMR6C29g,buy,2.001,8096.738898199,8096.738898199,balance_delta
5DCH28oApyyEdbPD9vCjSJA9knQjM3fmEj6K79BM8YAD4fRGX5gZFxJwZe217pkhdSV1NqvbLcgRnojrsagVYjbw,1787496442,tronFPfm42zg7TowSTvPw3ya2tU2oYqvwKJ7i2xgBGB,buy,6.00203928,23949.625797595,23949.625797595,balance_delta
4B1zgDYHN91tuMs8GPoQQCq1CFUqxg2qSbZe9V129wqT5SnAEkN5in4vJTzdddtvm5aFBxMZoUTJ296AVHFjKjE3,1787496956,tronFPfm42zg7TowSTvPw3ya2tU2oYqvwKJ7i2xgBGB,buy,6.0,22988.522180007,22988.522180007,balance_delta
41yyoJRokVXLJL7g8TWxv8p8vqi5KQuuiQpgJs9togTNdd8ju4PB3wAbnYXhm9ARynqNuCSRDKF63esteo2uvTUW,1787497056,tronFPfm42zg7TowSTvPw3ya2tU2oYqvwKJ7i2xgBGB,buy,6.0,22030.295201552,22030.295201552,balance_delta
5ChSWCF3C3DuYRd9M8mRFCxgH8ttazZMkK5tVJu8HEBXRYcPGAAZfKV3ccjQSqG892uWKQxqfjQJnzF4TvfMfnee,1787498246,2DCW6PvdpXwscZVanFmDLB7svT2STkUj2SuXSMR6C29g,sell,2.181317001,8096.738898199,8096.738898199,balance_delta
2pMJRxLN7yLYibHWVt2nJH3VKQiPY92jLS8Aao238g6D5zrQHhKZW3M5Cbtrz9XZe7WP4mh8HR9ZTWSMrDdTKtQw,1787498430,5e96SkPWmHz9cizDSqoqVahvf6QQjRS9xdJA7ueYuvD1,buy,3.01703928,10549.005271945,10549.005271945,balance_delta
4kEC7q84owQ9bZPoudjwSga9Q869djjexNc9wzD7sSgbQrXuqo5NFKusA8J4BGDxS8W486icNFa48WnV2QKcpsJa,1787498971,tronFPfm42zg7TowSTvPw3ya2tU2oYqvwKJ7i2xgBGB,buy,6.0,20599.868493658,20599.868493658,balance_delta
5XD1uorPAaYwZf1hPq9JLEpGP8VvgcX7c678cR9DCPPgLt6zx1qPjDCvXdaEFkeMbyRVAz8WcNsSHLW1hUc5jj8S,1787499051,tronFPfm42zg7TowSTvPw3ya2tU2oYqvwKJ7i2xgBGB,buy,5.6453479380000005,19494.538789557002,19494.538789557002,balance_delta
4RUvAymCtvYTd98VVmE43LcfQ3fgCQuS361ggbFAAHw2YZ8oKaE8cpaqJpBLXbMmNTjurUbnJws8P4hgj6Jjx1kj,1787499097,tronFPfm42zg7TowSTvPw3ya2tU2oYqvwKJ7i2xgBGB,sell,5.943448879999999,20633.457570236,20633.457570236,balance_delta
wsxNFm4KMb2Xs2VDNSLcfTRHFKFvDGJXUxcJic6t8JxrbMGC3y7ezZwHCGMnw7vtBwZJMaR66oXjL9pbk3W2kXr,1787499105,tronFPfm42zg7TowSTvPw3ya2tU2oYqvwKJ7i2xgBGB,buy,6.0,20528.560612638,20528.560612638,balance_delta
2LCAPzqLqafb7MkPEuWCdJhcMkT9aSndKVzBCGABjRw3TLDgxHLprLRWg49n6e1KPeh7LPsgeJBsGe2KACKCPxpB,1787499196,Ahekwy9V7q2tmqJdTX92TAtEHM4pafQbsfc5oLakbZs1,buy,1.909586942,6262.237202674,6262.237202674,balance_delta
4UYGmdyrgdXEhw9c94M4vgV4TgUhjnXzdHgUjJvwFarFktZALVJazco5fDXpEZtvS8Q9RFoYcZfHREkAhthUf7g2,1787499196,C7PNbARVAHeskaefdcu7fy21dCN3qNANKuT6Cka2av4L,buy,1.5571303810000001,5097.443683893,5097.443683893,balance_delta
2YwSRV41wJNbwGdQaos2cxgB8AgKEvibfBvwBaRLk3euvp3hZebfh1TvLFNnzMVrMhvmxRBKuemXg3Cz2Sfmws2H,1787499196,JAGPLMkgPWRxFJekMU8DRHRurw968GGYHRMEKUWheYcD,buy,1.5383219570000002,5045.721807395,5045.721807395,balance_delta
XeM62yeVTsAqWHwSR6KSfEY41eMBvnMZJCrmfaN44ZcqJGC8XEvXKBCYHZzpS7dSqNYzPMzngdZWGeoxDwg83Dy,1787499197,Ahekwy9V7q2tmqJdTX92TAtEHM4pafQbsfc5oLakbZs1,buy,1.5578458270000002,5104.984005715,5104.984005715,balance_delta
4S99tjjx8WtTHFYYL49mxGxhq6ULi5wTW9Bw3BZhzZPY6EATPrnwtmfCoodxNLpN8VZ7CtVYYi2zjfebduLdQwHL,1787499197,C7PNbARVAHeskaefdcu7fy21dCN3qNANKuT6Cka2av4L,buy,1.831208643,5997.622110074,5997.622110074,balance_delta
4hmRLRFr2i3PiJ6j19CcJEaoy59ZJtz8RWux2KbgTjo8cBQuXKjyBg47BwbemVj2V2MagpjjZ2kdrJbdcks2C7yz,1787499197,JAGPLMkgPWRxFJekMU8DRHRurw968GGYHRMEKUWheYcD,buy,1.61394553,5287.360369137,5287.360369137,balance_delta
c6GSh5WDFvcZQWx4DvVtS4cmnhwSVrVWqC8a35jgNYHCyziGrftHnKwJmVsqpSYgCavRSk7Hu5r8GA5cnSHpnTV,1787499209,tronFPfm42zg7TowSTvPw3ya2tU2oYqvwKJ7i2xgBGB,sell,6.080535754,20528.560612638,20528.560612638,balance_delta
4VSaT1CTn4gi6Rto9keTtNGAHibpobSyHoshC6qZuDefgC45K2aeerENGfY3hGnpR2RHt4Q1ZFCtotnF2FBuHjEq,1787499702,Ahekwy9V7q2tmqJdTX92TAtEHM4pafQbsfc5oLakbZs1,buy,1.316572158,4537.180776935,4537.180776935,balance_delta
2gfUUheKZNZFMVxjmeTwxohBGf4Qc92KYHGUCVKYhwNDa3rZFdrf95kKYT7bTJU8fZWpC96joTfnJSxtC3NXF2av,1787499702,C7PNbARVAHeskaefdcu7fy21dCN3qNANKuT6Cka2av4L,buy,0.965631782,3327.5802767799996,3327.5802767799996,balance_delta
49QrZ6UmE5cAhs7LXK3KEVGTh1cqnH6gRY4vSWMGnKvH7kGWGJ4pxRpRWowScoWvaUqXkFGks4MgJs226b49wydr,1787499702,JAGPLMkgPWRxFJekMU8DRHRurw968GGYHRMEKUWheYcD,buy,0.72079606,2481.964343382,2481.964343382,balance_delta
3tYL3BYx8ArDum495pJXYBmTsyX1ZqSyA4eskqYr6U4scWpJ5yhgQoGRi3qqppsx6p9wsGXa2EXazzbJdTKYbeg,1787499745,Ahekwy9V7q2tmqJdTX92TAtEHM4pafQbsfc5oLakbZs1,buy,0.433722737,1518.108142744999,1518.108142744999,balance_delta
4hze92WYdK8kVmJd2yT4dv4fANGFhg6L4oPkyopHs72YX6tsXjet57CL9NYg56jjqj5pQs8JmGrcpXm4mSMowkud,1787499745,C7PNbARVAHeskaefdcu7fy21dCN3qNANKuT6Cka2av4L,buy,0.31278034000000005,1093.730295468,1093.730295468,balance_delta
3GGFjYSaq7w6frY6WCFL8XFto66a19eEUoEjYevSMr6jUwMk2bbRzAGqaVxumRC5gzZTpnsVfm7pooEpQi2x5nw6,1787499745,JAGPLMkgPWRxFJekMU8DRHRurw968GGYHRMEKUWheYcD,buy,0.25649692300000004,896.4121927960005,896.4121927960005,balance_delta
3xXUgQnhzpBQNenDpujTvkPsqopXm6GfFQST8dr5atg7MkVymttTdwgPPMPdcfs47Fzg4JhAhTntGpWBam6jcFFr,1787500038,Ahekwy9V7q2tmqJdTX92TAtEHM4pafQbsfc5oLakbZs1,sell,1.1244390249999998,3832.9522281749996,3832.9522281749996,balance_delta
4f5a21fwFk67kkhrRoWJMFQ5M3NQCB6w3mbJMiMQqtKTdeoHNXyuSy8ez2S2mCsDu5QkqsbSxKeoxR4Q3zKpiTM8,1787500038,C7PNbARVAHeskaefdcu7fy21dCN3qNANKuT6Cka2av4L,sell,1.000992587,3413.6028005669996,3413.6028005669996,balance_delta
35SRKXaPrkcN2gi6RVn7HTgKY84i6e5hirgAf3Kzeb5fAtBVVFLFeiKsqHLsX8ay79evcf4u9hX4mfnBoUaLNXqT,1787500038,JAGPLMkgPWRxFJekMU8DRHRurw968GGYHRMEKUWheYcD,sell,0.884158954,3016.520916796,3016.520916796,balance_delta
XwYxUKp5KDxvCfVRceDfzsSBow3MNyhDjMr1v1XhU9GdXoHpEqMRFNTd7WGx4c2THH4xbaJWbNazRqPnRBsuEPu,1787500407,Ahekwy9V7q2tmqJdTX92TAtEHM4pafQbsfc5oLakbZs1,sell,3.850761309,13589.557899894,13589.557899894,balance_delta
799gMQ5Ys6mPXZ14zNh7hA1iag9JAAW8dA5jmRsU7CJeLRekcXEqfWFdcHccEzWeDqxNnKpBsXuEzJtJtwn4SYu,1787500407,C7PNbARVAHeskaefdcu7fy21dCN3qNANKuT6Cka2av4L,sell,3.4267826020000003,12102.773565648,12102.773565648,balance_delta
3dcq1zZ3cXNKWrMqJuHnEA5ULphKP1LS31rhPDzg5CBHDKRo3x2kSEPy3cnZinK4Zz1MDa8m9hMBLFBWgcouV6b5,1787500407,JAGPLMkgPWRxFJekMU8DRHRurw968GGYHRMEKUWheYcD,sell,3.032168737,10694.937795914,10694.937795914,balance_delta
24ZGf8t9ch7Nh4NTNE9oZqxmpD9kMQUcZct5yK1Z3W5qUJfUVorUQGvRW37rxL5hBgHLuqyVZ4zYDJ7bKkeQhUWW,1787500953,2z2q5gk8TDgqCidzkXkyevXH1aDaVjWL8cQwoRbMF1Jq,buy,0.01003928,29.981629167,29.981629167,balance_delta
2RrpxzRvXJJcamHP3FL7AXjz2sH9KAyevFmuVg3KTA9zSob3UPrUEEx4P28McVt7yr7YbRVopoTdexvq1nYWhrZm,1787501014,2z2q5gk8TDgqCidzkXkyevXH1aDaVjWL8cQwoRbMF1Jq,sell,0.008191639999999998,29.981629167,29.981629167,balance_delta
5cEmYrz67biS6goEgDfUVkWdQ26eZmEYj9UeCw7p9BUreeP4XdKqmHbpNRx6EZm3fK5ksKBdx4fpoDeHwtBPgjMc,1787507188,2DCW6PvdpXwscZVanFmDLB7svT2STkUj2SuXSMR6C29g,buy,3.001,12371.319383055,12371.319383055,balance_delta
SCiCLzLcVBuScrgSk45ZR6xvjdrqats8cVvoooBGFtnxwgbyp8d2QyDXV5Uh8xhjnPHwnDHMfSZxjhJxx4np4Fg,1787507218,2DCW6PvdpXwscZVanFmDLB7svT2STkUj2SuXSMR6C29g,buy,2.001,8574.724452936,8574.724452936,balance_delta
3N1VuPyS5HsnZHKJFKTLKmon8UaRMVLcpqJkQp4PzNvbpjauiDjbfADe3XwECc42C9qVJBNB5gsBwAobRy2YmAQS,1787507229,2DCW6PvdpXwscZVanFmDLB7svT2STkUj2SuXSMR6C29g,buy,2.001,9175.45050661,9175.45050661,balance_delta
49PFnTVwtGPsCDnYRCPDQPxzM9oAk8bbNZyZyFn4ixnTy5MHcnWQB9NRzvnkvMdfP7X8jyfKwXWqU9qDffosg1aF,1787507232,2DCW6PvdpXwscZVanFmDLB7svT2STkUj2SuXSMR6C29g,buy,2.001,9245.0292129,9245.0292129,balance_delta
ctrrhAAA75hvwN5sYg9tWpcPvbYjmB9iDrNGhfEGpeXoxAoWUSzp5MXidgBZqwSU69mPQdvndu3iFRn4xa2uL6e,1787507249,A1igHDVAzKcGUAbVMFV8HrCCSUfcs5YzVfW3i9895pdW,buy,1.278270372,5090.679354456,5090.679354456,balance_delta
2x5fCgNSrMdCDyubBJNskQzmomT5HgCDyU5qw8Zdf9Aq6Yh5wcrrhaGuKJqudD997aShGYRi5nre5rctbFXKmq5d,1787507249,Ebux1vXaJYiugKxnBNgQbsBjbjjFK1K2k1zXjkD3tqDk,buy,1.449055275,5868.197975598,5868.197975598,balance_delta
5CpELnSVvqWt9ie5QqnAHB45rFJzr2K2sshmsbUeyAeaGeS35EJ6txy6TsHFnBRrvvtXRYKacesuDFMdozbP4fLA,1787507249,GpNHGPQXQEnrrbL8paxGdEWrNEvdFcZFVtC6ztMoYuYo,buy,1.36767033,5505.840244509,5505.840244509,balance_delta
iLMdhweVa4sZdwh73CfMhNWChQvDbR3MkjSJYEfhzCewcLj4npxBEocN6wBgtvQTPWFjMAvqQE4AShAMUkjUb8y,1787507249,ZZGtLggQHdZ2LgkDtnbJ1eVQMYLpQN7H1fjCGZAw8G1,buy,1.4766433030000001,5993.833523309,5993.833523309,balance_delta
3azt4yaGYTYh2CYeExzeGxS4ETPzdns8RqteLBkU7eni7Cm8z9pjz9sGkGm4qkiB1d4hdD8fW1YdyTZ9DZzEoabM,1787507254,3KEdzpSYJ7sXfHKpVhSF2Qj6ZAjd3Q3dugFCZ4umWvkR,buy,0.488858042,2144.355407281,2144.355407281,balance_delta
232qAfcjYRaTf8nGM4HK2Dqk6sSbQFGQ7H2D9WTdKcb9ryjQpEJtsGtV1cCsWmv7xmcFFWq2DegeYEeNaKxTh4LE,1787507254,Act5xzJ7DhXrdNKbRw1yTzQUmT4hYtAPgFKTP5WzPBva,buy,0.517220518,2269.297580421,2269.297580421,balance_delta
5xzgpqxfKHY9YCG3gxafYfW3rspyK7emFvL9MdvXwgAiHWYGoge5WAJ8KfawGQVwGdJKw2G7w6RcCiqWuup61ouX,1787507258,7RyLnk9AfBaWKD56fqDHt9hYHcLTtpZ5sVH4NcwNJ7gj,buy,4.553624999999999,20014.807165526,20014.807165526,balance_delta
2PfuWV7YmSQrm2w1tyRvPGijpX4v6ttqbpu1jUcsD7HYhEopKcP1WgocfecNoKAbbExjhmbtocGbPb1T15xujze,1787507283,2DCW6PvdpXwscZVanFmDLB7svT2STkUj2SuXSMR6C29g,sell,2.20575039,9841.630888874999,9841.630888874999,balance_delta
2DfcSnjDFoy1PgRymri4YZ6TnKf3R7iA5UiWFAumrVLHXgapxNQwyuiZGkNpKKtVnaPzpa5SXw7Ba4Sw812SBWWT,1787507286,A1igHDVAzKcGUAbVMFV8HrCCSUfcs5YzVfW3i9895pdW,sell,1.11342468,5090.679354456,5090.679354456,balance_delta
5f58W37WHwjan9sP64SwesgpXsWW45hxUkKGWkB7ka4e6YUgY25DLV4jKDbNLWPF2jXzD2LACCYnhaoVk4qpmQHa,1787507286,Ebux1vXaJYiugKxnBNgQbsBjbjjFK1K2k1zXjkD3tqDk,sell,1.2848070280000001,5868.197975598,5868.197975598,balance_delta
3AkZZ51YdYZQeQiSL1UDm6uEBFpFTZRnRFk5VhB38K72mKfRy2FxKEapfyvaM27gYUfxepdCpUZAYSvaoXKtfLeY,1787507286,GpNHGPQXQEnrrbL8paxGdEWrNEvdFcZFVtC6ztMoYuYo,sell,1.204096212,5505.840244509,5505.840244509,balance_delta
2QZpBUbKndEamFvT9MmkTbwjgx8FmJkAdTWUks21KnzGM9Uvrty4Pycn4NapHvuAKndAamR5JXV5TKFiGyrgLuvr,1787507286,ZZGtLggQHdZ2LgkDtnbJ1eVQMYLpQN7H1fjCGZAw8G1,sell,1.3121629490000002,5993.833523309,5993.833523309,balance_delta
3sKZJrMoiJioJ2uWvkXfNJvmjcEKjfABv4YDA1JaWcdF3SVFxF9uq5dtAtAhecraWiwPVMsSyBQwaMgqPKu5hr8F,1787507348,3KEdzpSYJ7sXfHKpVhSF2Qj6ZAjd3Q3dugFCZ4umWvkR,sell,0.478038249,2144.355407281,2144.355407281,balance_delta
2g5B5rEj2y9DsbtLBUjzQZiro4up1kckSZfxEyh8wwL2vgyZ55evwK5q68NRn5XgQGKgLiFzBB7xMYk5RmUPqyZe,1787507348,Act5xzJ7DhXrdNKbRw1yTzQUmT4hYtAPgFKTP5WzPBva,sell,0.5058363,2269.297580421,2269.297580421,balance_delta
5zb77v74z5vRfh9MFsWSbn9ctyLroPbodjnaWXvXCtNCA9GF6Vm4ybx26hrvrst5Ymdcmbi9Hsr6C7QZrdNrCG7f,1787507380,5e96SkPWmHz9cizDSqoqVahvf6QQjRS9xdJA7ueYuvD1,sell,2.214773565,10549.005271945,10549.005271945,balance_delta
eabpmwNSrjjZGMA26mP4PUmHCwUmA4B3M4C4hn3p6shBNWzwiCV2HGG9HvRkycdgF5M9HSu73fiY6xfNWui8xnw,1787507560,2DCW6PvdpXwscZVanFmDLB7svT2STkUj2SuXSMR6C29g,buy,1.0010000000000001,4892.829844221997,4892.829844221997,balance_delta
5KnAw1p1W4un6x2qZELXYqU9Sw2bNG3FTdbF5YyEoyxVd5gnw931uQsjMMPhoFCwtWBhfPJri6obWKbA6eLEt1WL,1787507596,2DCW6PvdpXwscZVanFmDLB7svT2STkUj2SuXSMR6C29g,buy,1.0010000000000001,5053.980637426001,5053.980637426001,balance_delta
5npQyxVSJSWNCFou66iSiMuzPBhGLzCy4d8SBxQTKumTLG7rKyG6BPbj6y8daqqFMQ7qchKiNo71dchmEyEn55LP,1787507656,3KEdzpSYJ7sXfHKpVhSF2Qj6ZAjd3Q3dugFCZ4umWvkR,buy,1.352382413,6454.184237336,6454.184237336,balance_delta
XXGtRhxPeX1qfBoSZLQQ2TDRnYZ5SePQG3okRbrR1UUNsHjmvJeoBSnTzmRHZmhQTqgsuycvsFjbEQTpUAxgaEC,1787507656,Act5xzJ7DhXrdNKbRw1yTzQUmT4hYtAPgFKTP5WzPBva,buy,1.147617587,5480.111806578,5480.111806578,balance_delta
hCWnGwYv1birQNmGZAUx1UCNxr2ZiqRTHZZtzcRDuHDL5VATpr5AbhkXAJRg4jiQHeeyzf18fTuwRhgWGE4bTR9,1787507749,3KEdzpSYJ7sXfHKpVhSF2Qj6ZAjd3Q3dugFCZ4umWvkR,sell,1.385570387,6454.184237336,6454.184237336,balance_delta
5yQkpK2Jny96QL3gzhbB8KVqxithMwdQBBGSstGKA29h51kmKjTX1Ga8bxvjycQH9r3LaH8HEMQnSaGxqrc9WkNH,1787507749,Act5xzJ7DhXrdNKbRw1yTzQUmT4hYtAPgFKTP5WzPBva,sell,1.176118749,5480.111806578,5480.111806578,balance_delta
3CgiwGWnngoAtTbNJCHN9LRegnzCXJdJ1uEEcPh7Q2zHWbT437oQLqromAVojwvYdQ9EfXg3fu57f3wfTuVEJH4T,1787507759,2DCW6PvdpXwscZVanFmDLB7svT2STkUj2SuXSMR6C29g,sell,2.110876217,9867.925787067998,9867.925787067998,balance_delta
3KJRxF1B7WdcoffBZWr5pUVo19uLv9j4QBLnYn87zE1PedHfQxNKvDxTzQ4VzBfUqGs1NQFsi2GsGxfLdHwGvupZ,1787507943,2DCW6PvdpXwscZVanFmDLB7svT2STkUj2SuXSMR6C29g,sell,1.6043108449999999,7400.944340301001,7400.944340301001,balance_delta
4tXLD3G74Y8aSxsdUkM91ENj2BFqX6x5aAJRqd4HHD3zn6h1BRac5LQZCaBgV81nQMqemyzMWpUWuxJPerbJpvhT,1787508032,2DCW6PvdpXwscZVanFmDLB7svT2STkUj2SuXSMR6C29g,sell,2.408489244,11101.416510452,11101.416510452,balance_delta
2wtsYv2dpQ5Qs233oQ6VvMRXrPY1LoZToj4rLhKRzR9b5GSe8qoowb3Xk4ZE5S3uaqyTte1zyrS34DZvn9po1Fdf,1787508078,2z2q5gk8TDgqCidzkXkyevXH1aDaVjWL8cQwoRbMF1Jq,buy,0.01003928,36.493081661,36.493081661,balance_delta
3geq5hJ4gAYkcmCyQERAshDyDKEwEV7QESEu9QNxix2gBQ18YxoPCZxCD7dEyS4MTizgVGktocTYuXX3N2byBn8L,1787508139,2z2q5gk8TDgqCidzkXkyevXH1aDaVjWL8cQwoRbMF1Jq,sell,0.007900323,36.493081661,36.493081661,balance_delta
Jc2hBC2yEwjWdTX43kEPrt48xrHNZWkeXgvgasXtU84sGYvKdxajjtsxLtBRJQLuQ6A6h9WEadN1khutT1CApiJ,1787508615,2DCW6PvdpXwscZVanFmDLB7svT2STkUj2SuXSMR6C29g,buy,2.001,9768.854422036999,9768.854422036999,balance_delta
3mQPUmGbr5KBJb7FBHsEkCJaCPZpFHYNSba2HFYcHV5hAchaF8LS41M3roDiuH9HNKQcyp6F6mZxpqfxVuTmYZy2,1787508654,2DCW6PvdpXwscZVanFmDLB7svT2STkUj2SuXSMR6C29g,buy,1.0010000000000001,4963.498386585001,4963.498386585001,balance_delta
3tuVst2JxuvVq2PtDiS4pYgtJyrrq6uutzdb3U2vKRQGQ1ibJttsDSkS133fktTt9qVHyubuWzDhfH7yWC4rb6Sg,1787508687,2DCW6PvdpXwscZVanFmDLB7svT2STkUj2SuXSMR6C29g,buy,0.501,2519.998392862999,2519.998392862999,balance_delta
4kkRwEDEdCgwwPpZM7drx2ZTNyjEnnb9CXYEbRpuYCDguAyMEzsVUnTqmnSKW2mZy7VoogjzHTR6wTHbpA8ZLkpw,1787508710,2DCW6PvdpXwscZVanFmDLB7svT2STkUj2SuXSMR6C29g,buy,1.0010000000000001,5022.962713165998,5022.962713165998,balance_delta
5quBbC3xj4vaNGLhN3ChuJx9ve25K9pHp3seLU71zQgYPtg7J7ZsTD2eYRSVaT3XevuVhETLSmqCJVTPPMSb63n2,1787508848,2DCW6PvdpXwscZVanFmDLB7svT2STkUj2SuXSMR6C29g,sell,1.706654771,8344.182606275997,8344.182606275997,balance_delta
5UHxWdh3cB2AvwcxJ7xUhHwctSBadtkLyZqnpckktLPffXzQ2VDvmvGe5MoV33rKv3Ed55WDY1TSnjHGMowXae7p,1787508852,2DCW6PvdpXwscZVanFmDLB7svT2STkUj2SuXSMR6C29g,sell,1.286723968,6258.136954706999,6258.136954706999,balance_delta
4mD7QaeBtF8XNw7FAxrwowcAYPXeppaBGqgghmPLzTaa4MZtZwreAzyveQ3WQ4MuHHH4zGmNfxg9571VRaQGWLri,1787508906,2DCW6PvdpXwscZVanFmDLB7svT2STkUj2SuXSMR6C29g,sell,1.925533225,9387.20543206,9387.20543206,balance_delta
4eQsryYk3KNdusDgWmgPYXFBHTo47DKvoLuXHDUJB2kU1MSDLTVbeDbMgVTbtwXMYE4EZmQHgaABCLwhayt9Avrv,1787509759,2DCW6PvdpXwscZVanFmDLB7svT2STkUj2SuXSMR6C29g,sell,1.896755349,9387.205432061,9387.205432061,balance_delta
EfxM7JLWzh1iSvBeAzKrTzyK1oJUVogpW2CAeTXVdZBmrtCSzJdBXscrHSVLS55sMRKqKaC6puYiRCA2QRXcerf,1787511725,2z2q5gk8TDgqCidzkXkyevXH1aDaVjWL8cQwoRbMF1Jq,buy,0.010039280000000001,41.198540685,41.198540685,balance_delta
2Liqk1imZexz1LBQmmG7usNRMjePr426UUNqa7N9AhuQjKWh3VdDfCQ91E4Q6aR3YsXYnHh9UaFSLu82pmNcufb7,1787511786,2z2q5gk8TDgqCidzkXkyevXH1aDaVjWL8cQwoRbMF1Jq,sell,0.007792197,41.198540685,41.198540685,balance_delta
5ghKQwdZKimV2YFbP1zLA14WNLqmnrxFUKJb54sggcM7NE2BYZBmvvSNccBSJWGDyboqPy7ZES54wEfRsukSi4pW,1787513269,5e96SkPWmHz9cizDSqoqVahvf6QQjRS9xdJA7ueYuvD1,buy,2.215,11027.304112541,11027.304112541,balance_delta
2s8dZD8veu6SSbYB8NrmVwbWiKgr89f1gHTYxR7ARKMK4t3HJtnMsVSWL8TCpPmNZ9aYTQ8ngWsjsv8chyLbrmYm,1787515345,2z2q5gk8TDgqCidzkXkyevXH1aDaVjWL8cQwoRbMF1Jq,buy,0.01003928,36.612199774,36.612199774,balance_delta
cbXLPSGHuiowNsHYYgihFusCvC5B8ZGmzEC8xBdsugoWAYE7c4nDW3jGHWALCfmkG1h6GYbhPAAgauHv752Mro7,1787515407,2z2q5gk8TDgqCidzkXkyevXH1aDaVjWL8cQwoRbMF1Jq,sell,0.008017732,36.612199774,36.612199774,balance_delta
aTbphcRsHGaMHuqJcYUKeQdSRHC2ZkHo8soAJXKmBMWLi33rYAxZVz8eTwxeht9aH3wYFyo54cpCZP4wNGC3csb,1787518311,2z2q5gk8TDgqCidzkXkyevXH1aDaVjWL8cQwoRbMF1Jq,buy,0.01003928,39.66849767,39.66849767,balance_delta
2pZZKGq8QY5ETpyqK52oLuJ6483soV6sK8Mrxy2SFfXYUp4DMLYyTwr478evaLESXLNXsjNRY86tx81BiEsSrpvm,1787518371,2z2q5gk8TDgqCidzkXkyevXH1aDaVjWL8cQwoRbMF1Jq,sell,0.008125569999999999,39.66849767,39.66849767,balance_delta
4XHML6Z1WPCJhSxLEkqmGvSeFnHekX8gPjPZtJwnLfvUce7nKMwuifVQmPWAVE95xCebYcSomTjxe8ndRbvhG3i1,1787519365,2T7W5XtariS53AbHY42u8CZzAyrzvNzGpeWcHsARNGkx,buy,4.785263907,20589.347618732,20589.347618732,balance_delta
2xvv2MwY66B1UK8saj6cQrKgUbjtxwQWkpK3nmzMD547Rh6Aw3ofyBaNTMixBikAZGmttuNqLJpJP4N5hmQ6CGRH,1787519365,3XQyz76yGTfdVezAEX32drhFBK6Zdqu5vP1C1ocPXVt2,buy,5.500336476,23705.849503388,23705.849503388,balance_delta
2TYydfteRYLLQ8HkKQQzuud1RuF67pkJoxwV6t95Rf8istdgP11mNrCSUbPx3t61mQAKBZu4RqJ1Kqkmd3Uon1k1,1787519365,FDQKtMRyjWHPxyvtuWzqypyn3JXmCtv3CH9tKQpLbtPD,buy,4.943215964,21250.040067879,21250.040067879,balance_delta
3txxSmBbsMryhyYet6PCSdnbCNCRpvCBopDDbmqV9FB9AR5UVsrWiQkawYYFW7UY4La9BwCDhzZ9UuuiB92noBTU,1787519365,FMrLCzfeRZLiawdoj7PRiAyo3kwbYWJ7XWQXgxmeHr8w,buy,4.857059781,20856.327804479,20856.327804479,balance_delta
4ecoNQEz2uqox1G7XZRjEpxZnWj7EF3qZh8Uqs9nKuM3bV2BwLFnrRfzwvH3dG4X5CkyTQsKrhJ1bVooy4o8KjZc,1787519393,2T7W5XtariS53AbHY42u8CZzAyrzvNzGpeWcHsARNGkx,sell,1.1607693700000001,5147.336904683001,5147.336904683001,balance_delta
3HDgbZK1h9ot94m66pd57Hn24qW5yhU8FJBnA7qNtfk3B2tqsMaq8KS1wMjF26J23PmNE2LTfMoCXqxuytnbGjN1,1787519393,3XQyz76yGTfdVezAEX32drhFBK6Zdqu5vP1C1ocPXVt2,sell,1.337178811,5926.462375847001,5926.462375847001,balance_delta
2zENo16MpQk36VrBStnHZjudZSTtnxPf94jzg6Kopm9wnWPfEVoA8rP73HcWfiRft933hnYAD6hsaTcfoBrLVQYG,1787519393,FDQKtMRyjWHPxyvtuWzqypyn3JXmCtv3CH9tKQpLbtPD,sell,1.197708988,5312.5100169689995,5312.5100169689995,balance_delta
4MYCjaL83Zv4Z88wL2NVhcMWhJYNhFaU6UsmbeFGN5XgMA6FyWAWJoLZZerCjY3ME39MUUzBpa5aReUscQ5ovCt4,1787519393,FMrLCzfeRZLiawdoj7PRiAyo3kwbYWJ7XWQXgxmeHr8w,sell,1.1761213240000001,5214.081951118998,5214.081951118998,balance_delta
51itALgNe3uEm7Tq2cL4hp6o5MvFLpCfjSETTzuiGZNfDSjBYiLmdkkEw1jGFvQAnmM4cbbJSGLJUr3LWTxq5xQF,1787519395,2T7W5XtariS53AbHY42u8CZzAyrzvNzGpeWcHsARNGkx,sell,3.482116656,15442.010714049,15442.010714049,balance_delta
3FnBHwvmnxHynwZnCvGExqJqppuCQzjgVGaU4mUPpmy3DPWW11KfbXKcq9udTztqLYNJfLnwTesrDgHdxsUp9U6D,1787519395,3XQyz76yGTfdVezAEX32drhFBK6Zdqu5vP1C1ocPXVt2,sell,3.999685025,17779.387127541,17779.387127541,balance_delta
3bWf8JhUAiokzitfZHPFgosrEQj7fMfDaFbidNNggjtiee5EHQedk6fa6Eq6JvCPFijqzeT7E55yM6zZHcA1H3q8,1787519395,FDQKtMRyjWHPxyvtuWzqypyn3JXmCtv3CH9tKQpLbtPD,sell,3.588312742,15937.53005091,15937.53005091,balance_delta
4ARBuwkHvnmGuPypZKTLbadEbJNTnaXdFniDPGPTJ5MMgHSiTPyXeFoaR68jCtLppi6v1ByiPLmKQN1TsDUDs3Fb,1787519395,FMrLCzfeRZLiawdoj7PRiAyo3kwbYWJ7XWQXgxmeHr8w,sell,3.5245693279999997,15642.24585336,15642.24585336,balance_delta
dtdxaq7XoE9ASGW7he69YCbPHmCSYKRbpWgjKL69JojrJuadmdv7eNNnmhMaP9kMCMRA4yJgnnMnZxQ9XnxGfUi,1787520695,7kjxRWRMGGcRVPugDhCciUy11Xye9HuNmgffWRaDnAiS,sell,5.682839701,25599.881744897,25599.881744897,balance_delta
3it87Eg7udHXKZGYFPLxYr4f9KuE71Wpe71cK7oT3ftEvhuAgRgFzHAmWxcf3xufAEv3FQFg2KEE1zxDixj3vTwz,1787521417,3o7YPX68tAMJdYH6CeqNpvcNe9ZGcgFzBzVsoUQZgSbo,buy,0.210056288,904.472961925,904.472961925,balance_delta
5ZXgJU1rNNMHdhPbJCzB6ZNmtN8xLZHxCvRg2FSRxB78rH54RqJxMrScjuD7ehAoSej888Sue5Zbm81UZpMV3Zn1,1787521602,7kjxRWRMGGcRVPugDhCciUy11Xye9HuNmgffWRaDnAiS,buy,5.6826752250000006,24031.373299766,24031.373299766,balance_delta
2E9j63HwJahK176RYUxm2kbPFU6J86Uu9QMwh9QiyzYjbiTxSdHjbN4Qy4K6sijinFh6ZtCsdq5AM9xV5RL4nhKw,1787522949,7RyLnk9AfBaWKD56fqDHt9hYHcLTtpZ5sVH4NcwNJ7gj,sell,5.060427195,20014.807165526,20014.807165526,balance_delta
u8FHFVM713RyepayHxudhmowmEq5wCTdTzdqdobU33XUAx6ooo53fAPseNLZM15PCnp9VofeHfZ2xuhk41vkv2R,1787524098,HPiAxtK5UGhaNTjNPqDn9WijfQhZ6YEqgHc5MeLZUiba,sell,0.017750388,69.32539037,69.32539037,balance_delta
3YJc9G48SDA2dyENhH3VPYodj1MhTaVEGs5EwjUDvdaf4e9y2Jw3mW3EVbH1eyotCnxAmEbvXHQhWesmB3A7Kypv,1787525010,Aj6mFhvswf5fJgX1kJVLXuW5UN6iDDWrm4KdGaEZXLQX,sell,0.226458607,910.792261203,910.792261203,balance_delta
2ouBbAz1xMeVjo9JtUKFEaoQadQxh3T73P4uMz7jzt9jXQKuVKwAWWdyR8z1Ra7nqGqGPrLRdt5vh93u1frDCQrT,1787525063,2z2q5gk8TDgqCidzkXkyevXH1aDaVjWL8cQwoRbMF1Jq,buy,0.010039280000000001,32.077991971,32.077991971,balance_delta
3jgBvQ94Wja7nuhCDfg8LtPbxDaRV24CVtsTk4iTcXgXxDEU3GEWQ4QRhhkFbvX5QQzJ8SvuAkns75jmAdV9euG5,1787525125,2z2q5gk8TDgqCidzkXkyevXH1aDaVjWL8cQwoRbMF1Jq,sell,0.00784968,32.077991971,32.077991971,balance_delta
41UTqVhFuaknXHifah2o2gafhrdDfNpjpVudxmE7oVeaFYSRUHPRbifLTWYke6598KAQTPu5hFRH2qVjn53WGgCc,1787525594,2z2q5gk8TDgqCidzkXkyevXH1aDaVjWL8cQwoRbMF1Jq,buy,0.01003928,30.880918528,30.880918528,balance_delta
2ykpdETsmcrKfuNnwiEAVXuHsWMCHpPow3ovzwQNaUQ37LB64PUSALs1Z53uThAASQFpDhvHppKYxEyRGBFBGZ8w,1787525655,2z2q5gk8TDgqCidzkXkyevXH1aDaVjWL8cQwoRbMF1Jq,sell,0.007961954,30.880918528,30.880918528,balance_delta
2mVk6xiZXTZYGmdpsnYiUHKa1wxd4ovUbggWa4CXcnuJwbAnxUKF3o3iZKfsMikDQhecXYNgLYUvSvoNcvGFEgeU,1787527992,6DqwStHBhuxWGutooviZUgVDhT3F4Dy5pAiP2YErRCEe,sell,1.96872075,8019.585170494,8019.585170494,balance_delta
2rhDf5ZYV1rPKTG1YKg7ozY5P7Z5CkL3eYRgcKtza9FDgxGvTArNtVDyYduq7gCMx7wxMkQibxq7o6GaezZ7VomT,1787529332,3o7YPX68tAMJdYH6CeqNpvcNe9ZGcgFzBzVsoUQZgSbo,buy,0.10483263200000001,399.039285534,399.039285534,balance_delta
49Qdv1SSihYbESQ4DViKKzb8vWUy2V3YGBvyzTc1sVpM3UT7QU7AfTQN7yt4qfohyPdM6cQN2nMPUc8xVqBkHPLo,1787534257,2z2q5gk8TDgqCidzkXkyevXH1aDaVjWL8cQwoRbMF1Jq,buy,0.010039280000000001,36.594964883,36.594964883,balance_delta
eh2g7TjfzYv6z2Er1qhnixp12jCPinjNZCF8Jxk6gfTyi5gGWJc2qziSSonT9xLLCenBsZpJ6G2jAMubnPn3anL,1787534317,2z2q5gk8TDgqCidzkXkyevXH1aDaVjWL8cQwoRbMF1Jq,sell,0.007901015,36.594964883,36.594964883,balance_delta
4YJbit3hXQoHWgRSCKHE29VfXskCuRjyaTFjH4iiqKVsMKGnFf3VVV8Tmdi4sSYTDR8pKMBeM5PQP5Hj5DkPd3J3,1787535224,2z2q5gk8TDgqCidzkXkyevXH1aDaVjWL8cQwoRbMF1Jq,buy,0.010039280000000001,36.140006335,36.140006335,balance_delta
2S1NdSYMJMvLXqnvyGfgiUpm99Ea4Ys27fMNYQuF19DdUnxpon2iNkDQmZLu6yCZ2TuzJmcFZzhJEyd3YsPN2Vpy,1787535284,2z2q5gk8TDgqCidzkXkyevXH1aDaVjWL8cQwoRbMF1Jq,sell,0.008001688,36.140006335,36.140006335,balance_delta
2FUDbKUMyFuPnax1sCttz6iCD2nFKqJZwh2cHcZ4XRUfy6JLqX1c4z4gGSg16uhRvw2iykWXwu5iTnzeWVNy383o,1787548907,2z2q5gk8TDgqCidzkXkyevXH1aDaVjWL8cQwoRbMF1Jq,buy,0.01003928,34.296758198,34.296758198,balance_delta
N5VqWAoJGVB4Z4XTpKNSCbeByWtz1AGdpu2UjKuYc6Vq93GC9K52GcxosGED58x2WyRdLVLu4hLVKNNQk99QGxU,1787548967,2z2q5gk8TDgqCidzkXkyevXH1aDaVjWL8cQwoRbMF1Jq,sell,0.007893833,34.296758198,34.296758198,balance_delta
4VyjyCuxgE6nqRnQwennyuuu4bEppsx48nSwL4FB5zLEeeGa1S1XR6bp8QHDvYTFvT19kesHv6mAVULybCZT5Pga,1787560488,FwiYAjHmzpH2twsMxTnkj4WDPrXFNYqTQMn8soTMYGGB,sell,0.0020313609999999998,0.008067809,0.008067809,balance_delta
5afBkwVi4a4sGKz62YdowbEmxpFXipvEde6BRMVpWrrTYfFP7JXyrjDoc4n49kzapPDvPzmbw6YitKveTk6JHgvP,1787569223,2z2q5gk8TDgqCidzkXkyevXH1aDaVjWL8cQwoRbMF1Jq,buy,0.010039280000000001,29.113055458,29.113055458,balance_delta
71QGimbG5Mif9bViiJfwTsKPn5SkJEU4Hb5smnjjvxUXPqjKKpEiL1jonJc1ryjNJYXp312Hbkha2gmSndbAwWG,1787569283,2z2q5gk8TDgqCidzkXkyevXH1aDaVjWL8cQwoRbMF1Jq,sell,0.007986447,29.113055458,29.113055458,balance_delta
4dts78j2FffDXCRqPJT7TWpjMAGmk8d2n5MLqagVE7Tak1kKpdiakcTD7dUwP5yrGKqj6S5zXvY8TJTdWg8beKgW,1787578551,2z2q5gk8TDgqCidzkXkyevXH1aDaVjWL8cQwoRbMF1Jq,buy,0.01003928,30.435402937,30.435402937,balance_delta
3JexysDmfj3zkSwC5ui5K8j9TegU5G7ezm3EDCw8ZTmQaEgJerFvXm2jM4PQq8V2uY7mxPQGwGdmCVNEaauSnAc3,1787578615,2z2q5gk8TDgqCidzkXkyevXH1aDaVjWL8cQwoRbMF1Jq,sell,0.005950596,30.435402937,30.435402937,balance_delta
5dR8fmc5vgC5AgbAwMvu7Z8ZAt9VMmf8j2kKbu5fQvXHMcGKCuEEhuYB3JigcQTe8ubsye85xRB4EB8v2dc99gLV,1787579448,6DqwStHBhuxWGutooviZUgVDhT3F4Dy5pAiP2YErRCEe,sell,4.914122502000001,20876.529436172008,20876.529436172008,balance_delta
3i2Np8vEX7WVfvL1FAQeEDYiDu72GiQojoTgps8mxsYQJH2mKEKAExqWwhCh6F6dAbZiQe1dBKtQKB2a23knvw7a,1787581147,6DqwStHBhuxWGutooviZUgVDhT3F4Dy5pAiP2YErRCEe,sell,4.922430351,20294.491269207,20294.491269207,balance_delta
5AsAVXbF16BBehWE6UTz5g8DBtpy1DXjopxLZ7sXeWnBjEi5uPVvN1mp4BE3YBUYYTZP4kJogYMgbV9oDdV2w2kf,1787581443,2z2q5gk8TDgqCidzkXkyevXH1aDaVjWL8cQwoRbMF1Jq,buy,0.010039280000000001,32.295929337,32.295929337,balance_delta
xbUsv6tAoknRKFAk7RpxrtTpAKJwUtkgqDmRYWPqrtmPHnnaUCvsjYgPZdmUXEeWyJAwNdzBRnqc17rXACYPD4n,1787581503,2z2q5gk8TDgqCidzkXkyevXH1aDaVjWL8cQwoRbMF1Jq,sell,0.008204982000000001,32.295929337,32.295929337,balance_delta
4qGb34NXEtfB9UgWirqyJ7CTyc2dCTfnaCxt7aaxciWJtWW1EMeet8XYgrsXfSnEDeLKX7vw8vC96rmzRqrH7gqZ,1787583031,6DqwStHBhuxWGutooviZUgVDhT3F4Dy5pAiP2YErRCEe,sell,0.688508623,2649.9508140229955,2649.9508140229955,balance_delta
CMg6meQDVnJFUZbo9cwwR6Ww1KVDAKeBD2myvPoVFeNDM4EpNvkTKTnywqzqVm5B7aywawm6cqGHU3qDH6Akrth,1787583283,6DqwStHBhuxWGutooviZUgVDhT3F4Dy5pAiP2YErRCEe,sell,0.988891635,3809.861623775003,3809.861623775003,balance_delta
46171oGYcnD8pPUm1br8pT6TkoNDMw9woymA7swg88dcTKEVygubUi4WJeHhR6asGyeuzc8hLgzTjJ9Auj8V7jRc,1787583594,6DqwStHBhuxWGutooviZUgVDhT3F4Dy5pAiP2YErRCEe,sell,3.660624443,14462.915327427,14462.915327427,balance_delta
37UAWY1FKreQu5hgj555ZJaf6T5YcTzD14ahgd6x3d4sjsvWkpvBWAWnzsABbSBky5oopSPPtS95e48We7Y1LaJn,1787584587,6DqwStHBhuxWGutooviZUgVDhT3F4Dy5pAiP2YErRCEe,sell,1.20060449,4953.824633870001,4953.824633870001,balance_delta
55tmvHkRaindK6h2SV4qerUYWZRdrX1fZBg7GGDbeeQNv7AzBw9mk4qxcYTDk2At3V1tXqzHM5SkqXicqq5yuLrV,1787585816,6DqwStHBhuxWGutooviZUgVDhT3F4Dy5pAiP2YErRCEe,sell,0.855419608,3715.3684754019996,3715.3684754019996,balance_delta
2QYf6NrxmV6bjPXzzBxGDS3m5zy7LrRyUgYny4LMdQ1YceFdMCWtPU7cce96LexN9XKp7GXS8QQbJQbuUb7j1JQD,1787586967,6DqwStHBhuxWGutooviZUgVDhT3F4Dy5pAiP2YErRCEe,sell,1.317094231,5573.052713104,5573.052713104,balance_delta
3oWiyqkpQ5vEoN9rDyTKKrPxf4Sv52pkZPgETzQ2YqD4Yn1NkeDPK82bfmfw7dtL6u8FrfJeYwHRJNtirApe4RpR,1787587306,6DqwStHBhuxWGutooviZUgVDhT3F4Dy5pAiP2YErRCEe,sell,1.2828484839999998,5573.052713105,5573.052713105,balance_delta
5qUod8r1zPkEgxJpLSZa39TxJAcRoBhBroA3G2Ljdb9DrThPFPNsiT9B55tY4RNR8uMZMSPRaKV5wmCfBoEg1N18,1787589463,7RyLnk9AfBaWKD56fqDHt9hYHcLTtpZ5sVH4NcwNJ7gj,buy,5.05875,24299.168980957,24299.168980957,balance_delta
2ZQSrGhm69xAZss2JKe9CEBEm5kg2pEi8h4eTJDk4rhkLEnkHtvTgrDsqkt4gEouX4ySEgmPGhAiKujbR18vWw6H,1787592723,2z2q5gk8TDgqCidzkXkyevXH1aDaVjWL8cQwoRbMF1Jq,buy,0.01003928,36.580200371,36.580200371,balance_delta
GWp8pFLeNgPKjGcA8djNxAB82TgSMV8xX1efVkQVf3xqbtn3sdg1W2szAFiCq448BmfWKARWevcE4XjmkginLjZ,1787592783,2z2q5gk8TDgqCidzkXkyevXH1aDaVjWL8cQwoRbMF1Jq,sell,0.007953534,36.580200371,36.580200371,balance_delta
4fP4rPPQwNTwpfYkpbDYBzTSci9wJ8UkMSZ2NPsszJmojPeS2yUCnSZ8sfDJCHJkCRFTAZtx1TpetFzoVnMZPGSM,1787601638,797CrVjYgQRU7V6CVhhz8hSNDTx5wF53apb6mf9wqPfZ,buy,10.011999999999999,49656.256656476,49656.256656476,balance_delta
5Gh7nCP5XptQLYV7G7zmwABzDxX44k2snMa65Zv2SAYiLx8WpeEPU6XCU1Rncz7dZBmErRTaRxMGZJMyMMq4ULz7,1787601650,797CrVjYgQRU7V6CVhhz8hSNDTx5wF53apb6mf9wqPfZ,buy,10.011999999999999,49552.033491399,49552.033491399,balance_delta
5VyveH1aCPStwVSBRsGkBDJpJYzM5kmM7VsY94z25Km8Ha7XsEnyCc11TzgNgPEG92u51XQ3iE68s1qAeXXNNAns,1787602224,797CrVjYgQRU7V6CVhhz8hSNDTx5wF53apb6mf9wqPfZ,sell,21.003400866,99208.290147875,99208.290147875,balance_delta
4tfxrCHUy5kWJR7UBJXPaQvjbVwXbtZ7wKEwCiN5ZHWWj2SbiFFM6WcCqbuihP19b4cMHotKJmgDmHrjiNhYUGmB,1787602279,2z2q5gk8TDgqCidzkXkyevXH1aDaVjWL8cQwoRbMF1Jq,buy,0.010039280000000001,37.597691786,37.597691786,balance_delta
4CCZucVZS2p56FjZkAtp4AZuwD66iBSi2GLwd7tgSWbR2zLMts9RgLF49LxFyqyQaXCjC1YLZnTpv5hR5ERSLRq6,1787602339,2z2q5gk8TDgqCidzkXkyevXH1aDaVjWL8cQwoRbMF1Jq,sell,0.008035944,37.597691786,37.597691786,balance_delta
23YpAq4r4AwmQ8eumzq8gX5AZobic6DDkTnn1x9m1PjLaqm3Ci1ZCmz6uEruh1PT8sMQ7EE8VgMqNE6mSwjFceQ8,1787603025,7RyLnk9AfBaWKD56fqDHt9hYHcLTtpZ5sVH4NcwNJ7gj,sell,4.968618832000001,24299.168980957,24299.168980957,balance_delta
5EqrBLQmtx2AJUshm64KjKCdmFmStwxVSgaJfogmVrzNNFd4ymzZVMAnagrBHkTGDtFeASwbfZhqBxt3Yeasx3tM,1787603291,3o7YPX68tAMJdYH6CeqNpvcNe9ZGcgFzBzVsoUQZgSbo,buy,0.052224875999999996,250.63136018799992,250.63136018799992,balance_delta
4DubdhAZ6vP2digRYKXJ1DUPsLMqigpYSgcgjBX9AeMgAesjur85WojWvCJ3ZzkuabikCRwa96FdZLs9xSV96eZ7,1787603457,797CrVjYgQRU7V6CVhhz8hSNDTx5wF53apb6mf9wqPfZ,buy,10.011999999999999,50065.127960928,50065.127960928,balance_delta
14MiUbBzX2FgN7v4TAMBHQrFD1TtQZKGkRzCuXNr8fWD7LarSMi7burngrZBbPhMVk4yrCgnWusooqwxwYo1gnX,1787603457,797CrVjYgQRU7V6CVhhz8hSNDTx5wF53apb6mf9wqPfZ,buy,10.011999999999999,49963.31218399599,49963.31218399599,balance_delta
3mNS1TxianEm9xZsVAvHYZB4kthstc8VXY4jPMT5aBGwNjPi4aGfSETvPUPgEJCANr1aq2EXHzESbLG6AAB4E8yi,1787603458,797CrVjYgQRU7V6CVhhz8hSNDTx5wF53apb6mf9wqPfZ,buy,10.011999999999999,49851.24493119599,49851.24493119599,balance_delta
4kZsWLfRmGeUY3J8c2o1rhgcon14NWaipFRNCYygoUN3EpuimNNkkwa9adCQ3NzTecVaWZs6dmU47j4GAEeZzeA1,1787603462,797CrVjYgQRU7V6CVhhz8hSNDTx5wF53apb6mf9wqPfZ,buy,10.011999999999999,49756.96956861802,49756.96956861802,balance_delta
4UwNcUUFKssoGeyfgRcVQb8XCVpoShrrAo3qnNbTUL6cp1UxBVtf2paXmFefLCoX9258wwcnmJ2oWUjntidptmCq,1787603468,797CrVjYgQRU7V6CVhhz8hSNDTx5wF53apb6mf9wqPfZ,buy,10.011999999999999,49896.25864940998,49896.25864940998,balance_delta
EFYvtZFGEb3t4o6qG5o2hahtQqP95smk7dRHLJiP56XpDBJVBzqx9FyC2Rcub8jszYXw2pxTCjG7Ueces93Rrro,1787603472,797CrVjYgQRU7V6CVhhz8hSNDTx5wF53apb6mf9wqPfZ,buy,10.011999999999999,49790.147920078016,49790.147920078016,balance_delta
3oofBbJ7hFp15sJN7FtB6DsFULucS1qHTu3e7F7wfkcxHLf6ioCtRAbMg2UqVGAyVZZeh5j58LiVf6sr4TAoEery,1787603513,797CrVjYgQRU7V6CVhhz8hSNDTx5wF53apb6mf9wqPfZ,buy,10.011999999999999,50241.37532104802,50241.37532104802,balance_delta
2fWX5DzNf8YTS6u1hwcmoS5tmMxERZX8UTbnnDviNr5FbDHKPkj4Qw9W3sv1z4wXMeEQKHh2xwy574UKb43v2N3m,1787603517,797CrVjYgQRU7V6CVhhz8hSNDTx5wF53apb6mf9wqPfZ,buy,10.011999999999999,50026.591828089964,50026.591828089964,balance_delta
58fxn9eV6KMHfMJfhjRWStLC1znv6TUrZgmrU38n4L3MtTyjvvWBZq9Vfzr39iVRpfrDhHgWSbcUDF6fxaRtV6ES,1787603526,4iDyxGxPRC66QBNwYqMn74VtVm5Moy1ns4w3bAqYGvRG,buy,0.1002,502.3528417540001,502.3528417540001,balance_delta
4zc4L6bSh7JRtAPEWRzyGsh1evHVMBbmS5oe6fZJXh2XGJKj627fKfVQ34ELkMCBFJE8Q4TwzrbRsn8Rq45qSSs9,1787603526,797CrVjYgQRU7V6CVhhz8hSNDTx5wF53apb6mf9wqPfZ,buy,10.011999999999999,50190.46425262402,50190.46425262402,balance_delta
4SV3U96AK3gk3tqEsWCBYy7QbqcYpFNUXj4KKjXdDoXDTZFais58HcZGS8674znNsxP7p4XhgHBUqk3sCWUB7WyH,1787603571,797CrVjYgQRU7V6CVhhz8hSNDTx5wF53apb6mf9wqPfZ,buy,10.011999999999999,50743.894784957985,50743.894784957985,balance_delta
3JVSAq7xxseHpkjBBN84FZwsr2QT5ARCf7dJoWqTUzmB8qasTaQvcLjeoggCEsNGgoWjfi9njoFjxtQzeiXzbKcj,1787603590,4iDyxGxPRC66QBNwYqMn74VtVm5Moy1ns4w3bAqYGvRG,buy,0.04020000000000001,201.2357030639978,201.2357030639978,balance_delta
63JBSuiaoc6UgFTqbDkzJ5bT1mGwHcz5puYYxehGQNcDVJZX9dMahEhTU8rmVUdTv8cvPrPsq5sByjv8gQm3nSes,1787603613,797CrVjYgQRU7V6CVhhz8hSNDTx5wF53apb6mf9wqPfZ,buy,10.011999999999999,50595.409553708974,50595.409553708974,balance_delta
a9a14DjvYXYJAhZsfDFusC1ZjZ1Wfhy5cXy8s8fEqLUpJiDCxMb2W6AWZS6NLwMj96CC5a2Xx5emZoUGoUQVb7o,1787603643,797CrVjYgQRU7V6CVhhz8hSNDTx5wF53apb6mf9wqPfZ,buy,10.011999999999999,50154.20331156708,50154.20331156708,balance_delta
5L1vSuP8qibZmYGKb3TJK2VQhYiE1dDKtU619EgdhC3kUGCqxt372jkwUZ2R9FwaXimo5Fm7GLraeFe6xdxC3Dsa,1787603647,797CrVjYgQRU7V6CVhhz8hSNDTx5wF53apb6mf9wqPfZ,buy,10.011999999999999,49882.50671168498,49882.50671168498,balance_delta
BUjsHEYXBVnFfExusnJ8EzvAhHJBG14xnBS2BwjxzfVwn1idNyYmxNAqc5YnHPqdviP47EtqUdcCUzGkyiqDRfC,1787604892,797CrVjYgQRU7V6CVhhz8hSNDTx5wF53apb6mf9wqPfZ,buy,10.011999999999999,56016.75609723001,56016.75609723001,balance_delta
2tHVouExeR81C44rQJt3KEZmqZn5D8cyN2ydvsm17UxxrR6gNyEvNFoiRV1LkgGE9nf9NSa7DrJG1k4Jk8tzjpAa,1787604893,797CrVjYgQRU7V6CVhhz8hSNDTx5wF53apb6mf9wqPfZ,buy,10.011999999999999,55881.30262748292,55881.30262748292,balance_delta
51zBmpZQro4p66w72GcHWBGnikaz1ZHWaKXjC7LGkVhLZKgS4k2JF3ECU9pjnLgchP4c4Np96EVuPosWowNYv6a5,1787604894,797CrVjYgQRU7V6CVhhz8hSNDTx5wF53apb6mf9wqPfZ,buy,10.011999999999999,55749.13103330007,55749.13103330007,balance_delta
4SfB8F4PvFVm2TWCZCHHFCZtw1ej4UDPgCG5UUc3hK1P4GqJyJLr4rCoogBv7zTPj8QxQCV1r1PZB3GPWU78RZwX,1787604895,797CrVjYgQRU7V6CVhhz8hSNDTx5wF53apb6mf9wqPfZ,buy,10.011999999999999,56097.734646157944,56097.734646157944,balance_delta
3QLsZy3Yn7W7SoBEQ497zmxVQuLj916PLghVbHYCsYCvkRndskQGGNU4Cbf2dtPWpJZfQQP4smPJjRyZZCtJxLch,1787604949,2z2q5gk8TDgqCidzkXkyevXH1aDaVjWL8cQwoRbMF1Jq,buy,0.00819488,47.005412152,47.005412152,balance_delta
3J8J6hWe81qDNMHi3BScN4nqUjtHR3jto23e43jeQf1b1HjM2ja56KS9n55WBNPvsdQDn5UL9sotEWhFT1gGA8nX,1787604950,2z2q5gk8TDgqCidzkXkyevXH1aDaVjWL8cQwoRbMF1Jq,buy,0.008,46.676871477,46.676871477,balance_delta
ReyZxsJYb8wMEX87eU4J63Lio6Lb8tpK17arNeDgs5Km3HkDZWuqnBJipS45Jco9sAS8FqVJ7Awhtv1teqnMKkQ,1787604973,2DCW6PvdpXwscZVanFmDLB7svT2STkUj2SuXSMR6C29g,buy,2.001,11549.4913372,11549.4913372,balance_delta
5MPNFxq9txo6uX35aqHKDS8g5kD1vivQzf1DxLVyAbRR4THqJXdE9x9QFCv4A3HfMq5D9VQk8jgzHaNcbkNxGZkY,1787604974,2DCW6PvdpXwscZVanFmDLB7svT2STkUj2SuXSMR6C29g,buy,2.001,11560.811225288,11560.811225288,balance_delta
4rDT6LVUdnVHJ2aGEnjrksj7W5x8PUjqUobRsvebesEs1DNbFMWMoBAzAhZie9urR5fPB3ZT77A5WorXGEQNQGJ5,1787605009,2z2q5gk8TDgqCidzkXkyevXH1aDaVjWL8cQwoRbMF1Jq,sell,0.00807364,47.005412152,47.005412152,balance_delta
4gNRN2mUD8PntTioEXTfd1Pk7u5Bsg9vC2x8dNx8Jto1Tz2sYkEt9AZfCARyWEuNCmn7YWRfr913i2cFBPvmzrSn,1787605010,2z2q5gk8TDgqCidzkXkyevXH1aDaVjWL8cQwoRbMF1Jq,sell,0.007996006,46.676871477,46.676871477,balance_delta
4FmsXwuXNGEcSB3n16LtFhMK7DtordRS6CGXCXSe8hA7b1RCGa7Kwb8UtHmWvcAiEwubndGN4gBPMjtYD6Fmzfgt,1787605368,2DCW6PvdpXwscZVanFmDLB7svT2STkUj2SuXSMR6C29g,sell,2.1491155390000003,11555.151281244,11555.151281244,balance_delta
bRZvEcCV5Xkjsz3fc6sVg1JDnbdtiPYMz6uq5CAWGwXXzEVQUGhQZrSwPtfhuCx7Fcnr6GHnnKSVEuEWDnzGGnk,1787605382,2DCW6PvdpXwscZVanFmDLB7svT2STkUj2SuXSMR6C29g,sell,1.080070992,5777.575640622,5777.575640622,balance_delta
2oQeUpubc9n8fEPnU9aShJDyF45Fm4R1hc5Zy5xQTi7Tx5um5GZw3FML91JSY9utjbKzvSbyCc49FooMJLGCuaun,1787605540,2DCW6PvdpXwscZVanFmDLB7svT2STkUj2SuXSMR6C29g,sell,1.080757709,5777.575640622,5777.575640622,balance_delta
5b64u9pBoygSsXPeKkrXN1VVxrCx9SYuBZqP45VaJrqKDkfnihm6MYVHLNd6kKJZMtx2BiyxYCr4fLfsrmuYt72L,1787606200,4iDyxGxPRC66QBNwYqMn74VtVm5Moy1ns4w3bAqYGvRG,buy,1.0002,5817.540689993002,5817.540689993002,balance_delta
yCECaV6xkw1VArx7TxihRRWgLQUBvbbNczgHd96CRNJ6mY87hwT9Wnmvct2Ayk8TDjeUy9UfVh9gvUrCNyfxLtV,1787606219,5e96SkPWmHz9cizDSqoqVahvf6QQjRS9xdJA7ueYuvD1,sell,1.8412972060000001,11027.304112541,11027.304112541,balance_delta
3fsVX7qgc7TUy7vQRhSYjZcFB3AcAbLcvN5v8oj8owMgrvMExEqezi57GDrMaQxNcHhGC9T6KzrmRQ6Kd3DyU96G,1787606229,4iDyxGxPRC66QBNwYqMn74VtVm5Moy1ns4w3bAqYGvRG,buy,1.0002,5874.950594064001,5874.950594064001,balance_delta
51X9ymmQRoC5qFiVkDckBNs71viqrYP2oj7FYFJNxVHdzvRiD3CeYcaSDnfdKSQKNHnXFNvtgvitjuCjQ2JrsSFR,1787606240,4iDyxGxPRC66QBNwYqMn74VtVm5Moy1ns4w3bAqYGvRG,buy,1.0002,6046.189424411998,6046.189424411998,balance_delta
4EurkZVQToc39wWRTUfFhawxMcEQh8ZNVyier6aoWt3SrXiM6X8jD1ebNor3Wa2kLTNax5NUyPfG8HxpTm1dHEeJ,1787608950,2z2q5gk8TDgqCidzkXkyevXH1aDaVjWL8cQwoRbMF1Jq,buy,0.010039280000000001,44.177906862,44.177906862,balance_delta
417y2wgZW2cTDnzdwSJFKgxDNojpz1HcgTj3EjPZwt4jU1ZqoVFmc3HEdtHw99CkJqPCbH9XhGKytw43UrwiE7A7,1787609011,2z2q5gk8TDgqCidzkXkyevXH1aDaVjWL8cQwoRbMF1Jq,sell,0.007957862999999999,44.177906862,44.177906862,balance_delta
2sSZsN3Hs9WFK9fHdK9YP1xjruDnoJgSrBWemQUwSzHt7VRqyHVfpBVm7YPKyYqYmzw8gmKZXKgjLV6Bot92YKXG,1787619382,5e96SkPWmHz9cizDSqoqVahvf6QQjRS9xdJA7ueYuvD1,buy,1.8150000000000002,9611.643099697,9611.643099697,balance_delta
5b4QHMEWapFgebnYg8cfMXFiJX6aXCpMHDTHCBes8kixD835V5mQnkt66Ji3UkPmVpa2J2Wpwcpq4iyLAvHaXagD,1787620868,2z2q5gk8TDgqCidzkXkyevXH1aDaVjWL8cQwoRbMF1Jq,buy,0.01003928,43.627322424,43.627322424,balance_delta
4fgkpBWrPQdmY18vEQtuoKxwkLfE6eu5RxmbsgtMtkfvVhzmEjkMKYvw2tFBxBX5usg5FDxzMWBLMkXFNc2bgaru,1787620928,2z2q5gk8TDgqCidzkXkyevXH1aDaVjWL8cQwoRbMF1Jq,sell,0.007952594,43.627322424,43.627322424,balance_delta
5piNbNjeRQ8ydzseRBoxEF1Vzk1D12v6hwzsLdxPXgADoEfCF9sR4Nk4HgxYJ9mGLxVkxDQAP2om6zMWrFTEtd9Z,1787635748,ATj6HNyLtkdm8LMiTf6LftgDLDK378dAjDv8bCBhkoD1,buy,10.0,71035.318737023,71035.318737023,balance_delta
4UmMQppdo2EnBj6n932kPY8STK2UnhTiC2RSwQzfth3gGVeTxtmcK3Ghgr9M2sNGppFHtpoDKRQ3gpFv4ULg9WEx,1787635777,ATj6HNyLtkdm8LMiTf6LftgDLDK378dAjDv8bCBhkoD1,buy,10.0,70916.46776634899,70916.46776634899,balance_delta
3vPHPQZ2S2erVebZ7mBWV8W3fRWMFedauseSx1qCqzRHxbxyS6qsE2Bwrmqs3LjsZG7jDXcdTCuooYVttpqYwhND,1787635818,ATj6HNyLtkdm8LMiTf6LftgDLDK378dAjDv8bCBhkoD1,buy,10.0,70736.87152731002,70736.87152731002,balance_delta
5KTFkgX7aACWeHYEqLsw5ruRaWyrf5reb3bGXd2SHDKZLsF2BQxgwgP5Kn6bWZPXtZ6K4DXkPkh3ChwiYbZm7Xvb,1787635869,ATj6HNyLtkdm8LMiTf6LftgDLDK378dAjDv8bCBhkoD1,buy,10.0,70334.082591835,70334.082591835,balance_delta
5Vk6tYSb2h6EKBYs3QVWZSC2XoKsmSPjnKwBHnmbXqMLFHQJhHxMMdYXrk4H7ChGZCMyiY5BpeLB4ocoJpf1qFjL,1787636326,ATj6HNyLtkdm8LMiTf6LftgDLDK378dAjDv8bCBhkoD1,buy,10.0,71594.65284376999,71594.65284376999,balance_delta
4gkVJk5fsrVXPUGHhecwcWdEjM9iP2C38Tuf9rGMvdYJh3uSodeThXTEXDtpJUhwuXKJ2eXsqTiX4NHDrRymt8Sf,1787636368,ATj6HNyLtkdm8LMiTf6LftgDLDK378dAjDv8bCBhkoD1,buy,10.0,71604.07968111901,71604.07968111901,balance_delta
3zngsqaN6zM3sBxEcnBmcZAS2w9pXqYnLcPJJtYArx11ncNN4MT84YYVYKeSRtwHDNPjeGA4PSs6YX9tsGgwU5Hb,1787636516,rAHF9X8b6JfP5DvM3b1RhuJVco1NZ9RHsxJvdSVWixf,sell,9.531672672,69000.0,69000.0,balance_delta
3tVTbaCNt7RDW3mmJ37cjXWzQqNcawrEMbePnme9WoyRPaLTnQrqe1XbFAZr63aF1MmZ1Q9hLSPbBBGkBCs9E4YA,1787636610,ATj6HNyLtkdm8LMiTf6LftgDLDK378dAjDv8bCBhkoD1,buy,10.0,74621.03895167599,74621.03895167599,balance_delta
2SeMQyPLqqusyFWDBPnbDyPqEZNBK1bvo5EvXZMNvC6nHVY8zPMVVidDNEBK7pmdxDRsKk3chxS1TkaNqxx3XdA6,1787636614,ATj6HNyLtkdm8LMiTf6LftgDLDK378dAjDv8bCBhkoD1,buy,10.0,74546.89381602604,74546.89381602604,balance_delta
3UJdUYkKk8HnzDzaNqanvudSrKWr2tp2HjagUQUBnHVYTpJnJoFJAVTv3mUUiZhyJmE1Bst3EjrKvHzGCgdo2n4w,1787636633,ATj6HNyLtkdm8LMiTf6LftgDLDK378dAjDv8bCBhkoD1,buy,10.0,74726.72248091397,74726.72248091397,balance_delta
eqPMDyeup1Rz8TJCisTNRQGRseZ1BmW53V9Y2mguDZFkZztYHuq6iJsKwZahhg4wn5fApzm22mH3i17miE8hZLf,1787636741,ATj6HNyLtkdm8LMiTf6LftgDLDK378dAjDv8bCBhkoD1,buy,10.0,76306.18645646493,76306.18645646493,balance_delta
5EepBC41b1ukoHti6PAUx8NWSQ2MGjgq8Y6kuxkjcXgeNjCRRC8awrSsYhoe4Ry71nHP92P1pissLi6k6PT9o9kv,1787636743,ATj6HNyLtkdm8LMiTf6LftgDLDK378dAjDv8bCBhkoD1,buy,10.0,76108.50951270002,76108.50951270002,balance_delta
62ibfNRBZBzrpgDXmoD9VAeKP4Tyzt6urAdUATAjx7LJVSzx95iYQiM2rzUMYM9MQ9eeKvBAxpVENW2tVq8zV4Ku,1787636769,ATj6HNyLtkdm8LMiTf6LftgDLDK378dAjDv8bCBhkoD1,buy,10.0,75376.30244980904,75376.30244980904,balance_delta
63EmVKjUFmf3yTirePdLFPWzkvKgjHrcaw42uwgBGduuRWYhyNHaX5LnyLzfqvURxRBEv7qwsMfduKXnJmBoEj3C,1787644658,5e96SkPWmHz9cizDSqoqVahvf6QQjRS9xdJA7ueYuvD1,sell,1.433860973,9611.643099697,9611.643099697,balance_delta
5zTakseNmJZxN2eLa5MF46YheSCvfxdigWvhondPHm5dHeBKHY19byoAwYT4uhjZu1Q6mqnVghG5z7Jyf81iVnzN,1787653995,2z2q5gk8TDgqCidzkXkyevXH1aDaVjWL8cQwoRbMF1Jq,buy,0.01003928,44.449033866,44.449033866,balance_delta
z6RuTot4huVb4MhhwmFGX6CXr4byLcFonDrrLLaWT2RnBS6X6Z64LXFEfFFqXsm4NHK93MKaMJgKBTrLw36aK8v,1787654056,2z2q5gk8TDgqCidzkXkyevXH1aDaVjWL8cQwoRbMF1Jq,sell,0.007915832000000001,44.449033866,44.449033866,balance_delta
2iWSHFHA4nuU4GtvA2HRUr6RL1AdqtC7Fdvtao6Hf8ZsCrDtCDFztCiYgh88RNTugLY1s2gXSfBPHsvFzJ6sPagX,1787658788,797CrVjYgQRU7V6CVhhz8hSNDTx5wF53apb6mf9wqPfZ,sell,28.437468152,150000.0,150000.0,balance_delta
2ddW3HdV5Be1fAwAirxY2Cxj2eThxXYtiM12oadtvNd3mG3kNmX92zfwbrB71vGmMaTLdCunECPzNZk4UXfSs7v9,1787658798,797CrVjYgQRU7V6CVhhz8hSNDTx5wF53apb6mf9wqPfZ,sell,28.340081099,150000.0,150000.0,balance_delta
2D878Yg6DKPxpgkkbXCFGtgFzYfWutpa3UGrHutxgMe5R3aA2ecj2s7A3SEpcMR8ZVu2Tgrtr4DS8GPRoaSqXNsr,1787658809,797CrVjYgQRU7V6CVhhz8hSNDTx5wF53apb6mf9wqPfZ,sell,53.944766962,287451.215691039,287451.215691039,balance_delta
2F9yy93PjWYZoCdJrCyamZhqCgxHjC29hBMVNwnzHSq7V9iCnzhdR9PGgbpscAMjxPeNLhR7nkwprZXiAwE5CWq3,1787658822,2z2q5gk8TDgqCidzkXkyevXH1aDaVjWL8cQwoRbMF1Jq,buy,0.01003928,42.714676388,42.714676388,balance_delta
3hfELd9AvZNgnnVz3evUbiz17VVYMqSksprmfUGTJMuA88c4rVDrYMz1U4Wqw9zEDH18ETsFmeKkfSiWSWpKugF6,1787658838,797CrVjYgQRU7V6CVhhz8hSNDTx5wF53apb6mf9wqPfZ,sell,53.339400603,287451.215691039,287451.215691039,balance_delta
63scVHcTgm7gRcCUS6Eqtxs4hRjbMNip6CjzKaviG2GPSQJzL9LYMcX7HKrQQgrXd2K8VD9XVLPAQEryUatUm7qg,1787658882,2z2q5gk8TDgqCidzkXkyevXH1aDaVjWL8cQwoRbMF1Jq,sell,0.007853671,42.714676388,42.714676388,balance_delta
5ZuYKGDpp3hQXdATa6jZ97pupQZwpQyKfx1PSt8U6YwpEYf6J2y5C5XrsDdoJVrN57ZbrpNYFL5UkwGbqfJo8gwr,1787658970,ATj6HNyLtkdm8LMiTf6LftgDLDK378dAjDv8bCBhkoD1,sell,27.644734361999998,150000.0,150000.0,balance_delta
4pKzN49dvkUQt1DbCaAepB9FriPQysynxFwZBVyoZeZieuE7gi7cbeUN1KBerELphYVgFkS7u59SAHNCKazndDTi,1787658987,ATj6HNyLtkdm8LMiTf6LftgDLDK378dAjDv8bCBhkoD1,sell,27.477395422,150000.0,150000.0,balance_delta
wQq5JsbDr3Zh2Rw4DyT42V5xPBtU7aPWKbWBTC4Uu5cZQZeungKpPaydmXYfJW1B76uHGZ1jCSmcAAJJvTiFKfd,1787659011,ATj6HNyLtkdm8LMiTf6LftgDLDK378dAjDv8bCBhkoD1,sell,27.341091329,150000.0,150000.0,balance_delta
57ksBeqt2wAsJdyd6A4Drvqo96VogPfDseQ1ttD2rc6hFduuwtefWztWtv2JufUywQBLeywyi1kRUMUUsGoGhsQQ,1787659043,ATj6HNyLtkdm8LMiTf6LftgDLDK378dAjDv8bCBhkoD1,sell,38.648447935,213953.563407498,213953.563407498,balance_delta
5qjvQYsMdMo5Yw81pvezWtWJj7oWHi4TMS7JAxJi7u68CMZmSMB3kaAuAeFCvtQYf65bQgxzruLoTQH2pFrVRSG6,1787659063,ATj6HNyLtkdm8LMiTf6LftgDLDK378dAjDv8bCBhkoD1,sell,38.344601983000004,213953.563407498,213953.563407498,balance_delta
4dVhyv5rf8p1Gp5viNGWeHGUAo4nmM1wDrkQKhUAQcgRadf64MGTtTQYRi22WGKNLoiXVhQhDyuqpSbgUdcg9VY4,1787659249,2z2q5gk8TDgqCidzkXkyevXH1aDaVjWL8cQwoRbMF1Jq,buy,0.01003928,43.883935292,43.883935292,balance_delta
3JjeWbom5YmEVqF26DVPnpEMkTWbyuHDqsLiC1cqtjB2gb4UQBJjLfjozwTMaqfMuwNW99GMMLBSD4oB6ggCjyB2,1787659309,2z2q5gk8TDgqCidzkXkyevXH1aDaVjWL8cQwoRbMF1Jq,sell,0.007780182,43.883935292,43.883935292,balance_delta
3ivSQkzkeP8LsLaptUyNYQ1XDYE7rCDiLFvTBKt9FV2RnVnh8dBKDmt1ZbsBgsYGCd1apL2ekwFtxZDHVstUekKH,1787677907,2DCW6PvdpXwscZVanFmDLB7svT2STkUj2SuXSMR6C29g,buy,2.001,10594.30501625,10594.30501625,balance_delta
5m5C1H7dTzfpfyRt34QU2nC4D3FryPqUhn43c9wnN6LaMqJ53Vg5LSBgRmqNc5tTYvytKTydMCjqW2ekAiAaTVGu,1787677908,2DCW6PvdpXwscZVanFmDLB7svT2STkUj2SuXSMR6C29g,buy,2.001,10589.418937668,10589.418937668,balance_delta
5rgMDnn6E4umcMpAFFpxBQc3oYcpcGJXERFahDwUQSG2cXkRZJfNrH6dSEsyRBneTDDY6uXeVGj59KLRCQcSFWgy,1787678839,2DCW6PvdpXwscZVanFmDLB7svT2STkUj2SuXSMR6C29g,sell,2.126619889,10591.861976959,10591.861976959,balance_delta
4GRDHPwtUdnvjR3SgRrzkHoNimMvgRi42jjeSkMfM8dPHPfrsQbd5NWurAppykKbde1ezxUZGnEGTgxkxsTXmMUQ,1787679000,2DCW6PvdpXwscZVanFmDLB7svT2STkUj2SuXSMR6C29g,sell,2.090772965,10591.861976959,10591.861976959,balance_delta
44hJc2nkWXRwpQgRHgN9ewZFtyo36bQaoNKruYKVrsJUkdvyFXE9jc8wi3Paat16LyWN7PNzKCvXQeAN5maTwxWD,1787696036,tronFPfm42zg7TowSTvPw3ya2tU2oYqvwKJ7i2xgBGB,buy,6.00203928,36550.179537149,36550.179537149,balance_delta
2rY8QiQX3hN6RUzu6HBBDRHAMQ8eSuzKr79CNKJyVeir6V7sQvJfiaCX2WPyz84USU34cF4JGn8R3c1ku68mDDTy,1787701533,2z2q5gk8TDgqCidzkXkyevXH1aDaVjWL8cQwoRbMF1Jq,buy,0.01003928,53.617871564,53.617871564,balance_delta
5b13V6rgMWzsUegFvvAMxxZSNx3oFmWZ49TfGtG3szhtnmrEo4EmQPGB9FyB2X5MikHy2uJQYjL15XSXyfvCskuL,1787701594,2z2q5gk8TDgqCidzkXkyevXH1aDaVjWL8cQwoRbMF1Jq,sell,0.007851078999999999,53.617871564,53.617871564,balance_delta
4kTBgEHPqA8FXq3CHs3NKEeARKpQx3GHu931vRicSw3qb3W52ko5NyKxZStGrAHrqDypwHZAVY9eERNHX2oHfRD1,1787702158,rAHF9X8b6JfP5DvM3b1RhuJVco1NZ9RHsxJvdSVWixf,sell,11.093023455,75000.0,75000.0,balance_delta
51Ci2vXEWzCGQ694GnRUsTZy7z79jY5sNTMr3QV1zj37PgA722wkTJ3p6m2N9pe6ficQbMo1ztgA6ZCfFNd4gNPJ,1787713930,5GjQkGJF1NtAsTt9P8Q3Ni6SD2QsSZ1sSnsi8GBqDnt5,sell,0.00203928,0.748969933,0.748969933,balance_delta
34XhkCUFonvquWRGhLpmygY3TssfWMRAphK5WSepk3PQVFhWXu6N8mYHK4MvjuhXGVYzQrVpD9jUqcyLV1DD1pdA,1787741166,2z2q5gk8TDgqCidzkXkyevXH1aDaVjWL8cQwoRbMF1Jq,buy,0.01003928,44.450128149,44.450128149,balance_delta
BYJZv4QKnMR69sHHoNQFQMDqisSDFPMbHNP8KkxSYFXEfoZC8K183aSoriPVr7TkFnPRHZpCoFpzbpwvkqirYAi,1787741226,2z2q5gk8TDgqCidzkXkyevXH1aDaVjWL8cQwoRbMF1Jq,sell,0.007985845,44.450128149,44.450128149,balance_delta
2Gs5o4xhbtv4aX3evBr2xL8HPNwG4JHGvuPzS3aN8NoYsmrk5D15GpynXnT1s4krtFFE3EJgaKccvpW1LE5BiAa7,1787743612,2z2q5gk8TDgqCidzkXkyevXH1aDaVjWL8cQwoRbMF1Jq,buy,0.10203928000000001,545.346999394,545.346999394,balance_delta
4KnQ7bmC2cjv4PV6iWHghxawqfin56Ffyfw3Pvzbn3aqoZCKkinYu9ceKgMqpLf3aaF7sESjGe8hTFGfFygwZZN2,1787743718,2z2q5gk8TDgqCidzkXkyevXH1aDaVjWL8cQwoRbMF1Jq,sell,0.11655593099999999,545.346999394,545.346999394,balance_delta
5vXLhetpyN5YXDddMKek8cyvK3cus58kcz5hAuHwhqZGCagdqtm96wQuLixF9VLBuXAsCkueaHa62Esy1W7jHyPF,1787743971,2z2q5gk8TDgqCidzkXkyevXH1aDaVjWL8cQwoRbMF1Jq,buy,0.010039280000000001,42.648401589,42.648401589,balance_delta
3psBEhgzxP9s47anih6BuiRNuwwtjLt1w8mdiQnaSyg6UMdjDLgzryCh4KUZwpcuqWwKuK6KF761ZeHy5zjnwVLD,1787744031,2z2q5gk8TDgqCidzkXkyevXH1aDaVjWL8cQwoRbMF1Jq,sell,0.007908575000000001,42.648401589,42.648401589,balance_delta
4mJngiV6WKHBGNQk3htdDiVCC9VpbFA1bXSuoe5cxFgQJGDg7i7JkWzPfy4UZo4wpFXxN4yWn47q4FWSX4gv1F3m,1787744120,tronFPfm42zg7TowSTvPw3ya2tU2oYqvwKJ7i2xgBGB,buy,6.00203928,31760.778527264,31760.778527264,balance_delta
5VcH4mGL6Y11hA41ZwcazzXWKo8QkPZfCUWCoWkNGJ4FpyKEr7zSobs3Q56891aa2yk3dyroxbC2GHCTJ9Ttx8xD,1787744687,Bc2FpV584T1bKBp21xP2xzUH3tATBCvL85Y3ffubG6Yo,sell,18.201681468,100000.0,100000.0,balance_delta
38LYpHvWwcRcpW9VEd3NMujKvh2nR8EPdaPJx68noVVjfriCmmDewoxz5C5GV5t7awA94UkKKcBRFU6R6TDc9upb,1787744695,Bc2FpV584T1bKBp21xP2xzUH3tATBCvL85Y3ffubG6Yo,sell,18.091867673000003,100000.0,100000.0,balance_delta
5C4UMYxmWtmkJ55cPZv6qPDqb7j81TCsfcN6jCJkL91uxherfuCnLFEJs4Y1jMvcTYCdPTsfQZ4vZUpMnj7LUGbH,1787745076,2z2q5gk8TDgqCidzkXkyevXH1aDaVjWL8cQwoRbMF1Jq,buy,0.01003928,49.53939676,49.53939676,balance_delta
2q14rYHBK1xyUuAyM8XosRZuYndLKPMWFmX2vZPfHgh68NAYXHnkwPuV8JxCKvmjMArcMU2QhpQBq9SveqEw7J8a,1787745137,2z2q5gk8TDgqCidzkXkyevXH1aDaVjWL8cQwoRbMF1Jq,sell,0.008310426000000001,49.53939676,49.53939676,balance_delta
xg8m9yhp2dRxpeHh6wqtnh9w6E2oPPL1byw2j7QTRypUyoBjMg9nQUYeqfwJz8iETkFuPvnQZp4Z3kFWxQuqk8C,1787745662,2z2q5gk8TDgqCidzkXkyevXH1aDaVjWL8cQwoRbMF1Jq,buy,0.01003928,45.231077347,45.231077347,balance_delta
4V8bWhvJFv3oJwmRuf7j7dGhuL3zbJgioUpz5txbWnNFL9XHckLXpFdfwX6w2Mwkqh48epwW6KNkJPiDgGrcjfqn,1787745723,2z2q5gk8TDgqCidzkXkyevXH1aDaVjWL8cQwoRbMF1Jq,sell,0.007890736,45.231077347,45.231077347,balance_delta
5iMDMyY2YC8mUxVMorrdTGfZYNQ6JMnV6fNUmrPX4ACgrDYnJZxSAW5LKQF3pzfX23KTYr86NZZiRdUQJo3vh5tS,1787752726,2z2q5gk8TDgqCidzkXkyevXH1aDaVjWL8cQwoRbMF1Jq,buy,0.01003928,59.651430285,59.651430285,balance_delta
P8sKJMFFhWtA5UE9ptumf71vb7MLXrsUzjJBZBJAdxqRVphJJygGQTh71AceMVKM8qSVgMJS4VGVVUMYom5HL1S,1787752786,2z2q5gk8TDgqCidzkXkyevXH1aDaVjWL8cQwoRbMF1Jq,sell,0.008269636,59.651430285,59.651430285,balance_delta
234NjT3Mf27yg35NyhkaKTok7kDG9C1YXGB4Ar9BpPKFfbhKNtuwMf9PEBANYnZ9e3CRpzpD8mpbThQpumZpnp7J,1787753819,797CrVjYgQRU7V6CVhhz8hSNDTx5wF53apb6mf9wqPfZ,buy,10.102,78807.512950966,78807.512950966,balance_delta
qFpQQ7KMcfwWiPzzvZp7L3cyZyKrJXqw1cfHx9r2ssS5XY3JMomoW4YyM5R9VwgDfRTCGPwJJKH2TyCqNJT7x4i,1787753827,797CrVjYgQRU7V6CVhhz8hSNDTx5wF53apb6mf9wqPfZ,buy,10.102,78999.871146423,78999.871146423,balance_delta
tNMZdrVf5wEGFiZeegVxkvSCgRoYHQainK2978MJsVeM3UnJPZnckcxh5HJruPvUwyMWC6etfskYeLm2XhUU3ps,1787757954,2z2q5gk8TDgqCidzkXkyevXH1aDaVjWL8cQwoRbMF1Jq,buy,0.010039280000000001,50.289244602,50.289244602,balance_delta
2ewkuURFvFZ747SaeR7uavYK4UpiA9wqsLj1jJ1TXjUFG2uK4kFKmKo7af13sKn8XiUiFcNCHRFZrRsVAXmBrS4F,1787758015,2z2q5gk8TDgqCidzkXkyevXH1aDaVjWL8cQwoRbMF1Jq,sell,0.008279362,50.289244602,50.289244602,balance_delta
5JuTLALkt3za2jioxDGybJuJyYzwzMLZorGyimHje7zgkHdhhG5wQMXdTUtfBWpW5nLYvqycNNe12x2YhFb2snPH,1787762514,E8VtaEW7koT1gy85BAx8WqAYbvjASZUXNCcuW5r1oS3v,sell,272.148694995,2245744.9999999995,2245744.9999999995,balance_delta
3ydKytjWVpKsw3d82Wu9fKkrGhMPZ5811QX5iw6gacPEQWyeRtF2cAHakon7mLz1aqBeJzNLnytsutxKBcnYxsRi,1787762565,E8VtaEW7koT1gy85BAx8WqAYbvjASZUXNCcuW5r1oS3v,sell,347.367136938,3034959.215002606,3034959.215002606,balance_delta
3S6r5YPvqYGxKtxNqKqssyT8ggxr7nruytoN8ZxAWYjE3cG7m4W5tuZG7gWMcYef7EWdgaYngwxVP6Y3kqFDabPY,1787762714,4iDyxGxPRC66QBNwYqMn74VtVm5Moy1ns4w3bAqYGvRG,buy,0.5002,4622.609826812004,4622.609826812004,balance_delta
jht3qRDBKpwhqGkqZWGhSE4GP5PX5TeLHf1CQuMFKd8kFaKiBgQP22uVh9V91g8Yw81Fykno9LUZRmkVCPLwBis,1787762813,797CrVjYgQRU7V6CVhhz8hSNDTx5wF53apb6mf9wqPfZ,buy,10.102,94055.217197044,94055.217197044,balance_delta
2RAiN7wqi6DsMy6ZVjL4rCUufwg6Eioyf2kdgi5pXyTU8HE8ywC4jen4wJYkYWwihbTV5XNoJLVirK3Ed2zeuRiJ,1787763288,Bc2FpV584T1bKBp21xP2xzUH3tATBCvL85Y3ffubG6Yo,sell,86.646573706,821706.84788934,821706.84788934,balance_delta
AFDTzhMaYduVt1R5Ha2oZKFnBLN5oJ8axHHNQEtXFbEDGHCqy5qbsJt86Rw2aFcFXALDirBzRmVuBYbDrQtdoEj,1787765300,2z2q5gk8TDgqCidzkXkyevXH1aDaVjWL8cQwoRbMF1Jq,buy,0.01003928,83.241640743,83.241640743,balance_delta
4pHf2LappzWvpi8N93rKAZKzV9bVuCgDmRR9K2R2fB1yrPrSuCvRbr3ET797YHFHAkVbUXaohSGncRprUuVCT21Z,1787765361,2z2q5gk8TDgqCidzkXkyevXH1aDaVjWL8cQwoRbMF1Jq,sell,0.00776219,83.241640743,83.241640743,balance_delta
5QkWLAGDMEeK3edcezudieA912uMFK3Tg15Mzrw9U5G4LthzAN3aZvXyCE11BfEW4gnCUv72qcPTdpG73AeBuAja,1787766523,797CrVjYgQRU7V6CVhhz8hSNDTx5wF53apb6mf9wqPfZ,buy,10.102,99510.64302578801,99510.64302578801,balance_delta
4WF4NuqBDirei6SguizExdxt53nfRBkxYatg7h2pw1XAtYk6Dd9rPu3vkSPPtDxV9gbvRkRg4JpaBJ2zLen6vxSk,1787766647,797CrVjYgQRU7V6CVhhz8hSNDTx5wF53apb6mf9wqPfZ,buy,10.011999999999999,100557.688299576,100557.688299576,balance_delta
3rs7wRUoKRLrM1qe4gVsx4QTi4EPFE4bPbNLktwy22T6AaorAwP99F7Fdf6a4r3ZorBqHVsBWrFqFP4oYG5J27rQ,1787766734,797CrVjYgQRU7V6CVhhz8hSNDTx5wF53apb6mf9wqPfZ,buy,10.011999999999999,102169.64405415702,102169.64405415702,balance_delta
xwNqLu72SscbJkkyJvhRhhcgYCqEFcmxxkopanLMS3PkeRtKnmfV4fpAkL3fartnXakGZEw5BStaM8Mq9cDnSq4,1787768193,4iDyxGxPRC66QBNwYqMn74VtVm5Moy1ns4w3bAqYGvRG,buy,0.5002,4866.306844496998,4866.306844496998,balance_delta
4ShiJMenMKkdVXuE2b44ZzYhDWguz9EcwXU9HQqyWFuK16rmj92n3xHMmg9w47przPi3GRuhWFUFDi7Qoegu8PqJ,1787768601,2z2q5gk8TDgqCidzkXkyevXH1aDaVjWL8cQwoRbMF1Jq,buy,0.010039280000000001,77.781239409,77.781239409,balance_delta
Lo2PMufQ2DcSbBENfVsKzKBx2gzFMDKAFo7QSAZiQJQfPVM1MQT3nXMDYffCeBu9xatXjzLV8Mv8hmBAruUwgUK,1787768662,2z2q5gk8TDgqCidzkXkyevXH1aDaVjWL8cQwoRbMF1Jq,sell,0.007924134000000001,77.781239409,77.781239409,balance_delta
5HwaEgsG9mnopt8vDHW7zNV38Fx3zWEPhC4CW3sTzAxFuUP4VrddEG37eiPzBYHeywtd7Vgr22BtEQFGQ1LgmtrR,1787773708,797CrVjYgQRU7V6CVhhz8hSNDTx5wF53apb6mf9wqPfZ,buy,10.011999999999999,105015.60752648697,105015.60752648697,balance_delta
kVUmpiCtybWY3U69mQ1iMtHyj22KpVN4A7BJGqs16f12AdoJ7BDaYdNVbmTzjjzVwu75zk5dXzpa9RHr2F6b9bG,1787773710,797CrVjYgQRU7V6CVhhz8hSNDTx5wF53apb6mf9wqPfZ,buy,10.011999999999999,104790.59701928904,104790.59701928904,balance_delta
YPpyFv7gU97KKpZqWYrjexAgFjkBQuHVcj3fAYFMBZ5oXzHiaARwNgCouRCUnWaqrSfQubkU7xtAicqbperWvAQ,1787773716,797CrVjYgQRU7V6CVhhz8hSNDTx5wF53apb6mf9wqPfZ,buy,10.011999999999999,104588.64917215495,104588.64917215495,balance_delta
4ZXpMFJYFpc13XuxAUZYheEsuPzgtryvENPUXvtBAvMWEAJALxEAmUj2xxFJdQTXtRkvzCjwCZaxZVuVsva5cpba,1787773752,797CrVjYgQRU7V6CVhhz8hSNDTx5wF53apb6mf9wqPfZ,buy,10.011999999999999,105165.290653673,105165.290653673,balance_delta
3HYbj3ySrGjpvgtmpCpZygvwcB9srSfzB8P9wW2rvnVaRXBAmB2u2FhyJtHPZKNs116eisbJ66YRbTxtkCbXGXvM,1787773767,797CrVjYgQRU7V6CVhhz8hSNDTx5wF53apb6mf9wqPfZ,buy,10.011999999999999,105021.99650729296,105021.99650729296,balance_delta
2HWDDkSQnEbWUVJgRBNY2f84FeSMhGnZ4LeCQwsJiduNQbzC6A65STtfuGcVVeBNmxx4WcehNGPWTfiMjvEaXvVR,1787773776,797CrVjYgQRU7V6CVhhz8hSNDTx5wF53apb6mf9wqPfZ,buy,10.011999999999999,105162.67357198312,105162.67357198312,balance_delta
4SiZKLiTEHe5Rm87qBTRPdXpxMcqaBHHyTdRzzJRfiPoxjQTvEKFvdhyshJG6GoxrztHbyeJ8gmQMF5aeLyUQHFL,1787773786,797CrVjYgQRU7V6CVhhz8hSNDTx5wF53apb6mf9wqPfZ,buy,10.011999999999999,105687.27760818298,105687.27760818298,balance_delta
4Vs1Mkhm4QMzrPseoCxuAVcx25h7Xt3jVoRpSxFFH9zb3UcoCyxxsHKVUHmHnLYs8HxV7HRLuvt1bRw1FyaFUFwT,1787773804,797CrVjYgQRU7V6CVhhz8hSNDTx5wF53apb6mf9wqPfZ,buy,10.011999999999999,105580.54410817404,105580.54410817404,balance_delta
2pR9hUyXif8Kq91vsinbVp7wQBGo9XtccibjadHEHxJ2KeMjF1vURZCkeRoUBwTN6GhjfPurRDi7iMcPf9xuHDrS,1787773834,797CrVjYgQRU7V6CVhhz8hSNDTx5wF53apb6mf9wqPfZ,buy,10.011999999999999,105667.61031340482,105667.61031340482,balance_delta
2NKDE4FhoopjMYNheebQhjfoK3cGDAptSfbzcothrENxmhzeJEuEPWPzsLWKEnBhjYAcKQduCQcKCb2QCR7trqn3,1787773898,797CrVjYgQRU7V6CVhhz8hSNDTx5wF53apb6mf9wqPfZ,buy,10.011999999999999,106026.05747821019,106026.05747821019,balance_delta
4uy7J819g4vhJxrXb4tArF5AKjadtDjhH1bGpanWkgHfK6ai9GSFyppw88n6rmmSAKrBfKnG3NDEaFnTAfPcNjgL,1787773913,797CrVjYgQRU7V6CVhhz8hSNDTx5wF53apb6mf9wqPfZ,buy,10.011999999999999,106009.64208040596,106009.64208040596,balance_delta
28M15vEd1EaLdRhvsGpb5CAorVTnxS7CYhTK1HYaCb8DbcZJzfUj4uEX6JHiFpRFjJb3zT1fbRwuZpA9BXMmcQaX,1787773992,797CrVjYgQRU7V6CVhhz8hSNDTx5wF53apb6mf9wqPfZ,buy,8.077605381,86753.48979952885,86753.48979952885,balance_delta
5M73PyUGbGPVJVUZNdVRnyr41Jo8NkmpgymMfejM5zp9YgzKVFzvsH4M8mazm6HTxTu7JMYd5BVFTLoDXx3xZgS,1787774027,797CrVjYgQRU7V6CVhhz8hSNDTx5wF53apb6mf9wqPfZ,buy,10.011999999999999,107022.54191758507,107022.54191758507,balance_delta
4MTT4Qe75HqdXnCm2mZRoi1skU318ik2GPVhyaZitUdfgqdCxLYWAsfa7Wqv4Mpw1woWW1Fn5TjSX5jMzQrNDe4M,1787774030,797CrVjYgQRU7V6CVhhz8hSNDTx5wF53apb6mf9wqPfZ,buy,10.011999999999999,106693.4810897531,106693.4810897531,balance_delta
5mALTjoqdzuDY2HjJbWXyUq6eARtKuD6fvaTkFXP13tPDdTU5MuTeq56JKQJ9RqSZWEkWfvUD9UKvgnw5GnaZPNy,1787774035,797CrVjYgQRU7V6CVhhz8hSNDTx5wF53apb6mf9wqPfZ,buy,10.011999999999999,106556.49834595714,106556.49834595714,balance_delta
r34NJR1pECj1HzkWbZKXrfKW8JUcCL9hxagQWDeJGuH1EkVZWrJ6Q8Yxbsz4MykKTAFex65zQffQgBg9R2obPr1,1787774042,797CrVjYgQRU7V6CVhhz8hSNDTx5wF53apb6mf9wqPfZ,buy,10.011999999999999,106279.84174095886,106279.84174095886,balance_delta
2K6dRXmJAMhLfVp7U2J7n5MtAtqx5stRzM8f74bESwmvaJHYvyoEpdbn4zLBJ7BD5WSnbJvxcoLPdrFuTHbtECEL,1787774045,797CrVjYgQRU7V6CVhhz8hSNDTx5wF53apb6mf9wqPfZ,buy,10.011999999999999,106453.45041438285,106453.45041438285,balance_delta
4eviJrKXkGpUsR5WNSKhiSGjALA6iJuQU3RsXjrMuzUBtSkRhgQwCtPG6X19FTiLhvNMbwgBLvHjHnbnhjYzz2er,1787774057,797CrVjYgQRU7V6CVhhz8hSNDTx5wF53apb6mf9wqPfZ,buy,10.011999999999999,106555.37686498603,106555.37686498603,balance_delta
4cdSWARm53RDPkHfPs38ZqfWKrUUWhSkja2bCW1ZmVpRBY7DCbeECHUtnkJatwKjiyDcR6BE2kEFFkAToAzuRZHC,1787774065,797CrVjYgQRU7V6CVhhz8hSNDTx5wF53apb6mf9wqPfZ,buy,10.011999999999999,106142.73198111122,106142.73198111122,balance_delta
hEySyRxMSCdimCLD49wGZp6BckD5xfiHC1SQoiHm94mG2GHLq1MAaMrYBtmKnC15ewrovgcoUEo1cGq26Hd4BrM,1787774077,797CrVjYgQRU7V6CVhhz8hSNDTx5wF53apb6mf9wqPfZ,buy,10.011999999999999,105898.4175482979,105898.4175482979,balance_delta
5e3xkUWbeDSXh58KvfGea9CARvMAa7cRTtM7A8RKK84bBsnfEqFJfnnNkxQCXRsociqXrkDj3tN9SnZNQfDDQecG,1787774125,797CrVjYgQRU7V6CVhhz8hSNDTx5wF53apb6mf9wqPfZ,buy,10.011999999999999,106148.03346766485,106148.03346766485,balance_delta
5G7UvWhZi2XL6Epw2ooyZ1vytmqzsaZyXKxhtTjYSbVD7vmdcVgUDK7a5gnKLdDaNFAmSJPrjytP2nATKEqYwMaR,1787774204,797CrVjYgQRU7V6CVhhz8hSNDTx5wF53apb6mf9wqPfZ,buy,10.011999999999999,106484.06004497316,106484.06004497316,balance_delta
5wbTdHQdULMCU3dFcApCWifCmN3BwU9hJNeGRpVyXpDFbVgkhD8Jr5Le51bS3fWnHHgUTFJzj9eQVSunfxapvfTx,1787774223,797CrVjYgQRU7V6CVhhz8hSNDTx5wF53apb6mf9wqPfZ,buy,10.011999999999999,106369.80826657498,106369.80826657498,balance_delta
5TD5HD8N4zNW5CysEmzxnK2BiQaCDQnutL2UagMyqGZqEXJuoRzHHhEBpgdaRcyZSQe7SL3HywcRDoXXu3Jy1kw,1787774300,797CrVjYgQRU7V6CVhhz8hSNDTx5wF53apb6mf9wqPfZ,buy,10.011999999999999,107471.9769339799,107471.9769339799,balance_delta
qboXB17WVackY78rcSQYHAwMhaDqyiZDvBk3EBEi5RUUrKM9kuD3c24XBvF153JBkAPtDtRR9gDebfMC8gPWwDr,1787774344,797CrVjYgQRU7V6CVhhz8hSNDTx5wF53apb6mf9wqPfZ,buy,10.011999999999999,107636.22712085489,107636.22712085489,balance_delta
aEjAC49F3oHfiZRpdTMwbBUxTtS7qHqjJyAeCxLEiGFyDHsqDEYkWs6PjusbyCkhcvip8xVUX34WDSauMm8PnB9,1787774349,797CrVjYgQRU7V6CVhhz8hSNDTx5wF53apb6mf9wqPfZ,buy,5.0120000000000005,54303.31600918528,54303.31600918528,balance_delta
2zo9nB9D9KuCqKk9mbATTHJMeVUmqw2vJo2VJ678j7QamKhRpbUDXiCm9UQTK6Do3GFBnXpEXUYCRNocEcazcFF1,1787774392,CHvWpTWTZXUMvWfX7jmy8vhHbAqn6YvLc8wBxXYi4KiW,buy,2.601679188,27300.402570177,27300.402570177,balance_delta
5tk6es7mHUy7aEScp2vN29STi9D9Edr5hDh3TEtTwu7h5g2xLUAxP5cZ1vfsbfLXFdsr2G9HAHJB4HaJkC2VUfbk,1787774392,CHvWpTWTZXUMvWfX7jmy8vhHbAqn6YvLc8wBxXYi4KiW,buy,2.367358132,24878.021256989,24878.021256989,balance_delta
4PnikRTjDu1njoD9ksJ2PLzy3AoLvPrXc96f6QmuJRWSWtS5zZAq5s3XE5TJUQhBdAktCzje6VdzpWcHpUaYCtBP,1787774392,GHJFdDSYx1kGg7nLTDZ7B468SqHsqySZwHRSxs4DgEVk,buy,2.409755532,25302.20350991,25302.20350991,balance_delta
CNbiua8Kdnkr1YkDvLGQ6sBnnaWsNQ3fTSN1sBvCpLeAsrFRT2zcZSJjmktjazGRce6ahWYsPF7kihGf6u85vDB,1787774392,GHJFdDSYx1kGg7nLTDZ7B468SqHsqySZwHRSxs4DgEVk,buy,2.640245468,27728.228966247003,27728.228966247003,balance_delta
41BjC9JihpD6fjipsqZmtGQcH6EyJPa9KXgB7TKQbtaNkFFzU3CbdMCKxWYzaJC8MQ4Y6VsAiseCHnwyBfeTxvpV,1787774394,CHvWpTWTZXUMvWfX7jmy8vhHbAqn6YvLc8wBxXYi4KiW,buy,1.4985015620000002,15676.29690981,15676.29690981,balance_delta
2p96Ct3hYZTMQ7ZCDR8EF3zfCYPrCG5JYPp6ML4TzoRnyCMJhSWsmeSvWaqPD4t3yK1dTtodxZ52qMRtTjLv7Jqi,1787774395,GHJFdDSYx1kGg7nLTDZ7B468SqHsqySZwHRSxs4DgEVk,buy,0.713866172,7442.240849360998,7442.240849360998,balance_delta
3h8rfHZhzeJDBABwhezq9jpTSnK7ApKQsfaWUcFK5fQQGHvPe6Kw5XnpRyEvjduzqQisEiuKCiisLr12tRsTtpqx,1787774399,93u5BsWsPxuLRzcDqwecZV9TiXEV7qNavef6fscPnSb5,buy,0.6997239590000001,7150.083557728,7150.083557728,balance_delta
3YhwnUDsBnnYKf42CRHkSZed84SkDm5TctZXrPikdV9MzRAZMZArK6nQwbiUXsQ2WvYwkPUuys5ghT3zWKcCNuyq,1787774399,93u5BsWsPxuLRzcDqwecZV9TiXEV7qNavef6fscPnSb5,buy,0.753684244,7724.518414682999,7724.518414682999,balance_delta
Rj9FmTWxyuYJW5LRBRmY8vg1tBuWg6LZzrEPaJ6AYitmuKiho2fi6DCUXVwGHenouCWKeN9RSgSn7gqu5uWzQxe,1787774399,GEPiePuVYQcbShk7ACa2YASeLuRHqvcSZpS89keWZecG,buy,0.805954601,8238.071343759,8238.071343759,balance_delta
38P693f8z4m2cLT9GBqivUt2C8hekfgze55orXQWuEASrSjNP2NYYMy8JyMk3Gzerxp5PqdxZ6fSUrDStbTFWD8R,1787774399,GEPiePuVYQcbShk7ACa2YASeLuRHqvcSZpS89keWZecG,buy,0.747915756,7663.524143084,7663.524143084,balance_delta
5GDwiBqn8x3Jpi1JCDdbhVUkZi8cDuz1zWXF8mAvUc4zYhEqhWivNb37hX51PX9h3nMVen5CojRChMXBNBsAPDvQ,1787774401,XXXXXsiKfM49XohyATcrYbRYBd9WWhDRM7c7vMYQNSd,buy,2.004026614,20334.924888234,20334.924888234,balance_delta
5Cnto7AGRN3Kvys5UA7x21YgYmPM9yByzdRaFioXq4egX7aahinmNKAruw3EoW383kj3TbeprX3YaDuib3ny6xFu,1787774401,XXXXXsiKfM49XohyATcrYbRYBd9WWhDRM7c7vMYQNSd,buy,2.00197884,20298.182209146,20298.182209146,balance_delta
671XnkNvK8YBZJhf7R6xunysAnAGmLZ5VW74LY9Mi19EyV3xoVSdBqvEjbb5DjcTmcsEiBBSrBHsgUxLXcRos7DB,1787774401,XXXXXsiKfM49XohyATcrYbRYBd9WWhDRM7c7vMYQNSd,buy,2.001987422,20141.850379179996,20141.850379179996,balance_delta
3bQkBio3gwgzBpKdWj1vZtSKKpNybWLnFLUMg5VAdMwcD22yeeRWab2WVAkXgJFq46auEsqvUvWHGdQfxoLiLdCK,1787774401,XXXXXsiKfM49XohyATcrYbRYBd9WWhDRM7c7vMYQNSd,buy,2.0018000000000002,20141.842124389004,20141.842124389004,balance_delta
qZj73ddTNgrVwdQeyDqUFtdLkdtsUiSfP597sJQndpp476E9V7d6BoExxU3MBqERRpFC63JFMpnvjnEsZ5Y4kAB,1787774408,2z2q5gk8TDgqCidzkXkyevXH1aDaVjWL8cQwoRbMF1Jq,buy,0.010039280000000001,80.262741184,80.262741184,balance_delta
4EWPwunbutueTZE1xTJXCk4RBAMGr4mq4PiXUK5sHCtXbdQV2KcmKxq1WGSupfzBpkNXi4rPqnPfiG6h88vM54Fk,1787774423,XXXXXsiKfM49XohyATcrYbRYBd9WWhDRM7c7vMYQNSd,sell,7.90561937,80916.799600949,80916.799600949,balance_delta
439k4zQQutmXrv5sohsxZEqDg7QkSucVvnmDNj2VWFQtXu71593hDTPmcJSBsHBsp4VSvwmKzyAVV1z8LC415X1N,1787774452,CHvWpTWTZXUMvWfX7jmy8vhHbAqn6YvLc8wBxXYi4KiW,sell,6.622784475,67854.720736976,67854.720736976,balance_delta
2uF1GE5FLZA3HvrbSLfh1pxdpNYSWSH5RTduftrg1XaRPcxkexhmZP5dpLz6oNZTgRZstbqKJ5wwYat7rqRdpDKr,1787774452,GHJFdDSYx1kGg7nLTDZ7B468SqHsqySZwHRSxs4DgEVk,sell,5.913890282,60472.673325518,60472.673325518,balance_delta
3AUY6pS2ExLxHFU8Kf9rCzBxrFodHXknPbaNsW8wSn3wFzSQ4BujkTjVHL1eoT95cvvNgDhGX2tmLW3pBabbAHDG,1787774456,93u5BsWsPxuLRzcDqwecZV9TiXEV7qNavef6fscPnSb5,sell,1.455043234,14874.601972411,14874.601972411,balance_delta
mxXz3iJJB34zxbYF4KNyydHGdVd6xCGAYnfEZu5rd5EA4HRBEQxCXAfpK8rbddanCnc6y2h7avwLiCapRbCkG4G,1787774456,GEPiePuVYQcbShk7ACa2YASeLuRHqvcSZpS89keWZecG,sell,1.556275906,15901.595486843,15901.595486843,balance_delta
4zgpmHMhNyiw7zPSqemUBMewffT2JqjPCxa3DyzGRez1DmdjE639AXSCPscPiX9Ng1NARpxLD9YZGTJoKXa3y2JG,1787774468,2z2q5gk8TDgqCidzkXkyevXH1aDaVjWL8cQwoRbMF1Jq,sell,0.007942438999999999,80.262741184,80.262741184,balance_delta
2i5Gikw3esvUz1dDsAJ9NCqYXns9kjEHSE2AwTW9SkqARf47X1XWP4raz2cb8h2kKp75G4Pio1zcFUnmepktAmKA,1787778647,2z2q5gk8TDgqCidzkXkyevXH1aDaVjWL8cQwoRbMF1Jq,buy,0.01003928,90.152596808,90.152596808,balance_delta
21rgY3bTpCC1Aj4xSMkTBroyqiKaUYUDtU4eUguFS7f8szWBnR2ogZgm1jSvwBRsPx2HFCVfeyxKevqbGaBAnM8J,1787778708,2z2q5gk8TDgqCidzkXkyevXH1aDaVjWL8cQwoRbMF1Jq,sell,0.008023816,90.152596808,90.152596808,balance_delta
5aTUcLcoLiHRXgU4NfsaDHCmfPoyRu6qPdVymGwhy7HxHUSWwaiEVXmFhwFVTvXRSqfMCtPRKK9nHdhW1tAFH3P6,1787790300,4iDyxGxPRC66QBNwYqMn74VtVm5Moy1ns4w3bAqYGvRG,sell,5.7487992299999995,67655.264916378,67655.264916378,balance_delta
MCbrAMHuqLPn8L4TBMhAKXqoCmMXk3sCWezqPzSgxPEhSGQQ8aY5hMXymHbwChLVjuxyDYaBVtRdHSCVf3sPpTs,1787790391,4iDyxGxPRC66QBNwYqMn74VtVm5Moy1ns4w3bAqYGvRG,buy,1.0002,11460.580559627,11460.580559627,balance_delta
52Yk2b98X92DyM6qzqup4hcwU7D2VUdbbKe7EsqSZFvqyb4XsVZBtWp74AFAjttYs1QtXRiMBQioRkL5ZteB3GPR,1787790561,4iDyxGxPRC66QBNwYqMn74VtVm5Moy1ns4w3bAqYGvRG,buy,1.0002,11231.160400588,11231.160400588,balance_delta
oYZkRExq9oXfGRBXqEiRe1cFj2GNnoQqHcnpqfZ9ALjEQKgU7fiKt4op8AjZyCNZi2K5kvTpuasMvQaGXaKgsYf,1787796088,2z2q5gk8TDgqCidzkXkyevXH1aDaVjWL8cQwoRbMF1Jq,buy,0.01003928,86.615099351,86.615099351,balance_delta
8MxuHsV6RCdnwmfuRqhwpgCwysNUuWpnEE9CzBXwDABik7AmCS2CbZWYDNEb5GjeUe65ogHnAJSKpTpikbFdUdM,1787796148,2z2q5gk8TDgqCidzkXkyevXH1aDaVjWL8cQwoRbMF1Jq,sell,0.007968946999999999,86.615099351,86.615099351,balance_delta
Fyc3DQdApNpwoUqK6zrLavBeCW22AYjapMyHMTH6WDRejsjT34uH84uvn3tejE5Towhm9zKgeiHLwLcCDhXtkWD,1787810171,ATj6HNyLtkdm8LMiTf6LftgDLDK378dAjDv8bCBhkoD1,buy,0.01,107.467700877,107.467700877,balance_delta
2aGQdSxYQz9J1ZV9hhQ7gzWo2kRfsJ66GYvyLYzAjaPk3atX65kBrPgSjJRJ19JmQR9CKtVg2EcY9FRd4BGiF9N8,1787810174,ATj6HNyLtkdm8LMiTf6LftgDLDK378dAjDv8bCBhkoD1,buy,0.01,108.010951162,108.010951162,balance_delta
3UjRbNugcdnspsxEKV75fGqYnnE3p21AAZPf8gk3NJfwQy5Fb3S64iyLCJgjobeEZTTApex4TuRs8jqG4BHca9M2,1787810177,ATj6HNyLtkdm8LMiTf6LftgDLDK378dAjDv8bCBhkoD1,buy,0.01,108.01060112300001,108.01060112300001,balance_delta
5WKW19G3vZPkb5KBBgrz9ZSUuTf4XRkRt7rkVTwHPTQE9fKKgWpvcFaj4S5sZyXPtk6WdBx7iD1e3C1LsWmJuz1L,1787810186,ATj6HNyLtkdm8LMiTf6LftgDLDK378dAjDv8bCBhkoD1,sell,0.029624044999999998,323.489253162,323.489253162,balance_delta
39NhCVvbADuSHzeUUum2kq5UGc8X3Wrgo6SxU5RvFKtxTEve8AaWG23Y7ExAUVUaPTpKRrvYKbT6Zs7XohpH774n,1787815702,4MowcRoyZazf3YbtqiYNUTZbDpZdKjtymLANsX1CT1mz,buy,0.007241032,50635.264790029,50635.264790029,balance_delta
64mexmGhw9pAJ7QYaEUC6Z4YzGDXefXv548MuB8RoGShinbhtsFy6PzBPLAs7h36UR96HWTGtTeFWuAAKQ1PHwbY,1787815702,6NceTehWXtdQ6sQxmqRUuRqGvu4sWfJWJA5Y6fizvDUY,buy,0.007241032,35803.094928054,35803.094928054,balance_delta
5YuFc9GYNM4rAQYQSDPJT3ZsD44j73m3YcrCPTf2ic9ke37c6jh4qjjmED7WQm1J8KACBFsZEhSpo8ddG1AQBGHr,1787815702,8GriRP9Ea6QsHLxTdMi3RDMkYwhYWErLQd2CAvEPFViP,buy,0.007241032,32724.067528432,32724.067528432,balance_delta
48dKDuKz2NfqLYdcc7QPsbnj9fDgaMEHeV4PGRrpe4pUF3dHEpDw6q7yvGg5BbvNBipk3utXActZmd7karjGkBqQ,1787815702,BWztqTdbi9UuLEzay2138rCQ3fga4R3XeMdJdKKUz8nV,buy,0.007241032,48343.663711546,48343.663711546,balance_delta
3yWW2MorCPPCPcqUpQBtkUCNG4zUGnQ2b6e7MHMNpRb9YAsEDjnos1AtwKNC6y1FD8Dycwp4KKGGfL4vzVFW8KwX,1787815702,HytCavJKtjSAp8gTmywLnLR5JwPdaQsNvZm9VsXm3oRZ,buy,0.007241032,53781.326574989,53781.326574989,balance_delta
5fKM9bGEFfNLq8VfQ3ihcUAwkrTHjr3WvP2ZNDftLMpC7SFVYwRc5AuucfkN7cLzp7HMauQFV7LXy7xua5AExgEG,1787815703,4MowcRoyZazf3YbtqiYNUTZbDpZdKjtymLANsX1CT1mz,buy,0.0052017520000000005,42353.55269991899,42353.55269991899,balance_delta
4WPBfT1a7S4b36SDh7pCp4V2Kj6S9w8X2WNYP1uZDLVeNKiHqKAnhm7MBGGgxtzZzCHd4VZWC3pY5ahymxHoVxnR,1787815703,4MowcRoyZazf3YbtqiYNUTZbDpZdKjtymLANsX1CT1mz,buy,0.0052017520000000005,43623.827500653,43623.827500653,balance_delta
3pueM4Gt1AuCJhJhcUg6VckKxWifBY3accSLUfEqfxn8xU1YhiM4ybAiqZNZhxaoQBQ1aQt87W61xmkoEXWNBUhe,1787815703,4MowcRoyZazf3YbtqiYNUTZbDpZdKjtymLANsX1CT1mz,buy,0.0052017520000000005,50297.265425449004,50297.265425449004,balance_delta
2moTHo2qkZJXTxJq6DYopsqmRqxvwWU3fv2ZMMVGWzBU9fmkSkEqHtxXaHSrgJfohsuPktbHChAqaBtSWqaiV9bi,1787815703,4MowcRoyZazf3YbtqiYNUTZbDpZdKjtymLANsX1CT1mz,buy,0.005201752,44930.860708918015,44930.860708918015,balance_delta
iSB7jy2mPU3uNGgMNpLGZbgMcoLFmdcvuAjZf4uBYPr6ABiyRjTi5g3w6TfboDXGmBrxahg4HxgVroVr4HLT4r4,1787815703,6NceTehWXtdQ6sQxmqRUuRqGvu4sWfJWJA5Y6fizvDUY,buy,0.0052017520000000005,48407.868281667,48407.868281667,balance_delta
5CT1NCNZK9wCU4U9cf6GcwwC2hqz6LfKRZx29TTPRetLfb377PVBpG6A8iqx2Y88bpx7k9Dkz2S5YyYAR5Q4MUCC,1787815703,6NceTehWXtdQ6sQxmqRUuRqGvu4sWfJWJA5Y6fizvDUY,buy,0.0052017520000000005,32524.836029936007,32524.836029936007,balance_delta
5XXhd12DD5bFBBXT4YKBFnYJ8Vu1FDGBoRXMrp7tztMUHVQ8zT5a8yNcTvDH1odLwqRrfsLHSZaJuV9K6qAddwig,1787815703,6NceTehWXtdQ6sQxmqRUuRqGvu4sWfJWJA5Y6fizvDUY,buy,0.0052017520000000005,35373.01049160599,35373.01049160599,balance_delta
3F8XMFuWoeQ59FXGmgK7XbMaSCCytJsBezs5oAPQcWu3yJ9ExbQfVpb5J7jpTW7NbJjBs9QszjmDuF8D3PaKZpYe,1787815703,6NceTehWXtdQ6sQxmqRUuRqGvu4sWfJWJA5Y6fizvDUY,buy,0.005201752,39806.98021174301,39806.98021174301,balance_delta
31iEKJ59yL3uLpTVTYqMBPpk6X9dQ7MiEBtPbsMhf8PVQeAM56PgLX1svXm4T5kSVY5FaWEzVu1G4h53oJPLW12Q,1787815703,8GriRP9Ea6QsHLxTdMi3RDMkYwhYWErLQd2CAvEPFViP,buy,0.0052017520000000005,51728.274862185994,51728.274862185994,balance_delta
2K8zWe1bE2s5pFzajvc82SxufuT2dZNZBPmiN22o2jYiDxXsq7ZiSUAyNo8Rx5sdC5zj5znN6EdpVTYYk3SP9HxH,1787815703,8GriRP9Ea6QsHLxTdMi3RDMkYwhYWErLQd2CAvEPFViP,buy,0.0052017520000000005,47876.38180579801,47876.38180579801,balance_delta
2gYNCVfqDzUimWC2xmxR7FmSZYiqsQKTj9NBapgLf3CtWZVR2wzWxcLHo9xJLZd3pMZL3FntdHz6HVMqVy5ry2xP,1787815703,8GriRP9Ea6QsHLxTdMi3RDMkYwhYWErLQd2CAvEPFViP,buy,0.0052017520000000005,33494.21911553698,33494.21911553698,balance_delta
45KZhZFCV2NnHujZbRdzKKvEEGBk5kHoaLdbFfLsi8tXbks2R6xuhd9vbGYbJTmjSLSVUNdceQqbHC33TwiQZEp,1787815703,8GriRP9Ea6QsHLxTdMi3RDMkYwhYWErLQd2CAvEPFViP,buy,0.005201752,47570.287906318,47570.287906318,balance_delta
5n7YZSroDUWiVqSm4QfRHZ1v6ugLyTNNp5vMF4aWzPP2XHhMgDKD76ypZruM8hthA45GufQUpnAGiQoCE5ZhBBY3,1787815703,BWztqTdbi9UuLEzay2138rCQ3fga4R3XeMdJdKKUz8nV,buy,0.0052017520000000005,49507.37176675799,49507.37176675799,balance_delta
3FYsBnN2u958ZSgybBqJtqRZWqnQX3d9ydmHMofY2Cv8f8A6xMsiV3tC6mewZ4yyX2pana19T2Zz3Ti5n9KHH5n8,1787815703,BWztqTdbi9UuLEzay2138rCQ3fga4R3XeMdJdKKUz8nV,buy,0.0052017520000000005,41345.59907162801,41345.59907162801,balance_delta
4B9jr7W3uD18mkAQtnaBctPXutVnLV3AJSMUVcsvaGKpoz5AWYXr7DPf6CzxRvyWXMMyCj1pzLD6VkW3mkRKQ5qZ,1787815703,BWztqTdbi9UuLEzay2138rCQ3fga4R3XeMdJdKKUz8nV,buy,0.0052017520000000005,52923.401714009,52923.401714009,balance_delta
4DL8Q2BUbksGXiRstDNTRjp7x5HAKf3SVuu9Tj8h5yC6f4LHdDCUhuNoLbBZWFnjS67utZ69AV6y1bfafDbpaCrJ,1787815703,BWztqTdbi9UuLEzay2138rCQ3fga4R3XeMdJdKKUz8nV,buy,0.005201752,46216.444142311986,46216.444142311986,balance_delta
QqPvBm4KmpJcK8EjXFQEsHNu9CCdpVAwpbBBP7jmLtUpwdoXfChB2HbS1TANGQ3MLDbqupgzmNJcwj9wEbYt4hW,1787815703,HytCavJKtjSAp8gTmywLnLR5JwPdaQsNvZm9VsXm3oRZ,buy,0.0052017520000000005,33742.060164373004,33742.060164373004,balance_delta
2vp1dGHUr21csPVVWtQBrNpYJJfLeGLJoNtpoL68RRvtsLkwbJRtqT9jMAgw3oFFftgK5QrWoU3ZBVmkQJxtZuiU,1787815703,HytCavJKtjSAp8gTmywLnLR5JwPdaQsNvZm9VsXm3oRZ,buy,0.0052017520000000005,44688.13394905199,44688.13394905199,balance_delta
55JA515g1PqGBEBZ3WWK6Fc3vKKnzmKyvUgcCVwcGKSa6davLXW1vXcTBaPqUhNsB8uvbHrpAyXPJeYWrZG3iv68,1787815703,HytCavJKtjSAp8gTmywLnLR5JwPdaQsNvZm9VsXm3oRZ,buy,0.0052017520000000005,47912.50100200702,47912.50100200702,balance_delta
2zx6PuCEPJRxbWsnm3j5YHYhAd7vK5Ngxed5PCd6ERhzVE8qJD8PLrenBMKMFQyZZE5p1MgMbMfi4SNGQtQyasWm,1787815703,HytCavJKtjSAp8gTmywLnLR5JwPdaQsNvZm9VsXm3oRZ,buy,0.005201752,38477.05613573699,38477.05613573699,balance_delta
3qZWjTiCnKscZdLtHP1VFLz8mX9bDxM5wcfZRauXev5UWjX9NDr1SaCy1pnvDf3nkW6vCY3q6uzgDTwtWiEs3LXz,1787815706,3883isRkbz3Brq8DcJNrbnq1QZqwmzTxAC3qAzs99Zvz,buy,0.697728736,8688.098592751,8688.098592751,balance_delta
51wweXCLjVdtTUw2rjyAq1oPsLcwa5mnXoxzy2yqtgXuje85vJ4vSop7QQxGsvLWdmRQGTdqccWu1Pbj3vwsQBDk,1787815706,3883isRkbz3Brq8DcJNrbnq1QZqwmzTxAC3qAzs99Zvz,buy,0.705651064,8788.325024293003,8788.325024293003,balance_delta
4Kbmyusy98cbQydQuGH45UqKQtsCvZUujRZikVSYVJQoCs7LC3uQkzykhqAKbgrumcCAkXn7iMRK3F6ZntCRsqXH,1787815706,3883isRkbz3Brq8DcJNrbnq1QZqwmzTxAC3qAzs99Zvz,buy,0.667153288,8302.813260220999,8302.813260220999,balance_delta
252Uc9YbnpdjB5fcvqsv6uBi6h5Ttf6DJtaTQRerBe3n2zWS6H8aET7RkVdTKSYxTF7P8rX2UWQ9Q1ERKLmsBPut,1787815706,68gwUiYYRgbUU1PsRfuRYzVVZkvJjvd7zDvv8yqkbe42,buy,0.545739261,6901.763425595,6901.763425595,balance_delta
2LX34fXoQAFXtGPU8FaxHxTgkBbr9BJY3RX5R6kKXdDwGbEeJqwME7fxFDDU6HpVNmQh1Ls6RhZUX3mDrXiKztrW,1787815706,68gwUiYYRgbUU1PsRfuRYzVVZkvJjvd7zDvv8yqkbe42,buy,0.5535945729999999,7000.641174530001,7000.641174530001,balance_delta
2HcxRtYqSN46DJjsHAmyoofaeughUn1HqrCEihoDwDvqKnT9xfsyDFBv2uvtiQ1BS7DcBMxUuocZeV3n7QGMHhj7,1787815706,8KQriAKQrWJY2CPMLGmxwMz2sEhKjq6hEd3Rwx1B5Zu6,buy,0.618972115,7700.1891318,7700.1891318,balance_delta
2Ke9ztVAU1FBaZ7tkXr7aXSrhUQvvdqpvYngZcVB3ZGjRyaxNGrL17vbLAuaK1hJttyeMDDBb8atRRJQtQJXcbTk,1787815706,8KQriAKQrWJY2CPMLGmxwMz2sEhKjq6hEd3Rwx1B5Zu6,buy,0.968255767,12095.803998102,12095.803998102,balance_delta
5TUyVETJfPCPKnoTnturtVQc39rGxz3uGFh1Vuw38DjdfKdh2HSq3k7Aat4ZkPFSoyftmGTRYNcVJRi25VGzmL7t,1787815706,8KQriAKQrWJY2CPMLGmxwMz2sEhKjq6hEd3Rwx1B5Zu6,buy,0.946364498,11808.510099835003,11808.510099835003,balance_delta
2c1rKKgmVnQp4Jcyor9SPbF5DG4CTbzBwu4vRq3Gbk9UE5aFRtV5L1dedQddmGkVUQDrpS93xXBPvUUW8EPGtbDZ,1787815706,9W298hjW9MJ9mW3H8LHxzdqV5N7jKgnN66gQzPACg9ZT,buy,0.921586602,11515.840888966,11515.840888966,balance_delta
2ucVZ6bYnPshzcmK8wRriJLWrPHxNzcA8dYadsxdG8eKHf6JD7A844yUdc5RAHH16iwDZ7em5oGZcATdYji7HqHa,1787815706,9W298hjW9MJ9mW3H8LHxzdqV5N7jKgnN66gQzPACg9ZT,buy,0.687293934,8554.762250947,8554.762250947,balance_delta
iJDGyS9xNyXxvpZqeCJwDJ3d2nJosMV7cq9A8AvU1W6MvHL56Wj5oAy1THUGnMcMxYZqBjmackgxtTkhtudnfrA,1787815706,9W298hjW9MJ9mW3H8LHxzdqV5N7jKgnN66gQzPACg9ZT,buy,0.824010146,10261.069112772999,10261.069112772999,balance_delta
4WqWvDAYvsSmv9CkfzRbzF31NuGdRRBvbbWuQWbNKqA7La8grMMhhUjArab6Kz4A2e6cDehBRHeC2tRXX679f6ub,1787815706,AaJsuS3A6zQsV2jdwEVoe4vJ3mjKXRw41siqweSKNchk,buy,0.687603466,8568.969578821,8568.969578821,balance_delta
hM3dmc4UwKiTT5qWqFoee92ELnQYLu5nChtidMgoPVHycFMSq15e8xU9NuJxneoygQGjY4dNK1uBSintrqCv8B9,1787815706,AaJsuS3A6zQsV2jdwEVoe4vJ3mjKXRw41siqweSKNchk,buy,0.69710368,8672.302265866,8672.302265866,balance_delta
5uNQTDASmexXLxc4VBTs9VR1jeW5b3UNBSnfDxvSK2eubiKxLKB4TnwzMeWkQFquR264d6DNoafYHzdSuHtUzKzS,1787815706,AaJsuS3A6zQsV2jdwEVoe4vJ3mjKXRw41siqweSKNchk,buy,0.8355644249999999,10423.437209847001,10423.437209847001,balance_delta
2L9BXndRRA3A1wShQNq7UvZhiSukDE8crbbZ3MJRHy5po9Jb8ZRkUVEp1UceivoMMPjxX7Y3P4y6UBcaoYSizu9Q,1787815706,CQ4n79cjiQ3tRSMFTGzKPSYoCaazfuCGu2Y7Hzd1aUj2,buy,0.597164391,7458.177101841,7458.177101841,balance_delta
4jpms2HNwMzpzhA3JTJyk9JXeUj1M8vQMA65WB9BZwq4mcCWF38drhCEf7uTQkR2hgBLffQj194KTfBcD86k494n,1787815706,CQ4n79cjiQ3tRSMFTGzKPSYoCaazfuCGu2Y7Hzd1aUj2,buy,0.637689007,7945.025385313,7945.025385313,balance_delta
3orFQcSwYPPG2Lbhx2DimbQGvLQwYP7c5wp15rfP66zNgpCKUQsu6MferqAWidnv4eMGig4m2U9AYmfgHFViVw3K,1787815706,CQ4n79cjiQ3tRSMFTGzKPSYoCaazfuCGu2Y7Hzd1aUj2,buy,0.818848169,10223.97492169,10223.97492169,balance_delta
2UvEpdzMcfrhFsPg21bwupykk5ZY8P28mEo7ombecwmr8zK4oTHqeACoX4LdSCV8oe7wrhKRZAyCqkXTgTsBvnCF,1787815706,FiN6YjR6Q1ovRhUHJsGW2VuLKWgqgQ59Yr3ck6pU7jbm,buy,0.84206002,10504.942586354,10504.942586354,balance_delta
5FXvNNELjGvx1mueV7tcYGUfJfpDVJpXBM93y5ZCTPxTG9fo1rGvaLsqqQ2SMTj9D7jQVT7So8huh19QM3gqqTut,1787815706,FiN6YjR6Q1ovRhUHJsGW2VuLKWgqgQ59Yr3ck6pU7jbm,buy,0.901354635,11258.771060227,11258.771060227,balance_delta
5LDvW4T3uiUUJMZvzc4r43SqtjXZqwWyNPyVqFocyw5DRJHK62gcnwP9UFAcxaKFCvriqg9wWzmCeV2R4awUqu9u,1787815706,FiN6YjR6Q1ovRhUHJsGW2VuLKWgqgQ59Yr3ck6pU7jbm,buy,0.6449952,8018.485878416999,8018.485878416999,balance_delta
5oeA53uHnkXS5XSCZNHT8TXQkhBNDUMK47sLnoDEaaaxuon52uNFiuAvCNFQEyQYANPvEyn3qyQXzyGeQnwWFm2U,1787815706,G5nGszFTvbcoVEQqek9qStAT76ffLmjr4UzEtMoouizp,buy,0.606701334,7534.90313715,7534.90313715,balance_delta
6385w9GqWLsd7A3uU9szPCgDaAvrJdgTFTLXt9BdJ7QdFJyC1hoA4FiuTJvxcxk7XZGijdWogT4m9kPNCK6D7cdX,1787815706,G5nGszFTvbcoVEQqek9qStAT76ffLmjr4UzEtMoouizp,buy,0.7977125780000001,9939.810658597002,9939.810658597002,balance_delta
2WBWCWs5ymx9tejhYbpftPJ65rH4ddNAWQgKNt1wQKVUURF26pbmevaYtkbHfGcNCZ9XSC7qGpgbAsNye3DZdT2E,1787815706,G5nGszFTvbcoVEQqek9qStAT76ffLmjr4UzEtMoouizp,buy,0.612870444,7612.787903376,7612.787903376,balance_delta
4gPvUyWzT7SMPwL54actJHjVDFQWELqMkdWDDkgnrTGWwov1v9ibgqpxcFiMHSAoVTwTn5c16DjX6u6JgNmLafAJ,1787815706,Gwk2S8xumrwaWQCKf1rwoGg3RS2rUx2GUCfiiE7Mm3QA,buy,0.59484503,7434.096681331,7434.096681331,balance_delta
4v4wdxjcuxWoQ5J79rWeWfCQbQtjdVDRq2FDciRm2jVey96uWhDbuUdQavVK6u7CgSKVzdbnmEHkCyezmp5UF8bu,1787815706,Gwk2S8xumrwaWQCKf1rwoGg3RS2rUx2GUCfiiE7Mm3QA,buy,0.9528271460000001,11918.702199749998,11918.702199749998,balance_delta
4BZow9TUmJhZCaEJMNq4EJEXLtDubvzBbU8SEhfhdC1wxc8DLw8oQakQunL9cEgr8hq9BoimMg1bWCWxXvy3tHLY,1787815706,Gwk2S8xumrwaWQCKf1rwoGg3RS2rUx2GUCfiiE7Mm3QA,buy,0.892490252,11143.627616516002,11143.627616516002,balance_delta
1YjJQZtqawR23QfU4ZD5h2uvbxwcy3A5Knx9BEWVpv6sZGVJBH7ypSovaGRPpi85Ay89SgTRyxnYMaMjwdMcc2q,1787815707,3883isRkbz3Brq8DcJNrbnq1QZqwmzTxAC3qAzs99Zvz,buy,0.8458814760000001,10473.727504486997,10473.727504486997,balance_delta
3FU4ttQvnwrnoV6ukczfmnxJXwtJbYaWSpy7chMMAjhVMArJnY3sX7ufuUGyjqs7dBUM9zJSVz1vMdAkpDfh8XJT,1787815707,3883isRkbz3Brq8DcJNrbnq1QZqwmzTxAC3qAzs99Zvz,buy,0.612116142,7525.801549850999,7525.801549850999,balance_delta
2Eub9YAYV7nrVX4aDDuB9myQ6V24qkCijXV6VPszzAgExCokjcjAxr5u8oWCDzixDAwTcXvrmJsoVHeUC1hkKNPH,1787815707,68gwUiYYRgbUU1PsRfuRYzVVZkvJjvd7zDvv8yqkbe42,buy,0.523292864,6581.9373874039975,6581.9373874039975,balance_delta
2HiNjtWC54YDFnBCMgwsUvCrPgnxaCEEzpMxUVvmmw8DBdsCDfU1ZcBz2ZwDw3buxmU4GCDNKdGgPrxSZ7bAuw9i,1787815707,68gwUiYYRgbUU1PsRfuRYzVVZkvJjvd7zDvv8yqkbe42,buy,0.664837273,8280.151271316001,8280.151271316001,balance_delta
5YqWHp8Yww7uYekD6kwqaRHKwD9Cm9Rk4LfcfnnNvSP8Ex5n3Np8TTaBV2GigQS1LpEEZuQwNbSphkPEiSuriWFJ,1787815707,68gwUiYYRgbUU1PsRfuRYzVVZkvJjvd7zDvv8yqkbe42,buy,0.479504797,5994.455533766002,5994.455533766002,balance_delta
3fbxFGkXwWUorueUUuxGGFQvN72W88reKtSUbXqJG7wWRZfS8kj3i2asquoshuycwxDFZgktx6zsfuLFG6bKNjD4,1787815707,8KQriAKQrWJY2CPMLGmxwMz2sEhKjq6hEd3Rwx1B5Zu6,buy,0.9012470180000001,11160.362831324997,11160.362831324997,balance_delta
NBFxgdK9sXjuBLZZTaeVcgvChWgZ6EWUe4TMMrL6TQMkXein2dFrGKFjkrE4W5L87NYKpRybe6zs8UNdBcVZD1q,1787815707,8KQriAKQrWJY2CPMLGmxwMz2sEhKjq6hEd3Rwx1B5Zu6,buy,0.770654119,9509.177071570004,9509.177071570004,balance_delta
2qsWE2yi7W4FZ2MhzxoNDxrRZ9caBjgYW2QhevoXfikDkEXmAbXtC1FqPAbLYp1HjcnSovxjvfEqaGbi22ARrBzf,1787815707,9W298hjW9MJ9mW3H8LHxzdqV5N7jKgnN66gQzPACg9ZT,buy,0.625762154,7720.802969683002,7720.802969683002,balance_delta
2axRW5dmGvzNawD78nDzCSR1fyvth3StYuWuMBqRGVvsjBfTnq9JWBRbCUJqBD91aJr7Pr8rPfDYyMV5aSpC5T8,1787815707,9W298hjW9MJ9mW3H8LHxzdqV5N7jKgnN66gQzPACg9ZT,buy,0.75297191,9285.851305254,9285.851305254,balance_delta
4bWgUCqE4hYjLcAMV9Ly9UCL7dZY2jzATHCkBGdxhbJaFHnP8kiC7b8qB8yBvjrPcc6PFwsBnRNuC7yaBxpJn9fK,1787815707,AaJsuS3A6zQsV2jdwEVoe4vJ3mjKXRw41siqweSKNchk,buy,0.897957538,11136.177818478001,11136.177818478001,balance_delta
5y948HZpPqwAp7cSheRYhiig4GEBkezDkBxQii6gyJ7EGRrqYVzjkHxCTmqZrZtAsSBzWDu7oKNf2LtvU3oihCku,1787815707,AaJsuS3A6zQsV2jdwEVoe4vJ3mjKXRw41siqweSKNchk,buy,0.753462577,9286.356631347997,9286.356631347997,balance_delta
2eJF8AMruN7aeVcaQj1cqmHjESCVr6RQa53rmjiBFkawCmqcg1xxKxhQQ7DN1BzgCQ6JhgA5HabbTpUB9mcrHeFw,1787815707,CQ4n79cjiQ3tRSMFTGzKPSYoCaazfuCGu2Y7Hzd1aUj2,buy,0.788146719,9775.026086122998,9775.026086122998,balance_delta
3JVaBhnHmKbZ622vfayiPUEH3Q45KkVEo7mxkrbSDnETFJymHYgy57Q2CBjatqxqtpZ4vaeR9p81UuRWxyh2kLcn,1787815707,CQ4n79cjiQ3tRSMFTGzKPSYoCaazfuCGu2Y7Hzd1aUj2,buy,0.933700972,11546.990579358004,11546.990579358004,balance_delta
34Tv87JbJHs1L4uCWy5Rn94Azg9rUa2QqYS4LRdvaKHcx85XTjwgRmyz1PHQRTcfb56SJKgDDfSKhNh4rBMYVzPr,1787815707,FiN6YjR6Q1ovRhUHJsGW2VuLKWgqgQ59Yr3ck6pU7jbm,buy,0.734522388,9087.094298617998,9087.094298617998,balance_delta
273FjugvRbuqLkdbGbov971q6y53DiHbwsBwA3Xdr8BzhdgEDaFcZ5aQDtC7GCNbQ3QSz8ehTJ9dL9reim1iJpMk,1787815707,FiN6YjR6Q1ovRhUHJsGW2VuLKWgqgQ59Yr3ck6pU7jbm,buy,0.639661508,7880.654556052003,7880.654556052003,balance_delta
3Ct1WADFJPeHM47Xrq9iZbhf4L14jMgPcgnW6HEHB38EXM6tbQz89bh5u27HAeJaXpb7hzrHfbYMcXCm5s5nBdRg,1787815707,G5nGszFTvbcoVEQqek9qStAT76ffLmjr4UzEtMoouizp,buy,0.899607542,11152.297860309998,11152.297860309998,balance_delta
5TSswWo6fNZMKoz51cLQhREiKW2sDUVR8iJojejNr4o4CTCw6QXyKeYhdQM9hJubKFFzS6XyfQFZQBuSTBS5GiGY,1787815707,G5nGszFTvbcoVEQqek9qStAT76ffLmjr4UzEtMoouizp,buy,0.597895679,7353.41871826,7353.41871826,balance_delta
Y4nyewHrYPNDaxdcCUrWhST2AZdzSGptQbftsCGHxbq2kHbj4VyWX2gyz24WayAiWZEddA4fLD8oXcui6aYKgwm,1787815707,Gwk2S8xumrwaWQCKf1rwoGg3RS2rUx2GUCfiiE7Mm3QA,buy,0.948837632,11776.793147104,11776.793147104,balance_delta
FKsvPF31YxhXzTz4B7a4xmJaiGGHDarMXuvcNeAcG1PDxNv6rwxFZC7n6L7JMj9FgRuggTASzBPAuD1sLrDahcy,1787815707,Gwk2S8xumrwaWQCKf1rwoGg3RS2rUx2GUCfiiE7Mm3QA,buy,0.827338159,10225.801827214003,10225.801827214003,balance_delta
26bfAiC6VCBg4mtj348Z7fkPF9UEjYNQAexByfTXu1XGErsueXNvai6CmL87TuK9vpRJKrsw9toQLy3SNxK194XF,1787815759,3883isRkbz3Brq8DcJNrbnq1QZqwmzTxAC3qAzs99Zvz,sell,3.286105939,43778.765931603,43778.765931603,balance_delta
67Y5zoE5dRQ1f31k8ehSiDxxNDs9xufXhSgGR3SXt28S818wsaiJQ5D1UkmFYw2R4xFY2w1ehQ323YWZVXYuXAJZ,1787815759,8KQriAKQrWJY2CPMLGmxwMz2sEhKjq6hEd3Rwx1B5Zu6,sell,3.9308288449999997,52274.043132632,52274.043132632,balance_delta
4sZDYdqjMQxvEXD57DHs92fEpNByGNJaTrats9ad27HeDSJ1sN1ss1eaYBaQxeMjQTFcNkvGgKQVyhkQ6p3ABHd6,1787815759,9W298hjW9MJ9mW3H8LHxzdqV5N7jKgnN66gQzPACg9ZT,sell,3.547723752,47338.326527623,47338.326527623,balance_delta
5Z5SGRUXfHJnfK9r8P1t7LnaY4fDBemBzuDKGsCJiitRKhYuEeZ8YjXSyLM3dY3Ud8WcWqv1oJNM7uFZxC62TSqh,1787815759,AaJsuS3A6zQsV2jdwEVoe4vJ3mjKXRw41siqweSKNchk,sell,3.5918426059999997,48087.24350436,48087.24350436,balance_delta
3nAFSwjsGSThjEVLvFSUcH2ywjpCWU2co8ntgkVXdpXNFEmxrFcLbq54zgtm82neRXGAtWYGZAD1bYyaigNq8Mtw,1787815759,CQ4n79cjiQ3tRSMFTGzKPSYoCaazfuCGu2Y7Hzd1aUj2,sell,3.512683959,46949.194074325,46949.194074325,balance_delta
2QC4qw8gWL9jZxqDai7SYzqyeZZgp6tKHRysCv1j3rtNBHGf2KxwS8yHSzh8nWQP5HCsXuEfAV69tboxDnsitMvv,1787815759,FiN6YjR6Q1ovRhUHJsGW2VuLKWgqgQ59Yr3ck6pU7jbm,sell,3.521408332,46749.948379668,46749.948379668,balance_delta
4J79HRfXwBug88MgNFwetkogX5SMaWQ593x7Lqf5LPhU1Q1rBfeNeT4RDCTr8ognM1C6itJMTfcSzSCVz2YbR7Yd,1787815759,G5nGszFTvbcoVEQqek9qStAT76ffLmjr4UzEtMoouizp,sell,3.288767042,43593.218277693,43593.218277693,balance_delta
5GLMCF2fcGgLiv22JvqAhzve9wqqH12KcPghJ6MNVLqtHuHktSaBeYAm7t45LNHKtu4RDrgp7K9bjvUNXEUjX6T6,1787815759,Gwk2S8xumrwaWQCKf1rwoGg3RS2rUx2GUCfiiE7Mm3QA,sell,3.967795983,52499.021471915,52499.021471915,balance_delta
3widG8t5UhP2XKho185pyebZ2n7cBx1gakmooNJqXAhQKw7vykDvFTqMKF9fbDsLwW4TcUq1qZKJkJpb4hv35Wen,1787815762,68gwUiYYRgbUU1PsRfuRYzVVZkvJjvd7zDvv8yqkbe42,sell,2.6366735550000002,34758.948792611,34758.948792611,balance_delta
4vv8ukLNURH3QeK9YPqs7M2u3RAeYR18FBkXY9rTpCsWQ2tvr1eQvK6bGfGKffGXdrT8Qg57tdKe2gLTuS2rcjCv,1787824302,797CrVjYgQRU7V6CVhhz8hSNDTx5wF53apb6mf9wqPfZ,sell,86.352182465,1619792.887129503,1619792.887129503,balance_delta
3fJXMUaKjKXG6aabLy5sEftz7X25Y4Q8ZNEsgReTHPW8zWG41L4PnLf1e7cBwjudmZUEx49VhAMYYQwMdtcqzehz,1787824315,797CrVjYgQRU7V6CVhhz8hSNDTx5wF53apb6mf9wqPfZ,sell,42.945164703,809896.4435647511,809896.4435647511,balance_delta
3RCgUiMZYN1PazgFu3LgzBCHSTTV8DB9LR8nS8hvPRgxDDmwhRCSgMyFuo1KopDYx7MqRRERb1MmUtF2UZuMHjV4,1787824325,797CrVjYgQRU7V6CVhhz8hSNDTx5wF53apb6mf9wqPfZ,sell,42.30942299,809896.443564752,809896.443564752,balance_delta
4oZXxAkpcENpRUbCahTfiLvchfs6Dizy4SW1oTAHsYupUoKe9eJEfmmEDEZxMZmf42RYm9fgerjADr7sbhNAk3QW,1787837511,2z2q5gk8TDgqCidzkXkyevXH1aDaVjWL8cQwoRbMF1Jq,buy,0.10203928,2134.970860529,2134.970860529,balance_delta
52Dq2dc7VamWqDFyXY2ags2AjemgybVuGj8QJEYNPZ5SM2xYdAxmEFDr9wPjVQsiQe4XNEYmpWtc6hfmkBJAiKkp,1787837571,2z2q5gk8TDgqCidzkXkyevXH1aDaVjWL8cQwoRbMF1Jq,sell,0.098510127,2134.970860529,2134.970860529,balance_delta
62nNWjxKeaSX5bsS33xzpCM9GETwFda2vUUgoofBWQdZK13rF1QEMU2vZeFWJ1rbyDk3LgeEanhtzMD54iammgxS,1787839308,797CrVjYgQRU7V6CVhhz8hSNDTx5wF53apb6mf9wqPfZ,buy,10.011999999999999,191755.82751248,191755.82751248,balance_delta
3S7MUn8pZo5BQoKQiZc5S6rn1XQnTLkMwbDiU9nrHF82m6qHDpKP2MvafyXqhxj9pQcR4Vcrx3cEsPt6uwBB6Ss7,1787839310,797CrVjYgQRU7V6CVhhz8hSNDTx5wF53apb6mf9wqPfZ,buy,10.011999999999999,190696.58375740898,190696.58375740898,balance_delta
3SmBLkWrHgDHuvSBcfruRWCdgdqV4ynKs5bhJmFF284Vun4uWZNDPUBC1sForiFgMVPTrKuis1YUCnnChdF64Gwp,1787840920,797CrVjYgQRU7V6CVhhz8hSNDTx5wF53apb6mf9wqPfZ,buy,10.011999999999999,183196.961468452,183196.961468452,balance_delta
4w1onKcf1ysvkc7pgprA4r8NBqubykdqCkWnZTeG1HW1mWheg3nbGSLP2X7uMeu4AtLoYjffxrAuChZVntApD8VC,1787841135,797CrVjYgQRU7V6CVhhz8hSNDTx5wF53apb6mf9wqPfZ,buy,10.011999999999999,188289.702859313,188289.702859313,balance_delta
3fWP46jU8MRzWuQbizimJh8SLmD1PeDqs8TLGSuxbEEzow6x9m1WvHSYYcutuPuCdF5WLG5vSYrZdxYyr6hXSmQS,1787842851,4iDyxGxPRC66QBNwYqMn74VtVm5Moy1ns4w3bAqYGvRG,sell,1.134744087,22691.740960215,22691.740960215,balance_delta
2pdyFQJCTdqS7QbTttvb8rLzGVGovjuVN1H93XMAg7VyWJcvsLKinzG3DkYagF1VnNfgyzCxvCiWPwQSwdRkq5nG,1787846838,797CrVjYgQRU7V6CVhhz8hSNDTx5wF53apb6mf9wqPfZ,buy,10.011999999999999,210268.39508924796,210268.39508924796,balance_delta
4xY6YfH4z3F2dBaN9W9AYivB63LYXoFUDmhevMzUKh8Z2PzBbm5uqc9KRFqPHS6n5DzqjDf4BhoPjbV2ghxR5nHU,1787858378,797CrVjYgQRU7V6CVhhz8hSNDTx5wF53apb6mf9wqPfZ,buy,10.011999999999999,210215.71002164797,210215.71002164797,balance_delta
8aQReZ61RWovMeGsWKSCerzRokdpyg1pipGUr23MaMVDossxJ1o6t7XEGPaZjXcnrzLnzPzTPhFESPp8xdaMd5R,1787858398,797CrVjYgQRU7V6CVhhz8hSNDTx5wF53apb6mf9wqPfZ,buy,10.011999999999999,214660.4427363961,214660.4427363961,balance_delta
4igZwjSq1DsbDHLsvNDx4P8L7Sg1W4xMzLxJ26QG9GqLxX7N3KqZy51LTrmTb7mcQZhXuhENDWJvaZsBF2F2ZDw8,1787858407,797CrVjYgQRU7V6CVhhz8hSNDTx5wF53apb6mf9wqPfZ,buy,10.011999999999999,218207.64065111708,218207.64065111708,balance_delta
5bju8gHcte2acqftE8shRuk9j5Rm1gvGbCpbKEnwtH7rZSfpghb2jgMtF2TK5qk5rYfDnLYdFeqMtRf8gziTFdfr,1787858417,797CrVjYgQRU7V6CVhhz8hSNDTx5wF53apb6mf9wqPfZ,buy,10.011999999999999,215959.87015812192,215959.87015812192,balance_delta
TttxpSzU9pQ3Duf2MzyDCW4q53FPtLorGBHd4x7WZP5r2xT54MpaNMZvGUBSGviVaJt7pdgn8PB9JkihEvZzHxC,1787858426,797CrVjYgQRU7V6CVhhz8hSNDTx5wF53apb6mf9wqPfZ,buy,10.011999999999999,214656.69248516392,214656.69248516392,balance_delta
5eFxX4AUqmFizZ8YicBu5458ZEZy8Q43cihLNkwHe7kzV2zhUk9XiSnMwSDi1RrnAknJhFiXEUQSuuaBrQMsDw3z,1787858468,797CrVjYgQRU7V6CVhhz8hSNDTx5wF53apb6mf9wqPfZ,buy,10.011999999999999,215296.9941118951,215296.9941118951,balance_delta
3813ccLmPVgQoyFnE4bKqfum2Sm5ZpV5cCzRcNM7YVtf1XjhMXXzww4CYn5TWb2jCF5i8uusvRNqAsBYYj5CRoCf,1787858520,797CrVjYgQRU7V6CVhhz8hSNDTx5wF53apb6mf9wqPfZ,buy,10.011999999999999,217025.3967399709,217025.3967399709,balance_delta
2Cw55Heq98qNR1Zjmfdyj5gvmrBAYCTgkhaYH1c57aADdXcCGWCSyTgNQWhrRzrR5G8qj2rWsCdtS33Zr8A2rSNp,1787858631,797CrVjYgQRU7V6CVhhz8hSNDTx5wF53apb6mf9wqPfZ,buy,10.011999999999999,216634.2477966533,216634.2477966533,balance_delta
ZyrJKTLdM4XNeZs1umXCU9SWs9uBmugDkhgp8XuATtjRc3sFR7tGXMAXVBvmTA3XkPgbrN2Wf6SdESuTm6Przys,1787858659,797CrVjYgQRU7V6CVhhz8hSNDTx5wF53apb6mf9wqPfZ,buy,10.011999999999999,215217.44719575392,215217.44719575392,balance_delta
ATos4NduJhn5KzowRoGMVDUchcgifLsoudzZTS7moZuGThJBDKCSPYrLcDCRSsQbeh3kP4j8AKiZeFYxumJuEzR,1787858661,797CrVjYgQRU7V6CVhhz8hSNDTx5wF53apb6mf9wqPfZ,buy,10.011999999999999,214054.2263481859,214054.2263481859,balance_delta
4svRBu7u4KZP9zQjMz2ZvYwyyrVNRDm3XgMJsNvoQPK9aa28RgCJonpAGAr1EQwf5cyjZm6LAtYiXM4KQjrK8cB3,1787915824,797CrVjYgQRU7V6CVhhz8hSNDTx5wF53apb6mf9wqPfZ,buy,10.011999999999999,303763.5160285868,303763.5160285868,balance_delta
4JLVi9iCUTZoRrD6dEpLMhmknK5UByWAxWed4JSD9H8J3heH3ae1EzJ7cVsL5CDc66Gu36zXpWpnL8XQFSpzWFiH,1787915831,797CrVjYgQRU7V6CVhhz8hSNDTx5wF53apb6mf9wqPfZ,buy,10.011999999999999,301663.75888698734,301663.75888698734,balance_delta
59v4qB77jTsrkdrGNNqBi27CHJViLqpRZ27AywqBw6ZDAuyYnStLhybqQXzRM3K7i1BopKNG78AD43tWQgFGQ8sp,1787924235,2z2q5gk8TDgqCidzkXkyevXH1aDaVjWL8cQwoRbMF1Jq,buy,0.01003928,234.556582831,234.556582831,balance_delta
3ARpHSaGjtGAMobWAuxmNhQi2MHnmFXv5v3VtSQkLCRC6BbnbNk9TDB6vbNb9D7dVCUtXFHSg19GqQjmuwRcki4g,1787924246,2z2q5gk8TDgqCidzkXkyevXH1aDaVjWL8cQwoRbMF1Jq,sell,0.007820358,234.556582831,234.556582831,balance_delta
3sgQx97z4pPJJk7r2a8dKawemp9fZ9XVsLZ3BNJE4GSWyXcMFdHNPG1JD9agPDnJzcM9kMcmNae3zNZBW44XCyBr,1787946728,797CrVjYgQRU7V6CVhhz8hSNDTx5wF53apb6mf9wqPfZ,buy,5.0120000000000005,194846.25256321765,194846.25256321765,balance_delta
o5hkHGH9h5DPdrj9P2dJBDmmgqs8Wn9xmN4z5b2suTQY7FzAPRuatT8zuT88LQP8E2YsAN1ZC4FxVXKZE6Lf4Eb,1787947243,797CrVjYgQRU7V6CVhhz8hSNDTx5wF53apb6mf9wqPfZ,buy,2.012,78038.9501816202,78038.9501816202,balance_delta
3CEWcNjM7ZwA4AfCMZBZqRBoDKzEJhTr3fNxGRamdLqzCm18ejoU78rzLbaLGpprcy2iMW3tFu2YiJQdRfqMSieu,1787968120,2z2q5gk8TDgqCidzkXkyevXH1aDaVjWL8cQwoRbMF1Jq,buy,0.010039280000000001,312.322627882,312.322627882,balance_delta
2oZprGW4aaNiY7n8jyZTdvGzz88fVKpczccH975syqJVbojEok6oqifKtc2nEYvHQJ56avg3TBMR29qDFaSxBYHm,1787968130,2z2q5gk8TDgqCidzkXkyevXH1aDaVjWL8cQwoRbMF1Jq,sell,0.007950098,312.322627882,312.322627882,balance_delta
21zsWvZQ3hjBRTUcFuedvteustb2Z7PqeMchj8JyynJNwep2V5MxLMVQ74NeT5Y5nYDpGuDFNhAd2hq5QKe6YmVt,1787968901,2z2q5gk8TDgqCidzkXkyevXH1aDaVjWL8cQwoRbMF1Jq,buy,0.01003928,335.576181225,335.576181225,balance_delta
61axcBhwXaZPWbcLHoEXgCuRb7ELdemCDAwpfwt24ysigWCKLeWCcutjdhLcArhtGuy1VwTxdmAN9FPNpmveHESL,1787968911,2z2q5gk8TDgqCidzkXkyevXH1aDaVjWL8cQwoRbMF1Jq,sell,0.007950884,335.576181225,335.576181225,balance_delta
4j4b5hvhvm1SciC61Ze5wvrvfpCdjKkMMNLGzCiS93awr7wBmZHWdVXweKp5KsiFswKfb2RjMn8JjxJzGfvMRc5D,1787976787,2z2q5gk8TDgqCidzkXkyevXH1aDaVjWL8cQwoRbMF1Jq,buy,0.010039280000000001,339.483660457,339.483660457,balance_delta
2aMEkTP5niZrYhWq5MxpayuSgzBKJA3KVg1nNEqSzRXBQAWExKZdSTPEsuQwy3scscLHFGSw2RzK4mFSFdyaFAsq,1787976798,2z2q5gk8TDgqCidzkXkyevXH1aDaVjWL8cQwoRbMF1Jq,sell,0.007947824999999999,339.483660457,339.483660457,balance_delta
3oTpnrd9KwbLxSxYanC7WXqd9WJAZw1XeC3FraqunbDNYbUrCsMBjkVqtZESj9X2Wmr5NvgaFCCzdmM3GMNMqkGu,1787985498,5xywCUU8JhqTv7PSmHLFfSUs2duCR1hSxTjxyqR9TiUx,buy,5.0521392800000005,192296.490942077,192296.490942077,balance_delta
jc9PiXTBrTPELKdnN6Qt2yWSTQkMWJTZEB5yQq2Xh9KYwH2QuWFdCzKqnWV9JjWgXo9hjocxk59ju3qVRmCG7H7,1787985670,5xywCUU8JhqTv7PSmHLFfSUs2duCR1hSxTjxyqR9TiUx,buy,5.0501000000000005,192545.25725604297,192545.25725604297,balance_delta
24FNaabpQD7Hey89yqS38UL9epJ3Hbg3XaPeyJmwhzKNWyqtsgayZobEpV7Maf87ahwtbEpSFdURxX6pXC5LsxPN,1787985676,5xywCUU8JhqTv7PSmHLFfSUs2duCR1hSxTjxyqR9TiUx,buy,7.0701,270841.46655234805,270841.46655234805,balance_delta
2zGRn1qtsRRmRg293zPXaNzCTGdp813Q7r3FVzKhTF86RZ3mbQj2vV5o4JDXoUHza8gkjdwcxcuahaiLKcKMJVvv,1787989312,FDHKhuR28AQ9HbGnZmWR5JnVXdYDSCiWRFA5Pjtoapfj,sell,0.00203928,1.114555497,1.114555497,balance_delta
2byKqLABUH88sYr2meuaifNTJew9nfx6VAJchrPLJkrb9rtzHqQyzYEQxQqdvAvdYZMk9aAmKxZHwTwvY1ftvRNn,1787996984,2z2q5gk8TDgqCidzkXkyevXH1aDaVjWL8cQwoRbMF1Jq,buy,0.01003928,333.245559815,333.245559815,balance_delta
4dwBYzoxHviFdvASJGqf9rX5pjeZfCdQtKRFo1ACnprJedL59L9APNVKJxnkCeRAKpfrzhNqTqpHpBFwhgXYeTmw,1787996995,2z2q5gk8TDgqCidzkXkyevXH1aDaVjWL8cQwoRbMF1Jq,sell,0.007948151,333.245559815,333.245559815,balance_delta
5PUyo92SMfNVkt59ifq6Uknax5hpgNs3S3UQxrdC37tqAVyvnN3F26HSBEw7ksrCADU9Ptsi1jPrct9DZkgp2Z2F,1788013161,5xywCUU8JhqTv7PSmHLFfSUs2duCR1hSxTjxyqR9TiUx,sell,4.4758784490000005,216375.460867654,216375.460867654,balance_delta
3Ncvx6nGNUTBh7rWfJ7n2UicDcsJWLA7y1MQNxdEpNzvxzJa699NVf3tLAkQRS4FQ9FGDdDjcTgaRtmYYWE3fvMc,1788013172,5xywCUU8JhqTv7PSmHLFfSUs2duCR1hSxTjxyqR9TiUx,sell,9.057237811,439307.753882814,439307.753882814,balance_delta
4yM8Y1GjX97DDeZGsceChDwoffY1oBkC29JKM7j4DzXdb9yqzyWtcDQBezYP4LN7FcgdqwNosoJcJao5zDwShZ3B,1788024963,2z2q5gk8TDgqCidzkXkyevXH1aDaVjWL8cQwoRbMF1Jq,buy,0.01003928,329.310202922,329.310202922,balance_delta
3V2jqvaHQzn5n1cKRMNj54J8mA5sLw2sPqzo62x7CpL9HAcxh6UwBoGBEHrQneL2UkyXabDheAsbZXMnzV823Jwg,1788024973,2z2q5gk8TDgqCidzkXkyevXH1aDaVjWL8cQwoRbMF1Jq,sell,0.007986273,329.310202922,329.310202922,balance_delta
3TZvAzuhkyL6mxXBs6cgHjmNqUpPVD2xGeqFpLXFavLWoca9PNuvTrX4wCiLGrvqTy6CyDyXcUd7u9FT8wK1bH3,1788030857,DoYfpDfAzzYReVKkjhN9uG82298gBABKQL9uRHt52h8P,buy,3.0050292799999996,90108.76415337,90108.76415337,balance_delta
5tx6YGrrLn6ZYjkM2qovrQA2Kw9Y2GnSPuCcsAkqM1H8pPYCcy8dgwgHXb7Yq2CVg2921n6dymuAqd54pECSMMXQ,1788030883,2z2q5gk8TDgqCidzkXkyevXH1aDaVjWL8cQwoRbMF1Jq,buy,0.010039280000000001,237.272989068,237.272989068,balance_delta
3k4qj1dNP9QviN4sMMhXFRW1dv1TaAqUoYf6vKMhDEtEX6qS4fHWecFamhz612g8Gkg3nxw7nTy7CUodvATKVytT,1788030894,2z2q5gk8TDgqCidzkXkyevXH1aDaVjWL8cQwoRbMF1Jq,sell,0.007948750000000001,237.272989068,237.272989068,balance_delta
5HCAw6f5pmmn3J5wdRrXdHEbT1hnDNguHgt2eDkCEepyZPnivXiKKDZfHJ4KzA72HEkCjbQQct3DxV6Su6uYd6Xz,1788030949,DoYfpDfAzzYReVKkjhN9uG82298gBABKQL9uRHt52h8P,sell,2.934018789,90108.76415337,90108.76415337,balance_delta
5RjKLNtdsjFkofxja5eXbLn7TpAn7fBFRd2fjz9nDZC8gUi3Hxt5WXFDBgNuGx13RPbfVBCrhkZoJM1CFM5fqCzm,1788031373,2z2q5gk8TDgqCidzkXkyevXH1aDaVjWL8cQwoRbMF1Jq,buy,0.010039280000000001,214.092503216,214.092503216,balance_delta
4jfT1meaavFqyKEyNSWdksQf6L9QQJEnnZk6uwXFRRT29tjttCeLZpvfPaZVd7BHicogxUxZa4cS3MkGuq3eApVS,1788031384,2z2q5gk8TDgqCidzkXkyevXH1aDaVjWL8cQwoRbMF1Jq,sell,0.007951212000000001,214.092503216,214.092503216,balance_delta
3Y2Fp8YogD5FxXEgBWGxymYneDsX8eqhjjWZ89sVRus2KoyZaQ9wFRZBZXUo5HYDxm3YDx5gjYEdt1Qgutgwaoud,1788033518,3o7YPX68tAMJdYH6CeqNpvcNe9ZGcgFzBzVsoUQZgSbo,buy,0.09697794400000001,2826.643953687,2826.643953687,balance_delta
4hGQGAvUWCpLVpvnq1NHX9Q8853AUaLU9a38R1wq7XpVdJmWNFS44Pd7WakxK2qLrahLU1qLPNZDzmJTubYVzEWW,1788039372,2z2q5gk8TDgqCidzkXkyevXH1aDaVjWL8cQwoRbMF1Jq,buy,0.01003928,261.928782438,261.928782438,balance_delta
Szb51d5avRPhpKcxeaPUa32iLX6ZWsbA8Yi7DZaCJYsFfoHZKDyuRGNmtpfAPWEFQhSADq3rXFWRPE12JGCVsSc,1788039382,2z2q5gk8TDgqCidzkXkyevXH1aDaVjWL8cQwoRbMF1Jq,sell,0.007953113,261.928782438,261.928782438,balance_delta
4E6iSgvLdEqw4sfnCJ5B9Ra5GZExz2NNnKHYNLg21t6e6hVdYSbgUhq82fi6TFcPJnq23KCAbnFsrH8twFvkKge8,1788044845,2z2q5gk8TDgqCidzkXkyevXH1aDaVjWL8cQwoRbMF1Jq,buy,0.010039280000000001,280.382930883,280.382930883,balance_delta
4wkkidw67qkqKLHuTmwDhe649tstPzunt2kNVHd4qd9LWj1NDZYpCjyLiFWyM4mfh3DkwMoQa239ngsrsjAF1xrp,1788044855,2z2q5gk8TDgqCidzkXkyevXH1aDaVjWL8cQwoRbMF1Jq,sell,0.007948529,280.382930883,280.382930883,balance_delta
Tkmk8CLGMVPmjPrBugPb1WYbdRrB8EdnhpZYLqMfn1rMk56YZgA6Zqzy4D1AgwFhTYEXzB3JDx6RL7hsM58q4KR,1788045728,2z2q5gk8TDgqCidzkXkyevXH1aDaVjWL8cQwoRbMF1Jq,buy,0.01003928,297.337912481,297.337912481,balance_delta
XRQwoEgxJhjJ7Z9c5BdjfyeVaUTX27VX5qBJCXZNqDj2gbPJ69dozV4Lih9yDXWnb9kg7H5hfoYamGmUVAgAhVS,1788045739,2z2q5gk8TDgqCidzkXkyevXH1aDaVjWL8cQwoRbMF1Jq,sell,0.007971239,297.337912481,297.337912481,balance_delta
5E3YZrUTimespgvwWCK41zxXsJbeR6KPHdmh4hmsXGRmYX2bE9LKYJDvfBAHXPmTTQMfZj18X2azPutvLcEa6Mgf,1788060080,2z2q5gk8TDgqCidzkXkyevXH1aDaVjWL8cQwoRbMF1Jq,buy,0.01003928,305.28509006,305.28509006,balance_delta
3bMQWKxaX5e6MG4uVUd9DpzKYksrfnBCS2eYMZGmHTMrfeppq2j5XbWtqypXW46C288mUQaFsy58pxrUQnSsFdw8,1788060091,2z2q5gk8TDgqCidzkXkyevXH1aDaVjWL8cQwoRbMF1Jq,sell,0.007986788,305.28509006,305.28509006,balance_delta
pkKRaodS9CffEABd6J3rE3C9TQBBWZt6F6S9AXM8KAMtMryD49YNjtiqbneZBAePNP3cBGGwE3fPTvvYncb6dQz,1788060440,2z2q5gk8TDgqCidzkXkyevXH1aDaVjWL8cQwoRbMF1Jq,buy,0.01003928,313.421450912,313.421450912,balance_delta
4SbjEUT94XbBCVUA5uziQq4FgChxhcThNcb2HhsRVHwCyENME1HuTyzJk9YHW7sMeBwen9jTpnwqErBG7u7J3BR9,1788060451,2z2q5gk8TDgqCidzkXkyevXH1aDaVjWL8cQwoRbMF1Jq,sell,0.007892546,313.421450912,313.421450912,balance_delta
4t7noU6oLk9suFwrcyavdX3XCn2c5VdhrPLGZc4W2RAjP9h8kTdbSnqqJiwajeLxz28rTfWSbTvo7gK17GX6asqg,1788060586,2z2q5gk8TDgqCidzkXkyevXH1aDaVjWL8cQwoRbMF1Jq,buy,0.010039280000000001,331.951093908,331.951093908,balance_delta
5vVQFmzRgVu64aBi3DwP9PKoW7SQj7f8xQA7VAuACdSooRo66GwHNTJzvb5mrA1ysSP86GxqWQzAcKa3GbwWX8yM,1788060586,2z2q5gk8TDgqCidzkXkyevXH1aDaVjWL8cQwoRbMF1Jq,buy,0.008,330.360096984,330.360096984,balance_delta
5AdcSxUPEpuu1edTKE1qhBrAN1iWmWcCEHYZ97EJ6GDxhYKx43bZNwEtWikSJ8JAvX8X6DQS4TGhGqKU1Z7hGxjo,1788060596,2z2q5gk8TDgqCidzkXkyevXH1aDaVjWL8cQwoRbMF1Jq,sell,0.008146366,331.951093908,331.951093908,balance_delta
3feJwLDxwUM1jpKWDT89efgSugECDgSq2j7K7wG43vwjeDiqQttZT5iFSZTGitiqRcMnZGeZYirF2f7qdCCBovrE,1788060597,2z2q5gk8TDgqCidzkXkyevXH1aDaVjWL8cQwoRbMF1Jq,sell,0.00810727,330.360096984,330.360096984,balance_delta
oScHRq12CkSSUcpzXJdVc6mNuqeohuFtzsuhFBMv14Ky2SJHfritEJdsyQ5pxuSnFQSmWioQ2btohDEH5JXD5h5,1788099134,2z2q5gk8TDgqCidzkXkyevXH1aDaVjWL8cQwoRbMF1Jq,buy,0.01003928,354.12728725,354.12728725,balance_delta
sKNJkqwdSWjFXA8Q5rNo6yQzx5TahVPHfGn3Yz7AvUGCcsJoN1Zm1iTf7Ra4YRRyD6yX4YxgwfiKivmD4vokVjc,1788099145,2z2q5gk8TDgqCidzkXkyevXH1aDaVjWL8cQwoRbMF1Jq,sell,0.007947163,354.12728725,354.12728725,balance_delta
4yxVTRcRpm47JXAkea3zSvHVk5DmnQz6SMD3pHmGoK39tCmzPLJhffm8iRaBo1A77Ue1ERhVHnvox5SHFk2XgmeU,1788152313,2z2q5gk8TDgqCidzkXkyevXH1aDaVjWL8cQwoRbMF1Jq,buy,0.010039280000000001,408.379645844,408.379645844,balance_delta
2pjZEauYoo3UWhzWQVywpgQmWX9SwLyfEsmLNpcUNUKe3XWuMMkm4DF3CJnS7gQmTrojBUQnfcXchnbViypWgDem,1788152323,2z2q5gk8TDgqCidzkXkyevXH1aDaVjWL8cQwoRbMF1Jq,sell,0.007955312,408.379645844,408.379645844,balance_delta
5x46SNE7AAWTYk1NZH6APciFeRYSA6kjTJ6M9RPBVizjDtW6WkPd9GmkH4FioQB3fBPCLeYDsgHMCF7ByErEQG3q,1788189600,2z2q5gk8TDgqCidzkXkyevXH1aDaVjWL8cQwoRbMF1Jq,buy,0.01003928,511.170288087,511.170288087,balance_delta
4dzHDLiaSGnt2aYYADopr24Ki922E7qsLXzSH5zyh6TsPQMjvZgepULhH1FyMcEKs3t4tjkAC36S8iu5snyj7htD,1788189611,2z2q5gk8TDgqCidzkXkyevXH1aDaVjWL8cQwoRbMF1Jq,sell,0.007944138,511.170288087,511.170288087,balance_delta
5FzxEQhzVZn2CswmDNEvGckCESMkHfBvVAVf6cyhecYUFnSjEyxd2gvkhndn9X2cHtRCZTXqsqqan8z25BDDUzmT,1788196665,2z2q5gk8TDgqCidzkXkyevXH1aDaVjWL8cQwoRbMF1Jq,buy,0.01003928,297.545939718,297.545939718,balance_delta
34Kp3PCnkcrdvd4xNnWH24b4aMVg2tvH7zr8ZoUTCVXWZNdSNPThgEBr61jSdc3veVa749Gyr98xZeb6wf7EJ4yn,1788196675,2z2q5gk8TDgqCidzkXkyevXH1aDaVjWL8cQwoRbMF1Jq,sell,0.00809323,297.545939718,297.545939718,balance_delta
4XT6ZSep9CXgE1sfUWeVAppVpxhBf2jAQcrZaCJ8n6NUDpRbkCc8An3nneJkwu9LY1zP3wMEGZVFsPQPh8Cu2Wbz,1788199567,2z2q5gk8TDgqCidzkXkyevXH1aDaVjWL8cQwoRbMF1Jq,buy,0.010039280000000001,281.831513953,281.831513953,balance_delta
3BM5cBiM9GQBaS9gGQG9kbgQjUfdYpD9G4LFGkrbXiknoG9y5Vt7vRvXJZDPr9Pm3QEGnWFjZqErGeRxHKgtDCxV,1788199577,2z2q5gk8TDgqCidzkXkyevXH1aDaVjWL8cQwoRbMF1Jq,sell,0.007955733,281.831513953,281.831513953,balance_delta
