wallet,chain,token,quote_asset,first_buy_ts,first_buy_block,first_buy_mcap_usd,buys,sells,tokens_bought,tokens_sold,remaining_tokens,quote_in,quote_out,realized_pnl,sold_out
0xf197e981c934f87b6a63e03d5c279aab000a34e0,robinhood,NTF,ETH,2026-08-28T18:43:47Z,48521773,86362.108794,5,16,21720891.088170,18839141.917092,2881749.171078,0.989999999999999991,5.991781940826578889,5.289503098717103668,false
0xfa7c1f0b37c1938dc06b04f0194ced5a410e6c1d,robinhood,NTF,ETH,2026-08-28T17:44:40Z,48486624,29691.675312,3,37,13854497.283679,12866044.905913,988452.377766,0.429000000000000048,4.925289610235362048,4.548773058921800505,false
0x3e1dda0123045e6a10c13394c4d6c1989e044d0a,robinhood,NTF,ETH,2026-08-28T17:48:44Z,48489059,59049.781011,1,21,13362795.161730,13362795.161730,0.000000,0.330000000000000016,3.332330818776397585,3.00233081877639707,true
0xfe0bc3c25b619954139983809036c247d86d11a4,robinhood,NTF,ETH,2026-08-28T18:38:45Z,48518797,41142.188471,3,10,6956613.554590,5456612.230000,1500001.324590,0.130427550000000003,2.976751591374851014,2.877928134887029366,false
0x20ac05aafc1b5786d7db843ea98680708f190dce,robinhood,NTF,ETH,2026-08-28T18:43:37Z,48521671,57409.241967,4,3,26542012.346534,4971019.258182,21570993.088352,1.065644767418628902,2.866711456325646612,2.746965422665591738,false
0xfb401440d818d1b359bdeec2f9ff8e0f47014af9,robinhood,NTF,ETH,2026-08-28T17:47:43Z,48488448,50953.763064,2,22,12685502.675284,12685502.675284,0.000000,0.453749999999999987,2.884756781273644766,2.43100678127364489,true
0x00000000cf1cd5867be5d90b99a6ebd683bc031c,robinhood,NTF,ETH,2026-08-28T17:55:37Z,48493141,98936.920287,10,10,3864000.017607,3552384.693458,311615.324149,1.036198207418732142,3.15384422795776409,2.217698671621969098,false
0xae2cfdfe5d081bca9dee2f12c9a8956d098c16f7,robinhood,NTF,ETH,2026-08-28T18:45:16Z,48522673,91552.938689,3,27,4117916.677072,3684844.954875,433071.722197,0.199333792727908243,2.148550429495709846,2.006995373117311576,false
0x49bed5f5c47074911253c68ad87e082129e758ff,robinhood,NTF,ETH,2026-08-28T18:36:18Z,48517319,56166.539632,112,18,15753844.576340,14502728.515055,1251116.061285,2.354616000000001375,3.521247382720179342,1.868236878679598423,false
0xf0a2dabc4d90d52c46a124daa06f9089fa2a99c1,robinhood,NTF,ETH,2026-08-28T17:43:37Z,48486005,32131.403101,1,19,9209099.803957,9209099.803957,0.000000,0.123749999999999999,1.893555994192434255,1.769805994192433785,true
0x6fd3224829217a7724a1b2e38f00c4b85735f1ad,robinhood,NTF,ETH,2026-08-28T17:46:20Z,48487633,42557.025472,1,15,6953054.042667,5743812.204585,1209241.838082,0.123749999999999999,1.871850571846998212,1.76962257880169771,false
0xabe94b10c45d244e11fb25aa8db5d9ebbaeb1f6b,robinhood,NTF,ETH,2026-08-28T18:44:08Z,48522005,85160.553684,2,5,9689015.933965,9689015.933965,0.000000,0.34650000000000003,1.92868366732877905,1.582183667328779242,true
0xc363d8f699ea56dd0f0aaa5bcb4d26da5d05d9ee,robinhood,NTF,ETH,2026-08-28T17:43:37Z,48486005,34542.413321,1,14,8566318.029204,8566318.029204,0.000000,0.123749999999999999,1.692746715771090038,1.568996715771090233,true
0xc16f65b92bc7a4105b1cbcc1c12a2a2b73abc96e,robinhood,NTF,ETH,2026-08-28T18:44:26Z,48522181,91486.589221,1,6,6447389.201602,6447389.201602,0.000000,0.247499999999999998,1.607607462204233562,1.360107462204232842,true
0x4edc0c0331a19c670803c21652874b11a3da126e,robinhood,NTF,ETH,2026-08-28T18:09:23Z,48501322,51663.057191,6,2,48463741.169574,48463741.169574,0.000000,0.98999999999999988,2.330834513350581005,1.340834513350580792,true
0xdb337473e29137c9f3056d89e54d3ed23c89fd0b,robinhood,NTF,ETH,2026-08-28T18:15:27Z,48504921,64350.028089,13,27,43312035.797154,41129002.149229,2183033.647926,2.885880095999999728,3.485823427176852007,1.256435377088206629,false
0x0cd4d1a9c67a0c7677dcacb37791dadb38ea5666,robinhood,NTF,ETH,2026-08-28T17:46:27Z,48487703,45436.849065,2,6,30160548.306293,23642347.447068,6518200.859225,0.792000000000000037,1.684362129588657719,1.235102764241501783,false
0xe8e3602751a6cd32f868bd5253fe06c95d13bca6,robinhood,NTF,ETH,2026-08-28T17:47:43Z,48488448,53978.417348,2,15,11125267.267693,11125267.267693,0.000000,0.453749999999999987,1.649378572329110559,1.19562857232911024,true
0xc50e7428a80d09b8134d32465b0ad78472a1cf9c,robinhood,NTF,ETH,2026-08-28T18:44:33Z,48522247,93783.219029,4,11,12820765.883594,12820765.883594,0.000000,1.787429018571428552,2.924327152372030003,1.136898133800601673,true
0x4261008bc2249366fc1dc683b639ea5e662f52ee,robinhood,NTF,ETH,2026-08-28T17:46:20Z,48487633,45325.060438,1,14,6528425.889290,6528425.889290,0.000000,0.123749999999999999,1.252663757681104606,1.128913757681104801,true
0xb568c1f18d80cbafb3267976c0b95efe76b2b38f,robinhood,NTF,ETH,2026-08-28T17:57:04Z,48493999,95094.506541,2,26,11627688.229540,11627688.229540,0.000000,0.396000000000000019,1.380742341608504065,0.984742341608504046,true
0x48520f764d1d2410e1c04e57cbd4fe27b77cb46b,robinhood,NTF,ETH,2026-08-28T17:48:44Z,48489059,67922.242997,1,16,11617256.633223,11617256.633223,0.000000,0.330000000000000016,1.289045758125879626,0.959045758125879666,true
0x5ec53850342c581ba580441d4b763483c6a2b0ca,robinhood,NTF,ETH,2026-08-28T18:18:15Z,48506581,48576.093659,4,14,3649502.304140,2944008.039534,705494.264607,1.42727600329325055,0.984895048303186416,0.948490660763712135,false
0x9f4ea0c63eff8ae743c77b7a1f75b4afc4a9178c,robinhood,NTF,ETH,2026-08-28T18:33:37Z,48515726,69689.697189,6,1,10166189.389651,2541547.347413,7624642.042238,0.21501547351151104,0.958750497494921916,0.904121169919441914,false
0x7f2b123a6ed1cd7165008e9670e1314f5fd0afc3,robinhood,NTF,ETH,2026-08-28T17:48:32Z,48488937,44014.233118,4,4,3412357.021949,1639469.028775,1772887.993174,0.368219945062564058,0.899057762163504526,0.868879467582912901,false
0x2a716b891d0d550ccd3f417acff7a018eb8e82ec,robinhood,NTF,ETH,2026-08-28T18:14:46Z,48504513,61272.227919,2,2,2084440.413624,2084440.413624,0.000000,0.053064,0.853404552874097,0.800340552874097111,true
0x4209c625915000a1c52aeac6f7bf31c4e67ffb56,robinhood,NTF,ETH,2026-08-28T17:53:17Z,48491753,76987.868773,2,24,2294860.325454,1887946.601816,406913.723639,0.089100000000000013,0.856674110468822692,0.788847316159168366,false
0x820d27be3b67afaacc85b1a05da127a6aa71f1c6,robinhood,NTF,ETH,2026-08-28T18:44:22Z,48522140,88141.938821,11,2,2858815.820647,2159640.000000,699175.820647,0.593778087564657664,1.014075837662386625,0.765527042391290657,false
0xaf25d554e5cc9ad2adea0d84d7ad7ae180f082c0,robinhood,NTF,ETH,2026-08-28T18:43:46Z,48521766,80367.390340,1,4,7339415.214763,7339415.214763,0.000000,0.247499999999999998,1.008181165980070126,0.760681165980070073,true
0xb7cb61d8e49976ec105bda7dc36fee62732afc8d,robinhood,NTF,ETH,2026-08-28T18:43:38Z,48521678,63429.528725,2,25,4548624.477385,4530437.388383,18187.089001,0.14618259666591879,0.904618195806467296,0.759210127800570622,false
0xf6fcdfb7d76272640f859d541337b63ae6bc4ad0,robinhood,NTF,ETH,2026-08-28T17:58:46Z,48495013,56214.900629,1,13,4210791.083835,4210791.083835,0.000000,0.099000000000000005,0.856240543631981765,0.757240543631981677,true
0xccb5ae6b094c220e53fded8b50d3836af84771e6,robinhood,NTF,ETH,2026-08-28T17:44:21Z,48486437,30885.155524,2,16,18183837.325546,18183837.325546,0.000000,0.247499999999999998,0.980539220450467819,0.733039220450468099,true
0xf2d31e433b5d6feea32073ad7ca9ca827da7b66e,robinhood,NTF,ETH,2026-08-28T17:54:52Z,48492694,95011.964927,3,3,5767113.267431,5767113.267431,0.000000,0.352439999999999976,1.039162756439184765,0.686722756439184789,true
0xf1a42507d9fcb632047531ceac69a4e934af50e2,robinhood,NTF,ETH,2026-08-28T17:54:44Z,48492613,89576.735691,2,1,2239147.087238,1720624.213393,518522.873845,0.18682152254296347,0.746624729726611425,0.682166318081696255,false
0x44646b59fb82d0614905eb81c1692938398021b6,robinhood,NTF,ETH,2026-08-28T18:00:12Z,48495879,68584.970113,2,14,2483581.531472,2238465.316194,245116.215279,0.070349400000000006,0.720002600437184892,0.656570173839222559,false
0x8c73b3b171aaeb9570fdbe883a9d9e5c7c4be148,robinhood,NTF,ETH,2026-08-28T17:44:40Z,48486624,28788.471809,3,6,23407782.403861,23407782.403861,0.000000,0.429000000000000048,1.084444561690151243,0.655444561690151306,true
0xa5bc280c920a51380dfb9fa5cc1cfa493b65c36b,robinhood,NTF,ETH,2026-08-28T17:45:15Z,48486972,33772.080836,1,5,3504685.416725,3504685.416725,0.000000,0.049500000000000002,0.638123494984613959,0.58862349498461386,true
0x4bd4a49f9cb620b10ef2730ceb259f59c8da2838,robinhood,NTF,ETH,2026-08-28T18:39:06Z,48519001,44867.488964,8,8,7045764.056067,6757118.936574,288645.119493,1.463941655263682806,1.694288868631610656,0.506548325595479243,false
0x63d0d4fab0461e476417768968088fc1bf438552,robinhood,NTF,ETH,2026-08-28T17:59:02Z,48495165,50065.113226,1,1,2080331.838339,2080331.838339,0.000000,0.043560000000000001,0.527918768630214141,0.484358768630214209,true
0x8b404aaa481c8070b58e6a2a99d8a9ca02c8d759,robinhood,NTF,ETH,2026-08-28T18:18:04Z,48506471,46854.358536,7,12,3291123.055664,2595831.150574,695291.905091,0.505036666206547524,0.692623623782199105,0.407811020357090603,false
0x967aab3566fbb8e88cd2f69d3dfd2bd35a258010,robinhood,NTF,ETH,2026-08-28T17:49:56Z,48489766,72418.478217,4,2,792021.375869,366636.820786,425384.555083,0.089284486337199945,0.388617744398635279,0.378456407385884375,false
0x7f3706f95f02705ab83e0073dbc8260e2c179755,robinhood,NTF,ETH,2026-08-28T18:06:51Z,48499812,43631.124506,1,3,2673998.281694,2172623.603876,501374.677818,0.048797693969517747,0.404175195963320077,0.364527069613086896,false
0xf734992186a322140607ad2f48f60f2919b6948d,robinhood,NTF,ETH,2026-08-28T17:43:46Z,48486093,40923.289859,3,1,28947300.402014,14473650.201007,14473650.201007,0.494999999999999996,0.570348208889951525,0.352951423749119586,false
0x0b87dda83ee1cd81b0ad8fc8c844fcdbaccd2599,robinhood,NTF,ETH,2026-08-28T18:44:33Z,48522247,97092.789570,1,11,2371848.311453,2371848.311453,0.000000,0.096629063142857144,0.441654958099578443,0.345025894956721313,true
0x7bdb7f3c8865a098638e5e53ecffc7d817907bae,robinhood,NTF,ETH,2026-08-28T17:45:58Z,48487390,31791.882327,1,7,2565053.548305,2565053.548305,0.000000,0.034104447289513007,0.36627594259037094,0.332171495300857933,true
0x92e2d8d751672e22344bda8b43a8e8e3631d09de,robinhood,NTF,ETH,2026-08-28T17:47:22Z,48488244,47986.537878,2,5,2465944.366145,2465944.366145,0.000000,0.051479999999999998,0.358100271733579112,0.306620271733579142,true
0x8df5715f8828b1e5596327f80684307340419de4,robinhood,NTF,ETH,2026-08-28T17:47:22Z,48488244,48854.367158,2,5,2425789.245946,2425789.245946,0.000000,0.051479999999999998,0.349585267406891886,0.298105267406891916,true
0x5d2f3b43e2b40c10cf4a20e7b623744f84bb0332,robinhood,NTF,ETH,2026-08-28T17:48:57Z,48489179,61681.607485,7,7,2737881.929347,2056565.486215,681316.443132,0.284805823591668061,0.364081451040778992,0.293455693664069095,false
0xc699d4d5af2d684e63f4eb01231b1f163baecc01,robinhood,NTF,ETH,2026-08-28T17:47:22Z,48488244,48419.480384,2,5,2410660.899305,2410660.899305,0.000000,0.051479999999999998,0.342007532189572749,0.290527532189572724,true
0xd9b767205d6beeb1d304c3e3d16557ab6198d5e0,robinhood,NTF,ETH,2026-08-28T18:41:26Z,48520374,53746.162295,2,13,1566761.475254,1482663.785540,84097.689714,0.046193298939628924,0.318204984674079761,0.284768237739607077,false
0x2bebe7c68342da9e1deabc8298b4165d4c0846e3,robinhood,NTF,ETH,2026-08-28T17:45:58Z,48487390,32940.738792,1,7,2133279.304409,2133279.304409,0.000000,0.029388633491830549,0.310981983688448649,0.28159335019661802,true
0xa056368acf1689fe53b449d6489e4f805e618aa4,robinhood,NTF,ETH,2026-08-28T18:45:48Z,48522989,93900.831558,7,6,1519748.836056,849982.407555,669766.428501,0.0693,0.311150525203658157,0.276233155868011671,false
0x29d3a25c7b91f28ea50236f75c4d7c38ecfaa84b,robinhood,NTF,ETH,2026-08-28T18:09:37Z,48501462,52584.608861,6,5,2451125.040435,1621487.210360,829637.830075,0.239685827523572481,0.358825565722063033,0.27283158518485795,false
0x368f7f7c776d262c2d56196f2012b0d2f89e2c8e,robinhood,NTF,ETH,2026-08-28T17:44:21Z,48486436,28607.679951,3,10,20061807.655393,20061807.655393,0.000000,0.257400000000000018,0.526964492002673479,0.269564492002673406,true
0x2e22d3210ce446dfd9192a6ae3f913fd2189b8de,robinhood,NTF,ETH,2026-08-28T17:45:58Z,48487390,30752.206723,1,7,2002874.919752,2002874.919752,0.000000,0.025758967495506702,0.291121089877351524,0.265362122381844756,true
0xcb5ace158a4d33a018a50dd237fd32be1140bb44,robinhood,NTF,ETH,2026-08-28T17:45:58Z,48487390,32386.558278,1,7,2073834.745548,2073834.745548,0.000000,0.028089064916692066,0.292625603441927673,0.264536538525235621,true
0xd2d259f75a65d14adaa0ad7a900afb307630589d,robinhood,NTF,ETH,2026-08-28T18:46:28Z,48523388,99732.363261,2,4,1843571.786643,605822.160000,1237749.626643,0.099000000000000005,0.287694539736864818,0.262342369384891028,false
0x6229451194c378af83d128c86c60a80c074182a7,robinhood,NTF,ETH,2026-08-28T17:45:58Z,48487390,33492.208896,1,7,1950177.477293,1950177.477293,0.000000,0.02731594723328043,0.285932792001732827,0.258616844768452425,true
0x348d744aa27fbef5ed3d1e568171069a18eb654e,robinhood,NTF,ETH,2026-08-28T17:45:58Z,48487390,31230.724945,1,7,1928283.376125,1928283.376125,0.000000,0.025185539596168403,0.276258576218196272,0.25107303662202779,true
0xfdfe0b961b7b178204b522b7d0316208f1934387,robinhood,NTF,ETH,2026-08-28T18:07:24Z,48500139,44493.662258,4,13,3815300.103249,3815300.103249,0.000000,0.198000000000000009,0.441629419705984128,0.243629419705984146,true
0xf1bb90690c36eacbc5e6d0c8d8e5e65e98c6f9a8,robinhood,NTF,ETH,2026-08-28T17:45:58Z,48487390,34014.436385,1,7,1824625.433665,1824625.433665,0.000000,0.025955855084472658,0.26681760987939751,0.240861754794924887,true
0xa1a5b1351a46c2a7e32b552dd7d5066ddfbf55a3,robinhood,NTF,ETH,2026-08-28T17:45:58Z,48487390,30306.450700,1,7,1741356.545900,1741356.545900,0.000000,0.022070954613914482,0.249522719276825816,0.227451764662911338,true
0xf7dedf0e518fdb81fa80b7861045e8be10c0f308,robinhood,NTF,ETH,2026-08-28T17:43:55Z,48486179,32695.775652,2,15,9612509.279750,9612509.279750,0.000000,0.123749999999999999,0.351102922945412843,0.227352922945412761,true
0x00000092dc5c9b00bf7d7f72b9472c6e0a78bb5a,robinhood,NTF,ETH,2026-08-28T18:44:02Z,48521942,82365.991703,1,4,1432265.028904,1432265.028904,0.000000,0.049500000000000002,0.274464737763199684,0.224964737763199696,true
0x5b6af0b1d56214fab331c95ab191fedd2831566a,robinhood,NTF,ETH,2026-08-28T18:11:00Z,48502254,58454.656103,1,3,688372.063970,688372.063970,0.000000,0.016830000000000001,0.231879495171977645,0.215049495171977634,true
0x5508bab36ac93351b9582134acd6d40cc48cd1cc,robinhood,NTF,ETH,2026-08-28T17:46:04Z,48487456,34048.095630,1,4,2317516.188223,2317516.188223,0.000000,0.033000000000000002,0.244728699127863075,0.211728699127863074,true
0x0612f62d803570a6b1349a8e44502b42beb66df4,robinhood,NTF,ETH,2026-08-28T17:43:55Z,48486179,34634.049446,2,15,9168142.754010,9168142.754010,0.000000,0.123749999999999999,0.331432341903717398,0.207682341903717427,true
0xd52ee7f9376456a9cb77c66fe91f5711c12ee473,robinhood,NTF,ETH,2026-08-28T17:45:58Z,48487390,34685.850690,1,2,2896848.156843,2896848.156843,0.000000,0.042021971044528907,0.24859754356155736,0.206575572517028461,true
0x458fd669d3cdc45cd925b0d7ac0b401679516c4a,robinhood,NTF,ETH,2026-08-28T17:51:54Z,48490916,76565.421438,1,1,2110184.847885,1266110.908731,844073.939154,0.067569625982060691,0.246607047763951648,0.206065272174715208,false
0xed2f2fa0a63534be392bd92092264539737cf392,robinhood,NTF,ETH,2026-08-28T17:46:04Z,48487456,34700.960795,1,4,2273914.352557,2273914.352557,0.000000,0.033000000000000002,0.237838121067087932,0.204838121067087903,true
0x196dc747af20bcc42b3b550b5ba0a9612ccfc0f9,robinhood,NTF,ETH,2026-08-28T18:14:24Z,48504301,58913.677824,15,19,3928394.532730,3730028.581368,198365.951362,0.227699999999999958,0.375291536999385944,0.204087399397327535,false
0xa48bf704f416dc7252a3e7b2bc1fa62a6d5dc896,robinhood,NTF,ETH,2026-08-28T17:46:04Z,48487456,35360.025798,1,4,2231531.539357,2231531.539357,0.000000,0.033000000000000002,0.229910686894702759,0.196910686894702758,true
0x1d6b82c26fd937690d695530db555e95e6439360,robinhood,NTF,ETH,2026-08-28T17:44:45Z,48486675,33234.991064,1,3,10683967.295644,10683967.295644,0.000000,0.148499999999999993,0.340566057205961448,0.192066057205961482,true
0x541a02f8685db041ba872bc5c0bb336377b8be35,robinhood,NTF,ETH,2026-08-28T18:11:45Z,48502702,63175.571335,3,2,3555195.822795,830160.294990,2725035.527805,0.099432229338900002,0.206430162616476787,0.184494391535016872,false
0x4da2430e696ca01e0e68091b4cfa595b1fd045f1,robinhood,NTF,ETH,2026-08-28T17:52:27Z,48491240,79243.172645,10,3,3893300.419005,3893300.419005,0.000000,0.148499999999999993,0.329216963857614398,0.180716963857614432,true
0x0b19aa36a398b54e9038722b0ea2ca4c3c6eaecd,robinhood,NTF,ETH,2026-08-28T17:45:58Z,48487390,35476.885898,1,2,2501099.483503,2501099.483503,0.000000,0.037108619234092803,0.215522511998855471,0.178413892764762688,true
0x84e8b24a4ac3f540337fa61897aca6651373491b,robinhood,NTF,ETH,2026-08-28T17:51:43Z,48490807,80656.731923,1,2,1202905.286153,1202905.286153,0.000000,0.040576108381180642,0.217908472045048929,0.177332363663868287,true
0x032358a96bf6258a89c7656f396afc4daf109093,robinhood,NTF,ETH,2026-08-28T17:54:16Z,48492340,96540.690536,4,10,1389020.779118,1177328.884322,211691.894797,0.222750000000000004,0.31100152757883931,0.170951348336917497,false
0x2808aac01c40c0992eada1298e273ff33f15716c,robinhood,NTF,ETH,2026-08-28T18:31:45Z,48514617,75112.839965,8,1,9586710.271366,815358.662932,8771351.608434,2.6735737009737921,0.275709637029550259,0.169438283106778997,false
0x31bc31c6487ba6263bbe2d7ae69da4fec39cfde4,robinhood,NTF,ETH,2026-08-28T18:24:31Z,48510306,69286.158492,14,3,1192886.798924,965319.396096,227567.402829,0.094050000000000036,0.193168680995503494,0.168639161579643065,false
0x505f234cc7fbfd4ee574bc80a26f5f9350d98bbb,robinhood,NTF,ETH,2026-08-28T18:28:01Z,48512390,70436.239279,1,1,4608423.011043,4608423.011043,0.000000,0.136174327130565931,0.303566463085013505,0.167392135954447546,true
0x73feabf7cdff060e903e4a6159688b6a505c2543,robinhood,NTF,ETH,2026-08-28T18:04:02Z,48498139,64398.924855,1,2,551322.945597,551322.945597,0.000000,0.01485,0.181901894024335653,0.167051894024335623,true
0xcd375917739e75b50ec86f5f4282e0839f045a70,robinhood,NTF,ETH,2026-08-28T18:45:22Z,48522740,92803.602385,5,4,1305596.220675,493725.590040,811870.630636,0.069660782106439958,0.184421674015685322,0.165195877065062391,false
0xf0a02ba2a8ca3f21e8f459ecadc861412c8de71b,robinhood,NTF,ETH,2026-08-28T17:46:17Z,48487581,40452.774023,1,3,7314734.406809,7314734.406809,0.000000,0.123749999999999999,0.25528531858432002,0.131535318584320021,true
0xaf6e16f3e7814d6ab2794e276d458effdb61a51f,robinhood,NTF,ETH,2026-08-28T17:51:07Z,48490451,76279.447126,10,2,904361.805018,749857.661782,154504.143235,0.128818190779382724,0.199815940445978363,0.128977242807550657,false
0x66318a2238d03901f9b9058eee179ff698b52a1e,robinhood,NTF,ETH,2026-08-28T17:46:05Z,48487460,36699.961120,1,4,8062714.209116,8062714.209116,0.000000,0.123749999999999999,0.247120079602362985,0.123370079602362986,true
0x74a8d9f745c8111e90b04cf0dacce43ff04e0fc3,robinhood,NTF,ETH,2026-08-28T17:59:06Z,48495235,56947.885439,2,2,1525329.258502,1525329.258502,0.000000,0.040529169079072808,0.157099411200300632,0.116570242121227824,true
0x04ec271e5dd048bf05f92ebfd1b379d2b46095a2,robinhood,NTF,ETH,2026-08-28T17:59:26Z,48495424,57475.653141,1,1,645849.750463,645849.750463,0.000000,0.015525137811117992,0.130434003154676376,0.114908865343558375,true
0x0dbacc639c0bdbc4d297b88589b54bee588a8d5a,robinhood,NTF,ETH,2026-08-28T18:02:15Z,48497085,70746.079125,10,7,3708179.017166,3636261.902887,71917.114279,0.244466243899744307,0.257584436906105552,0.112118193006361264,false
0x894be565272d511736d57c5d8b039006f0265aae,robinhood,NTF,ETH,2026-08-28T17:49:01Z,48489226,65137.766685,11,41,3481957.211402,3370885.502592,111071.708810,0.488754854256321369,0.574290408492467153,0.111132700297204776,false
0xcd290b24191cf3175c759d416c3008ddb56a10fb,robinhood,NTF,ETH,2026-08-28T17:48:25Z,48488862,43489.105171,6,5,1915915.941743,1826018.510708,89897.431036,0.068707395620122097,0.170835732789579531,0.11027295330353204,false
0x87aad3ebc10f750abc200bbcc7150d9c5c587847,robinhood,NTF,ETH,2026-08-28T18:45:43Z,48522945,93438.950392,5,3,864875.436489,224730.516111,640144.920378,0.050805885701828618,0.119559600019513934,0.110186495181211111,false
0x14f950db2973b918c514ee5647ec999a9b97e125,robinhood,NTF,ETH,2026-08-28T18:23:23Z,48509629,67198.286736,1,1,4049917.618770,404991.761877,3644925.856893,0.113850000000000007,0.118831328425977129,0.107446328425977108,false
0x894b50ba36184f79d24e33327667cdfbfaf90601,robinhood,NTF,ETH,2026-08-28T18:14:18Z,48504234,57800.542366,4,2,1591866.245916,1479634.787132,112231.458783,0.043588254107121541,0.147822734575510872,0.107408783291434343,false
0x5af97034a87b39d3ca8ad2b66a818210a55d4523,robinhood,NTF,ETH,2026-08-28T17:46:05Z,48487460,41934.484688,1,2,7056276.002962,7056276.002962,0.000000,0.123749999999999999,0.228452071406659185,0.104702071406659172,true
0xb6f04f70a28b2dd55fdc97ecc9d774763755b9c9,robinhood,NTF,ETH,2026-08-28T17:58:52Z,48495071,60616.396648,27,7,1625099.128980,1446770.353814,178328.775167,0.158903915960266123,0.205593829651237653,0.10376369892858113,false
0x84d95566ff07b62e009d2924b22c9c8d77f33ca5,robinhood,NTF,ETH,2026-08-28T18:44:38Z,48522301,98165.637562,1,2,624906.686867,624906.686867,0.000000,0.025739999999999999,0.119274645173649121,0.093534645173649122,true
0xb5267d6344df0fa527e4c8300b5eb12fb957e879,robinhood,NTF,ETH,2026-08-28T18:43:48Z,48521779,96030.981082,2,2,4799189.737953,4799189.737953,0.000000,0.198000000000000009,0.289804385393718889,0.091804385393718879,true
0xc0b3535e207830706656016b62806d8fe9e6ae6e,robinhood,NTF,ETH,2026-08-28T17:43:27Z,48485904,59695.961984,1,1,16333226.275672,13066581.020537,3266645.255134,0.407770000000000021,0.416544421157884204,0.090328421157884184,false
0x871c73f498cd17c678517c02cc9cf31f3abec9fa,robinhood,NTF,ETH,2026-08-28T17:43:28Z,48485908,65895.730127,9,3,5011785.255797,5011785.255797,0.000000,0.198000000000000037,0.28361929864784019,0.085619298647840195,true
0x5fc363f81af6172a54b82aa03e4a61b146386282,robinhood,NTF,ETH,2026-08-28T18:34:10Z,48516058,71927.638608,1,1,370231.508351,249943.291288,120288.217063,0.01117217431356801,0.087489759355397281,0.079947424476307524,false
0xdee8100533a49df32c61ab67c1af492de6260c27,robinhood,NTF,ETH,2026-08-28T18:36:51Z,48517642,57797.041225,14,33,936620.298599,852857.199379,83763.099220,0.122759999999999994,0.164987016398785935,0.077880828591176773,false
0x5bf7f0243b67d8e73777a05005b3898d21a71f98,robinhood,NTF,ETH,2026-08-28T17:43:28Z,48485908,65355.044798,1,2,362207.751723,362207.751723,0.000000,0.009900000000000001,0.084525573981611174,0.074625573981611154,true
0xb4d3ca14d21954728d30bfef864b32794e70a60d,robinhood,NTF,ETH,2026-08-28T18:44:20Z,48522120,86664.291154,2,8,632179.167110,629229.587602,2949.579508,0.030487853105972941,0.103644545219470502,0.073576822289445856,false
0x08cd32c67d7ba5136bb344f9c8836f06260d9156,robinhood,NTF,ETH,2026-08-28T17:46:17Z,48487581,43152.617181,1,2,6857088.105611,6857088.105611,0.000000,0.123749999999999999,0.196874939619673478,0.073124939619673479,true
0xc02bbfaeb195fb58012ecba0fcc71f75ca1a94ef,robinhood,NTF,ETH,2026-08-28T17:45:34Z,48487160,28433.202457,1,1,4204805.286358,4204805.286358,0.000000,0.050000000000000003,0.122809381883058719,0.07280938188305873,true
0x2d1b113a8c6e16608a61f8556614cf3e09b911b4,robinhood,NTF,ETH,2026-08-28T18:43:42Z,48521720,65598.671662,3,3,8009772.321267,8009772.321267,0.000000,0.297000000000000042,0.368906935929418922,0.071906935929418922,true
0xaeca1855cbd05d18457180393d208eeea9217ea7,robinhood,NTF,ETH,2026-08-28T18:30:55Z,48514112,75579.175107,1,2,384155.853859,321711.319814,62444.534045,0.012180864923034678,0.081219026975674291,0.071018161645878902,false
0xec72d8f8d17787eade89b0091209f89fbe8f4619,robinhood,NTF,ETH,2026-08-28T17:44:23Z,48486460,30770.424297,2,1,3106777.184715,3106777.184715,0.000000,0.039600000000000003,0.105881599293164583,0.066281599293164573,true
0xa861a6a2ad804ad1a74df8410502910e6c04480a,robinhood,NTF,ETH,2026-08-28T18:00:27Z,48496018,74375.219128,1,2,321458.749769,321458.749769,0.000000,0.009999891285491726,0.073774207874051409,0.063774316588559671,true
0x08299d244c21bee544808c911fd3dea59051ecc0,robinhood,NTF,ETH,2026-08-28T18:09:14Z,48501230,46879.962945,2,5,416304.345178,333408.387039,82895.958138,0.010238879999999999,0.069471648354596349,0.061918386120437846,false
0xcd9e7196cd339f5d82e84db4715113bf611b765d,robinhood,NTF,ETH,2026-08-28T17:47:27Z,48488296,54639.785410,5,1,173459.190640,173459.190640,0.000000,0.00495,0.063679043562308218,0.058729043562308215,true
0x312dfef080472b9a8853a968d8486fa62130eb9d,robinhood,NTF,ETH,2026-08-28T17:46:05Z,48487460,44682.524277,1,1,6622304.867167,6622304.867167,0.000000,0.123749999999999999,0.181481368314843461,0.057731368314843441,true
0xbb95bfb954ef39b7118923e30ff6b7fae33718e8,robinhood,NTF,ETH,2026-08-28T18:28:54Z,48512921,69179.332120,3,2,3972389.341464,3972389.341464,0.000000,0.245520000000000016,0.30300216322473672,0.05748216322473669,true
0x102d037809a0a345b0a83fa15eae506dc825b734,robinhood,NTF,ETH,2026-08-28T17:51:52Z,48490892,78155.615587,2,2,1356603.060458,1356603.060458,0.000000,0.060934403880095231,0.115174965677610625,0.054240561797515394,true
0x1edee3bae892ebee05ebf3d94f2f146816c1a1b9,robinhood,NTF,ETH,2026-08-28T18:37:17Z,48517907,43178.968798,2,1,394008.555718,365380.260766,28628.294953,0.014651216280466235,0.059382251082882968,0.052763350288188578,false
0xaa7979d0f9144a7378a4cf14dfa171dba4e2b9c8,robinhood,NTF,ETH,2026-08-28T17:44:10Z,48486326,28330.398783,6,5,1923388.614836,1923388.614836,0.000000,0.053946000000000001,0.10589047582886478,0.051944475828864786,true
0x1b3e8118fa81d47d00ecca997ee161b094a37d9e,robinhood,NTF,ETH,2026-08-28T17:48:47Z,48489089,69604.215525,1,1,1393348.565333,1393348.565333,0.000000,0.040559599245442765,0.089377320991444076,0.048817721746001297,true
0x127fda497c4ff28a61b1193ba0f12c6931249a83,robinhood,NTF,ETH,2026-08-28T17:59:47Z,48495639,52635.118788,2,6,485221.612969,485221.612969,0.000000,0.0100584,0.05877794012748129,0.048719540127481295,true
0x035285158496df65edf75a9a8f2f008addb97707,robinhood,NTF,ETH,2026-08-28T18:09:56Z,48501650,54058.445209,2,1,148366.433659,148366.433659,0.000000,0.010721667631795755,0.057317530263114647,0.046595862631318888,true
0xa95b2c900214e689122772d0568696b96ba15b5a,robinhood,NTF,ETH,2026-08-28T18:44:38Z,48522303,98810.675977,1,2,309368.664186,309368.664186,0.000000,0.012826674432,0.058476491954605456,0.045649817522605454,true
0x4494bb85471aad4a1839981a2ae723716d3c6483,robinhood,NTF,ETH,2026-08-28T17:44:11Z,48486338,24920.636925,1,1,4274548.343267,4274548.343267,0.000000,0.044549999999999999,0.089788350736077119,0.045238350736077119,true
0x0f8a3c9563d754021b7a8f5ca4522a5571668c7c,robinhood,NTF,ETH,2026-08-28T17:44:10Z,48486324,29321.813444,6,5,1614735.635727,1614735.635727,0.000000,0.045954000000000002,0.091172948100251797,0.045218948100251802,true
0x20f7482e1443b116036a5752c2e4c419eebd783f,robinhood,NTF,ETH,2026-08-28T18:03:22Z,48497745,62862.815451,2,1,149115.141580,81942.821561,67172.320019,0.003937231177136378,0.047224356439995514,0.045069856377541941,false
0x2429d3248b0123b7483e498151be1eedcc389981,robinhood,NTF,ETH,2026-08-28T18:43:45Z,48521755,74425.925228,2,2,8828934.970335,8828934.970335,0.000000,0.299000000000000044,0.342436844300869625,0.043436844300869595,true
0x0c93859953bbcd0e3c1761798a5b9a1e45dba138,robinhood,NTF,ETH,2026-08-28T18:44:38Z,48522303,99224.863577,1,2,285429.084451,285429.084451,0.000000,0.011883725568000001,0.054013516130155884,0.042129790562155878,true
0xc935f7662c1bee3af4cec3456b23ab049f00ff78,robinhood,NTF,ETH,2026-08-28T18:45:27Z,48522787,94854.223629,1,4,158784.002784,121072.345619,37711.657165,0.00631971216754939,0.046205966475819316,0.041387204117235385,false
0x1dad9c3f3e5ac6c75b39f6799ff7a63971f8b2f5,robinhood,NTF,ETH,2026-08-28T18:44:36Z,48522283,97321.542028,2,2,1102774.655041,551387.327520,551387.327520,0.049500000000000002,0.063373129746894102,0.040856694181307426,false
0x1cd6a376f78eb19055168d07ed5308f8e994c0b2,robinhood,NTF,ETH,2026-08-28T18:16:07Z,48505314,66206.680666,2,1,188184.836005,107253.843834,80930.992171,0.013860000000000001,0.043015363949123919,0.040045363949123919,false
0x68b449a3f15b6d567b889ce4608f39d5eb85a5b4,robinhood,NTF,ETH,2026-08-28T17:46:29Z,48487717,53254.984023,1,1,2244974.478807,2244974.478807,0.000000,0.050000000000000003,0.087998683457977969,0.037998683457977959,true
0xcbefcf805d63cc026b559eb7620863c30829ad79,robinhood,NTF,ETH,2026-08-28T17:54:24Z,48492417,93854.596903,3,4,525879.712250,501234.348677,24645.363573,0.024168752237346922,0.056720723563580509,0.037046630974877065,false
0x147459c02db7bfd5a6cd5575dedb9cf15e282003,robinhood,NTF,ETH,2026-08-28T18:12:18Z,48503046,62136.095788,1,1,105058.775107,105058.775107,0.000000,0.002730348374114682,0.039424524655941241,0.036694176281826557,true
0x857e5a8c59ee0ff565ff6bd90ec394124846aac6,robinhood,NTF,ETH,2026-08-28T17:55:36Z,48493128,98180.527436,6,6,7863394.593853,7863394.593853,0.000000,0.252264670820601888,0.285880789399087953,0.033616118578486093,true
0x7bc460b94c8af7d543d7bf486c6c86f4c5a23b67,robinhood,NTF,ETH,2026-08-28T18:19:39Z,48507435,51389.386072,2,2,2212879.408623,2212879.408623,0.000000,0.079200000000000007,0.112353187624726902,0.03315318762472691,true
0x38df8fdf49e965115fe4d95f1f459247bc5a2ee7,robinhood,NTF,ETH,2026-08-28T17:43:56Z,48486189,35224.229050,1,1,6788286.541618,6788286.541618,0.000000,0.100000000000000006,0.132877444796121652,0.032877444796121653,true
0xd7fb3fcd3d6f5c5c1e74c291a90689c8971e202b,robinhood,NTF,ETH,2026-08-28T18:03:02Z,48497545,63578.526232,8,4,1879580.484868,1879580.484868,0.000000,0.168299999999999977,0.19990909690655434,0.0316090969065543,true
0x9c3b383e4310a2df56632bcdeec57e364fee0306,robinhood,NTF,ETH,2026-08-28T18:35:32Z,48516862,49123.874691,3,2,1111962.035082,1092951.897145,19010.137937,0.081448904123350568,0.092671464462666886,0.031539738723357226,false
0xaf7250bc9adfb0145176dbe35af2ae0978d2705e,robinhood,NTF,ETH,2026-08-28T17:53:38Z,48491967,83681.230744,1,1,2828842.696222,2828842.696222,0.000000,0.099000000000000005,0.130341015960302065,0.031341015960302053,true
0x4213a76b450632c4449301a67926f1aa0eb9e255,robinhood,NTF,ETH,2026-08-28T18:00:34Z,48496086,71672.894762,3,3,149354.131012,129594.773579,19759.357434,0.02578925537763771,0.049445644243619864,0.031161198746275535,false
0x3733eaeb7fb197759da664f3b2ae62964e6524ae,robinhood,NTF,ETH,2026-08-28T18:21:24Z,48508452,57607.354010,1,7,335928.817697,284741.062137,51187.755560,0.008094474808055316,0.03746520001968405,0.030604135315300533,false
0xf8fd75fcd013c41ff3cf0117beabfdb108599f8a,robinhood,NTF,ETH,2026-08-28T18:18:26Z,48506714,52672.909709,1,1,4493496.401669,4493496.401669,0.000000,0.099000000000000005,0.128516515849981611,0.029516515849981596,true
0xd8f6d5988b7ab3c5b8e7203d5e2d91d5cc96e8e9,robinhood,NTF,ETH,2026-08-28T18:23:50Z,48509901,69147.899758,2,2,153806.126125,121333.843464,32472.282661,0.008185167646215517,0.032968798860709719,0.029458940476872433,false
0x6468c2d7e58d0e4f6a6114fad66131ca7b655df3,robinhood,NTF,ETH,2026-08-28T18:00:02Z,48495783,70922.044874,3,2,80020.611768,80020.611768,0.000000,0.0020422314,0.031375386979349107,0.029333155579349103,true
0xce47c149ed5ac5aad2ec1c832f2dfccc0171672b,robinhood,NTF,ETH,2026-08-28T17:51:27Z,48490644,76247.128244,9,13,4613149.039757,4613149.039757,0.000000,0.223879000103012982,0.250807969372209894,0.026928969269196884,true
0x0021d1c07c5a2a5e9e38a854ccdefa2b983ec179,robinhood,NTF,ETH,2026-08-28T17:45:44Z,48487258,29775.638667,1,1,6424370.275940,6424370.275940,0.000000,0.080000000000000002,0.106020373940264964,0.026020373940264956,true
0xa7b6410b8ffe6de4546094eec148d086275cea69,robinhood,NTF,ETH,2026-08-28T18:43:42Z,48521722,67645.531555,3,11,4564550.276244,4564550.276244,0.000000,0.148500000000000021,0.174495665283432855,0.025995665283432851,true
0xd77033a7f57ebbadfce5adf9ab086bd4c4b6c509,robinhood,NTF,ETH,2026-08-28T18:44:03Z,48521961,93308.142023,2,2,4275887.388732,4275887.388732,0.000000,0.165000000000000008,0.190714713674059344,0.025714713674059364,true
0xdcbecd7f5186a199687f82dde1b11455090e62fa,robinhood,NTF,ETH,2026-08-28T17:44:01Z,48486240,35774.308381,1,2,1995146.321212,1995146.321212,0.000000,0.029850000000000002,0.054813783893186738,0.024963783893186743,true
0xc0d396726a3e73500fcac2a2651c45052665c201,robinhood,NTF,ETH,2026-08-28T17:48:18Z,48488800,46374.869238,4,1,1170732.601371,325132.818747,845599.782624,0.028142381070136238,0.031181471447328281,0.02487564745480696,false
0xd3d441998f79567fdc4cfe1386ed621c9e24b739,robinhood,NTF,ETH,2026-08-28T17:59:09Z,48495264,54259.481541,1,2,85548.923522,82710.803125,2838.120397,0.001941378615062647,0.026689853554287692,0.02481288096583675,false
0xcc1e48545817e674fe6d955f0281d229b8926f6e,robinhood,NTF,ETH,2026-08-28T17:49:29Z,48489505,70551.990354,2,1,418350.140088,418350.140088,0.000000,0.016933067116085509,0.040438844844202612,0.023505777728117107,true
0xa1e57e2d2719c34a4ab2ce805e682023bc647813,robinhood,NTF,ETH,2026-08-28T18:23:41Z,48509805,70037.416435,2,1,1356742.622238,678371.310000,678371.312238,0.039600000000000003,0.043351493477606411,0.023476196562677583,false
0x63733571de27804675ace037ea7b38250c6260cf,robinhood,NTF,ETH,2026-08-28T18:43:37Z,48521675,61980.824261,9,7,2995599.679834,2995599.679834,0.000000,0.186120000000000008,0.208495260410507449,0.022375260410507445,true
0x585f70e0a70975ef6898adc80bb3afc301e4cd4b,robinhood,NTF,ETH,2026-08-28T17:54:49Z,48492665,92725.444602,13,13,9582738.622950,9582738.622950,0.000000,0.438344030934130546,0.460529232825168333,0.02218520189103778,true
0xf9889037238322f997a0e325c9a109c1f656e601,robinhood,NTF,ETH,2026-08-28T17:55:05Z,48492826,94291.346794,2,1,558410.840242,558410.840242,0.000000,0.016116300247575703,0.036848556855772124,0.020732256608196418,true
0x476d14864a173f590b3bfc2e450941a88f717899,robinhood,NTF,ETH,2026-08-28T18:10:28Z,48501961,58541.066318,2,2,6406272.417687,6406272.417687,0.000000,0.140908733326718105,0.161626437342252405,0.02071770401553431,true
0x87a401ca7dacaa9d24dadaa55e9644c7960dd95f,robinhood,NTF,ETH,2026-08-28T17:50:43Z,48490214,74471.186330,2,2,315185.894696,315185.894696,0.000000,0.01815255471978194,0.037330111269193014,0.019177556549411074,true
0xd79ee802170c278255b3a0b7aa3264fd899bcc97,robinhood,NTF,ETH,2026-08-28T17:54:16Z,48492339,96065.239095,1,2,99356.121363,83957.121855,15398.999508,0.003991712322057199,0.022348588668195387,0.018975543573085514,false
0x06bbb8f01a57437f3f797367df9c1c96d69c0e6d,robinhood,NTF,ETH,2026-08-28T18:29:45Z,48513424,68824.074686,3,1,2065926.751231,2065926.751231,0.000000,0.060634,0.079187581911471239,0.018553581911471238,true
0x5805758fc4b9b3ab31f89f87e3b536d3672a4aef,robinhood,NTF,ETH,2026-08-28T17:49:32Z,48489534,70705.349710,3,4,1161109.564655,1161109.564655,0.000000,0.040473077660602874,0.058829402080653528,0.018356324420050661,true
0xe89f0feb5f15ce670d70405b61a6c9698e28e714,robinhood,NTF,ETH,2026-08-28T17:50:21Z,48489998,72263.603783,1,1,3275798.963900,3275798.963900,0.000000,0.099000000000000005,0.117282235346764643,0.018282235346764656,true
0x108167a293030cb33f7fa7c49373dd6e3ff6a0ec,robinhood,NTF,ETH,2026-08-28T17:59:48Z,48495646,52722.659610,1,4,89789.615338,89789.615338,0.000000,0.00198,0.01971091795879102,0.017730917958791025,true
0x4e7b97ea708a4ed1e81a94cbd82bd9e6bcfe89bd,robinhood,NTF,ETH,2026-08-28T18:44:32Z,48522241,92076.640668,22,20,169307.203261,163139.569920,6167.633341,0.030116867999531567,0.041082216869720398,0.017263402370842194,false
0x9f93463a71c316f6138bb9711cf8cf77f12daf84,robinhood,NTF,ETH,2026-08-28T18:45:41Z,48522919,94297.053634,2,2,282441.100212,257459.299686,24981.800526,0.018230734067125363,0.026744480311124124,0.016557614487925722,false
0x3c8badb4b96cbd16b8478cc40268dcbec4b90244,robinhood,NTF,ETH,2026-08-28T17:47:27Z,48488294,54010.174879,1,1,2191448.545857,2191448.545857,0.000000,0.049500000000000002,0.065768883823968588,0.016268883823968582,true
0x7a8649bf5b7e8ecbf126c6b1f683eaa77f3d118c,robinhood,NTF,ETH,2026-08-28T17:55:28Z,48493051,95795.336979,8,8,7803916.338983,7803916.338983,0.000000,0.259352119461591368,0.275439668261562076,0.016087548799970756,true
0x76835d397ae898fe0defcbe4e8661bd2b6ca19fd,robinhood,NTF,ETH,2026-08-28T17:44:13Z,48486358,25965.815084,1,1,4558320.962335,4558320.962335,0.000000,0.049500000000000002,0.065355652991707064,0.015855652991707055,true
0x45c3c044ba555541a7f12a4a43d966825a48cbc7,robinhood,NTF,ETH,2026-08-28T17:45:25Z,48487062,34035.571418,3,2,113168.499735,84120.540929,29047.958806,0.005304082040236082,0.016759935562881689,0.015562551591045313,false
0xc4182a61baeba50725ceb6ad0d8bfdad16689889,robinhood,NTF,ETH,2026-08-28T17:46:05Z,48487460,39273.630302,1,1,7534350.548260,7534350.548260,0.000000,0.123749999999999999,0.13870530920916857,0.014955309209168571,true
0x07e6bcbc8d5343c10fa810568f4b7a8169584988,robinhood,NTF,ETH,2026-08-28T18:43:54Z,48521867,94241.841820,1,3,125177.869201,100347.587066,24830.282135,0.00495,0.018512563757736241,0.01454444575773624,false
0x34b0ead0616eb414c93e16de232afc06a2d2d95d,robinhood,NTF,ETH,2026-08-28T18:36:35Z,48517487,52836.411806,1,2,112217.670451,60000.000000,52217.670451,0.0024875,0.015874274512165717,0.014544270071687898,false
0x249e0eda6706161d6be293f1b4d0b50d4d0c8561,robinhood,NTF,ETH,2026-08-28T18:44:32Z,48522238,91434.807396,7,6,2117422.770824,2117422.770824,0.000000,0.346499999999999975,0.360476872884300081,0.013976872884300036,true
0x96153ff8ce3418d2fda56510e4cc2ba448075380,robinhood,NTF,ETH,2026-08-28T18:09:17Z,48501260,47429.685912,1,1,2146428.391499,2146428.391499,0.000000,0.0425802710751381,0.056198861047152576,0.013618589972014471,true
0xcb4d28c2106fe9f781615005ff87056d114135c9,robinhood,NTF,ETH,2026-08-28T17:46:27Z,48487703,52030.843855,1,3,2297792.446598,2297792.446598,0.000000,0.050000000000000003,0.063352990550466892,0.013352990550466888,true
0xf08bab8790259b68e55022cab7984992fee89664,robinhood,NTF,ETH,2026-08-28T18:14:46Z,48504511,60584.853235,3,2,56481.955446,50102.445319,6379.510128,0.004793730364769687,0.015692077724229193,0.012860731604020776,false
0xae53e9fa98398ccbc5c3d2645c8e1e454c40350b,robinhood,NTF,ETH,2026-08-28T18:02:43Z,48497355,64179.958498,1,1,148234.252365,63592.361411,84641.890954,0.003979145028327644,0.014239454316304658,0.012532404665423874,false
0x356d05ea18a70bbba02d78ebb82fff18dcc413ca,robinhood,NTF,ETH,2026-08-28T17:52:45Z,48491436,86466.440258,10,10,7835347.164815,7835347.164815,0.000000,0.315850795966983511,0.32827965996970393,0.012428864002720402,true
0xbec1ee0023477a321f0e8d48a914ca5e8a303f5d,robinhood,NTF,ETH,2026-08-28T18:11:21Z,48502469,61699.410179,5,3,363025.384011,348275.692604,14749.691407,0.016749507014877957,0.025520606629931303,0.01191041614846456,false
0x5d0c5d3589b5be528e9f7d4775c46f87bf3e3703,robinhood,NTF,ETH,2026-08-28T18:38:08Z,48518433,37601.273993,1,1,2569417.675509,2569417.675509,0.000000,0.040534757130582764,0.052278145179434458,0.011743388048851706,true
0x825199be55ae1925a78a0944ee18cd641ec953fb,robinhood,NTF,ETH,2026-08-28T17:48:29Z,48488902,43550.989541,3,2,248017.462851,103182.332480,144835.130371,0.012500000000000001,0.013338820735636131,0.011112785612873018,false
0x120661d3e430c6bd391fb636a29e47b742f75640,robinhood,NTF,ETH,2026-08-28T17:54:34Z,48492513,92786.338106,2,3,151450.444990,102606.013933,48844.431058,0.004473407448199503,0.014446066906043907,0.011105973939464624,false
0xaf0f601e0063e2d19c1e34c567776fe08887fdfa,robinhood,NTF,ETH,2026-08-28T18:44:07Z,48521994,96627.420455,1,1,244174.850020,244174.850020,0.000000,0.009900000000000001,0.020965136251748791,0.01106513625174879,true
0x1035c00ac72c4860b4321dc7681f3920144e5d9e,robinhood,NTF,ETH,2026-08-28T17:44:40Z,48486626,30169.150973,2,5,181842.659839,87807.244369,94035.415470,0.006117098225742006,0.012131475144090572,0.011023597564003028,false
0x6d8c4a70b326acb4ca9f5a7e360a9dc405f4a6c6,robinhood,NTF,ETH,2026-08-28T18:19:03Z,48507072,55071.521686,1,7,173470.333837,155573.823854,17896.509983,0.003995910729919552,0.014070501891522511,0.010486839496456044,false
0xc5f8b49b5d55e29f5e0020a0ee862a3f3ec8276b,robinhood,NTF,ETH,2026-08-28T18:16:18Z,48505421,68608.336834,1,1,39935.966117,38941.560561,994.405556,0.00114599535071181,0.011539672054719605,0.01042221198824052,false
0x2837ab4c0d3721b8410048cff4b57125eb619f79,robinhood,NTF,ETH,2026-08-28T17:55:43Z,48493200,98701.447180,11,11,12577840.885216,12577840.885216,0.000000,0.420024871292947077,0.430400728430273605,0.010375857137326526,true
0xb51c8fcff40b9852ddb3009a03af221c4cdbf846,robinhood,NTF,ETH,2026-08-28T18:11:15Z,48502403,59922.387617,3,2,63633.867465,53698.361123,9935.506342,0.002587749555433455,0.011871662788579249,0.009847208565634563,false
0x2bd2c8569a7df0e1c2d1bf5596d49df6ba72511f,robinhood,NTF,ETH,2026-08-28T18:02:04Z,48496978,69178.116203,2,5,146352.096635,130916.523943,15435.572692,0.003,0.011812086366270987,0.009057068975909657,false
0xd6104d0e0ae2a9fe13c5b6dcf0432b36852d1d8b,robinhood,NTF,ETH,2026-08-28T17:51:26Z,48490634,75190.856869,11,11,10081009.303977,10081009.303977,0.000000,0.388359193429767768,0.397093500115763831,0.008734306685996082,true
0xfffd96518a87aa038d3da2bf6707369cf42ce239,robinhood,NTF,ETH,2026-08-28T17:53:16Z,48491742,75725.788209,15,15,13467957.071884,13467957.071884,0.000000,0.498431822565605753,0.507088043962842794,0.008656221397236975,true
0xdcd90a3f779c44eaf7c65f6386585aaca428b806,robinhood,NTF,ETH,2026-08-28T17:59:36Z,48495530,56329.029610,1,3,64835.290966,64835.290966,0.000000,0.001527515067417753,0.009715127850096058,0.008187612782678306,true
0x8ed36543e4b6b9c92c74207344e2f0e2730329ec,robinhood,NTF,ETH,2026-08-28T18:16:10Z,48505343,66568.202110,7,6,1326863.152506,1259373.744056,67489.408451,0.1145925,0.083026284307692849,0.008033784307692849,false
0x453a2acb48b7dd40463c4df0504bb3e7b95725b8,robinhood,NTF,ETH,2026-08-28T18:40:32Z,48519853,47176.156960,2,2,274802.769572,274802.769572,0.000000,0.010840905424878663,0.018782916612653907,0.007942011187775251,true
0x1290c4cb1e021bf524c0fdfb603653c005dd802e,robinhood,NTF,ETH,2026-08-28T17:46:38Z,48487806,52322.520548,1,3,93143.624775,61387.530425,31756.094350,0.002038168707621277,0.00916956197777739,0.007826280096144252,false
0xe708231b205396dcfe4f185af6723ea3426bbe83,robinhood,NTF,ETH,2026-08-28T17:43:30Z,48485926,44335.901061,1,1,427962.272752,427962.272752,0.000000,0.007935227126351552,0.015661777318712371,0.007726550192360818,true
0xa2e2602920f339543c99e23bd94c7847131df534,robinhood,NTF,ETH,2026-08-28T17:48:50Z,48489112,67580.123451,1,1,1435412.210362,1435412.210362,0.000000,0.040568967458213048,0.048148981432199436,0.00758001397398639,true
0xb5415b4f0339e0857be60ecdf0c0049808e25d90,robinhood,NTF,ETH,2026-08-28T17:54:48Z,48492660,92062.246404,2,2,44537.157877,43266.043198,1271.114678,0.0014740522289499,0.008844765772828575,0.007407617889794699,false
0xac86bb31125a0cdbb77ed88b3393e074ea60cf26,robinhood,NTF,ETH,2026-08-28T18:20:56Z,48508179,55618.828083,2,1,2047657.815814,2047657.815814,0.000000,0.049500000000000002,0.05671483748522433,0.00721483748522433,true
0x537b74feb975d333909089fb382147b129671b40,robinhood,NTF,ETH,2026-08-28T18:11:27Z,48502524,63245.371716,3,3,1285534.979367,1285534.979367,0.000000,0.032515857000000002,0.039725814740423443,0.007209957740423441,true
0xe8782f6967c4d14efd3db09937d539abdabc05d2,robinhood,NTF,ETH,2026-08-28T18:05:05Z,48498756,62918.934624,2,2,198339.792585,198339.469312,0.323273,0.012260586468959493,0.019409961841491023,0.007149439960103705,false
0x6691dfc84196251b9301415a0bca3c01cc4dae91,robinhood,NTF,ETH,2026-08-28T18:14:56Z,48504618,60475.623159,4,1,520571.772663,379091.195094,141480.577569,0.108737074709694431,0.072600855092359168,0.006953142186726693,false
0xb5cf9bf6dfd2a33df076f8f85df78e80dc539890,robinhood,NTF,ETH,2026-08-28T17:43:38Z,48486012,34688.365176,1,1,1819792.023060,1819792.023060,0.000000,0.0264,0.033142147325318339,0.006742147325318339,true
0x6489840491fc12cebf99034c7068306760205967,robinhood,NTF,ETH,2026-08-28T18:01:31Z,48496645,70852.690916,1,6,189449.328946,189449.328946,0.000000,0.005614242781195066,0.01235313182772259,0.006738889046527524,true
0x631b6cddaf28025166f926322c093f9360d5993d,robinhood,NTF,ETH,2026-08-28T18:20:56Z,48508179,54997.774641,2,1,2070350.858060,2070350.858060,0.000000,0.049500000000000002,0.056024257188976988,0.006524257188976987,true
0x1753dea31c53637954c7c26316dfb573ca780dd3,robinhood,NTF,ETH,2026-08-28T18:00:40Z,48496141,69381.664042,1,2,67198.008604,10154.188688,57043.819916,0.001950037143614506,0.006784383170077022,0.006489716028644494,false
0xfff347cbf1dc94d046096f70141a2c720d56cd56,robinhood,NTF,ETH,2026-08-28T18:06:22Z,48499534,43378.985994,1,1,2070095.543084,2070095.543084,0.000000,0.037558786777302303,0.043988778858627994,0.006429992081325694,true
0x9eaf02cdaaa958eedd9f229e9731a9b2c26e57a6,robinhood,NTF,ETH,2026-08-28T17:49:33Z,48489539,70876.374590,3,1,112663.636999,21936.520140,90727.116860,0.018110965704099129,0.006905588536499799,0.00625535769142848,false
0x5128a250024d6dda09abc2d119b2aa6883ba51bb,robinhood,NTF,ETH,2026-08-28T18:45:26Z,48522775,94669.166140,2,1,203440.189997,202578.615156,861.574841,0.010801861126388337,0.01666570903033758,0.005927971657240082,false
0xf332fd74d19e49d17660e3fddf610d78ad649b7f,robinhood,NTF,ETH,2026-08-28T17:54:58Z,48492756,94920.691454,2,2,168701.531589,121955.315006,46746.216583,0.005869682926791364,0.010434669792873021,0.0058829010349994,false
0xf301e4c9de232ee4ce2539abbbe765558512e6fb,robinhood,NTF,ETH,2026-08-28T17:50:31Z,48490096,73744.258222,9,9,7484520.254219,7484520.254219,0.000000,0.311520038039228508,0.317265121084124191,0.00574508304489568,true
0x8f4f7c5ce9d50b5d5a2f9801c8650197fb2f4369,robinhood,NTF,ETH,2026-08-28T17:50:35Z,48490141,73876.596479,11,11,9892543.140274,9892543.140274,0.000000,0.37552044194856643,0.381265063010700733,0.005744621062134391,true
0x5b825ed19cb54f480b090dfbb62cb9091e9731d4,robinhood,NTF,ETH,2026-08-28T18:20:50Z,48508114,55949.720200,9,9,10931257.206350,10931257.206350,0.000000,0.341614196124348624,0.347330139042482167,0.005715942918133505,true
0xfad05bac7e1c197c5d3f5ba8d20286f7ca6894e8,robinhood,NTF,ETH,2026-08-28T17:43:38Z,48486012,35215.023835,1,1,1792576.104354,1792576.104354,0.000000,0.0264,0.032109580249642146,0.005709580249642145,true
0x28a73de7f3f715247b9c55626dedb49d6f5dfc4c,robinhood,NTF,ETH,2026-08-28T17:50:01Z,48489797,71739.965036,2,2,345569.343161,345569.343161,0.000000,0.01407494405944977,0.01962442757932685,0.005549483519877081,true
0xeb73f8b8f96f8e1dd1c08d632565702b4fe0ebe3,robinhood,NTF,ETH,2026-08-28T17:58:29Z,48494841,69975.718270,2,1,1279768.448651,1279768.448651,0.000000,0.03465,0.039904487645689705,0.005254487645689703,true
0x24b881c1a2dbe86f252135f164093e669fc4bf13,robinhood,NTF,ETH,2026-08-28T18:40:40Z,48519932,48295.912030,4,2,216750.714632,150047.703771,66703.010860,0.013620664872824708,0.009814836935388687,0.005154863555892342,false
0x55fc9a0985bbd66366cef6110fcdd566c43867ec,robinhood,NTF,ETH,2026-08-28T18:00:29Z,48496035,73429.722560,1,1,63535.145075,30449.433641,33085.711434,0.001951316344215769,0.006085297460909756,0.005150122488614426,false
0xe733f75c4e787d5993a820e8b1c30e5b97ba04a4,robinhood,NTF,ETH,2026-08-28T18:35:46Z,48516998,47917.522010,2,2,3836505.663944,3836505.663944,0.000000,0.080919000000000005,0.086057349601583594,0.005138349601583598,true
0xb2d239e1d7b33977ab4e3f99557b93cee4b647dd,robinhood,NTF,ETH,2026-08-28T17:49:36Z,48489572,73021.529397,1,2,26650.084985,14237.152034,12412.932952,0.000813856545064763,0.005558312670934363,0.005123529841080626,false
0x90ebaf212581a804effba32223ffddc6983dc873,robinhood,NTF,ETH,2026-08-28T18:35:46Z,48516998,49090.093630,2,2,3224692.308424,3224692.308424,0.000000,0.068931000000000006,0.073865838426886127,0.004934838426886115,true
0x08450b9c90c514ee9a160ae7c9ab94195392263c,robinhood,NTF,ETH,2026-08-28T18:38:56Z,48518905,43874.725897,1,1,219558.360526,219558.360526,0.000000,0.004041815531997301,0.008968821111385018,0.004927005579387717,true
0x812a69d27a7acc474a60bd047f4ed5ba8942b21c,robinhood,NTF,ETH,2026-08-28T17:49:39Z,48489603,70105.645371,1,1,1384069.929786,1384069.929786,0.000000,0.040579749547483168,0.045354446033224319,0.004774696485741146,true
0xc2c44f3edb667dcbcedd7cc9e93a50176fc6d91a,robinhood,NTF,ETH,2026-08-28T17:43:38Z,48486012,35745.650389,1,1,1765966.195988,1765966.195988,0.000000,0.0264,0.031124528524730754,0.004724528524730751,true
0x1e40bd7c1d9d0fbefb915fca8afc0f28ebc1aafb,robinhood,NTF,ETH,2026-08-28T17:59:51Z,48495671,53695.779846,1,1,1373217.108677,1373217.108677,0.000000,0.03084048,0.035374175702654422,0.004533695702654421,true
0xdb26f10bf83b1bf9a072a82d4d25364023691dbc,robinhood,NTF,ETH,2026-08-28T17:52:39Z,48491380,84508.928721,2,1,33092.979240,17526.928003,15566.051237,0.002038986710805646,0.005054987497616759,0.004435536814165743,false
0xf67b91977f3efd98647a28fb6441b343b58d496d,robinhood,NTF,ETH,2026-08-28T17:45:33Z,48487147,33016.620617,1,3,716975.371716,716975.371716,0.000000,0.009900000000000001,0.014283201449837893,0.004383201449837892,true
0xc026cfdca52909f170ea8235c9193841ce35568a,robinhood,NTF,ETH,2026-08-28T17:51:28Z,48490658,76262.434880,2,1,764556.555381,764556.555381,0.000000,0.024875000000000001,0.029014866393971619,0.004139866393971625,true
0x5fed8a25e287dd7f88a8644672692343e61f8b2c,robinhood,NTF,ETH,2026-08-28T17:59:54Z,48495699,55352.054456,1,1,875529.025468,875529.025468,0.000000,0.020269641248252562,0.024400377106747678,0.004130735858495117,true
0xdbf284dd057ba0cae6b23c1ac54804b9c97544ef,robinhood,NTF,ETH,2026-08-28T17:43:28Z,48485908,66603.524597,1,1,427321.821874,427321.821874,0.000000,0.011902840689527327,0.015832970015519914,0.003930129325992585,true
0x241becf6ad709c6f577a24af8495ae2b2be8f0f0,robinhood,NTF,ETH,2026-08-28T18:31:43Z,48514596,76324.668307,2,1,74989.957134,11913.594085,63076.363049,0.009809215908499041,0.004296750644387171,0.0039152667138014,false
0x8bf6a7871b4538326cc9f00381b0ddd40984eb47,robinhood,NTF,ETH,2026-08-28T17:49:17Z,48489384,64987.256876,1,2,1492824.902824,1492824.902824,0.000000,0.040572840557751275,0.044438116180467432,0.003865275622716161,true
0xe798507f2c124a8d836f86fa956594e6525396af,robinhood,NTF,ETH,2026-08-28T17:51:35Z,48490727,81382.637809,7,7,5751518.936824,5751518.936824,0.000000,0.209317955073849704,0.213124169709149103,0.003806214635299417,true
0xe53237ecb679f46dc2e8b194afe1f52fed541489,robinhood,NTF,ETH,2026-08-28T18:35:46Z,48517006,49779.446788,1,1,1659146.170247,1659146.170247,0.000000,0.03465,0.038324413885413071,0.003674413885413072,true
0xb8cff09c1ee69fee83919c2313e33a0ac5ed9b2d,robinhood,NTF,ETH,2026-08-28T17:53:57Z,48492148,84931.874066,5,4,881756.522120,881756.522120,0.000000,0.024750000000000001,0.02832403863689132,0.003574038636891317,true
0x9afd6c27359cb0e734dcddd0cbfe851d338c155e,robinhood,NTF,ETH,2026-08-28T17:46:26Z,48487691,39891.626700,1,4,593410.341918,593410.341918,0.000000,0.009900000000000001,0.01332069650674042,0.003420696506740419,true
0xc1badf4fe680f25102f7eb4e6ac9843afc4a22c7,robinhood,NTF,ETH,2026-08-28T17:48:59Z,48489199,62222.264321,1,1,231472.456396,231472.456396,0.000000,0.00602342447369029,0.009321554235597348,0.003298129761907058,true
0x7b87ee8b691312cb694b5bd6de9778e203bd42cf,robinhood,NTF,ETH,2026-08-28T17:52:10Z,48491074,75237.180633,3,3,4782662.891606,4782662.891606,0.000000,0.188099999999999989,0.191339029399640675,0.00323902939964067,true
0x83b44a19c951c65cb7a396e76858250688c523a1,robinhood,NTF,ETH,2026-08-28T17:49:09Z,48489305,66286.005180,1,2,701393.203928,701339.030408,54.173520,0.019443826507437752,0.022545582546075929,0.003103257821827262,false
0xcec772d21bc9d6c3c44d5adeda74c1bfbca7f58e,robinhood,NTF,ETH,2026-08-28T17:52:29Z,48491262,85268.414364,2,1,2246091.042008,2246091.042008,0.000000,0.081199481884319025,0.084257415589863341,0.003057933705544301,true
0x3e3f9533b62dd2fcb4bf83fb8a161ffc5f9d190e,robinhood,NTF,ETH,2026-08-28T18:03:40Z,48497926,64050.315657,1,1,30422.301250,9245.489381,21176.811869,0.000814995303183759,0.003289603523244011,0.003041922377784577,false
0x16cde20ac6ef68afd201677b278a1ab13d70ac2a,robinhood,NTF,ETH,2026-08-28T18:00:27Z,48496019,74531.204640,1,1,22792.511357,22792.511357,0.000000,0.0007105131,0.003633535194958162,0.002923022094958162,true
0x4e0357299ee10fa53ea79c3f1bafb2f2f3c7843b,robinhood,NTF,ETH,2026-08-28T18:12:19Z,48503059,62226.348622,7,7,904508.806943,904508.806943,0.000000,0.024402027148675641,0.02720310539555891,0.002801078246883273,true
0xeb3d7a93bbda9601a4558937f17b5eb8cc8e6691,robinhood,NTF,ETH,2026-08-28T17:48:18Z,48488796,49287.717356,2,1,331570.200496,331570.200496,0.000000,0.007973445078470733,0.010729155579323305,0.002755710500852573,true
0xdb92391e1bc91a5e775d8449e6c5ca613f136d75,robinhood,NTF,ETH,2026-08-28T17:51:39Z,48490767,75132.225035,2,2,118661.389361,118661.389361,0.000000,0.007911148110552036,0.010577869507645256,0.00266672139709322,true
0xfc0e63c1eab99322f81197ade97a9a687f376696,robinhood,NTF,ETH,2026-08-28T18:36:51Z,48517650,57926.676346,5,5,154543.261867,146909.847043,7633.414824,0.011615897700000001,0.013352266355434281,0.002645219088811159,false
0x7d62eb44e1924cb75bd3188ea32043407cfcd602,robinhood,NTF,ETH,2026-08-28T18:44:20Z,48522126,87140.572520,1,1,270757.756288,270757.756288,0.000000,0.009900000000000001,0.012431216893474692,0.002531216893474691,true
0x3297b111b321d7f83a4651719aaa67b1b5506ed0,robinhood,NTF,ETH,2026-08-28T18:32:58Z,48515341,74602.950521,1,2,59149.662775,38281.650000,20868.012775,0.0018513,0.003669507363731502,0.002471346371419383,false
0xec94833f0b9d24fb2499e1190a51d4fe59bd66d1,robinhood,NTF,ETH,2026-08-28T17:52:17Z,48491145,75946.565991,1,1,575348.289150,575348.289150,0.000000,0.018274155028274352,0.020727030864585633,0.002452875836311281,true
0xc96eb7e82ffa2e1dbc5212bf71799f2e289ed281,robinhood,NTF,ETH,2026-08-28T18:07:18Z,48500079,43031.343914,4,4,109377.534395,109377.534395,0.000000,0.008208453658197976,0.010623259921381063,0.002414806263183085,true
0x48c5cb9d63dfcc1afc2f09fc803b54a72ce8f129,robinhood,NTF,ETH,2026-08-28T18:04:13Z,48498251,65309.888066,2,1,91027.549565,91027.549565,0.000000,0.002,0.004408097391610765,0.002408097391610765,true
0xf2e0df25ec4bc5e3440b2f918233f14a8f5edd62,robinhood,NTF,ETH,2026-08-28T17:55:07Z,48492843,94155.867585,10,10,12942869.292737,12942869.292737,0.000000,0.413504103723750904,0.415835891972326677,0.002331788248575757,true
0x0cf86495f0b38aa44c99a97c9bac2fa65fbefa0f,robinhood,NTF,ETH,2026-08-28T17:48:34Z,48488960,44515.361489,1,1,161446.813689,161446.813689,0.000000,0.003005645247257909,0.005234142020548967,0.002228496773291058,true
0xd2a8e2eb4247b038325b2f5936ee800caa5bbd9f,robinhood,NTF,ETH,2026-08-28T17:59:40Z,48495564,55423.305809,2,2,104128.013729,104128.013729,0.000000,0.006702578410830377,0.008906612029825692,0.002204033618995314,true
0x95ecd6f7e67b38a7eb0d069094b318baed1df3c5,robinhood,NTF,ETH,2026-08-28T17:48:34Z,48488959,44425.568850,1,1,267722.061356,267722.061356,0.000000,0.004974111257862401,0.007169574958278171,0.00219546370041577,true
0x86a3e5aaaf2823aa89b4f8e3a28246404cc0fa27,robinhood,NTF,ETH,2026-08-28T17:59:34Z,48495506,57372.286415,1,1,336075.155443,336075.155443,0.000000,0.00806455364203534,0.010198092596885243,0.002133538954849904,true
0x0e55b66712beda625a0ead8f2ff792ad71798b7b,robinhood,NTF,ETH,2026-08-28T18:00:53Z,48496270,67500.673287,1,1,57565.731879,7195.716485,50370.015394,0.001625226534486694,0.00225356214346975,0.002050408826658914,false
0xdda2cd97c920bf1e74f0fe7eb75d0f34e15664a9,robinhood,NTF,ETH,2026-08-28T17:44:41Z,48486633,29735.400921,1,1,1592183.263526,1592183.263526,0.000000,0.019800000000000002,0.021842440660440627,0.002042440660440627,true
0x2236f18628cd5ff4232220ee125f5a687475ba5d,robinhood,NTF,ETH,2026-08-28T17:55:28Z,48493048,95014.330683,1,1,510010.941913,510010.941913,0.000000,0.02026594895347178,0.022223494039635201,0.001957545086163423,true
0x8388c19b1ce8df1ed3f3c209d368e4e3cf3f07fc,robinhood,NTF,ETH,2026-08-28T17:43:49Z,48486118,44657.507652,1,1,1596668.731881,1596668.731881,0.000000,0.029819999999999999,0.031755738100674204,0.001935738100674206,true
0x31a86fd898d8ab21906d77bc0dbafc06f7433eb3,robinhood,NTF,ETH,2026-08-28T17:51:04Z,48490418,74778.109135,8,8,5944750.873288,5944750.873288,0.000000,0.265018133261291255,0.266944130715087047,0.001925997453795875,true
0x4c800d55bfebb652f55b0b4faa7460972b5a9954,robinhood,NTF,ETH,2026-08-28T18:33:26Z,48515622,71801.201068,2,1,61704.143497,7601.337141,54102.806357,0.002975908339327063,0.002059101809225008,0.001830125670043962,false
0x2bfb9dcf5de1c6fdb92f95b5c403b624898dc259,robinhood,NTF,ETH,2026-08-28T17:49:56Z,48489765,72210.869941,1,1,212709.719645,212709.719645,0.000000,0.006423744363500078,0.008192644510776934,0.001768900147276856,true
0x357395c7e38823104a35794296e54fb7b4f8e98c,robinhood,NTF,ETH,2026-08-28T17:50:57Z,48490350,73685.617453,1,1,203781.565603,203781.565603,0.000000,0.006279802117562371,0.007922151625984806,0.001642349508422435,true
0xcc42b043f4eab5c7bac1c20af0e1426ba0411f43,robinhood,NTF,ETH,2026-08-28T18:11:19Z,48502443,61243.382327,1,1,1189984.171209,1189984.171209,0.000000,0.030481906129321317,0.032117355072774877,0.001635448943453566,true
0x648abfe9e2f26b95ea277cbd39b585008386efa9,robinhood,NTF,ETH,2026-08-28T17:45:55Z,48487358,30100.257583,1,2,16194.990503,7613.243463,8581.747040,0.00020386808671259,0.001712464136254999,0.001616626020249083,false
0xa72efba11e84669bd22acd74f6552ac4f8c2a73b,robinhood,NTF,ETH,2026-08-28T17:44:17Z,48486396,28213.223814,1,1,839042.854373,839042.854373,0.000000,0.009900000000000001,0.011399221449539188,0.001499221449539187,true
0x22a83a27211107122621f27e3af1c1e4a96d8775,robinhood,NTF,ETH,2026-08-28T17:51:01Z,48490397,73907.204374,10,10,9390854.749988,9390854.749988,0.000000,0.293078247434505945,0.294431492053048194,0.001353244618542193,true
0xbdc8d102c0610df96f2cb9091a593015fbd0682b,robinhood,NTF,ETH,2026-08-28T17:49:03Z,48489239,65234.566744,8,6,1146135.794577,1146135.794577,0.000000,0.059400000000000001,0.060726543172537673,0.001326543172537671,true
0x32a3c14ebd3f273ed73fde187dfce21854747417,robinhood,NTF,ETH,2026-08-28T18:21:15Z,48508364,56775.736445,8,5,528339.770298,518114.577165,10225.193133,0.077416372563387889,0.077259571455791404,0.001315185022572801,false
0x7de2ee228b64927f96212f3a93217f15c1442818,robinhood,NTF,ETH,2026-08-28T17:49:10Z,48489308,66596.233548,1,1,111131.077602,111131.077602,0.000000,0.003095163039164967,0.00439702927473076,0.001301866235565793,true
0x6ec6ca91af907c2b4e24ea9a4bb2a7619f914756,robinhood,NTF,ETH,2026-08-28T17:54:55Z,48492721,95400.977013,5,2,233234.198348,113350.111560,119884.086788,0.053945558260544944,0.010723739093648946,0.001283320055957575,false
0x20ac92362ead44f457913ca1a6c24fae049078d9,robinhood,NTF,ETH,2026-08-28T17:45:09Z,48486905,33286.246288,1,1,29298.246716,7324.574178,21973.672538,0.000407854061453049,0.001366532280173025,0.001264568590809998,false
0x7c227823182fa9e516882b319e05f4bf6368a4cb,robinhood,NTF,ETH,2026-08-28T17:55:13Z,48492904,98249.194547,2,2,160110.847402,160110.847402,0.000000,0.004375769116614395,0.005631260621775839,0.001255491505161444,true
0x4f09c527ddfe4eea3d96c1a44ca23acf7c0c996a,robinhood,NTF,ETH,2026-08-28T17:46:26Z,48487691,40071.207723,1,3,413525.661686,413525.661686,0.000000,0.00693,0.008077703190930249,0.00114770319093025,true
0xf7bd07484f3b25982ffe13e2253b0b4785690bfc,robinhood,NTF,ETH,2026-08-28T17:47:20Z,48488221,47747.716345,1,1,100156.480061,100156.480061,0.000000,0.002,0.003106564432269545,0.001106564432269545,true
0xd116a41d8b5a226417bc9450fa0f4ca6406c619c,robinhood,NTF,ETH,2026-08-28T18:00:15Z,48495892,68381.730182,2,1,62038.910229,62038.910229,0.000000,0.001770270079044938,0.002831780717437138,0.0010615106383922,true
0x4e1df808535a6a161ecf6e3982f05ca3af0cb90e,robinhood,NTF,ETH,2026-08-28T17:43:28Z,48485908,66371.759214,1,1,178329.639898,178329.639898,0.000000,0.00495,0.005991106800078393,0.001041106800078393,true
0xe247a77e24c7ebae43a4fa1dc26aee62fabfc408,robinhood,NTF,ETH,2026-08-28T17:53:24Z,48491825,77211.134712,6,6,5668424.525094,5668424.525094,0.000000,0.185377012807695696,0.186414061117160634,0.001037048309464917,true
0x7bc5e70e5628a7567e55eb5d7e6234e8ea7f801f,robinhood,NTF,ETH,2026-08-28T17:53:29Z,48491874,76530.330768,2,1,650240.226582,650240.226582,0.000000,0.01610745196536616,0.017136306873251236,0.001028854907885075,true
0xf616f497e7cb9a50c85f653804ab3c705e993501,robinhood,NTF,ETH,2026-08-28T18:16:33Z,48505573,48862.709267,1,1,1614710.344205,1614710.344205,0.000000,0.033000000000000002,0.033979492906588325,0.000979492906588322,true
0x914e8893763d3a63a4d58e842504737898663992,robinhood,NTF,ETH,2026-08-28T18:16:33Z,48505573,48087.457632,1,1,1640742.222280,1640742.222280,0.000000,0.033000000000000002,0.033977039112449432,0.000977039112449435,true
0xfbc3d36040e4ccef0bafe521522edf6c3277189b,robinhood,NTF,ETH,2026-08-28T17:49:49Z,48489703,70985.744600,12,12,11098180.282102,11098180.282102,0.000000,0.428582078115596787,0.429511627767693194,0.000929549652096492,true
0x2d0b392f967f7b556b15ee7964ba6bba6b64cf8f,robinhood,NTF,ETH,2026-08-28T17:52:14Z,48491109,75309.943902,1,1,94298.717859,94298.717859,0.000000,0.00297,0.003859262080815553,0.000889262080815553,true
0xc1c55c86f8cf679da04d483f7a55899b72a5ba15,robinhood,NTF,ETH,2026-08-28T17:59:48Z,48495649,55324.421347,1,1,1283505.695323,1283505.695323,0.000000,0.029700000000000001,0.030584331349100314,0.00088433134910031,true
0x39cd0dfe15d441757bec04206c1d332891d5a5be,robinhood,NTF,ETH,2026-08-28T17:49:20Z,48489409,65428.681800,1,1,26854.819162,26854.819162,0.000000,0.000734833150153715,0.001607578054306328,0.000872744904152613,true
0x793c2eff587247c765bc9afb738a8f1b85bbb59c,robinhood,NTF,ETH,2026-08-28T17:52:05Z,48491026,74034.064524,3,2,1019866.704515,1019866.704515,0.000000,0.0392623801652867,0.040131268973424311,0.000868888808137611,true
0x8eafc4c796c29745e0002cab2738a924ffa55924,robinhood,NTF,ETH,2026-08-28T17:54:21Z,48492392,94370.197574,1,1,204224.259621,204224.259621,0.000000,0.008060101891049906,0.008780088592729642,0.000719986701679735,true
0x362f7bebaca768151deb49c75d6f7cf799c0057d,robinhood,NTF,ETH,2026-08-28T17:54:18Z,48492359,94215.394589,1,1,25125.515786,25125.515786,0.000000,0.00099,0.001706227364549166,0.000716227364549166,true
0x2d7bb7defa42b5d39e57c2d85703aae56349557b,robinhood,NTF,ETH,2026-08-28T18:27:03Z,48511824,63553.222116,1,1,905306.869344,905306.869344,0.000000,0.024117470437627693,0.024826569803826803,0.000709099366199109,true
0x878dc5bacaadfc2c7454dde751c18f8188197588,robinhood,NTF,ETH,2026-08-28T18:37:09Z,48517827,42393.208283,1,1,41677.751440,41677.751440,0.000000,0.000741257480752173,0.001437843200533592,0.000696585719781419,true
0xb2b10dc295c83ee6739767b4bef9bf77057033db,robinhood,NTF,ETH,2026-08-28T17:44:35Z,48486574,31692.129847,2,2,443872.358996,443872.358996,0.000000,0.012870000000000001,0.013510886673906949,0.000640886673906947,true
0x461119d2d7a714f21c2a2712d668a7d1c76aa702,robinhood,NTF,ETH,2026-08-28T18:20:57Z,48508186,55993.552279,1,1,211350.700759,211350.700759,0.000000,0.00495,0.005487084861651772,0.000537084861651772,true
0x1e467dfde1d23b54d74333fbade18b1902f07412,robinhood,NTF,ETH,2026-08-28T17:52:27Z,48491241,83947.352596,1,1,5639749.940406,5639749.940406,0.000000,0.198000000000000009,0.198511700121212414,0.000511700121212395,true
0x0bb3af56aca11237a5e7e8cf1c2ed395b0095721,robinhood,NTF,ETH,2026-08-28T18:39:19Z,48519131,46896.130694,1,1,25283.895147,25283.895147,0.000000,0.0004975,0.001007749364820759,0.000510249364820759,true
0x4414214d4079690b2c2139030ff5e9a3b9692b6b,robinhood,NTF,ETH,2026-08-28T17:44:16Z,48486384,25441.413243,1,1,139568.330661,139568.330661,0.000000,0.001485,0.001946496034338922,0.000461496034338922,true
0x11fba9e6cf52edba632a8457a4fa523c75fd6c78,robinhood,NTF,ETH,2026-08-28T17:50:12Z,48489915,76840.148974,1,1,1263566.475014,1263566.475014,0.000000,0.04060547827361391,0.041044462581902114,0.000438984308288201,true
0xd1496391286f8ff65b5f7a078d2ae6d3dfe640a8,robinhood,NTF,ETH,2026-08-28T17:50:21Z,48490001,73401.393223,1,1,55328.459806,55328.459806,0.000000,0.001698443958118797,0.002120266937138316,0.00042182297901952,true
0x065f1ef51230435708693cb516b2c1e315fa4e4e,robinhood,NTF,ETH,2026-08-28T17:52:18Z,48491150,76244.495882,1,1,61242.317920,61242.317920,0.000000,0.001952803093092196,0.002363121739693393,0.000410318646601197,true
0x366bf923618dcafb68d65429cb9a7b608da17bdf,robinhood,NTF,ETH,2026-08-28T17:49:10Z,48489316,66796.585323,1,1,122686.472838,122686.472838,0.000000,0.003427277580064423,0.003832408591978945,0.000405131011914522,true
0x2434c81b14399ef5a516098b4ef5f34e05c0f1fc,robinhood,NTF,ETH,2026-08-28T17:49:40Z,48489611,70582.905553,1,1,62757.499057,62757.499057,0.000000,0.001852522526938929,0.002225082484044603,0.000372559957105674,true
0x838945b05cfdffb8729e00b44cbe9c80a6d8d84d,robinhood,NTF,ETH,2026-08-28T17:44:03Z,48486262,35874.358852,1,4,27043.776155,27043.776155,0.000000,0.000405741862109243,0.000768605649060283,0.00036286378695104,true
0x36b1c0d07e931d6b207097eb7dd4e7633ef4afc7,robinhood,NTF,ETH,2026-08-28T18:38:19Z,48518544,40554.943456,1,1,12089.762457,12089.762457,0.000000,0.000205708328869625,0.000532381704502854,0.000326673375633229,true
0x29586325c10917dfe1e91ab8503e87b05eedd06e,robinhood,NTF,ETH,2026-08-28T17:52:40Z,48491393,84753.200561,1,1,140358.474739,140358.474739,0.000000,0.004975,0.005294632537831217,0.000319632537831216,true
0x68ca4f4c485afd811e19d4964d43d2fa5996cd1e,robinhood,NTF,ETH,2026-08-28T18:14:40Z,48504456,60562.850448,1,1,32212.267000,1156.087274,31056.179726,0.000815960934448966,0.000320561394648124,0.000291276835050673,false
0x73bb028d0ee3494bf7f8ee99a8d68a6e3a14a6b2,robinhood,NTF,ETH,2026-08-28T17:52:18Z,48491154,76177.676905,1,1,36891.386368,36891.386368,0.000000,0.001175306229230383,0.001452288936171036,0.000276982706940653,true
0x0d6cba13c77d4c2f61db78aa4cd244ecf4732b48,robinhood,NTF,ETH,2026-08-28T17:58:56Z,48495111,49689.827524,1,1,35415.745620,35415.745620,0.000000,0.000736010366845323,0.001005143217445846,0.000269132850600523,true
0x0d2d79e4d7105fdcb66d27d230c2d503121dae1e,robinhood,NTF,ETH,2026-08-28T17:49:24Z,48489456,70948.327821,1,1,271682.673192,271682.673192,0.000000,0.008061250988186379,0.008322694905354332,0.000261443917167952,true
0x21ed82825d54d5a339cdfc5ffd39f30e1e756472,robinhood,NTF,ETH,2026-08-28T18:15:33Z,48504980,67718.902832,1,1,349529.239837,349529.239837,0.000000,0.009900000000000001,0.010158916700677296,0.000258916700677295,true
0x6deda6db87e480bfeebed45a9ecea73fb5917b7c,robinhood,NTF,ETH,2026-08-28T17:51:16Z,48490538,86141.020933,1,1,110674.905854,110674.905854,0.000000,0.003987103534147116,0.004224645456297408,0.000237541922150292,true
0xa5439880699e8aaf953bb4cfb31b1c550bcdbf7e,robinhood,NTF,ETH,2026-08-28T17:51:42Z,48490801,79796.818654,1,1,27075.541115,27075.541115,0.000000,0.000903568452692749,0.001125178329374537,0.000221609876681788,true
0x18554e8a365354920465485add841d9fbb48d61e,robinhood,NTF,ETH,2026-08-28T17:48:58Z,48489196,62097.911729,1,1,128082.810792,128082.810792,0.000000,0.003326336510266817,0.003537714257911503,0.000211377747644686,true
0x473352ae81d7b61a13dc44b22ec6a66edaf3bc0b,robinhood,NTF,ETH,2026-08-28T17:55:13Z,48492903,96077.330332,1,1,155101.906300,155101.906300,0.000000,0.00623212850686108,0.006437403695778461,0.000205275188917382,true
0x1b94c71034167c8094d33692fefcbe82da7343a5,robinhood,NTF,ETH,2026-08-28T17:49:45Z,48489659,70639.344209,8,8,5752191.455191,5752191.455191,0.000000,0.296226332610191212,0.296428803977225652,0.000202471367034468,true
0x1bf9e891f0970101913248fbe21b75595933b145,robinhood,NTF,ETH,2026-08-28T18:44:03Z,48521961,96012.168677,2,1,4154597.535592,4154597.535592,0.000000,0.165000000000000008,0.165189525777396068,0.00018952577739606,true
0x2f91cfa020c0a390e14f853b07330d5891bbdf8b,robinhood,NTF,ETH,2026-08-28T17:48:57Z,48489179,61583.081260,2,2,155945.244392,155945.244392,0.000000,0.003876383302701688,0.004054502997443565,0.000178119694741877,true
0xa10de9f5365e77635145f52277d3de70a4401d8b,robinhood,NTF,ETH,2026-08-28T17:49:58Z,48489776,74498.397822,1,1,62777.334978,62777.334978,0.000000,0.001955906749119356,0.002115754641174786,0.00015984789205543,true
0x892cb1b78f492f8e7c5b5c8ba075ef59c6de5b12,robinhood,NTF,ETH,2026-08-28T17:49:10Z,48489311,66664.568479,1,1,66943.646918,66943.646918,0.000000,0.001866391627346507,0.002017553742952948,0.000151162115606441,true
0xd4d9e86cd441f176c6b5534b4f19118ae7bd2ffb,robinhood,NTF,ETH,2026-08-28T18:36:45Z,48517585,55678.704546,3,3,223528.940416,223528.940416,0.000000,0.006685272,0.006826902313140957,0.000141630313140962,true
0x53566cceee7decd50ffbf278854f97082e10effb,robinhood,NTF,ETH,2026-08-28T17:49:47Z,48489674,71129.268726,1,1,212973.404428,212973.404428,0.000000,0.006335371030521604,0.006473908634607661,0.000138537604086057,true
0x342f00fe521678cc00785de04ad4d87549c75f7a,robinhood,NTF,ETH,2026-08-28T17:49:40Z,48489607,70555.199986,1,1,3471.460290,3462.781640,8.678651,0.000102432923122423,0.000227223657340737,0.00012504681652612,false
0x600da95cb55b82afbb97a1a60129226d1e58c373,robinhood,NTF,ETH,2026-08-28T17:48:57Z,48489183,61902.637835,2,1,554249.342430,439046.849500,115202.492930,0.13438261805103352,0.01148534198018273,0.000119061772155049,false
0x4a4ec1fac696dd79d7b56a826e4df73834666efa,robinhood,NTF,ETH,2026-08-28T17:49:15Z,48489366,64417.022822,1,1,56829.947767,56829.947767,0.000000,0.00153100371068673,0.001647446504259661,0.000116442793572931,true
0x7858f6549ea54bd305a26336934207065b3d2de0,robinhood,NTF,ETH,2026-08-28T17:50:56Z,48490338,73546.442834,3,3,265542.809013,265542.809013,0.000000,0.00725298328979357,0.007367292779389611,0.00011430948959604,true
0x32ed8e186f93379b5e992524677ead828116acb0,robinhood,NTF,ETH,2026-08-28T18:29:16Z,48513132,72579.603682,1,1,13433.131106,13433.131106,0.000000,0.000409034904908512,0.000491199706353695,0.000082164801445183,true
0x1fa912ac559c476665a10f04087b126c279e099e,robinhood,NTF,ETH,2026-08-28T17:55:16Z,48492928,95534.767619,48,47,28198.623820,28112.415473,86.208347,0.0048,0.004768334597085808,0.000068334597085809,false
0xd194aef565448b18ad9ccc210634b96c2ca75a6a,robinhood,NTF,ETH,2026-08-28T17:43:39Z,48486022,39924.812247,2,0,13411.419170,0.000000,13411.419170,0.000478569912337491,0,0,false
0xa3f9d1ac892a45307331509f9f8f45488435c234,robinhood,NTF,ETH,2026-08-28T17:44:28Z,48486503,32866.800880,7,0,9746897.374442,0.000000,9746897.374442,0.138600000000000001,0,0,false
0x134c665236bf46da96b8d7b8b4f15371e697294a,robinhood,NTF,ETH,2026-08-28T17:44:29Z,48486512,34939.950802,2,0,63871.977588,0.000000,63871.977588,0.002440924482523683,0,0,false
0xcec90bdef227e7a7009a9a2cb62b2cb5eebd6aa5,robinhood,NTF,ETH,2026-08-28T17:45:37Z,48487183,28575.920956,1,0,171.806303,0.000000,171.806303,0.0000020532303,0,0,false
0x10f0444571cf955c0fd3cc2893603d5329c6e5a1,robinhood,NTF,ETH,2026-08-28T17:45:37Z,48487183,28575.965255,1,0,239.180078,0.000000,239.180078,0.000002858408209008,0,0,false
0xc82b05d36decaa269901c915a64318d84d785a6c,robinhood,NTF,ETH,2026-08-28T17:45:37Z,48487183,28576.017650,1,0,246.924923,0.000000,246.924923,0.000002950971190992,0,0,false
0x3d86904ca9d35c65e4a7f47c9676a43b94a1e2a7,robinhood,NTF,ETH,2026-08-28T17:45:42Z,48487232,29019.431321,1,0,815732.864578,0.000000,815732.864578,0.009900000000000001,0,0,false
0x7d1bf943e764c03291765b3cd02c1af248098519,robinhood,NTF,ETH,2026-08-28T17:50:11Z,48489905,72943.375751,1,0,11176469.321692,0.000000,11176469.321692,0.340948532813315108,0,0,false
0x319992b3df880b38106a6b0b0b224ee38bdc5c07,robinhood,NTF,ETH,2026-08-28T17:50:17Z,48489961,74907.281479,1,0,23456.747081,0.000000,23456.747081,0.000734835550061154,0,0,false
0xca9a3b25ace4b47133797a94e5f405e92edbc259,robinhood,NTF,ETH,2026-08-28T17:50:38Z,48490166,75556.610729,1,0,32064.963015,0.000000,32064.963015,0.001013214856391041,0,0,false
0xd3b587016ef9f5738a5f7bf452db3893056fd44f,robinhood,NTF,ETH,2026-08-28T17:51:32Z,48490694,78159.151867,1,0,22512.572736,0.000000,22512.572736,0.000735873738652568,0,0,false
0x010de28b7011a0cf8e18957b3bdf002adc893812,robinhood,NTF,ETH,2026-08-28T17:51:46Z,48490835,81220.150658,1,0,21649.341533,0.000000,21649.341533,0.000735371543195897,0,0,false
0x757ebf25ab92562f994be1a2c7409dc770d7c080,robinhood,NTF,ETH,2026-08-28T17:53:08Z,48491669,80399.754019,1,0,21877.968672,0.000000,21877.968672,0.00073563105267618,0,0,false
0x76a0a072ff965e26c2aa23caa0b9d55664e04ea0,robinhood,NTF,ETH,2026-08-28T17:53:16Z,48491747,76215.396243,1,0,91914.772910,0.000000,91914.772910,0.002929721699616749,0,0,false
0x97359743dcbbb26e3741ce7b4cdda1cff149ce0a,robinhood,NTF,ETH,2026-08-28T17:54:06Z,48492244,92410.885889,2,0,32544.570803,0.000000,32544.570803,0.005131763482821001,0,0,false
0x740b5c334ccddf47004f81024fef08d31460d4c5,robinhood,NTF,ETH,2026-08-28T17:54:16Z,48492341,96994.963123,1,0,63970.985872,0.000000,63970.985872,0.002594959376196084,0,0,false
0x066a66bd78bb8484855687a0b66cd16b8019dcf0,robinhood,NTF,ETH,2026-08-28T18:00:21Z,48495952,68289.839867,1,0,51304.665133,0.000000,51304.665133,0.001465395051475387,0,0,false
0xd8928a1cfc348d2f2e16d402fd33c983a84cd968,robinhood,NTF,ETH,2026-08-28T18:00:21Z,48495960,68321.306416,1,0,27690.157088,0.000000,27690.157088,0.000791267541065513,0,0,false
0x082652417fb7eda61ed43795206044de533f3bfb,robinhood,NTF,ETH,2026-08-28T18:02:17Z,48497099,72386.953449,1,0,12816.977441,0.000000,12816.977441,0.00038805,0,0,false
0x96fa41b0a3f1fb78d01be849ff5d38e740cabfef,robinhood,NTF,ETH,2026-08-28T18:03:53Z,48498048,63567.831732,2,0,388842.494707,0.000000,388842.494707,0.055439999999999996,0,0,false
0x87df5e96766496a252f8ac488fc3a6d15d2d3af6,robinhood,NTF,ETH,2026-08-28T18:09:22Z,48501313,48628.752199,2,0,529524.364393,0.000000,529524.364393,0.017873076787025797,0,0,false
0x5af3d628bf0996b0617739719591a4c67222b76c,robinhood,NTF,ETH,2026-08-28T18:12:14Z,48503010,61063.636033,1,0,114689.899340,0.000000,114689.899340,0.002929203884183845,0,0,false
0x3b7fbc8ce71ee7ffe05ed972e2a2c258e5701eef,robinhood,NTF,ETH,2026-08-28T18:16:51Z,48505755,54606.012070,2,0,1316008.595659,0.000000,1316008.595659,0.029726003293250685,0,0,false
0x4b5845c5bae788c74eea571fdef893f187d4cfc5,robinhood,NTF,ETH,2026-08-28T18:16:52Z,48505756,54976.908249,1,0,645809.414816,0.000000,645809.414816,0.01485,0,0,false
0xf32e0646fa3822f940285a5c5198c9a93126de36,robinhood,NTF,ETH,2026-08-28T18:16:52Z,48505756,55349.059769,1,0,641467.173837,0.000000,641467.173837,0.01485,0,0,false
0x941a7b4e5d7e8ef040caca2bd58b3e25240c0ba6,robinhood,NTF,ETH,2026-08-28T18:16:52Z,48505756,55722.466630,1,0,637168.580134,0.000000,637168.580134,0.01485,0,0,false
0x9ca552fec02cabf3eb675557683c20ca1ca61752,robinhood,NTF,ETH,2026-08-28T18:16:52Z,48505756,56097.128833,1,0,632913.050683,0.000000,632913.050683,0.01485,0,0,false
0x245ff889d44854e13217f5cd4c76e6a7daae1fcd,robinhood,NTF,ETH,2026-08-28T18:16:52Z,48505756,56473.046378,1,0,628700.012163,0.000000,628700.012163,0.01485,0,0,false
0x2f1ad588eb7cf26b21c48ffd627b8b59499b40b1,robinhood,NTF,ETH,2026-08-28T18:16:52Z,48505756,56850.219263,1,0,624528.900760,0.000000,624528.900760,0.01485,0,0,false
0xde6eddf008790d500fe3b433df77ceedee420791,robinhood,NTF,ETH,2026-08-28T18:16:52Z,48505756,57228.647490,1,0,620399.161983,0.000000,620399.161983,0.01485,0,0,false
0x135add56d58f34e245b20168054310cfd976cba8,robinhood,NTF,ETH,2026-08-28T18:18:15Z,48506581,48731.425593,2,0,994204.840639,0.000000,994204.840639,0.021476003293250685,0,0,false
0x4372b931de326c7910e303bca7c3650f16629641,robinhood,NTF,ETH,2026-08-28T18:18:15Z,48506581,48887.005482,2,0,984028.984972,0.000000,984028.984972,0.021476003293250685,0,0,false
0x99f08d1aca54ebbfe4032dedd5ed9e932330a34a,robinhood,NTF,ETH,2026-08-28T18:22:54Z,48509342,68084.385898,1,0,140708.193317,0.000000,140708.193317,0.004007703248768746,0,0,false
0x6c52e8137c1895220d29390c8791bb7f3c3e978c,robinhood,NTF,ETH,2026-08-28T18:35:59Z,48517130,53249.237713,1,0,88261.443889,0.000000,88261.443889,0.001971754983196974,0,0,false
0xe4be56c1e915ebcdcc89fc39692135a0cda35472,robinhood,NTF,ETH,2026-08-28T18:36:36Z,48517494,53846.725110,1,0,3541295.500646,0.000000,3541295.500646,0.080000000000000002,0,0,false
0x1b714b2af0bfb178642b3b2d606a9e85a26a02ba,robinhood,NTF,ETH,2026-08-28T18:38:53Z,48518874,42435.946580,1,0,2878834.698429,0.000000,2878834.698429,0.051258124976887788,0,0,false
0xdc2a852ec521aba8fcfcf5e8671a6f4351a9eddb,robinhood,NTF,ETH,2026-08-28T18:40:10Z,48519641,47682.628718,2,0,397691.945215,0.000000,397691.945215,0.0149,0,0,false
0x0b0ac32c5f8771027cf70ea201ef3fa1d7c541d1,robinhood,NTF,ETH,2026-08-28T18:40:18Z,48519712,47141.664313,2,0,9775275.229460,0.000000,9775275.229460,0.198000000000000009,0,0,false
0xd69830c1f6af587cb05baabfd4b4c57d89a7112d,robinhood,NTF,ETH,2026-08-28T17:52:27Z,48491246,86357.756368,1,1,383.763390,383.763390,0.000000,0.00001386,0.000013028484727103,-0.000000831515272897,true
0x4ba3ea092e4a47d57c5c3e18d0b6ae5e961411fe,robinhood,NTF,ETH,2026-08-28T17:50:27Z,48490055,75896.074272,7,7,8936578.996515,8936578.996515,0.000000,0.245306198902996042,0.245301443068149966,-0.000004755834846095,true
0x4d4bc1512186f7d0a02ac86b077111e686b62bd3,robinhood,NTF,ETH,2026-08-28T18:00:24Z,48495985,68404.241347,1,1,68165.729080,68165.729080,0.000000,0.001950252681698699,0.001921295897389771,-0.000028956784308928,true
0xfbb1d5e5646fb628e087c59cd036cba4a44de667,robinhood,NTF,ETH,2026-08-28T17:54:17Z,48492350,97070.643368,1,1,48245.596784,48245.596784,0.000000,0.0019585917836446,0.001921413033785468,-0.000037178749859132,true
0xb53ab956acf2ebbea431d0712e694061d242f8c6,robinhood,NTF,ETH,2026-08-28T17:49:01Z,48489221,61871.264931,1,1,789792.772531,789792.772531,0.000000,0.020436216154696315,0.020387822932821938,-0.000048393221874376,true
0xc8f2b05eddb0b9617c3b1a6fce3d20382879970c,robinhood,NTF,ETH,2026-08-28T18:02:12Z,48497056,72880.240805,1,1,26724.819963,26724.819963,0.000000,0.000814641172973217,0.000764422300145555,-0.000050218872827662,true
0x2bc94652137b873936cff38d5d6ddf076e0f7d52,robinhood,NTF,ETH,2026-08-28T18:22:58Z,48509386,68173.044849,1,1,82720.720999,82720.720999,0.000000,0.002359150503829034,0.002304154729769556,-0.000054995774059478,true
0xf7a12a6e2ea72bf5f2e1a46c02bfd4dd770b6b71,robinhood,NTF,ETH,2026-08-28T17:54:12Z,48492303,92729.518661,1,1,1570762.253784,1570762.253784,0.000000,0.060915357765090064,0.060857967203901429,-0.000057390561188637,true
0xde394ba07dff4960dc9a6ef13d4e118f81d99659,robinhood,NTF,ETH,2026-08-28T17:44:37Z,48486592,28339.398604,3,1,115057.374253,109280.734589,5776.639664,0.00396,0.001910717465011706,-0.000069282534988294,false
0xf0a6c867638d60facb0d6377e0c5e4ca3e8ef603,robinhood,NTF,ETH,2026-08-28T18:35:47Z,48517009,52746.816983,1,1,3578989.302132,3578989.302132,0.000000,0.079200000000000007,0.07912832554469644,-0.000071674455303564,true
0xe783c40891a692e4ea2d8946c76ff1909fb5a5b8,robinhood,NTF,ETH,2026-08-28T17:49:07Z,48489281,65632.483040,1,1,738341.590380,738341.590380,0.000000,0.02026630176742393,0.020168268131718063,-0.000098033635705866,true
0xffbd3fbbad1edabdf13e27394d231d1f8d872cd6,robinhood,NTF,ETH,2026-08-28T17:51:43Z,48490808,81309.842545,1,1,69481.190180,69481.190180,0.000000,0.002362700681321868,0.002240652165614109,-0.000122048515707759,true
0xc6e2141dc65f7113e46b778cf6442dc0f1aaf1a8,robinhood,NTF,ETH,2026-08-28T17:51:37Z,48490749,75054.188012,1,2,75320.231041,75265.295277,54.935764,0.002364203803643536,0.002212563415628662,-0.000149916026046084,false
0xbfa0db31c78e67290e497f192fa32ec7444a39cb,robinhood,NTF,ETH,2026-08-28T18:02:35Z,48497282,66556.114910,1,1,70161.837084,70161.837084,0.000000,0.001953127899438304,0.001802418579750527,-0.000150709319687777,true
0x4481331eed269d9f6d1a019b1d4da6abfc9d6ccd,robinhood,NTF,ETH,2026-08-28T17:43:47Z,48486101,44316.267538,1,1,30210.438743,30210.438743,0.000000,0.000559910414333707,0.000409133530550109,-0.000150776883783598,true
0x43b21f4cd4c173d7c5524ecaa7451ca51db9c065,robinhood,NTF,ETH,2026-08-28T17:48:54Z,48489152,63581.900211,1,1,73467.412268,73467.412268,0.000000,0.00195355923159345,0.001774468457988586,-0.000179090773604864,true
0x5437b364258187a4b98bcbf6038f587a52766c99,robinhood,NTF,ETH,2026-08-28T17:51:32Z,48490703,78229.550616,3,2,218063.827690,210661.604159,7402.223531,0.011134474728611933,0.007318083149263768,-0.000250674966130189,false
0x734eb87952157dc79a9ed42a455f68e55a74acb8,robinhood,NTF,ETH,2026-08-28T17:52:37Z,48491363,81484.211831,1,1,116978.562112,116978.562112,0.000000,0.003986374400547605,0.003733951500951709,-0.000252422899595896,true
0x970a9c268f11f862c4ca6930d857ad904f04e3e7,robinhood,NTF,ETH,2026-08-28T17:50:04Z,48489835,69676.196539,2,2,521979.303339,521979.303339,0.000000,0.015612259408368818,0.015359280052398717,-0.000252979355970101,true
0x54c20dfd4b2ae336960b12287821aadefff06b8e,robinhood,NTF,ETH,2026-08-28T18:03:03Z,48497553,64117.201372,1,1,195656.705926,195656.705926,0.000000,0.005247,0.004934846407166964,-0.000312153592833036,true
0x4dc860914afa089fa8ebdc0bedf93e229b437ef0,robinhood,NTF,ETH,2026-08-28T17:52:26Z,48491228,78797.943409,2,2,714411.744836,714411.744836,0.000000,0.019800000000000002,0.019436185341481161,-0.000363814658518839,true
0x4ebc0ee4eef63aa71c7cadad57f7808fee7d5a70,robinhood,NTF,ETH,2026-08-28T17:52:17Z,48491139,74976.040726,16,16,14970220.439206,14970220.439206,0.000000,0.551524307958900728,0.551131037044209737,-0.000393270914690806,true
0x3b49525cd44592095024efc16e1112aa9542b779,robinhood,NTF,ETH,2026-08-28T17:58:35Z,48494905,64614.650703,1,1,72399.619732,72399.619732,0.000000,0.001956533726903882,0.001509531506488793,-0.000447002220415089,true
0x58e4412a33676eb3045d2de6e44c9f0f85432e89,robinhood,NTF,ETH,2026-08-28T18:30:03Z,48513601,70770.588112,1,1,68909.909501,68909.909501,0.000000,0.002045987652290392,0.001584585565882272,-0.00046140208640812,true
0x2b68aed43d598e8bf9f86f81d37a87ddde5b4cf6,robinhood,NTF,ETH,2026-08-28T17:49:13Z,48489346,65114.263760,2,1,92433.374270,92433.374270,0.000000,0.002178,0.0017058716859282,-0.0004721283140718,true
0x2c09ecbf78269738d821ba61b824aea47b0625a8,robinhood,NTF,ETH,2026-08-28T18:03:39Z,48497916,63958.690589,1,1,633225.431687,633225.431687,0.000000,0.016939464680729481,0.016467332674306483,-0.000472132006422996,true
0x3add678446c7003bebd578242b79ae67edf3b77d,robinhood,NTF,ETH,2026-08-28T18:31:52Z,48514685,75270.965911,3,2,319327.320591,319327.320591,0.000000,0.008910000000000001,0.008392604192010825,-0.000517395807989174,true
0x43a38e8537ddff285d6e12055afa7718be9ee543,robinhood,NTF,ETH,2026-08-28T17:43:49Z,48486119,45017.962202,1,1,107814.572463,107814.572463,0.000000,0.002029839196782396,0.00147130168403063,-0.000558537512751766,true
0x3210804f7fcffcb94dc3ffc2f36171dc6dc5b6e4,robinhood,NTF,ETH,2026-08-28T18:02:39Z,48497323,65116.903004,1,1,135256.739588,134269.896397,986.843191,0.003683786232575756,0.003073056375681081,-0.00058385267966281,false
0x648faa18f10c33aba83373a5123f340843863180,robinhood,NTF,ETH,2026-08-28T18:16:33Z,48505573,49644.160118,1,1,1589293.119491,1589293.119491,0.000000,0.033000000000000002,0.032395214936507585,-0.000604785063492419,true
0x74a787eecafb1431ebaee73f38654e34c05bf23d,robinhood,NTF,ETH,2026-08-28T18:01:15Z,48496491,68003.339926,1,1,283347.293924,283347.293924,0.000000,0.008059184189918391,0.007449293551492947,-0.000609890638425443,true
0xa0956d2d692d9eca6ec1b8501314844c1bdf9441,robinhood,NTF,ETH,2026-08-28T18:03:04Z,48497568,64214.885694,1,1,73720.404152,73720.404152,0.000000,0.00198,0.001361570552775708,-0.000618429447224292,true
0xf4c7af0533de6d696071d6015895b10fe48b6b76,robinhood,NTF,ETH,2026-08-28T17:53:39Z,48491974,87666.996997,1,1,75694.290351,75694.290351,0.000000,0.002775221103277735,0.00204644618779398,-0.000728774915483755,true
0xcbf310ca6df3118a5d5a3871f91d50eead243fcf,robinhood,NTF,ETH,2026-08-28T17:52:36Z,48491354,83411.964335,1,1,87278.672822,87278.672822,0.000000,0.003044632085922282,0.002301808703988511,-0.000742823381933771,true
0x9ac1d28107fc218180deb1f2a0a8fcb608245c55,robinhood,NTF,ETH,2026-08-28T17:43:47Z,48486097,42059.975989,1,1,281408.908154,281408.908154,0.000000,0.00495,0.004133235310027321,-0.000816764689972679,true
0xca958536472e55ddebdb10d404cf6d0af9339126,robinhood,NTF,ETH,2026-08-28T17:49:53Z,48489734,72367.383062,13,13,10540521.489694,10540521.489694,0.000000,0.420456414456182426,0.419623172752938478,-0.000833241703243854,true
0x8740c30b2cd61ba8dae55692b9e2a05a820ab9e4,robinhood,NTF,ETH,2026-08-28T17:54:36Z,48492542,92861.891697,1,1,58240.597176,58240.597176,0.000000,0.002261838974375545,0.001390281794483803,-0.000871557179891742,true
0x1aadaaa474277ac1b85385cb376aa204671becb1,robinhood,NTF,ETH,2026-08-28T17:52:09Z,48491064,73975.930687,11,11,11055363.068982,11055363.068982,0.000000,0.385702616699798995,0.384800598361365376,-0.000902018338433639,true
0xdc4bfa62c69b3695117cae54543b1a8db70f9645,robinhood,NTF,ETH,2026-08-28T17:59:19Z,48495353,54703.891941,1,1,174555.856176,174555.856176,0.000000,0.003993674835255598,0.003055935973689038,-0.00093773886156656,true
0xc7424622ec07d1a1231298a685832299ea635681,robinhood,NTF,ETH,2026-08-28T18:04:03Z,48498150,65151.301858,1,1,1491213.374343,1491213.374343,0.000000,0.040635411058607976,0.039640038114435311,-0.000995372944172664,true
0x877e9079db7ba2fd890773e670efd81825d9810e,robinhood,NTF,ETH,2026-08-28T17:51:31Z,48490692,78097.614660,2,1,114971.182396,103792.291424,11178.890971,0.005946895441899172,0.00238219912047137,-0.001007812654870287,false
0xd33637ad3e37b8173f28b86458e346f9467b5a97,robinhood,NTF,ETH,2026-08-28T17:50:50Z,48490280,75342.548740,1,1,92550.811791,92550.811791,0.000000,0.002916210555049311,0.001900654462098003,-0.001015556092951308,true
0x79c60da7ede0aca8d2e320370ea50c52deae418b,robinhood,NTF,ETH,2026-08-28T17:59:26Z,48495422,57176.292402,1,1,331199.093058,331199.093058,0.000000,0.00792,0.006887279282060966,-0.001032720717939033,true
0xf4ea5d776eb9481fcc5e49a1e2fcb32d03dc1e2c,robinhood,NTF,ETH,2026-08-28T17:52:54Z,48491528,84725.773244,2,1,89381.005812,89381.005812,0.000000,0.003168,0.002049387940739699,-0.001118612059260301,true
0x6947821fd8e75268cca680fd8cf0aa0baa530a2e,robinhood,NTF,ETH,2026-08-28T17:53:38Z,48491967,86765.166294,1,1,2728295.795541,2728295.795541,0.000000,0.099000000000000005,0.097802996124786809,-0.001197003875213211,true
0xec502e4c3df644e773854612a85ce8e530279078,robinhood,NTF,ETH,2026-08-28T17:55:58Z,48493348,96375.826489,3,2,134769.018204,134769.018204,0.000000,0.005059912431951631,0.003841496612332144,-0.001218415819619487,true
0xa90ee4af49a13137f91a346e1ebe5d48ebb60603,robinhood,NTF,ETH,2026-08-28T17:47:24Z,48488258,50254.566662,2,1,4761907.700147,4761907.700147,0.000000,0.100088999999999997,0.09886835672399534,-0.001220643276004639,true
0x391e28d00f1c51d034bdf3b7ec315970d37d6f82,robinhood,NTF,ETH,2026-08-28T17:49:36Z,48489570,72469.651059,1,1,1236245.069764,1236245.069764,0.000000,0.037467876509830168,0.036159796234949422,-0.001308080274880749,true
0x4bbd0aca3222234a5e822ca04af87d75f0ddca11,robinhood,NTF,ETH,2026-08-28T17:52:39Z,48491376,84432.835871,1,1,115895.485900,115895.485900,0.000000,0.004092382645548406,0.00272134916728307,-0.001371033478265336,true
0xd0562e594e6ea117dd051b7dab09bf4d70d8a893,robinhood,NTF,ETH,2026-08-28T17:52:43Z,48491420,85621.094775,6,6,4095722.078316,4095722.078316,0.000000,0.180341752192803212,0.178969727957674296,-0.001372024235128901,true
0x5d94a67a9f826db91b7dc4bdf09fa7c5f4ba0eba,robinhood,NTF,ETH,2026-08-28T18:22:23Z,48509033,61865.636684,1,1,258615.857703,258615.857703,0.000000,0.006693192,0.005269740481846329,-0.00142345151815367,true
0x86ae1ffedea18537094dba263b45c86acbbd776d,robinhood,NTF,ETH,2026-08-28T18:20:52Z,48508136,57995.829277,1,1,824460.297086,824460.297086,0.000000,0.02,0.018560695087457103,-0.001439304912542899,true
0x8c86ee8dc859f14c04ee495511b61f25375953cf,robinhood,NTF,ETH,2026-08-28T17:52:38Z,48491372,84651.395978,1,1,112678.261256,112678.261256,0.000000,0.003989078644790977,0.002478041301417199,-0.001511037343373778,true
0x178aa501a1e8291e6c2201c7d8a6f24e55832d19,robinhood,NTF,ETH,2026-08-28T17:43:27Z,48485904,65321.590335,1,2,183026.897212,183026.897212,0.000000,0.005,0.003454729022917858,-0.001545270977082142,true
0xde453dab50152e7fc35f79ec96cf2d77bc51e287,robinhood,NTF,ETH,2026-08-28T17:43:34Z,48485968,47619.234934,6,4,1105355.368555,1105355.368555,0.000000,0.029669999999999995,0.028101713346073004,-0.001568286653926994,true
0x945ffdfe02e62b3d888f9ebfca396a212eeaa10a,robinhood,NTF,ETH,2026-08-28T17:51:29Z,48490668,76623.601492,1,1,142475.044355,142475.044355,0.000000,0.004565619339998922,0.002963917506790692,-0.001601701833208229,true
0x2770aa0e6517abd836e2e82bb9291214ecd6f085,robinhood,NTF,ETH,2026-08-28T17:59:42Z,48495584,55003.516416,1,1,864320.485643,864320.485643,0.000000,0.01988415,0.018079907088819503,-0.001804242911180496,true
0x1f9a4af46c3cb4faf57f2a3b54bac89e826e11e7,robinhood,NTF,ETH,2026-08-28T18:14:26Z,48504314,59209.112255,1,1,199882.549563,199882.549563,0.000000,0.00495,0.003144693452327947,-0.001805306547672054,true
0xc3c621f3d65a2aa02351cb887dbde606ef0260b1,robinhood,NTF,ETH,2026-08-28T18:17:05Z,48505894,51690.123670,1,1,332078.610418,332078.610418,0.000000,0.007179793618444487,0.005293006717743991,-0.001886786900700496,true
0x18d65e7732297957bbf93a53b91f14ce2a9a7e7f,robinhood,NTF,ETH,2026-08-28T18:09:46Z,48501549,52972.639288,2,2,348829.131779,348829.131779,0.000000,0.00792,0.006031349185804071,-0.001888650814195929,true
0xa9ffbf21b5ea38bfc5f838eedcda6ab5d9d691ef,robinhood,NTF,ETH,2026-08-28T18:01:22Z,48496561,68419.364954,2,1,737770.692468,708029.881907,29740.810561,0.054802321646965128,0.018266700122551254,-0.001994837253201255,false
0x7a0f44d46f2d68c614d985dbce203e252f902100,robinhood,NTF,ETH,2026-08-28T18:36:19Z,48517329,56542.323193,2,2,1587206.653859,1587206.653859,0.000000,0.029700000000000004,0.027515408098982647,-0.002184591901017356,true
0xf1d85292234b6cb7032c6832048d316205eb7901,robinhood,NTF,ETH,2026-08-28T17:52:04Z,48491016,74643.938040,1,1,231905.361262,231905.361262,0.000000,0.00723941827854447,0.004833253361344147,-0.002406164917200321,true
0x2676d44ddfc917a84599ef32016329b3802a0fda,robinhood,NTF,ETH,2026-08-28T17:55:22Z,48492995,97132.917986,11,11,9257210.416172,9257210.416172,0.000000,0.366701142390530588,0.36427421193681403,-0.002426930453716549,true
0xccc6582ec06eaf6fc51acd4cdb1cb61cb5a113fe,robinhood,NTF,ETH,2026-08-28T17:51:42Z,48490801,79927.256071,1,1,231860.217412,231860.217412,0.000000,0.007750317244345956,0.005278433739359965,-0.002471883504985991,true
0xdf75bbad92ab0f5a09ab63e3de48e7480e14d311,robinhood,NTF,ETH,2026-08-28T17:53:01Z,48491598,79030.985695,2,1,189916.937925,189916.937925,0.000000,0.005976,0.003330344796458104,-0.002645655203541896,true
0x4c43248ac813780a30ae63f6af60ed2ec63a9656,robinhood,NTF,ETH,2026-08-28T17:54:41Z,48492591,90307.050637,1,1,212369.581027,212369.581027,0.000000,0.008020700623304854,0.005371391872983201,-0.002649308750321653,true
0xf90e2bed475ada7d7986282de0e3a91a3a3726ab,robinhood,NTF,ETH,2026-08-28T18:01:55Z,48496883,71379.159366,1,1,388572.469146,388572.469146,0.000000,0.011600727489381788,0.008687999054561069,-0.002912728434820721,true
0x62f7e21455908ddd8ab440dd0afd2fa0ce7dbae4,robinhood,NTF,ETH,2026-08-28T18:38:32Z,48518667,37862.689823,1,1,3147518.073922,3147518.073922,0.000000,0.050000000000000003,0.047040763559512339,-0.002959236440487659,true
0xa572f0633cad8352e0b03ae51f546d84573aa6ba,robinhood,NTF,ETH,2026-08-28T17:53:57Z,48492150,85162.878213,1,1,277962.703195,277962.703195,0.000000,0.009900000000000001,0.006570914292319312,-0.003329085707680689,true
0x25b2f22de27710e88deae7c63ae4a96429538ddd,robinhood,NTF,ETH,2026-08-28T17:55:58Z,48493347,96223.395048,1,1,200288.975392,200288.975392,0.000000,0.008060018864363907,0.004471003805398772,-0.003589015058965135,true
0x7e1df800ef6ce10d10f85d92c3e1c456e0e84576,robinhood,NTF,ETH,2026-08-28T17:53:43Z,48492014,87898.598230,12,12,9804540.695099,9804540.695099,0.000000,0.373153190486981812,0.369441473593600245,-0.003711716893381421,true
0x9c7b74537956ce0c064a8249920d574cca99e153,robinhood,NTF,ETH,2026-08-28T18:20:52Z,48508131,57522.384255,1,1,4156230.592218,4156230.592218,0.000000,0.100000000000000006,0.096012916834940731,-0.003987083165059257,true
0xdc12404543b7c60e71a0eab56b48df3e6563d4ab,robinhood,NTF,ETH,2026-08-28T17:43:30Z,48485935,44134.936389,1,1,3575716.620681,3575716.620681,0.000000,0.066000000000000003,0.061855098966652339,-0.004144901033347671,true
0x5a433c4c9df44a7664442d34ed52a42d6db6479f,robinhood,NTF,ETH,2026-08-28T18:00:46Z,48496202,67542.927232,5,1,1716125.288169,1716125.288169,0.000000,0.044302500000000009,0.040147695063592899,-0.004154804936407104,true
0xab976efbff04397626fd4175c1a3ba3d809fa95e,robinhood,NTF,ETH,2026-08-28T17:51:40Z,48490772,75641.303176,11,11,9051777.395006,9051777.395006,0.000000,0.321756744939844908,0.317310018170919306,-0.004446726768925632,true
0xc8b752b96e5f343a02214a721d234635c1b4d2d9,robinhood,NTF,ETH,2026-08-28T17:51:18Z,48490559,80891.525305,9,9,4797617.819141,4797617.819141,0.000000,0.234844400091385519,0.230262939621833612,-0.004581460469551833,true
0x75484c9f5f3f5c3b6cf93edddaa751114eca4f32,robinhood,NTF,ETH,2026-08-28T17:59:20Z,48495365,55993.460168,1,1,4227443.734279,4227443.734279,0.000000,0.099000000000000005,0.094400192146429002,-0.004599807853571006,true
0xa2426149f6a998c7cc56aedaea3e11736a02cd09,robinhood,NTF,ETH,2026-08-28T18:31:13Z,48514303,79156.715914,1,1,298111.618709,298111.618709,0.000000,0.009900000000000001,0.005290515314220626,-0.004609484685779373,true
0x173e8fccd6dd8d1cb847f7632515c95b14ecfff0,robinhood,NTF,ETH,2026-08-28T17:50:21Z,48490002,74028.774380,9,9,7911042.046906,7911042.046906,0.000000,0.32198865171854657,0.317310315997253956,-0.004678335721292661,true
0x0dffccb4a0ba8420987f2ddb3e8427a7e519a316,robinhood,NTF,ETH,2026-08-28T17:43:56Z,48486191,36390.731638,1,1,975747.234576,975747.234576,0.000000,0.01485,0.010029200523690735,-0.004820799476309267,true
0x2c7dc56ca07fd2afdeeab9747698d8980dfc836f,robinhood,NTF,ETH,2026-08-28T17:51:36Z,48490741,75691.174058,7,7,5765602.930380,5765602.930380,0.000000,0.221329371395626723,0.216491985370011547,-0.00483738602561519,true
0xf9948160390127ecccd5a96815d388f357b830e5,robinhood,NTF,ETH,2026-08-28T17:47:25Z,48488269,51704.462966,4,1,3612447.097124,3612447.097124,0.000000,0.079200000000000007,0.074204270154047444,-0.004995729845952556,true
0x8330ab4b45756ee7f40ccbe661c456819b00fdaa,robinhood,NTF,ETH,2026-08-28T17:50:13Z,48489920,77488.632352,1,1,372543.534561,372543.534561,0.000000,0.012072948939474406,0.006676712785735302,-0.005396236153739103,true
0x8caa049ed5b99c7be144e3d1bc28c3e58f7424e1,robinhood,NTF,ETH,2026-08-28T17:49:51Z,48489715,71597.760630,6,5,2702061.281820,2702061.281820,0.000000,0.086805809438715076,0.081220037128413219,-0.005585772310301849,true
0x8eac4c81c754e968d195b8db0fe09da70283baaa,robinhood,NTF,ETH,2026-08-28T18:00:56Z,48496299,67238.500156,6,6,2947277.179997,2947277.179997,0.000000,0.144379154757668382,0.138612485237595118,-0.005766669520073266,true
0x1f0304e2034c3a8689537ce261db773991975439,robinhood,NTF,ETH,2026-08-28T17:51:15Z,48490531,85527.996375,10,10,8766315.899195,8766315.899195,0.000000,0.31185253935477103,0.305887169715029772,-0.005965369639741314,true
0x1b30f0a3e7fb54211ab31741a2dc58725157b039,robinhood,NTF,ETH,2026-08-28T17:53:41Z,48491993,87138.037824,17,1,2830665.238221,2830665.238221,0.000000,0.084595499999999976,0.07835175549739179,-0.006243744502608209,true
0x9a5a7f755c4ae94249ec5debd8abfad33ab65eb9,robinhood,NTF,ETH,2026-08-28T17:53:40Z,48491983,85764.828411,12,12,12321581.919788,12321581.919788,0.000000,0.441417990376940628,0.434582965957736822,-0.006835024419203767,true
0x9db52340c0b957c8d93b17b935bda240c3f9eaf8,robinhood,NTF,ETH,2026-08-28T18:00:08Z,48495839,67097.227750,1,1,722390.354410,722390.354410,0.000000,0.020273012321089835,0.01287854642764394,-0.007394465893445895,true
0x400b8fd0adf46a7957cfc676d74a56e80aab00cc,robinhood,NTF,ETH,2026-08-28T17:55:15Z,48492922,96814.826675,1,1,489018.152549,489018.152549,0.000000,0.019800000000000002,0.012227047635414545,-0.007572952364585456,true
0x7b811cb452d251ba0b8e35ea3ab8220e2761f953,robinhood,NTF,ETH,2026-08-28T17:58:12Z,48494680,90050.593923,1,1,1879374.615495,1879374.615495,0.000000,0.07078153728849014,0.063057405249155929,-0.00772413203933422,true
0x7d4fabde338c243d0dc1b7bccf5b93d81666ea63,robinhood,NTF,ETH,2026-08-28T17:43:30Z,48485935,45626.926866,1,1,3458791.473341,3458791.473341,0.000000,0.066000000000000003,0.057985229879146859,-0.008014770120853139,true
0xf3aaa12a784fa6d96db37c77d2f46198b48b3023,robinhood,NTF,ETH,2026-08-28T17:49:58Z,48489774,73756.033814,9,9,9859438.934315,9859438.934315,0.000000,0.284428708690214638,0.276386300855361255,-0.008042407834853405,true
0x7a9fa555dddc3ef62f3c2774b50cf56bafbac66d,robinhood,NTF,ETH,2026-08-28T17:53:41Z,48491993,85585.802623,17,1,2852047.301422,2852047.301422,0.000000,0.084595499999999976,0.076454709147616956,-0.008140790852383048,true
0x82bfe2a4624e9d8d0fd59ce192a38fb6017e284a,robinhood,NTF,ETH,2026-08-28T17:58:12Z,48494680,87688.008827,1,1,2119160.939778,2119160.939778,0.000000,0.077718462711509853,0.069357447798769803,-0.008361014912740052,true
0x95c658f20876b43672dd35754e49f4409d43c8d3,robinhood,NTF,ETH,2026-08-28T17:50:58Z,48490358,74254.850185,1,1,1062651.296225,1062651.290000,0.006225,0.033000000000000002,0.024415548634078486,-0.008584451172615522,false
0x8bc5b0ae89a7dcbaff375ac5b50ef65fe5c89658,robinhood,NTF,ETH,2026-08-28T17:58:37Z,48494919,65029.062624,1,1,1258841.760127,1258841.760127,0.000000,0.03423723533058249,0.025306104034099788,-0.008931131296482701,true
0x1836b1157eaa7ab8a9634e3896d3e017b8b4bc55,robinhood,NTF,ETH,2026-08-28T17:54:00Z,48492186,92071.249071,1,1,514212.722840,514212.722840,0.000000,0.019800000000000002,0.010053045150643264,-0.00974695484935674,true
0xc382c55c207cdd3cd1cdc2349f2310f1dcad9293,robinhood,NTF,ETH,2026-08-28T17:53:57Z,48492151,85950.730711,3,1,835837.529210,835837.529210,0.000000,0.029257096803420833,0.01929549641098554,-0.009961600392435295,true
0xc07578b5d4d9a411a9d13bcc181e658b98fc8e14,robinhood,NTF,ETH,2026-08-28T17:53:57Z,48492150,85517.726256,6,1,2781038.831013,2781038.831013,0.000000,0.077219999999999983,0.066815098870391387,-0.010404901129608608,true
0x3d0025d7d494eeb8d0015615eea103689378467d,robinhood,NTF,ETH,2026-08-28T17:50:48Z,48490265,74684.426424,8,8,7437133.974610,7437133.974610,0.000000,0.29368276718383024,0.283207438084520369,-0.010475329099309788,true
0x48ad8f407ce6f256599e1b0c2e6aabdc8df7a53a,robinhood,NTF,ETH,2026-08-28T17:43:51Z,48486138,42617.335097,1,1,1388642.895325,1388642.895325,0.000000,0.024750000000000001,0.014126233064371559,-0.010623766935628443,true
0x2da97cfa1904409aa99535ddd1ddad457e5632cc,robinhood,NTF,ETH,2026-08-28T17:43:47Z,48486100,42475.491375,1,1,1857706.885671,1857706.885671,0.000000,0.033000000000000002,0.022234189946882199,-0.010765810053117801,true
0x1a7cf18f7ae660f345af4bb44e2fa49018d2d3d2,robinhood,NTF,ETH,2026-08-28T17:54:14Z,48492319,94821.322280,2,2,4354016.632895,4354016.632895,0.000000,0.140124940968659406,0.129137630819462307,-0.010987310149197099,true
0x6dfd47a3d4559870202636c33cc1506a15b6d1d4,robinhood,NTF,ETH,2026-08-28T17:50:25Z,48490035,74475.827739,10,10,12119333.808548,12119333.808548,0.000000,0.386154049908437269,0.375117978506277205,-0.011036071402160088,true
0x33dcada551bf5a1eced4b39f0900724a78a49128,robinhood,NTF,ETH,2026-08-28T17:43:30Z,48485935,47143.716690,1,1,3347509.205458,3347509.205458,0.000000,0.066000000000000003,0.054467513453984491,-0.011532486546015519,true
0x9b0c5f1f1d425644d65fbf1e30097ae7c5576e14,robinhood,NTF,ETH,2026-08-28T17:49:01Z,48489225,63459.788188,1,1,3730252.576599,3730252.576599,0.000000,0.099000000000000005,0.087423501595024891,-0.011576498404975093,true
0x34c044bdc462ad4f3c834049c67ca095c100f41b,robinhood,NTF,ETH,2026-08-28T17:43:47Z,48486100,43204.326667,1,1,1826368.303545,1826368.303545,0.000000,0.033000000000000002,0.021276704254734068,-0.011723295745265934,true
0xca4775d7c17f4f28f7665a5af8511d8ddb60c4c8,robinhood,NTF,ETH,2026-08-28T17:43:47Z,48486100,43939.361795,1,1,1795816.087827,1795816.087827,0.000000,0.033000000000000002,0.021202965734839058,-0.011797034265160943,true
0x3dcecafd9053815f21abf2c60c7556bc502e2b1f,robinhood,NTF,ETH,2026-08-28T18:00:01Z,48495774,69889.636997,1,1,3175719.488011,3175719.488011,0.000000,0.092831782134693355,0.080665461411947789,-0.012166320722745571,true
0x2e90a1962232b1d0886e42f3b79a4cbedd63b2f5,robinhood,NTF,ETH,2026-08-28T17:43:39Z,48486018,37021.171052,1,1,2557682.878971,2557682.878971,0.000000,0.039600000000000003,0.02741968734059429,-0.012180312659405713,true
0x181c10075f616d56d047b2edfc2fb4cf1692377b,robinhood,NTF,ETH,2026-08-28T17:49:35Z,48489557,71480.872241,1,1,1357926.760547,1357926.760547,0.000000,0.040594250531912235,0.027894266324521536,-0.012699984207390696,true
0x6f53159f08ce4de0f819b9ec7859d7bb561a2058,robinhood,NTF,ETH,2026-08-28T17:53:57Z,48492147,82362.392472,6,1,2454639.151872,2454639.151872,0.000000,0.076725000000000002,0.063949115211327484,-0.012775884788672516,true
0xa6c629171126405c55211c383d9c7fa8aff4c857,robinhood,NTF,ETH,2026-08-28T18:44:03Z,48521961,98754.816438,2,1,4038396.519531,4038396.519531,0.000000,0.165000000000000008,0.151968463742991444,-0.013031536257008548,true
0x62ea3175f2a7055f11624461a195805d7f6333c0,robinhood,NTF,ETH,2026-08-28T17:43:39Z,48486018,37838.686315,1,1,2502423.434335,2502423.434335,0.000000,0.039600000000000003,0.026353533163612601,-0.013246466836387394,true
0x48f1814eff57218e9317e8df4f4c9d8a7c4234cd,robinhood,NTF,ETH,2026-08-28T17:50:55Z,48490330,72887.814598,8,8,7911517.368509,7911517.368509,0.000000,0.29545010459898019,0.282125963189353457,-0.013324141409626709,true
0xa55c27f293152de9db439efe23678aa48a454983,robinhood,NTF,ETH,2026-08-28T17:50:37Z,48490156,75077.935417,4,1,1619182.926612,1292764.692487,326418.234125,0.17450502483205993,0.026635385527312701,-0.013955650952113543,false
0x0af7fbbe530bc0a908fe739bc89193e416b31c85,robinhood,NTF,ETH,2026-08-28T17:43:28Z,48485912,65851.389535,1,1,1078432.999232,1078432.999232,0.000000,0.029700000000000001,0.015283451363075531,-0.014416548636924468,true
0x91d0824439c4544a3b7bceecddb148cf909f9800,robinhood,NTF,ETH,2026-08-28T17:53:57Z,48492147,83350.656747,6,1,2436943.705557,2436943.705557,0.000000,0.076725000000000002,0.061809910311498677,-0.014915089688501334,true
0xb8c6eab8d0d98872223dac87e409b778c0449e9f,robinhood,NTF,ETH,2026-08-28T17:54:30Z,48492482,92265.523918,1,1,768840.174734,768840.174734,0.000000,0.029667015483775497,0.013917764845540014,-0.015749250638235485,true
0x0745362dd534d4b651403bbe5546c2298584c84e,robinhood,NTF,ETH,2026-08-28T17:50:15Z,48489936,78000.182695,8,8,10690283.349398,10690283.349398,0.000000,0.300024683520213165,0.283595136746172205,-0.016429546774040918,true
0x1d657f356bba5d2f44016b0b4f5af9ffcf3d5e29,robinhood,NTF,ETH,2026-08-28T18:30:33Z,48513894,74849.360713,1,1,1576335.221049,1576335.221049,0.000000,0.049500000000000002,0.032410310498927349,-0.017089689501072654,true
0x4e3e28678e6a421814031df3a5c9d8ed412ec223,robinhood,NTF,ETH,2026-08-28T17:53:57Z,48492148,84349.835741,6,1,2443413.107651,2443413.107651,0.000000,0.077500000000000013,0.060360882919211246,-0.017139117080788756,true
0x6d4e04160e4f6c6b0c42bc81548b404d94e418a4,robinhood,NTF,ETH,2026-08-28T17:54:50Z,48492680,93956.909250,11,11,12130387.777036,12130387.777036,0.000000,0.3668638816388749,0.347670647952694756,-0.019193233686180151,true
0x42da592338f28b04abac815ddaead3974d82b095,robinhood,NTF,ETH,2026-08-28T17:54:53Z,48492709,94805.617279,11,11,11134959.852081,11134959.852081,0.000000,0.359755892854647374,0.339900210497982025,-0.019855682356665346,true
0xa3e6097901c4e7e0cbf017156f9433739334fd2c,robinhood,NTF,ETH,2026-08-28T17:51:06Z,48490444,75544.697896,15,15,20647588.726652,20647588.726652,0.000000,0.578402779293518021,0.55808932115974097,-0.020313458133777121,true
0x12ee14b5de0f3a9189dd01ca1eb5d7dee1e75de9,robinhood,NTF,ETH,2026-08-28T17:59:31Z,48495474,59396.265137,1,2,2290210.943329,2290210.943329,0.000000,0.056895300000000003,0.036048593596377285,-0.020846706403622704,true
0xd8f5be332daa5b1c2a8bc855e744e6d5294d024f,robinhood,NTF,ETH,2026-08-28T17:50:12Z,48489906,78600.824662,11,11,11700156.134227,11700156.134227,0.000000,0.356317124301450183,0.33379801975528145,-0.022519104546168796,true
0x14acb8bce589c252f39fd8431d5afc1bcd315a4b,robinhood,NTF,ETH,2026-08-28T17:55:13Z,48492903,97191.844644,1,1,1503792.620966,1503792.620966,0.000000,0.061124611476905129,0.037713537953389678,-0.023411073523515451,true
0x8da54bc39b8b03b0972b6bc3da28d51369bd8a73,robinhood,NTF,ETH,2026-08-28T17:43:28Z,48485909,67654.760443,1,1,2274321.480886,2274321.480886,0.000000,0.064350000000000004,0.040918584741241507,-0.023431415258758501,true
0x35926266d9d60bfba3e98eae7ba06fe0b0b60f8c,robinhood,NTF,ETH,2026-08-28T18:06:57Z,48499879,48924.260824,3,2,4667443.084744,4667443.084744,0.000000,0.118800000000000017,0.095071583547553101,-0.023728416452446909,true
0x78b48c0532667499caa7acadd27fb5d9f1f6c414,robinhood,NTF,ETH,2026-08-28T17:52:38Z,48491369,83053.271589,1,1,2850231.349964,2850231.349964,0.000000,0.099000000000000005,0.073911382392287894,-0.02508861760771211,true
0x77b957db08069da175cb797102ce741c2323fd2e,robinhood,NTF,ETH,2026-08-28T17:51:20Z,48490575,72262.962050,12,12,11705377.877958,11705377.877958,0.000000,0.411739384293389465,0.386481877333719082,-0.025257506959670419,true
0xf8b56f781d7edd0b3bf6474a3031bd07b6703ced,robinhood,NTF,ETH,2026-08-28T17:49:21Z,48489418,66823.719048,2,2,7705561.412274,7705561.412274,0.000000,0.23641813754997304,0.209265446295833435,-0.027152691254139587,true
0xbec5563d637de855eba97c9cb48ab57e77f552ce,robinhood,NTF,ETH,2026-08-28T17:50:43Z,48490215,75609.418833,4,2,4659790.778609,2669371.140522,1990419.638087,0.41932693592789555,0.092785321150399114,-0.031119490893921672,false
0x72414610f4f0586d1e7933c652042a45be2efc0c,robinhood,NTF,ETH,2026-08-28T17:47:53Z,48488551,53417.633408,2,2,7354395.238645,7354395.238645,0.000000,0.198000000000000009,0.163444988504995503,-0.034555011495004506,true
0xa4bd4806a7e7e49baaa1343e303eeaeab52988ee,robinhood,NTF,ETH,2026-08-28T17:58:51Z,48495058,59542.667035,6,4,17267926.655750,17267926.655750,0.000000,0.440000000000000002,0.402633340859188393,-0.037366659140811574,true
0x2635cd0fd22926874ce5889e921aa6348d7bf0d3,robinhood,NTF,ETH,2026-08-28T17:53:58Z,48492160,87733.954487,1,1,2698169.024558,2698169.024558,0.000000,0.099000000000000005,0.060674517790579488,-0.03832548220942051,true
0xddb25ad78e23f8d050257b8b47e6af56c430bb00,robinhood,NTF,ETH,2026-08-28T17:49:23Z,48489444,69740.126919,8,3,6466584.122003,3978058.671050,2488525.450953,0.791999999999999926,0.305898673390113451,-0.0460443037338851,false
0xae5d6437b4104e2fd4e89da3b4a0a1a1f86f2700,robinhood,NTF,ETH,2026-08-28T17:59:59Z,48495750,56910.564693,3,1,9411766.400599,9411766.400599,0.000000,0.244747443600000003,0.1948157942639685,-0.049931649336031461,true
0x8900fc68fd28a36b40aa71e0b0cbc69f47eb6c56,robinhood,NTF,ETH,2026-08-28T17:59:59Z,48495751,59456.740074,3,1,10774369.204424,10774369.204424,0.000000,0.289852556400000017,0.239096696336476788,-0.050755860063523214,true
0x4b21a4b2e88fe128f4851750811dfa9c64236a83,robinhood,NTF,ETH,2026-08-28T17:43:27Z,48485902,52492.199135,1,1,7743830.106096,7743830.106096,0.000000,0.170000000000000012,0.119010071757376074,-0.050989928242623953,true
0x283424370a9e1fa4d67b1a29fb6f265ab7c730a7,robinhood,NTF,ETH,2026-08-28T17:51:14Z,48490517,78339.139483,11,1,9186705.858059,7078305.114979,2108400.743079,2.673000000000000043,0.170348454890146189,-0.060651545109853808,false
0x0e8f464c21fa38df5b24a1c29000ab66b053587a,robinhood,NTF,ETH,2026-08-28T18:10:21Z,48501895,56139.990687,18,4,28711472.769045,28711472.769045,0.000000,0.663300000000000112,0.599679663733150514,-0.063620336266849528,true
0x8b92561449d16c4dbe6e68a1089df2c43f8a94e6,robinhood,NTF,ETH,2026-08-28T17:51:14Z,48490517,88506.209916,5,1,7006444.152367,6448950.886703,557493.265664,0.891000000000000014,0.144638552630371425,-0.086361447369628586,false
0x4fc816200c5d8ad36967eb616f4ffd418ac68f14,robinhood,NTF,ETH,2026-08-28T17:51:14Z,48490517,83345.176740,5,1,7319509.788539,6750158.157795,569351.630744,0.891000000000000014,0.141669852334194851,-0.089330147665805146,false
0x5655d297e4d8e60d152cc99c8ea45d5a0985dfc2,robinhood,NTF,ETH,2026-08-28T17:51:42Z,48490792,79030.037647,2,1,9486626.951617,9486626.951617,0.000000,0.297599999999999976,0.153709049539300591,-0.143890950460699441,true
