wallet,trades,tokens_bought,tokens_sold,realized_pnl_eth,realized_pnl_usd,implied_balance,onchain_balance,balance_delta,remaining_tokens,unrealized_pnl_usd,still_holding,first_action_sell,first_buy_mcap_usd,price_block,price_usd,paths,balance_match,boundary_balance,boundary_delta,raw_net
0x9461e61ff08fc329e12e824e18533261129d7b3c,11,18573994.994052924,18573994.994052924,3.176705426743541,5621.879059179559,0.0,0.0,0.0,6.984919309616089e-10,0.0,False,False,8781.391839397822,51165960,0.2563271633796273,single,True,0.0,0.0,4.656612873077393e-10
0x99778c01729d2ca6469286db22c4e0007ef6849f,9,18614922.801825076,18614922.80182508,1.8040537809264359,3192.670018202108,-3.725290298461914e-09,0.0,3.725290298461914e-09,0,0.0,False,False,8495.401257303636,51165960,0.2563271633796273,single,True,0.0,3.725290298461914e-09,-1.862645149230957e-09
0xa0d30b692f89af045c908f3dc5f42e081c704e7a,7,16411523.547283396,16411523.547283396,1.441682773787667,2551.374807278002,0.0,0.0,0.0,9.313225746154785e-10,0.0,False,False,9608.00803292727,51165960,0.2563271633796273,single,True,0.0,0.0,9.313225746154785e-10
0xe9bf8afe9380d408e10452bebed307b84c9f048b,3,14582649.71043349,10936987.282825118,1.4371352638579267,2543.3269881033975,3645662.4276083726,0.0,-3645662.4276083726,3645662.4276083726,0.0,False,False,72814.74959084259,51165960,0.2563271633796273,single,False,3645662.4276083726,0.0,3645662.4276083726
0x990a10d6583af349042f111ceac7dd78d287cb1a,9,17868806.078730866,17868806.07873086,1.3822559744245755,2446.2060131931485,7.450580596923828e-09,0.0,-7.450580596923828e-09,6.984919309616089e-10,0.0,False,False,12067.270095581445,51165960,0.2563271633796273,single,True,0.0,-7.450580596923828e-09,2.0954757928848267e-09
0x00fdf1e1ed8b5fb86c8fc9bc5f0639820187cb05,6,18119055.698165826,18119055.698165826,1.3663102614816234,2417.986566428276,0.0,0.0,0.0,0,0.0,False,False,4883.587775970006,51165960,0.2563271633796273,single,True,0.0,0.0,0.0
0x7a32ac863a3022d05a7f763a590bdf9cdda637e6,7,19180946.921155334,11377510.730343085,1.2829932165939233,2270.538727549793,7803436.190812249,0.0,-7803436.190812249,7803436.190812249,0.0,False,False,8169.430701591284,51165960,0.2563271633796273,single,False,0.0,-7803436.190812249,0.0
0x1a8e9c30298ef469ef2a72d8d03007ccf6a88ba8,11,20907123.469747625,18844316.62776216,1.2250026001469805,2167.911575064275,2062806.841985464,0.0,-2062806.841985464,2062806.8419854636,0.0,False,False,51498.400262402065,51165960,0.2563271633796273,single,False,1962548.5965389356,-100258.24544652854,1962548.5965389356
0x78e86865e47dfb7da68495d7f4c80113448cdad6,22,17100273.14474269,16801811.688706752,1.1748367492277427,2079.1320664593827,298461.4560359381,0.0,-298461.4560359381,298461.45603593544,0.0,False,False,17469.735271413243,51165960,0.2563271633796273,single,False,298461.4560359358,-2.3283064365386963e-09,298461.4560359366
0xdcae2343698b2b36e413ef390eb82aae9d4d9513,3,18943651.348778773,18943651.348778777,1.0983936853522847,1943.849249109363,-3.725290298461914e-09,0.0,3.725290298461914e-09,0,0.0,False,False,3699.4405066954664,51165960,0.2563271633796273,single,True,0.0,3.725290298461914e-09,-1.862645149230957e-09
0xd26960d6ab7869bc34f1ca3add02a12fabdea1c0,22,15696012.187952379,15422060.15151872,1.0686853295270033,1891.2737782801353,273952.0364336595,0.0,-273952.0364336595,273952.03643365955,0.0,False,False,19073.336231916208,51165960,0.2563271633796273,single,False,273952.0364336585,-9.89530235528946e-10,273952.0364336584
0x50d962cae840e09e485e3072389796bf40463917,3,15389179.756411651,15389179.756411651,0.9838248094571801,1741.094420535694,0.0,0.0,0.0,0,0.0,False,False,10246.293341864322,51165960,0.2563271633796273,single,True,0.0,0.0,0.0
0xca9b6e25083521c678606749bef11dbcf5d86f15,9,22319722.80495593,15053408.48462528,0.974433110215439,1724.4737427565203,7266314.32033065,0.0,-7266314.32033065,7266314.320330648,0.0,False,False,12725.621541798262,51165960,0.2563271633796273,single,False,7268963.425173469,2649.1048428192735,7268963.425173469
0x63d0d2323758d38b9d38f3dc74b343c8090c2ac2,9,19639623.889325052,9084866.455123084,0.9716648861229962,1719.5747612754537,10554757.434201969,0.0,-10554757.434201969,10554757.434201973,0.0,False,False,7808.2656868815175,51165960,0.2563271633796273,single,False,0.0,-10554757.434201969,-9.313225746154785e-10
0xc4da46c0db51f63fafaa062e1125691e050bf04f,22,14461833.924745556,14209422.7513336,0.9669437480527718,1711.219668911823,252411.17341195606,0.0,-252411.17341195606,252411.17341195565,0.0,False,False,20747.307195123838,51165960,0.2563271633796273,single,False,252411.1734119554,-6.693881005048752e-10,252411.1734119552
0x5cf9b3fc56305251f7737437c4ea9cd8bdbf8252,8,13400870.360184338,8804071.647145042,0.8763449797418583,1550.885218614142,4596798.713039296,0.0,-4596798.713039296,4596798.713039296,0.0,False,False,48659.18017427611,51165960,0.2563271633796273,single,False,4596798.713039296,0.0,4596798.713039296
0x8005d0bcac0602be4539ef050a78848d81fd94d5,8,17221656.942005303,17221656.942005303,0.8706286486896095,1540.7689133478655,0.0,0.0,0.0,0,0.0,False,False,5138.065356757649,51165960,0.2563271633796273,single,True,0.0,0.0,-1.862645149230957e-09
0xbba0795de52dcbc3563a4cdf294cd01ee4987159,10,16389316.497222612,16389316.497222612,0.8663837137727646,1533.256567218544,0.0,0.0,0.0,4.656612873077393e-10,0.0,False,False,5399.004829437363,51165960,0.2563271633796273,single,True,0.0,0.0,4.656612873077393e-10
0x4247c1314b83b58d5413b68ade81f6e013c91cb6,5,17189913.23107295,7838600.433369266,0.8121338809915402,1437.2495543210966,9351312.797703685,0.0,-9351312.797703685,9351312.797703687,0.0,False,False,24286.93685610894,51165960,0.2563271633796273,single,False,9351312.797703687,1.862645149230957e-09,9351312.797703687
0x731a615d6c512e642f2d4204502b7a9ce5298b64,4,17679251.935634665,13259438.951725999,0.7516490184553848,1330.2082847004692,4419812.983908666,0.0,-4419812.983908666,4419812.983908666,0.0,False,False,68130.53412466726,51165960,0.2563271633796273,single,False,4419812.983908666,0.0,4419812.983908666
0x8e1a4ff101fc5dc0677f1ee4a8b6100af7738c9b,8,12186110.442720138,12186110.442720138,0.7425346999235355,1314.078493105212,0.0,0.0,0.0,9.313225746154785e-10,0.0,False,False,7188.605366925553,51165960,0.2563271633796273,single,True,0.0,0.0,9.313225746154785e-10
0x2a9ff793ea789c0bcc46c5500fbf0d98e1efbc58,16,12176969.222549334,12176969.222549336,0.7268657198522301,1286.348786031971,-1.862645149230957e-09,0.0,1.862645149230957e-09,0,0.0,False,False,13716.56054919852,51165960,0.2563271633796273,single,True,0.0,1.862645149230957e-09,-2.7939677238464355e-09
0x6435f49636fa76e33a3adae4bbb7315e6ef39998,13,12469690.907625962,12469690.907625962,0.7264082391499358,1285.539173293391,0.0,0.0,0.0,4.656612873077393e-10,0.0,False,False,13168.095517724123,51165960,0.2563271633796273,single,True,0.0,0.0,9.313225746154785e-10
0x7e6f5e16ba156ce28861abbd7aabea2c7f1a70c5,8,11690217.662862381,11690217.662862381,0.7057567715542222,1248.9918585061077,0.0,0.0,0.0,0,0.0,False,False,7493.542161218934,51165960,0.2563271633796273,single,True,0.0,0.0,-4.656612873077393e-10
0x194db29f5bebacf3201abc9dbdda452116a3ff23,3,24465008.019373666,9474702.050946804,0.6962589310940254,1232.183340492102,14990305.968426863,0.0,-14990305.968426863,14990305.968426863,0.0,False,False,81501.65329557506,51165960,0.2563271633796273,single,False,14990305.968426863,0.0,14990305.968426863
0xa1ed363f641ccf0647e31af8e7746294a582301c,18,12227156.705418926,12227156.705418926,0.6831905620720952,1209.0559867489715,0.0,0.0,0.0,0,0.0,False,False,13423.972778774718,51165960,0.2563271633796273,single,True,0.0,0.0,0.0
0x2709811df9b4bf39470c0b9021d231760ee46246,17,32622572.893924434,25363061.106034283,0.6494057307426531,1149.266295778598,7259511.787890151,0.0,-7259511.787890151,7259511.787890153,0.0,False,False,109367.86592858372,51165960,0.2563271633796273,single,False,7259511.787890154,2.7939677238464355e-09,7259511.787890153
0xeb042c68d42be3d9cb440eb07cb3d5eba0b6480c,14,19399116.423007518,10988043.672001645,0.6349756958243139,1123.7291746946953,8411072.751005873,0.0,-8411072.751005873,8411072.751005873,0.0,False,False,71025.4129420172,51165960,0.2563271633796273,single,False,8411072.751005875,1.862645149230957e-09,8411072.751005873
0x63623d092e67fd2529e11dd6e74503748b00865b,6,15850742.36598669,15850742.36598669,0.6066342614940861,1073.5727721441597,0.0,0.0,0.0,0,0.0,False,False,44489.61724557272,51165960,0.2563271633796273,single,True,0.0,0.0,0.0
0xbe053615f67b836a4fded86076faf425b4c6a8f2,179,9533132.307426952,8285749.329973902,0.5994702731835182,1060.894518905969,1247382.9774530502,0.0,-1247382.9774530502,1247382.9774530586,0.0,False,False,21915.104081035763,51165960,0.2563271633796273,single,False,1247382.97745306,9.778887033462524e-09,1247382.9774530493
0x6bf3e77a294288e671dc20519dccf00714faafde,176,9488695.815610789,8247127.225463146,0.5981400835775075,1058.5404557851605,1241568.5901476424,0.0,-1241568.5901476424,1241568.5901476347,0.0,False,False,22514.441723355114,51165960,0.2563271633796273,single,False,1241568.5901476354,-6.984919309616089e-09,1241568.5901476434
0x6c119befbdb3997ebb34cdfb9068f3e45c48ddbd,174,9473248.015769811,8233700.725855859,0.5947278944204918,1052.5018364639316,1239547.2899139524,0.0,-1239547.2899139524,1239547.2899139547,0.0,False,False,23737.371517217176,51165960,0.2563271633796273,single,False,1239547.2899139533,9.313225746154785e-10,1239547.2899139514
0x6a181232f550132cfe851136f6a2a026d3b5bdbe,177,9501275.324056143,8258060.741364451,0.5936816969388965,1050.6503598794072,1243214.5826916918,0.0,-1243214.5826916918,1243214.5826916848,0.0,False,False,23121.864202082248,51165960,0.2563271633796273,single,False,1243214.582691685,-6.752088665962219e-09,1243214.5826916925
0x26569ffa1809ace639de970dfc8f6e6787b3e2a6,2,19552814.75770981,19552814.75770981,0.5866496637788726,1038.2056303073864,0.0,44.80066295175975,44.80066295175975,0,11.483626851951337,True,False,17920.926478566216,51165960,0.2563271633796273,single,False,0.0,0.0,0.0
0xdcc0da4936c2ee5b5d2e0eb6cf6349e85b9a3cde,3,6919222.191314909,6919222.191314909,0.5680110896452887,1005.2205732944119,0.0,0.0,0.0,0,0.0,False,False,14433.023773409908,51165960,0.2563271633796273,single,True,0.0,0.0,0.0
0xbce65b54c2f5ced942dc4098e96c849ae1acc904,12,13612109.662539972,13612109.662539974,0.5046218045258779,893.0392890024996,-1.862645149230957e-09,0.0,1.862645149230957e-09,0,0.0,False,False,4504.870940034552,51165960,0.2563271633796273,single,True,0.0,1.862645149230957e-09,-2.3283064365386963e-10
0xc713da39bc5bade9ce47fac6341bebacedad78c5,2,13600694.261587817,7001274.29663463,0.4975725832427082,880.5641412655564,6599419.964953187,0.0,-6599419.964953187,6599419.964953187,0.0,False,False,16102.32853662032,51165960,0.2563271633796273,single,False,0.0,-6599419.964953187,9.313225746154785e-10
0x25c9a7160421b6d0f7113c9cea0d36576d86805b,6,14289702.317487363,14289702.317487363,0.4895428619761243,866.3537831191505,0.0,0.0,0.0,0,0.0,False,False,46003.71292284481,51165960,0.2563271633796273,single,True,0.0,0.0,0.0
0x18b94ef5e862f10b8af7d173356cf7a3ab1e31f5,12,6577267.981642294,6577267.981642294,0.48198601781677225,852.9802850367379,0.0,0.0,0.0,0,0.0,False,False,5860.260101457711,51165960,0.2563271633796273,single,True,0.0,0.0,-9.313225746154785e-10
0x6d9b561eb7fec2961b07a50bc864841404bdaac9,3,11876543.652499568,8819349.42090353,0.47180133051647605,834.9562404477116,3057194.2315960377,0.0,-3057194.2315960377,3057194.2315960373,0.0,False,False,18439.947996159797,51165960,0.2563271633796273,single,False,0.0,-3057194.2315960377,0.0
0x8dd84e0b7b4c1f84fd5d628a029503ef7368147f,12,6316210.631257887,6316210.631257886,0.4708813476677497,833.3281284205411,9.313225746154785e-10,0.0,-9.313225746154785e-10,4.656612873077393e-10,0.0,False,False,6102.4724125986595,51165960,0.2563271633796273,single,True,0.0,-9.313225746154785e-10,4.656612873077393e-10
0x182d0928ea38b897f33ecfd7f67735fc351b7658,12,6070392.8591965,6070392.8591965,0.4605857844182689,815.1078644491196,0.0,0.0,0.0,4.656612873077393e-10,0.0,False,False,6349.589231448113,51165960,0.2563271633796273,single,True,0.0,0.0,4.656612873077393e-10
0x6e3bbe067820e8c048e52fe43abe4080be656db5,6,23229568.738254346,15600891.759533789,0.4536098467035183,802.7624081072956,7628676.978720557,0.0,-7628676.978720557,7628676.978720558,0.0,False,False,183776.74342525078,51165960,0.2563271633796273,single,False,7628676.978720558,9.313225746154785e-10,7628676.978720558
0xd1039c6fa0da0f38c60a03748e225dd4c42f398f,12,6444757.020050261,6444757.020050261,0.4435036704406774,784.8773060697785,0.0,0.0,0.0,0,0.0,False,False,5980.753193564623,51165960,0.2563271633796273,single,True,0.0,0.0,-9.313225746154785e-10
0x5843743ab100d5419f8b8162a9a5e43a0525993b,3,19609624.602223244,19609624.602223244,0.43711062625906216,773.5634080588208,0.0,0.0,0.0,0,0.0,False,False,4113.445839144001,51165960,0.2563271633796273,single,True,0.0,0.0,0.0
0xa2f42d861782b5d79d36762abb8274873aaaeccc,5,5341028.253631518,4005771.190223638,0.43489991124657573,769.6510615346888,1335257.0634078803,0.0,-1335257.0634078803,1335257.0634078793,0.0,False,False,131060.07327421386,51165960,0.2563271633796273,single,False,1335257.0634078793,-9.313225746154785e-10,1335257.0634078803
0xd2b67f43cfe515718fa52fe73501150956bb9783,12,6191472.223115583,6191472.223115583,0.4338000547350874,767.7046234929416,0.0,0.0,0.0,1.862645149230957e-09,0.0,False,False,6225.417758559824,51165960,0.2563271633796273,single,True,0.0,0.0,1.862645149230957e-09
0x28d52ce74cd74fbde12e7f5b529c0657ca1ada3e,3,11134908.119251149,11134908.119251149,0.4314470021799466,763.5403793758986,0.0,0.0,0.0,0,0.0,False,False,19668.132415711592,51165960,0.2563271633796273,single,True,0.0,0.0,0.0
0x49d10829c285feff91406ede1e411f0fa95e62f7,12,5952830.8140036855,5952830.8140036855,0.42289550642702195,748.4066264967995,0.0,0.0,0.0,0,0.0,False,False,6474.986831263529,51165960,0.2563271633796273,single,True,0.0,0.0,0.0
0x82370d6c5a04e0812bcd7877cf5db10acd894cca,12,5619930.977233197,5619930.977233197,0.4056927342944498,717.962536970033,0.0,0.0,0.0,0,0.0,False,False,6858.536392272533,51165960,0.2563271633796273,single,True,0.0,0.0,0.0
0x9b4119b5728f5db6aef0f4cbe7e65cc62dab1be4,12,5838651.158037331,5838651.158037331,0.39875390013725476,705.6827435352848,0.0,0.0,0.0,0,0.0,False,False,6601.610558006072,51165960,0.2563271633796273,single,True,0.0,0.0,-1.3969838619232178e-09
0x29a692e11cf2f3a37b347c2c42f90f2cf3b1601d,12,9034302.48798969,9034302.48798969,0.3958536497881804,700.5501125501846,0.0,1e-18,1e-18,0,2.5632716337962733e-19,True,False,9696.50275125761,51165960,0.2563271633796273,single,True,1e-18,1e-18,-4.656612873077393e-10
0xfcb99f54e4b85aafebaa31564408ec87626e1f44,3,6794270.656768748,6794270.656768748,0.3900758704081658,690.3250609506221,0.0,0.0,0.0,0,0.0,False,False,3005.306500071272,51165960,0.2563271633796273,single,True,0.0,0.0,0.0
0x18ace1a4d09735932a02ddf1df8a3a98d2b3e717,12,5727725.370452911,5727725.370452911,0.38211598233893806,676.2382880087324,0.0,0.0,0.0,9.313225746154785e-10,0.0,False,False,6729.460411675739,51165960,0.2563271633796273,single,True,0.0,0.0,9.313225746154785e-10
0xc711d1720f5a72a552804884bb433e7fd4a177de,12,5515151.212971399,5515151.212971399,0.36888328356038996,652.8201166122707,0.0,0.0,0.0,0,0.0,False,False,6988.838499796453,51165960,0.2563271633796273,single,True,0.0,0.0,-9.313225746154785e-10
0x4834f12ffe7e351061e1247ccbaca3ab4811ec98,15,7438840.403732688,7438840.403732687,0.3425102138037451,606.147168172367,9.313225746154785e-10,0.0,-9.313225746154785e-10,2.3283064365386963e-10,0.0,False,False,4710.472825120899,51165960,0.2563271633796273,single,True,0.0,-9.313225746154785e-10,2.3283064365386963e-10
0xd84716a1ed1f8ec208e4da8f69a5892dd4d0f647,11,6909442.5742464755,6909442.5742464755,0.3327057714166792,588.796050602967,0.0,0.0,0.0,0,0.0,False,False,88320.21361208284,51165960,0.2563271633796273,single,True,0.0,0.0,0.0
0x03c4c0b0c0fac57aef400242b72b2511a9e668da,8,4833756.1516659865,4833756.1516659865,0.3230289470198318,571.6707811404591,0.0,0.0,0.0,0,0.0,False,False,153957.1762554576,51165960,0.2563271633796273,single,True,0.0,0.0,-2.3283064365386963e-10
0x662053fd75f1f7da7e524d884b96552a13d2800b,4,12656829.113139369,12656829.113139369,0.3155796271861848,558.48757100541,0.0,0.0,0.0,0,0.0,False,False,178307.2591680321,51165960,0.2563271633796273,single,True,0.0,0.0,0.0
0x93c883963af898ab7c41ef9250f9eed71506eb52,14,2731077.332876418,2352056.980403266,0.31549763493033456,558.3424676721583,379020.35247315187,0.32937967523799433,-379020.02309347666,379020.3524731514,0.08442895782865795,True,False,58550.58356035752,51165960,0.2563271633796273,single,False,379020.35247315146,-4.0745362639427185e-10,379020.3524731518
0x859606146d3e8572389464e4736ce99b7b593f28,20,8131459.120725166,8131459.120725167,0.3034031802112983,536.9386695281024,-9.313225746154785e-10,0.0,9.313225746154785e-10,0,0.0,False,False,38421.85311374552,51165960,0.2563271633796273,single,True,0.0,9.313225746154785e-10,-5.820766091346741e-10
0x14078a75f65dc072fe76960aa2769157e443b1d1,7,3784489.8929529414,3784489.8929529414,0.3028193637785857,535.9054779234165,0.0,0.5529422429975043,0.5529422429975043,0,0.14173411666031885,True,False,9281.54273456074,51165960,0.2563271633796273,single,False,0.0,0.0,0.0
0x3758617c52b402d7b5a522644499fe37d8c23d36,20,8099180.010524344,8099180.010524343,0.28980110884085625,512.8668120762949,9.313225746154785e-10,0.0,-9.313225746154785e-10,0,0.0,False,False,37382.523176561815,51165960,0.2563271633796273,single,True,0.0,-9.313225746154785e-10,6.402842700481415e-10
0x0c60b95f733dd763433af9f4ade6a5a0d389a52d,8,11004869.895982089,11004869.895982089,0.2858466851489084,505.8685894656216,0.0,0.0,0.0,0,0.0,False,False,62757.985981473576,51165960,0.2563271633796273,single,True,0.0,0.0,0.0
0x64714fd00870eda8c853d4231712dda3d3bcd9df,2,11095125.890413268,2771007.6911307136,0.2846815590004245,503.80664244330086,8324118.199282554,0.0,-8324118.199282554,8324118.199282554,0.0,False,False,63801.70881784302,51165960,0.2563271633796273,single,False,8324118.199282553,-9.313225746154785e-10,8324118.199282554
0x1870c9f785a92dffcbababc1b1a2cc17ed2be369,14,4430575.226648093,4430575.226648093,0.2783282370499769,492.5630416584268,0.0,0.0,0.0,5.820766091346741e-11,0.0,False,False,60786.98548892494,51165960,0.2563271633796273,single,True,0.0,0.0,0.0
0x57905a83f54bf1bee1eb04361debbed3ebe38d8c,2,9939289.139658991,9939289.139658991,0.27622973973202297,488.84928903023825,0.0,0.0,0.0,0,0.0,False,False,17627.244302803534,51165960,0.2563271633796273,single,True,0.0,0.0,0.0
0x7ed532770d81e5b87d445b35559124485e3a9aed,14,4428910.887442698,4428910.887442698,0.2734046622290425,483.84969293270336,0.0,0.0,0.0,0,0.0,False,False,61667.63404066089,51165960,0.2563271633796273,single,True,0.0,0.0,9.313225746154785e-10
0x170cb01cf23b17399bae7c65d2ba926f9a112276,5,5544155.906154468,5544155.906154468,0.27133389335780217,480.18501189063363,0.0,0.0,0.0,0,0.0,False,False,63202.5075869465,51165960,0.2563271633796273,single,True,0.0,0.0,0.0
0x69e8397b4594d90696726a662c52a8795214dce6,21,2771481.4507689145,2587515.2346466533,0.2625161238726555,464.5800290678997,183966.21612226125,0.0,-183966.21612226125,183966.21612226145,0.0,False,False,57529.40486988136,51165960,0.2563271633796273,single,False,183966.21612226157,3.2014213502407074e-10,183966.21612226122
0x1321622d2ea9e253c951a403b556e8a54821809c,21,2752799.811014078,2570073.650305394,0.2615663998817692,462.8992835472685,182726.160708684,0.0,-182726.160708684,182726.16070868366,0.0,False,False,57191.008343292095,51165960,0.2563271633796273,single,False,182726.16070868378,-2.3283064365386963e-10,182726.16070868424
0x069379612a49788dd74b58da766a2d876c553268,21,2763406.785434054,2579976.5518375626,0.2614174384021863,462.6356634408395,183430.23359649163,0.0,-183430.23359649163,183430.23359649157,0.0,False,False,56853.610001820896,51165960,0.2563271633796273,single,False,183430.23359649157,-5.820766091346741e-11,183430.23359649128
0xc07e5d3a673571c5cca4a4969a877fe5c340d487,21,2735527.523245226,2553947.8675668132,0.26039797942545695,460.8315065225689,181579.65567841288,0.0,-181579.65567841288,181579.6556784123,0.0,False,False,58209.192478414065,51165960,0.2563271633796273,single,False,181579.6556784123,-5.820766091346741e-10,181579.65567841288
0x7794b02b09f4616d86bcb6696bbfdbffaa51f812,21,2743303.749438562,2561207.9211160564,0.25961107928485777,459.43891362274974,182095.82832250558,0.0,-182095.82832250558,182095.8283225056,0.0,False,False,57868.799581588675,51165960,0.2563271633796273,single,False,182095.8283225056,2.9103830456733704e-11,182095.82832250543
0x9fcac50b3a18fc9ed65079302a8c2c36afd688cd,21,2720768.9118020493,2540168.9076026925,0.25761442653135413,455.90539735495963,180600.00419935677,0.0,-180600.00419935677,180600.0041993571,0.0,False,False,59236.36027959861,51165960,0.2563271633796273,single,False,180600.0041993571,3.2014213502407074e-10,180600.00419935715
0xece44882dd18e7ef9ef26a2bef12a1b969cffd85,3,4133108.9253791403,3099831.694034355,0.2563124910631084,453.6013361462259,1033277.2313447851,0.0,-1033277.2313447851,1033277.2313447851,0.0,False,False,53755.22483969821,51165960,0.2563271633796273,single,False,1033277.2313447851,0.0,1033277.2313447851
0xfe9d9f66533ee35a345d730ddb6d22398dbd74af,21,2712876.9581070524,2532800.80834615,0.2541706259978298,449.8108347491789,180076.1497609024,0.0,-180076.1497609024,180076.1497609022,0.0,False,False,58892.97282741903,51165960,0.2563271633796273,single,False,180076.1497609022,-2.0372681319713593e-10,180076.14976090184
0x6d0db8c738f5762b2124a39a004721c66fde20a3,5,6616704.723397811,6616704.723397811,0.24217679351895294,428.58510979380395,0.0,0.0,0.0,0,0.0,False,False,82690.41090848485,51165960,0.2563271633796273,single,True,0.0,0.0,0.0
0x5ea5ecb93599caac6b5b57b2ce776e234794e79a,13,3126733.9983398393,1719703.6900000002,0.23756309847067197,420.4201614926453,1407030.308339839,0.0,-1407030.308339839,1407030.308339839,0.0,False,False,77870.66389681755,51165960,0.2563271633796273,single,False,1407030.308339839,0.0,1407030.3083398389
0xf73da48f34b6e01c08bd56e27729e88e60538e5d,11,11243552.200290147,11243552.20029015,0.23660393821613923,418.72271642771756,-1.862645149230957e-09,0.0,1.862645149230957e-09,0,0.0,False,False,50853.74638284474,51165960,0.2563271633796273,single,True,0.0,1.862645149230957e-09,-9.313225746154785e-10
0x71733585fa473427e613e6be9c3238f240b4eb78,3,19978811.9868877,19978811.986887705,0.23260239970873864,411.64111378685925,-3.725290298461914e-09,0.0,3.725290298461914e-09,0,0.0,False,False,20929.62387854793,51165960,0.2563271633796273,single,True,0.0,3.725290298461914e-09,-3.725290298461914e-09
0x2a063224a654dc1f8ccf367333c4c4ce3aa2162c,3,3318228.617133104,3318228.617133104,0.22758722372905338,402.7656566604503,0.0,14.340165464237112,14.340165464237112,0,3.675773935842395,True,False,106666.549089234,51165960,0.2563271633796273,single,False,0.0,0.0,0.0
0xb3c19bf59fca607a19576420fb5dab9e0c7a4076,4,4036706.717621114,4036706.717621114,0.22193750227141718,392.76723172451227,0.0,0.0,0.0,0,0.0,False,False,247799.14683233207,51165960,0.2563271633796273,single,True,0.0,0.0,0.0
0xb0b8a1ec009684a5739f94b7378aaeb55be09698,22,12493351.01808861,7995799.033546281,0.21413304697269206,378.95553126187826,4497551.98454233,0.0,-4497551.98454233,4497551.984542328,0.0,False,False,88341.26393921734,51165960,0.2563271633796273,single,False,4497551.984542328,-1.862645149230957e-09,4497551.98454233
0x940b8ae350e9507f3b7864062efd844cb0ce7bdb,2,3220132.247221363,3220132.247221363,0.2112124763395287,373.78693906405925,0.0,34.519656644885764,34.519656644885764,0,8.84832566862227,True,False,109915.9812408779,51165960,0.2563271633796273,single,True,0.0,0.0,0.0
0x0934b645149d6319ab3ee2ed580bfa9c582de1ee,7,2419937.742285138,1799734.1670065133,0.21069320251668205,372.86796980551077,620203.5752786247,0.0,-620203.5752786247,620203.5752786247,0.0,False,False,72399.49805300699,51165960,0.2563271633796273,single,False,620203.5752786247,0.0,620203.5752786247
0x39110f435f76b26a2b360a1f5358b835c9dad36f,8,5637147.649119381,5637147.649119381,0.2069617002811197,366.2642557498155,0.0,0.0,0.0,0,0.0,False,False,25899.959927479256,51165960,0.2563271633796273,single,True,0.0,0.0,-4.656612873077393e-10
0xe595e0043e28474c19e7aae39c24966f47e06e6c,11,10735536.15622016,10735536.156220159,0.20556985878068937,363.80108603974656,1.862645149230957e-09,0.08594176394378046,0.08594176208113531,0,0.022029208567550775,True,False,51659.50515625421,51165960,0.2563271633796273,single,False,0.0,-1.862645149230957e-09,9.313225746154785e-10
0x6380bf5d8dfffcf1253bd52f6d28c9c488b7bf8c,11,5717131.990892212,5717131.990892211,0.20514716254765397,363.05303207135205,9.313225746154785e-10,0.0,-9.313225746154785e-10,5.820766091346741e-10,0.0,False,False,136411.26499417415,51165960,0.2563271633796273,single,True,0.0,-9.313225746154785e-10,0.0
0xda4109d84a022b36b88273963f506ce02ef942ae,8,5434972.25519573,5434972.255195731,0.19679827019754365,348.27783048190395,-9.313225746154785e-10,0.0,9.313225746154785e-10,0,0.0,False,False,26863.4118744398,51165960,0.2563271633796273,single,True,0.0,9.313225746154785e-10,-9.313225746154785e-10
0xb2b49d3171c9b5794aa6445579c4dc64eed19590,5,10552641.236572478,10552641.236572478,0.19507756414483124,345.23266260347594,0.0,165.93950212641306,165.93950212641306,0,42.53480187269109,True,False,41025.70384194981,51165960,0.2563271633796273,single,False,0.0,0.0,0.0
0x45fd36c9cdd500c1b372d99ba3bd79da0d358504,22,12257207.38846644,7955485.174846627,0.19488228148434739,344.8870669777838,4301722.213619813,0.0,-4301722.213619813,4301722.213619813,0.0,False,False,86238.25229619694,51165960,0.2563271633796273,single,False,4301722.213619813,0.0,4301722.213619814
0xc3ab4b977bdc07b12306a2f3328e2065345c109f,3,3622058.0423224685,3622058.0423224685,0.19467649245685584,344.5228780244978,0.0,0.0,0.0,0,0.0,False,False,139204.4547463147,51165960,0.2563271633796273,single,True,0.0,0.0,0.0
0xcb1cffdce993397b03c439c68f93c1ad6463cf8d,17,6731252.41400903,2345165.5166826234,0.19322183034106855,341.9485334163766,4386086.897326406,0.0,-4386086.897326406,4386086.897326407,0.0,False,False,101263.2489243644,51165960,0.2563271633796273,single,False,4386086.897326407,9.313225746154785e-10,4386086.897326407
0x4f67f52147c6bc03563772fa3d7af3adffb92110,2,4944312.252487084,2472156.126243542,0.1856203954126384,328.4961221590745,2472156.126243542,0.0,-2472156.126243542,2472156.126243542,0.0,False,False,88587.78982498571,51165960,0.2563271633796273,single,False,2472156.126243542,0.0,2472156.126243542
0x1db66bc1b1c1619776dc4cca1a148e4f614349ec,8,5243481.737573668,5243481.737573668,0.18399995831034963,325.6284022454238,0.0,0.0,0.0,4.656612873077393e-10,0.0,False,False,27844.45632207651,51165960,0.2563271633796273,single,True,0.0,0.0,4.656612873077393e-10
0xead3f93ff737a1be0c8a11529f3c034b44549bb1,17,6449880.566366621,2247135.6830244837,0.1778083376696489,314.67096749894125,4202744.883342138,0.15731125831863146,-4202744.72603088,4202744.883342137,0.0403231486124946,True,False,110526.85156411145,51165960,0.2563271633796273,single,False,4202744.883342138,0.0,4202744.883342138
0x699d731048f2f1b40af3a3736a33c11288237512,22,11819755.222821534,7692111.103789209,0.17588060064853867,311.2594127795934,4127644.1190323243,0.0,-4127644.1190323243,4127644.119032323,0.0,False,False,91005.6533068621,51165960,0.2563271633796273,single,False,4127644.1190323234,-9.313225746154785e-10,4127644.119032322
0xda59bfd811267e22352551f2146be7a166a10478,8,5061936.209434336,5061936.209434336,0.17391555600171985,307.78183400968265,0.0,0.0,0.0,2.3283064365386963e-10,0.0,False,False,28843.09327038938,51165960,0.2563271633796273,single,True,0.0,0.0,2.3283064365386963e-10
0x446c4c28af39b23cce8c423a5a1c9d9f7e29a4e5,8,8945350.121179026,6840929.786546465,0.16773996125599155,296.8527606097045,2104420.3346325606,28.10304685167057,-2104392.231585709,2104420.334632562,7.2035742818134825,True,False,67893.57154558577,51165960,0.2563271633796273,single,False,2104420.334632561,4.656612873077393e-10,2104420.334632562
0x9371899d67b00024577784e04b29521dce870af7,2,3925172.1304243878,3925172.1304243878,0.15547256711949353,275.1429081235148,0.0,0.0,0.0,0,0.0,False,False,127199.71688340732,51165960,0.2563271633796273,single,True,0.0,0.0,0.0
0x29496b7bf2595db8d71c3c15548cab8f85b04771,2,7615737.109207443,7615737.109207443,0.15364932647688706,271.9162827328749,0.0,0.0,0.0,0,0.0,False,False,115026.47435738757,51165960,0.2563271633796273,single,True,0.0,0.0,0.0
0xfa417dbb91445b082a09e1c36f194db9f55ddd93,66,5650534.014861434,5650534.014861434,0.15016470043974153,265.74947041770776,0.0,0.0,0.0,0,0.0,False,False,118903.3589798697,51165960,0.2563271633796273,single,True,0.0,0.0,4.656612873077393e-10
0xe6579058063d8e85fca8a8b3a5eea9f6dd299990,2,2649086.9794227276,1823300.3407605,0.1473089465807941,260.69558576015373,825786.6386622277,0.0,-825786.6386622277,825786.6386622277,0.0,False,False,69370.04392601976,51165960,0.2563271633796273,single,False,821216.9636227277,-4569.675039499998,821216.9636227277
0x4f8a5b6dfdad1add755970eea86edcf40c9cdead,17,4574839.970963177,4574839.970963177,0.14300106346207833,253.07183894037772,0.0,0.0,0.0,0,0.0,False,False,84648.76935376212,51165960,0.2563271633796273,single,True,0.0,0.0,4.656612873077393e-10
0x43c018f09a7355535a076c894c6e29fc40a966fb,5,2272251.673413079,2272251.673413079,0.1424113131745046,252.0281460741951,0.0,0.0,0.0,0,0.0,False,False,75269.05360126065,51165960,0.2563271633796273,single,True,0.0,0.0,0.0
0x666666666233894e68f9185930e95ce329555668,7,3059774.312371755,1855257.534009711,0.1404637253186641,248.58146093603733,1204516.7783620441,0.0,-1204516.7783620441,1204516.7783620441,0.0,False,False,28629.93475573769,51165960,0.2563271633796273,single,False,1204516.7783620441,0.0,1204516.7783620441
0xda6cc3d2cde65ffe31b93e83d57fbf61d938e860,4,2935295.5811214866,2927957.342168683,0.13967843008711522,247.191708275828,7338.2389528034255,0.0,-7338.2389528034255,7338.238952803658,0.0,False,False,56610.84915480782,51165960,0.2563271633796273,single,False,0.0,-7338.2389528034255,0.0
0xa9ca2a2937b4361c360c53a04f0ce2cefd1b25ee,5,2366275.101736889,2366275.1017368897,0.13838964353702848,244.91091697025448,-4.656612873077393e-10,0.0,4.656612873077393e-10,0,0.0,False,False,76659.71884287703,51165960,0.2563271633796273,single,True,0.0,4.656612873077393e-10,-4.656612873077393e-10
0xc7c4925a60cfba4a6b11b9ced4766521999a8d30,3,1889541.2124291006,1870645.8003048098,0.1380737173963159,244.35181616733863,18895.41212429083,0.0,-18895.41212429083,18895.41212429083,0.0,False,False,185246.1231743824,51165960,0.2563271633796273,single,False,18895.412124291008,1.7826096154749393e-10,18895.41212429083
0x1141f23fef827465cfb56e7d7753151077c29afc,66,5321785.928691807,5321785.92869181,0.13768067859853528,243.65624755462244,-2.7939677238464355e-09,0.0,2.7939677238464355e-09,1.8104628907167353e-11,0.0,False,False,121371.26064423879,51165960,0.2563271633796273,single,True,0.0,2.7939677238464355e-09,-2.3283064365386963e-10
0xb1f89b5cf8c47acd923cff6bda0c9cfa06123b5f,11,1781387.3247170695,1781387.3247170695,0.13605226198777187,240.77440614540637,0.0,0.0,0.0,0,0.0,False,False,72872.6714612975,51165960,0.2563271633796273,single,True,0.0,0.0,0.0
0x03ad9259a227e44886c6b1c1833c2e79379b976a,3,4896390.461245541,4896390.461245541,0.13498850342023366,238.89185135624658,0.0,0.0,0.0,4.656612873077393e-10,0.0,False,False,35781.9253279901,51165960,0.2563271633796273,single,True,0.0,0.0,4.656612873077393e-10
0x3bf95e47565855bff7a3715fff168ce790bfafa5,5,2124165.640398929,2124165.640398929,0.13010536058787958,230.25005592847984,0.0,0.0,0.0,0,0.0,False,False,73999.48761288867,51165960,0.2563271633796273,single,True,0.0,0.0,0.0
0x1f239ba1120c96856f3216707053de65451a7ec2,4,5501591.366910987,5501591.366910987,0.1295879972120326,229.33446762615424,0.0,0.0,0.0,0,0.0,False,False,86645.48426753482,51165960,0.2563271633796273,single,True,0.0,0.0,0.0
0x20ab65ef518e5dd6567d795f922bbe7061acb25a,4,1634922.2290375424,1634922.2290375424,0.12602531560517274,223.02951880983878,0.0,0.0,0.0,0,0.0,False,False,122083.10286664087,51165960,0.2563271633796273,single,True,0.0,0.0,0.0
0xf8439db37f1842cd4f20f03525732bda5a80b715,2,19121172.826645277,19121172.826645277,0.12521410540128422,221.59390390534048,0.0,0.0,0.0,0,0.0,False,False,3323.324712154857,51165960,0.2563271633796273,single,True,0.0,0.0,0.0
0xed898209acc4ba06661a230a572cde170772a8ac,5,3784315.051912876,3784315.0519128763,0.1247384350244577,220.75210053634055,-4.656612873077393e-10,0.0,4.656612873077393e-10,0,0.0,False,False,116391.7116419313,51165960,0.2563271633796273,single,True,0.0,4.656612873077393e-10,-4.656612873077393e-10
0x92a8d5ce2ecc201be0d707f4922ab6484bb50d61,8,4954544.02578807,4954544.025788069,0.12410392767906497,219.62920021076152,9.313225746154785e-10,19.11220261450631,19.112202613574986,2.3283064365386963e-10,4.898976682113099,True,False,116362.96922737944,51165960,0.2563271633796273,single,True,0.0,-9.313225746154785e-10,0.0
0xaaa8c2da9d9f5ed5f431149048a67045e81115a3,5,2099706.0127992304,2099706.0127992304,0.12138798094618573,214.82273501733218,0.0,0.0,0.0,0,0.0,False,False,106390.1583639833,51165960,0.2563271633796273,single,True,0.0,0.0,-5.820766091346741e-11
0x1c5c1ee180a3ebfcb82470b254f1b1293c3d1b2b,18,1977567.738715152,1550406.1738048813,0.11627888943994177,205.78107370729097,427161.56491027074,0.0,-427161.56491027074,427161.56491027045,0.0,False,False,30562.52938629623,51165960,0.2563271633796273,single,False,427161.56491027045,-2.9103830456733704e-10,427161.56491027056
0x111d058872a48b44e800524da5c844a82dcdf711,52,3402111.468821873,3402111.468821873,0.11330283929197509,200.51429830373294,0.0,0.06424091236186492,0.06424091236186492,1.4551915228366852e-11,0.01646669083863607,True,False,7052.188694214269,51165960,0.2563271633796273,single,False,0.0,0.0,2.9103830456733704e-11
0x22669afc9c5c2149768c236cd10a8ab47f2774f3,4,7819770.9446459,2500000.0,0.11096371909728193,196.37471056332043,5319770.9446459,1190132.9063547351,-4129638.038291165,5319770.9446459,305063.3919306609,True,False,243220.9089757528,51165960,0.2563271633796273,single,False,5319770.944645899,-9.313225746154785e-10,5319770.9446459
0xb3e42508fa9aef0465c851bf43be5bd0725eb1a2,2,8370283.724630329,8370283.724630329,0.1095377655636083,193.85117210651717,0.0,0.0,0.0,0,0.0,False,False,62794.386770458754,51165960,0.2563271633796273,single,True,0.0,0.0,0.0
0xc36d22d76c2d4108144171c4deacbcc7a46118be,2,12694826.154440854,5976417.0045033805,0.10752016940333985,190.2805918733598,6718409.149937473,0.0,-6718409.149937473,6718409.149937473,0.0,False,False,17251.34670312937,51165960,0.2563271633796273,single,False,0.0,-6718409.149937473,0.0
0x4f2e667a65fe97abf0f70fae226f796936ff2c3f,8,18952336.771964904,18952336.771964904,0.1056338817161083,186.94239086826818,0.0,0.0,0.0,0,0.0,False,False,7219.914663328011,51165960,0.2563271633796273,single,True,0.0,0.0,0.0
0x194a861786dcb269c50056c53f57c73efc2dff5e,4,3173287.8638418983,3173287.8638418983,0.10545147630810796,186.61958437356293,0.0,0.0,0.0,0,0.0,False,False,121455.7961021205,51165960,0.2563271633796273,single,True,0.0,0.0,0.0
0x5e308fb0f49510c2da310edb80649b8295a0807a,3,16931813.414493497,3488831.391662656,0.10348201208332683,183.13418418823622,13442982.022830842,0.0,-13442982.022830842,13442982.02283084,0.0,False,False,211014.4640951508,51165960,0.2563271633796273,single,False,13413072.726987036,-29909.295843806118,13413072.726987038
0x5b6806d7cbd40b5e35a773ee30808f9d644ad8fa,7,4952384.241978169,4952384.241978169,0.1033760069841697,182.94658484644623,0.0,4.0,4.0,4.656612873077393e-10,1.0253086535185092,True,False,83704.47420789993,51165960,0.2563271633796273,single,False,0.0,0.0,4.656612873077393e-10
0x1b7d6aa118c6d2350903e60e5c4d8aeb6f7f6c38,3,9375370.023924503,9375370.023924503,0.10259930422324332,181.57203845316133,0.0,0.0,0.0,0,0.0,False,False,108545.42193279784,51165960,0.2563271633796273,single,True,0.0,0.0,0.0
0x49745a2ebd3ef7544ab3a801a34073da37327f50,11,20506727.724020828,20506727.724020828,0.10185468791139578,180.25427608984694,0.0,0.0,0.0,0,0.0,False,False,75894.62266851249,51165960,0.2563271633796273,single,True,0.0,0.0,-1.862645149230957e-09
0xbe983995bd287f9fbff89dcf76ed5fe8b5c0aa7b,5,2223950.388256151,2223950.388256151,0.10052734365612603,177.90524844309004,0.0,0.0,0.0,1.1641532182693481e-10,0.0,False,False,123362.13538294911,51165960,0.2563271633796273,single,True,0.0,0.0,0.0
0x4560c1426518247f25a1774aaa32bb81daeb1f80,2,11680795.108980358,11680795.108980358,0.0979351280387927,173.31775267679123,0.0,0.0,0.0,0,0.0,False,False,42672.371567894705,51165960,0.2563271633796273,single,True,0.0,0.0,0.0
0x1753a479117a37143a4e1a0160648d0160677b93,2,1948571.7866816104,1948571.7866816104,0.09786621410281733,173.19579430750588,0.0,0.0,0.0,0,0.0,False,False,209057.64766838145,51165960,0.2563271633796273,single,True,0.0,0.0,0.0
0x1e0f42ff82b49711fd355f566edf7c2e724b1f87,20,2325760.41544217,2325760.4154421706,0.09547603907099896,168.96585380183922,-4.656612873077393e-10,7.404034502e-09,7.86969578930774e-09,0,1.8978551614625515e-09,True,False,197202.3461639917,51165960,0.2563271633796273,single,True,0.0,4.656612873077393e-10,1.1641532182693481e-10
0xcbef6d53d904c3f3e2d51b6ead120a34be5f7d6c,8,3446776.8694440913,3446776.8694440913,0.09368595148860093,165.79790004419505,0.0,0.0,0.0,0,0.0,False,False,42358.96425782373,51165960,0.2563271633796273,single,True,0.0,0.0,0.0
0xb1764e627a568b344bc2fa25ca7fd44364105ac0,3,1652631.8236984424,1652631.8236984424,0.0892763150517152,157.9940783443858,0.0,0.0,0.0,0,0.0,False,False,120835.15507345999,51165960,0.2563271633796273,single,True,0.0,0.0,0.0
0xc09bcfd8e654681d3d8bc5ef6b8cb00cb5363fb0,2,4897461.92206326,4897461.92206326,0.08842394382190133,156.48561994997624,0.0,0.0,0.0,0,0.0,False,False,160983.43650668318,51165960,0.2563271633796273,single,True,0.0,0.0,0.0
0x74ad3e10c5492a3bf79f122d1e8f5c36622922b5,2,5425972.375860522,2405351.610665686,0.08830350376250931,156.27247477067127,3020620.7651948356,0.0,-3020620.7651948356,3020620.7651948356,0.0,False,False,161530.74138538365,51165960,0.2563271633796273,single,False,3000000.000000022,-20620.76519481372,3000000.0000000214
0xc93678ec2b974a7ae280341cefeb85984a29fff7,6,4774396.23469491,4121167.8654631334,0.08191663180138531,144.9694998616279,653228.3692317768,0.0,-653228.3692317768,653228.369231777,0.0,False,False,150703.19557722597,51165960,0.2563271633796273,single,False,0.0,-653228.3692317768,0.0
0xb15a654ebf31fc0a3a149c99dc4c1ea0f99a953f,2,2360501.373052623,2360501.373052623,0.08120904771171115,143.71727416173806,0.0,0.0,0.0,0,0.0,False,False,148444.97009073774,51165960,0.2563271633796273,single,True,0.0,0.0,0.0
0x47330a0f12b3ca0173d370b6edaf9ec2eef7fc63,8,3154460.500198561,3154460.500198561,0.08028799308719428,142.0872653915387,0.0,0.0,0.0,0,0.0,False,False,46284.2689608209,51165960,0.2563271633796273,single,True,0.0,0.0,0.0
0xf5b1ebe608b3c4b8267bb7a339f9fe2eb44fd027,5,2199710.1788755017,929232.6467201816,0.078825028924202,139.49822848461733,1270477.53215532,0.0,-1270477.53215532,1270477.53215532,0.0,False,False,89912.48734285239,51165960,0.2563271633796273,single,False,1270477.53215532,0.0,1270477.53215532
0xa30e34ce96a2e17dd6cdbcf8e175ab78b5da4aa9,12,8050055.495754343,8050055.495754343,0.07866264007973121,139.2108457022891,0.0,0.0,0.0,0,0.0,False,False,54024.080538646296,51165960,0.2563271633796273,single,True,0.0,0.0,0.0
0x69a47ca9b99414c602dd1ffb2fdb6d6305301676,5,18274242.78242112,18274242.78242112,0.07814136675125899,138.28833787868805,0.0,0.0,0.0,9.313225746154785e-10,0.0,False,False,60913.03125428369,51165960,0.2563271633796273,single,True,0.0,0.0,0.0
0x865befd77a06adb63c8de2e9affd836fd07b1c43,4,8870783.156862225,8870783.156862225,0.07779268882130674,137.67127558002665,0.0,0.0,0.0,0,0.0,False,False,96668.64308292685,51165960,0.2563271633796273,single,True,0.0,0.0,0.0
0xc8923f7d3a718cd0453a7300e7bc4e105c5ae9d9,4,2560995.943686585,2560995.943686585,0.07767552202656311,137.46392316256447,0.0,0.0,0.0,0,0.0,False,False,124692.58174105242,51165960,0.2563271633796273,single,True,0.0,0.0,0.0
0xd43fa584078e4252244d4a2a29dea662e606f90a,2,5000000.0,5000000.0,0.0769269113698527,136.13909192734567,0.0,0.0,0.0,0,0.0,False,False,66413.82508375877,51165960,0.2563271633796273,single,True,0.0,0.0,0.0
0x19aa0056c226f2df3c5b7a5dc509dfb55d8dcb06,172,1270541.751824399,1104295.0133694592,0.07680179825774111,135.9176767532828,166246.7384549398,0.0,-166246.7384549398,166246.73845493968,0.0,False,False,29053.696719019077,51165960,0.2563271633796273,single,False,166246.73845493965,-1.4551915228366852e-10,166246.73845494
0x9d4bc4512c27d8297b267940e61a08324d242281,8,4224762.40534014,4224762.40534014,0.07540434979487816,133.44458428977873,0.0,0.0,0.0,1.1641532182693481e-10,0.0,False,False,97888.03481627507,51165960,0.2563271633796273,single,True,0.0,0.0,2.3283064365386963e-10
0x477f4eee7eb87773cd971f1c394d713323a0c868,16,18082866.6145527,18082866.6145527,0.07442162537991073,131.70543725935568,0.0,0.0,0.0,0,0.0,False,False,119457.22102274951,51165960,0.2563271633796273,single,True,0.0,0.0,0.0
0x8a57bbf45dd1eefb4f4eb337d859d3144dc55b28,4,1908611.6219451893,628267.230612,0.0724622407099969,128.23787506365093,1280344.3913331893,0.0,-1280344.3913331893,1280344.3913331893,0.0,False,False,163858.41803643195,51165960,0.2563271633796273,single,False,1278769.7867451895,-1574.604587999871,1278769.7867451892
0x3727740e3262864ad9f0f0ec3591b3d4676a9887,2,3819797.897901932,3819797.897901932,0.07096897756457872,125.59521744220542,0.0,0.0,0.0,0,0.0,False,False,91733.79458489304,51165960,0.2563271633796273,single,True,0.0,0.0,0.0
0x89e4bc17fa9af2a3243f5642ef9216527e053d93,17,5257019.166260363,5257019.166260362,0.0706860482207417,125.09451172994326,9.313225746154785e-10,0.0,-9.313225746154785e-10,0,0.0,False,False,52713.41479447917,51165960,0.2563271633796273,single,True,0.0,-9.313225746154785e-10,-2.3283064365386963e-10
0xde9e6b2fc62041fff0a66e4230f4e64a46e2fde3,3,1910817.9386986303,1846410.7358738617,0.07003994410855004,123.95108837447538,64407.20282476861,0.0,-64407.20282476861,64407.20282476861,0.0,False,False,138923.75164733807,51165960,0.2563271633796273,single,False,0.0,-64407.20282476861,0.0
0x55bcb0e975c2cc51deb07e6a08815b955941f237,5,1503672.7805435858,1503672.7805435858,0.06938302253356624,122.78852113898873,0.0,0.0,0.0,0,0.0,False,False,148567.90303019685,51165960,0.2563271633796273,single,True,0.0,0.0,-2.3283064365386963e-10
0x8a3c26c0564da01152672184757007f0c5844788,2,10055410.973954355,10055410.973954355,0.0686040262585815,121.40991586805401,0.0,4.370646631354053,4.370646631354053,0,1.1203154531497082,True,False,98591.3783934364,51165960,0.2563271633796273,single,True,0.0,0.0,0.0
0xfed0d023c3044bc4fc6aa82aff9e4f6b27018d8c,3,3777887.906815548,3777887.9068155475,0.06771904869476514,119.84375339293805,4.656612873077393e-10,0.0,-4.656612873077393e-10,4.656612873077393e-10,0.0,False,False,4637.572161548124,51165960,0.2563271633796273,single,True,0.0,-4.656612873077393e-10,4.656612873077393e-10
0xcf4f00063365558500e99ee9bd4d3966e9a10e93,2,5309981.309831495,5309981.309831495,0.06605802517046919,116.90420687740968,0.0,0.6685201976448742,0.6685201976448742,0,0.1713598859242984,True,False,89086.21756328424,51165960,0.2563271633796273,single,False,0.0,0.0,0.0
0x9cc24bab8b4817320047c0734e1e65d0449f8258,5,7231339.923200142,7231339.923200142,0.06599820596566354,116.7983436355735,0.0,0.0,0.0,4.656612873077393e-10,0.0,False,False,45855.18496704102,51165960,0.2563271633796273,single,True,0.0,0.0,9.313225746154785e-10
0x37da9f5944d2755f72b21310592882ec73469d50,2,1078338.4208504525,1078338.4208504525,0.06580833277614447,116.46232125872028,0.0,0.0,0.0,0,0.0,False,False,92484.04566520479,51165960,0.2563271633796273,single,True,0.0,0.0,0.0
0x81d6627d7c677405aad50c37f6bd8126d0dfb89e,7,4189434.570607392,4189434.570607392,0.06576284608492347,116.38182255251546,0.0,0.0,0.0,0,0.0,False,False,115635.79088233908,51165960,0.2563271633796273,single,True,0.0,0.0,0.0
0x8f1c86a4b67dd67a46737e3540708be22934974b,16,17484537.154017333,17484537.154017337,0.06401756001832942,113.29315493245191,-3.725290298461914e-09,0.0,3.725290298461914e-09,0,0.0,False,False,120072.92851808465,51165960,0.2563271633796273,single,True,0.0,3.725290298461914e-09,-1.862645149230957e-09
0xe70f1d4c5b4c82a1151fb0fb02c304f54014c7cf,26,4815012.204085582,3817833.2266435083,0.063455283025399,112.29808210467185,997178.9774420736,0.0,-997178.9774420736,997178.9774420736,0.0,False,False,101900.95057216378,51165960,0.2563271633796273,single,False,997178.9774420736,0.0,997178.9774420734
0x40389a7a7deda4b8183a759bc754a2904373d80c,2,994762.2367710416,994762.2367710416,0.06262758053390115,110.8332804693019,0.0,0.0,0.0,0,0.0,False,False,88062.38887277756,51165960,0.2563271633796273,single,True,0.0,0.0,0.0
0x01437d3ad975844e2905067aeff31913461f0e34,2,732748.0171733917,732748.0171733917,0.06187633060149964,109.50377845516407,0.0,0.0,0.0,0,0.0,False,False,68001.41535524603,51165960,0.2563271633796273,single,True,0.0,0.0,0.0
0xd796d95e0784e557bcde89d8f6ca244926b830e6,3,4439984.729300238,4439984.729300239,0.06185352297860298,109.46341534926418,-9.313225746154785e-10,0.0,9.313225746154785e-10,0,0.0,False,False,69780.09966008653,51165960,0.2563271633796273,single,True,0.0,9.313225746154785e-10,-9.313225746154785e-10
0xad360b9188a00c5c2df07dec89e6407da14ac58e,3,2201294.1768766614,2201294.1768766614,0.06120875212621726,108.32235149031126,0.0,0.0,0.0,0,0.0,False,False,39795.289448673175,51165960,0.2563271633796273,single,True,0.0,0.0,-2.3283064365386963e-10
0x498e1035decba5130e8a26a905ebf2a0fad20534,6,1425624.4564109028,1078128.47,0.060701749352763935,107.42509855302994,347495.9864109028,0.0,-347495.9864109028,347495.9864109027,0.0,False,False,60087.53328773093,51165960,0.2563271633796273,single,False,347495.98641090275,-5.820766091346741e-11,347495.9864109027
0xe039118e62c5c2c7e503d54d0c58225c8b6edfd9,2,1428867.7857747606,1428867.7857747606,0.05979911303376796,105.82768502607905,0.0,0.0,0.0,0,0.0,False,False,133853.6536781658,51165960,0.2563271633796273,single,True,0.0,0.0,0.0
0x577ff13b4cf83afddcd8acc34a360aa87c62aa2f,2,3755504.5281556817,3755504.5281556817,0.05954667765855013,105.38094509930276,0.0,0.0,0.0,0,0.0,False,False,108657.94646285758,51165960,0.2563271633796273,single,True,0.0,0.0,0.0
0xaceee74e4ad2b82a8b8cbcfcea19abef916e74e5,2,1166043.136503446,1166043.136503446,0.05844432328473039,103.43008654068436,0.0,0.0,0.0,0,0.0,False,False,150253.68477048038,51165960,0.2563271633796273,single,True,0.0,0.0,0.0
0xf4e5f70710865e3ca25490a609141382d36f7201,2,1819468.4564899143,909734.2282449572,0.05790975318628352,102.48404715761106,909734.2282449572,0.0,-909734.2282449572,909734.2282449572,0.0,False,False,117384.46313575069,51165960,0.2563271633796273,single,False,909734.2282449572,0.0,909734.2282449572
0xd47f2a20941f46505f20937386bf45990c6606fd,19,3573336.4331131256,2901717.7634286974,0.05758351569347059,101.90669814887897,671618.6696844283,0.0,-671618.6696844283,671618.6696844278,0.0,False,False,121717.22744973091,51165960,0.2563271633796273,single,False,671618.6696844278,-4.656612873077393e-10,671618.6696844277
0x2c90cec5f38f260c74cc2b9b60484b943ce364f9,7,1435794.395934732,1435794.395934732,0.05703974911172616,100.94438356558302,0.0,0.0,0.0,5.820766091346741e-11,0.0,False,False,93469.35621208043,51165960,0.2563271633796273,single,True,0.0,0.0,0.0
0x98ed3b4b81ac60f8f23f47811ba52d0a3de7f081,4,1211126.5662557757,605563.283127888,0.055129771650969966,97.56425829500124,605563.2831278878,0.0,-605563.2831278878,605563.2831278879,0.0,False,False,117745.37943993599,51165960,0.2563271633796273,single,False,605563.283127888,2.3283064365386963e-10,605563.2831278878
0x00f4870732a65a3294687072ad2f335b76f6742a,10,2385029.5599720855,2385029.5599720855,0.054977546747934584,97.29486284289048,0.0,0.0,0.0,0,0.0,False,False,113825.15511787607,51165960,0.2563271633796273,single,True,0.0,0.0,0.0
0x4b444dd0aebf55919afe7869242356142324c509,2,1191236.5102547868,1191236.5102547868,0.05303411034479456,93.8555246135161,0.0,0.0,0.0,0,0.0,False,False,147075.98059053614,51165960,0.2563271633796273,single,True,0.0,0.0,0.0
0x5a688df855fa5e9f0db8fd475f54ff4b4386db83,2,638981.2409964197,638981.2409964197,0.05292275617965753,93.65845892279575,0.0,0.0,0.0,0,0.0,False,False,55391.92279366343,51165960,0.2563271633796273,single,True,0.0,0.0,0.0
0xed9f8f6b52b1971abe11997d21976653820550be,2,1148644.285195803,1148644.285195803,0.052590541477766636,93.07053192774333,0.0,0.0,0.0,0,0.0,False,False,152529.6213275507,51165960,0.2563271633796273,single,True,0.0,0.0,0.0
0x6a8fac98cd2fdb92da05c7c969ea61d2e46a316b,3,1908077.6226482885,1908077.6226482885,0.05207133150050676,92.15167565800522,0.0,0.0,0.0,0,0.0,False,False,190059.67682015232,51165960,0.2563271633796273,single,True,0.0,0.0,0.0
0xcd30d22cc71682351e73e6c819f0841a33be815b,2,642687.6582977806,642687.6582977806,0.05120195393609243,90.61312081349396,0.0,0.0,0.0,0,0.0,False,False,155392.95176095972,51165960,0.2563271633796273,single,True,0.0,0.0,0.0
0x7e07d5213b81e2311f6e8a5a048b9b7b5e6aef76,2,1458047.8134140598,1458047.8134140598,0.051188701574872736,90.58966784508259,0.0,0.0,0.0,0,0.0,False,False,120162.23079182154,51165960,0.2563271633796273,single,True,0.0,0.0,0.0
0x5d002d3e9378d8e8b0aaa56b5e00f3959e4bf1d3,2,5750051.1304512005,5750051.1304512005,0.04912620204551381,86.93962122254861,0.0,0.0,0.0,0,0.0,False,False,100549.97839572882,51165960,0.2563271633796273,single,True,0.0,0.0,0.0
0x2e27296db73efa090c33823b0b637f031d1a1f97,2,7262833.891245324,7262833.891245324,0.04907037767886846,86.84082772561516,0.0,14160.170790171878,14160.170790171878,0,3629.6364116158134,True,False,72369.38658565267,51165960,0.2563271633796273,single,True,0.0,0.0,0.0
0xd1a6f18a1b16bafca4a4ca5fd7a2382699cb9e32,2,736104.7475454386,736104.7475454386,0.04825321472327192,85.39467811749276,0.0,3.0016030285775446,3.0016030285775446,0,0.7693923899069803,True,False,119006.34960254487,51165960,0.2563271633796273,single,False,0.0,0.0,0.0
0x593a2c17d74e8451f73bdecc798cd95b2be96737,2,988776.0039809434,494388.0019904717,0.04742898078987529,83.93601485869077,494388.0019904717,6.808414169021747,-494381.19357630267,494388.0019904717,1.7451814910590067,True,False,17898.08785072169,51165960,0.2563271633796273,single,False,494388.0019904717,0.0,494388.0019904717
0xac5031e236111ebae7acb1682d872992a05b494c,9,6797516.3750917595,6797516.3750917595,0.04672738318064716,82.69438355284653,0.0,0.0,0.0,2.3283064365386963e-10,0.0,False,False,202943.9959224463,51165960,0.2563271633796273,single,True,0.0,0.0,2.3283064365386963e-10
0x1f11f4931150a6e70f4c79fd16e4f95cb755a924,2,2834713.405301741,2834713.405301741,0.04604869430700805,81.49329429405392,0.0,0.0,0.0,0,0.0,False,False,126849.43256422834,51165960,0.2563271633796273,single,True,0.0,0.0,0.0
0x05b6271fb6e413fdedd9881430ab87597089b1cd,7,976446.8999848852,564508.3640537618,0.046029284180365365,81.45894380515121,411938.5359311234,0.0,-411938.5359311234,411938.53593112336,0.0,False,False,18962.708626480067,51165960,0.2563271633796273,single,False,411938.5359311234,0.0,411938.5359311233
0xf598b8c2727384ae4f95cfbd838f7e707e780d4b,2,1084992.3208665475,1084992.3208665475,0.04500777946558485,79.65116650338084,0.0,0.0,0.0,0,0.0,False,False,138883.32467764465,51165960,0.2563271633796273,single,True,0.0,0.0,0.0
0x6fd16e584158e55ee2a79606452f08248fa5a71a,4,6188980.9892254,6188980.9892254,0.0431971924253114,76.44693444558828,0.0,0.0,0.0,0,0.0,False,False,122962.76066333987,51165960,0.2563271633796273,single,True,0.0,0.0,0.0
0xfdf5617eb95c0b49bacedbdd328882704086466d,2,2772530.2508412316,2772530.2508412316,0.041779198633041165,73.93748250216947,0.0,0.0,0.0,0,0.0,False,False,145342.05315089598,51165960,0.2563271633796273,single,True,0.0,0.0,0.0
0x90abba8b6064bd193b88f67155cb92b6a760e41a,5,2467308.2408005623,2467308.2408005623,0.041623231515313275,73.66146437795395,0.0,0.0,0.0,1.1641532182693481e-10,0.0,False,False,69472.37424134518,51165960,0.2563271633796273,single,True,0.0,0.0,2.3283064365386963e-10
0x3302889862f57091c1f60c1e5062744218dbf0b4,11,6892098.418725533,6892098.418725533,0.039836382714211964,70.49924235627623,0.0,0.0,0.0,0,0.0,False,False,90626.24172415384,51165960,0.2563271633796273,single,True,0.0,0.0,-4.656612873077393e-10
0xe5b2057089b6ee3813ee5a3dc36daf53a18bbad5,3,929828.4734796927,929828.4734796928,0.0394266597576839,69.774147454502,-1.1641532182693481e-10,0.0,1.1641532182693481e-10,0,0.0,False,False,137995.1890881306,51165960,0.2563271633796273,single,True,0.0,1.1641532182693481e-10,-1.1641532182693481e-10
0x32f059bf5bef30b03a0c6bb367feee6f5cd4eeb9,18,7220046.140369083,2110221.284664334,0.03911444194632642,69.22160935613233,5109824.855704749,0.0,-5109824.855704749,5109824.855704749,0.0,False,False,135633.04793593584,51165960,0.2563271633796273,single,False,5109824.855704749,0.0,5109824.855704749
0x3c3b541308795dc0068539eb7c8621bcad94f851,4,6220601.844361771,6220601.844361771,0.037193875921725995,65.82274529257289,0.0,0.0,0.0,0,0.0,False,False,70054.66477360898,51165960,0.2563271633796273,single,True,0.0,0.0,0.0
0x747b6790e2ca0f0ae0620d59b5136a94b7be5629,3,1928139.6951655862,1928139.6951655862,0.03654707156865965,64.6780827068394,0.0,0.0,0.0,2.3283064365386963e-10,0.0,False,False,90865.96697337579,51165960,0.2563271633796273,single,True,0.0,0.0,2.3283064365386963e-10
0xa2f1a358e4f5f8558610cd9ea10bfb69b0276fab,8,1205477.626739183,1108267.1145381622,0.035455684035763387,62.74663238570314,97210.51220102073,0.0,-97210.51220102073,97210.51220102083,0.0,False,False,68275.1721171523,51165960,0.2563271633796273,single,False,97210.5122010208,7.275957614183426e-11,97210.51220102083
0x25503da5b279e1d10ad3027b71ce1eb9a7705a11,6,1651115.5518800206,1651115.5518800206,0.03474136354399338,61.48248514044178,0.0,0.0,0.0,0,0.0,False,False,134377.1652806171,51165960,0.2563271633796273,single,True,0.0,0.0,0.0
0x820953490bc15407b52f15c82083bc8608c9765e,2,743960.5191497662,743960.5191497662,0.034712035961168744,61.43058353119903,0.0,0.15804962154464783,0.15804962154464783,0,0.04051241116376321,True,False,134253.11099276194,51165960,0.2563271633796273,single,True,0.0,0.0,0.0
0xa854d218a1cc1e9f956c46e85095d09d0f479a5b,6,5944201.599836629,5944201.599836629,0.03417397209088789,60.478361150311194,0.0,0.0,0.0,0,0.0,False,False,92277.70346801892,51165960,0.2563271633796273,single,True,0.0,0.0,0.0
0x70b0b2216677e688e6a741d353e8a4ead5c73fdc,4,1496832.8699756733,1496832.8699756733,0.034125486554579296,60.39255532804275,0.0,0.0,0.0,0,0.0,False,False,111558.02967856893,51165960,0.2563271633796273,single,True,0.0,0.0,0.0
0x0432f45ac947c55d5abd0ddd67495f042e2695b0,3,2516946.3388761273,2516946.3388761273,0.03398040230129133,60.13579682644871,0.0,0.0,0.0,0,0.0,False,False,104413.59544788867,51165960,0.2563271633796273,single,True,0.0,0.0,0.0
0x2f268190f9c97b14f3c81842c5daf10e694dee69,4,7717685.060819769,7717685.060819769,0.03380004905027251,59.81662207495245,0.0,0.0,0.0,0,0.0,False,False,115464.6609710499,51165960,0.2563271633796273,single,True,0.0,0.0,0.0
0x4fc360650f18977e9b5f49965851f3e7507581d0,2,750018.1765588183,750018.1765588183,0.033717456359478655,59.67045613998528,0.0,0.0,0.0,0,0.0,False,False,133138.89092674365,51165960,0.2563271633796273,single,True,0.0,0.0,0.0
0x426d013d727ebf2b4afe136e73f5c59e01becbf7,2,1814006.6892343808,1814006.6892343808,0.033687658660949714,59.617722557588465,0.0,0.0,0.0,0,0.0,False,False,96583.03847540762,51165960,0.2563271633796273,single,True,0.0,0.0,0.0
0x45019aab565802e6052384b1605451e44ab7119c,2,7748464.988426158,7748464.988426158,0.033678460855538245,59.60144501759441,0.0,0.0,0.0,0,0.0,False,False,113056.12022682538,51165960,0.2563271633796273,single,True,0.0,0.0,0.0
0xadd446d98cad965a86f4d69991c2b5519a107701,2,5202768.518387528,5202768.518387528,0.03351714912759154,59.31596842989792,0.0,0.0,0.0,0,0.0,False,False,67349.63404263493,51165960,0.2563271633796273,single,True,0.0,0.0,0.0
0x97257bbade12dc2d5f85c86120f8750ce6abff88,8,6820783.463462635,6201778.313740592,0.0332611648749318,58.86294798381182,619005.1497220425,0.0,-619005.1497220425,619005.1497220428,0.0,False,False,88463.42809717947,51165960,0.2563271633796273,single,False,619005.1497220427,2.3283064365386963e-10,619005.1497220428
0x1ce6e13d1fc9f29469642d9f49c1862baf096ad2,6,1676394.6296321985,1676394.6296321985,0.03298738847006927,58.378440410513804,0.0,0.0,0.0,0,0.0,False,False,133075.6818263673,51165960,0.2563271633796273,single,True,0.0,0.0,0.0
0x51d9ddacf8fbf1ad1d220199619af077ec65e9fd,2,1405072.5581716073,1405072.5581716073,0.03283292813696516,58.10508887315013,0.0,18.374200044011495,18.374200044011495,0,4.70980657665129,True,False,62346.34533356705,51165960,0.2563271633796273,single,False,0.0,0.0,0.0
0x3cd65ec0f332da21c0081eb6586c8275a31190f8,2,2678770.129571153,2678770.129571153,0.03229171268075296,57.14728906767597,0.0,0.0,0.0,0,0.0,False,False,74560.55842816272,51165960,0.2563271633796273,single,True,0.0,0.0,0.0
0xb29de48c52175cf0cfdf0265169c9f850e31da81,3,1216718.60866748,1216718.60866748,0.031137252493154556,55.104217809423,0.0,0.0,0.0,0,0.0,False,False,89997.32796314351,51165960,0.2563271633796273,single,True,0.0,0.0,0.0
0xf4efc353b73df5c4a12775f9e1bc218bdf97ad89,4,2711987.3852412435,2711987.3852412435,0.031004722583867023,54.86967698122215,0.0,0.0,0.0,0,0.0,False,False,48022.843220879826,51165960,0.2563271633796273,single,True,0.0,0.0,0.0
0x09a512b63fe6638288160ec0ba043210792cbb1a,2,1247611.1935680648,1247611.1935680648,0.030830929204169487,54.56211136505887,0.0,0.0,0.0,0,0.0,False,False,63193.585825370916,51165960,0.2563271633796273,single,True,0.0,0.0,0.0
0x4d9234c53f6eef1539c0f33ba19113a8686f4006,18,4465718.349003895,3596468.0930606094,0.030735451388753655,54.39314236762409,869250.2559432858,0.0,-869250.2559432858,869250.2559432858,0.0,False,False,164705.23406850288,51165960,0.2563271633796273,single,False,869250.2559432858,0.0,869250.2559432858
0x38c9d6d0bfc808157d8a106e9fc270985e29105d,4,6284799.919801777,6284799.919801777,0.03018360786110251,53.41653385179263,0.0,0.0,0.0,0,0.0,False,False,71802.25930008723,51165960,0.2563271633796273,single,True,0.0,0.0,0.0
0x713378acc7aab5536646c41afbe6718577998a83,3,5843299.382081132,5843299.382081132,0.029163809328977337,51.6117760155542,0.0,0.0,0.0,4.656612873077393e-10,0.0,False,False,3422.2596725892017,51165960,0.2563271633796273,single,True,0.0,0.0,4.4103703530773924e-10
0xa63eaf6c6388227ae056cd9fb71ab94489a84540,2,1047850.0152929319,1047850.0152929319,0.02910211586031021,51.50259585151758,0.0,0.0,0.0,0,0.0,False,False,284131.066832079,51165960,0.2563271633796273,single,True,0.0,0.0,0.0
0x42cd8d5e222f4dc45f03e106e5e39bb679efee2a,2,780669.9611674822,773647.2493643098,0.02874665243413619,50.87352512462916,7022.711803172366,0.0,-7022.711803172366,7022.711803172366,0.0,False,False,215289.65870273937,51165960,0.2563271633796273,single,False,0.0,-7022.711803172366,0.0
0x737010658eef964c6d8fbf09ee6a5fac6bd4bf7d,2,1231864.748897292,1231864.748897292,0.028668608092119897,50.73540849336234,0.0,0.0,0.0,0,0.0,False,False,64001.364685540175,51165960,0.2563271633796273,single,True,0.0,0.0,0.0
0xe21a9c3e40c041fb7ae5333a78404bca6d96138f,6,1642880.105884792,1642880.1058847918,0.02848802895303376,50.41583398324048,2.3283064365386963e-10,0.0,-2.3283064365386963e-10,1.3096723705530167e-10,0.0,False,False,136999.13208984697,51165960,0.2563271633796273,single,True,0.0,-2.3283064365386963e-10,2.3283064365386963e-10
0x75e31f5542a379949692cd86844ccf42b9670fd5,11,14997384.376719473,14997384.376719473,0.02845396317784635,50.35554710031185,0.0,0.0,0.0,0,0.0,False,False,81358.29848482933,51165960,0.2563271633796273,single,True,0.0,0.0,0.0
0xfb5fe3f22237c6481c089c8ee1ef70a117f4b172,4,2473561.906058142,2062024.4082186986,0.028339970112516044,50.15381129519848,411537.4978394434,0.0,-411537.4978394434,411537.49783944315,0.0,False,False,84257.30016451626,51165960,0.2563271633796273,single,False,411537.49783944315,-2.3283064365386963e-10,411537.49783944315
0xb6e60e418e198aad0360be847863e0477420239a,23,8191946.082149404,8191946.082149403,0.02823471014172176,49.9675306219587,9.313225746154785e-10,0.0,-9.313225746154785e-10,0,0.0,False,False,39159.5173501636,51165960,0.2563271633796273,single,True,0.0,-9.313225746154785e-10,-5.820766091346741e-11
0x264da0a09103c919c0d236dfd40cae608fdef194,4,1506233.4234227883,1506233.4234227883,0.028194255836310182,49.8959378294598,0.0,0.0,0.0,0,0.0,False,False,119012.17243218895,51165960,0.2563271633796273,single,True,0.0,0.0,0.0
0x11bba34d398305b85dd335f447e250475d669263,9,883611.6208430751,642850.471398099,0.027743018032849603,49.09737327366914,240761.14944497612,0.0,-240761.14944497612,240761.1494449761,0.0,False,False,136269.85252101746,51165960,0.2563271633796273,single,False,240761.1494449761,-2.9103830456733704e-11,240761.14944497598
0xf1462d010ab43bd33306631f4901ed092eac7c87,3,1164342.4343409436,1164342.4343409436,0.027480961336306682,48.6336063023253,0.0,0.0,0.0,0,0.0,False,False,94045.72094384614,51165960,0.2563271633796273,single,True,0.0,0.0,0.0
0xfcbc5becacf94ff21c3a10845498082b9263a125,3,1328745.169335658,715601.5936532608,0.02743901296844587,48.55936943766101,613143.5756823971,0.0,-613143.5756823971,613143.5756823971,0.0,False,False,139429.09860531252,51165960,0.2563271633796273,single,False,613143.5756823971,0.0,613143.5756823971
0xf4bedf1ce7c20ac2e450bcc7850984361de555e8,3,1147633.4983930793,1147633.4983930793,0.02733335002872346,48.37237562225846,0.0,0.0,0.0,0,0.0,False,False,95414.9768340077,51165960,0.2563271633796273,single,True,0.0,0.0,0.0
0x6f9c8fd6715015373cb3c3499468672d859410c2,6,1658830.7714108978,1658830.7714108978,0.027083833793643403,47.93080175610371,0.0,0.0,0.0,0,0.0,False,False,135684.9820351103,51165960,0.2563271633796273,single,True,0.0,0.0,0.0
0x9ae2c601ad244bbf512397c38c2aee87a2272d0e,2,3697092.2824941687,3697092.2824941687,0.027069206938685537,47.904916318663716,0.0,0.0,0.0,0,0.0,False,False,92412.44859018526,51165960,0.2563271633796273,single,True,0.0,0.0,0.0
0x9658f07119af8691a8245a2bb4b67490de858e7f,11,14013917.15442352,14013917.15442352,0.026791078862853077,47.412707506310824,0.0,0.0,0.0,0,0.0,False,False,80636.57556322738,51165960,0.2563271633796273,single,True,0.0,0.0,0.0
0x69859d1dec2fab389a5da6fc83b2bf2900aafec6,3,1198873.9255336914,1198873.9255336914,0.026707683169411904,47.26512048151599,0.0,0.0,0.0,0,0.0,False,False,91336.89650841405,51165960,0.2563271633796273,single,True,0.0,0.0,0.0
0x4bd8598cdca1b218f2f964f3832ebbea354383b8,3,1181418.9561036811,1181418.9561036811,0.026501239136183224,46.89977235149103,0.0,0.0,0.0,0,0.0,False,False,92686.36083531492,51165960,0.2563271633796273,single,True,0.0,0.0,0.0
0x6cececae63756024485a257b04bd6452ef06e8ed,3,2765470.452334894,2765470.4523348943,0.025243887512065466,44.67461206242414,-4.656612873077393e-10,0.0,4.656612873077393e-10,0,0.0,False,False,77116.7064541748,51165960,0.2563271633796273,single,True,0.0,4.656612873077393e-10,-4.656612873077393e-10
0xf24e2c32668826d751c003aa6015d5a8eeb0b501,2,4229962.457972865,4229962.457972865,0.024852777414517937,43.982456709042786,0.0,0.0,0.0,0,0.0,False,False,115169.1954862501,51165960,0.2563271633796273,single,True,0.0,0.0,0.0
0x2ca94ea392472723b20b076854a69f6c88b09d14,12,13409761.551167538,13409761.551167538,0.024712416062251236,43.73405641974206,0.0,6.673380702702518,6.673380702702518,0,1.7105687456760805,True,False,79974.32432917964,51165960,0.2563271633796273,single,False,0.0,0.0,-2.18173087e-10
0xe957a99f5134e7129c30ff87c173b536a38188f2,3,2383994.8280478725,2383994.8280478725,0.02464210329074524,43.609622503271666,0.0,0.0,0.0,0,0.0,False,False,110236.57169871141,51165960,0.2563271633796273,single,True,0.0,0.0,0.0
0xa2f3a2cf12ff3eddcc13a322b2ebe61a7af5af6e,3,694575.1635586957,694575.1635586957,0.024169465113678387,42.773185278764906,0.0,0.0,0.0,0,0.0,False,False,25479.171603637322,51165960,0.2563271633796273,single,True,0.0,0.0,0.0
0x6398cc73d910314a56332cb066b93433b7eb245e,7,5822261.624083724,3318025.5900567016,0.02415184208905225,42.74199746000431,2504236.0340270223,4.7795736380314e-05,-2504236.0339792264,2504236.0340270223,1.2251345528006342e-05,True,False,257401.8532044612,51165960,0.2563271633796273,single,False,2504236.034027022,-4.656612873077393e-10,2504236.0340270214
0x25c3f7d9706f2c7fbbf5058ba7d738cd679d8866,3,2418421.342114018,2418421.342114018,0.024149768741093265,42.73832821469913,0.0,0.0,0.0,0,0.0,False,False,21733.468210442752,51165960,0.2563271633796273,single,True,0.0,0.0,0.0
0x77d6b8f04ba2dd694af45a846561a1720dc3295c,3,909197.3977582188,909197.3977582188,0.02401991765107921,42.50852814648506,0.0,0.0,0.0,0,0.0,False,False,99036.20334564039,51165960,0.2563271633796273,single,True,0.0,0.0,0.0
0x26273b32114f5dbf65e03e1750a078db07060a9b,176,4621442.661289662,4593707.911982646,0.023700124866560698,41.94258446677652,27734.74930701591,0.0,-27734.74930701591,27734.749307015045,0.0,False,False,119270.38847667255,51165960,0.2563271633796273,single,False,27734.74930701494,-9.713403414934874e-10,27734.74930701477
0x620f5cd7a279891dd23b12f3eac7df423f48d9f6,3,389265.69031044515,331234.5041562007,0.023680538783238694,41.90792258382309,58031.18615424447,0.0,-58031.18615424447,58031.18615424445,0.0,False,False,128145.14686212508,51165960,0.2563271633796273,single,False,58031.18615424448,1.4551915228366852e-11,58031.18615424445
0x8fa687189edc3d1617cfbe29d1c8872ebd55e465,3,1080699.9449480593,657834.2250151364,0.023364748708672594,41.34906257988504,422865.71993292286,0.0,-422865.71993292286,422865.7199329228,0.0,False,False,149355.05531727243,51165960,0.2563271633796273,single,False,422865.7199329228,-5.820766091346741e-11,422865.7199329228
0xe4af0d4cef7df7dccda4a57e10169f51625dcb83,4,344482.1894537327,344482.1894537327,0.023314518264014285,41.26016875844964,0.0,0.0,0.0,0,0.0,False,False,198441.99635472763,51165960,0.2563271633796273,single,True,0.0,0.0,0.0
0x578416de44584d8cd302c28b1c53169d8e3c4991,2,406594.8729208459,406268.4220868539,0.023102170260509782,40.88437225427571,326.45083399204304,0.0,-326.45083399204304,326.45083399204304,0.0,False,False,102204.2326998541,51165960,0.2563271633796273,single,False,326.45083399199916,-4.388311936054379e-11,326.45083399204304
0xf43f29c97551d2c5defc3082a6030d37add6755e,4,348250.6250417222,348250.6250417222,0.022995716193440787,40.69597836500245,0.0,0.0,0.0,0,0.0,False,False,90284.21167369005,51165960,0.2563271633796273,single,True,0.0,0.0,0.0
0x0a4eeaaced0005c13355df625f21945af7d583de,3,1115276.8546475396,1115276.8546475396,0.022989761400924368,40.685440049718956,0.0,0.0,0.0,0,0.0,False,False,98183.17595922186,51165960,0.2563271633796273,single,True,0.0,0.0,0.0
0x31726220f403f4cb268c919397d24108a8e12844,2,207332.2695667784,207332.2695667784,0.02274841629023925,40.25832678565188,0.0,0.0,0.0,0,0.0,False,False,127590.83104735042,51165960,0.2563271633796273,single,True,0.0,0.0,0.0
0xecfe8de3f57285c3909f92a47cd7d2cd02154e65,3,1131281.673314987,1131281.673314987,0.022742108584738303,40.24716391320903,0.0,0.0,0.0,0,0.0,False,False,96794.12850579963,51165960,0.2563271633796273,single,True,0.0,0.0,0.0
0xaa5217ee911594a3e77227254175441972fd9b4f,4,280626.2302037005,280626.2302037004,0.02209689620776937,39.105318679380254,5.820766091346741e-11,3.53319287768009,3.5331928776218824,2.9103830456733704e-11,0.9056533080088399,True,False,87339.55467368299,51165960,0.2563271633796273,single,False,0.0,-5.820766091346741e-11,5.820766091346741e-11
0x146b52850f5c99893452a26ab24618940e8b88dc,2,952418.807466987,952418.807466987,0.021880516470269017,38.72238713500631,0.0,0.0,0.0,0,0.0,False,False,36733.519433541274,51165960,0.2563271633796273,single,True,0.0,0.0,0.0
0x2060e01e454ec2f6d29c9058be2ae02b1937a209,5,3837060.512440907,3837060.512440907,0.021189535070613805,37.49954354733808,0.0,0.0,0.0,0,0.0,False,False,49212.615519200095,51165960,0.2563271633796273,single,True,0.0,0.0,0.0
0x8b3e705ca70e15046ce943b5d1e2eaa48642839b,3,1099609.2928036698,1099609.2928036698,0.021094297637998492,37.33099996014784,0.0,0.0,0.0,0,0.0,False,False,99582.11919427445,51165960,0.2563271633796273,single,True,0.0,0.0,0.0
0xa2f097e6d716c668603509db2880bf1fd2cb5ac7,2,853277.9870622174,853277.9870622174,0.021016030915143938,37.19248977706874,0.0,0.0,0.0,0,0.0,False,False,188011.5624974222,51165960,0.2563271633796273,single,True,0.0,0.0,0.0
0xbbc887deb100aeff7619cb85bb7be73ef1f697d4,10,972874.7933785402,972874.7933785403,0.020842292233520635,36.8850209611802,-1.1641532182693481e-10,0.0,1.1641532182693481e-10,0,0.0,False,False,12484.157132458047,51165960,0.2563271633796273,single,True,0.0,1.1641532182693481e-10,0.0
0xad41b4abcf756b5192317e3a978520df6a3412c2,4,2010219.164291496,2010219.164291496,0.020715615338822026,36.66083832983121,0.0,0.0,0.0,0,0.0,False,False,96278.75703743506,51165960,0.2563271633796273,single,True,0.0,0.0,0.0
0x99348fef8579ba75b98dcef3bdeba7190a5f9f93,2,3117696.5161898625,3117696.5161898625,0.020640358109897974,36.527654108285766,0.0,0.0,0.0,0,0.0,False,False,76630.99850883399,51165960,0.2563271633796273,single,True,0.0,0.0,0.0
0x4e69e24f743b79964ced9d342aef97975fd021e0,2,627215.8601537395,627215.8601537395,0.020473602344608297,36.232543098940305,0.0,0.0,0.0,0,0.0,False,False,159806.54778065888,51165960,0.2563271633796273,single,True,0.0,0.0,0.0
0x90cb6155075598b7fa642b0f79c7dc40e9239e37,3,674808.3870729104,674808.3870729106,0.02037602741544139,36.059862797403284,-1.1641532182693481e-10,0.0,1.1641532182693481e-10,0,0.0,False,False,147904.83753039315,51165960,0.2563271633796273,single,True,0.0,1.1641532182693481e-10,-5.820766091346741e-11
0x2cc6d83a72267a92c1e1b4da8f9edf94c3b26a66,7,1809832.901201314,1809832.901201314,0.019802231955143322,35.04440550780222,0.0,0.0,0.0,5.820766091346741e-11,0.0,False,False,2904.1732705490685,51165960,0.2563271633796273,single,True,0.0,0.0,5.820766091346741e-11
0x224dda64f1c44cf990fb10171249386916043bb3,3,674978.9147698425,607481.0232928583,0.019653573701145666,34.781322025749446,67497.89147698425,0.0,-67497.89147698425,67497.89147698425,0.0,False,False,77870.11150742938,51165960,0.2563271633796273,single,False,67497.89147698425,0.0,67497.89147698425
0x5e9eb2174a1dffbbd0a49dc96692184cec86d07d,4,3580341.4744967236,3580341.4744967236,0.019652435812153785,34.77930828086732,0.0,0.0,0.0,0,0.0,False,False,15019.750576278637,51165960,0.2563271633796273,single,True,0.0,0.0,0.0
0x67c0798b9137b2cc12ca567713ef9a3a9c2cb014,3,1608939.7904828507,1608939.7904828507,0.019454283812896583,34.42863472902321,0.0,0.0,0.0,6.548361852765083e-11,0.0,False,False,69807.63851308332,51165960,0.2563271633796273,single,True,0.0,0.0,0.0
0x5fa2fcbd84a1578d7e154534d5e190762555b7e4,4,510803.0096896694,510803.0096896694,0.019324774853648554,34.199440136461,0.0,0.0,0.0,0,0.0,False,False,11671.049696908756,51165960,0.2563271633796273,single,True,0.0,0.0,0.0
0xe25ddc2caea8a79639cc8f5ccb03c88a4f4509c1,2,591038.7187025337,591038.7187025337,0.018829058409020574,33.3221608407846,0.0,0.0,0.0,0,0.0,False,False,151125.4915112484,51165960,0.2563271633796273,single,True,0.0,0.0,0.0
0xa55bc8f356f7c232ff87ac034ff364d3a5298681,17,3468955.414634739,3468955.414634739,0.018678244103253677,33.05526175084135,0.0,0.0,0.0,0,0.0,False,False,45559.33575431046,51165960,0.2563271633796273,single,True,0.0,0.0,-2.3283064365386963e-10
0x0544ca571d0ca8a92050a2e19e2dd0d5507d72f0,4,1029947.8927144582,1029947.8927144583,0.018481960315400843,32.70789441004341,-1.1641532182693481e-10,0.0,1.1641532182693481e-10,0,0.0,False,False,145309.24115067336,51165960,0.2563271633796273,single,True,0.0,1.1641532182693481e-10,-1.1641532182693481e-10
0x522e105acb62551c8e5370ce105d2abc1f62ca0b,13,1839336.658096989,1839336.6580969892,0.018457873396549137,32.6652673085336,-2.3283064365386963e-10,0.0,2.3283064365386963e-10,2.9103830456733704e-11,0.0,False,False,72178.28249649664,51165960,0.2563271633796273,single,True,0.0,2.3283064365386963e-10,-2.9103830456733704e-11
0xf207c3ae50bf3ebf4256cdff85a7caebe4845048,3,760230.0771046118,760230.0771046118,0.018422335621910712,32.60237539876833,0.0,0.0,0.0,0,0.0,False,False,115229.77262899204,51165960,0.2563271633796273,single,True,0.0,0.0,0.0
0x632341a78c355b164e702261454aaacad1a35147,2,2535540.281973106,2535540.281973106,0.017774998061518308,31.456769185377286,0.0,0.0,0.0,0,0.0,False,False,34549.29884305213,51165960,0.2563271633796273,single,True,0.0,0.0,0.0
0xd7936f983240f1ea88a0f50f2187c3d36cf7f96b,6,463269.5826383509,238518.5251429777,0.017738548153988787,31.392263055811693,224751.05749537318,0.0,-224751.05749537318,224751.05749537316,0.0,False,False,110840.74490568301,51165960,0.2563271633796273,single,False,224751.05749537316,-2.9103830456733704e-11,224751.05749537316
0xb49b9440184b4145de439ac2137a1d23c990e752,3,376868.56618611224,241195.88235911186,0.017686833817839392,31.300743161958746,135672.68382700038,0.0,-135672.68382700038,135672.6838270004,0.0,False,False,202265.69321704147,51165960,0.2563271633796273,single,False,135672.68382700044,5.820766091346741e-11,135672.68382700038
0xa263b9fa31820028e986830506712f8016c016f9,2,2584796.131622094,2584796.131622094,0.017561933473723507,31.07970452766862,0.0,0.0,0.0,0,0.0,False,False,33890.927744274835,51165960,0.2563271633796273,single,True,0.0,0.0,0.0
0xef2a1641aa35992ac87ac9f1e5703d916ae5062e,3,376692.4372759812,241083.15985662796,0.017537169416116327,31.035879080175103,135609.27741935322,0.0,-135609.27741935322,135609.27741935322,0.0,False,False,201975.67874891928,51165960,0.2563271633796273,single,False,135609.27741935322,0.0,135609.27741935322
0x2b4c7fa6454adfec3273cfb39b04f1303d16baeb,2,7405478.6577875195,7405478.6577875195,0.017536760890092425,31.03515610350891,0.0,0.0,0.0,0,0.0,False,False,59146.1693285451,51165960,0.2563271633796273,single,True,0.0,0.0,0.0
0x46d081681df8c972dcd8db499a4141fd26485e90,2,468221.3740238807,468221.3740238807,0.017268278653218887,30.560017725069994,0.0,0.0,0.0,0,0.0,False,False,93591.36648716874,51165960,0.2563271633796273,single,True,0.0,0.0,0.0
0x08c1a4f3b82c8ba294b816da7c04e67002417827,2,398173.39123418357,398173.39123418357,0.017109188207429543,30.27847218478504,0.0,0.0,0.0,0,0.0,False,False,201685.12962128202,51165960,0.2563271633796273,single,True,0.0,0.0,0.0
0xf118f096d353605bac6cf7c203cacbbd2625832e,4,352649.2133910833,352649.2133910833,0.016808624263227667,29.746558167946187,0.0,0.0,0.0,1.4551915228366852e-11,0.0,False,False,186555.06665491668,51165960,0.2563271633796273,single,True,0.0,0.0,1.4551915228366852e-11
0x89e349b3cde518a5a59deb70513748eed7ea68b2,3,1062840.1400652362,1062840.1400652362,0.016770987178381474,29.679951066965383,0.0,0.0,0.0,0,0.0,False,False,100976.94026274138,51165960,0.2563271633796273,single,True,0.0,0.0,0.0
0x175ab052995f0f1302644cd587343d9addfa23d2,2,391471.0504926882,391471.0504926882,0.016271487670626607,28.795976808893805,0.0,0.0,0.0,0,0.0,False,False,127440.85780133995,51165960,0.2563271633796273,single,True,0.0,0.0,0.0
0x3c2fd516c6b599f5bdd4fa76522dc3599fb4608f,2,342417.640196413,342417.640196413,0.016197211317209654,28.664528462329596,0.0,0.0,0.0,0,0.0,False,False,136842.32806850164,51165960,0.2563271633796273,single,True,0.0,0.0,0.0
0x2058ec0179d6fc796c0c4428c4af7dd1ac5430b0,2,1958201.8267563037,1958201.8267563037,0.016180273761374403,28.63455373138279,0.0,0.0,0.0,0,0.0,False,False,89471.0011333141,51165960,0.2563271633796273,single,True,0.0,0.0,0.0
0x4b571a7675b40b2f92913ec45d610020d979170f,10,392702.8722515476,392702.8722515475,0.016123282777979912,28.533695649481263,5.820766091346741e-11,0.0,-5.820766091346741e-11,1.4551915228366852e-11,0.0,False,False,188134.6879050143,51165960,0.2563271633796273,single,True,0.0,-5.820766091346741e-11,0.0
0xc823517c91b0d910c2ea5a872e9e786d8a72b4e6,2,1004135.8944994832,1004135.8944994832,0.015918888867814982,28.17197566320039,0.0,0.0,0.0,0,0.0,False,False,136068.80115393153,51165960,0.2563271633796273,single,True,0.0,0.0,0.0
0x2351a49212fcdbc837403e9f8975faee513639a9,2,2438849.3905288,2438849.3905288,0.015808003104235607,27.975738912074537,0.0,0.0,0.0,0,0.0,False,False,71838.0882974422,51165960,0.2563271633796273,single,True,0.0,0.0,0.0
0x3ab5ab1e0135d2b1b0a79e837463532a46894615,2,1447529.5475402311,1447529.5475402311,0.015559523298268981,27.53599923522802,0.0,0.0,0.0,0,0.0,False,False,173466.03330178728,51165960,0.2563271633796273,single,True,0.0,0.0,0.0
0xa16115b500931d6292345d35f8fcce29717ddd00,3,349505.6037791708,349505.6037791708,0.01520337117960701,26.905709715484704,0.0,0.0,0.0,0,0.0,False,False,12532.150841540557,51165960,0.2563271633796273,single,True,0.0,0.0,0.0
0xb4d0cd3ea3fc5282137045e4efd9114827fe43aa,3,1582922.54938781,1582922.54938781,0.015007060470003329,26.558294730726438,0.0,0.0,0.0,0,0.0,False,False,70988.0126139748,51165960,0.2563271633796273,single,True,0.0,0.0,0.0
0x6f8cdb2a827ae1da048bae4aa39b94d38aad4394,3,392903.3105880698,392903.3105880698,0.014863891191569258,26.30492519838946,0.0,0.0,0.0,0,0.0,False,False,105723.66994993026,51165960,0.2563271633796273,single,True,0.0,0.0,0.0
0x066f75a65965fc420f36566b913bde046fcd8c9b,3,1413763.805645737,1413622.4292651725,0.014616903300858958,25.867825793778135,141.37638056464493,1.4137638056457371,-139.9626167589992,141.37638056471224,0.36238606598995854,True,False,86748.29134323685,51165960,0.2563271633796273,single,False,141.3763805645737,-7.122480383259244e-11,141.37638056471224
0x66eef8a1645b7ea012c3fab103a593e754bebd03,4,1285272.1299020806,1285272.1299020806,0.014607497023365876,25.851179316576314,0.0,0.0,0.0,0,0.0,False,False,111111.9104010253,51165960,0.2563271633796273,single,True,0.0,0.0,0.0
0x73ae2419bc96b9146f3dfd991ceccfb7a5f72a4a,4,1299716.2476829998,1299716.2476829998,0.014562092523461481,25.770826065986533,0.0,0.0,0.0,0,0.0,False,False,109928.73279870693,51165960,0.2563271633796273,single,True,0.0,0.0,0.0
0x6cb63abac0619b32197b429ae46e1998e2afe5f4,2,774984.8307200798,774984.8307200798,0.014313791699048548,25.33140313637135,0.0,0.0,0.0,0,0.0,False,False,93634.7156288649,51165960,0.2563271633796273,single,True,0.0,0.0,0.0
0x7b689a7cc1a991109d21fc8e6c15b562d9928025,4,4811187.6009403905,2189673.5730899475,0.014253556932952927,25.224804467418064,2621514.027850443,0.0,-2621514.027850443,2621514.027850443,0.0,False,False,206482.6641026037,51165960,0.2563271633796273,single,False,2621514.027850443,0.0,2621514.027850443
0xa21d0c2b6d916e6b0ce2e352e4c71b968ea150a5,3,1532628.1026768142,1532628.1026768142,0.013954726557582741,24.695958381974574,0.0,0.0,0.0,0,0.0,False,False,73378.44816064881,51165960,0.2563271633796273,single,True,0.0,0.0,0.0
0x6d3b112a11a8302285a28a43be0f2a49058f87c0,2,4424622.471652148,4424622.471652148,0.013869684814387098,24.54545831004382,0.0,0.0,0.0,0,0.0,False,False,79994.16852994627,51165960,0.2563271633796273,single,True,0.0,0.0,0.0
0x9677b09af6f5de3fb88f8f2481019d969e8eca8c,4,1263286.3570238259,1263286.3570238259,0.013705344706646016,24.254622338123063,0.0,0.0,0.0,0,0.0,False,False,111705.87418977573,51165960,0.2563271633796273,single,True,0.0,0.0,0.0
0xdd1ab5a9174874dd31e450339116c2fc4bdc6754,2,1582582.581910308,1582582.581910308,0.013658794365389056,24.17224126919958,0.0,0.8024162532626429,0.8024162532626429,0,0.20568108204852187,True,False,55353.281359095774,51165960,0.2563271633796273,single,False,0.0,0.0,0.0
0x6ee1c0d0fe6110042a00e1ecca353b9b54eb1b55,8,482843.15565502644,482843.15565502644,0.013508696396279711,23.90660989455046,0.0,0.0,0.0,0,0.0,False,False,111150.99891623213,51165960,0.2563271633796273,single,True,0.0,0.0,0.0
0x155c6702e8a894eab1f7484eaf9c5bf17caf8b8d,2,1076000.1160491114,1076000.1160491114,0.013270714470094204,23.485448525283367,0.0,0.0,0.0,0,0.0,False,False,211675.5916863364,51165960,0.2563271633796273,single,True,0.0,0.0,0.0
0x7040a5f922462b199a0448a3ba3346005b06d606,8,3033460.8386308486,3033460.8386308486,0.013137026608459315,23.248858445679378,0.0,0.0,0.0,0,0.0,False,False,227179.1842371042,51165960,0.2563271633796273,single,True,0.0,0.0,0.0
0x914f59f0193e4847efa0ff7086dfa9b59466996d,4,2052985.8197630541,2052985.8197630541,0.012625078567023735,22.342853768851334,0.0,0.0,0.0,0,0.0,False,False,207130.0101035492,51165960,0.2563271633796273,single,True,0.0,0.0,0.0
0x10935bed782b47a476fe3c8906974bf80f44802d,4,1789530.193459487,1789530.193459487,0.012414085536373375,21.96945518720757,0.0,0.0,0.0,0,0.0,False,False,68646.41472036502,51165960,0.2563271633796273,single,True,0.0,0.0,0.0
0x8ac71f937ede0e4dd49853d194b576cc5f3634ad,2,15464893.975791236,15464893.975791236,0.01239999585781302,21.944520401570163,0.0,0.0,0.0,0,0.0,False,False,5665.082423553837,51165960,0.2563271633796273,single,True,0.0,0.0,0.0
0xdacd44872adf5d607074d7c827dc741254fa4635,3,285807.65935045923,285807.65935045923,0.01236635091475008,21.884978273659762,0.0,0.0,0.0,1.4551915228366852e-11,0.0,False,False,150085.62985698847,51165960,0.2563271633796273,single,True,0.0,0.0,1.4551915228366852e-11
0xb8f74750af7a4ec9242dd77efd2955509a331443,2,926036.5190641911,926036.5190641911,0.012312690992271723,21.790015236810756,0.0,0.0,0.0,0,0.0,False,False,161986.0528077479,51165960,0.2563271633796273,single,True,0.0,0.0,0.0
0x4bd3152dbe7b8e244aa611a05a235ae922193fac,3,1529236.483161619,1529236.483161619,0.012291525545282109,21.752558322421606,0.0,0.0,0.0,0,0.0,False,False,116263.55775250208,51165960,0.2563271633796273,single,True,0.0,0.0,0.0
0xe3d996accac0e749b7a1ec48d3a4df1b0fb14775,2,701359.7325829823,701359.7325829823,0.012244729068883738,21.669741663220982,0.0,0.0,0.0,0,0.0,False,False,124901.8654205684,51165960,0.2563271633796273,single,True,0.0,0.0,0.0
0x11013860f44c8026e37b6c25adfc8fed2f743453,5,748519.7645484156,748519.7645484156,0.011902004677373191,21.063215460481963,0.0,0.0,0.0,0,0.0,False,False,119895.84490280041,51165960,0.2563271633796273,single,True,0.0,0.0,-1.4551915228366852e-11
0xec8aed05be87eb36cab6d7aa73d33f8e34185322,5,585375.3813653027,117075.07627306056,0.011704068292292704,20.712923485354008,468300.30509224214,0.0,-468300.30509224214,468300.3050922422,0.0,False,False,249007.6952774247,51165960,0.2563271633796273,single,False,468300.30509224226,1.1641532182693481e-10,468300.30509224214
0x85c4ff2d2ee094a182b3aa1bef62da3e9a2b59d8,2,1978840.4160289487,1978840.4160289487,0.011655595174616897,20.627139640588105,0.0,0.0,0.0,0,0.0,False,False,88537.85097666408,51165960,0.2563271633796273,single,True,0.0,0.0,0.0
0xf7ac301a119b9c06377d45d1c07f456133dc16c5,3,389886.386682174,389886.386682174,0.011505064455188833,20.360742419054294,0.0,0.0,0.0,0,0.0,False,False,89873.50358749084,51165960,0.2563271633796273,single,True,0.0,0.0,0.0
0xcf0817dfbf7f080dd3cfeafc4b3a12ca0d99a99d,2,530979.609140182,530979.609140182,0.011242009848776864,19.89520942667855,0.0,0.0,0.0,0,0.0,False,False,188364.2056873841,51165960,0.2563271633796273,single,True,0.0,0.0,0.0
0x03925d342fc179a07adeae4c50a3193e1a66920d,2,172126.67492008008,172126.67492008008,0.010719225266818512,18.97002710759069,0.0,0.0,0.0,0,0.0,False,False,110984.75604027376,51165960,0.2563271633796273,single,True,0.0,0.0,0.0
0x05edbb8e5c505357d794ecf0ed5a9af3aea42cf8,3,1069217.2604013386,733618.8357847545,0.010695257563888085,18.927610984878505,335598.4246165841,0.0,-335598.4246165841,335598.4246165841,0.0,False,False,138424.7543103036,51165960,0.2563271633796273,single,False,335598.4246165841,0.0,335598.4246165841
0x45fa1a536afa1b3e726f83eb3be4342fbe6995ce,3,322800.2934069806,181926.0940030445,0.010646913996526364,18.84205640789165,140874.19940393607,0.0,-140874.19940393607,140874.19940393607,0.0,False,False,127778.30288896748,51165960,0.2563271633796273,single,False,140874.19940393607,0.0,140874.19940393607
0xd5583ade87da0a84c72fa1e941c732ccb0a32648,4,4369750.032222791,4369750.032222791,0.010542657964970862,18.65755242597984,0.0,0.0,0.0,0,0.0,False,False,47450.30930512083,51165960,0.2563271633796273,single,True,0.0,0.0,0.0
0x8f8abf4a57458b9f695ea47e6a0edd789a086438,2,326838.21282817103,163419.10641408552,0.010461485315004937,18.513899565635985,163419.10641408552,0.05275098365282474,-163419.05366310186,163419.10641408552,0.013521510005213656,True,False,196062.57138254197,51165960,0.2563271633796273,single,False,163419.10641408552,0.0,163419.10641408552
0x2e209a99c4529106fec78fbeadce0c4991d8955a,36,12834452.988383222,12834452.988383219,0.0103074583866488,18.241315033313523,3.725290298461914e-09,0.0,-3.725290298461914e-09,5.820766091346741e-11,0.0,False,False,100045.37428111325,51165960,0.2563271633796273,single,True,0.0,-3.725290298461914e-09,-1.7462298274040222e-10
0x7d62eb44e1924cb75bd3188ea32043407cfcd602,2,1240477.7216826163,1240477.7216826163,0.010005576657229141,17.707068905647528,0.0,0.004025339994503353,0.004025339994503353,0,0.001031803982429609,True,False,71332.19514789642,51165960,0.2563271633796273,single,True,0.0,0.0,0.0
0xe66221bd0623f4bc717a0408c734abba8cccf5aa,3,759574.6068958438,759574.6068958438,0.009996379019987728,17.690791663267383,0.0,0.0,0.0,0,0.0,False,False,131437.95521748115,51165960,0.2563271633796273,single,True,0.0,0.0,-2.9103830456733704e-11
0x0632cd7fb7e00f9a3052eddab8d3bca9d2bbff8f,4,866833.023004284,866833.023004284,0.009900508029572371,17.52112685618094,0.0,0.0,0.0,0,0.0,False,False,127106.65958550984,51165960,0.2563271633796273,single,True,0.0,0.0,0.0
0x334a037f4d5266b90da286d5f0604efa13e592fb,4,1268201.7791268383,1268201.7791268383,0.009858937412640927,17.44755850488321,0.0,0.0,0.0,0,0.0,False,False,118837.31378251813,51165960,0.2563271633796273,single,True,0.0,0.0,0.0
0x0620912f23c04595e19777067adcb5c6e9723073,2,1514925.1124757174,1514925.1124757174,0.009742227105742567,17.24101394308073,0.0,0.0,0.0,0,0.0,False,False,57825.3922976603,51165960,0.2563271633796273,single,True,0.0,0.0,0.0
0x600b3a7107faa70c233f7c22de2a35ed927397eb,2,2375346.568649821,2375346.568649821,0.009727588549890467,17.21510779833444,0.0,0.0,0.0,0,0.0,False,False,73758.61702596028,51165960,0.2563271633796273,single,True,0.0,0.0,0.0
0xbaf41f611cc585fb4983dcdbd3b66a3e51102be4,2,229524.4305215198,229524.4305215198,0.00969773947891321,17.1622833010895,0.0,0.0,0.0,0,0.0,False,False,134211.9459230972,51165960,0.2563271633796273,single,True,0.0,0.0,0.0
0x6b9605d067e55c3bb345d04d0d1841dde7ccf641,2,400607.394066548,400607.394066548,0.009692255647028162,17.152578454244377,0.0,0.0,0.0,0,0.0,False,False,87468.31958466888,51165960,0.2563271633796273,single,True,0.0,0.0,0.0
0xe0eba8ffb914168d6f42e21ef02bbd988b074d3f,2,1537597.9891400388,1537597.9891400388,0.009659903465878856,17.09532415291984,0.0,0.0,0.0,0,0.0,False,False,56972.71949443679,51165960,0.2563271633796273,single,True,0.0,0.0,0.0
0x30b7ed066e1a37758f5ce02a22649a48bb97e516,3,293814.7427368406,293814.7427368406,0.009474491544020835,16.767196970575338,0.0,0.0,0.0,0,0.0,False,False,166237.9093092562,51165960,0.2563271633796273,single,True,0.0,0.0,0.0
0xadbda56c37f2bb25224982d8ea37d973adfbce96,4,4486775.897381383,4486775.897381383,0.00940436235068803,16.643087936065644,0.0,0.0,0.0,0,0.0,False,False,45912.396373127114,51165960,0.2563271633796273,single,True,0.0,0.0,0.0
0x20cfbdd3e5f1eae97fe3435536b332e66d05347b,3,2163605.106649999,2163605.106649999,0.009254527334802969,16.37792191499092,0.0,0.0,0.0,0,0.0,False,False,199267.6955299931,51165960,0.2563271633796273,single,True,0.0,0.0,-5.820766091346741e-11
0x8861afc66ef26148e2c8ce13c3b871dcf4c8551e,2,199477.52908431322,99738.76454215661,0.009186642537010827,16.257784832108953,99738.76454215661,0.0,-99738.76454215661,99738.76454215661,0.0,False,False,131950.8195683958,51165960,0.2563271633796273,single,False,99738.76454215661,0.0,99738.76454215661
0xb99b115fdd886edd5345bc32ba6e1298fce46d6e,4,367334.6580102079,283069.45065020316,0.009156970582757641,16.20527378186911,84265.20736000472,0.0,-84265.20736000472,84265.20736000472,0.0,False,False,223706.01541480512,51165960,0.2563271633796273,single,False,84265.20736000472,0.0,84265.20736000472
0xeae3e6c698cc15ab9984866eea85a96b0b2138e9,2,2542679.6922930484,2542679.6922930484,0.009080251622941984,16.06950270596176,0.0,0.0,0.0,0,0.0,False,False,103356.87093739053,51165960,0.2563271633796273,single,True,0.0,0.0,0.0
0x6dcdb3783a4f99b16ceef6787c18f388256f6631,2,92682.69553662125,92682.69553662125,0.009072100765140766,16.0550779700699,0.0,0.0,0.0,0,0.0,False,False,154677.82402083566,51165960,0.2563271633796273,single,True,0.0,0.0,0.0
0x1d253d3e8c0a8ccc1278a95231eda5a99fbed4c7,4,1072345.7642812754,1072345.7642812754,0.008772576911503264,15.52500462228216,0.0,0.0,0.0,1.1641532182693481e-10,0.0,False,False,32045.655385625338,51165960,0.2563271633796273,single,True,0.0,0.0,0.0
0xe6deaebc39c9060e17b1ac24f5cafea6d5870eba,3,635184.9564230294,635184.9564230294,0.008718457151978576,15.429227802625459,0.0,0.0,0.0,5.820766091346741e-11,0.0,False,False,41374.31375443832,51165960,0.2563271633796273,single,True,0.0,0.0,5.820766091346741e-11
0xcae2e1932d23b87d53043f0a13dd9b8c5d134475,4,1072233.5620846087,1072233.562084609,0.008602235681608015,15.22354834459239,-2.3283064365386963e-10,0.0,2.3283064365386963e-10,0,0.0,False,False,32173.204171407837,51165960,0.2563271633796273,single,True,0.0,2.3283064365386963e-10,-1.1641532182693481e-10
0x38949da02e03460016082d139ce040d13cdecbcb,4,1072482.9171860164,1072482.9171860167,0.008563288148485922,15.154622117117075,-2.3283064365386963e-10,0.0,2.3283064365386963e-10,0,0.0,False,False,31918.35993185259,51165960,0.2563271633796273,single,True,0.0,2.3283064365386963e-10,-1.1641532182693481e-10
0x8d84e2a63d83f042ee69864129b296167b878abc,2,138921.32102762623,138921.32102762623,0.008553609341703348,15.13749333938694,0.0,0.0,0.0,0,0.0,False,False,121535.00686058792,51165960,0.2563271633796273,single,True,0.0,0.0,0.0
0x64cd46175ff7986196c135aa6d885040206733b6,4,1277355.996884847,1277355.996884847,0.008513030009351785,15.065679284214504,0.0,0.0,0.0,0,0.0,False,False,110519.5299373357,51165960,0.2563271633796273,single,True,0.0,0.0,0.0
0xe62956d530d703ad679a25b48e37d0265141a283,8,7292920.142699201,4537800.053755184,0.008505295849595404,15.05199198717755,2755120.088944017,0.0,-2755120.088944017,2755120.088944016,0.0,False,False,169086.79698564406,51165960,0.2563271633796273,single,False,2755120.088944016,-9.313225746154785e-10,2755120.088944016
0x0624162af38c7e4ec8a52788e22a224df1a822f3,2,70582.98093524411,70582.98093524411,0.008369737362009258,14.81209142345552,0.0,0.0,0.0,0,0.0,False,False,50145.798744806896,51165960,0.2563271633796273,single,True,0.0,0.0,0.0
0x29885fdc303618a6e78bb28136a1dc1ddc938a60,2,247857.18127525452,247857.18127525452,0.00836161503872846,14.797717185674522,0.0,0.0,0.0,0,0.0,False,False,140815.29438773458,51165960,0.2563271633796273,single,True,0.0,0.0,0.0
0xa4abfc7073f8d3d5a035fd22b462791089d9881e,3,1672197.04375203,1672197.04375203,0.008346382345464042,14.770759584079737,0.0,0.0,0.0,1.1641532182693481e-10,0.0,False,False,155300.790918599,51165960,0.2563271633796273,single,True,0.0,0.0,0.0
0x8c05b9a9b899e4d951f241400dc7e2af24fd3667,4,1047448.7544186113,1047448.7544186112,0.008305757251768242,14.698864544142166,1.1641532182693481e-10,0.0,-1.1641532182693481e-10,5.820766091346741e-11,0.0,False,False,32814.74808046634,51165960,0.2563271633796273,single,True,0.0,-1.1641532182693481e-10,1.1641532182693481e-10
0x49a0ee9b616fff29c52911dda5c2d4ae5c47e826,6,642258.9362509884,642258.9362509884,0.008212842808389558,14.534431997413584,0.0,277.1520420185092,277.1520420185092,0,71.04159675547574,True,False,111991.67060710944,51165960,0.2563271633796273,single,False,0.0,0.0,0.0
0x7965294927c22a202ebd88ab6fb68a8dad89e166,2,319225.364481357,319225.364481357,0.008139303566369296,14.404288131614399,0.0,0.0,0.0,0,0.0,False,False,82325.35569923499,51165960,0.2563271633796273,single,True,0.0,0.0,0.0
0x9bd7694d297fc9e3ab82dbe4f198c6e232f71483,5,475312.87371266086,475312.87371266086,0.008082133096851822,14.303112409535181,0.0,0.0,0.0,0,0.0,False,False,144833.43123679204,51165960,0.2563271633796273,single,True,0.0,0.0,-2.9103830456733704e-11
0x6fea043205f7e2969ef86d77191d63ad23419192,2,403191.21050476027,403191.21050476027,0.008077891579966906,14.295606112365252,0.0,0.0,0.0,0,0.0,False,False,204335.57435665725,51165960,0.2563271633796273,single,True,0.0,0.0,0.0
0x92ed699a5f53a1639f03726075e8a1f0a63d56f5,2,128043.40933181389,128043.40933181389,0.007907281228341929,13.993673564573765,0.0,0.0,0.0,0,0.0,False,False,109464.30044326534,51165960,0.2563271633796273,single,True,0.0,0.0,0.0
0x60aff49e2f29eacd3ab82ebfa6a8e7527ae34f99,2,578500.7922518299,578500.7922518299,0.007865260295345332,13.919308279938946,0.0,0.0,0.0,0,0.0,False,False,75713.93168667558,51165960,0.2563271633796273,single,True,0.0,0.0,0.0
0xbcbc5bcfe0d525ab7105b343bfe5d4b35664f419,4,1055783.443986471,1055783.443986471,0.007859810892622214,13.909664363069531,0.0,0.0,0.0,0,0.0,False,False,32429.06173900203,51165960,0.2563271633796273,single,True,0.0,0.0,1.1641532182693481e-10
0xa39d82b9178c210effae834c6e025f1a3a66d996,2,1979511.331555158,1979511.331555158,0.007739939124205948,13.697524899657889,0.0,0.0,0.0,0,0.0,False,False,177015.68570797454,51165960,0.2563271633796273,single,True,0.0,0.0,0.0
0x157c007b27094c5db54b3110949cfb2121657763,4,1057658.4102045745,1057658.4102045747,0.007734588140319534,13.68805515657004,-2.3283064365386963e-10,0.0,2.3283064365386963e-10,0,0.0,False,False,32557.37052081373,51165960,0.2563271633796273,single,True,0.0,2.3283064365386963e-10,-1.1641532182693481e-10
0xae0e1742ba8737dcab13513f58b59e092f436f37,4,1057561.3821148851,1057561.3821148851,0.0076924322466940896,13.613451029414053,0.0,0.0,0.0,0,0.0,False,False,32685.932634635166,51165960,0.2563271633796273,single,True,0.0,0.0,0.0
0x2e7c3dbe12b0293bcca3dbd2ba5c07750932823a,2,379402.0754145448,379402.0754145448,0.007638031231845733,13.517176466592026,0.0,0.0,0.0,0,0.0,False,False,131234.6577705145,51165960,0.2563271633796273,single,True,0.0,0.0,0.0
0xed0c6428a0d0ea231851c8f90936b379ecb93b23,2,1740961.3494606598,1740961.3494606598,0.007561440550981594,13.381632408507988,0.0,0.0,0.0,0,0.0,False,False,3019.0608984268556,51165960,0.2563271633796273,single,True,0.0,0.0,0.0
0x3839e43d8af7b8520866f706b51c51d2afcd3e6e,2,218941.1459144005,218941.1459144005,0.0075176112665464884,13.304066848204485,0.0,0.0,0.0,0,0.0,False,False,227665.95672118236,51165960,0.2563271633796273,single,True,0.0,0.0,0.0
0x7485944f14bc640840ef9183c67981e5856c4d70,4,1053967.2534535136,1053967.2534535136,0.0074947220630462354,13.26355936748057,0.0,0.0,0.0,0,0.0,False,False,32301.006289200053,51165960,0.2563271633796273,single,True,0.0,0.0,-1.1641532182693481e-10
0xe658a0a8fe281be4492deaf80810aebe1d75df45,3,147701.43821373006,147701.43821373006,0.0074817596294143585,13.240619489713634,0.0,0.0,0.0,0,0.0,False,False,141277.43578940528,51165960,0.2563271633796273,single,True,0.0,0.0,0.0
0xcc8a3c7fa6342ada0baa3aed73b0597017fc76d7,2,582260.2666873129,582260.2666873129,0.007389681010969477,13.07766611906884,0.0,0.0,0.0,0,0.0,False,False,75225.07024983839,51165960,0.2563271633796273,single,True,0.0,0.0,0.0
0x1837e2cfc622a72368ed835c1a98fcfc5de42b0f,2,375790.7248684225,375790.7248684225,0.0071270331670680144,12.612852982434408,0.0,0.4088381546898732,0.4088381546898732,0,0.10479632447301647,True,False,93244.59932975487,51165960,0.2563271633796273,single,False,0.0,0.0,0.0
0x6a2d5865419b4d501fd64a672b1d8c16a7734abd,4,1049337.9653592797,1049337.9653592797,0.007056820895273595,12.48859692231142,0.0,0.0,0.0,5.820766091346741e-11,0.0,False,False,32943.81685830725,51165960,0.2563271633796273,single,True,0.0,0.0,0.0
0x3ebdcf5dcb35aada95cb2db2fcda4178db74398e,3,289052.89246774785,243889.1831262869,0.007036689680882547,12.452970310014257,45163.709341460955,0.0,-45163.709341460955,45163.709341460955,0.0,False,False,192834.0298105103,51165960,0.2563271633796273,single,False,45163.709341460955,0.0,45163.709341460955
0x9d41e1d9e7cf8f99f1fee41e7217b6db60741f6b,2,1903829.650987181,1903829.650987181,0.00695650968549628,12.311074170311668,0.0,0.0,0.0,0,0.0,False,False,4601.31182876904,51165960,0.2563271633796273,single,True,0.0,0.0,0.0
0x3ead19908eff27784377ce59c33759ca9b01c46b,2,131537.50342960458,131166.3768502822,0.006908963833763038,12.22693132660961,371.12657932238653,0.08441496783112619,-371.0421643545554,371.12657932238653,0.021637849250935065,True,False,149900.1603862702,51165960,0.2563271633796273,single,False,371.12657932236635,-2.0179413695586845e-11,371.12657932238653
0x8b545add25896765f10ffbc29cc8b2436e62abbf,4,1039342.2039972482,1039342.2039972482,0.006866804254246205,12.152320676457993,0.0,0.0,0.0,0,0.0,False,False,33073.1389681579,51165960,0.2563271633796273,single,True,0.0,0.0,0.0
0xa9fa7df0ed58a36006b683763f1f5de227d19833,11,3175337.4165379894,3175337.41653799,0.0066152585102483615,11.707155147825116,-4.656612873077393e-10,0.0,4.656612873077393e-10,2.9103830456733704e-10,0.0,False,False,125474.73655897797,51165960,0.2563271633796273,single,True,0.0,4.656612873077393e-10,2.3283064365386963e-10
0xcbaac9008ecd95900b75f14851dcd2cefe20dc59,3,295400.3679252235,154219.70492006,0.006402457109484717,11.330556257463542,141180.6630051635,0.0,-141180.6630051635,141180.6630051635,0.0,False,False,119304.0721129346,51165960,0.2563271633796273,single,False,141180.6630051635,0.0,141180.6630051635
0x4840776c2f5042af1c14567e205583b8055222a6,8,2243508.880238274,2243508.880238274,0.006391273223794477,11.310763911521454,0.0,0.0,0.0,0,0.0,False,False,82945.69690167293,51165960,0.2563271633796273,single,True,0.0,0.0,0.0
0x09b4b2a2c0a05321d49453695cc7c4bec96b80ba,5,254174.7486466664,198004.6174728014,0.006378472490722543,11.288110198465967,56170.131173865026,0.0,-56170.131173865026,56170.13117386503,0.0,False,False,56634.218858245,51165960,0.2563271633796273,single,False,56170.13117386503,7.275957614183426e-12,56170.13117386502
0xf7f7f1a973bae24b8610e8b288ab5ed4bad894ef,2,227612.70478078077,227599.7590442324,0.006359653656520594,11.2548061316087,12.945736548368586,0.04158571326421989,-12.904150835104366,12.945736548368586,0.010659547918136026,True,False,149480.97538196263,51165960,0.2563271633796273,single,False,12.94573654836422,-4.366285111245816e-12,12.945736548368586
0xb9e5a45c1e9b2b04fd538d331416a7f91ba79426,5,2993431.5084011806,2993431.5084011806,0.006349739315319463,11.237260523912449,0.0,0.0,0.0,0,0.0,False,False,88847.47139144238,51165960,0.2563271633796273,single,True,0.0,0.0,0.0
0xf5419f930ceb03678a6c7d069e2ed22078abba35,2,557962.5015765721,557962.5015765721,0.006272656185706016,11.100844969438423,0.0,0.0,0.0,0,0.0,False,False,78500.91958058183,51165960,0.2563271633796273,single,True,0.0,0.0,0.0
0x4dbf197e0a428f40e33879370f957228bd81dd39,4,2451248.5993823004,2451248.5993823004,0.006236055935963983,11.036072776255752,0.0,0.0,0.0,0,0.0,False,False,90654.46080163962,51165960,0.2563271633796273,single,True,0.0,0.0,0.0
0xc3e6efcce9f93143338faf13fc67f52be8eb327e,3,191717.67340352843,83876.4821140437,0.006184210923284819,10.944321621537362,107841.19128948473,0.0,-107841.19128948473,107841.19128948475,0.0,False,False,132430.78732803877,51165960,0.2563271633796273,single,False,107841.19128948473,0.0,107841.19128948475
0xc1f5be5d8a3692250a58c14f2c9fd2b29e8e4657,3,619178.5782528502,619178.5782528502,0.006103213331277784,10.800978564760735,0.0,0.02388509678064235,0.02388509678064235,0,0.006122399104829922,True,False,84887.76130886657,51165960,0.2563271633796273,single,False,0.0,0.0,0.0
0xc7a404faadc0713a91f8bddb95aae52fc8bf0685,2,127969.07364213825,127969.07364213825,0.005990939099672399,10.60228461402989,0.0,0.0,0.0,0,0.0,False,False,146293.37463632555,51165960,0.2563271633796273,single,True,0.0,0.0,0.0
0x887b5f7bc2a14cb28f5d79f3b85655450a3454ce,5,2953654.775753643,2953654.775753643,0.00593891338646271,10.510213669972524,0.0,0.0,0.0,0,0.0,False,False,90231.00716739552,51165960,0.2563271633796273,single,True,0.0,0.0,0.0
0x24e85f3618c02ed83687e930957efa6673a7312c,2,424523.6540683755,424523.6540683755,0.005810150885730803,10.282340099959342,0.0,0.0,0.0,0,0.0,False,False,61905.48259747344,51165960,0.2563271633796273,single,True,0.0,0.0,0.0
0xa5f64c192ef53d38ce20a45e44c1d18c4de8a022,2,233136.76249432215,233136.76249432215,0.005757088321647668,10.188434220196626,0.0,0.0,0.0,0,0.0,False,False,155165.01549979998,51165960,0.2563271633796273,single,True,0.0,0.0,0.0
0x55ca7f273bb2f62cc35b00d868056fc1a4b48383,2,125613.01665546653,125613.01665546653,0.005669011964605495,10.03256373151496,0.0,0.0,0.0,0,0.0,False,False,118681.19136721086,51165960,0.2563271633796273,single,True,0.0,0.0,0.0
0x7243dda347f96dc36a509f8ee96a90a70ed26049,4,792485.2001446905,792485.2001446905,0.00566384388029296,10.023417669457045,0.0,0.0,0.0,0,0.0,False,False,105349.62366465748,51165960,0.2563271633796273,single,True,0.0,0.0,0.0
0xe00ece45e3dd0aae8f845ae1274e37c672f7f9d4,3,121902.76279863887,95849.65662373303,0.005628654658691445,9.96114260096472,26053.106174905843,0.0,-26053.106174905843,26053.106174905846,0.0,False,False,134563.66498842428,51165960,0.2563271633796273,single,False,26053.106174905846,3.637978807091713e-12,26053.106174905846
0x40ecf6c5efbd1e3223aee65f9c6aa49c57c5cb3e,2,154855.21730176578,154855.21730176578,0.005618155270409439,9.942561623761144,0.0,0.0,0.0,0,0.0,False,False,132059.68031272592,51165960,0.2563271633796273,single,True,0.0,0.0,0.0
0x28e8108e50b88d069843b5063c6554a29a094bfc,4,1811711.6254729424,1811711.6254729424,0.005600702768101505,9.911675581753832,0.0,0.0,0.0,0,0.0,False,False,82690.17241365225,51165960,0.2563271633796273,single,True,0.0,0.0,0.0
0x2dc67af65eacb049937028fc73b67ce05d94bf12,2,102923.04596166256,102923.04596166256,0.005409819165413578,9.573865056529252,0.0,0.0,0.0,0,0.0,False,False,129511.55458464277,51165960,0.2563271633796273,single,True,0.0,0.0,0.0
0x7221d3dc27f54ec8e67f09278e7d92c933d83d71,2,145552.77781749,145552.77781749,0.005365157470074386,9.494826362018554,0.0,0.0,0.0,0,0.0,False,False,118323.97960366486,51165960,0.2563271633796273,single,True,0.0,0.0,0.0
0x745ccb1ea2f45da615209b53f33ebfe5a6c5c903,4,3201160.597055423,3201160.597055423,0.005336025939154992,9.44327170974931,0.0,0.0,0.0,0,0.0,False,False,142648.54647245555,51165960,0.2563271633796273,single,True,0.0,0.0,0.0
0x0e75480e3f53924ffc834a3d579fb40e37b26209,4,185777.71996984122,185777.71996984122,0.00508021206712499,8.99055278966758,0.0,3.330227618110645,3.330227618110645,0,0.8536277987587944,True,False,133602.2821373212,51165960,0.2563271633796273,single,False,0.0,0.0,0.0
0x6dc379840e6018c3b221198744a89b29960800bd,2,322989.4277840222,322989.4277840222,0.0050274851312166295,8.897240877791072,0.0,0.0,0.0,0,0.0,False,False,135609.91691199096,51165960,0.2563271633796273,single,True,0.0,0.0,0.0
0x9023566652ce90cb7e81b00b26803fa37afe819a,14,101920.97322833439,95105.33509105915,0.004962875032284343,8.782899094904614,6815.638137275237,0.0,-6815.638137275237,6815.638137275245,0.0,False,False,183259.5034681168,51165960,0.2563271633796273,single,False,6815.638137275239,2.7284841053187847e-12,6815.638137275233
0x3ce754990a7baa8a7dcf0ce6f77d0094e74d9968,3,947810.4072472168,947810.4072472169,0.004835397381643387,8.557299349766629,-1.1641532182693481e-10,0.0,1.1641532182693481e-10,0,0.0,False,False,3164.8501537513202,51165960,0.2563271633796273,single,True,0.0,1.1641532182693481e-10,-5.820766091346741e-11
0x5a94bcee11ba77c68744269056c854f837b1d44e,3,262794.9360005181,262794.93600051815,0.004835082182327008,8.556741535239256,-5.820766091346741e-11,0.20412449521235143,0.2041244952705591,0,0.05232265283408036,True,False,66668.81810105564,51165960,0.2563271633796273,single,False,0.0,5.820766091346741e-11,-2.9103830456733704e-11
0x9166ba373364df1834f220996fe0d3cef94981fe,5,102189.27132489772,102189.27132489772,0.004776252616154158,8.452629676662934,0.0,0.0,0.0,0,0.0,False,False,129730.73696192537,51165960,0.2563271633796273,single,True,0.0,0.0,0.0
0x1c853062fc3f689f6fe4e21aad3b362e720809b9,5,965201.535786306,965201.535786306,0.004620984798976216,8.177849118601557,0.0,0.0,0.0,0,0.0,False,False,193696.70620133702,51165960,0.2563271633796273,single,True,0.0,0.0,0.0
0x0dfca673dfaa91919ecdbc64fa364c5c471ddf93,6,5184250.171245332,5184250.171245332,0.004522678204505835,8.00387397435948,0.0,0.0,0.0,0,0.0,False,False,92446.03704126591,51165960,0.2563271633796273,single,True,0.0,0.0,0.0
0xb7fbb2fe8331b961f70fe325766eb46f9c033feb,4,609122.4145337144,609122.4145337144,0.004479240204387221,7.927000877728106,0.0,0.0,0.0,0,0.0,False,False,108878.65509260188,51165960,0.2563271633796273,single,True,0.0,0.0,0.0
0x28a5f53fd67cf6662a1eee8163806a439213d0db,2,519784.2631979568,519784.2631979568,0.00434943449268859,7.697281116425431,0.0,0.0,0.0,0,0.0,False,False,84266.82484721852,51165960,0.2563271633796273,single,True,0.0,0.0,0.0
0x8366a39cc670b4001a1121b8f6a443a643e40951,12,31066.889811804678,29181.590901648382,0.0043306794746181465,7.664089986251034,1885.2989101562962,6089012.480459677,6087127.181549521,9028.465951549431,1560779.2968993774,True,True,22194.529309862603,51165960,0.2563271633796273,single,False,67769.06975672729,65883.77084657099,67769.0697567273
0xca052074fd3a5a7f199867cd00c9e439ba67f550,4,884553.9065762977,884553.9065762977,0.004175255121180807,7.389032402844059,0.0,0.035277383512468286,0.035277383512468286,0,0.009042551647206229,True,False,244584.0791426683,51165960,0.2563271633796273,single,False,0.0,0.0,0.0
0x61c8a6dbcccbdb73f267c61ffbaec72c395cf069,4,584543.136151154,372919.7224247144,0.004016034377527855,7.107256271826738,211623.41372643952,1.55959278e-09,-211623.41372643795,211623.41372643952,3.9976599332474714e-10,True,False,199079.00610976288,51165960,0.2563271633796273,single,False,211623.41372643952,0.0,211623.41372643952
0xda3f88433eaf4c44b34b7dfecaffe29754f9540c,2,401316.44296715327,401316.44296715327,0.0040130311083694395,7.101941326396595,0.0,0.0,0.0,0,0.0,False,False,191299.26216071605,51165960,0.2563271633796273,single,True,0.0,0.0,0.0
0x112f43ef36e68ecbef186957e9e7d53f215ff615,5,296084.46833655046,296084.46833655046,0.003992684964148423,7.065934348485385,0.0,0.0,0.0,0,0.0,False,False,140001.2489082346,51165960,0.2563271633796273,single,True,0.0,0.0,-2.9103830456733704e-11
0xe63242bc775e21131974adf8eb365f6dfbea6d74,2,90180.40223346888,90180.40223346888,0.003970488034836637,7.026651999223326,0.0,0.0,0.0,0,0.0,False,False,131689.0908829127,51165960,0.2563271633796273,single,True,0.0,0.0,0.0
0x3985f56d313651fc262b49c393d1050058888888,2,271972.46204783086,71767.3910157558,0.003969840941142421,7.025506824584777,200205.07103207507,0.049114129574416465,-200205.0219179455,200205.07103207507,0.012589285515669634,True,False,65069.82232938024,51165960,0.2563271633796273,single,False,200000.0,-205.0710320750659,200000.00000000003
0x72311d217dbdb43f218f363b1827b9597a3f82c8,3,128546.20687824088,128224.84136104527,0.003936080782478097,6.965760797322784,321.3655171956052,0.0,-321.3655171956052,321.36551719560885,0.0,False,False,137327.71439298496,51165960,0.2563271633796273,single,False,0.0,-321.3655171956052,7.275957614183426e-12
0xa5f1a6b74b9dfdf4ebc213bd2b1de5ea45b42c0e,2,142001.67190126507,142001.67190126507,0.003824704699044519,6.768656317355144,0.0,0.0,0.0,0,0.0,False,False,140180.08738627267,51165960,0.2563271633796273,single,True,0.0,0.0,0.0
0x200e7ff0f9cb4e0e0de3eb47ecc7901445f967b4,3,288975.51942467014,254067.6497294389,0.0037681394127517484,6.6685516001192715,34907.86969523123,0.0,-34907.86969523123,34907.86969523122,0.0,False,False,34479.4542019708,51165960,0.2563271633796273,single,False,34907.86969523122,-1.4551915228366852e-11,34907.86969523122
0xbad897f440f771672d9d9ad72f5d4adadaba60a9,4,298131.730514604,298131.730514604,0.0037307848317834837,6.60244445189521,0.0,0.25230286128485785,0.25230286128485785,0,0.0646720767457112,True,False,126467.47152613502,51165960,0.2563271633796273,single,False,0.0,0.0,0.0
0xa0f5cfa619fe7f2423cc3e70c1c70480fda690bd,5,265754.83459523326,265754.8345952332,0.0036998278599266097,6.547659280329531,5.820766091346741e-11,0.0,-5.820766091346741e-11,3.8198777474462986e-11,0.0,False,False,3767.8699189960935,51165960,0.2563271633796273,single,True,0.0,-5.820766091346741e-11,3.8198777474462986e-11
0xe95f1ad9c4b8a2439a653d2ec77700854b796c9f,2,86465.98169765933,86440.7650091756,0.003690602837494025,6.531333573829456,25.216688483735197,17.906118368413157,-7.31057011532204,25.216688483735197,4.589824528515185,True,False,285899.2384294647,51165960,0.2563271633796273,single,False,25.216688483722113,-1.3084644479022245e-11,25.216688483735197
0x5f614342b14c0a4d9769bca25275de8f57e53fc7,5,245515.42428562007,49103.08485712401,0.0036842100275560194,6.520020090364095,196412.33942849605,0.0,-196412.33942849605,196412.33942849605,0.0,False,False,248926.0072081584,51165960,0.2563271633796273,single,False,196412.33942849605,0.0,196412.33942849605
0x10b3a3e4266646084301912f71835ce14a686962,2,75218.96127903549,75218.96127903549,0.0036619521309613273,6.480629846083447,0.0,0.0,0.0,0,0.0,False,False,131849.7976388859,51165960,0.2563271633796273,single,True,0.0,0.0,0.0
0x6ea77d7a43b48b52f05073b942c4bf686eec1f1c,2,1598923.2202035263,1598923.2202035263,0.003629376298388279,6.422979744366118,0.0,0.0,0.0,0,0.0,False,False,62164.49634461986,51165960,0.2563271633796273,single,True,0.0,0.0,0.0
0x8b949c60de99de5f72345c96f0e2d5372bd16b41,2,178126.63001248235,178126.63001248235,0.0035917684450537967,6.356424374975586,0.0,0.0,0.0,0,0.0,False,False,111724.20529476124,51165960,0.2563271633796273,single,True,0.0,0.0,0.0
0xdc387ae0f4d278fda60bbd9ead307d197ac769f1,3,65775.54474065604,65775.54474065604,0.003402356776794107,6.021218761515543,0.0,0.0,0.0,0,0.0,False,False,121307.92146713733,51165960,0.2563271633796273,single,True,0.0,0.0,0.0
0x123b7408ec5b7d5fa64a8d7b4ecbf602b8bec519,2,51778.374347744335,51778.374347744335,0.0033136662025590163,5.864261280396499,0.0,1.6773966940599054,1.6773966940599054,0,0.4299623364507401,True,False,131471.58758186921,51165960,0.2563271633796273,single,False,0.0,0.0,0.0
0xa1c88e5f1067c6170474f134a5185c6efbaac9a9,4,297387.8753044366,297387.8753044366,0.0031026192565514117,5.490767283667876,0.0,0.0,0.0,0,0.0,False,False,117827.4518970325,51165960,0.2563271633796273,single,True,0.0,0.0,0.0
0xfd469e6c42331d40aef4c39fa8a19a364e461e90,2,416431.0535008648,416431.0535008648,0.0030924775005531004,5.472819215461671,0.0,0.0,0.0,0,0.0,False,False,210361.68699245094,51165960,0.2563271633796273,single,True,0.0,0.0,0.0
0xe68f6e0adaff97c20e4489ec9cef731fbc7f887d,4,60738.38544349013,60738.38544349013,0.0030194191334745263,5.343526363653901,0.0,0.0,0.0,0,0.0,False,False,195186.48182139575,51165960,0.2563271633796273,single,True,0.0,0.0,0.0
0x3b647898c71c958abc2f8001acf1feadf4555937,2,160906.50583423278,160906.50583423278,0.003018067923405804,5.341135100200276,0.0,0.0,0.0,0,0.0,False,False,123491.6082132516,51165960,0.2563271633796273,single,True,0.0,0.0,0.0
0x93657d2289c9912033fe8c18fd5063d329f2dff5,2,488455.96978804906,488455.96978804906,0.002978108244391176,5.270417657917892,0.0,0.0,0.0,0,0.0,False,False,89671.47946671366,51165960,0.2563271633796273,single,True,0.0,0.0,0.0
0x07f8ec2b79b7a1998fd0b21a4668b0cf1ca72c02,2,94760.72160406451,24760.0,0.0029711886685149604,5.258171946247743,70000.72160406451,0.0,-70000.72160406451,70000.72160406451,0.0,False,False,93378.35067297224,51165960,0.2563271633796273,single,False,70000.72160406451,0.0,70000.72160406451
0x33ab980c2bfa65ea11f343a02194cbe3def754c6,2,142518.16880759143,35629.54220189786,0.002939430827826395,5.201969461110546,106888.62660569357,0.0,-106888.62660569357,106888.62660569357,0.0,False,False,176365.49110502223,51165960,0.2563271633796273,single,False,106888.62660569357,0.0,106888.62660569357
0x8fa3a2bec685f8a5ef3fd3bd8955d67c1d7ff42b,2,52875.933428107215,26437.966714053608,0.002902720451999107,5.137002375594656,26437.966714053608,97.27326766740477,-26340.6934463862,26437.966714053608,24.93378077385308,True,False,154646.5194157119,51165960,0.2563271633796273,single,False,26437.966714053608,0.0,26437.966714053608
0xc75be552d4dbfb27f448af275622363782457534,2,440134.95573044516,440134.95573044516,0.0028990035084247023,5.130424426292469,0.0,0.0,0.0,0,0.0,False,False,59709.73524593375,51165960,0.2563271633796273,single,True,0.0,0.0,0.0
0xfb3463e32f137b23ba8e201d3a896dbc6bf1733b,4,237300.6855293509,132440.7263907113,0.0028646279743940422,5.06958935695046,104859.95913863962,52.08263963553852,-104807.87649900408,104859.95913863964,13.350195279100934,True,False,149143.8302908285,51165960,0.2563271633796273,single,False,104859.95913863962,0.0,104859.95913863962
0x946491083d043eb5d692d8fa4354ac43d028e16c,2,176089.61778351432,176089.61778351432,0.0028496936253479604,5.043159741079305,0.0,0.0,0.0,0,0.0,False,False,293746.77306143194,51165960,0.2563271633796273,single,True,0.0,0.0,0.0
0xd9b6987fe6132ae624c52394e4e150f5308f0418,2,155884.57498110196,155884.57498110196,0.002790956555217507,4.939211574597133,0.0,0.0,0.0,0,0.0,False,False,290856.05842316773,51165960,0.2563271633796273,single,True,0.0,0.0,0.0
0x29909b9c97845d5eb998b4aa41664a46c5dc35c6,2,18913910.41776637,18913910.41776637,0.002705605887551819,4.788164792859928,0.0,0.0,0.0,0,0.0,False,False,9263.144108814144,51165960,0.2563271633796273,single,True,0.0,0.0,0.0
0x486516a284a08f31519d68cade8ebcf2f3dc1a4f,2,2370512.302127711,2370512.302127711,0.0026603015054184214,4.707988722689674,0.0,0.39177145475597674,0.39177145475597674,0,0.10042166569070951,True,False,7390.903548727166,51165960,0.2563271633796273,single,False,0.0,0.0,0.0
0xf86a244ca73080bdf3cb77ed5f55d59adba5ccd4,2,51226.76698201334,51226.76698201334,0.0026393003987757783,4.6708226446958125,0.0,0.0,0.0,0,0.0,False,False,89531.18178595182,51165960,0.2563271633796273,single,True,0.0,0.0,0.0
0x4fd26608c52a9e5cefc73b7538edb0243f8db083,4,198396.71783908742,84359.53629673431,0.0025189104398056212,4.457766129108334,114037.18154235311,0.0,-114037.18154235311,114037.1815423531,0.0,False,False,177413.40650209275,51165960,0.2563271633796273,single,False,114037.1815423531,-1.4551915228366852e-11,114037.1815423531
0xb35ca4fd529a51fa45ccf89442947e4ed0546611,2,22214.726128039118,20504.15045502186,0.0025088148904128795,4.43989983365514,1710.575673017258,0.0,-1710.575673017258,1710.575673017258,0.0,False,False,78867.62900031125,51165960,0.2563271633796273,single,False,0.0,-1710.575673017258,0.0
0x15818f095e41b02f63d9d897bcbee9dfe585504d,2,259531.91127323106,259531.91127323106,0.002492315963355032,4.4107013528188075,0.0,0.0,0.0,0,0.0,False,False,193702.94489941586,51165960,0.2563271633796273,single,True,0.0,0.0,0.0
0x8f757f4a32783edee676c02c8c12de17df20f56c,5,422978.7141762034,422978.71417620336,0.0024277574044679214,4.296450781379985,5.820766091346741e-11,0.0,-5.820766091346741e-11,1.0913936421275139e-11,0.0,False,False,189975.70658599664,51165960,0.2563271633796273,single,True,0.0,-5.820766091346741e-11,5.820766091346741e-11
0x4ee32fff702d1cf2fe227a27500c2c411e942132,6,1953931.9818015762,1953931.9818015762,0.0024034681547280444,4.253465610855132,0.0,0.0,0.0,0,0.0,False,False,104469.86177969172,51165960,0.2563271633796273,single,True,0.0,0.0,0.0
0x44fd29858679fbe01e5b91b23a7b2014098901fb,2,158831.65685208878,158831.65685208878,0.0024008939346512404,4.24890996215643,0.0,0.0,0.0,0,0.0,False,False,125331.55814633777,51165960,0.2563271633796273,single,True,0.0,0.0,0.0
0xfbc16a763dd22e8e18cb02039b1e0285951ca36b,4,816137.5311769154,816137.5311769155,0.0023928705439210294,4.234710807286717,-1.1641532182693481e-10,66.83485706544795,66.83485706556436,0,17.131589326469115,True,False,72892.2411112917,51165960,0.2563271633796273,single,False,0.0,1.1641532182693481e-10,-1.1641532182693481e-10
0xa629ede3c665a480234a71107f725a9b36bf475b,2,91172.77844984108,91172.77844984108,0.0023866791614492325,4.223753794032502,0.0,0.0,0.0,0,0.0,False,False,192165.1186240408,51165960,0.2563271633796273,single,True,0.0,0.0,0.0
0x466660f23409f663bce6e8b666957141abaf3912,2,271364.5738059676,271364.5738059676,0.002362631791376323,4.1811966827866485,0.0,0.0,0.0,0,0.0,False,False,119872.03590246574,51165960,0.2563271633796273,single,True,0.0,0.0,0.0
0x6997ffd241d4da35fc2bd5320d08fb0a02799d50,9,95754.62899403776,95754.62899403775,0.0022305936458602246,3.9475261387567615,1.4551915228366852e-11,0.0,-1.4551915228366852e-11,7.275957614183426e-12,0.0,False,False,91485.01733105777,51165960,0.2563271633796273,single,True,0.0,-1.4551915228366852e-11,7.275957614183426e-12
0x49b0dc4e278ee2c55ab764d4394b3f0aa6282bfd,2,30417.737528582475,30417.737528582475,0.002201238311412335,3.8955754169119046,0.0,0.0,0.0,0,0.0,False,False,161867.52083166255,51165960,0.2563271633796273,single,True,0.0,0.0,0.0
0x773c41459d0c451e9561fb3193956fb4f2e5a0af,2,276858.8472338334,274643.9764559594,0.0021739042579014462,3.8472017963232035,2214.870777874021,3.390793944e-09,-2214.8707778706303,2214.870777874021,8.691525932703388e-10,True,False,63921.38073517842,51165960,0.2563271633796273,single,False,3.390793944e-09,-2214.8707778706303,3.3760443329811096e-09
0x7a7c065f7dfbb9846da17ce1269bb379b3517ada,2,112483.54174558567,112483.54174558567,0.0021003572619936765,3.7170442083143875,0.0,0.0,0.0,0,0.0,False,False,176923.32597063706,51165960,0.2563271633796273,single,True,0.0,0.0,0.0
0xc41c3e98cbc3b05ae8e53a435a12fbee23014ae3,2,119205.400649229,119205.400649229,0.0020197245144778363,3.5743468241228347,0.0,0.0,0.0,0,0.0,False,False,150460.11791585933,51165960,0.2563271633796273,single,True,0.0,0.0,0.0
0x7c16f7dbabac05a2fda6afa99b0b2fd0512091e7,15,36188.73927697951,36188.73927697952,0.0020061556909500445,3.5503338060424037,-7.275957614183426e-12,0.0,7.275957614183426e-12,0,0.0,False,False,96826.95852984366,51165960,0.2563271633796273,single,True,0.0,7.275957614183426e-12,0.0
0x8fa273602f63237e3a3e4c220a20ce090c67d941,4,349477.1808465981,349477.1808465981,0.001986977169708637,3.516393193845438,0.0,0.0,0.0,0,0.0,False,False,12514.228994408839,51165960,0.2563271633796273,single,True,0.0,0.0,0.0
0xe0bbc4bc7c1ad85cb4e8aa310b19eafb736b6a3b,5,2053841.3413069996,979563.1206098148,0.0019300684117684248,3.4156806279730763,1074278.2206971848,0.0,-1074278.2206971848,1074278.220697185,0.0,False,False,107314.54104881022,51165960,0.2563271633796273,single,False,1074278.220697185,2.3283064365386963e-10,1074278.220697185
0x34db13e85b19e802f2a0bbe7a963d11f175ba47a,8,164407.31064011678,141527.91059302163,0.0019047171955632895,3.3708160741782716,22879.400047095143,0.0,-22879.400047095143,22879.400047095154,0.0,False,False,150489.74253992565,51165960,0.2563271633796273,single,False,22879.400047095154,1.0913936421275139e-11,22879.400047095147
0xd523aaca0da819f24f08bd93591c1a99cbcbb150,8,568366.0837601062,568366.0837601062,0.0018956408561300066,3.354753494952509,0.0,0.0,0.0,0,0.0,False,False,74250.16011856635,51165960,0.2563271633796273,single,True,0.0,0.0,0.0
0x4ab2de34d44b3091ffd65261157fbd63d68bf0af,4,1191941.1610136456,595712.1675953463,0.0018648056222395216,3.3001837654980766,596228.9934182992,0.0,-596228.9934182992,596228.9934182991,0.0,False,False,297076.3524165208,51165960,0.2563271633796273,single,False,596228.9934182991,-1.1641532182693481e-10,596228.9934182991
0x4bed235a30686a735c94957eb394ecf508f6b35d,3,128887.90850352525,128887.90850352525,0.0017344786850218266,3.0695415809810673,0.0,0.0,0.0,0,0.0,False,False,108747.06860880063,51165960,0.2563271633796273,single,True,0.0,0.0,0.0
0x51b7f2d1a85e58d171366d6905520cec557e1fa2,2,23156.596828868616,23156.596828868616,0.001733910055078821,3.0685352652106173,0.0,0.0,0.0,0,0.0,False,False,91856.90553481864,51165960,0.2563271633796273,single,True,0.0,0.0,0.0
0xffae7c915cb497aca2e0eea4000809e36197f082,2,29190.353724864366,29190.35372486436,0.0015863664452605293,2.8074243912308696,7.275957614183426e-12,0.35486011136481244,0.3548601113575365,7.275957614183426e-12,0.09096028574272101,True,False,78046.46034884293,51165960,0.2563271633796273,single,False,5.808908e-12,-1.4670496141834257e-12,7.275957614183426e-12
0x7de9ea3f88564e39931f6df580c292a50a501594,2,211008.51028114537,211008.51028114537,0.0015225002629147325,2.6943991323897816,0.0,0.0,0.0,0,0.0,False,False,237110.369043109,51165960,0.2563271633796273,single,True,0.0,0.0,0.0
0x99e54e0436c09f067f88b6e8e25eed06b5fc41cf,2,12367.586837376864,12367.586837376864,0.001513675867574632,2.678782423659162,0.0,0.0,0.0,0,0.0,False,False,70831.2301198004,51165960,0.2563271633796273,single,True,0.0,0.0,0.0
0x8808b82f68f7eca0a5e3913e4f4d313bc3db826c,4,874142.8985552441,540086.9549727242,0.0015034485826460869,2.6606829931963913,334055.9435825199,0.0,-334055.9435825199,334055.9435825199,0.0,False,False,144185.08735528705,51165960,0.2563271633796273,single,False,334055.9435825199,0.0,334055.9435825199
0xb45e764e12da539c8aa69b10550aceb35c629ede,10,347985.8144026912,347985.81440269115,0.0014946267704808868,2.6450708559620004,5.820766091346741e-11,909.793925945458,909.7939259453998,0,233.20489629761394,True,False,102767.0155865072,51165960,0.2563271633796273,single,False,0.0,-5.820766091346741e-11,0.0
0x21f46fbbb2b17ab88ea8b4b76e5b5808d7134e23,4,30114.723085306967,30114.723085306963,0.001478252848562505,2.6160935992183827,3.637978807091713e-12,0.0,-3.637978807091713e-12,1.8189894035458565e-12,0.0,False,False,92505.65072418378,51165960,0.2563271633796273,single,True,0.0,-3.637978807091713e-12,1.8189894035458565e-12
0x599a9cfa781a9f15dbf3b1e27fc48200bf405e69,3,1247563.5209850187,1247563.5209850185,0.0014531853331299345,2.571731116348672,2.3283064365386963e-10,0.0,-2.3283064365386963e-10,1.1641532182693481e-10,0.0,False,False,148784.20832576993,51165960,0.2563271633796273,single,True,0.0,-2.3283064365386963e-10,2.3283064365386963e-10
0xf81187da2c8a0a2c362d796aca4fd105a1e36662,2,539151.0007640538,539151.0007640538,0.0014436760003638835,2.554902260171398,0.0,0.0,0.0,0,0.0,False,False,152833.3000809473,51165960,0.2563271633796273,single,True,0.0,0.0,0.0
0xbe6ef9631ba991df34c3d3186a8cd043d2348e08,8,541981.7635886925,541981.7635886925,0.0014384400871592933,2.545636159968099,0.0,0.0,0.0,0,0.0,False,False,72179.75227524234,51165960,0.2563271633796273,single,True,0.0,0.0,-5.820766091346741e-11
0xef6aa0e49f8b6490c86a5ffddfaa3b701b4df313,3,24190.57545413407,18142.93159060055,0.0013989927448862529,2.4758254102529675,6047.643863533518,0.25605539370059366,-6047.387808139817,6047.643863533517,0.06563395273532686,True,False,73157.41544673378,51165960,0.2563271633796273,single,False,6047.643863533517,-9.094947017729282e-13,6047.643863533517
0x80becb41485962962cb093a30997fea0307e5688,4,893742.0083262064,893742.0083262064,0.0013227624672630012,2.340919164984605,0.0,0.0,0.0,0,0.0,False,False,168957.32906479892,51165960,0.2563271633796273,single,True,0.0,0.0,0.0
0x3e622a5ff1bdfd3b047bd23cc3be7a3f17625544,2,28938.359196091853,28938.359196091853,0.0012873457879191902,2.278241559981501,0.0,0.0,0.0,0,0.0,False,False,133778.74224689204,51165960,0.2563271633796273,single,True,0.0,0.0,0.0
0x8568af05f694b47c71b737e636f2f73ddd19adcd,28,3953883.292340592,2304350.094814759,0.0012477349381132831,2.208141447718837,1649533.1975258328,0.0,-1649533.1975258328,1649533.1975258326,0.0,False,False,111351.38297985547,51165960,0.2563271633796273,single,False,1649533.1975258323,-4.656612873077393e-10,1649533.1975258326
0x863961c44588ed047efc987c7073f4100ad40a19,9,1274687.0558309099,74687.05583090981,0.001243216389622801,2.2001448821818905,1200000.0,0.0,-1200000.0,1200000.0,0.0,False,False,176678.0460329507,51165960,0.2563271633796273,single,False,1200000.0,0.0,1200000.0
0xa4b5ed19f1a2fced8fe052b57d3aab2ffb1233b5,7,4028223.0302402503,4028223.03024025,0.0012111669659687612,2.1434263768453343,4.656612873077393e-10,0.0,-4.656612873077393e-10,0,0.0,False,False,198547.2492885621,51165960,0.2563271633796273,single,True,0.0,-4.656612873077393e-10,0.0
0x8e202a4890a9dc3256722607eda3924e8ad21b3c,2,179131.168876755,179131.168876755,0.0011999827151770402,2.123633384775861,0.0,0.0,0.0,0,0.0,False,False,97806.69604267077,51165960,0.2563271633796273,single,True,0.0,0.0,0.0
0xc69c67c6d9251ad9e01c26b01ecb364ed0e2c842,7,119256.1716449245,119256.1716449245,0.0011456918731590768,2.0275537970128577,0.0,0.0,0.0,3.637978807091713e-12,0.0,False,False,129607.77137989245,51165960,0.2563271633796273,single,True,0.0,0.0,0.0
0x67a5caf000cacc7315b45bd26685e01f6ed239bc,10,8461061.563967075,8461061.563967075,0.0011187290289617737,1.9798371129625751,0.0,0.0,0.0,0,0.0,False,False,39854.6602356215,51165960,0.2563271633796273,single,True,0.0,0.0,4.656612873077393e-10
0x356ed9cccf2ca17fe5921b66c8ac0296cc27cb89,2,28230.62863490494,26786.430887741422,0.0011137699108707878,1.971060862601744,1444.1977471635182,0.9090480808482616,-1443.28869908267,1444.1977471635182,0.233013715939529,True,False,126650.84344373565,51165960,0.2563271633796273,single,False,0.0,-1444.1977471635182,0.0
0xf6b462eef266208b7d5e821dc672db9523f6cc40,2,1358624.6741841147,1358624.6741841147,0.0010929341236831768,1.9341873537502705,0.0,0.0,0.0,0,0.0,False,False,31916.514247491155,51165960,0.2563271633796273,single,True,0.0,0.0,0.0
0x0205b850b5722d2ad44dc34f2b2a26ca06fa66ae,2,14600.167112404704,14600.167112404704,0.0010336043542477128,1.8291902754668412,0.0,0.0,0.0,0,0.0,False,False,224728.02837367257,51165960,0.2563271633796273,single,True,0.0,0.0,0.0
0x389886efbcf72102294d87f6c275464402d484cf,2,85957.19442103307,85957.19442103307,0.0010335191209443748,1.8290394363870994,0.0,0.0,0.0,0,0.0,False,False,130012.00580096942,51165960,0.2563271633796273,single,True,0.0,0.0,0.0
0x1fa79c071563baf109f45c0ea1081dace7a1bf25,2,28810.663634848835,28397.468158779597,0.0010153529035041562,1.7968903184513014,413.1954760692388,0.0,-413.1954760692388,413.1954760692388,0.0,False,False,61425.86650635241,51165960,0.2563271633796273,single,False,0.0,-413.1954760692388,0.0
0xe8c8b39356e745ca0e57425165dfd4fd34215448,2,56130.45283861466,56130.45283861466,0.000958124745376777,1.6956125036866079,0.0,0.49779464631250847,0.49779464631250847,0,0.12759828963485015,True,False,89254.21374762412,51165960,0.2563271633796273,single,False,0.0,0.0,0.0
0x6d802f64584dda2506c2516e3cbfd9ab08282a13,2,33217.46882068789,33217.46882068789,0.0009549235967570889,1.6899473670205385,0.0,0.0,0.0,0,0.0,False,False,295761.846696871,51165960,0.2563271633796273,single,True,0.0,0.0,0.0
0xb840d86aa6c2a4141cbd68a4fd89c65b35367776,4,276185.1876295233,276185.18762952334,0.000954919993628814,1.6899409904924458,-5.820766091346741e-11,0.0,5.820766091346741e-11,0,0.0,False,False,145591.84769818085,51165960,0.2563271633796273,single,True,0.0,5.820766091346741e-11,0.0
0xda4bda76a5f0201d0d356158f0d41a118e77e3c4,3,399253.145227485,299414.0498811124,0.0009257118041212508,1.6382506739882035,99839.09534637257,0.0,-99839.09534637257,99839.09534637257,0.0,False,False,61340.76976733008,51165960,0.2563271633796273,single,False,99839.09534637257,0.0,99839.09534637257
0xd781d698d809a30ade120dc54feb1075f582afef,2,4122995.020501335,4122995.020501335,0.0009235739015505339,1.6344671850969466,0.0,0.0,0.0,0,0.0,False,False,127481.80169254773,51165960,0.2563271633796273,single,True,0.0,0.0,0.0
0xb7ca33362009d60c60e6f771366f58984b144676,4,259919.11008680263,121908.91838548428,0.0009199834640530623,1.6281131161264975,138010.19170131834,1132.7782464642141,-136877.41345485413,138010.19170131834,290.3618346543203,True,False,204970.85487092866,51165960,0.2563271633796273,single,False,138010.19170131834,0.0,138010.19170131834
0xc43146a158f04b4cb9a3f09e0afadd5f21c5cb0c,2,18641428.587850768,18641428.587850768,0.0009116740108516244,1.6134077107863858,0.0,0.0,0.0,0,0.0,False,False,3524.4538200620273,51165960,0.2563271633796273,single,True,0.0,0.0,0.0
0x28770bf35b4fd78ec7c8274e08be00e2e4ebf041,6,504247.77866005484,504247.7786600549,0.0009010666442117922,1.5946356421257284,-5.820766091346741e-11,0.039917596549117224,0.039917596607324884,0,0.010231964292367618,True,False,52091.254670143986,51165960,0.2563271633796273,"multiswap,single",False,0.0,5.820766091346741e-11,-1.4551915228366852e-11
0xc2f89e9e2ba61664b60217cfb0952773108a0b58,6,46584.917680626466,46584.917680626466,0.0008984451401421191,1.5899963140001878,0.0,0.0,0.0,0,0.0,False,False,83943.50157038962,51165960,0.2563271633796273,single,True,0.0,0.0,0.0
0x4a8548cc11b136c894d979b708867df92723777e,2,56040.519642661195,51540.519642661195,0.000891449761761045,1.5776164531227779,4500.0,4.5,-4495.5,4500.0,1.1534722352083229,True,False,315792.92798820446,51165960,0.2563271633796273,single,False,4500.0,0.0,4500.0
0x0b92e42fc1da20441d4627680a6572bf8ecd1ad3,2,473425.33806054824,473425.33806054824,0.0008708708365609385,1.541197518062281,0.0,0.0,0.0,0,0.0,False,False,105057.03421792774,51165960,0.2563271633796273,single,True,0.0,0.0,0.0
0x988a82a51420ee4a37fb8a0d96157f1f41d4e1e9,3,22832.20975789798,16858.182932194304,0.000850629460826103,1.50537595103417,5974.026825703677,8.31658e-13,-5974.026825703676,5974.026825703679,2.1317653604197406e-13,True,False,78885.21161677905,51165960,0.2563271633796273,single,False,5974.026825703679,1.8189894035458565e-12,5974.026825703679
0xe8a7455d7cd923d927b2860aed7a68cd3bd1ba7f,2,97576.23993885549,97576.23993885549,0.00080796115744451,1.4298650020956036,0.0,0.0,0.0,0,0.0,False,False,224442.80232918198,51165960,0.2563271633796273,single,True,0.0,0.0,0.0
0x666666fa7caf8f1dbcf913625592ce4241972691,2,97759.75571299586,97759.75571299586,0.0008071657227597532,1.4284573054424825,0.0,0.0,0.0,0,0.0,False,False,224021.4756358073,51165960,0.2563271633796273,single,True,0.0,0.0,0.0
0x9616e29564f2aaf470f5cf779c28a0207f5cab2e,4,51803.49842152431,51803.49842152431,0.0007789716912813356,1.3785617646636674,0.0,0.0,0.0,0,0.0,False,False,84551.37355558145,51165960,0.2563271633796273,single,True,0.0,0.0,0.0
0xbc3b379dc9426649471cfa79a3e19764b97310b6,2,295702.2947784192,295702.2947784192,0.0007511799139214955,1.3293781010348902,0.0,0.0,0.0,0,0.0,False,False,296247.7480809823,51165960,0.2563271633796273,single,True,0.0,0.0,0.0
0xd0bc01ec2d7704c68822b202d98951a71dd8e535,5,50364.660753995675,29329.72334910505,0.0007325949294393531,1.296487882698707,21034.937404890625,0.0,-21034.937404890625,21034.937404890625,0.0,False,False,145663.79093856917,51165960,0.2563271633796273,single,False,21034.937404890625,0.0,21034.937404890625
0xf7a3419926b2c811fafb73bd5898acaaa1b38cff,2,43648.07907326482,43648.07907326482,0.0007134792873700114,1.262658549028771,0.0,0.0,0.0,0,0.0,False,False,138261.35316655794,51165960,0.2563271633796273,single,True,0.0,0.0,0.0
0x7cc7ba17d9181793f1b9145cc459a76ce20551a4,3,141403.1063602221,81895.65563260212,0.0007134738397332238,1.2626489082371128,59507.45072761997,0.0,-59507.45072761997,59507.450727619966,0.0,False,False,133297.8206741087,51165960,0.2563271633796273,single,False,59507.450727619966,-7.275957614183426e-12,59507.450727619966
0xbd4f9a28b8a15f862c67a0631fa8d327ad98e71b,2,72762.65514712715,72762.65514712715,0.000708344759727002,1.2535718728793226,0.0,0.0,0.0,0,0.0,False,False,136334.29787666677,51165960,0.2563271633796273,single,True,0.0,0.0,0.0
0x498066a1dd89a9eec1919746974ab7765f066d41,2,29323.282503110084,5864.656500622017,0.000585005043843548,1.035295113550978,23458.62600248807,0.0,-23458.62600248807,23458.62600248807,0.0,False,False,143396.4518882676,51165960,0.2563271633796273,single,False,23458.62600248807,0.0,23458.62600248807
0x20cc98dca2dd5ea1cd076f1f908a4506be1e10ce,2,284364.7917779203,284364.7917779203,0.0005420590975022489,0.9592928143197594,0.0,11.53957701287381,11.53957701287381,0,2.957907042310697,True,False,329778.5677348622,51165960,0.2563271633796273,single,False,0.0,0.0,0.0
0x7a2a5cf91cd5400258fc8478ec4ddbd563e23f27,3,75811.82756355757,7481.25,0.0005345256161451014,0.9459606618551594,68330.57756355757,0.0,-68330.57756355757,68330.57756355757,0.0,False,False,78548.95550847931,51165960,0.2563271633796273,single,False,68311.82756355757,-18.75,68311.82756355757
0x5c4da36da016a7d76b35b9aa3a99700e691a9eac,4,206175.7068721472,25099.81808280068,0.000527436245032468,0.9334144601628853,181075.8887893465,53.63326872304667,-181022.25552062344,181075.8887893465,13.747663634555838,True,False,349011.05116181314,51165960,0.2563271633796273,single,False,181075.8887893465,0.0,181075.8887893465
0x41f943204a9ab45923ae66d2e337bef33fa08d10,5,25210633.323441826,326704.906333,0.0005267266620631818,0.9321586970058116,24883928.417108826,1184931.526413969,-23698996.890694857,24883928.417108826,303730.1369647846,True,False,224917.15534400914,51165960,0.2563271633796273,single,False,24883928.417108826,0.0,24883928.417108826
0x715567e31804e1ffa4f2ffae71e12d2cd15698a9,2,10551.61447447869,5275.807237239345,0.0005198109049344379,0.9199197434493553,5275.807237239345,0.0,-5275.807237239345,5275.807237239345,0.0,False,False,166043.10011964024,51165960,0.2563271633796273,single,False,5275.807237239345,0.0,5275.807237239345
0x77f0880d1da57cb87595fc3e4af39b9f200f6796,6,77122.29240987136,77122.29240987136,0.0004708137278657008,0.8332084603059202,0.0,0.0,0.0,0,0.0,False,False,195269.73306905213,51165960,0.2563271633796273,single,True,0.0,0.0,0.0
0x9324db4ba0c5043987861820480c2c4bdd94051a,8,354139.4228359759,354139.4228359759,0.0004404357950129959,0.7794480256341876,0.0,0.0,0.0,0,0.0,False,False,166224.08266082904,51165960,0.2563271633796273,single,True,0.0,0.0,-2.9103830456733704e-11
0x45ad7da7c49310707ee25e55e205534a18827cf9,6,795627.8725834351,29000.0,0.0004303817478110081,0.761655177437117,766627.8725834351,0.0,-766627.8725834351,766627.8725834351,0.0,False,False,193222.06726749,51165960,0.2563271633796273,single,False,766627.8725834351,0.0,766627.8725834351
0xf6f82aa38f503caaa2f97e55244889e48b99e17e,2,15062.45898803479,15062.45898803479,0.000410380626988443,0.7262587943271585,0.0,0.0,0.0,0,0.0,False,False,127817.1399584093,51165960,0.2563271633796273,single,True,0.0,0.0,0.0
0xdef8ba485adb8fba131411654780685c8ccc5cf4,2,320102.8678816988,320102.8678816988,0.0003991641577478869,0.7064087846251085,0.0,0.0,0.0,0,0.0,False,False,109466.2344141952,51165960,0.2563271633796273,single,True,0.0,0.0,0.0
0x1b1cba26756c72dd857a6801dcd57ca85c43c575,3,7250.910002483507,7250.910002483507,0.00039817788607139805,0.7046633599351023,0.0,0.0,0.0,0,0.0,False,False,68339.22828727704,51165960,0.2563271633796273,single,True,0.0,0.0,-2.2737367544323206e-13
0x4c4d29ea9e65262f5741d6cba7364b515cf8a2a7,14,7775549.699186752,7031837.775111349,0.0003334853523412376,0.5901756905399326,743711.9240754023,0.0,-743711.9240754023,743711.9240754038,0.0,False,False,133188.2771680422,51165960,0.2563271633796273,single,False,743711.9240754035,1.1641532182693481e-09,743711.9240754035
0xa626d878b052f4e239e2d6cf7bf2497729d865fd,2,614265.0487465175,614265.0487465175,0.0003092450072715974,0.5472770675870344,0.0,0.0,0.0,0,0.0,False,False,85566.78174274732,51165960,0.2563271633796273,single,True,0.0,0.0,0.0
0xc50491baf5dce382c7a40629cd199cc17e68e0f7,2,33238.94656926204,33238.94656926204,0.0002725416153450155,0.48232234161975035,0.0,0.000293162180639225,0.000293162180639225,0,7.514543017343844e-05,True,False,316259.6218190451,51165960,0.2563271633796273,single,True,0.0,0.0,0.0
0x1f0877c53a8a9518dfc5ac607880ac6930a48b11,2,73680.31197922367,73680.31197922367,0.0002501719012109134,0.4427342116056751,0.0,0.0,0.0,0,0.0,False,False,124086.45661224016,51165960,0.2563271633796273,single,True,0.0,0.0,0.0
0x0eb022517cb68789bda535aef86730a63579a94b,2,10437.302924591475,10437.302924591475,0.00024776225581987386,0.43846981401630825,0.0,0.0,0.0,0,0.0,False,False,210008.51533998526,51165960,0.2563271633796273,single,True,0.0,0.0,0.0
0xc5ab73c0e8f62b082d47c266441f91e21676a5ac,4,185768.79262444074,185768.7926244407,0.00020797754523586403,0.3680620168611769,2.9103830456733704e-11,0.0,-2.9103830456733704e-11,1.4551915228366852e-11,0.0,False,False,203398.02605269497,51165960,0.2563271633796273,single,True,0.0,-2.9103830456733704e-11,2.9103830456733704e-11
0xb95d73b0046b2632fb9bc6fd92571e7dd921804f,2,216730.95246530863,216730.95246530863,0.00019778698401074404,0.35002757707003845,0.0,0.0,0.0,0,0.0,False,False,121229.52276901342,51165960,0.2563271633796273,single,True,0.0,0.0,0.0
0xf257fee9dc8c99de3000a4b3d3fff1e0bb0fa378,2,21926.3111748707,21926.3111748707,0.00016092268420503172,0.2847880892143763,0.0,0.0,0.0,0,0.0,False,False,203393.4943131656,51165960,0.2563271633796273,single,True,0.0,0.0,0.0
0xaf546145df6b703e08a0ece873318afc01ae9042,2,1004032.2612983965,1004032.2612983965,0.00012673671274604425,0.2242884925426112,0.0,0.0,0.0,0,0.0,False,False,88130.63317831424,51165960,0.2563271633796273,single,True,0.0,0.0,0.0
0xc2f5f219b8e429f85dc4d3575fc704f85178bbb4,3,20128.795832746804,20128.795832746804,0.00012255763891464328,0.21689270209199882,0.0,0.0,0.0,0,0.0,False,False,223539.8236631682,51165960,0.2563271633796273,single,True,0.0,0.0,0.0
0x4d39db29d5ebfb69a86fdef1ff403df67e827c5a,2,1139304.9569043922,1139304.9569043922,9.03793861696901e-05,0.15994620533945497,0.0,9.827913327775768,9.827913327775768,0,2.519161145249596,True,False,76889.98314244743,51165960,0.2563271633796273,single,False,0.0,0.0,0.0
0x6f4711db0436e8e6e5ffd0c989423d48069e361f,2,13620.919839375749,13620.919839375749,8.688180292943996e-05,0.15375646240308954,0.0,0.0,0.0,0,0.0,False,False,103421.58381470246,51165960,0.2563271633796273,single,True,0.0,0.0,0.0
0x2dedbbc856681b47c603d7ca62ae9fa2e7dad4e0,6,275464.70895840914,9797.672468661247,7.219219651761598e-05,0.12775997246134524,265667.0364897479,0.0,-265667.0364897479,265667.0364897479,0.0,False,False,197171.01825706955,51165960,0.2563271633796273,single,False,265667.0364897479,0.0,265667.0364897479
0xc0195e559e47b65edb40a74ea5c43753121b6a4f,2,3188.016567994266,3180.0465265742805,6.876610588839777e-05,0.1216967514270305,7.970041419985591,0.0,-7.970041419985591,7.970041419985591,0.0,False,False,228271.66492318065,51165960,0.2563271633796273,single,False,0.0,-7.970041419985591,0.0
0x91a41ae4355e1b48323d37240d753af7c597ed17,2,63211.503956289,63211.503956289,3.616108518004979e-05,0.06399499488352853,0.0,0.0,0.0,0,0.0,False,False,300670.9954928644,51165960,0.2563271633796273,single,True,0.0,0.0,0.0
0xe87e89e6d880307b5c86fb6cb4f13e514b1f3015,2,46460.39144321513,46460.39144321513,1.6473762854540594e-05,0.029153947242999634,0.0,0.0,0.0,0,0.0,False,False,106858.15874630785,51165960,0.2563271633796273,single,True,0.0,0.0,0.0
0xf527c7bd00b617e7c1f1e7e7b47672fc9393a594,5,78958.06321556139,78958.06321556139,1.6022434927646283e-05,0.028355223193967785,0.0,0.0,0.0,7.275957614183426e-12,0.0,False,False,91626.79596593893,51165960,0.2563271633796273,single,True,0.0,0.0,7.275957614183426e-12
0x1e0c25c9572dd087336683ee429567f7f7475fa5,2,483482.4731294863,479372.87210788566,1.0598292738460477e-05,0.018756010396117816,4109.601021600654,0.0,-4109.601021600654,4109.601021600654,0.0,False,False,91265.78862976591,51165960,0.2563271633796273,single,False,0.0,-4109.601021600654,0.0
0x0aa9fe1a1c971376504c0868324b86fd63ef8c1c,22,16674709.20281624,0.0,0.0,0.0,16674709.20281624,0.0,-16674709.20281624,16674709.20281624,0.0,False,False,2799.730874788922,51165960,0.2563271633796273,single,False,1.18e-16,-16674709.20281624,-1.862645149230957e-09
0xda4bcee76b29efec9697fcf663601c2042043968,26,35554587.51368319,0.0,0.0,0.0,35554587.51368319,190.84460268609513,-35554396.6690805,35554587.51368319,48.918655652838765,True,False,2832.168243070328,51165960,0.2563271633796273,single,False,0.0,-35554587.51368319,-3.841705620288849e-09
0x8afc1142f5d3ca6c55bbc8c81d0c9cdf2cce380c,17,18190622.818722237,0.0,0.0,0.0,18190622.818722237,3100165.0361132408,-15090457.782608997,18190622.818722237,794656.5097156068,True,False,2876.7183241234875,51165960,0.2563271633796273,single,False,18190622.818722233,-3.725290298461914e-09,18190622.818722237
0xd73d6b8b9e875569c0f03c572a3806e619bcbec2,1,10118788.862751504,0.0,0.0,0.0,10118788.862751504,1402640.2215317152,-8716148.64121979,10118788.862751504,359534.7892273966,True,False,2942.560520310237,51165960,0.2563271633796273,single,False,10118788.862751504,0.0,10118788.862751504
0x6099ff02f63c69162175249c2700c84c0a94dafa,1,19534744.578414317,0.0,0.0,0.0,19534744.578414317,137305.90079989657,-19397438.67761442,19534744.578414317,35195.23206732199,True,False,3092.4256605440805,51165960,0.2563271633796273,single,False,19534744.578414317,0.0,19534744.578414317
0x7a426099120f387378a1fad0ad6e1ad5c6bd8871,8,15640517.759450125,0.0,0.0,0.0,15640517.759450125,0.0,-15640517.759450125,15640517.759450125,0.0,False,False,3208.7503340745047,51165960,0.2563271633796273,single,False,103400.70085322188,-15537117.058596903,103400.70085322234
0xa19af1749144d296a2e3a3a30585f4c8450dd645,2,19953247.79793481,0.0,0.0,0.0,19953247.79793481,0.0,-19953247.79793481,19953247.79793481,0.0,False,False,3531.6415994683985,51165960,0.2563271633796273,single,False,19953247.797934808,-3.725290298461914e-09,19953247.79793481
0x31447da02f4e5a0ec87dc3090bd4c8b8dab3a7ee,1,18087006.013929006,0.0,0.0,0.0,18087006.013929006,0.0,-18087006.013929006,18087006.013929006,0.0,False,False,3874.6551579857,51165960,0.2563271633796273,single,False,18087006.013929006,0.0,18087006.013929006
0xf89f3858bc7bac05a83ec284e3e9acdb58bf892a,10,3359693.5815438046,0.0,0.0,0.0,3359693.5815438046,76676.80183250019,-3283016.779711304,3359693.5815438046,19654.34711074658,True,False,4226.367800806672,51165960,0.2563271633796273,single,False,1749534.1579754478,-1610159.4235683568,1749534.1579754476
0x998ae7cee39e1416b82121cae22d170dd6227a9f,7,17944456.67437919,0.0,0.0,0.0,17944456.67437919,0.0,-17944456.67437919,17944456.67437919,0.0,False,False,4326.413018258249,51165960,0.2563271633796273,single,False,6.82e-16,-17944456.67437919,-9.313225746154785e-10
0x3be9ec4e7b63efb3b70dad6c6b738aa2ac248182,1,34131.070178735456,0.0,0.0,0.0,34131.070178735456,0.0,-34131.070178735456,34131.070178735456,0.0,False,False,15555.210860304884,51165960,0.2563271633796273,single,False,2.32868837e-10,-34131.07017873522,2.3283064365386963e-10
0x1aa511c41636dc4e1dafe5092157eb606da01d03,1,4676.818666470679,0.0,0.0,0.0,4676.818666470679,0.0,-4676.818666470679,4676.818666470679,0.0,False,False,64112.40521094246,51165960,0.2563271633796273,single,False,0.02865675984706579,-4676.790009710832,0.028656759846853674
0x07cdaf0140c60a0c34681065abf49bb8d85b8cbe,10,8343341.054320527,0.0,0.0,0.0,8343341.054320527,0.0,-8343341.054320527,8343341.054320527,0.0,False,False,90678.04319198141,51165960,0.2563271633796273,single,False,64620.88228986996,-8278720.1720306575,64620.88228986903
0xdabedbfe4b6f6fc6f238feb4d2e42ffe6069506a,1,83186.99335155975,0.0,0.0,0.0,83186.99335155975,0.0,-83186.99335155975,83186.99335155975,0.0,False,False,85095.99431798501,51165960,0.2563271633796273,single,False,83186.99335155975,0.0,83186.99335155975
0xe16d837a2099b7b8f5aa117f82099c4d115f868b,5,23701006.18832984,0.0,0.0,0.0,23701006.18832984,6410537.219784291,-17290468.96854555,23701006.18832984,1643194.82128683,True,False,101559.69583804603,51165960,0.2563271633796273,single,False,23701006.188329834,-3.725290298461914e-09,23701006.18832984
0x230ba4d7e1ab2de967c684576f8a67c7364c82ef,2,603149.4455812033,0.0,0.0,0.0,603149.4455812033,0.0,-603149.4455812033,603149.4455812033,0.0,False,False,102437.62911739298,51165960,0.2563271633796273,single,False,603149.4455812034,1.1641532182693481e-10,603149.4455812033
0x95ca0aa461c6b90be4ad9ac20ece74e7aa82abb5,1,19137.41076197967,0.0,0.0,0.0,19137.41076197967,0.0,-19137.41076197967,19137.41076197967,0.0,False,False,91549.6249937038,51165960,0.2563271633796273,single,False,19137.41076197967,0.0,19137.41076197967
0xd3e8e26b1b2a520eba7c9f3db9410a20443e8dc7,22,7352053.07571599,0.0,0.0,0.0,7352053.07571599,0.0,-7352053.07571599,7352053.07571599,0.0,False,False,91669.17410751585,51165960,0.2563271633796273,single,False,7352053.07571599,0.0,7352053.07571599
0x029c9e353b8cc4f39d7335346d2961aa863c15ba,2,673315.1912481947,0.0,0.0,0.0,673315.1912481947,0.0,-673315.1912481947,673315.1912481947,0.0,False,False,141634.61662681852,51165960,0.2563271633796273,single,False,673315.1912481947,0.0,673315.1912481947
0x8539fe6b646f0fbd0da716eca05e2106fc808c3c,5,1270840.5351673504,0.0,0.0,0.0,1270840.5351673504,2108.3975842797536,-1268732.1375830707,1270840.5351673504,540.4395720548879,True,False,182053.38577464886,51165960,0.2563271633796273,single,False,1270840.5351673502,-2.3283064365386963e-10,1270840.5351673504
0xa7c25235fdfe65e6b01676238f3542c536869a5d,1,82693.56883592924,0.0,0.0,0.0,82693.56883592924,3080.3781043281647,-79613.19073160108,82693.56883592924,789.5845816191521,True,False,235410.32315286886,51165960,0.2563271633796273,single,False,16538.713767185844,-66154.8550687434,16538.71376718585
0x19d72c444406e4931b2412910474e9d27b7e9484,1,82558.93759509404,0.0,0.0,0.0,82558.93759509404,16.181393515696747,-82542.75620157835,82558.93759509404,4.147730699408042,True,False,235794.2135569209,51165960,0.2563271633796273,single,False,82558.93759509404,0.0,82558.93759509404
0xb8f305f27ccc406373de0082cc06cb1d065504ea,2,8110870.254349493,0.0,0.0,0.0,8110870.254349493,0.0,-8110870.254349493,8110870.254349493,0.0,False,False,230056.08199715376,51165960,0.2563271633796273,single,False,8110870.254349493,0.0,8110870.254349493
0xae42743b5d6a3594b7f95b5cebce64cfedc69318,1,862924.9851892103,0.0,0.0,0.0,862924.9851892103,0.0,-862924.9851892103,862924.9851892103,0.0,False,False,243639.64080500705,51165960,0.2563271633796273,single,False,862924.9851892103,0.0,862924.9851892103
0x239cdc761ae531a39a5dbe552e60d5ad69f4a22a,1,72450.12634288459,0.0,0.0,0.0,72450.12634288459,8.935017007e-09,-72450.12634287565,72450.12634288459,2.2902875641530375e-09,True,False,246466.45380342595,51165960,0.2563271633796273,single,False,72450.12634288459,0.0,72450.12634288459
0x9adf17b7d91731ed74c2502695794ec95b8f2a26,3,3532565.5224331967,0.0,0.0,0.0,3532565.5224331967,1241.4395173664147,-3531324.0829158304,3532565.5224331967,318.2146699939067,True,False,203076.54514460656,51165960,0.2563271633796273,single,False,3532565.5224331967,0.0,3532565.5224331967
0x1623db3ea9313236ade716e19333dadac9044428,1,43179.48915813376,0.0,0.0,0.0,43179.48915813376,1.3060713169913325,-43178.18308681677,43179.48915813376,0.33478155585588226,True,False,190210.59755212147,51165960,0.2563271633796273,single,False,43179.48915813376,0.0,43179.48915813376
0xf028cad7afc6623e017616d9aacfd6ce81c17bd5,2,189612.32656696736,0.0,0.0,0.0,189612.32656696736,1277.2738761466385,-188335.0526908207,189612.32656696736,327.39998953156925,True,False,188283.38625945523,51165960,0.2563271633796273,single,False,189100.01353784767,-512.3130291196867,189100.01353784767
0x06d4e8315d918ea4dd87760ec1d43be41471acd1,5,5861373.766001121,0.0,0.0,0.0,5861373.766001121,0.0,-5861373.766001121,5861373.766001121,0.0,False,False,199396.93032409204,51165960,0.2563271633796273,single,False,5861373.766001121,0.0,5861373.766001121
0x11888114ec90215435d50e69281b5f6be126cd4d,3,2219301.940913055,0.0,0.0,0.0,2219301.940913055,0.0,-2219301.940913055,2219301.940913055,0.0,False,False,211658.05459980757,51165960,0.2563271633796273,single,False,2219301.940913055,0.0,2219301.940913055
0x730c15db778aea1f6e719521a26a53197b96d79a,1,387795.8611274064,0.0,0.0,0.0,387795.8611274064,0.0,-387795.8611274064,387795.8611274064,0.0,False,False,149373.4581451593,51165960,0.2563271633796273,single,False,370811.4826370996,-16984.378490306844,370811.4826370996
0x9f13f573b54459f4996937db48cbc63871b79ac4,1,8228347.302575884,0.0,0.0,0.0,8228347.302575884,0.0,-8228347.302575884,8228347.302575884,0.0,False,False,106462.61722941854,51165960,0.2563271633796273,single,False,8228347.302575884,0.0,8228347.302575884
0x6bf192ebef135e0f645e99d59d9bf44e7711606c,2,143339.1615739247,0.0,0.0,0.0,143339.1615739247,0.0,-143339.1615739247,143339.1615739247,0.0,False,False,90642.55449514982,51165960,0.2563271633796273,single,False,143339.16157392468,-2.9103830456733704e-11,143339.1615739247
0x06804af6c0546b5aa77deefa01fa5544d93f11e3,2,18686685.99214471,0.0,0.0,0.0,18686685.99214471,0.0,-18686685.99214471,18686685.99214471,0.0,False,False,123243.37185225914,51165960,0.2563271633796273,single,False,18686685.992144715,3.725290298461914e-09,18686685.99214471
0x7754e5aec57dd109e6e60579b6b8677fc23f2261,1,931672.4350479279,0.0,0.0,0.0,931672.4350479279,23.89352482407716,-931648.5415231038,931672.4350479279,6.124559441296407,True,False,94025.68503164855,51165960,0.2563271633796273,single,False,931672.4350479279,0.0,931672.4350479279
0x99ca9a6df97e8df574c941a8fd67810fc2f3e5b4,1,15841083.122291103,0.0,0.0,0.0,15841083.122291103,240.27581347607966,-15840842.846477628,15841083.122291103,61.58921769705593,True,False,55858.553507094126,51165960,0.2563271633796273,single,False,15841083.122291103,0.0,15841083.122291103
0xfe277aa25a4f65a182c0ec135854794eb7131e79,1,5913002.501146186,0.0,0.0,0.0,5913002.501146186,3020000.0,-2893002.501146186,5913002.501146186,774108.0334064744,True,False,84963.83030862299,51165960,0.2563271633796273,single,False,5913002.501146186,0.0,5913002.501146186
0x54fe78662c46018f5bd46a6d90da6252faf0c5de,1,1246984.9623319926,0.0,0.0,0.0,1246984.9623319926,0.0,-1246984.9623319926,1246984.9623319926,0.0,False,False,70959.95668961736,51165960,0.2563271633796273,single,False,0.0,-1246984.9623319926,0.0
0x11be4f09de01962c7bd94f21fcc48b5c8228e79e,1,698443.9329799673,0.0,0.0,0.0,698443.9329799673,8.03311792482e-07,-698443.9329791641,698443.9329799673,2.0591063307631488e-07,True,False,75520.78610943999,51165960,0.2563271633796273,single,False,698443.9329799673,0.0,698443.9329799673
0x08cf645b79c6d83e64151ddaa7a3969484a63cc1,1,6558.815220911143,0.0,0.0,0.0,6558.815220911143,0.0,-6558.815220911143,6558.815220911143,0.0,False,False,76395.30992812538,51165960,0.2563271633796273,single,False,6558.815220911143,0.0,6558.815220911143
0xf7efe9c4bd5cd26b5b351a58440f2571f31bf3eb,1,230655.48716841845,0.0,0.0,0.0,230655.48716841845,0.0,-230655.48716841845,230655.48716841845,0.0,False,False,78996.76318663286,51165960,0.2563271633796273,single,False,230655.48716841845,0.0,230655.48716841845
0x386c7cfb53ae9b02f6f28f2c1ed5179b1ba54e2a,3,2078213.6532847385,0.0,0.0,0.0,2078213.6532847385,0.43120885616537785,-2078213.2220758824,2078213.6532847385,0.11053054292504502,True,False,62449.423004667544,51165960,0.2563271633796273,single,False,2078213.6532847385,0.0,2078213.6532847385
0x3c0c1e72298c6aabb16790b8000e46530ca07e6a,1,5869195.427122353,0.0,0.0,0.0,5869195.427122353,0.0,-5869195.427122353,5869195.427122353,0.0,False,False,14925.57881539754,51165960,0.2563271633796273,single,False,5869195.427122353,0.0,5869195.427122353
0xcb6dd7803f2f09c3af54ff87678fac6226ab9c16,2,19323407.02741328,0.0,0.0,0.0,19323407.02741328,37.8437104949205,-19323369.183702786,19323407.02741328,9.700370962922804,True,False,18901.270637077494,51165960,0.2563271633796273,single,False,19323407.027413275,-3.725290298461914e-09,19323407.02741328
0xd2d57fcd9bdc34fb7525ab5a619033f1bdf51ba9,1,393042.06831381144,0.0,0.0,0.0,393042.06831381144,0.0,-393042.06831381144,393042.06831381144,0.0,False,False,17965.46294416729,51165960,0.2563271633796273,single,False,393042.06831381144,0.0,393042.06831381144
0x1740e4fb456ff41bfde6cf74f35e4b8efc7dfa11,1,432949.8201956125,0.0,0.0,0.0,432949.8201956125,0.0,-432949.8201956125,432949.8201956125,0.0,False,False,40467.109509783906,51165960,0.2563271633796273,single,False,432949.8201956125,0.0,432949.8201956125
0x4c682e721b44c6098e1a74d7fa3df159e5e0779d,1,350911.5069762235,0.0,0.0,0.0,350911.5069762235,0.0,-350911.5069762235,350911.5069762235,0.0,False,False,49927.766510330504,51165960,0.2563271633796273,single,False,350911.5069762235,0.0,350911.5069762235
0xa63d8e8a4dd26544d56d4a015792c3df06e97f25,1,2247013.292927355,0.0,0.0,0.0,2247013.292927355,0.0,-2247013.292927355,2247013.292927355,0.0,False,False,46782.707982841086,51165960,0.2563271633796273,single,False,2247013.292927355,0.0,2247013.292927355
0xfe3f7c46778583b1c3bced0e6848274501365046,6,1002893.5404526347,0.0,0.0,0.0,1002893.5404526347,0.0,-1002893.5404526347,1002893.5404526347,0.0,False,False,47595.621477221575,51165960,0.2563271633796273,single,False,1002893.5404526348,1.1641532182693481e-10,1002893.5404526347
0x83235522b2083eb5ed9dcb8de5cc74f9293550a1,2,605948.425633709,0.0,0.0,0.0,605948.425633709,405000.0065625235,-200948.41907118546,605948.425633709,103812.50285090209,True,False,48461.85388686631,51165960,0.2563271633796273,single,False,605948.4256337091,1.1641532182693481e-10,605948.425633709
0x0b854b7bb40c48a77e2e5f1b21ffd6b45b6335a4,1,10024226.59619059,0.0,0.0,0.0,10024226.59619059,17.25941593233378,-10024209.336774658,10024226.59619059,4.4240571275242635,True,False,52433.65446094906,51165960,0.2563271633796273,single,False,10024226.59619059,0.0,10024226.59619059
0x4123ffc81579e38dfff74b75d8bdf21c41e62237,5,2095252.2304758686,0.0,0.0,0.0,2095252.2304758686,250001.06109309793,-1845251.1693827705,2095252.2304758686,64082.0628318907,True,False,56069.629334546815,51165960,0.2563271633796273,single,False,2081762.156830962,-13490.073644906515,2081762.1568309623
0x5b56d3e746ffb241f6319241449a928b6026172f,2,448563.1718858017,0.0,0.0,0.0,448563.1718858017,0.0,-448563.1718858017,448563.1718858017,0.0,False,False,86159.35336444156,51165960,0.2563271633796273,single,False,448563.1718858017,0.0,448563.1718858017
0xe2cd1c8287a36496936083f1c175c5144ec52006,1,2573854.2119301027,0.0,0.0,0.0,2573854.2119301027,998961.0184993703,-1574893.1934307325,2573854.2119301027,256060.84419876698,True,False,68070.00841340928,51165960,0.2563271633796273,single,False,2573854.2119301027,0.0,2573854.2119301027
0x35642606ef73c2119e2a24916aecf1892c779501,1,7471867.466008148,0.0,0.0,0.0,7471867.466008148,7000.000000004197,-7464867.4660081435,7471867.466008148,1794.290143658467,True,False,57531.690055012245,51165960,0.2563271633796273,single,False,7471867.466008148,0.0,7471867.466008148
0x728d820ab7f4b7487f2a6b65888d9bb03957ac70,1,120533.14959564354,0.0,0.0,0.0,120533.14959564354,0.0,-120533.14959564354,120533.14959564354,0.0,False,False,73412.16853332812,51165960,0.2563271633796273,single,False,120533.14959564354,0.0,120533.14959564354
0xcbf7e0e51afd93d310b6b99f3b66e4cb566bdcda,1,2240197.7620818843,0.0,0.0,0.0,2240197.7620818843,0.0,-2240197.7620818843,2240197.7620818843,0.0,False,False,78998.38167631198,51165960,0.2563271633796273,single,False,2240197.7620818843,0.0,2240197.7620818843
0xa6913974122c70ada629708d565e63999db66b36,2,28341.18110148314,0.0,0.0,0.0,28341.18110148314,0.0,-28341.18110148314,28341.18110148314,0.0,False,False,67732.88241653975,51165960,0.2563271633796273,single,False,0.0175279164618066,-28341.16357356668,0.017527916465041926
0xab0da8c3805336e3caae6f24e2e6de036a30e733,1,1982380.478602136,0.0,0.0,0.0,1982380.478602136,0.0,-1982380.478602136,1982380.478602136,0.0,False,False,75563.38975594788,51165960,0.2563271633796273,single,False,1982380.478602136,0.0,1982380.478602136
0x8065fcde907cc0cc56d4dcaa7c78237432a94b68,1,3149881.495884808,0.0,0.0,0.0,3149881.495884808,14.177672093834989,-3149867.318212714,3149881.495884808,3.6341224711392237,True,False,73038.81034627582,51165960,0.2563271633796273,single,False,3149881.495884808,0.0,3149881.495884808
0x52c754cbaa03a8cda2b3d125ec441f9d754da037,2,1821500.3859077634,0.0,0.0,0.0,1821500.3859077634,1837502.1503226217,16001.764414858306,1821500.3859077634,471001.71389616316,True,False,68946.79557765916,51165960,0.2563271633796273,single,False,1821500.3859077634,0.0,1821500.3859077634
0xbe58f53d173a91ad7952c865cbba24a1f51cb06f,1,21871.23052915472,0.0,0.0,0.0,21871.23052915472,0.0,-21871.23052915472,21871.23052915472,0.0,False,False,64085.01894849433,51165960,0.2563271633796273,single,False,21871.23052915472,0.0,21871.23052915472
0x04d472b816fc47d47e147825a2e859f90270ddd7,1,196669.20520189684,0.0,0.0,0.0,196669.20520189684,0.0,-196669.20520189684,196669.20520189684,0.0,False,False,89984.6001094521,51165960,0.2563271633796273,single,False,196669.20520189684,0.0,196669.20520189684
0x58b37e9c0b052279d68801a5b339f86d11f90bff,3,1693894.6987736516,0.0,0.0,0.0,1693894.6987736516,0.0,-1693894.6987736516,1693894.6987736516,0.0,False,False,91085.36547171966,51165960,0.2563271633796273,single,False,1693894.6987736514,-2.3283064365386963e-10,1693894.6987736516
0x927c221dff2596e48ad8362eb419c486e44d39cf,1,73493.65336646744,0.0,0.0,0.0,73493.65336646744,0.0,-73493.65336646744,73493.65336646744,0.0,False,False,71878.50778303131,51165960,0.2563271633796273,single,False,73493.65336646744,0.0,73493.65336646744
0x91bec218906640186b18b084d53ea436657fbc8f,13,2312874.6721620616,0.0,0.0,0.0,2312874.6721620616,1600001.0798680147,-712873.5922940469,2312874.6721620616,410123.7382069087,True,False,82169.05244750963,51165960,0.2563271633796273,single,False,2300662.891685446,-12211.780476615764,2300662.891685446
0x8ab8c0843d9738885d6273dfe3de86c56eea364c,1,10647389.62951081,0.0,0.0,0.0,10647389.62951081,0.0,-10647389.62951081,10647389.62951081,0.0,False,False,93769.7658099866,51165960,0.2563271633796273,single,False,10647389.62951081,0.0,10647389.62951081
0x63ee5e9df8770504b865901ba3f4d00a9ad38e7c,2,26976.237527539208,0.0,0.0,0.0,26976.237527539208,0.0,-26976.237527539208,26976.237527539208,0.0,False,False,125753.91361893031,51165960,0.2563271633796273,single,False,26976.237527539204,-3.637978807091713e-12,26976.237527539208
0x5e1045bfdfbbdbcebeef016f13fb32c5c83678bb,1,135261.9366488323,0.0,0.0,0.0,135261.9366488323,152.47972233252992,-135109.45692649978,135261.9366488323,39.0846946984106,True,False,132307.44395282044,51165960,0.2563271633796273,single,False,135261.9366488323,0.0,135261.9366488323
0x351005f8a63bc5b0f8f183b828806f3ec61d3086,1,163081.9002305083,0.0,0.0,0.0,163081.9002305083,0.0,-163081.9002305083,163081.9002305083,0.0,False,False,121795.36411647123,51165960,0.2563271633796273,single,False,163081.9002305083,0.0,163081.9002305083
0xef9ffc48ad74ff249e721252a972301feac2fe4a,1,1196549.7874833774,0.0,0.0,0.0,1196549.7874833774,0.0,-1196549.7874833774,1196549.7874833774,0.0,False,False,122882.76139719451,51165960,0.2563271633796273,single,False,1196549.7874833774,0.0,1196549.7874833774
0x79a3f2149ea597cac2a08aad086181ed76252091,1,22657.412049011804,0.0,0.0,0.0,22657.412049011804,0.0,-22657.412049011804,22657.412049011804,0.0,False,False,127588.63739731393,51165960,0.2563271633796273,single,False,22657.412049011804,0.0,22657.412049011804
0xbf1fb77641782c57e8da3fe48d15e19e6476a322,2,5386106.974546051,0.0,0.0,0.0,5386106.974546051,0.0,-5386106.974546051,5386106.974546051,0.0,False,False,129011.72131642178,51165960,0.2563271633796273,single,False,5386106.974546051,0.0,5386106.974546051
0x9df0ee4b483092e967e1bafbc0a00c22d700b81f,1,67111.36690289437,0.0,0.0,0.0,67111.36690289437,0.0,-67111.36690289437,67111.36690289437,0.0,False,False,132846.11346650863,51165960,0.2563271633796273,single,False,67111.36690289437,0.0,67111.36690289437
0x2fbf00f5de91895a3e9915260ecc9c19b5b3393e,1,140763.2172556565,0.0,0.0,0.0,140763.2172556565,0.0,-140763.2172556565,140763.2172556565,0.0,False,False,141233.28601958364,51165960,0.2563271633796273,single,False,140763.2172556565,0.0,140763.2172556565
0xa50bb80cad974ab2eca805bac755c39962f0999d,1,855214.0553432709,0.0,0.0,0.0,855214.0553432709,0.0,-855214.0553432709,855214.0553432709,0.0,False,False,142314.7820088155,51165960,0.2563271633796273,single,False,0.0,-855214.0553432709,0.0
0xfbf94d76d60baffd454cdb417117dc75467512ab,1,106318.19337181057,0.0,0.0,0.0,106318.19337181057,0.0,-106318.19337181057,106318.19337181057,0.0,False,False,143367.73124613622,51165960,0.2563271633796273,single,False,106318.19337181057,0.0,106318.19337181057
0xd8dede449385d0a95557c3bc1a422ef0a889fcfd,1,145809.5918624195,0.0,0.0,0.0,145809.5918624195,0.0,-145809.5918624195,145809.5918624195,0.0,False,False,136303.73446543686,51165960,0.2563271633796273,single,False,145809.5918624195,0.0,145809.5918624195
0x229d68144de5d59d31e8034da4320012d6142986,2,15488526.188712992,0.0,0.0,0.0,15488526.188712992,0.0,-15488526.188712992,15488526.188712992,0.0,False,False,140442.07974985937,51165960,0.2563271633796273,single,False,15488526.18871299,-1.862645149230957e-09,15488526.188712992
0x9fae2fdf070228ef5bb9e326fc1949ae6a5bfda0,1,307561.2670734499,0.0,0.0,0.0,307561.2670734499,0.0,-307561.2670734499,307561.2670734499,0.0,False,False,149092.63118519183,51165960,0.2563271633796273,single,False,307561.2670734499,0.0,307561.2670734499
0xb9e54c07258fc49fcbd990478214d0934a5a6218,1,12952.573208810492,0.0,0.0,0.0,12952.573208810492,0.0,-12952.573208810492,12952.573208810492,0.0,False,False,146099.02363511018,51165960,0.2563271633796273,single,False,12952.573208810492,0.0,12952.573208810492
0x268fe963f16b4f1eef566acf5162904c07e829f8,2,73045.60152807593,0.0,0.0,0.0,73045.60152807593,0.0,-73045.60152807593,73045.60152807593,0.0,False,False,125167.68830790117,51165960,0.2563271633796273,single,False,73045.60152807595,1.4551915228366852e-11,73045.60152807593
0x26f1fa62ef6a63b1d82b85816aeed57af759723a,1,366968.1017805049,0.0,0.0,0.0,366968.1017805049,0.0,-366968.1017805049,366968.1017805049,0.0,False,False,135885.9935824873,51165960,0.2563271633796273,single,False,366968.1017805049,0.0,366968.1017805049
0x483abb4993e93f028aa63d030626cd8fcd1e325d,1,285832.40131583303,0.0,0.0,0.0,285832.40131583303,3.3211231006979514,-285829.08019273233,285832.40131583303,0.8512940636364582,True,False,128097.04773990267,51165960,0.2563271633796273,single,False,285832.40131583303,0.0,285832.40131583303
0xeb886afc02615955897d2c4811de9da4f3690ac4,1,185877.16942695895,0.0,0.0,0.0,185877.16942695895,0.0,-185877.16942695895,185877.16942695895,0.0,False,False,133797.97057854422,51165960,0.2563271633796273,single,False,185877.16942695895,0.0,185877.16942695895
0x54340db7c03c05e3b875ea063493f789f5cba76b,1,73772.6735195982,0.0,0.0,0.0,73772.6735195982,0.0,-73772.6735195982,73772.6735195982,0.0,False,False,134087.81933605098,51165960,0.2563271633796273,single,False,73772.6735195982,0.0,73772.6735195982
0x25c922463603b2e6a23eb6721ab9499c00ce01d1,3,2378427.136565873,0.0,0.0,0.0,2378427.136565873,93512.68768498937,-2284914.4488808834,2378427.136565873,23969.84197429833,True,False,129950.37392316265,51165960,0.2563271633796273,single,False,2378427.136565873,0.0,2378427.136565873
0xe9c2bce33bd6dd6fe2dd4ca3b6f52465d0bd20e3,1,67130.07414558195,0.0,0.0,0.0,67130.07414558195,5.618812312180572,-67124.45533326977,67130.07414558195,1.440254221543771,True,False,133445.26713533132,51165960,0.2563271633796273,single,False,67130.07414558195,0.0,67130.07414558195
0x2694dc6b591c7091e62c6fa793713292ba470cd4,1,7011042.849069464,0.0,0.0,0.0,7011042.849069464,4.322045060472494,-7011038.527024403,7011042.849069464,1.107857550349844,True,False,142452.91313440262,51165960,0.2563271633796273,single,False,7011042.849069464,0.0,7011042.849069464
0x19c2ab533c20e5faf5d2193bc66f6f8336836b5e,6,4895030.377185511,0.0,0.0,0.0,4895030.377185511,0.0,-4895030.377185511,4895030.377185511,0.0,False,False,151388.8578954764,51165960,0.2563271633796273,single,False,4895030.3771855105,-9.313225746154785e-10,4895030.377185511
0x138317e55332fbb6ce880bbbedc74413b1a21e84,2,2926714.5273078345,0.0,0.0,0.0,2926714.5273078345,2.0638772945376838,-2926712.46343054,2926714.5273078345,0.529027812472464,True,False,152833.54979963068,51165960,0.2563271633796273,single,False,2926714.527307834,-4.656612873077393e-10,2926714.5273078345
0x2f814ef643601838544502f9b780da2b04ffd44a,1,108046.66055420217,0.0,0.0,0.0,108046.66055420217,0.0,-108046.66055420217,108046.66055420217,0.0,False,False,150293.8348910872,51165960,0.2563271633796273,single,False,108046.66055420217,0.0,108046.66055420217
0x389a1f115334ea416ba134b02610786ce5374dbf,1,533357.3789204955,0.0,0.0,0.0,533357.3789204955,0.0,-533357.3789204955,533357.3789204955,0.0,False,False,148692.79384704414,51165960,0.2563271633796273,single,False,0.0,-533357.3789204955,0.0
0x78b4617ed6819307a249e959fbbfb62cf57e8326,2,586558.0819219757,0.0,0.0,0.0,586558.0819219757,0.0,-586558.0819219757,586558.0819219757,0.0,False,False,145179.3509328652,51165960,0.2563271633796273,single,False,586558.0819219757,0.0,586558.0819219757
0xe918f9ace26202b286aa50848d322722d1da63c5,1,31862.03377005025,0.0,0.0,0.0,31862.03377005025,0.0,-31862.03377005025,31862.03377005025,0.0,False,False,145609.52213018664,51165960,0.2563271633796273,single,False,31862.03377005025,0.0,31862.03377005025
0x061600d3515b387d562504eed5a1a485f9ae0ee4,1,60246.53551221717,0.0,0.0,0.0,60246.53551221717,1.4072848931474142,-60245.12822732402,60246.53551221717,0.3607253447274786,True,False,144222.72712974204,51165960,0.2563271633796273,single,False,60246.53551221717,0.0,60246.53551221717
0xb234c1cf2e04fc433916083dd4986a8b7b3dcb7d,1,482787.45128734165,0.0,0.0,0.0,482787.45128734165,0.0,-482787.45128734165,482787.45128734165,0.0,False,False,147946.92144432795,51165960,0.2563271633796273,single,False,482787.45128734165,0.0,482787.45128734165
0xff181b0e05bfb95f0705c50cd5b4a66976f59d9c,3,99347.6281667055,0.0,0.0,0.0,99347.6281667055,0.0,-99347.6281667055,99347.6281667055,0.0,False,False,131537.53670289394,51165960,0.2563271633796273,single,False,99347.6281667055,0.0,99347.6281667055
0x247ce2933a28d4101ad237796dc8b612eb4a25f0,3,587916.1523145654,0.0,0.0,0.0,587916.1523145654,399528.168188658,-188387.98412590736,587916.1523145654,102409.92204205735,True,False,131923.64544317307,51165960,0.2563271633796273,single,False,590334.9707201816,2418.8184056162136,590334.9707201815
0x31ab35ffd9ca469ac11d8a7b6425f7ed92ca8ea8,8,674589.9118197181,0.0,0.0,0.0,674589.9118197181,0.0,-674589.9118197181,674589.9118197181,0.0,False,False,139102.9748478427,51165960,0.2563271633796273,single,False,674589.911819718,-1.1641532182693481e-10,674589.9118197181
0xdf2c77d6983105963a5001da58681aaed4e1c39a,1,2837310.9448554246,0.0,0.0,0.0,2837310.9448554246,0.0,-2837310.9448554246,2837310.9448554246,0.0,False,False,160244.532314753,51165960,0.2563271633796273,single,False,2837310.9448554246,0.0,2837310.9448554246
0x7d1effcd45842d6984cf5e8a93db2fc88294fd71,1,45433.09781271563,0.0,0.0,0.0,45433.09781271563,0.0,-45433.09781271563,45433.09781271563,0.0,False,False,159746.62536398802,51165960,0.2563271633796273,single,False,45433.09781271563,0.0,45433.09781271563
0x8c830c5e809df8f4ded01b97410fd4bb6702d894,2,1170639.5401785618,0.0,0.0,0.0,1170639.5401785618,0.0,-1170639.5401785618,1170639.5401785618,0.0,False,False,161246.680504914,51165960,0.2563271633796273,single,False,1170639.540178562,2.3283064365386963e-10,1170639.5401785618
0xddeb69765aea11ac0611b34cba466dcefea4cf8f,4,186457.21549226283,0.0,0.0,0.0,186457.21549226283,0.0,-186457.21549226283,186457.21549226283,0.0,False,False,162323.27283146253,51165960,0.2563271633796273,single,False,186457.21549226283,0.0,186457.21549226283
0x815ff469dc4b998f7a1318c623e5cca28c5d8b1e,1,797417.9620322103,0.0,0.0,0.0,797417.9620322103,0.0,-797417.9620322103,797417.9620322103,0.0,False,False,188104.89744148703,51165960,0.2563271633796273,single,False,797417.9620322103,0.0,797417.9620322103
0x81633a966bce7d31af66f84c699196ed0fef08dc,1,286370.90758189315,0.0,0.0,0.0,286370.90758189315,2.4973337441504797,-286368.410248149,286370.90758189315,0.6401344746503164,True,False,194651.86238095685,51165960,0.2563271633796273,single,False,286370.90758189315,0.0,286370.90758189315
0x638efb1e677759c527c4ec5b877b665ddd0db692,2,34934.87449067071,0.0,0.0,0.0,34934.87449067071,0.0,-34934.87449067071,34934.87449067071,0.0,False,False,195665.09880507528,51165960,0.2563271633796273,single,False,34934.87449067071,0.0,34934.87449067071
0x523fb69a0bb5ea46ac93d09700ed85c7f9943cbd,1,239255.17876691188,0.0,0.0,0.0,239255.17876691188,0.0,-239255.17876691188,239255.17876691188,0.0,False,False,189525.5020898647,51165960,0.2563271633796273,single,False,239255.17876691188,0.0,239255.17876691188
0x966a4e29a7d8d9f95d78b4c6963e33e4051c0144,2,95377.73283176843,0.0,0.0,0.0,95377.73283176843,7151.497566119455,-88226.23526564898,95377.73283176843,1833.1230850397085,True,False,194359.2484728917,51165960,0.2563271633796273,single,False,95377.73283176842,-1.4551915228366852e-11,95377.73283176843
0x4507e72f3a50ead6cec0c87ce74d4d091200080e,2,106556.54578605315,0.0,0.0,0.0,106556.54578605315,42637.109935696535,-63919.43585035661,106556.54578605315,10929.049444522416,True,False,189740.55836913345,51165960,0.2563271633796273,single,False,106556.54578605316,1.4551915228366852e-11,106556.54578605315
0xe6d0af2021d09efeffda93c63025b55c45cc8577,3,266045.07691028994,0.0,0.0,0.0,266045.07691028994,0.0,-266045.07691028994,266045.07691028994,0.0,False,False,189586.59870848464,51165960,0.2563271633796273,single,False,266045.07691028994,0.0,266045.07691028994
0x3e600d888e9598e543e2ce7a227a24e181c4ece2,2,889265.06353457,0.0,0.0,0.0,889265.06353457,8.069543483713323,-889256.9939910864,889265.06353457,2.0684431909487917,True,False,190204.75647705555,51165960,0.2563271633796273,single,False,889265.0635345699,-1.1641532182693481e-10,889265.06353457
0xcb35e7f31bce92c8813f3386f36a6948bbf0f0ab,1,49010.99604142301,0.0,0.0,0.0,49010.99604142301,116.69911522952557,-48894.296926193485,49010.99604142301,29.913153175696554,True,False,190746.4952969162,51165960,0.2563271633796273,single,False,49010.99604142301,0.0,49010.99604142301
0xb31c0d75a8c7c3619ab4dcd4c0bfd26d04f40003,1,132136.7848638376,0.0,0.0,0.0,132136.7848638376,0.0,-132136.7848638376,132136.7848638376,0.0,False,False,196113.03618123653,51165960,0.2563271633796273,single,False,132136.7848638376,0.0,132136.7848638376
0x774d84f6c271385f1e47d67449734bba07a65ddd,2,312626.69300012186,0.0,0.0,0.0,312626.69300012186,0.023145865700171353,-312626.66985425615,312626.69300012186,0.005932914098890734,True,False,207423.13372757353,51165960,0.2563271633796273,single,False,312626.69300012186,0.0,312626.69300012186
0xad768dc1d4ce2df89d9d9ad9e12878334aabdd94,2,1112184.2344734524,0.0,0.0,0.0,1112184.2344734524,0.0,-1112184.2344734524,1112184.2344734524,0.0,False,False,233506.123012992,51165960,0.2563271633796273,single,False,1105027.718395368,-7156.516078084474,1105027.718395368
0x1f16dcd7118b0b45e40e42b6b73364f5075d110e,2,17349192.995620564,0.0,0.0,0.0,17349192.995620564,0.0,-17349192.995620564,17349192.995620564,0.0,False,False,258276.44004468515,51165960,0.2563271633796273,single,False,17349192.995620564,0.0,17349192.995620564
0xb7ba23b94f99c4f07d2f42da87e6a3243d1f3015,1,2022153.149143399,0.0,0.0,0.0,2022153.149143399,0.0,-2022153.149143399,2022153.149143399,0.0,False,False,203051.45832584126,51165960,0.2563271633796273,single,False,2022153.149143399,0.0,2022153.149143399
0xf05987ece4a968127518105d623744d2f9e59dec,10,6055227.006372845,0.0,0.0,0.0,6055227.006372845,0.0,-6055227.006372845,6055227.006372845,0.0,False,False,232970.89334581653,51165960,0.2563271633796273,single,False,6055227.006372844,-9.313225746154785e-10,6055227.006372845
0x72807fd511a92da5f46e9e1a137a4337c79503cf,1,357764.57298276096,0.0,0.0,0.0,357764.57298276096,0.003305652190560448,-357764.5696771088,357764.57298276096,0.0008473284491260109,True,False,214729.50521144972,51165960,0.2563271633796273,single,False,339109.2133056522,-18655.35967710876,339109.2133056522
0x01b27b60afe52330a2f464aa4625431365dc3e07,1,794439.5867673736,0.0,0.0,0.0,794439.5867673736,435771.4364407563,-358668.1503266173,794439.5867673736,111700.05618472461,True,False,222763.3174216245,51165960,0.2563271633796273,single,False,762498.3417412662,-31941.245026107412,762498.3417412662
0xfa42ca38d896763bffd09c42e192eb21d2df8faa,3,119486.18917934748,0.0,0.0,0.0,119486.18917934748,0.0,-119486.18917934748,119486.18917934748,0.0,False,False,236529.4258540764,51165960,0.2563271633796273,single,False,119486.18917934748,0.0,119486.18917934748
0x35b01f4d927bf314bfca1489d96f7c5a33902d6f,13,5902525.435998649,0.0,0.0,0.0,5902525.435998649,0.0,-5902525.435998649,5902525.435998649,0.0,False,False,242971.60602199458,51165960,0.2563271633796273,single,False,5902525.43599865,9.313225746154785e-10,5902525.435998649
0xac478403b4f337fa01b7b6873817119d0a2f1650,2,133963.9754599146,0.0,0.0,0.0,133963.9754599146,0.0,-133963.9754599146,133963.9754599146,0.0,False,False,250780.0710462104,51165960,0.2563271633796273,single,False,133963.9754599146,0.0,133963.9754599146
0x9ec330769f5eea6575a0ccf46986729c9eddfef3,1,53914.793097880654,0.0,0.0,0.0,53914.793097880654,0.0,-53914.793097880654,53914.793097880654,0.0,False,False,196946.31584850274,51165960,0.2563271633796273,single,False,53914.793097880654,0.0,53914.793097880654
0x1a87cb69a05b60f302241f3f0d590445adf9217f,1,2483248.0856128526,0.0,0.0,0.0,2483248.0856128526,0.0,-2483248.0856128526,2483248.0856128526,0.0,False,False,201816.86681245832,51165960,0.2563271633796273,single,False,2483248.0856128526,0.0,2483248.0856128526
0x25c6063783d5724cb11509788d330816eaa5e812,1,14102.96027331138,0.0,0.0,0.0,14102.96027331138,0.0,-14102.96027331138,14102.96027331138,0.0,False,False,213843.32199352892,51165960,0.2563271633796273,single,False,14102.96027331138,0.0,14102.96027331138
0x5e7200a139e862c703878d89a49f810cff8aecfa,3,14610445.086114446,0.0,0.0,0.0,14610445.086114446,0.0,-14610445.086114446,14610445.086114446,0.0,False,False,228209.2573090575,51165960,0.2563271633796273,single,False,14610418.423141427,-26.662973018363118,14610418.423141427
0x3659a520d292874e179cd660bea4de36264da4ac,1,774860.934485444,0.0,0.0,0.0,774860.934485444,0.0,-774860.934485444,774860.934485444,0.0,False,False,243640.9456828934,51165960,0.2563271633796273,single,False,774860.934485444,0.0,774860.934485444
0x39f8c1f090e6739966e01a4d2fc210b110c9bf8e,1,407856.2640016935,0.0,0.0,0.0,407856.2640016935,0.0,-407856.2640016935,407856.2640016935,0.0,False,False,242570.24639306054,51165960,0.2563271633796273,single,False,407856.2640016935,0.0,407856.2640016935
0xf3753b1d10d40d8bb1e75b26c69fd6e844aa988f,1,400406.62226751493,0.0,0.0,0.0,400406.62226751493,5.312444963824683,-400401.3098225511,400406.62226751493,1.3617239481875678,True,False,218780.4448248073,51165960,0.2563271633796273,single,False,400406.62226751493,0.0,400406.62226751493
0x72edf165cf1ef202c0028e741c9d2c6ad19e9339,1,245682.11015751938,0.0,0.0,0.0,245682.11015751938,0.3622554991887236,-245681.7479020202,245682.11015751938,0.0928559245257164,True,False,203628.2431537982,51165960,0.2563271633796273,single,False,245682.11015751938,0.0,245682.11015751938
0x7d860ee5d48feccf3115f50810cf3758c72e5fd4,1,19134.493284192587,0.0,0.0,0.0,19134.493284192587,0.0,-19134.493284192587,19134.493284192587,0.0,False,False,183127.1675280885,51165960,0.2563271633796273,single,False,19134.493284192587,0.0,19134.493284192587
0x745d77b6768e71bfa66363377fddc361734cffe3,1,1374355.6597610547,0.0,0.0,0.0,1374355.6597610547,0.0,-1374355.6597610547,1374355.6597610547,0.0,False,False,182981.03729575544,51165960,0.2563271633796273,single,False,1374355.6597610547,0.0,1374355.6597610547
0x03e6fefbf49d31b5acece6182d48ffba542b9010,5,19180666.627101295,0.0,0.0,0.0,19180666.627101295,0.0,-19180666.627101295,19180666.627101295,0.0,False,False,195506.2317916364,51165960,0.2563271633796273,single,False,19180666.627101295,0.0,19180666.627101295
0x7fd9097712afc5d62fc07b8ea19d965b7b6829c0,1,8378243.29146518,0.0,0.0,0.0,8378243.29146518,0.0,-8378243.29146518,8378243.29146518,0.0,False,False,209115.76778803684,51165960,0.2563271633796273,single,False,8378243.29146518,0.0,8378243.29146518
0xd818c41bf4f6ac44c668e3a5b4f7ba86867c6f8a,3,628566.9133516841,0.0,0.0,0.0,628566.9133516841,64719.38025816027,-563847.5330935238,628566.9133516841,16589.335157261674,True,False,181748.8027505018,51165960,0.2563271633796273,single,False,628566.9133516841,0.0,628566.9133516841
0xf979fe6701563377642b01b3c3ff05dc48bd4246,3,231277.3281697461,0.0,0.0,0.0,231277.3281697461,0.0,-231277.3281697461,231277.3281697461,0.0,False,False,186500.57627316675,51165960,0.2563271633796273,single,False,231277.32816974612,2.9103830456733704e-11,231277.3281697461
0x2c49ee25826588797fb0fa7b99e72dca0d6ba3a8,2,776355.2062417546,0.0,0.0,0.0,776355.2062417546,0.0,-776355.2062417546,776355.2062417546,0.0,False,False,187299.87525567834,51165960,0.2563271633796273,single,False,776355.2062417547,1.1641532182693481e-10,776355.2062417546
0x4694a2680e7e2d73e56e8b0646a289116187aa59,1,662522.2130391204,0.0,0.0,0.0,662522.2130391204,39607.60625694512,-622914.6067821754,662522.2130391204,10152.50536009992,True,False,184003.33746431163,51165960,0.2563271633796273,single,False,662522.2130391204,0.0,662522.2130391204
0xe96e9f95a5f4200dc7e27e966e4d6d84168a9bb1,5,11467697.257717405,0.0,0.0,0.0,11467697.257717405,100000.0,-11367697.257717405,11467697.257717405,25632.71633796273,True,False,187711.66217380526,51165960,0.2563271633796273,single,False,10978953.105629414,-488744.1520879902,10978953.105629412
0x12a371444ccebb6b64cc35ebbc70d1d998433d51,2,798783.5763476242,0.0,0.0,0.0,798783.5763476242,0.0,-798783.5763476242,798783.5763476242,0.0,False,False,211514.42683920087,51165960,0.2563271633796273,single,False,798783.5763476242,0.0,798783.5763476242
0x60e1d8ce9982fb2fe9ec02b5da705a472c23a114,1,1887679.729066013,0.0,0.0,0.0,1887679.729066013,71.34000008305424,-1887608.38906593,1887679.729066013,18.28637985679167,True,False,210488.2323132197,51165960,0.2563271633796273,single,False,1887679.729066013,0.0,1887679.729066013
0x0f7e8bac816e779fcb76f80345a1427ad389adab,1,93210.8256669137,0.0,0.0,0.0,93210.8256669137,0.0,-93210.8256669137,93210.8256669137,0.0,False,False,213459.91716840814,51165960,0.2563271633796273,single,False,93210.8256669137,0.0,93210.8256669137
0x1b9f3521b567a9a0ccebd54dae7ff19ce50a55de,2,6441296.726446006,0.0,0.0,0.0,6441296.726446006,0.0,-6441296.726446006,6441296.726446006,0.0,False,False,215838.87862139524,51165960,0.2563271633796273,single,False,6441296.726446006,0.0,6441296.726446006
0x2d1dcad50a6e8c45c0641137a0357202d37cabdb,1,895719.7522192231,0.0,0.0,0.0,895719.7522192231,4.5316564079665,-895715.2205628151,895719.7522192231,1.161586632465164,True,False,222744.87959594466,51165960,0.2563271633796273,single,False,895719.7522192231,0.0,895719.7522192231
0x6f2cfddd856c00a6af63c9a7c4ed80de86e12b91,1,1624217.399548836,0.0,0.0,0.0,1624217.399548836,0.0,-1624217.399548836,1624217.399548836,0.0,False,False,223699.42093486802,51165960,0.2563271633796273,single,False,1624217.399548836,0.0,1624217.399548836
0x92a4b51c5728bd57d09dacb8343f9bce093c3343,2,8306283.5863315165,0.0,0.0,0.0,8306283.5863315165,0.0,-8306283.5863315165,8306283.5863315165,0.0,False,False,224828.8774227873,51165960,0.2563271633796273,single,False,8306283.586331516,-9.313225746154785e-10,8306283.5863315165
0x2635a768d5897829a9f6222b395f039cdb59cc77,1,72659.55728413268,0.0,0.0,0.0,72659.55728413268,0.0,-72659.55728413268,72659.55728413268,0.0,False,False,194850.6205699237,51165960,0.2563271633796273,single,False,72659.55728413268,0.0,72659.55728413268
0xde7ef6b0954f1544bd2d8fb9f0630af645248648,2,829739.9747784333,0.0,0.0,0.0,829739.9747784333,9.94339401783051,-829730.0313844155,829739.9747784333,2.54876198295645,True,False,171037.6020380065,51165960,0.2563271633796273,single,False,829739.9747784333,0.0,829739.9747784333
0xbd51475534d0e8e50b7caecc74d8fd8a658d029e,5,10462230.867861053,0.0,0.0,0.0,10462230.867861053,0.0,-10462230.867861053,10462230.867861053,0.0,False,False,196543.47760525113,51165960,0.2563271633796273,single,False,10445058.538048701,-17172.329812351614,10445058.5380487
0x86e6d1c67a69282e8232c5f58e1dee9b12252577,1,36867.388113360415,0.0,0.0,0.0,36867.388113360415,27501.050843792473,-9366.337269567943,36867.388113360415,7049.26635274823,True,False,243204.20910104786,51165960,0.2563271633796273,single,False,36867.388113360415,0.0,36867.388113360415
0x1745d07f5bc9a3140beb4a4114b2430fdd37a5fb,1,2121209.2454767623,0.0,0.0,0.0,2121209.2454767623,0.0,-2121209.2454767623,2121209.2454767623,0.0,False,False,257972.1188360833,51165960,0.2563271633796273,single,False,2120148.640854024,-1060.6046227384359,2120148.640854024
0x94f3b98be9d32300811037f218b1957220d00ac0,1,171863.87688938648,0.0,0.0,0.0,171863.87688938648,0.789975781878007,-171863.0869136046,171863.87688938648,0.2024922513073927,True,False,254856.17023194054,51165960,0.2563271633796273,single,False,171863.87688938648,0.0,171863.87688938648
0xcbdb464ec49edb2a44ec5c097d7d3252ea085417,1,38799.43311710653,0.0,0.0,0.0,38799.43311710653,0.0,-38799.43311710653,38799.43311710653,0.0,False,False,225779.429988276,51165960,0.2563271633796273,single,False,38799.43311710653,0.0,38799.43311710653
0x64fe9f43ed234d5c8225c1f4fe330b171adaa123,1,153435.03726508576,0.0,0.0,0.0,153435.03726508576,769.689721789657,-152665.3475432961,153435.03726508576,197.2923830687973,True,False,228373.23336817598,51165960,0.2563271633796273,single,False,153435.03726508576,0.0,153435.03726508576
0xc75dd2f1fdbf2bdcaca072610912721c251d920c,1,77396.09786078782,0.0,0.0,0.0,77396.09786078782,0.0,-77396.09786078782,77396.09786078782,0.0,False,False,226619.9527036888,51165960,0.2563271633796273,single,False,77396.09786078782,0.0,77396.09786078782
0x906203beaaf2c5285d38d74706d578e212377529,1,230208.9292160312,0.0,0.0,0.0,230208.9292160312,0.0,-230208.9292160312,230208.9292160312,0.0,False,False,228317.30957302547,51165960,0.2563271633796273,single,False,230208.9292160312,0.0,230208.9292160312
0xcef098167aefbd055b1a6bf43842cc2b4d279dbc,3,235138.394381289,0.0,0.0,0.0,235138.394381289,0.0,-235138.394381289,235138.394381289,0.0,False,False,224882.28317692722,51165960,0.2563271633796273,single,False,235138.39438128902,2.9103830456733704e-11,235138.394381289
0x7cb5e5ed570d1683cb95f957127719c4b56b366f,3,1059660.5109121988,0.0,0.0,0.0,1059660.5109121988,0.0,-1059660.5109121988,1059660.5109121988,0.0,False,False,222805.03015038627,51165960,0.2563271633796273,single,False,1059660.5109121988,0.0,1059660.5109121988
0x81b98a0e207726584ce1ac687fcae6059b35ebcf,2,1964736.678096891,0.0,0.0,0.0,1964736.678096891,1499999.8217061623,-464736.8563907286,1964736.678096891,384490.6993678873,True,False,224516.12520100432,51165960,0.2563271633796273,single,False,1964736.6780968911,2.3283064365386963e-10,1964736.678096891
0x6c04158a2ab43301196b641d952b6f51be38f9cf,1,387944.16891926376,0.0,0.0,0.0,387944.16891926376,0.0,-387944.16891926376,387944.16891926376,0.0,False,False,225808.62389174473,51165960,0.2563271633796273,single,False,387944.16891926376,0.0,387944.16891926376
0x694476bc065be79bbe6b5d661ea74c93d4f1003e,5,5238029.325688266,0.0,0.0,0.0,5238029.325688266,0.0,-5238029.325688266,5238029.325688266,0.0,False,False,212466.2488113099,51165960,0.2563271633796273,"multiswap,single",False,5238029.325688266,0.0,5238029.325688266
0xaf2b501659b8de6b23f84241afbcf43001729115,1,806571.1491586249,0.0,0.0,0.0,806571.1491586249,0.0,-806571.1491586249,806571.1491586249,0.0,False,False,219412.75487472257,51165960,0.2563271633796273,single,False,806571.1491586249,0.0,806571.1491586249
0x2139045437e7439ba77983e3ec6e02adbd1184d2,1,2349112.5808682414,0.0,0.0,0.0,2349112.5808682414,0.0,-2349112.5808682414,2349112.5808682414,0.0,False,False,223746.97486343823,51165960,0.2563271633796273,single,False,2349112.5808682414,0.0,2349112.5808682414
0xfd08c106fe5aaa41752258602a007c7f0e33637a,1,3809885.7225933913,0.0,0.0,0.0,3809885.7225933913,345.2307000359653,-3809540.4918933553,3809885.7225933913,88.49200605178198,True,False,232253.68255783236,51165960,0.2563271633796273,single,False,3809885.7225933913,0.0,3809885.7225933913
0xd3a61ba3bd055f6aa962cc7554e117b4baf8d0a5,5,14139133.941893527,0.0,0.0,0.0,14139133.941893527,0.0,-14139133.941893527,14139133.941893527,0.0,False,False,249997.07702297848,51165960,0.2563271633796273,single,False,14139133.94189353,1.862645149230957e-09,14139133.941893527
0x6589f88383cd82ee4548858b89ee28b95983f292,1,100779.77096642787,0.0,0.0,0.0,100779.77096642787,0.0,-100779.77096642787,100779.77096642787,0.0,False,False,286465.51542661147,51165960,0.2563271633796273,single,False,100779.77096642787,0.0,100779.77096642787
0x683996f47da81bfa9974c7ad0d85b43b1999af73,1,424932.6783963793,0.0,0.0,0.0,424932.6783963793,0.7560642322765062,-424931.922332147,424932.6783963793,0.19379979999223249,True,False,288111.3918427115,51165960,0.2563271633796273,single,False,424932.6783963793,0.0,424932.6783963793
0xf372129598b3ac93fb83f63d0892f6a79fe929f7,11,2784561.7834798577,0.0,0.0,0.0,2784561.7834798577,134615.58185126857,-2649946.201628589,2784561.7834798577,34505.630242633706,True,False,299625.44299788395,51165960,0.2563271633796273,single,False,2784561.7834798573,-4.656612873077393e-10,2784561.7834798577
0x81068c59b8f61f6a107167ab0d699ebd62c047b4,1,2728385.1089134784,0.0,0.0,0.0,2728385.1089134784,0.0,-2728385.1089134784,2728385.1089134784,0.0,False,False,250618.76978629216,51165960,0.2563271633796273,single,False,2728385.1089134784,0.0,2728385.1089134784
0x801f1e82746363452c1fb46b8dc3690b5db1f28a,1,683046.4412788335,0.0,0.0,0.0,683046.4412788335,0.0,-683046.4412788335,683046.4412788335,0.0,False,False,256501.26737055913,51165960,0.2563271633796273,single,False,683046.4412788335,0.0,683046.4412788335
0xfb3e5ca59e9111e1ecf61fe70131ceca3900a81a,2,726344.3267423378,0.0,0.0,0.0,726344.3267423378,0.0,-726344.3267423378,726344.3267423378,0.0,False,False,235600.06516452253,51165960,0.2563271633796273,single,False,726344.3267423378,0.0,726344.3267423378
0x5968b36267f86a259af2ed96ca75a89acb408f42,2,847451.1695007727,0.0,0.0,0.0,847451.1695007727,0.0,-847451.1695007727,847451.1695007727,0.0,False,False,224271.6101910192,51165960,0.2563271633796273,single,False,842122.324708104,-5328.844792668708,842122.324708104
0x940e0c095fcf4cbd64d1e816b2047ab81da485cf,1,14956.799137678927,0.0,0.0,0.0,14956.799137678927,0.0,-14956.799137678927,14956.799137678927,0.0,False,False,224695.5641102386,51165960,0.2563271633796273,single,False,14956.799137678927,0.0,14956.799137678927
0x6e8e999b16e00ad4a59f14badd6db7715881fad7,2,1911429.5023430516,0.0,0.0,0.0,1911429.5023430516,1.970660560151459,-1911427.5316824915,1911429.5023430516,0.5051338313677309,True,False,268051.52264922403,51165960,0.2563271633796273,single,False,1911429.5023430514,-2.3283064365386963e-10,1911429.5023430516
0x5b5be734195d1372c886a0a52884413ffbbe9b00,1,36761.81968222536,0.0,0.0,0.0,36761.81968222536,0.0,-36761.81968222536,36761.81968222536,0.0,False,False,268339.63346123544,51165960,0.2563271633796273,single,False,36761.81968222536,0.0,36761.81968222536
0xad16a1ebe5f5aa5dfc3f7c40635b6dd19899f435,1,6779516.479596926,0.0,0.0,0.0,6779516.479596926,0.0,-6779516.479596926,6779516.479596926,0.0,False,False,289029.19684228057,51165960,0.2563271633796273,single,False,6779516.479596926,0.0,6779516.479596926
0xea0d968c92626f1f79af0fea0027ff7ca57dc6b9,1,76252.8633986622,0.0,0.0,0.0,76252.8633986622,2.867758171e-09,-76252.86339865933,76252.8633986622,7.350843172311782e-10,True,False,259601.87116175354,51165960,0.2563271633796273,single,False,76214.73696696287,-38.1264316993329,76214.73696696287
0x40a815248ecd481806873237667882f6d4f4bcc9,5,2750802.876042218,0.0,0.0,0.0,2750802.876042218,60.29096888223851,-2750742.5850733356,2750802.876042218,15.454213030993575,True,False,290446.7639262605,51165960,0.2563271633796273,single,False,2734006.253577995,-16796.622464222834,2734006.253577995
0xd24fed65734ca5184129f3525828410e29ad8000,1,72599.76816095327,0.0,0.0,0.0,72599.76816095327,0.0,-72599.76816095327,72599.76816095327,0.0,False,False,289591.4666931969,51165960,0.2563271633796273,single,False,72599.76816095327,0.0,72599.76816095327
0x71286b71f958e75ff8f6bdd8c4203c6506a57d2e,1,35278.54868432545,0.0,0.0,0.0,35278.54868432545,0.0,-35278.54868432545,35278.54868432545,0.0,False,False,297806.2488180555,51165960,0.2563271633796273,single,False,35278.54868432545,0.0,35278.54868432545
0x3547d754469461d00283954a5125f3c701a7f24b,2,315936.52892385935,0.0,0.0,0.0,315936.52892385935,0.0,-315936.52892385935,315936.52892385935,0.0,False,False,293994.79156927514,51165960,0.2563271633796273,single,False,315936.52892385935,0.0,315936.52892385935
0x5d62700a2fb330581d28df1bc53410904d3de457,1,176102.89124322275,0.0,0.0,0.0,176102.89124322275,0.0,-176102.89124322275,176102.89124322275,0.0,False,False,296048.853654799,51165960,0.2563271633796273,single,False,176102.89124322275,0.0,176102.89124322275
0xc3b7d1c32f635843325d0db5001d0b8ddb945335,3,1968728.338263066,0.0,0.0,0.0,1968728.338263066,0.0,-1968728.338263066,1968728.338263066,0.0,False,False,301865.47123013,51165960,0.2563271633796273,single,False,1968728.338263066,0.0,1968728.338263066
0x9c2084715ed1e75f98baca2d149f7e9c9bec36f7,1,124811.72825938291,0.0,0.0,0.0,124811.72825938291,0.0,-124811.72825938291,124811.72825938291,0.0,False,False,301560.846109237,51165960,0.2563271633796273,single,False,124811.72825938291,0.0,124811.72825938291
0x1cfb0ea17ca32ca47c32f4b5f48736b77ab37e99,3,285755.38124837994,0.0,0.0,0.0,285755.38124837994,0.6841794901766064,-285754.69706888974,285755.38124837994,0.1753737879594891,True,False,302026.5571139648,51165960,0.2563271633796273,single,False,285755.38124837994,0.0,285755.38124837994
0x50570b026f32b9f85115b97ec1451f2614786ea2,1,6495.219639051009,0.0,0.0,0.0,6495.219639051009,0.0,-6495.219639051009,6495.219639051009,0.0,False,False,302346.27246101503,51165960,0.2563271633796273,single,False,6495.219639051009,0.0,6495.219639051009
0x5b1de9e175e43e0913852a97c0c9a0fcf8872d55,1,1445956.4752042922,0.0,0.0,0.0,1445956.4752042922,0.0,-1445956.4752042922,1445956.4752042922,0.0,False,False,305977.3943305609,51165960,0.2563271633796273,single,False,1445956.4752042922,0.0,1445956.4752042922
0xc57c2f93b03d541390ae4d6a0874caecd56222f2,2,167995.023760288,0.0,0.0,0.0,167995.023760288,0.0,-167995.023760288,167995.023760288,0.0,False,False,309309.2168221284,51165960,0.2563271633796273,single,False,167995.023760288,0.0,167995.023760288
0xc7c9f45933dc21ca8a7460f39ea0adaa9cda269d,1,383773.02678599727,0.0,0.0,0.0,383773.02678599727,0.0,-383773.02678599727,383773.02678599727,0.0,False,False,309913.80799626483,51165960,0.2563271633796273,single,False,383773.02678599727,0.0,383773.02678599727
0x92abc2165bb4e23da156035a228b7293497f0690,1,1021222.7975114855,0.0,0.0,0.0,1021222.7975114855,0.0,-1021222.7975114855,1021222.7975114855,0.0,False,False,311929.57784246263,51165960,0.2563271633796273,single,False,1021222.7975114855,0.0,1021222.7975114855
0x502ec285c5beb7e88978406b5e3246daee298d38,1,555531.0359529487,0.0,0.0,0.0,555531.0359529487,6.203128534593865,-555524.8328244141,555531.0359529487,1.5900303413516697,True,False,315378.0194484219,51165960,0.2563271633796273,single,False,555531.0359529487,0.0,555531.0359529487
0xd67489b89278282954a646f4c3ea4ecc24c6bfe6,1,33228.45880026368,0.0,0.0,0.0,33228.45880026368,0.2931098871731583,-33228.16569037651,33228.45880026368,0.07513202593761827,True,False,316359.4416113829,51165960,0.2563271633796273,single,False,33228.45880026368,0.0,33228.45880026368
0x9337ce7e633230aa6f32e3c10d0a26aedf92a82b,1,8933542.153590895,0.0,0.0,0.0,8933542.153590895,0.0,-8933542.153590895,8933542.153590895,0.0,False,False,333460.5583194249,51165960,0.2563271633796273,single,False,8933542.153590895,0.0,8933542.153590895
0x68c525ec6c1d4ccc8c7052923eeaf906b9a1b3ce,1,145361.14673071494,0.0,0.0,0.0,145361.14673071494,0.05939452944773432,-145361.0873361855,145361.14673071494,0.01522443125360548,True,False,340732.2837216319,51165960,0.2563271633796273,single,False,145361.14673071494,0.0,145361.14673071494
0xd46972bd5855a00749d1464d4314a9ecc751ae03,1,136645.92935396385,0.0,0.0,0.0,136645.92935396385,0.0,-136645.92935396385,136645.92935396385,0.0,False,False,338920.82594539516,51165960,0.2563271633796273,single,False,136645.92935396385,0.0,136645.92935396385
0x149d52aa32caf0be1f506ee949cfbbcc8364b6f5,1,240618.64133906626,0.0,0.0,0.0,240618.64133906626,0.0,-240618.64133906626,240618.64133906626,0.0,False,False,328390.70392114046,51165960,0.2563271633796273,single,False,240618.64133906626,0.0,240618.64133906626
0x9683747137fd1c5b76323dc762145c45a6180f46,1,26297.36999212141,0.0,0.0,0.0,26297.36999212141,0.0,-26297.36999212141,26297.36999212141,0.0,False,False,330579.10220275016,51165960,0.2563271633796273,single,False,26297.36999212141,0.0,26297.36999212141
0x0082a884c553cf87a26ddca42283f7397ccfd3e1,1,525231.0085772382,0.0,0.0,0.0,525231.0085772382,0.0,-525231.0085772382,525231.0085772382,0.0,False,False,333571.8474344542,51165960,0.2563271633796273,single,False,525231.0085772382,0.0,525231.0085772382
0xe231508ae8f02844bfc6a1988d64a66dd4466134,1,260998.33267639417,0.0,0.0,0.0,260998.33267639417,6.652863546277042,-260991.6798128479,260998.33267639417,1.7053096411689221,True,False,335638.69175785175,51165960,0.2563271633796273,single,False,260998.33267639417,0.0,260998.33267639417
0xd00822a92dce72f610932ec7189d9fb22bf6d6b1,6,996481.7339462981,0.0,0.0,0.0,996481.7339462981,0.0,-996481.7339462981,996481.7339462981,0.0,False,False,337005.7852950636,51165960,0.2563271633796273,single,False,996481.7339462981,0.0,996481.7339462981
0x68b32ba94677657d78cf09fdaf8a367b37c0842f,1,2663600.253396118,0.0,0.0,0.0,2663600.253396118,0.0,-2663600.253396118,2663600.253396118,0.0,False,False,328882.4545604887,51165960,0.2563271633796273,single,False,2663600.253396118,0.0,2663600.253396118
0x1387318d8b8ce0abec2a5545d55b1c9c9f96d54b,3,676358.8378904256,0.0,0.0,0.0,676358.8378904256,0.0,-676358.8378904256,676358.8378904256,0.0,False,False,334283.0583305225,51165960,0.2563271633796273,single,False,676358.8378904256,0.0,676358.8378904256
0xa029a9cd63dafa1584cef7bf2b90249c6e137e7d,1,275473.7933010181,0.0,0.0,0.0,275473.7933010181,6572.66062197489,-268901.13267904316,275473.7933010181,1684.7514530878004,True,False,321213.8543538011,51165960,0.2563271633796273,single,False,275473.7933010181,0.0,275473.7933010181
0x0997e088da6a56273bec6b017ce488f253083e2b,1,64435.29988518794,0.0,0.0,0.0,64435.29988518794,1.1934328524372577,-64434.1064523355,64435.29988518794,0.3059092577492996,True,False,307040.5295624324,51165960,0.2563271633796273,single,False,64435.29988518794,0.0,64435.29988518794
0xcdf905eb668d41d413fad1f98fd659d1f82c3ef8,1,31173.98163706054,0.0,0.0,0.0,31173.98163706054,32360.159033680247,1186.177396619707,31173.98163706054,8294.787771616879,True,False,315524.39870819886,51165960,0.2563271633796273,single,False,31173.98163706054,0.0,31173.98163706054
0x22869fe5efa7dd40e0c1047da46c077d14503a31,2,2367637.3593413495,0.0,0.0,0.0,2367637.3593413495,0.0,-2367637.3593413495,2367637.3593413495,0.0,False,False,316950.50172372255,51165960,0.2563271633796273,single,False,2367637.3593413495,0.0,2367637.3593413495
0x6d6b9fa1c6e14c9635b2deaf40f1a5aa059c13d8,2,379913.37087440497,0.0,0.0,0.0,379913.37087440497,0.0,-379913.37087440497,379913.37087440497,0.0,False,False,328142.41188051616,51165960,0.2563271633796273,single,False,379913.37087440497,0.0,379913.37087440497
0xbbbbdd5ce216bc7378e9463b3244e20174cbeeb2,1,63593.635540249874,0.0,0.0,0.0,63593.635540249874,0.0,-63593.635540249874,63593.635540249874,0.0,False,False,329419.78687818255,51165960,0.2563271633796273,single,False,63593.635540249874,0.0,63593.635540249874
0x0106da22ceb4119094aaf69a9b470ea1ba9a47d6,1,2235059.508250113,0.0,0.0,0.0,2235059.508250113,0.0,-2235059.508250113,2235059.508250113,0.0,False,False,334332.2378767902,51165960,0.2563271633796273,single,False,2866496.255233144,631436.7469830308,2866496.255233144
0x9b2d78215634555c2b6772ff725dcffa58aaf4d8,1,77774.24693924056,0.0,0.0,0.0,77774.24693924056,1200.670433155909,-76573.57650608465,77774.24693924056,307.7644462846426,True,False,340465.3367765993,51165960,0.2563271633796273,single,False,77774.24693924056,0.0,77774.24693924056
0x673b71ceedca2cfb24f0de392876157abff1b7ee,1,26021.41546827506,0.0,0.0,0.0,26021.41546827506,0.0,-26021.41546827506,26021.41546827506,0.0,False,False,339228.9126203736,51165960,0.2563271633796273,single,False,26021.41546827506,0.0,26021.41546827506
0xd76415f49c88fe5d59149cc61c72e1d8d572e25d,2,695781.0820832285,0.0,0.0,0.0,695781.0820832285,0.0,-695781.0820832285,695781.0820832285,0.0,False,False,329382.645911729,51165960,0.2563271633796273,single,False,695781.0820832285,0.0,695781.0820832285
0xefe1dccaf62ce63790af963c6bbf5a6e672e06d2,1,528180.8224943014,0.0,0.0,0.0,528180.8224943014,11.058109002665098,-528169.7643852987,528180.8224943014,2.8344937129958643,True,False,331708.89664942597,51165960,0.2563271633796273,single,False,528180.8224943014,0.0,528180.8224943014
0x70c4001697e6083f0f31aa93fd5ee7a3d0d28050,1,218867.98064041577,0.0,0.0,0.0,218867.98064041577,0.0,-218867.98064041577,218867.98064041577,0.0,False,False,346298.106341861,51165960,0.2563271633796273,single,False,218867.98064041577,0.0,218867.98064041577
0xe6d3a58fe9f0397df764e6de825640f1a7f9f4d9,2,1229255.6563547181,0.0,0.0,0.0,1229255.6563547181,0.0,-1229255.6563547181,1229255.6563547181,0.0,False,False,327672.515370988,51165960,0.2563271633796273,single,False,1229255.6563547181,0.0,1229255.6563547181
0xafeda640f0972acb4183d2396eac53440ff35c0e,2,3043790.758372557,0.0,0.0,0.0,3043790.758372557,0.0,-3043790.758372557,3043790.758372557,0.0,False,False,331999.91436840134,51165960,0.2563271633796273,single,False,3023473.637569768,-20317.120802788995,3023473.637569768
0xf95e023b6326286c4f524108f503181cfced942c,1,43903.318965746155,0.0,0.0,0.0,43903.318965746155,0.0,-43903.318965746155,43903.318965746155,0.0,False,False,336391.5680501247,51165960,0.2563271633796273,single,False,43903.318965746155,0.0,43903.318965746155
0x2874dc337f5821b5fa832bbc305107dc4a57608e,1,514256.13518188207,0.0,0.0,0.0,514256.13518188207,68793.6056585716,-445462.5295233105,514256.13518188207,17633.669797118335,True,False,340690.6906399969,51165960,0.2563271633796273,single,False,514256.13518188207,0.0,514256.13518188207
0xabc1cffe0fdef2ad01c76b38b6505ad8c2a9d17f,1,2876.3495474867095,0.0,0.0,0.0,2876.3495474867095,113.24014827501394,-2763.1093992116957,2876.3495474867095,29.02652598802272,True,False,344909.9969886403,51165960,0.2563271633796273,single,False,0.001996854176536149,-2876.347550632533,0.0019968541764683323
0x9831cf269cc2c1b2c685f3379f9aaaee4018f488,1,116934.73969321084,0.0,0.0,0.0,116934.73969321084,0.0,-116934.73969321084,116934.73969321084,0.0,False,False,353623.87249589176,51165960,0.2563271633796273,single,False,116934.73969321084,0.0,116934.73969321084
0xb4bbfcd2ed076be9e43ff7e6892707f11f3c33b8,1,28085.652967971506,0.0,0.0,0.0,28085.652967971506,0.0,-28085.652967971506,28085.652967971506,0.0,False,False,357874.6386789585,51165960,0.2563271633796273,single,False,28085.652967971506,0.0,28085.652967971506
0x57ab66d2962aa2bb7c0445e222f5f61f2b2e2b48,1,342705.2562293005,0.0,0.0,0.0,342705.2562293005,0.0,-342705.2562293005,342705.2562293005,0.0,False,False,302131.138418425,51165960,0.2563271633796273,single,False,342705.0375290094,-0.2187002911232412,342705.0375290094
0x6459c6f1752a6965ca69ef1e2afd76ea0cc9ed22,1,113266.2794214027,0.0,0.0,0.0,113266.2794214027,0.0,-113266.2794214027,113266.2794214027,0.0,False,False,309363.5259425056,51165960,0.2563271633796273,single,False,113266.2794214027,0.0,113266.2794214027
0xf89117e6eec411ebcfbe4579f224d6ef3461dcdd,1,577602.068815983,0.0,0.0,0.0,577602.068815983,0.0,-577602.068815983,577602.068815983,0.0,False,False,310986.7285883666,51165960,0.2563271633796273,single,False,577602.068815983,0.0,577602.068815983
0xa5f16854f488401b7113c569a8012940dfb04300,1,68110.09776590836,0.0,0.0,0.0,68110.09776590836,0.0,-68110.09776590836,68110.09776590836,0.0,False,False,312539.21897558856,51165960,0.2563271633796273,single,False,68110.09776590836,0.0,68110.09776590836
0x814aa38a1f408e0785ddb53c76912ac632cdb00b,1,50958.31306993262,0.0,0.0,0.0,50958.31306993262,0.0,-50958.31306993262,50958.31306993262,0.0,False,False,290576.4265727889,51165960,0.2563271633796273,single,False,50958.31306993262,0.0,50958.31306993262
0x3174d4c506f42909506bb1cd95047d0cf4ded015,1,12043.72337471928,0.0,0.0,0.0,12043.72337471928,0.0,-12043.72337471928,12043.72337471928,0.0,False,False,299336.25511829584,51165960,0.2563271633796273,single,False,12043.72337471928,0.0,12043.72337471928
0x1a5861a1d957e24eafb5d28111e593bd118f06c5,1,146944.04433042152,0.0,0.0,0.0,146944.04433042152,3.4938680907781046,-146940.55046233075,146944.04433042152,0.8955732969317457,True,False,298076.5206567464,51165960,0.2563271633796273,single,False,146944.04433042152,0.0,146944.04433042152
0x3a845b9ddbf057bb19d857ac2f9d12d3322402d2,1,48654.16905919781,0.0,0.0,0.0,48654.16905919781,0.0,-48654.16905919781,48654.16905919781,0.0,False,False,286319.2521932986,51165960,0.2563271633796273,single,False,48654.16905919781,0.0,48654.16905919781
0x865d14f1902fa23f409497c44a90130187fb0d47,1,123051.28281983014,0.0,0.0,0.0,123051.28281983014,0.0,-123051.28281983014,123051.28281983014,0.0,False,False,284763.0253761752,51165960,0.2563271633796273,single,False,123051.28281983014,0.0,123051.28281983014
0xa7ff5dec7a3244c841f1051a7a8d5c552d34f593,2,20575.10253913387,0.0,0.0,0.0,20575.10253913387,15.459555403060243,-20559.64298373081,20575.10253913387,3.9627039835766227,True,False,288461.52898131154,51165960,0.2563271633796273,single,False,20575.102539133866,-3.637978807091713e-12,20575.10253913387
0x0d26f4a3a90adbfcdf6033bed8e3dcafa2eb883c,2,122497.60197071722,0.0,0.0,0.0,122497.60197071722,0.0,-122497.60197071722,122497.60197071722,0.0,False,False,349216.5330780318,51165960,0.2563271633796273,single,False,122497.60197071721,-1.4551915228366852e-11,122497.60197071722
0x93d411e3dccff07cea11a83583a016dc0962773a,1,199989.87471991387,0.0,0.0,0.0,199989.87471991387,22.514604496373636,-199967.3601154175,199989.87471991387,5.771104705169656,True,False,350422.29634143645,51165960,0.2563271633796273,single,False,199989.87471991387,0.0,199989.87471991387
0x2bc42fe025ee17c0ce250a0eb8012a3b645dadea,1,1143924.9414546809,0.0,0.0,0.0,1143924.9414546809,0.0,-1143924.9414546809,1143924.9414546809,0.0,False,False,354044.57266257703,51165960,0.2563271633796273,single,False,1143924.9414546809,0.0,1143924.9414546809
0x01356de943e8f303b497723846fa46f280a8bba2,1,9155777.524574356,0.0,0.0,0.0,9155777.524574356,0.0,-9155777.524574356,9155777.524574356,0.0,False,False,384647.04363456875,51165960,0.2563271633796273,single,False,9155777.524574356,0.0,9155777.524574356
0xcc60e87f714bd39060c0f545cfa337d5117d0cfc,2,1313642.2652889162,0.0,0.0,0.0,1313642.2652889162,0.038191656865191166,-1313642.2270972594,1313642.2652889162,0.00978955906902252,True,False,388461.9866447601,51165960,0.2563271633796273,single,False,1313642.2652889162,0.0,1313642.2652889162
0xe00a67b21bf51782e01c5aa06b9c9b4781f5aaf2,1,638810.2149541219,0.0,0.0,0.0,638810.2149541219,0.0,-638810.2149541219,638810.2149541219,0.0,False,False,388982.1844975181,51165960,0.2563271633796273,single,False,0.0,-638810.2149541219,0.0
0xfe062a0ff4e36e4ceab7ee63ee7433c92ea16435,1,66544.02830146372,0.0,0.0,0.0,66544.02830146372,4.497041454531178,-66539.5312600092,66544.02830146372,1.15271387964057,True,False,394931.6317324237,51165960,0.2563271633796273,single,False,66544.02830146372,0.0,66544.02830146372
0xecc0c56dc499d4b8df20907a4052b9af6631a390,1,31702.613236268895,0.0,0.0,0.0,31702.613236268895,0.0,-31702.613236268895,31702.613236268895,0.0,False,False,341889.6471187771,51165960,0.2563271633796273,single,False,31702.613236268895,0.0,31702.613236268895
0x931f9c7b013ed3a87b58acead4fc650088f5cb5d,1,597028.6576331069,0.0,0.0,0.0,597028.6576331069,0.0,-597028.6576331069,597028.6576331069,0.0,False,False,331214.2213288022,51165960,0.2563271633796273,single,False,597028.6576331069,0.0,597028.6576331069
0xb6bb4d9fc0baf9647cdf266a5111de8e0e7f6360,1,166606.01111806868,0.0,0.0,0.0,166606.01111806868,0.0,-166606.01111806868,166606.01111806868,0.0,False,False,352447.16760737274,51165960,0.2563271633796273,single,False,166606.01111806868,0.0,166606.01111806868
0x1ceaba80d974bea97ecd6a534f2ff0f250d18e1f,1,501.11258260716556,0.0,0.0,0.0,501.11258260716556,0.0,-501.11258260716556,501.11258260716556,0.0,False,False,353158.1604249944,51165960,0.2563271633796273,single,False,501.11258260716556,0.0,501.11258260716556
0x82a328e6d945de8d2f63570f5e6e63ef26653ac6,1,112394.07519891752,0.0,0.0,0.0,112394.07519891752,0.0,-112394.07519891752,112394.07519891752,0.0,False,False,353640.11993811646,51165960,0.2563271633796273,single,False,112337.87816131806,-56.19703759945696,112337.87816131806
0x5992aeb307be6f730ea4d698ffdaf88e02941120,1,779394.5070848968,0.0,0.0,0.0,779394.5070848968,10.55712847645027,-779383.9499564203,779394.5070848968,2.7060787958027843,True,False,357488.6993316328,51165960,0.2563271633796273,single,False,779394.5070848968,0.0,779394.5070848968
0xae435f91da6d6e501c53bcb2306c9a28d21f4905,1,42017.59423006431,0.0,0.0,0.0,42017.59423006431,0.0,-42017.59423006431,42017.59423006431,0.0,False,False,351706.49951327615,51165960,0.2563271633796273,single,False,42017.59423006431,0.0,42017.59423006431
0xfb8e41ec3ad11497bf169900a7a0534dd3e8733f,1,464461.44939361874,0.0,0.0,0.0,464461.44939361874,0.0,-464461.44939361874,464461.44939361874,0.0,False,False,377215.9736609092,51165960,0.2563271633796273,single,False,464461.44939361874,0.0,464461.44939361874
0x0d66bcf0300d02f4dac6797d011ebab62a3531d1,1,281858.5351983442,0.0,0.0,0.0,281858.5351983442,0.0,-281858.5351983442,281858.5351983442,0.0,False,False,377035.94736901036,51165960,0.2563271633796273,single,False,281858.5351983442,0.0,281858.5351983442
0x2e22bc6b162f0a8c94ecbdc5a2977d00df9ba45e,1,1420802.3838509726,0.0,0.0,0.0,1420802.3838509726,0.0,-1420802.3838509726,1420802.3838509726,0.0,False,False,384181.5182053957,51165960,0.2563271633796273,single,False,1420802.3838509726,0.0,1420802.3838509726
0x426d2a31016b484a25f6fd1c5c6f6094030fbb32,1,304444.2932626947,0.0,0.0,0.0,304444.2932626947,0.0,-304444.2932626947,304444.2932626947,0.0,False,False,392634.57351699023,51165960,0.2563271633796273,single,False,304444.2932626947,0.0,304444.2932626947
0xedd7d8a9d174d3363941975e5e0257c8138df19e,1,472050.68601342064,0.0,0.0,0.0,472050.68601342064,0.0,-472050.68601342064,472050.68601342064,0.0,False,False,371151.4103296736,51165960,0.2563271633796273,single,False,472050.68601342064,0.0,472050.68601342064
0xb0722c144d2483d70e77cd90b545fd4e278f054d,1,1383723.1570372963,0.0,0.0,0.0,1383723.1570372963,0.0,-1383723.1570372963,1383723.1570372963,0.0,False,False,379849.7054196123,51165960,0.2563271633796273,single,False,1383723.1570372963,0.0,1383723.1570372963
0x04da7747bbcbc1452a5f766ec7eb17c4176f8c87,2,1333.146063539313,1333.146063539313,-1.8960526237710006e-06,-0.0033554822083732318,0.0,0.0,0.0,0,0.0,False,False,131420.16666638455,51165960,0.2563271633796273,single,True,0.0,0.0,0.0
0x26a014016eaaa2c77d9f29dc00ba56ff3a3e8d28,4,692.216342603004,508.49027655145125,-2.8239900984140016e-06,-0.004997671695949098,183.72606605155278,0.0,-183.72606605155278,183.72606605155272,0.0,False,False,77385.1516746454,51165960,0.2563271633796273,single,False,183.72606605155275,-2.842170943040401e-14,183.72606605155272
0x9d11f984f0266c23b65d8fab5645e1f30c746040,2,4502.077101791496,4502.077101791496,-1.8762150629563975e-05,-0.0332037528067703,0.0,0.0,0.0,0,0.0,False,False,196544.83234965344,51165960,0.2563271633796273,single,True,0.0,0.0,0.0
0xca5b01787721f944bd0ba2e2cfb87c138ea7cec1,2,5018.609787658509,5018.609787658509,-1.989940667617807e-05,-0.03521637755301224,0.0,0.0,0.0,0,0.0,False,False,352631.5161512746,51165960,0.2563271633796273,single,True,0.0,0.0,0.0
0xc6d79f6cbb201c0475046701e9f915a9a280557f,2,1548.2030290474997,1548.2030290474997,-2.9380339049338996e-05,-0.051994972987594215,0.0,0.0,0.0,0,0.0,False,False,113164.92383351078,51165960,0.2563271633796273,single,True,0.0,0.0,0.0
0x17293a2aa620b17f80126e836cd37c34fcfd5b91,2,10971.924983833624,10971.924983833624,-3.418630505053103e-05,-0.06050018703538439,0.0,0.0,0.0,0,0.0,False,False,227353.47161039987,51165960,0.2563271633796273,single,True,0.0,0.0,0.0
0x7c653fe5ba38a17436e229f9a1206c35999b3438,2,407029.38075289753,407029.38075289753,-3.5812802181210464e-05,-0.06337863150234771,0.0,0.0,0.0,0,0.0,False,False,86088.27084516248,51165960,0.2563271633796273,single,True,0.0,0.0,0.0
0x564952c5f2673f56641837d83e4269bbf0f0486e,2,25562.269651916384,25562.269651916384,-0.00011530546296246217,-0.20405838142259794,0.0,0.0,0.0,0,0.0,False,False,199623.19201002712,51165960,0.2563271633796273,single,True,0.0,0.0,0.0
0xf8aaaefb36685f4f5c817e40f2d743a0c4a1010b,2,20822.11627368461,20822.11627368461,-0.00013406674796409025,-0.23726060231031626,0.0,0.0,0.0,0,0.0,False,False,235161.54823229057,51165960,0.2563271633796273,single,True,0.0,0.0,0.0
0xeb71f9bc3145a07c8718f2f2bf6c9a02dfff47bd,4,203528.17004048533,203528.17004048533,-0.00018032311790010702,-0.3191214243140524,0.0,252.93534956336066,252.93534956336066,0,64.8342006720107,True,False,192336.10485344066,51165960,0.2563271633796273,single,False,0.0,0.0,0.0
0xd7839366b045e4e083e75e806c46940eb0e3d9ff,2,62866.07667797333,62866.07667797333,-0.00020517713012183493,-0.3631060662860841,0.0,0.0,0.0,0,0.0,False,False,278691.28649212717,51165960,0.2563271633796273,single,True,0.0,0.0,0.0
0x3d7d38324a57d5005311d1931b2bfc104f795458,7,719904.4273374917,719904.4273374917,-0.0002445126704825291,-0.43271895792331416,0.0,0.0,0.0,0,0.0,False,False,205753.51282286542,51165960,0.2563271633796273,single,True,0.0,0.0,5.820766091346741e-11
0x0195289560e49b2a2e85b3a730754527b1fdb8d6,2,111618.1439978511,111618.1439978511,-0.0003332556142072246,-0.5897691183743708,0.0,0.0,0.0,0,0.0,False,False,160253.21655492773,51165960,0.2563271633796273,single,True,0.0,0.0,0.0
0xef8238e1125a68b29ba7fbbe062de6c4fe2edd92,2,92364.48675267576,92364.48675267576,-0.00036115019856513766,-0.6391347216015566,0.0,0.0,0.0,0,0.0,False,False,189685.75912743376,51165960,0.2563271633796273,single,True,0.0,0.0,0.0
0x10172d4def73c4b616aa40a61611ffdc8ffa32ec,2,954575.4319357002,954575.4319357002,-0.00037355455423392856,-0.6610869576477163,0.0,0.0,0.0,0,0.0,False,False,55061.843831144986,51165960,0.2563271633796273,single,True,0.0,0.0,0.0
0x79dfaead61a2508906d435c965dfd97442ccffaa,2,118426.28986925576,118426.28986925576,-0.00039390539942093736,-0.6971022549523619,0.0,0.0,0.0,0,0.0,False,False,295884.0947468619,51165960,0.2563271633796273,single,True,0.0,0.0,0.0
0x5bce0e7a520976bdd25f6db6742ee4ecfacd3884,2,17059.85412588328,17059.85412588328,-0.000405083194061122,-0.7168838214414781,0.0,0.0,0.0,0,0.0,False,False,102698.57911337787,51165960,0.2563271633796273,single,True,0.0,0.0,0.0
0xcc680d1706eea4095602eaa29324be8c31f7df40,3,3324898.101274969,336365.2413181177,-0.00042649289934582036,-0.7547730046153288,2988532.859956851,0.0,-2988532.859956851,2988532.8599568517,0.0,False,False,294852.0945311855,51165960,0.2563271633796273,single,False,2988532.8599568517,4.656612873077393e-10,2988532.859956851
0xd1f21be955171af41acb7583fa23434e1bb74720,2,30756.22809497401,30648.4673238946,-0.00043048804389337226,-0.7618432917377018,107.76077107940728,171.49910619568834,63.738335116281064,107.76077107940728,43.95987941328226,True,False,90560.17750379896,51165960,0.2563271633796273,single,False,107.7607710794074,1.2789769243681803e-13,107.76077107940728
0x8750fe4780aa6a2be740cc33b23e916c41ce25e7,3,43973.432149350265,43973.432149350265,-0.0004760505780007738,-0.8424762186138124,0.0,0.0,0.0,3.637978807091713e-12,0.0,False,False,102547.09701166063,51165960,0.2563271633796273,single,True,0.0,0.0,0.0
0xfe2a3fa4f0be53269daf430864be8d0f787179aa,2,86990.8377057514,86990.8377057514,-0.0004888170628649741,-0.8650693219318476,0.0,0.0,0.0,0,0.0,False,False,191568.79986426933,51165960,0.2563271633796273,single,True,0.0,0.0,0.0
0xb2f6bedcb940a38153c4acdaa35ac2a78f1d71ce,2,22608.23752004971,22608.23752004971,-0.0005064541906830302,-0.8962820993929439,0.0,0.0,0.0,0,0.0,False,False,230754.46472783672,51165960,0.2563271633796273,single,True,0.0,0.0,0.0
0x14d514a2c4630306ac8c097c9181037db46a36ba,6,21620.715411068522,21566.663622540847,-0.0005232508813520857,-0.9260075384408695,54.051788527674944,0.0,-54.051788527674944,54.05178852767176,0.0,False,False,206362.16439253624,51165960,0.2563271633796273,single,False,0.0,-54.051788527674944,0.0
0xb8c7ce1977dc50b3a859d6f81089add7e360948e,2,67754.51911919101,67754.51911919101,-0.0005355648552645481,-0.9477998240871724,0.0,0.0,0.0,0,0.0,False,False,101472.59987002592,51165960,0.2563271633796273,single,True,0.0,0.0,0.0
0x338a0474df934d15ad0ec7ed6de45a28092c37b2,2,213232.90470241074,213232.90470241074,-0.0005536994683806334,-0.9798930112191481,0.0,0.0,0.0,0,0.0,False,False,93155.73793051785,51165960,0.2563271633796273,single,True,0.0,0.0,0.0
0x2618affbc6b8fd7589591e228d250b57cac10369,2,59956.38417740495,59956.38417740495,-0.0005856842228641194,-1.0364970702325889,0.0,0.0,0.0,0,0.0,False,False,160029.8364252947,51165960,0.2563271633796273,single,True,0.0,0.0,0.0
0x0aec1826a4dd922bea4816b69a944f6ffe5907d4,6,478767.725766784,478767.725766784,-0.0005966917613419887,-1.055977330989811,0.0,0.0,0.0,0,0.0,False,False,90802.82681765372,51165960,0.2563271633796273,single,True,0.0,0.0,0.0
0x6011e63fdf2a88adf158632e2a7f3e6e15883360,2,535103.5856523636,535103.5856523636,-0.0005974034799581146,-1.0572368736437638,0.0,0.0,0.0,0,0.0,False,False,92926.57937353749,51165960,0.2563271633796273,single,True,0.0,0.0,0.0
0x1fac04878b7e5db592d43d9728f9fa0ec13b5a06,6,1258661.063567105,1258661.063567105,-0.0006384635874848396,-1.1299017662488002,0.0,0.0,0.0,0,0.0,False,False,31733.921319782537,51165960,0.2563271633796273,single,True,0.0,0.0,0.0
0xf3d7839e85d78d75ae9d31f19e1da626bdded789,2,38625.62343987178,38625.62343987178,-0.0006695518536122279,-1.1849192919080578,0.0,0.0,0.0,0,0.0,False,False,90718.1618097153,51165960,0.2563271633796273,single,True,0.0,0.0,0.0
0x332d0ef00e35292949592bc4e65586e3ecc45bd6,2,69658.97738876003,68982.9323025943,-0.0006711393403133458,-1.1877286988384606,676.04508616573,676.0450861657368,6.821210263296962e-12,676.04508616573,173.28871925359906,True,False,92992.52644946914,51165960,0.2563271633796273,single,True,676.0450861657368,6.821210263296962e-12,676.04508616573
0xcf3a931a0923191c5ebafcd6484c7896e832ae55,2,161383.72911912846,161383.72911912846,-0.0007016731595633303,-1.2417650087818186,0.0,0.4936948855501057,0.4936948855501057,0,0.12654740958808836,True,False,260430.66542582025,51165960,0.2563271633796273,single,False,0.0,0.0,0.0
0x52e8b828f5d04ed1da173211c62d3800423fa07d,2,30121.50814604972,30121.50814604972,-0.000803561582105795,-1.422078985722232,0.0,0.0,0.0,0,0.0,False,False,116330.34907247689,51165960,0.2563271633796273,single,True,0.0,0.0,0.0
0x7ada1a2d1e9c3cfd58c26c95bc29bc6d29bcbc82,2,78162.71259696214,59722.890505061,-0.0008060816984732292,-1.426538886005557,18439.822091901144,0.0,-18439.822091901144,18439.822091901144,0.0,False,False,190690.79177408395,51165960,0.2563271633796273,single,False,18439.822091901133,-1.0913936421275139e-11,18439.822091901144
0xd54f88ca660c80c66a0472f5d8bb7e161c69e5a8,2,212836.87190681623,212836.87190681623,-0.0008657507475358594,-1.5321363942234443,0.0,0.0,0.0,0,0.0,False,False,225273.51522100036,51165960,0.2563271633796273,single,True,0.0,0.0,0.0
0x44192aa873e91841ad2023322e73acdc8eaa9ab8,2,577004.6072417,577004.6072417,-0.0009122207406871511,-1.6143752694991012,0.0,0.8682454311454473,0.8682454311454473,0,0.222554888482834,True,False,39473.33493714292,51165960,0.2563271633796273,single,False,0.0,0.0,0.0
0x11096314daa8738da6381264502b5228a98ced55,10,2655327.96587175,2655327.96587175,-0.0009289117143787343,-1.6439136190999386,0.0,0.0,0.0,0,0.0,False,False,141204.67861390844,51165960,0.2563271633796273,single,True,0.0,0.0,0.0
0x69269903b0e5bb4239fa057cbc2f3a5e5cd41ae0,3,1545364.2639531298,562592.7557544339,-0.000982866978032421,-1.739399327127365,982771.5081986958,0.0,-982771.5081986958,982771.5081986958,0.0,False,False,155709.68170930824,51165960,0.2563271633796273,single,False,982771.5081986958,0.0,982771.5081986958
0x702cc2e8e903c0398648c9db5ae6ead1491aabb4,2,75966.11178590753,75966.11178590753,-0.0011026709307026881,-1.9514187756584633,0.0,0.0,0.0,0,0.0,False,False,207568.93615835355,51165960,0.2563271633796273,single,True,0.0,0.0,0.0
0x2337fb6c925c3b194c4f73de81e91e8223607469,2,519060.7903972284,519060.7903972284,-0.001124993614459492,-1.9909236750742425,0.0,2.9166375741124724,2.9166375741124724,0,0.7476134359786876,True,False,84384.27690082874,51165960,0.2563271633796273,single,False,0.0,0.0,0.0
0xaf29d66eb9da14b62a00024c25c37dfd761d16d7,2,179279.8769882945,179279.8769882945,-0.0012098281280936924,-2.141057008709995,0.0,0.0,0.0,0,0.0,False,False,220695.11678974977,51165960,0.2563271633796273,single,True,0.0,0.0,0.0
0x5a13cc630c22b5ffd2172a70acf5c2fef87070e1,3,36271.51066232158,36271.510662321576,-0.0013220229441394968,-2.339610416138455,7.275957614183426e-12,0.0,-7.275957614183426e-12,3.637978807091713e-12,0.0,False,False,177136.42812251762,51165960,0.2563271633796273,single,True,0.0,-7.275957614183426e-12,7.275957614183426e-12
0x6dd44a26b74f254d0067348ac4d5ee76deb5fade,2,151351.97008372506,151351.97008372506,-0.0013290721000353701,-2.3520854481581934,0.0,0.0,0.0,0,0.0,False,False,115758.1746468529,51165960,0.2563271633796273,single,True,0.0,0.0,0.0
0xe55ff5ff366b455868747515b927e447edae14b9,2,332710.2971259973,332710.2971259973,-0.0013827544305928365,-2.4470881410324736,0.0,0.0,0.0,0,0.0,False,False,105318.21790572471,51165960,0.2563271633796273,single,True,0.0,0.0,0.0
0x3fe72fc7bc22dc3359eb6519170df60a9040ac0f,2,108075.35147144506,108075.35147144506,-0.0014274161355882222,-2.526126852631931,0.0,0.0,0.0,0,0.0,False,False,91554.34454691346,51165960,0.2563271633796273,single,True,0.0,0.0,0.0
0x8928cf14cf7e885a3f788b9b781f4d5a4a61fdd8,2,58969.48281354742,58969.48281354742,-0.0014313507911159777,-2.5330900911274967,0.0,0.0,0.0,0,0.0,False,False,209854.0853210283,51165960,0.2563271633796273,single,True,0.0,0.0,0.0
0xdcd803ca3fb554de44cb68323db40916a34e0c33,2,128648.97881871635,128648.97881871635,-0.001527709658034244,-2.703618303008127,0.0,0.0,0.0,0,0.0,False,False,91771.12851624248,51165960,0.2563271633796273,single,True,0.0,0.0,0.0
0xdf2818a45bf84fbe5aa4ec071b7ad83cb0699910,2,1208154.0445584487,1197285.792812112,-0.0015508051960525582,-2.744490938050888,10868.251746336697,0.0,-10868.251746336697,10868.251746336697,0.0,False,False,78317.88129011956,51165960,0.2563271633796273,single,False,0.0,-10868.251746336697,0.0
0x3c2833fb8ae53013b45dd057eb1328d58b3dd56b,2,449299.5481386804,449299.5481386804,-0.0016577697418427328,-2.9337882317155617,0.0,0.0,0.0,0,0.0,False,False,85787.98106762509,51165960,0.2563271633796273,single,True,0.0,0.0,0.0
0x12a00ba248afbfab93d8d46ef23eb3b8f7a6b43f,2,1909445.9642803264,1909445.9642803264,-0.0019816945601217988,-3.5070444541215564,0.0,0.0,0.0,0,0.0,False,False,91755.55691988647,51165960,0.2563271633796273,single,True,0.0,0.0,0.0
0x2f0e1800e777fc748c1d936972ebf776172f9e70,2,200070.33694072132,200070.33694072132,-0.0020367511506061507,-3.6044792022439514,0.0,0.0,0.0,0,0.0,False,False,87570.3417807916,51165960,0.2563271633796273,single,True,0.0,0.0,0.0
0x6e0e1ce4713b9b3985d1b9461a13f143c3274476,2,41034.74040889728,41034.74040889728,-0.002057788889984072,-3.641710109921298,0.0,0.0,0.0,0,0.0,False,False,145166.69017312524,51165960,0.2563271633796273,single,True,0.0,0.0,0.0
0xd5fdaf356f3a8ff6123c742828e206f5ba842bb6,3,72610.32706303555,72610.32706303555,-0.0021542971903789282,-3.81250277721089,0.0,0.0,0.0,0,0.0,False,False,73118.52390599856,51165960,0.2563271633796273,single,True,0.0,0.0,-5.4569682106375694e-12
0x7a65164fc3ad29f4e04de9e5804a6101e8258ef5,2,491209.33576868376,491209.33576868376,-0.002225517616270681,-3.9385429877812292,0.0,0.0,0.0,0,0.0,False,False,156068.75694333372,51165960,0.2563271633796273,single,True,0.0,0.0,0.0
0x7f3edff517840fb8ba77021e89e0340f4f13fb80,2,17830664.510751702,17830664.510751702,-0.002310357841429763,-4.088686429216672,0.0,0.0,0.0,0,0.0,False,False,3684.711478826109,51165960,0.2563271633796273,single,True,0.0,0.0,0.0
0x2013190ad757416c9d25fafafc0542bc028daef8,2,215082.47269612798,211727.7343136713,-0.0023655889780164496,-4.1864300750635195,3354.7383824566787,0.7420023282212814,-3353.9963801284575,3354.7383824566787,0.19019535201404025,True,False,92250.48276041547,51165960,0.2563271633796273,single,False,3354.7383824566705,-8.185452315956354e-12,3354.7383824566787
0x8aacaee2c35a1019462084f85e8c259b807d97d3,2,324662.9855537831,324662.9855537831,-0.002397817572664111,-4.243465662887036,0.0,0.0,0.0,0,0.0,False,False,74304.89055277694,51165960,0.2563271633796273,single,True,0.0,0.0,0.0
0x99a79c825cdaaa55b7e88390287c1c17ed8ac11d,2,87100.79453819891,87100.79453819891,-0.0024331021435329346,-4.3059094728826395,0.0,0.0,0.0,0,0.0,False,False,221418.68476898296,51165960,0.2563271633796273,single,True,0.0,0.0,0.0
0x2cd3e90e68e35c6be258ed7b2b4418c335f379ae,2,908017.1257550493,908017.1257550493,-0.002672889357954113,-4.730265696807161,0.0,0.0,0.0,0,0.0,False,False,85099.81414165221,51165960,0.2563271633796273,single,True,0.0,0.0,0.0
0xe6a4231ebcb2792054b11294c6429f700b139cb7,2,321390.14402915403,321390.14402915403,-0.002691023854965837,-4.762358678466929,0.0,0.0,0.0,0,0.0,False,False,109027.78514892978,51165960,0.2563271633796273,single,True,0.0,0.0,0.0
0xcae5bd19c2dcf24a50c8f941148160f78724a7f1,2,2714996.655095858,2714996.655095858,-0.002941724981463753,-5.206029470636083,0.0,0.0,0.0,0,0.0,False,False,90343.82732847206,51165960,0.2563271633796273,single,True,0.0,0.0,0.0
0x3950c0d8449d633fa77a7b5fdb4ad7b1f76a7d38,4,111166.05954930818,111166.05954930816,-0.003006809134823513,-5.321210197113686,1.4551915228366852e-11,0.0,-1.4551915228366852e-11,0,0.0,False,False,167799.38124532133,51165960,0.2563271633796273,single,True,0.0,-1.4551915228366852e-11,1.4551915228366852e-11
0xa5cbac57ab31e0f7812f99b65104f1d1fdd25a7e,5,111168.14831814206,111168.14831814206,-0.0030736484831316454,-5.4394971271573995,0.0,0.7161078578588156,0.7161078578588156,0,0.18355789587881155,True,False,152468.98710460233,51165960,0.2563271633796273,single,True,0.0,0.0,0.0
0x64579c3524d348dfbdae2486e409d15a62354037,2,410269.7011552514,410269.7011552514,-0.0030916962943343816,-5.471436699209159,0.0,0.0,0.0,0,0.0,False,False,300787.57567906246,51165960,0.2563271633796273,single,True,0.0,0.0,0.0
0x9074d97dd510f4f4ac115e70f3c88da66439c0ae,4,530514.7015550414,530514.7015550414,-0.0032533927136227064,-5.7575940828584224,0.0,0.0,0.0,0,0.0,False,False,89356.76398199482,51165960,0.2563271633796273,single,True,0.0,0.0,0.0
0x1bfa0c5665bccd4df5ff0074cfa0568cbf896ff4,2,229765.50759834348,229765.50759834348,-0.0033867454962759,-5.9935911664941655,0.0,0.0,0.0,0,0.0,False,False,99550.6544464515,51165960,0.2563271633796273,single,True,0.0,0.0,0.0
0x0580d8cef2447af63efa30e43bc736b57bf97020,13,10040905.265782163,10040905.265782163,-0.0035027609328044944,-6.198906002320879,0.0,0.0,0.0,0,0.0,False,False,103730.0632245809,51165960,0.2563271633796273,single,True,0.0,0.0,0.0
0x9f9df8d89da8afab83336b05db2421a8a5683a94,4,1373509.4431541725,1373509.4431541725,-0.0035200324200558956,-6.229471698366255,0.0,0.0,0.0,0,0.0,False,False,119508.00213478827,51165960,0.2563271633796273,single,True,0.0,0.0,0.0
0x9c9ca896ae4ecfb179b326fbbac5ae4b42542fb8,4,1357392.0123556382,1357392.0123556382,-0.0035409921769419105,-6.266564598869709,0.0,0.0,0.0,0,0.0,False,False,120741.52245182643,51165960,0.2563271633796273,single,True,0.0,0.0,0.0
0x6d494a25fe645a698d3847e13d39159bc6873867,4,867618.210671498,867618.210671498,-0.003575037158463708,-6.326814682832876,0.0,0.0,0.0,0,0.0,False,False,123830.20063684093,51165960,0.2563271633796273,single,True,0.0,0.0,0.0
0xde890e288a75c3d084e877dc655b499b1d9d0f26,2,81489.72889531955,81489.72889531955,-0.003730502959368283,-6.601945616650672,0.0,0.6671937077833646,0.6671937077833646,0,0.1710198705408458,True,False,107499.60776408593,51165960,0.2563271633796273,single,False,0.0,0.0,0.0
0x94778a2c77f88979b1dcf182ba23bfdb9ac92d8c,2,295228.289576595,295228.289576595,-0.003794858675866319,-6.715837213861084,0.0,981.901690518397,981.901690518397,0,251.6880750482414,True,False,118689.35603172673,51165960,0.2563271633796273,single,True,0.0,0.0,0.0
0x0c79d6e1353b1e3d921e453e96a15036ecc3d3a3,2,258601.08356268887,258601.08356268887,-0.0040999708318255595,-7.25580029191291,0.0,0.0,0.0,0,0.0,False,False,94238.71798032334,51165960,0.2563271633796273,single,True,0.0,0.0,0.0
0x4cf78443e769dc602e8788c092ad2d013a691461,5,363331.6894736326,363331.6894736326,-0.0041003620237399585,-7.256492592059208,0.0,0.0,0.0,0,0.0,False,False,133867.9512599628,51165960,0.2563271633796273,single,True,0.0,0.0,0.0
0x9ab5ea020936ccef2aaeda98e01588f14e2b009c,2,376295.0448747514,376295.0448747514,-0.004300009308083902,-7.609812379794721,0.0,0.0,0.0,0,0.0,False,False,90786.06198204371,51165960,0.2563271633796273,single,True,0.0,0.0,0.0
0x457f323e4f0d36b12935183c079c66cc8f6b1e45,2,1700496.2629402843,700000.0,-0.0045357414691125355,-8.026992294717003,1000496.2629402843,0.0,-1000496.2629402843,1000496.2629402843,0.0,False,False,311275.74759988027,51165960,0.2563271633796273,single,False,1000496.2629402842,-1.1641532182693481e-10,1000496.2629402843
0xbfb7328c29c745c35e343666934cf94463444bf9,6,4457756.000705656,4457756.000705656,-0.004632774161996296,-8.198712989870728,0.0,4.89009178e-09,4.89009178e-09,0,1.2534633546334325e-09,True,False,34591.34530039638,51165960,0.2563271633796273,single,True,0.0,0.0,0.0
0x8b4ae8bc3cfaacbc01060d5d0091ba7382178fb6,2,764173.9589872637,764173.9589872637,-0.004727754454796168,-8.36680151159234,0.0,9.092832097733439,9.092832097733439,0,2.3307398586992383,True,False,229270.1495522842,51165960,0.2563271633796273,single,True,0.0,0.0,0.0
0x2b5af4d5debb250e2ce7a472b153d56d5d8ad0d3,2,1380006.9755431658,1380006.9755431658,-0.005050469571491301,-8.937916900937353,0.0,0.0,0.0,0,0.0,False,False,105797.94218794438,51165960,0.2563271633796273,single,True,0.0,0.0,0.0
0x5263dbbe282567b71bd39fe248e0eed689f22fea,2,1355180.374271729,1355180.374271729,-0.005094365312734584,-9.01560007118199,0.0,0.0,0.0,0,0.0,False,False,107736.1368193787,51165960,0.2563271633796273,single,True,0.0,0.0,0.0
0x1b975315b4b254c9ce39a1b19e554bcde9b0d3a3,2,1331017.7537048634,1331017.7537048634,-0.00513822374664602,-9.093217217896116,0.0,0.0,0.0,0,0.0,False,False,109691.92395148918,51165960,0.2563271633796273,single,True,0.0,0.0,0.0
0xf2b4da58bc31a49ec30392f68a22bca7509277eb,2,599538.238756909,599538.238756909,-0.005160086276051397,-9.13190777296303,0.0,0.0,0.0,0,0.0,False,False,89370.07624447298,51165960,0.2563271633796273,single,True,0.0,0.0,0.0
0xe7ba0f61a2b6fe84a9fd0d66a95c110edae88729,2,639041.0944163047,639041.0944163047,-0.005297461578266093,-9.375023589830242,0.0,0.0,0.0,0,0.0,False,False,91388.1122783397,51165960,0.2563271633796273,single,True,0.0,0.0,0.0
0xf15d2fa12b53667fc100cee2269c0004178a5c5a,3,342121.8951910076,342121.8951910076,-0.0057460773288031935,-10.16894784617781,0.0,0.0,0.0,0,0.0,False,False,104933.73962680691,51165960,0.2563271633796273,single,True,0.0,0.0,0.0
0x08169f4bfefab680bd514c52d5f308361de41c52,5,449250.565630692,449250.56563069206,-0.005764320456841146,-10.201233074334969,-5.820766091346741e-11,0.0,5.820766091346741e-11,0,0.0,False,False,91882.95137184141,51165960,0.2563271633796273,single,True,0.0,5.820766091346741e-11,-1.4551915228366852e-11
0x76471b80dec424a7bff707a3aecffb72c9cd9daa,6,354695.0568171927,354695.0568171927,-0.006014808610511486,-10.644526964236306,0.0,0.0,0.0,0,0.0,False,False,228548.52287336855,51165960,0.2563271633796273,single,True,0.0,0.0,-2.9103830456733704e-11
0xbf1c2724a07365cb7f2946acebe160eef8948db4,2,334260.05381018267,334260.05381018267,-0.006057106070486063,-10.71938162418862,0.0,0.0,0.0,0,0.0,False,False,227473.48338877413,51165960,0.2563271633796273,single,True,0.0,0.0,0.0
0x6bf0e60c9f535b40e7f90443be4145eed317f5c4,6,377395.240696182,377395.240696182,-0.006363316475047882,-11.261288294733673,0.0,0.0,0.0,0,0.0,False,False,65557.20644190551,51165960,0.2563271633796273,single,True,0.0,0.0,-2.9103830456733704e-11
0xd95661fe4fc59cf89b8b0ddd00366c86f261c956,4,23571854.2659505,23571854.2659505,-0.006380281751445922,-11.291312083314253,0.0,0.0,0.0,0,0.0,False,False,46397.85004487621,51165960,0.2563271633796273,single,True,0.0,0.0,0.0
0x036a37e8ba935536a24cbf67d2e892c38e3c6623,2,454264.6847924711,227132.342,-0.006446430043705692,-11.408376037662991,227132.3427924711,0.0,-227132.3427924711,227132.3427924711,0.0,False,False,94842.07553392161,51165960,0.2563271633796273,single,False,227132.3427924711,0.0,227132.3427924711
0x25858419bd3e19ca0503de50a997884bdf64a8fd,2,197828.60110146084,197828.60110146084,-0.0065372642517980955,-11.569127150445683,0.0,0.0,0.0,0,0.0,False,False,75144.07793280836,51165960,0.2563271633796273,single,True,0.0,0.0,0.0
0xfc95a2fd39fa4fff96691b4bca24c1b846ab9cbc,2,687904.3187512326,687904.3187512326,-0.0066196499187146365,-11.71492671112117,0.0,0.0,0.0,0,0.0,False,False,159062.9259884228,51165960,0.2563271633796273,single,True,0.0,0.0,0.0
0x6d719b3e9c796e704a81ec44aa00898e6776df00,2,390337.87548338104,390337.87548338104,-0.007009693458143348,-12.40519455529153,0.0,0.0,0.0,0,0.0,False,False,102735.23013492097,51165960,0.2563271633796273,single,True,0.0,0.0,0.0
0xe5678f8659d229a303abecdd0d0113cf1f4f83ae,2,118766.97503007854,118766.97503007854,-0.0070778577383487275,-12.525826243783813,0.0,0.0,0.0,0,0.0,False,False,147517.67300345897,51165960,0.2563271633796273,single,True,0.0,0.0,0.0
0x3e1d3bf40c7f37b056bd82d5e4dc1225bc6c4df3,8,7247096.170564603,7247096.170564603,-0.00718477503459162,-12.715039918980693,0.0,0.0,0.0,0,0.0,False,False,38669.934280660644,51165960,0.2563271633796273,single,True,0.0,0.0,0.0
0x601c0ea4077bd8b87b1ab303f29b3ed4dd4b5840,3,1595487.6313159312,898608.6822376372,-0.007293853601547384,-12.908078438136856,696878.949078294,0.0,-696878.949078294,696878.949078294,0.0,False,False,102110.98435603832,51165960,0.2563271633796273,single,False,696878.949078294,0.0,696878.949078294
0xf38f9726ed65dd3bdc2994a92befb58bf3b915f3,2,373792.0022037002,373792.0022037002,-0.007364474463068088,-13.033057587661418,0.0,0.0,0.0,0,0.0,False,False,187486.38475736405,51165960,0.2563271633796273,single,True,0.0,0.0,0.0
0x2c369831b45a2c6b42c42ce94219a5c5f656296f,4,775743.3501079382,589375.5307321496,-0.007476815951171832,-13.231870563561085,186367.81937578856,0.0,-186367.81937578856,186367.8193757887,0.0,False,False,300135.037814834,51165960,0.2563271633796273,single,False,186367.8193757887,1.4551915228366852e-10,186367.8193757886
0x80974831ad202a5cfd49f6ec08970375cfc6f9a4,13,9885657.140601918,9885657.14060192,-0.007537250965651679,-13.33882361608058,-1.862645149230957e-09,0.0,1.862645149230957e-09,0,0.0,False,False,106035.28070130348,51165960,0.2563271633796273,single,True,0.0,1.862645149230957e-09,-4.656612873077393e-10
0x8222fd81114b46ccca719e9bc8ebf683aec8eec1,3,527795.7642777909,527795.7642777908,-0.0077738531475706266,-13.75754322435407,1.1641532182693481e-10,0.0,-1.1641532182693481e-10,5.820766091346741e-11,0.0,False,False,132521.49102428133,51165960,0.2563271633796273,single,True,0.0,-1.1641532182693481e-10,1.1641532182693481e-10
0x6f1b77ef899507025e4b2990f2fa4b447d6394e0,2,724903.2162879842,724903.2162879842,-0.007825870621265827,-13.849599586778032,0.0,0.0,0.0,0,0.0,False,False,72507.17361614021,51165960,0.2563271633796273,single,True,0.0,0.0,0.0
0x6a1a63836539de5131c3f3ccad22a269adb43bee,2,903397.3086430902,903397.3086430902,-0.007905195561525778,-13.989982518340948,0.0,0.0,0.0,0,0.0,False,False,221797.20796609833,51165960,0.2563271633796273,single,True,0.0,0.0,0.0
0xafe5a2156b9e7cb9eee0458e87bcafe29f640cb5,4,5045179.5018619485,5045179.5018619485,-0.008189988611024266,-14.493986467746074,0.0,0.0,0.0,0,0.0,False,False,87375.47848483946,51165960,0.2563271633796273,single,True,0.0,0.0,0.0
0x69e226892c3b493f37f2ca667dc83fbb96d788da,2,70298.51093224832,70298.51093224832,-0.008190224050757398,-14.494403130145505,0.0,0.0,0.0,0,0.0,False,False,249226.15790514532,51165960,0.2563271633796273,single,True,0.0,0.0,0.0
0x5afb26d1764ac31653b20433799b802a4ee3af2f,4,2569605.2865653187,2569605.2865653187,-0.008232140742590294,-14.56858393711035,0.0,0.0,0.0,0,0.0,False,False,81698.90723436435,51165960,0.2563271633796273,single,True,0.0,0.0,0.0
0xb1dcf33b6c81e79f76e2473fabd35cd944bf192a,2,172830.56183725948,172830.56183725948,-0.008472266071193165,-14.993538528457192,0.0,0.0,0.0,0,0.0,False,False,102396.2405480142,51165960,0.2563271633796273,single,True,0.0,0.0,0.0
0xbb08715a48cb4ebfce8a5ef0c0b0a5ab1648d5ea,5,14677701.669322712,14677701.669322712,-0.008915569414921646,-15.77806131234219,0.0,0.0,0.0,0,0.0,False,False,47543.141801090576,51165960,0.2563271633796273,single,True,0.0,0.0,0.0
0x015d92c953b7dc35ae42b14b90438f4e94943f25,2,2212570.752259058,2212570.752259058,-0.00903150062957675,-15.98322709903677,0.0,0.0,0.0,0,0.0,False,False,79184.93801027047,51165960,0.2563271633796273,single,True,0.0,0.0,0.0
0x221702a7100614554c16a3afd6ce2b7478ce7338,16,4342360.690684444,4342360.690684444,-0.009166524498943349,-16.222181538214855,0.0,0.0,0.0,1.1641532182693481e-10,0.0,False,False,79014.81382118502,51165960,0.2563271633796273,single,True,0.0,0.0,0.0
0x28e8b33a05e9a1462d52fc85bd571c3772db0e93,2,1607502.6224891893,1607502.6224891893,-0.009225547051608966,-16.32663492884299,0.0,0.0,0.0,0,0.0,False,False,87192.28219468701,51165960,0.2563271633796273,single,True,0.0,0.0,0.0
0xbc40f33199cbfd6035509ca9feff2d52773a1913,3,441033.39825993916,441033.39825993916,-0.009254284701253404,-16.377492521550828,0.0,0.0,0.0,0,0.0,False,False,147948.2896581182,51165960,0.2563271633796273,single,True,0.0,0.0,0.0
0xb85789f82396f5cd1c35d1eee9b1aa198ea52ea7,2,592501.4553376795,592501.4553376795,-0.009579187592205782,-16.9524796587071,0.0,0.0,0.0,0,0.0,False,False,103494.76224727885,51165960,0.2563271633796273,single,True,0.0,0.0,0.0
0xb8ec3968b4d802373a5969d308ce1a0d75bead28,2,1342277.3896044907,1342277.3896044907,-0.010043102459861258,-17.773479068270845,0.0,0.0,0.0,0,0.0,False,False,195789.20037451643,51165960,0.2563271633796273,single,True,0.0,0.0,0.0
0xebace2087522e0786b5fea1abea1ab7a422c8730,2,644086.3815427248,644086.3815427248,-0.010315184222482609,-18.254987599338406,0.0,0.0,0.0,0,0.0,False,False,90672.24670564842,51165960,0.2563271633796273,single,True,0.0,0.0,0.0
0x671c35c9912715761bbea89aaad961a4b3a3f0fa,2,148701.4444616381,148701.4444616381,-0.010322003098565832,-18.267055100573078,0.0,0.0,0.0,0,0.0,False,False,164950.10515424912,51165960,0.2563271633796273,single,True,0.0,0.0,0.0
0x537eb0e7cd778d9f0df87357498032aee812e950,3,139925.0626613207,139925.0626613207,-0.010420906357423858,-18.442086173702364,0.0,0.0,0.0,7.275957614183426e-12,0.0,False,False,223091.05921869524,51165960,0.2563271633796273,single,True,0.0,0.0,0.0
0xa7a9c04f8a7829599a9f871ff9a8e1af6a269f49,2,634054.8574760088,634054.8574760088,-0.010523035368620674,-18.622825925190956,0.0,0.0,0.0,0,0.0,False,False,92106.79265113916,51165960,0.2563271633796273,single,True,0.0,0.0,0.0
0xd1a47a0d7dfa313c8fa0cf29e587590c15178b60,2,1267258.20531912,1267258.20531912,-0.01073799640540168,-19.003246766558515,0.0,0.0,0.0,0,0.0,False,False,138253.02304264953,51165960,0.2563271633796273,single,True,0.0,0.0,0.0
0x6e2f02d431befe77d46adef447bbd5207890e667,2,638308.143367609,638308.143367609,-0.010942077301379775,-19.364412805379423,0.0,0.0,0.0,0,0.0,False,False,151828.14288957414,51165960,0.2563271633796273,single,True,0.0,0.0,0.0
0xd027be447acbd841fd01ca064e769d6e3e240630,3,2494937.9774747603,2494937.9774747603,-0.011251818339037035,-19.912567707849856,0.0,0.0,0.0,0,0.0,False,False,99874.42311184516,51165960,0.2563271633796273,single,True,0.0,0.0,0.0
0x137a2cd819be68cdb1dc411f76e6c5b3027110f4,3,1904015.9630270964,1904015.9630270966,-0.01164259531642624,-20.604133531831813,-2.3283064365386963e-10,0.0,2.3283064365386963e-10,0,0.0,False,False,89923.20847496793,51165960,0.2563271633796273,single,True,0.0,2.3283064365386963e-10,-2.3283064365386963e-10
0xfc799a73b06d36d9284c9b60c395152a69003ed6,2,383283.6829517224,383283.6829517224,-0.012083134097735333,-21.383763814371704,0.0,3.245594647008112,3.245594647008112,0,0.8319340693476921,True,False,100563.89782256556,51165960,0.2563271633796273,single,False,0.0,0.0,0.0
0xbc48821932bada751e4fc2ca26a87901e5b5caa6,2,466145.92323068954,466145.92323068954,-0.01247631147146869,-22.079577667719974,0.0,0.0,0.0,0,0.0,False,False,112755.85763790904,51165960,0.2563271633796273,single,True,0.0,0.0,0.0
0xc4aff972b86b3013692dc63e155948e45e4d033a,2,475167.95511473005,475167.95511473005,-0.01250253365872468,-22.125983596384078,0.0,0.0,0.0,0,0.0,False,False,110614.95791651278,51165960,0.2563271633796273,single,True,0.0,0.0,0.0
0xbf72e47a54f3632e0ef20491d3d1ad6e43100b94,2,472131.72525363485,472131.72525363485,-0.012528899048111112,-22.172642952719375,0.0,0.0,0.0,0,0.0,False,False,111326.31116889058,51165960,0.2563271633796273,single,True,0.0,0.0,0.0
0x78eec63e46821810ab358c89427a660c0bc2e5eb,2,574211.985869117,574211.985869117,-0.012552245888760152,-22.213960323048354,0.0,0.0,0.0,0,0.0,False,False,152558.8825839189,51165960,0.2563271633796273,single,True,0.0,0.0,0.0
0x04e41931aa1d46a2ecf2578fa89bf438e4ca47a3,2,7463990.050897482,7463990.050897482,-0.012652004234330372,-22.39050466021547,0.0,0.0,0.0,0,0.0,False,False,117365.02639088086,51165960,0.2563271633796273,single,True,0.0,0.0,0.0
0xbb8824b2ed64110dbd98d72c26a8742bd6020662,2,367660.4789973121,367660.4789973121,-0.013021174421931432,-23.043832516640396,0.0,0.0,0.0,0,0.0,False,False,142959.84028970264,51165960,0.2563271633796273,single,True,0.0,0.0,0.0
0x1b09f5fc0aebe55a4c79b93984a26b370cfe7b32,2,759443.6176755294,759443.6176755294,-0.013065927813900419,-23.123033488508792,0.0,0.0,0.0,0,0.0,False,False,287473.6717557124,51165960,0.2563271633796273,single,True,0.0,0.0,0.0
0x1f10324b71c85f9a8cdb80613a3a3ffff543dfb6,2,469124.5040809051,469124.5040809051,-0.0133388939091787,-23.60610704074687,0.0,0.0,0.0,0,0.0,False,False,112039.94440935599,51165960,0.2563271633796273,single,True,0.0,0.0,0.0
0x60289ad360193c9aa557a7f66409ff4cc4126692,2,6600393.501547971,6600393.501547971,-0.013465998609630464,-23.831046768484097,0.0,0.0,0.0,0,0.0,False,False,134061.7023802141,51165960,0.2563271633796273,single,True,0.0,0.0,0.0
0xe4adbf7cca8da113e9d214b62eb9f867dc46a086,2,463195.62016573496,463195.62016573496,-0.01346939218331737,-23.837052443635965,0.0,0.0,0.0,0,0.0,False,False,113474.05085454971,51165960,0.2563271633796273,single,True,0.0,0.0,0.0
0x13c1cf42f6502807d057abbdc226ac09c02794ac,5,1318676.4942080379,1318676.4942080379,-0.013522631963100771,-23.93127194556393,0.0,0.0,0.0,0,0.0,False,False,106185.41802888636,51165960,0.2563271633796273,single,True,0.0,0.0,0.0
0xbe267262a1b23dd01d1e0e03157cbd464d5397db,5,890716.5801794406,890716.5801794406,-0.013664903783117235,-24.18305322780949,0.0,0.0,0.0,0,0.0,False,False,100381.71650593937,51165960,0.2563271633796273,single,True,0.0,0.0,0.0
0xb1c772088e1ff2ab4a29838947ee923c62ce26f3,2,632145.9169751805,632145.9169751805,-0.013872057015660048,-24.54965644202933,0.0,0.0,0.0,0,0.0,False,False,138577.40211256465,51165960,0.2563271633796273,single,True,0.0,0.0,0.0
0x6ff848ddc24e38f96f20c4f8a3cd4fc15a27e5fa,4,1091690.9537861513,1091690.9537861513,-0.013897795160898648,-24.595205751864878,0.0,0.0,0.0,0,0.0,False,False,104505.03704704497,51165960,0.2563271633796273,single,True,0.0,0.0,0.0
0xcf4310d4a3cb53151599e39cf274e652bc895d88,3,1628711.031779116,1628711.0317791158,-0.015282333663641446,-27.045451201024036,2.3283064365386963e-10,0.0,-2.3283064365386963e-10,1.1641532182693481e-10,0.0,False,False,90301.81044747683,51165960,0.2563271633796273,single,True,0.0,-2.3283064365386963e-10,2.3283064365386963e-10
0x813fa14957dba5e746fc50f355f3ceb5806b3b66,7,724716.3566694399,724716.3566694398,-0.015321309699628022,-27.11442787058807,1.1641532182693481e-10,0.0,-1.1641532182693481e-10,5.820766091346741e-11,0.0,False,False,133737.7657249552,51165960,0.2563271633796273,single,True,0.0,-1.1641532182693481e-10,5.820766091346741e-11
0x23b62f4d0bd1ccfe18aaeee3c8d4f9d1a320e4cc,2,1036811.84734511,1036811.84734511,-0.015636484051698346,-27.672198218124194,0.0,0.0,0.0,0,0.0,False,False,84490.87378274031,51165960,0.2563271633796273,single,True,0.0,0.0,0.0
0x43f818f9cf4ea1ca8f488f1453dbfde853180367,3,2370388.1340260627,2370388.1340260627,-0.015640993654797743,-27.680178952823823,0.0,0.0,0.0,0,0.0,False,False,103356.49632526838,51165960,0.2563271633796273,single,True,0.0,0.0,0.0
0xac0fdfedb3513e19f8d69f9f2c8cf715faebb932,2,1481842.5165738093,1481842.5165738093,-0.015879868027825688,-28.102919703097633,0.0,0.0,0.0,0,0.0,False,False,118232.72439642159,51165960,0.2563271633796273,single,True,0.0,0.0,0.0
0x302db72d3cec4d92ea674bc18860ddd5b20c7ff0,10,8483513.670549517,8483513.670549517,-0.01611591362251921,-28.520654307838566,0.0,0.0,0.0,6.984919309616089e-10,0.0,False,False,39260.06286981519,51165960,0.2563271633796273,single,True,0.0,0.0,4.656612873077393e-10
0x3455771dc7c3597d1f8c7d2726c184cca464a646,2,2157646.3447744735,2157646.3447744735,-0.017145011550778223,-30.341869471202056,0.0,63.17117506022461,63.17117506022461,0,16.19248811054523,True,False,81200.64638270639,51165960,0.2563271633796273,single,True,0.0,0.0,0.0
0x8a2886c265e512c5c24d81b06495b98d4338010c,3,1154825.4157998075,1154825.4157998075,-0.017217273798108633,-30.469753413986304,0.0,0.0,0.0,0,0.0,False,False,120876.63530419381,51165960,0.2563271633796273,single,True,0.0,0.0,0.0
0xe61d979c1c34aa1c4b6bc69940783cb5c9dd83fe,7,2831504.2327382537,2831504.232738254,-0.017790391232194405,-31.4840107870536,-4.656612873077393e-10,0.0,4.656612873077393e-10,0,0.0,False,False,102157.18071918115,51165960,0.2563271633796273,single,True,0.0,4.656612873077393e-10,-4.656612873077393e-10
0x60cd44ec59f302eef6c84e9f07d46e47256fb25e,6,984942.7147873333,984942.7147873333,-0.01806587515154389,-31.971540182852568,0.0,2.717e-15,2.717e-15,0,6.964409029024474e-16,True,False,177848.33547392828,51165960,0.2563271633796273,single,True,0.0,0.0,0.0
0x92f6be5f1f9c8e780efc1984764ab6cb33ac1302,4,2289869.5084290532,2289869.5084290532,-0.019234349455982267,-34.039412503656784,0.0,0.0,0.0,0,0.0,False,False,155398.33413342136,51165960,0.2563271633796273,single,True,0.0,0.0,0.0
0x1acb70188771234d7ba50bee86454ccd82a2f010,5,3248246.4439433506,3248246.443943351,-0.019404801348892477,-34.341064623894994,-4.656612873077393e-10,0.0,4.656612873077393e-10,0,0.0,False,False,137052.37045582297,51165960,0.2563271633796273,single,True,0.0,4.656612873077393e-10,0.0
0x286dede44f73de0563481148095da8157e8e089d,5,695131.4273833754,695131.4273833754,-0.019983106864704385,-35.36450344884257,0.0,0.0,0.0,0,0.0,False,False,206936.98571908823,51165960,0.2563271633796273,single,True,0.0,0.0,0.0
0x0ba8a02e196d97ae0a787d918f970b5c351bc6aa,5,12977021.762565704,1026043.9371216834,-0.020283237569094604,-35.8956507525313,11950977.82544402,0.0,-11950977.82544402,11950977.825444022,0.0,False,False,97474.86518954832,51165960,0.2563271633796273,single,False,11950977.825444022,1.862645149230957e-09,11950977.825444022
0xe91ba0227c76187d9e8d858250fb4c6aad96fd2f,4,452352.8993514003,452352.8993514004,-0.020440270999657287,-36.17355595187377,-5.820766091346741e-11,0.0,5.820766091346741e-11,0,0.0,False,False,247332.47147380208,51165960,0.2563271633796273,single,True,0.0,5.820766091346741e-11,-5.820766091346741e-11
0x9df1e2ff74e9ee52c89db8fa467e84066d822e53,4,271571.4836798082,271571.4836798082,-0.02051794830288761,-36.31102302726821,0.0,0.0,0.0,1.4551915228366852e-11,0.0,False,False,223249.8740567789,51165960,0.2563271633796273,single,True,0.0,0.0,0.0
0xafb64f2dbcf2067922ff98781aaeed9155825eae,3,675497.2589449144,675497.2589449144,-0.020783465045243685,-36.78091331081376,0.0,0.0,0.0,0,0.0,False,False,228105.15693628337,51165960,0.2563271633796273,single,True,0.0,0.0,0.0
0x6c9a8ad104aee8f36fd23ac3a3a6fbe713e162b0,10,8159362.17427068,8159362.17427068,-0.02124155272202934,-37.591600224277265,0.0,0.0,0.0,2.3283064365386963e-10,0.0,False,False,40453.726378079555,51165960,0.2563271633796273,single,True,0.0,0.0,0.0
0x1447380dcf76834a8cc590b040619cc8f0089c31,4,434379.90895520546,434379.90895520546,-0.021576330074799865,-38.184062393789,0.0,0.0,0.0,2.9103830456733704e-11,0.0,False,False,267534.555633531,51165960,0.2563271633796273,single,True,0.0,0.0,0.0
0xb25dea276146dcbe81baf0ec3911720c0355ae20,10,7988776.148237303,7988776.148237302,-0.021930701993321026,-38.811201457777585,9.313225746154785e-10,0.0,-9.313225746154785e-10,1.7462298274040222e-10,0.0,False,False,41057.26129718937,51165960,0.2563271633796273,single,True,0.0,-9.313225746154785e-10,0.0
0x67424829a81df5bb5993e0485eaa689926988de8,2,1617841.8055291867,1617841.8055291867,-0.022374977264579737,-39.59744428123038,0.0,0.0,0.0,0,0.0,False,False,306819.1031392901,51165960,0.2563271633796273,single,True,0.0,0.0,0.0
0xa5e8bb8151fc04909c9c893ed9810ab5d9632125,14,17604075.323559362,17604075.323559362,-0.023223514809968347,-41.09911812772171,0.0,0.0,0.0,0,0.0,False,False,103341.56568737015,51165960,0.2563271633796273,single,True,0.0,0.0,0.0
0xdccfa3f1980ea8fcc24b4542cc20b5a2dc153892,7,2838266.4065423575,2838266.4065423575,-0.02349408611095746,-41.5779535646621,0.0,0.0,0.0,0,0.0,False,False,99894.769982341,51165960,0.2563271633796273,single,True,0.0,0.0,0.0
0x6396feb54ea000dacc1f01c8b7347d6a96d99fda,4,1798136.401458563,1798136.401458563,-0.023545569678029538,-41.66906506186853,0.0,0.0,0.0,0,0.0,False,False,91009.79073979959,51165960,0.2563271633796273,single,True,0.0,0.0,0.0
0xfb69ca499be7b3438e9124b1b7eb2ea0dc179e76,2,1136872.53834333,1136872.53834333,-0.024778270696240084,-43.85060068118192,0.0,38.21871876482238,38.21871876482238,0,9.796495768990653,True,False,152583.156209094,51165960,0.2563271633796273,single,False,0.0,0.0,0.0
0x67f2dfe55cb60ca93e46a18083574b719492c7d5,6,1454768.6761150449,1454768.6761150449,-0.025004418169323393,-44.2508183823607,0.0,0.0,0.0,0,0.0,False,False,70033.47923929397,51165960,0.2563271633796273,single,True,0.0,0.0,1.1641532182693481e-10
0x78a4d38433cf814cd263365cf69c5083e8d7d4e2,2,981083.5146614166,981083.5146614166,-0.025667039490948333,-45.423472573349954,0.0,0.0,0.0,0,0.0,False,False,101431.47608186472,51165960,0.2563271633796273,single,True,0.0,0.0,0.0
0x04bf1a0067e63e27f8ec6f7c4e4f6260107a328a,2,5017469.760389704,5017469.760389704,-0.026068486450838996,-46.133921278533855,0.0,0.0,0.0,0,0.0,False,False,99346.85958853818,51165960,0.2563271633796273,single,True,0.0,0.0,0.0
0x1e0276b85e4262f6c606bd0ecf9adaec11a94cdf,3,423543.24500121945,423543.2450012194,-0.026254066417391423,-46.46234585293131,5.820766091346741e-11,0.0,-5.820766091346741e-11,2.9103830456733704e-11,0.0,False,False,222209.70670538908,51165960,0.2563271633796273,single,True,0.0,-5.820766091346741e-11,5.820766091346741e-11
0xa3435869a38a16c31cf1b19960ee5e2555b56c7f,3,423720.1632883515,423720.16328835156,-0.02636859875773434,-46.66503602380835,-5.820766091346741e-11,0.0,5.820766091346741e-11,0,0.0,False,False,223049.34342006757,51165960,0.2563271633796273,single,True,0.0,5.820766091346741e-11,-5.820766091346741e-11
0x249a22a75e16e45275ffba20dbc0b2149f159485,4,2550590.7250341503,2550590.7250341503,-0.02637056955007224,-46.668523774381995,0.0,1.8002391243705866,1.8002391243705866,0,0.46145018815493655,True,False,104270.39596083076,51165960,0.2563271633796273,single,False,0.0,0.0,0.0
0xb25d8d05026141e156a43836c97dd3eba83159c5,5,3862529.78566646,3862529.78566646,-0.027032457590674297,-47.83988026329528,0.0,0.0,0.0,0,0.0,False,False,128171.96463434794,51165960,0.2563271633796273,single,True,0.0,0.0,0.0
0xefe5856e875a5507f7b65a0b5b3d2b46881ec0e3,14,3645892.6533023813,3645892.6533023813,-0.027654667302774254,-48.94101722154913,0.0,0.0,0.0,5.820766091346741e-11,0.0,False,False,102247.89249078967,51165960,0.2563271633796273,single,True,0.0,0.0,1.7462298274040222e-10
0xb3a384e518713664308c512d4417169d96416dc1,4,2990610.8000773555,2990610.8000773555,-0.027787392881402563,-49.17590432969151,0.0,0.0,0.0,0,0.0,False,False,97307.81847021049,51165960,0.2563271633796273,single,True,0.0,0.0,0.0
0x7c4c608fe279c4c5447085e606e5a34cea2f8089,7,2847663.615963218,2847663.6159632173,-0.028770652231492715,-50.9159980454884,4.656612873077393e-10,0.0,-4.656612873077393e-10,0,0.0,False,False,101022.80870063936,51165960,0.2563271633796273,single,True,0.0,-4.656612873077393e-10,4.656612873077393e-10
0xcd2d8ea5928e3420136b46565445c2cac0ab7bf7,2,1588665.8244849213,1588665.8244849213,-0.03043020726385603,-53.85294574150548,0.0,0.0,0.0,0,0.0,False,False,100723.71712622192,51165960,0.2563271633796273,single,True,0.0,0.0,0.0
0xe4976dfd198c56823bb938642158225b3dfe66e4,6,3830571.3647168986,3830571.3647168986,-0.03070985950015511,-54.34785189108642,0.0,0.0,0.0,0,0.0,False,False,108054.72362312344,51165960,0.2563271633796273,single,True,0.0,0.0,0.0
0x5673e7524637808f7e3998f40f2498643c47403f,2,1213658.3073245336,1213658.3073245336,-0.031179890489731972,-55.17967512380473,0.0,0.0,0.0,0,0.0,False,False,144358.81730764746,51165960,0.2563271633796273,single,True,0.0,0.0,0.0
0x6b8eef6dfe0557e25b2353c77ba234fb1a83dbd5,2,1594891.0579329245,1594891.0579329245,-0.032326609929373265,-57.20904742575029,0.0,0.0,0.0,0,0.0,False,False,109852.19146444008,51165960,0.2563271633796273,single,True,0.0,0.0,0.0
0xc488c56fbdd0bf2677acae3a97ccd755c5cd98ea,5,3915969.938235591,3915969.938235591,-0.034232439052154576,-60.58183129974081,0.0,0.0,0.0,0,0.0,False,False,130383.92929061165,51165960,0.2563271633796273,single,True,0.0,0.0,0.0
0x690ebd7a01d01fd8fe55d80775343c8523aa76a2,7,2837604.221179245,2837604.221179245,-0.034812031370954934,-61.607547405645306,0.0,0.0,0.0,2.9103830456733704e-10,0.0,False,False,103297.88603796635,51165960,0.2563271633796273,single,True,0.0,0.0,0.0
0xae6ba1d629881faf0d64391761ae88389c21601c,2,1383544.5160400758,1383544.5160400758,-0.03591788780052568,-63.56460362229173,0.0,0.0,0.0,0,0.0,False,False,126632.91699672068,51165960,0.2563271633796273,single,True,0.0,0.0,0.0
0x984297569252f49546c097c84758f6bccb767628,5,3392020.310611097,3392020.310611097,-0.03597793339599441,-63.67086751220727,0.0,0.0,0.0,2.3283064365386963e-10,0.0,False,False,132590.48653271722,51165960,0.2563271633796273,single,True,0.0,0.0,0.0
0xa667a51bdcb32dabc8a9396a4523b5fef314ebe7,4,1357261.4996974664,1357261.4996974664,-0.03650758322293274,-64.60819939249278,0.0,1.128569249864062,1.128569249864062,0,0.28928295449512886,True,False,161485.06498982816,51165960,0.2563271633796273,single,True,0.0,0.0,0.0
0xcebc8ab3aa89f94c4288e9cfe5314de67e1da231,4,5329834.605601649,5329834.605601649,-0.03738417719594833,-66.15952525947793,0.0,0.0,0.0,0,0.0,False,False,89816.96770757285,51165960,0.2563271633796273,single,True,0.0,0.0,0.0
0x05c313303bfbd51a62729ad99e8a46c5084905cb,2,672114.1024560748,672114.1024560748,-0.03857753989764906,-68.27144307414753,0.0,0.0,0.0,0,0.0,False,False,130863.32008918446,51165960,0.2563271633796273,single,True,0.0,0.0,0.0
0xf13176ece4ed8d9aa4c335cd4f247458d4863fe4,2,3615791.090692149,3615791.090692149,-0.03909116647597473,-69.18041829124444,0.0,15.493323651157924,15.493323651157924,0,3.971359702823801,True,False,97888.3975321085,51165960,0.2563271633796273,single,False,0.0,0.0,0.0
0x1cc0e6761551fa3bdae617ea91c71293abf69614,2,810172.7856810532,810172.7856810532,-0.04129151097289038,-73.07441190678459,0.0,1945.8624536206144,1945.8624536206144,0,498.77740306349364,True,False,247421.84579380017,51165960,0.2563271633796273,single,False,0.0,0.0,0.0
0xe5070c2aa0b1474542f80a5fb0b83cf7ef4f8919,6,9791508.940133933,9791508.940133933,-0.04320018813383874,-76.45223601081855,0.0,0.0,0.0,4.656612873077393e-10,0.0,False,False,173411.33366421584,51165960,0.2563271633796273,single,True,0.0,0.0,0.0
0x112383459eecec4b71a78a4957a1c4e5506e84d8,2,2161580.659106112,2154819.839129261,-0.044303835931161765,-78.40538356685126,6760.819976850878,0.0,-6760.819976850878,6760.819976850878,0.0,False,False,291572.57745104865,51165960,0.2563271633796273,single,False,0.0,-6760.819976850878,0.0
0x396803bdf2626cd950619face8733f21df622b06,4,1445782.2585089346,1445782.2585089344,-0.04480606100115603,-79.29418130687024,2.3283064365386963e-10,0.0,-2.3283064365386963e-10,0,0.0,False,False,70794.50323299968,51165960,0.2563271633796273,single,True,0.0,-2.3283064365386963e-10,2.3283064365386963e-10
0x2f25b929f03fe2869e752f1910e5445f8b5778da,3,12199584.186261,12199584.186261,-0.05049820926860349,-89.36768981575081,0.0,0.0,0.0,0,0.0,False,False,127767.23805298326,51165960,0.2563271633796273,single,True,0.0,0.0,0.0
0xb35522495e33e3c962788e4e2098a5b4798d2d60,2,3660935.508029838,3660935.508029838,-0.05315567776822995,-94.07066491149153,0.0,0.0,0.0,0,0.0,False,False,143571.72707086898,51165960,0.2563271633796273,single,True,0.0,0.0,0.0
0x59dc852f04acb0f6a5c226b3592a77ee3216e8a3,2,749751.4252052556,749751.4252052556,-0.053574435801891765,-94.8117493697757,0.0,0.0,0.0,0,0.0,False,False,233680.48658661338,51165960,0.2563271633796273,single,True,0.0,0.0,0.0
0xf9c1b398cc1cc245509f0e36d513c9d984ba5527,2,2393475.1749023497,2393475.1749023497,-0.053657436596610035,-94.95863753441117,0.0,0.0,0.0,0,0.0,False,False,73199.9561550159,51165960,0.2563271633796273,single,True,0.0,0.0,0.0
0xc908909fbd1e4a8a75fcc1d3c12aae9392559ac9,2,4034653.666879073,4034653.666879073,-0.05642841327226464,-99.86249031697993,0.0,0.6616044709297066,0.6616044709297066,0,0.16958719731269079,True,False,121588.22504093313,51165960,0.2563271633796273,single,False,0.0,0.0,0.0
0x6d08df670b62fd2d0fea3f4c6c0c4de75bd6f15e,8,13318898.149061933,13318898.149061931,-0.05868018138065734,-103.84748932511215,1.862645149230957e-09,2.607334628313048,2.607334626450403,0,0.6683306892569585,True,False,94753.85303633429,51165960,0.2563271633796273,single,True,0.0,-1.862645149230957e-09,0.0
0x92d7bb3ad4744cbfe1d701ee15c4c8104682dc68,2,788747.2107520817,788747.2107520817,-0.06337022146924379,-112.1475469693507,0.0,0.0,0.0,0,0.0,False,False,222127.28675631466,51165960,0.2563271633796273,single,True,0.0,0.0,0.0
0xc5674ff226c10165e3d6a42b962c0c2aacb2286a,2,1906987.3992606013,1906987.3992606013,-0.07442733300647209,-131.7155381601105,0.0,0.0,0.0,0,0.0,False,False,139202.80588218532,51165960,0.2563271633796273,single,True,0.0,0.0,0.0
0x6d3a4313d2b8c93fef5a6d4c6667a05cd754735d,8,21789296.479967702,21789296.479967702,-0.07503953924838853,-132.79897177732735,0.0,0.0,0.0,0,0.0,False,False,10959.576876819521,51165960,0.2563271633796273,single,True,0.0,0.0,0.0
0x11c67180fe02999f445ac2c7a06443c0024c7a67,2,4644467.978697033,4644467.978697033,-0.07728121310512864,-136.76610678664304,0.0,0.0,0.0,0,0.0,False,False,107272.74144741701,51165960,0.2563271633796273,single,True,0.0,0.0,0.0
0xb6fc1941de5d6da2f705dc2314b9540f8a0ba777,4,2400386.9304392757,2400386.9304392757,-0.08548546209119427,-151.2853301249992,0.0,0.0,0.0,0,0.0,False,False,199750.01278949212,51165960,0.2563271633796273,single,True,0.0,0.0,0.0
0x4e0e372160ad718658ddeceda18fa5a26ecbce70,2,7735474.146251169,7735474.146251169,-0.0923267574172312,-163.39250714157785,0.0,0.0,0.0,0,0.0,False,False,226491.97004411035,51165960,0.2563271633796273,single,True,0.0,0.0,0.0
0x1f7f3d0c0ec00711f4d9d08322e699721bea7a44,4,2816542.76500437,2816542.76500437,-0.0930841437275804,-164.73286882636467,0.0,45.86962239990097,45.86962239990097,0,11.757630195061228,True,False,102487.09121129823,51165960,0.2563271633796273,single,False,0.0,0.0,0.0
0xda554f54b1b8e58ad6de424f6373253531d495b3,7,16764595.275152395,16764595.275152393,-0.09705832561818217,-171.76605791593286,1.862645149230957e-09,0.0,-1.862645149230957e-09,2.3283064365386963e-10,0.0,False,False,30367.437443872946,51165960,0.2563271633796273,single,True,0.0,-1.862645149230957e-09,1.862645149230957e-09
0x2e926ee1c05738bac8b824d9df5a3602f29dd48e,2,3042025.511034667,3042025.511034667,-0.09955413756339328,-176.18294617768646,0.0,0.0,0.0,0,0.0,False,False,115187.90833636397,51165960,0.2563271633796273,single,True,0.0,0.0,0.0
0x59de24b9256baf1f19ec900e6f800ed36e8337e6,5,8544066.078906719,8544066.078906719,-0.10293197223124005,-182.16076767308556,0.0,76.69440832294609,76.69440832294609,0,19.65886013249965,True,False,95697.47817710742,51165960,0.2563271633796273,single,False,0.0,0.0,0.0
0xf00c8def2fcf898288656ffff668a72dfa38423e,7,16232081.639184492,16232081.639184494,-0.10719046636403687,-189.69710981776822,-1.862645149230957e-09,0.0,1.862645149230957e-09,0,0.0,False,False,34643.46524794312,51165960,0.2563271633796273,single,True,0.0,1.862645149230957e-09,-1.862645149230957e-09
0xb772928634c7b74ee58e2d52dbbd3990a0462a1c,2,7644379.765904235,7644379.765904235,-0.11056234309472251,-195.66438743274327,0.0,0.0,0.0,0,0.0,False,False,114595.4827116355,51165960,0.2563271633796273,single,True,0.0,0.0,0.0
0x9cfbc4bd8e1e76dafc27e9b9c32bc8a0d98cf1db,5,17243063.279820092,17243063.279820092,-0.1179905531548267,-208.81023917981432,0.0,4.119548320501396,4.119548320501396,0,1.0559521353994306,True,False,54942.991815154295,51165960,0.2563271633796273,single,True,0.0,0.0,0.0
0xcd8bded162b7f8bdce0da82f133bd75bbef76835,2,4221892.126559119,4220300.734926932,-0.12366333930353257,-218.84948216033382,1591.3916321871802,0.0,-1591.3916321871802,1591.3916321871802,0.0,False,False,238072.2456760046,51165960,0.2563271633796273,single,False,0.0,-1591.3916321871802,0.0
0x72d181134f0dce53aeda9183d869631fc7c02e30,6,1886890.55356785,1886890.5535678498,-0.12577200956826712,-222.58123805567917,2.3283064365386963e-10,0.0,-2.3283064365386963e-10,1.4551915228366852e-11,0.0,False,False,147623.79150056595,51165960,0.2563271633796273,single,True,0.0,-2.3283064365386963e-10,2.3283064365386963e-10
0x2c958e3e41bb2348d1a2bb9b78db4fe27f909b55,7,16445746.148095306,16445746.148095306,-0.12656489600998502,-223.98442503218482,0.0,0.0,0.0,1.280568540096283e-09,0.0,False,False,32470.266344555694,51165960,0.2563271633796273,single,True,0.0,0.0,0.0
0xbe3f4dc6d0b0181704ead8da7f5862b2bbd0335d,10,10543937.199918797,10543937.1999188,-0.1299492589530718,-229.9737997467006,-1.862645149230957e-09,0.0,1.862645149230957e-09,0,0.0,False,False,61648.09378399807,51165960,0.2563271633796273,single,True,0.0,1.862645149230957e-09,0.0
0xc9ac76df4440476aadfda2862167227cd695daf7,7,15382596.29224723,15382596.29224723,-0.14371454937659656,-254.33450921760308,0.0,0.0,0.0,0,0.0,False,False,36887.03415403519,51165960,0.2563271633796273,single,True,0.0,0.0,0.0
0x80566ef09eabda44274b8dfac55ea98240a7e208,3,6305472.020937684,6305472.020937684,-0.14484583464016104,-256.3365673497955,0.0,0.0,0.0,0,0.0,False,False,65243.80010530715,51165960,0.2563271633796273,single,True,0.0,0.0,0.0
0x5ffba501abbaf25a071322517d37d7ac3d274f54,4,4408852.214256126,4408852.214256126,-0.14542277591717748,-257.3575918540914,0.0,0.0,0.0,0,0.0,False,False,149662.0506616254,51165960,0.2563271633796273,single,True,0.0,0.0,0.0
0x54c6a9ab6c0455b22ca7f59aadcba914efa6a5d1,7,15118898.359460505,15118898.359460507,-0.15289291167701569,-270.5776403495899,-1.862645149230957e-09,0.0,1.862645149230957e-09,0,0.0,False,False,39200.97306283192,51165960,0.2563271633796273,single,True,0.0,1.862645149230957e-09,-1.862645149230957e-09
0xc8dfbca2fca270f11e363f9cb7439aa0fbc6a08d,8,4586532.794324965,4586532.794324965,-0.15708270529158952,-277.99240181464734,0.0,0.0,0.0,1.1641532182693481e-10,0.0,False,False,132576.9113049665,51165960,0.2563271633796273,single,True,0.0,0.0,0.0
0x367beed636b3f5dc25d853882edfb98c58d5d2a5,4,8184548.352376496,8184548.352376496,-0.17118700117788782,-302.95305602580476,0.0,0.0,0.0,0,0.0,False,False,92599.26043220371,51165960,0.2563271633796273,single,True,0.0,0.0,0.0
0x46c9a61ca26c221462ca495b38cf1551e16cae2f,4,4523014.339485516,4523014.339485516,-0.18124300102385243,-320.74935985593174,0.0,0.0,0.0,3.4924596548080444e-10,0.0,False,False,77726.09578913845,51165960,0.2563271633796273,single,True,0.0,0.0,0.0
0x0da0b09f4fdb937468a9444458ce57be8f7c2ec5,4,4483422.020863794,4483422.020863794,-0.1854293780922665,-328.15807499099316,0.0,0.0,0.0,1.1641532182693481e-10,0.0,False,False,73531.78940631737,51165960,0.2563271633796273,single,True,0.0,0.0,0.0
0x65dca6062955f3d94f9e89c0a493eb60d5b3b724,4,4253049.200029015,4253049.200029014,-0.18694865885102369,-330.8467765025548,9.313225746154785e-10,0.0,-9.313225746154785e-10,5.820766091346741e-10,0.0,False,False,74916.9664313868,51165960,0.2563271633796273,single,True,0.0,-9.313225746154785e-10,9.313225746154785e-10
0xda2c7c0163c6df02597169153404eddc24347ee6,4,4350354.365505434,4350354.365505434,-0.18892857662230308,-334.3506765379646,0.0,0.0,0.0,0,0.0,False,False,76315.06855899382,51165960,0.2563271633796273,single,True,0.0,0.0,0.0
0x768fb80c54884b2bc6197735b5fcc777c4da99ea,4,4343535.037574559,4343535.037574559,-0.19058261677028637,-337.2778644329158,0.0,0.0,0.0,0,0.0,False,False,82036.72809479783,51165960,0.2563271633796273,single,True,0.0,0.0,0.0
0xa9c931bb65b2ce456df09cfcdd960acc9493b85b,7,14054662.07883655,14054662.07883655,-0.19448627074842437,-344.18623886676244,0.0,0.0,0.0,2.3283064365386963e-10,0.0,False,False,44203.4353941206,51165960,0.2563271633796273,single,True,0.0,0.0,-1.862645149230957e-09
0x091adfb526415e4bbac8791109257077a562ee70,4,4723716.202506181,4723716.202506181,-0.19474896727880425,-344.6511381648304,0.0,0.0,0.0,0,0.0,False,False,251314.80225781072,51165960,0.2563271633796273,single,True,0.0,0.0,0.0
0x302cfcc4115d7f198e5674943e1bfcacef90ef58,4,4229438.064961779,4229438.064961779,-0.1948480410167427,-344.82647093819423,0.0,0.0,0.0,0,0.0,False,False,79150.04812182066,51165960,0.2563271633796273,single,True,0.0,0.0,0.0
0x2bbb68033e4b8d8263defacae6d3164ac390bbae,4,4108268.203595061,4108268.203595061,-0.1950461991589689,-345.1771553613733,0.0,0.0,0.0,0,0.0,False,False,80586.92555704043,51165960,0.2563271633796273,single,True,0.0,0.0,0.0
0xa00de99b5a7c34a98dee96aa4d8097786c09e6da,5,3242897.4153410476,3242897.4153410476,-0.19787028762182168,-350.1750011348349,0.0,0.0,0.0,0,0.0,False,False,94933.41442077907,51165960,0.2563271633796273,single,True,0.0,0.0,0.0
0xf997a5b7d1a71708c07bf3580b77671f99b90d88,13,3374504.426041537,3374504.426041537,-0.20423313931829515,-361.43546690163987,0.0,0.0,0.0,0,0.0,False,False,146259.514690444,51165960,0.2563271633796273,single,True,0.0,0.0,0.0
0x32822232817e8e5a95c49c2bc66b9e16a60b01a0,3,6648564.697889568,6648564.697889568,-0.2190341458515217,-387.6291038638258,0.0,0.0,0.0,0,0.0,False,False,136036.09093170226,51165960,0.2563271633796273,single,True,0.0,0.0,0.0
0xfe461607bd9eca6744533658c50f75d6db8477bd,4,3359206.532952466,3359206.532952466,-0.22747469783394275,-402.56651733578644,0.0,0.0,0.0,0,0.0,False,False,236963.8467990102,51165960,0.2563271633796273,single,True,0.0,0.0,0.0
0x4d8b8a9e22913f0473307c7ba2145518aadbb210,2,3717556.413269316,3717556.413269316,-0.2344724271197993,-414.950538656357,0.0,0.0,0.0,0,0.0,False,False,235641.72050706492,51165960,0.2563271633796273,single,True,0.0,0.0,0.0
0xa5b1a8d25ee37dbb704c1fb37564eb0b99676ac0,13,27316696.438731436,27316696.43873144,-0.23858763682947215,-422.2333074948446,-3.725290298461914e-09,0.0,3.725290298461914e-09,1.3969838619232178e-09,0.0,False,False,11467.370696539485,51165960,0.2563271633796273,single,True,0.0,3.725290298461914e-09,1.862645149230957e-09
0xe14df62d81fed928be2ab5d4a9833f0821576f03,9,9754452.16864808,9754452.168648083,-0.25099339114120084,-444.188018747354,-1.862645149230957e-09,0.0,1.862645149230957e-09,4.656612873077393e-10,0.0,False,False,112643.52147434253,51165960,0.2563271633796273,single,True,0.0,1.862645149230957e-09,0.0
0x21faf075bbd36f3eaeb651e118ac26363e3704b6,9,9460503.783695037,9460503.783695037,-0.25830320413263586,-457.124340836618,0.0,0.0,0.0,0,0.0,False,False,120747.85057159857,51165960,0.2563271633796273,single,True,0.0,0.0,-9.313225746154785e-10
0xa6c10d06e8c8a74f34ab11becb9e9c6b90b70dd2,2,3566579.1091634897,3566579.1091634897,-0.25864344062250216,-457.7264641501129,0.0,0.0,0.0,0,0.0,False,False,196493.3596014509,51165960,0.2563271633796273,single,True,0.0,0.0,0.0
0x9719cadd39ca85677def712e37a2d217c8e08f4e,9,9187527.64521772,9187527.645217722,-0.261819898237084,-463.347904651159,-1.862645149230957e-09,0.0,1.862645149230957e-09,3.4924596548080444e-10,0.0,False,False,116660.5010216182,51165960,0.2563271633796273,single,True,0.0,1.862645149230957e-09,-9.313225746154785e-10
0x8c9f9d28788c2b78a3ae85c2db32c4f13a61e75a,9,9142573.496877821,9142573.496877821,-0.26222544082099547,-464.06560146399653,0.0,0.0,0.0,0,0.0,False,False,133432.1192377676,51165960,0.2563271633796273,single,True,0.0,0.0,0.0
0x86ccdde8c5a250196036c8ffb96b72a18f875ab9,9,9408497.409589754,9408497.409589756,-0.2636673659384883,-466.61740515177115,-1.862645149230957e-09,0.0,1.862645149230957e-09,1.1641532182693481e-10,0.0,False,False,124905.5701242836,51165960,0.2563271633796273,single,True,0.0,1.862645149230957e-09,0.0
0xd690ecf49992b9983f2437f2ef395d577c5adff9,9,4526695.26451085,4526695.26451085,-0.26779024739606594,-473.91375083579504,0.0,0.0,0.0,2.3283064365386963e-10,0.0,False,False,148994.40161093132,51165960,0.2563271633796273,single,True,0.0,0.0,0.0
0x452cdd15dd672bb5fa38765b7bd1e8e8bb5e9588,2,4067614.9323480367,4067614.9323480367,-0.2759502201470229,-488.3546176363114,0.0,7.266765034394758,7.266765034394758,0,1.862669268212668,True,False,215362.41848713445,51165960,0.2563271633796273,single,False,0.0,0.0,0.0
0xd96304e38e6c71b7fb82d1ce47f6e4a804149f6a,9,9414238.522043303,9414238.522043303,-0.27975203987003444,-495.08277395437585,0.0,0.0,0.0,0,0.0,False,False,129133.65967967325,51165960,0.2563271633796273,single,True,0.0,0.0,0.0
0x4a2fbd380818303b5fa90a85f5f2e0ca8cbb32bd,2,3495023.858099914,3495023.858099914,-0.283347859955814,-501.44636859888914,0.0,0.0,0.0,0,0.0,False,False,225580.79211596353,51165960,0.2563271633796273,single,True,0.0,0.0,0.0
0x13e4b3b5358840c1f7a5caa5782f532ede189f26,17,5870561.200314286,5870561.200314287,-0.31604302129379747,-559.307648815522,-9.313225746154785e-10,0.0,9.313225746154785e-10,0,0.0,False,False,150371.3450215401,51165960,0.2563271633796273,single,True,0.0,9.313225746154785e-10,-9.313225746154785e-10
0xb5b6c5fefc96495d358ba96f02530f2c67c3faa3,17,5934371.447581014,5934371.447581014,-0.3181746565587538,-563.0800463305637,0.0,0.0,0.0,0,0.0,False,False,144901.57118056543,51165960,0.2563271633796273,single,True,0.0,0.0,0.0
0x964bf6bfe2aa45d145ca4476b64294d6b390369f,5,10334283.225529812,10334283.225529812,-0.3228059655154113,-571.2761663172738,0.0,0.0,0.0,0,0.0,False,False,230922.25991712598,51165960,0.2563271633796273,single,True,0.0,0.0,0.0
0x92a9e19a64c0a656fe2194cda57242fd4f5434cd,4,4942514.542228838,4942514.542228838,-0.3378467187557437,-597.894087816779,0.0,49.02052655393514,49.02052655393514,0,12.565292518945892,True,False,194293.3939552757,51165960,0.2563271633796273,single,True,0.0,0.0,0.0
0x6289445276909e73d1498b5eed8963785492c6bc,5,16733681.6295419,16733681.629541898,-0.37658850406447186,-666.4561992762727,1.862645149230957e-09,0.0,-1.862645149230957e-09,9.313225746154785e-10,0.0,False,False,117840.18318748305,51165960,0.2563271633796273,single,True,0.0,-1.862645149230957e-09,1.862645149230957e-09
0x904a5d05d72a0575c6a60f7de7566abc2ac331e2,4,12586666.122405363,12586666.122405363,-0.40094555493695394,-709.5613588200547,0.0,1066.5905883549428,1066.5905883549428,0,273.39614000043025,True,False,118506.7534649245,51165960,0.2563271633796273,single,True,0.0,0.0,0.0
0x002a26d37406d8f0b7bb83a6a125ca1f26cd5f5d,6,19175942.983749248,19175942.983749248,-0.44299665153515994,-783.980024583261,0.0,0.0,0.0,0,0.0,False,False,163396.9313281201,51165960,0.2563271633796273,single,True,0.0,0.0,0.0
0xecb7208b4eba833001e0766f036fe5e8e7657039,5,8569149.781432742,8569149.781432742,-0.5298796374488202,-937.7385805371592,0.0,0.0,0.0,0,0.0,False,False,216457.55756438244,51165960,0.2563271633796273,single,True,0.0,0.0,0.0
0x75dbe1def5450819480e5fc5f5f600b3d4e4ce80,5,12040684.859683605,12040684.859683605,-0.5396905060773752,-955.1010707545086,0.0,0.004410154412756163,0.004410154412756163,4.656612873077393e-10,0.0011304423706879332,True,False,115332.54353502738,51165960,0.2563271633796273,single,True,0.0,0.0,0.0
0x9f913b62c8851dc49ea8c11d38e923136ba47f5f,4,6714867.855302315,6714867.855302315,-0.5954985165168408,-1053.8656217836322,0.0,0.0,0.0,0,0.0,False,False,207838.25483232382,51165960,0.2563271633796273,single,True,0.0,0.0,0.0
0x5833057868514f400b463b0c5967e9612a756990,7,20203395.022385713,20203395.022385716,-0.6185830559002133,-1094.7187923224014,-3.725290298461914e-09,0.0,3.725290298461914e-09,0,0.0,False,False,139557.75427254,51165960,0.2563271633796273,single,True,0.0,3.725290298461914e-09,0.0
0x2200123c50f2c15f1f5d38d95710c64ac4d79444,5,8800790.559130706,8800790.559130706,-0.6405248285991436,-1133.5495858290706,0.0,0.0,0.0,4.656612873077393e-10,0.0,False,False,236967.3062836442,51165960,0.2563271633796273,single,True,0.0,0.0,0.0
0xe60dac30d44eaf19542ac0d4f260b1afd0b844aa,3,11666757.842436325,11666757.842436325,-0.6570405566647349,-1162.7777997444641,0.0,0.0,0.0,0,0.0,False,False,187973.6740376133,51165960,0.2563271633796273,single,True,0.0,0.0,0.0
0x58f444f4739c1b8f7b1a04a546005735cdfa75bd,7,15108578.731791276,15108578.731791276,-0.6649558386843382,-1176.7856324691759,0.0,0.0,0.0,0,0.0,False,False,226507.20623839422,51165960,0.2563271633796273,single,True,0.0,0.0,0.0
0xcfdbc36df1ce6836d3c5241e63f8c5206ef18051,5,17858472.968435206,17858472.968435206,-0.6699100688371474,-1185.5532325481627,0.0,0.0,0.0,0,0.0,False,False,243579.03028377896,51165960,0.2563271633796273,single,True,0.0,0.0,0.0
0x4fabc3c9aa8801b4523105a66b6cd2b9b8ec8cd4,4,14248402.527430708,14248402.527430708,-0.9431824825036428,-1669.1688825576125,0.0,0.0,0.0,4.656612873077393e-10,0.0,False,False,177967.52248508125,51165960,0.2563271633796273,single,True,0.0,0.0,0.0
0x1b495facaf72111de6f43c03d5c9c8dde55e050e,5,15358082.43249946,15358082.43249946,-1.009656182453587,-1786.8087173967735,0.0,0.0,0.0,0,0.0,False,False,185582.92111715252,51165960,0.2563271633796273,single,True,0.0,0.0,0.0
0x212ebf0471b2ce850f5e65c2cca0f2a5485a2121,3,17245235.968195386,17245235.968195386,-1.520254991553038,-2690.4256308040754,0.0,0.0,0.0,1.862645149230957e-09,0.0,False,False,233820.16621602746,51165960,0.2563271633796273,single,True,0.0,0.0,0.0
