wallet,token,chain,group_no,derived_at,source
9bBAy5XKgsw2MCVyZa5hZSTxxSCFbiZ66oCQ6Cs4Khbb,MOS,solana,2,2026-09-02T20:01:12.580Z,"MOS pool swaps + mint transfers, window 2026-08-31T16:00Z..now"
511BDEyri4LKVAVfPLNUY5gEq53UwJXCCYrJdeotMKgG,MOS,solana,3,2026-09-02T20:01:12.580Z,"MOS pool swaps + mint transfers, window 2026-08-31T16:00Z..now"
AsdiTCYX6cedywNteiiUjcKbmB2wc9RW38TQC5Xdg2ch,MOS,solana,2,2026-09-02T20:01:12.580Z,"MOS pool swaps + mint transfers, window 2026-08-31T16:00Z..now"
AsdiTCYX6cedywNteiiUjcKbmB2wc9RW38TQC5Xdg2ch,MOS,solana,3,2026-09-02T20:01:12.580Z,"MOS pool swaps + mint transfers, window 2026-08-31T16:00Z..now"
AUmZmSHE1tSjNJsTtYTidYQJSzWMktXrRiA7uRbFgWLD,MOS,solana,2,2026-09-02T20:01:12.580Z,"MOS pool swaps + mint transfers, window 2026-08-31T16:00Z..now"
H3ATcYZwqt6zrXsa1vcpKRuJZFnoxZUYU7uX8549MtNw,MOS,solana,2,2026-09-02T20:01:12.580Z,"MOS pool swaps + mint transfers, window 2026-08-31T16:00Z..now"
CaDhVHWMWFrmpAR2xdfJR7GwgKcUbCcDfkjrKXKV6dGH,MOS,solana,1,2026-09-02T20:01:12.580Z,"MOS pool swaps + mint transfers, window 2026-08-31T16:00Z..now"
EMiziyTfVk5YvKodkknqhM5VJCUxa8fZDCyANtBGaWUq,MOS,solana,2,2026-09-02T20:01:12.580Z,"MOS pool swaps + mint transfers, window 2026-08-31T16:00Z..now"
GsnssFTQUEW1SZMXK2nzQkoVb55zKFF91Aweuw7n9AH9,MOS,solana,2,2026-09-02T20:01:12.580Z,"MOS pool swaps + mint transfers, window 2026-08-31T16:00Z..now"
3fGPLPKaNr8xgK6MSuhLoJhUKSHSbrCHTHzkVi5ojosg,MOS,solana,2,2026-09-02T20:01:12.580Z,"MOS pool swaps + mint transfers, window 2026-08-31T16:00Z..now"
4DgQMAxYydv24zKoE92FeEc9D7Dvm1a98mUb5dF3Ttjr,MOS,solana,2,2026-09-02T20:01:12.580Z,"MOS pool swaps + mint transfers, window 2026-08-31T16:00Z..now"
4DgQMAxYydv24zKoE92FeEc9D7Dvm1a98mUb5dF3Ttjr,MOS,solana,3,2026-09-02T20:01:12.580Z,"MOS pool swaps + mint transfers, window 2026-08-31T16:00Z..now"
B1oe3dGGHSajiyeJpnp4uciKeBk3chWmVaQwg7rsnXtS,MOS,solana,2,2026-09-02T20:01:12.580Z,"MOS pool swaps + mint transfers, window 2026-08-31T16:00Z..now"
3o3Lg6DskFEmCUc49sJ9SuXMDqDCMjRoveyKcNSXnws2,MOS,solana,2,2026-09-02T20:01:12.580Z,"MOS pool swaps + mint transfers, window 2026-08-31T16:00Z..now"
8RaXqePYUDDQxmxc8vWwfSzNasM9LFzcZDySgPeSbCnZ,MOS,solana,1,2026-09-02T20:01:12.580Z,"MOS pool swaps + mint transfers, window 2026-08-31T16:00Z..now"
8gdVndgy53BAyrL1wLp2zNtJzmHcUz3ejMxsszkCU63L,MOS,solana,2,2026-09-02T20:01:12.580Z,"MOS pool swaps + mint transfers, window 2026-08-31T16:00Z..now"
5EviQ9Te6AHPn56Zq86ZfEQ7g1aozGKpLmsou1gjDp5x,MOS,solana,2,2026-09-02T20:01:12.580Z,"MOS pool swaps + mint transfers, window 2026-08-31T16:00Z..now"
udH4u5k3vWX7izz119MHDckeLE6pxdypupWtd41JfJL,MOS,solana,2,2026-09-02T20:01:12.580Z,"MOS pool swaps + mint transfers, window 2026-08-31T16:00Z..now"
FS8RvZziejfQ8qwq5q2zpCQc61DU5zgBfhzdbhSWPVgB,MOS,solana,2,2026-09-02T20:01:12.580Z,"MOS pool swaps + mint transfers, window 2026-08-31T16:00Z..now"
8msJmPRXPjXMJ4L2gDFy2xc7SAupdLAfXbSmnmw8S9Fc,MOS,solana,2,2026-09-02T20:01:12.580Z,"MOS pool swaps + mint transfers, window 2026-08-31T16:00Z..now"
HufthNoQSwb2B17Uecy4GLs59rbfGQBRXuUkp9FZihei,MOS,solana,2,2026-09-02T20:01:12.580Z,"MOS pool swaps + mint transfers, window 2026-08-31T16:00Z..now"
BahPmnNNBjzViH2hfFbVgxMtoVtyZJjzDphc4bWcrVyN,MOS,solana,2,2026-09-02T20:01:12.580Z,"MOS pool swaps + mint transfers, window 2026-08-31T16:00Z..now"
93fjdwW7S3Aw4TkrnMzy51sZ5pP4ArpvtmFYujNyDVgH,MOS,solana,1,2026-09-02T20:01:12.580Z,"MOS pool swaps + mint transfers, window 2026-08-31T16:00Z..now"
3iMqwXqxtdLxgVnfLQ7gNjPsodazjjLdgFVu94FVZHCh,MOS,solana,2,2026-09-02T20:01:12.580Z,"MOS pool swaps + mint transfers, window 2026-08-31T16:00Z..now"
HdFwwCgzvoWtNXDLYFoTt8W7dMgXZaQiAd3fU9PjMHQM,MOS,solana,2,2026-09-02T20:01:12.580Z,"MOS pool swaps + mint transfers, window 2026-08-31T16:00Z..now"
EVw13whn1d8dy1fggVFkeaeVgAWNnemFf6fMgtJM9ZDQ,MOS,solana,2,2026-09-02T20:01:12.580Z,"MOS pool swaps + mint transfers, window 2026-08-31T16:00Z..now"
EVw13whn1d8dy1fggVFkeaeVgAWNnemFf6fMgtJM9ZDQ,MOS,solana,3,2026-09-02T20:01:12.580Z,"MOS pool swaps + mint transfers, window 2026-08-31T16:00Z..now"
4g5CeYo7g5c9Z8kxAmhHU6py1wuRr1tRU55kFXyPmWaY,MOS,solana,1,2026-09-02T20:01:12.580Z,"MOS pool swaps + mint transfers, window 2026-08-31T16:00Z..now"
CC7RsocQohmCtmdRQXRnLB4fkmideePRdBWvw5qDNgL3,MOS,solana,2,2026-09-02T20:01:12.580Z,"MOS pool swaps + mint transfers, window 2026-08-31T16:00Z..now"
CgXam1adRd3zrp9HWTzzvf1doB26aSeQQYmWpDhNP8v9,MOS,solana,2,2026-09-02T20:01:12.580Z,"MOS pool swaps + mint transfers, window 2026-08-31T16:00Z..now"
conanCife4jnkrcwZcXwxAkJbdJmDZddBYE3MutS2es,MOS,solana,2,2026-09-02T20:01:12.580Z,"MOS pool swaps + mint transfers, window 2026-08-31T16:00Z..now"
RWHdiGRmjcNALJ4wK1P7CuYASkuA61tjaoKoXy423ij,MOS,solana,2,2026-09-02T20:01:12.580Z,"MOS pool swaps + mint transfers, window 2026-08-31T16:00Z..now"
HJBYskE1xTVaRGHb8cC7gQuXurhKbTHHjZ2k44f27tv9,MOS,solana,2,2026-09-02T20:01:12.580Z,"MOS pool swaps + mint transfers, window 2026-08-31T16:00Z..now"
7smmjvKjDfjrFSpxPahMoTWdwrz6pZfUmsWcno3Yd67X,MOS,solana,2,2026-09-02T20:01:12.580Z,"MOS pool swaps + mint transfers, window 2026-08-31T16:00Z..now"
2Dw24PsTVBxRPz3rukciENGh3YDTpMmseFUt2R2JX8W2,MOS,solana,1,2026-09-02T20:01:12.580Z,"MOS pool swaps + mint transfers, window 2026-08-31T16:00Z..now"
2Z1eL2GviW3vtm6Ro5cQoScmfzDZ2v9h9m5v2Aduy2aV,MOS,solana,2,2026-09-02T20:01:12.580Z,"MOS pool swaps + mint transfers, window 2026-08-31T16:00Z..now"
4Zo5aBqJmMf9aPNb7e36LC8z74krigykdnNXMoGxzyeD,MOS,solana,1,2026-09-02T20:01:12.580Z,"MOS pool swaps + mint transfers, window 2026-08-31T16:00Z..now"
EZPBogcgqnyBWtdCApKPs52ZJMjEJAaRZbhiZJ214ZCd,MOS,solana,2,2026-09-02T20:01:12.580Z,"MOS pool swaps + mint transfers, window 2026-08-31T16:00Z..now"
36Fo1XJu1x4YZfdwekkC133sgCZMRLCj44raPmgfnrBp,MOS,solana,2,2026-09-02T20:01:12.580Z,"MOS pool swaps + mint transfers, window 2026-08-31T16:00Z..now"
HXdNdUTs4icehiJ4MMt6kSMvhQR7bUotP8rLhtvwyiVc,MOS,solana,2,2026-09-02T20:01:12.580Z,"MOS pool swaps + mint transfers, window 2026-08-31T16:00Z..now"
2ipC55JjiVuoZDtmfm67tE7znjuLLokRr5Ptky2iHGq3,MOS,solana,2,2026-09-02T20:01:12.580Z,"MOS pool swaps + mint transfers, window 2026-08-31T16:00Z..now"
A6vSfTHkiEbtHcwdVwfMmcaGgQoniSV6G3ZxyVNwndwe,MOS,solana,2,2026-09-02T20:01:12.580Z,"MOS pool swaps + mint transfers, window 2026-08-31T16:00Z..now"
EsMBFgPZbZQpDBLJm5dWXxLdwdC9i47ExXTR7fZMpBcp,MOS,solana,1,2026-09-02T20:01:12.580Z,"MOS pool swaps + mint transfers, window 2026-08-31T16:00Z..now"
5AdYVTmWW4texpRPszrECiZpHUUcGYGXAmwTszGdgk5m,MOS,solana,1,2026-09-02T20:01:12.580Z,"MOS pool swaps + mint transfers, window 2026-08-31T16:00Z..now"
XJ57nfbcw26jGsAru169yJeYMG31Sgbn1tg4UdeKsgk,MOS,solana,3,2026-09-02T20:01:12.580Z,"MOS pool swaps + mint transfers, window 2026-08-31T16:00Z..now"
FzKzVMrdGow5G8C8C8GHgxftTf8tkCi4kJ3T9P4BUKNT,MOS,solana,2,2026-09-02T20:01:12.580Z,"MOS pool swaps + mint transfers, window 2026-08-31T16:00Z..now"
2UpJTdXvSroXSXGqBzADGyMhjL7j2BKCdgpseZVLfSwq,MOS,solana,2,2026-09-02T20:01:12.580Z,"MOS pool swaps + mint transfers, window 2026-08-31T16:00Z..now"
93qJUPf1zEKR29tzNt1a3fKrwU2pQVM1Fa12CHDWaBZ3,MOS,solana,2,2026-09-02T20:01:12.580Z,"MOS pool swaps + mint transfers, window 2026-08-31T16:00Z..now"
CpsBCrnkVeXABWfB2wjff1VZZhRd1uu2maKp4wMmVY58,MOS,solana,2,2026-09-02T20:01:12.580Z,"MOS pool swaps + mint transfers, window 2026-08-31T16:00Z..now"
FeK4NoE7N6zYmX3U9umK37foQQSG8ESYv2dyHkpWDwmp,MOS,solana,1,2026-09-02T20:01:12.580Z,"MOS pool swaps + mint transfers, window 2026-08-31T16:00Z..now"
5XANnA3aksG2Po5842iSBgdE1QkwvN8tbZV9yjDXyTm6,MOS,solana,1,2026-09-02T20:01:12.580Z,"MOS pool swaps + mint transfers, window 2026-08-31T16:00Z..now"
CA89c8BxkhjCuezpUayXy8VNekeF6Li4nA6HjLLXL5nC,MOS,solana,2,2026-09-02T20:01:12.580Z,"MOS pool swaps + mint transfers, window 2026-08-31T16:00Z..now"
3GSUvY8sym13govkBYuqFHvHT12riWyzbaXfYg9B7gKd,MOS,solana,1,2026-09-02T20:01:12.580Z,"MOS pool swaps + mint transfers, window 2026-08-31T16:00Z..now"
29Wg6CmRz9QodXEJs2bjYsAgRzP1ctGsyvXfkXdP8a59,MOS,solana,2,2026-09-02T20:01:12.580Z,"MOS pool swaps + mint transfers, window 2026-08-31T16:00Z..now"
86ebiTXMwRAj3SefrQML4PzhHAetcaRr4Ws6F9QeLPoE,MOS,solana,1,2026-09-02T20:01:12.580Z,"MOS pool swaps + mint transfers, window 2026-08-31T16:00Z..now"
57Khy2n1e4ebzJs8CHvFXrHSyNyXwCBLWBGGmTmbcJwm,MOS,solana,1,2026-09-02T20:01:12.580Z,"MOS pool swaps + mint transfers, window 2026-08-31T16:00Z..now"
KAx8ykLBSYp4JQWzM1T2KMHripLjyQ6eqcwjCb9Lfjq,MOS,solana,1,2026-09-02T20:01:12.580Z,"MOS pool swaps + mint transfers, window 2026-08-31T16:00Z..now"
FNoCmA3mV14NVctLvcdZHrLR7iAfWyFJWqK9btgQzdKK,MOS,solana,2,2026-09-02T20:01:12.580Z,"MOS pool swaps + mint transfers, window 2026-08-31T16:00Z..now"
9xg6vvPDRLjLYgLYnaQQ8hq5bwhgALU5uq1WQ8ATLxJK,MOS,solana,2,2026-09-02T20:01:12.580Z,"MOS pool swaps + mint transfers, window 2026-08-31T16:00Z..now"
FKdMbCcFnLudy4gW7ak8ZS9L9iwDT913Y8bUW6V4cH9N,MOS,solana,2,2026-09-02T20:01:12.580Z,"MOS pool swaps + mint transfers, window 2026-08-31T16:00Z..now"
A46Me8D5CYvhRQLahPPQub2shet6z2Et5WxQ94yvGfWL,MOS,solana,2,2026-09-02T20:01:12.580Z,"MOS pool swaps + mint transfers, window 2026-08-31T16:00Z..now"
A46Me8D5CYvhRQLahPPQub2shet6z2Et5WxQ94yvGfWL,MOS,solana,3,2026-09-02T20:01:12.580Z,"MOS pool swaps + mint transfers, window 2026-08-31T16:00Z..now"
4AegM2cxMXoFi4KvCYcCHYeLeKkkB1kuFsKsaj58yrZt,MOS,solana,1,2026-09-02T20:01:12.580Z,"MOS pool swaps + mint transfers, window 2026-08-31T16:00Z..now"
4ziwaH6Kx5mGeHbrpzcZjunE2vBjxfvrnA4cR416Z2kD,MOS,solana,2,2026-09-02T20:01:12.580Z,"MOS pool swaps + mint transfers, window 2026-08-31T16:00Z..now"
8MPy8CXZZutrVkKUHoz6GuzqsuxHsZZ5vJqnVhprtT9b,MOS,solana,2,2026-09-02T20:01:12.580Z,"MOS pool swaps + mint transfers, window 2026-08-31T16:00Z..now"
Ay77dkJkbjPCLbhHmwNg5z4WVtP2bMUpjKNnWFo1CuD2,MOS,solana,2,2026-09-02T20:01:12.580Z,"MOS pool swaps + mint transfers, window 2026-08-31T16:00Z..now"
3RXVFtXWJobwE3doNQDWqsfEeqigmgCJmu87X7w3A7iQ,MOS,solana,2,2026-09-02T20:01:12.580Z,"MOS pool swaps + mint transfers, window 2026-08-31T16:00Z..now"
BLDw3kZCopKhA5U7nf1esQttFCWRBZw6UFwtfVrJ2AQa,MOS,solana,2,2026-09-02T20:01:12.580Z,"MOS pool swaps + mint transfers, window 2026-08-31T16:00Z..now"
HuaGTNMuTkfVjRN49RtWtDM5LzwbRd5qhHcKekF8DN7,MOS,solana,2,2026-09-02T20:01:12.580Z,"MOS pool swaps + mint transfers, window 2026-08-31T16:00Z..now"
C9GrJz45g2MNof7uTvL99uw3kZYViTKKcpWeEx6oCVfW,MOS,solana,2,2026-09-02T20:01:12.580Z,"MOS pool swaps + mint transfers, window 2026-08-31T16:00Z..now"
8cRPJmcrkFfxQN2QhquQUiP5qxJr2xxKsqxAuyJqiRBF,MOS,solana,1,2026-09-02T20:01:12.580Z,"MOS pool swaps + mint transfers, window 2026-08-31T16:00Z..now"
37Xk6krsEGnmmGyDWZjFfwqe1NPpz3jtYLbWppG4yTzg,MOS,solana,2,2026-09-02T20:01:12.580Z,"MOS pool swaps + mint transfers, window 2026-08-31T16:00Z..now"
9tBFgSAbTPq898m9AgTnfa97jGzG89rbLrV14pqw91E4,MOS,solana,1,2026-09-02T20:01:12.580Z,"MOS pool swaps + mint transfers, window 2026-08-31T16:00Z..now"
DfhmZ9NYVCfCHwDV4DTLEGkMdacjJ7jikbkBgu3oW558,MOS,solana,2,2026-09-02T20:01:12.580Z,"MOS pool swaps + mint transfers, window 2026-08-31T16:00Z..now"
4tytKDsBg8B8vs56bAPYEZwUsF79yYtqD4cgf3GQQ8qm,MOS,solana,2,2026-09-02T20:01:12.580Z,"MOS pool swaps + mint transfers, window 2026-08-31T16:00Z..now"
2czsBdfsPjhNKkjb3ryp3NQkW7tLTYMZwE16uPawYMKE,MOS,solana,2,2026-09-02T20:01:12.580Z,"MOS pool swaps + mint transfers, window 2026-08-31T16:00Z..now"
5eS3CJCjxvQ7KjC3V1E7X6YtyQwnCJnXHXPMnMHBbKXz,MOS,solana,1,2026-09-02T20:01:12.580Z,"MOS pool swaps + mint transfers, window 2026-08-31T16:00Z..now"
67z1R4GtDfmHmSqj2yY2jSLEke3b8R4NZtiJ21rMJuHx,MOS,solana,2,2026-09-02T20:01:12.580Z,"MOS pool swaps + mint transfers, window 2026-08-31T16:00Z..now"
3p2kXZS3dRmGN8FSpfH1KYeju24jfJQpMXzWYrmjHm4q,MOS,solana,2,2026-09-02T20:01:12.580Z,"MOS pool swaps + mint transfers, window 2026-08-31T16:00Z..now"
DLGmqU3DLFkdRi5AQ4Jw7Y5kN77Qy3C5HP6zzHtA3SAV,MOS,solana,2,2026-09-02T20:01:12.580Z,"MOS pool swaps + mint transfers, window 2026-08-31T16:00Z..now"
4BAy98rouETvvaw6y9iFiAgdPcdkdXTNGpc4T7JSNG59,MOS,solana,2,2026-09-02T20:01:12.580Z,"MOS pool swaps + mint transfers, window 2026-08-31T16:00Z..now"
4BAy98rouETvvaw6y9iFiAgdPcdkdXTNGpc4T7JSNG59,MOS,solana,3,2026-09-02T20:01:12.580Z,"MOS pool swaps + mint transfers, window 2026-08-31T16:00Z..now"
HGoFrU1xPo9r6EiVwLEhyDaWs9qc9Hwomv58fX5geXax,MOS,solana,1,2026-09-02T20:01:12.580Z,"MOS pool swaps + mint transfers, window 2026-08-31T16:00Z..now"
FyDuuc1cLL6zcQcqz1NAng8HanqkUwYde2LnhGA7MyXW,MOS,solana,2,2026-09-02T20:01:12.580Z,"MOS pool swaps + mint transfers, window 2026-08-31T16:00Z..now"
FyDuuc1cLL6zcQcqz1NAng8HanqkUwYde2LnhGA7MyXW,MOS,solana,3,2026-09-02T20:01:12.580Z,"MOS pool swaps + mint transfers, window 2026-08-31T16:00Z..now"
FvFVvCFr8KzdC7QzLggjfwwz21dPj9eMqb7MPenJcbvf,MOS,solana,2,2026-09-02T20:01:12.580Z,"MOS pool swaps + mint transfers, window 2026-08-31T16:00Z..now"
zNhfBaJLVmEBoxUK85M48yRKua8t7H3vVVC7qn5SZXx,MOS,solana,2,2026-09-02T20:01:12.580Z,"MOS pool swaps + mint transfers, window 2026-08-31T16:00Z..now"
DHPv75RyPDLJAJ5CSiMy6bxRRtHqyjaySXvVXhoDp9Tv,MOS,solana,2,2026-09-02T20:01:12.580Z,"MOS pool swaps + mint transfers, window 2026-08-31T16:00Z..now"
EYvwg12vXcUN7pF1fASQZZgQ9RbVUMLjKqqCfi961ptw,MOS,solana,2,2026-09-02T20:01:12.580Z,"MOS pool swaps + mint transfers, window 2026-08-31T16:00Z..now"
93mHHYnW8JtSvxkj5nx6x3knNE9E6Qir9yQVPjXqBYU,MOS,solana,2,2026-09-02T20:01:12.580Z,"MOS pool swaps + mint transfers, window 2026-08-31T16:00Z..now"
DZcyYa9aPRFnbkDPn3HYvfpiRH9GBz3EjTB5fLjk8Vge,MOS,solana,2,2026-09-02T20:01:12.580Z,"MOS pool swaps + mint transfers, window 2026-08-31T16:00Z..now"
98v4eo7Ngh1USvQdwX1wqQUamoMBYt84eC73zQtbJV3k,MOS,solana,2,2026-09-02T20:01:12.580Z,"MOS pool swaps + mint transfers, window 2026-08-31T16:00Z..now"
CUfoR95TXuDybVTfrobBz1bVH4QpdUp7MvFaEkxe9y2U,MOS,solana,2,2026-09-02T20:01:12.580Z,"MOS pool swaps + mint transfers, window 2026-08-31T16:00Z..now"
79KNqfGQJG9hQaCvh6bCzbJEBP6ZnDfcqPnL3xbaix8g,MOS,solana,2,2026-09-02T20:01:12.580Z,"MOS pool swaps + mint transfers, window 2026-08-31T16:00Z..now"
DJckZ3pMtmxJyBUC5ZSSwMERFmfsjqEXjsuSkzcaGma2,MOS,solana,2,2026-09-02T20:01:12.580Z,"MOS pool swaps + mint transfers, window 2026-08-31T16:00Z..now"
D1aDZDVXJ1sakUevj1ckN96VK69WUWvhXPbpJwVN9F25,MOS,solana,2,2026-09-02T20:01:12.580Z,"MOS pool swaps + mint transfers, window 2026-08-31T16:00Z..now"
45Sn4KL1MHqwnpvcyjLnQnCtJDmw6zDeBnPevs5b4ZyG,MOS,solana,2,2026-09-02T20:01:12.580Z,"MOS pool swaps + mint transfers, window 2026-08-31T16:00Z..now"
GUf2JQ4DtUnbykuaoCEewmKLScD8yAbiWhthUwGVPq36,MOS,solana,2,2026-09-02T20:01:12.580Z,"MOS pool swaps + mint transfers, window 2026-08-31T16:00Z..now"
5qdF217jcxBCWwW7CW8FyPNkGBu9tLx1AJAbhtYizkJP,MOS,solana,2,2026-09-02T20:01:12.580Z,"MOS pool swaps + mint transfers, window 2026-08-31T16:00Z..now"
6VjL6S54CGnfVuokVNn2Mh56Teuc9ipaixkUUc7hjn15,MOS,solana,2,2026-09-02T20:01:12.580Z,"MOS pool swaps + mint transfers, window 2026-08-31T16:00Z..now"
5qnaEEHLiiWHDXj62D2aQBAwwWYghuLbLFDWLEYoTnyA,MOS,solana,2,2026-09-02T20:01:12.580Z,"MOS pool swaps + mint transfers, window 2026-08-31T16:00Z..now"
D7R3JCZ29V2k5A9BpHXGxW1uL1z4QJQjTjTvXK7DvEgx,MOS,solana,2,2026-09-02T20:01:12.580Z,"MOS pool swaps + mint transfers, window 2026-08-31T16:00Z..now"
CkZqyugfNYUpCEfRTeERprSTwLPc6rcrtUNcdDZEig53,MOS,solana,1,2026-09-02T20:01:12.580Z,"MOS pool swaps + mint transfers, window 2026-08-31T16:00Z..now"
BUNMqKmDuDhcQidRo1XLLvhrgXUsnD397YHQPr6Y4wZW,MOS,solana,2,2026-09-02T20:01:12.580Z,"MOS pool swaps + mint transfers, window 2026-08-31T16:00Z..now"
BMPeqMLkuhChUE8Z6NA5TLUFL33Hyb9LavWiTbZnp9fp,MOS,solana,2,2026-09-02T20:01:12.580Z,"MOS pool swaps + mint transfers, window 2026-08-31T16:00Z..now"
C5V6WuiwfsUVR5aC14mDrfXYtu3vfJXmzk1REV4Vh9gz,MOS,solana,2,2026-09-02T20:01:12.580Z,"MOS pool swaps + mint transfers, window 2026-08-31T16:00Z..now"
9kUmm1qmp1AVsk8tZKnuwqFqfyfZLSXBYzZJrmJTpde7,MOS,solana,2,2026-09-02T20:01:12.580Z,"MOS pool swaps + mint transfers, window 2026-08-31T16:00Z..now"
C7hqNCNjRBE87Cy8jZK5fZhaRsT1FQBqaZBGUkqtb5Fb,MOS,solana,1,2026-09-02T20:01:12.580Z,"MOS pool swaps + mint transfers, window 2026-08-31T16:00Z..now"
Hrc71cxFp5WMuy29vKgRNzHmtwM3tSKnHYXCsAtZiqRc,MOS,solana,2,2026-09-02T20:01:12.580Z,"MOS pool swaps + mint transfers, window 2026-08-31T16:00Z..now"
H9pYVBCypUmNu13CXkMzfFieiPn4f2iBFykEekXqZyP,MOS,solana,2,2026-09-02T20:01:12.580Z,"MOS pool swaps + mint transfers, window 2026-08-31T16:00Z..now"
ig7xk9pePVs8nU6nrTKEB1yrRSZjsYCH4YS73fZm4QM,MOS,solana,2,2026-09-02T20:01:12.580Z,"MOS pool swaps + mint transfers, window 2026-08-31T16:00Z..now"
61utkbtxcokQWnPTkbvKj2bdpW1chcwP7DCqpgETMqhT,MOS,solana,2,2026-09-02T20:01:12.580Z,"MOS pool swaps + mint transfers, window 2026-08-31T16:00Z..now"
EUm1JCbroNvEgawCRQ1HNZVA5VaAcvo79BAvSZ1Bc77g,MOS,solana,2,2026-09-02T20:01:12.580Z,"MOS pool swaps + mint transfers, window 2026-08-31T16:00Z..now"
GKdxQFGb9Ky3pdUUfDggaCWY5UzoqsFx7m2PSmPp32Ta,MOS,solana,1,2026-09-02T20:01:12.580Z,"MOS pool swaps + mint transfers, window 2026-08-31T16:00Z..now"
CviQPrur9qv2kcsdW1skiLZkj7FUQUBxmfKtfXmyU3PP,MOS,solana,1,2026-09-02T20:01:12.580Z,"MOS pool swaps + mint transfers, window 2026-08-31T16:00Z..now"
7XxEXgDQYnkrmYHY9FyXLnb97vCMVBnLqKPRdzYmxT8R,MOS,solana,1,2026-09-02T20:01:12.580Z,"MOS pool swaps + mint transfers, window 2026-08-31T16:00Z..now"
EAKLGP5soDoge5rRDXMbGyUkQfoPTVZT5gqC5auHrw2i,MOS,solana,1,2026-09-02T20:01:12.580Z,"MOS pool swaps + mint transfers, window 2026-08-31T16:00Z..now"
733yapPJUbvmKpPo7F7u2wMZDhw2LauBsEK96MHCQBY1,MOS,solana,2,2026-09-02T20:01:12.580Z,"MOS pool swaps + mint transfers, window 2026-08-31T16:00Z..now"
5BxootbxVKu7uYLRRusSD7GR5srM3iHFfBE6rr5eRXb4,MOS,solana,2,2026-09-02T20:01:12.580Z,"MOS pool swaps + mint transfers, window 2026-08-31T16:00Z..now"
ACLDRXeDHyEu92TCn5bRYNk834DHiP2GsF9ifwTYALCU,MOS,solana,2,2026-09-02T20:01:12.580Z,"MOS pool swaps + mint transfers, window 2026-08-31T16:00Z..now"
ACLDRXeDHyEu92TCn5bRYNk834DHiP2GsF9ifwTYALCU,MOS,solana,3,2026-09-02T20:01:12.580Z,"MOS pool swaps + mint transfers, window 2026-08-31T16:00Z..now"
D2ieMV984S5gGgr3WLsPgVXWmHCrQoxAQoS6jzcHMFNY,MOS,solana,1,2026-09-02T20:01:12.580Z,"MOS pool swaps + mint transfers, window 2026-08-31T16:00Z..now"
c3LcmVLPLTR53hkj9YL6Y5W141WoAD3FdY8sMBFwK11,MOS,solana,2,2026-09-02T20:01:12.580Z,"MOS pool swaps + mint transfers, window 2026-08-31T16:00Z..now"
c3LcmVLPLTR53hkj9YL6Y5W141WoAD3FdY8sMBFwK11,MOS,solana,3,2026-09-02T20:01:12.580Z,"MOS pool swaps + mint transfers, window 2026-08-31T16:00Z..now"
5ZJvAeMx3gPVX85fcbfKCVz4YDfzERpGpoPkwcydkVrw,MOS,solana,2,2026-09-02T20:01:12.580Z,"MOS pool swaps + mint transfers, window 2026-08-31T16:00Z..now"
9BdtrtDNwCExsX6UeKvGfyUjAJBxcYxKknuX7C9TSTPY,MOS,solana,2,2026-09-02T20:01:12.580Z,"MOS pool swaps + mint transfers, window 2026-08-31T16:00Z..now"
5Xbag826kycqAXS3GutNovA6YSTBPi2aS36MFWRGN5bj,MOS,solana,2,2026-09-02T20:01:12.580Z,"MOS pool swaps + mint transfers, window 2026-08-31T16:00Z..now"
GCBCErFaw3HVP4TyrnQAafdUwc3ddMW4G4kCMoug3Cky,MOS,solana,2,2026-09-02T20:01:12.580Z,"MOS pool swaps + mint transfers, window 2026-08-31T16:00Z..now"
9sdSr9GcAKFDvQk2kDpzZyBeEfT6zMZhQHmgHzSnv9DS,MOS,solana,2,2026-09-02T20:01:12.580Z,"MOS pool swaps + mint transfers, window 2026-08-31T16:00Z..now"
8efdokprZa3cRmNuSQjzsxG6E8rZ2aKhs3WWomQGPzf2,MOS,solana,1,2026-09-02T20:01:12.580Z,"MOS pool swaps + mint transfers, window 2026-08-31T16:00Z..now"
AFwthn387M4biGBMDwvxpxtov2Z2LpBpiMrEDbCKPTdi,MOS,solana,1,2026-09-02T20:01:12.580Z,"MOS pool swaps + mint transfers, window 2026-08-31T16:00Z..now"
D8brJFMAFYY4DbVASosVo9DZgfPVPrvQRFLm8MQm8Gkx,MOS,solana,2,2026-09-02T20:01:12.580Z,"MOS pool swaps + mint transfers, window 2026-08-31T16:00Z..now"
GMkC625Uw3iaypZjed9C39GqVTbaRDm44HYjQTjRPLYj,MOS,solana,2,2026-09-02T20:01:12.580Z,"MOS pool swaps + mint transfers, window 2026-08-31T16:00Z..now"
5Seav8i1qTkAqp7HA4PMoLSjzCK3Y7vBWkBYnU6Jv8aF,MOS,solana,2,2026-09-02T20:01:12.580Z,"MOS pool swaps + mint transfers, window 2026-08-31T16:00Z..now"
BZE5M5s1T3x6R5fzoVvKqzKAgm1JWwHNoHLVDiEdKpuT,MOS,solana,2,2026-09-02T20:01:12.580Z,"MOS pool swaps + mint transfers, window 2026-08-31T16:00Z..now"
6qZCZBWdYcMuccupvSCvMGjgQZoQeqqdVCrULj7pEChB,MOS,solana,2,2026-09-02T20:01:12.580Z,"MOS pool swaps + mint transfers, window 2026-08-31T16:00Z..now"
Bgk7eiw39XDwPFjwvB22Yy6zwz28Qiwm3SDB3RDqgr8y,MOS,solana,2,2026-09-02T20:01:12.580Z,"MOS pool swaps + mint transfers, window 2026-08-31T16:00Z..now"
GPDvo7okW8VV1Vp3pkxkknDD8QL9fU6m9iayHJJcx1a4,MOS,solana,1,2026-09-02T20:01:12.580Z,"MOS pool swaps + mint transfers, window 2026-08-31T16:00Z..now"
83VDXu2awWUm43FcmTd8ZXcpAbKnhqGQT1yg4ayR6JeX,MOS,solana,2,2026-09-02T20:01:12.580Z,"MOS pool swaps + mint transfers, window 2026-08-31T16:00Z..now"
DGTy5KEki1FfCnszzKAqEExBKFEoQWjEQdnLQ6TPsuCQ,MOS,solana,1,2026-09-02T20:01:12.580Z,"MOS pool swaps + mint transfers, window 2026-08-31T16:00Z..now"
AFGz4mgAJZ3nw3W1oW5ByX5RhdZHX1sbswsJBhVt5KCi,MOS,solana,2,2026-09-02T20:01:12.580Z,"MOS pool swaps + mint transfers, window 2026-08-31T16:00Z..now"
AaEYw3fNNGq6W7iLHMqbqsqi7QhuL1Yzn2QggdZ5waS8,MOS,solana,1,2026-09-02T20:01:12.580Z,"MOS pool swaps + mint transfers, window 2026-08-31T16:00Z..now"
HWiqJK5wnMRXMSocsFPHWwk6kyJHsSdn7P9R94WLBtyN,MOS,solana,2,2026-09-02T20:01:12.580Z,"MOS pool swaps + mint transfers, window 2026-08-31T16:00Z..now"
651WNqyBNtCnCAnuTehtpVwgp4eJWsoGURwDrV8qGEd5,MOS,solana,2,2026-09-02T20:01:12.580Z,"MOS pool swaps + mint transfers, window 2026-08-31T16:00Z..now"
WYAFMoZJbgBBCJH4KJPYr5pzFXDk8Dncx3rM5sUr8Ao,MOS,solana,2,2026-09-02T20:01:12.580Z,"MOS pool swaps + mint transfers, window 2026-08-31T16:00Z..now"
B1XQUArYCBwWUV3VYTaQugjqDra3FrMPH7HRPmE79Jwy,MOS,solana,2,2026-09-02T20:01:12.580Z,"MOS pool swaps + mint transfers, window 2026-08-31T16:00Z..now"
Cj7A1DbtJmZ2qDbvLimBqu27WSjFJ2CQUnrGTHoTEqzg,MOS,solana,2,2026-09-02T20:01:12.580Z,"MOS pool swaps + mint transfers, window 2026-08-31T16:00Z..now"
2RBCej79i643LMgF9wXgUrR2x3oYTfmejFHqwnqyEybH,MOS,solana,1,2026-09-02T20:01:12.580Z,"MOS pool swaps + mint transfers, window 2026-08-31T16:00Z..now"
74qy9zxfEdkiuPMYgirKjHSd5Nc7Cfmj5wNx9fzQfVz7,MOS,solana,2,2026-09-02T20:01:12.580Z,"MOS pool swaps + mint transfers, window 2026-08-31T16:00Z..now"
EMA6vnTuAuEZgHC166xYvzRNRY7Mh2wjQKKFF52urgsr,MOS,solana,2,2026-09-02T20:01:12.580Z,"MOS pool swaps + mint transfers, window 2026-08-31T16:00Z..now"
B3sDteBF7sVQ2SMWTTVdsN39H1zp9VfYs6jVJnZBeWgd,MOS,solana,1,2026-09-02T20:01:12.580Z,"MOS pool swaps + mint transfers, window 2026-08-31T16:00Z..now"
Gk8kL9vtD4drpMgizYuLSpTUrpJfWAcCYzJHhaqPf2SC,MOS,solana,2,2026-09-02T20:01:12.580Z,"MOS pool swaps + mint transfers, window 2026-08-31T16:00Z..now"
Gxir4qAwqMh96gUskLkAct3fmWpdDDuwFHfwThPLofoV,MOS,solana,2,2026-09-02T20:01:12.580Z,"MOS pool swaps + mint transfers, window 2026-08-31T16:00Z..now"
GJEAGNiXKRibaRbVXRkMQfP8GDZYCrth9xwMfTMjM1XG,MOS,solana,2,2026-09-02T20:01:12.580Z,"MOS pool swaps + mint transfers, window 2026-08-31T16:00Z..now"
FfztZq1outrYfyYbKw5P4LGo4xUc4XYEdf7o91UdS7qu,MOS,solana,1,2026-09-02T20:01:12.580Z,"MOS pool swaps + mint transfers, window 2026-08-31T16:00Z..now"
9ABCPb1YwRSv5d543skgg1nGTgWN5u1jcVBVDy81vNcB,MOS,solana,2,2026-09-02T20:01:12.580Z,"MOS pool swaps + mint transfers, window 2026-08-31T16:00Z..now"
KyensDcH5uGfpJCkyKzgufsZi8AgcDp6jeomWH7TdDF,MOS,solana,2,2026-09-02T20:01:12.580Z,"MOS pool swaps + mint transfers, window 2026-08-31T16:00Z..now"
53UteRVWQsxMuLy31Wjr1B8Scim96wxGrQVZiWpRjwPf,MOS,solana,2,2026-09-02T20:01:12.580Z,"MOS pool swaps + mint transfers, window 2026-08-31T16:00Z..now"
AVidzVPKnHZ6Hyyp3ZNtntpxUZZvccXLqG35Kae26Bg4,MOS,solana,2,2026-09-02T20:01:12.580Z,"MOS pool swaps + mint transfers, window 2026-08-31T16:00Z..now"
8dkgJueejLw32FqWm3VkoWLgKtPYAspXc3FKsMW3WaYe,MOS,solana,1,2026-09-02T20:01:12.580Z,"MOS pool swaps + mint transfers, window 2026-08-31T16:00Z..now"
5ZFyb7x4CS1Sq9TcCeWoEtoVoLpepfB56LyxHYoHCJqk,MOS,solana,2,2026-09-02T20:01:12.580Z,"MOS pool swaps + mint transfers, window 2026-08-31T16:00Z..now"
BnVvh5Fz2MRTWfBMipHUyhWmxRH7UCArYoyN1ouWTjyt,MOS,solana,2,2026-09-02T20:01:12.580Z,"MOS pool swaps + mint transfers, window 2026-08-31T16:00Z..now"
BaGqFuo36pTnnQReWRW2Me6RtmtUNkAz48pHtqa3vFuE,MOS,solana,2,2026-09-02T20:01:12.580Z,"MOS pool swaps + mint transfers, window 2026-08-31T16:00Z..now"
639NHLf3BfjEiSJLWPS8HRm7JCxCk2TMoH8eMC4e6e5j,MOS,solana,2,2026-09-02T20:01:12.580Z,"MOS pool swaps + mint transfers, window 2026-08-31T16:00Z..now"
FAgpxNAXSB15PvRd7d4Et893BrTXBMwPmkzj9jCvuurx,MOS,solana,1,2026-09-02T20:01:12.580Z,"MOS pool swaps + mint transfers, window 2026-08-31T16:00Z..now"
62ovA8SEVSRvPTgUg4pJHHh2RndELuzso4SeQp3v5ww1,MOS,solana,2,2026-09-02T20:01:12.580Z,"MOS pool swaps + mint transfers, window 2026-08-31T16:00Z..now"
J7ZdxJUqjSQwQFfM84Q99LHziatV8WTAG6nx43foR467,MOS,solana,2,2026-09-02T20:01:12.580Z,"MOS pool swaps + mint transfers, window 2026-08-31T16:00Z..now"
4tN6D1yVuoXYgTP7BRbjsMMd3q1TfpEk73Nwi8zfVsWw,MOS,solana,2,2026-09-02T20:01:12.580Z,"MOS pool swaps + mint transfers, window 2026-08-31T16:00Z..now"
6SHqkzJfZYiNqmz4xDiwndEAqbubuAVt44LwJ9GF3obS,MOS,solana,2,2026-09-02T20:01:12.580Z,"MOS pool swaps + mint transfers, window 2026-08-31T16:00Z..now"
H7v74hoXrGAmo2zmA7abePdNqktHa4dfJZBNDNwpRqqj,MOS,solana,2,2026-09-02T20:01:12.580Z,"MOS pool swaps + mint transfers, window 2026-08-31T16:00Z..now"
6L9iXPXZwUsCq3kyqRULrPY3hEJNTHd62M2gCuydFnoX,MOS,solana,2,2026-09-02T20:01:12.580Z,"MOS pool swaps + mint transfers, window 2026-08-31T16:00Z..now"
DH93tkwigqnY8gFfWagNy7a5iMwkLPNjPCaSwsyuktjx,MOS,solana,2,2026-09-02T20:01:12.580Z,"MOS pool swaps + mint transfers, window 2026-08-31T16:00Z..now"
4zwTopm1UkfUTn9cNLPJhmcR4vTzY7oiYGHzMuykmmQi,MOS,solana,2,2026-09-02T20:01:12.580Z,"MOS pool swaps + mint transfers, window 2026-08-31T16:00Z..now"
8cKUMp3UFwkVgq7FSQw3dhNs8LaMoVnVCynqvt2LdGxU,MOS,solana,2,2026-09-02T20:01:12.580Z,"MOS pool swaps + mint transfers, window 2026-08-31T16:00Z..now"
FFtUfxbhwNraSHPgE9Kh9tjKbYY64tdnjPcUuVko7zbu,MOS,solana,2,2026-09-02T20:01:12.580Z,"MOS pool swaps + mint transfers, window 2026-08-31T16:00Z..now"
93NBQEbDxVusCPywGtzGnb4Sv6FQ3TELbGXcZ8XPpBwR,MOS,solana,2,2026-09-02T20:01:12.580Z,"MOS pool swaps + mint transfers, window 2026-08-31T16:00Z..now"
EWiahpS57vA42mt54S9dNsB3F9AmdJncxx83soe3wSpR,MOS,solana,2,2026-09-02T20:01:12.580Z,"MOS pool swaps + mint transfers, window 2026-08-31T16:00Z..now"
Eh5CzddWbxDQPkXefu38yuwyqpEzuDqKTbzydCj5R4x9,MOS,solana,2,2026-09-02T20:01:12.580Z,"MOS pool swaps + mint transfers, window 2026-08-31T16:00Z..now"
FDcDmPXSto6uQuWUThb7doKbBEwKEH4vfBRpotyYdwXk,MOS,solana,2,2026-09-02T20:01:12.580Z,"MOS pool swaps + mint transfers, window 2026-08-31T16:00Z..now"
H2TrCkRd5KkwYDrAVsLC5iw8hof9LGccXritgsWxUXXj,MOS,solana,2,2026-09-02T20:01:12.580Z,"MOS pool swaps + mint transfers, window 2026-08-31T16:00Z..now"
3KB7Zu5Xv57B5KdRoSeuia2TpsBN6X9PnjTeJGjbdqN3,MOS,solana,2,2026-09-02T20:01:12.580Z,"MOS pool swaps + mint transfers, window 2026-08-31T16:00Z..now"
TvzsFTDUyDoNFDKBpEv6NWRt9Fo1w4g4Ed6BTsaSCHw,MOS,solana,2,2026-09-02T20:01:12.580Z,"MOS pool swaps + mint transfers, window 2026-08-31T16:00Z..now"
HeYWhhL4hWp7oGXVS714sLH3tKxQBmkxdqDZBnQMDuA2,MOS,solana,2,2026-09-02T20:01:12.580Z,"MOS pool swaps + mint transfers, window 2026-08-31T16:00Z..now"
3fMZKJzUX9vayZWH4FxA8L6LnqrQ2pdpGj5RsXJqywtb,MOS,solana,2,2026-09-02T20:01:12.580Z,"MOS pool swaps + mint transfers, window 2026-08-31T16:00Z..now"
4W3bM2JCHnmrQpWNtADYsTpzSdN2BXyAraVep9tWvMLn,MOS,solana,1,2026-09-02T20:01:12.580Z,"MOS pool swaps + mint transfers, window 2026-08-31T16:00Z..now"
HSX1mk6sEXBreZpPDhMEd1XLjMjckoszN1v3MTtDyR4n,MOS,solana,2,2026-09-02T20:01:12.580Z,"MOS pool swaps + mint transfers, window 2026-08-31T16:00Z..now"
9Zqe4vHW9mpjMD6CeC8VHGwACvp4NmBghtL5eW5VhG74,MOS,solana,2,2026-09-02T20:01:12.580Z,"MOS pool swaps + mint transfers, window 2026-08-31T16:00Z..now"
AeQ757krxTKrhgiHhmHHwrtrFzCbcKgTog998WtNeb2E,MOS,solana,2,2026-09-02T20:01:12.580Z,"MOS pool swaps + mint transfers, window 2026-08-31T16:00Z..now"
7kXmjHYXGKAUZu8MQiKW4f6DvjQmQf5GT5h6u9ZEAAjf,MOS,solana,2,2026-09-02T20:01:12.580Z,"MOS pool swaps + mint transfers, window 2026-08-31T16:00Z..now"
GFfWMCk2r1hmjvWocf6QoFvEVC5hvJF8rxBujR6tH8E5,MOS,solana,2,2026-09-02T20:01:12.580Z,"MOS pool swaps + mint transfers, window 2026-08-31T16:00Z..now"
7DckwVxBq489kyXHr4HcQjVnrW2ECLxzTN1YeKohWidG,MOS,solana,2,2026-09-02T20:01:12.580Z,"MOS pool swaps + mint transfers, window 2026-08-31T16:00Z..now"
DU79amT2Frr9TdVe1gzsSsuyhS9Ho6UiyusuG11WaKAx,MOS,solana,2,2026-09-02T20:01:12.580Z,"MOS pool swaps + mint transfers, window 2026-08-31T16:00Z..now"
HKXcSamGP6Nf9yrYAWy41DHqPDNNEohrdxjKRQkxxpoA,MOS,solana,2,2026-09-02T20:01:12.580Z,"MOS pool swaps + mint transfers, window 2026-08-31T16:00Z..now"
5x8KmwhF8dwyjjZa9uTkAaC6Lku1m1xp92HJLrtWpf9H,MOS,solana,2,2026-09-02T20:01:12.580Z,"MOS pool swaps + mint transfers, window 2026-08-31T16:00Z..now"
8Ygy3ZakmaK6mHaLTPSWXbheZcyiZihwVJXHqMBLo5Tj,MOS,solana,2,2026-09-02T20:01:12.580Z,"MOS pool swaps + mint transfers, window 2026-08-31T16:00Z..now"
4nFMqrDPrHTe6iFwxmGQpPqEFJmEXpv59RSymoT4QAHw,MOS,solana,2,2026-09-02T20:01:12.580Z,"MOS pool swaps + mint transfers, window 2026-08-31T16:00Z..now"
86x9NNfeqF9gzZRfEGcWTyT6Buamtd5RF7xfHbiQnp3Z,MOS,solana,2,2026-09-02T20:01:12.580Z,"MOS pool swaps + mint transfers, window 2026-08-31T16:00Z..now"
3YYLbNz7M1uqZxwkTcn5Yr5QoZDrDYEjRcXAQM8sQ5LW,MOS,solana,2,2026-09-02T20:01:12.580Z,"MOS pool swaps + mint transfers, window 2026-08-31T16:00Z..now"
7K5Rp8WcegkMGfarxfTntjVkhYgHk37XYwD4REnkBMK8,MOS,solana,2,2026-09-02T20:01:12.580Z,"MOS pool swaps + mint transfers, window 2026-08-31T16:00Z..now"
9HF8d5yyru1ZRsJt8HvT4kJE6Y9hQVhKqxsstTiG3Yxe,MOS,solana,2,2026-09-02T20:01:12.580Z,"MOS pool swaps + mint transfers, window 2026-08-31T16:00Z..now"
8rvvtjXohvbWFhKp2PzHJ9scU6YLHzwBezChJxWo9XRe,MOS,solana,2,2026-09-02T20:01:12.580Z,"MOS pool swaps + mint transfers, window 2026-08-31T16:00Z..now"
7jtEzKiNNjXYig9dBkk1vnczLpVgCqRS4544ShbqraHx,MOS,solana,2,2026-09-02T20:01:12.580Z,"MOS pool swaps + mint transfers, window 2026-08-31T16:00Z..now"
GxHecu34mLeLvMe3DFbexGxubnhfkqSXtMrGgKNRrGYb,MOS,solana,1,2026-09-02T20:01:12.580Z,"MOS pool swaps + mint transfers, window 2026-08-31T16:00Z..now"
8JUrHGNcn3Uty3CNhPrYDjxeKLHBZnAqM1Wi5EjWF7Xr,MOS,solana,1,2026-09-02T20:01:12.580Z,"MOS pool swaps + mint transfers, window 2026-08-31T16:00Z..now"
5zkvqJAa9eRD1Xajmpy6kXnUGUJaQj7Qt8yNpDTKgnSs,MOS,solana,2,2026-09-02T20:01:12.580Z,"MOS pool swaps + mint transfers, window 2026-08-31T16:00Z..now"
7af5dALg5TuGHCdDjLid17memqjiitbE6GwwatYUJte7,MOS,solana,2,2026-09-02T20:01:12.580Z,"MOS pool swaps + mint transfers, window 2026-08-31T16:00Z..now"
FkibrpfAPAm3YZiUveApAuz1QJA69NDixv1t29sX16xF,MOS,solana,1,2026-09-02T20:01:12.580Z,"MOS pool swaps + mint transfers, window 2026-08-31T16:00Z..now"
8YrdsU1swyjZfpnHJ7Y97GukrPZkTDYkcaYtDaTpCmTJ,MOS,solana,2,2026-09-02T20:01:12.580Z,"MOS pool swaps + mint transfers, window 2026-08-31T16:00Z..now"
GG8pxjShzAAnrJ6hnSeBuV7TbHxLH7wCmNEv45UKXx91,MOS,solana,2,2026-09-02T20:01:12.580Z,"MOS pool swaps + mint transfers, window 2026-08-31T16:00Z..now"
G9CMt7ugRwjnMwp3o4EkWMzqwrzkQWBbrWcxLAtvKWmH,MOS,solana,2,2026-09-02T20:01:12.580Z,"MOS pool swaps + mint transfers, window 2026-08-31T16:00Z..now"
s1PgcAkSuF1SpRMSDPamcppy5qu8kKFxMuogmYV7T67,MOS,solana,2,2026-09-02T20:01:12.580Z,"MOS pool swaps + mint transfers, window 2026-08-31T16:00Z..now"
5cLeWZAnkDTyPwyv61MGCd3jaJnc2pw9iapmXBcHbiL5,MOS,solana,2,2026-09-02T20:01:12.580Z,"MOS pool swaps + mint transfers, window 2026-08-31T16:00Z..now"
CWFMy5cJGsyi5R7ZBzUeuYiuZ1gEMoLgG6V8vUftLj7Y,MOS,solana,2,2026-09-02T20:01:12.580Z,"MOS pool swaps + mint transfers, window 2026-08-31T16:00Z..now"
6hAmc5jJmCJ3Fce4KgCQkq6Wp2YEcgSYpgxwJ4QiVoHQ,MOS,solana,1,2026-09-02T20:01:12.580Z,"MOS pool swaps + mint transfers, window 2026-08-31T16:00Z..now"
DLyn14MX7NBAMVjNpCXqzkv8cP7ZeGfNkcgJsAwxL3Cx,MOS,solana,2,2026-09-02T20:01:12.580Z,"MOS pool swaps + mint transfers, window 2026-08-31T16:00Z..now"
HTTFsaRdAw9fPGDDcMgA6F6WLKAaK382T6FWN8E6Ktjj,MOS,solana,2,2026-09-02T20:01:12.580Z,"MOS pool swaps + mint transfers, window 2026-08-31T16:00Z..now"
99V2NmAUPodwgB3gXBFJxY9Ne5k9UePYGP9GAPjf7b6L,MOS,solana,2,2026-09-02T20:01:12.580Z,"MOS pool swaps + mint transfers, window 2026-08-31T16:00Z..now"
5hvoGjieSQQi7xhiaVKMMw3w725ycdw2xbcrtzEJpsko,MOS,solana,1,2026-09-02T20:01:12.580Z,"MOS pool swaps + mint transfers, window 2026-08-31T16:00Z..now"
DsraXwCn4YiN2Vcwmt1CkcnrZoDVV1AebcwE4ueKqC3q,MOS,solana,2,2026-09-02T20:01:12.580Z,"MOS pool swaps + mint transfers, window 2026-08-31T16:00Z..now"
8KGMiWyuTTM2Dp6FqX5dSvAx8XCFqxFm2jbwC2KswzS8,MOS,solana,2,2026-09-02T20:01:12.580Z,"MOS pool swaps + mint transfers, window 2026-08-31T16:00Z..now"
GwoA6bG9LMuakc3qffVDwr3XQuWJjK2stPrWvqvBqw8d,MOS,solana,1,2026-09-02T20:01:12.580Z,"MOS pool swaps + mint transfers, window 2026-08-31T16:00Z..now"
3HLDZ3YLSrai8QiuB2ocs53VXY57BV98yxdxMaNN4fCV,MOS,solana,1,2026-09-02T20:01:12.580Z,"MOS pool swaps + mint transfers, window 2026-08-31T16:00Z..now"
FmQgaovp2wukAwZe1dKEVVvpvc61ioVzNexynmri4v8d,MOS,solana,2,2026-09-02T20:01:12.580Z,"MOS pool swaps + mint transfers, window 2026-08-31T16:00Z..now"
9cgUCutqFPWp8rGxagvowKQ29tdpcffcvraHP1QXjEQg,MOS,solana,1,2026-09-02T20:01:12.580Z,"MOS pool swaps + mint transfers, window 2026-08-31T16:00Z..now"
GihGXs77CL9cAHv16W6inYXVV5ZmEobBzX5u7su1n7ui,MOS,solana,2,2026-09-02T20:01:12.580Z,"MOS pool swaps + mint transfers, window 2026-08-31T16:00Z..now"
3xEdkW1jevAXB2QGwXBFTrkbmSgBy4FeBz36N6e1WTvc,MOS,solana,1,2026-09-02T20:01:12.580Z,"MOS pool swaps + mint transfers, window 2026-08-31T16:00Z..now"
BrnwRA6GBVDGj8vzw8UUkmQXHsxVMwXGGugTBh2KJ64q,MOS,solana,1,2026-09-02T20:01:12.580Z,"MOS pool swaps + mint transfers, window 2026-08-31T16:00Z..now"
FtKw6WPGjAPveaw5GpoodSoPdqUBa1nCXV3TsSwwx8TG,MOS,solana,2,2026-09-02T20:01:12.580Z,"MOS pool swaps + mint transfers, window 2026-08-31T16:00Z..now"
Ey1e46JAD8QQsNF9ZYqmuYwDvk1hTAsdZk6Mda79h71y,MOS,solana,2,2026-09-02T20:01:12.580Z,"MOS pool swaps + mint transfers, window 2026-08-31T16:00Z..now"
ESvCyAdqamnMurn1mmSQ8vui3Hshn2sZApmXxYfGm9b9,MOS,solana,1,2026-09-02T20:01:12.580Z,"MOS pool swaps + mint transfers, window 2026-08-31T16:00Z..now"
HZ5wKnAmRJsnXLLFn1dwnVRRc6g4G2YwgytdAhY8yP94,MOS,solana,2,2026-09-02T20:01:12.580Z,"MOS pool swaps + mint transfers, window 2026-08-31T16:00Z..now"
9M3MWgLaiyPmE6PrW3xrT8cT2anmenmuGMQmWsr8FSQ5,MOS,solana,2,2026-09-02T20:01:12.580Z,"MOS pool swaps + mint transfers, window 2026-08-31T16:00Z..now"
G8wZjfZu1YDUWGXHz3bpWmHcA7weB6XREnpsYXGJWgfh,MOS,solana,2,2026-09-02T20:01:12.580Z,"MOS pool swaps + mint transfers, window 2026-08-31T16:00Z..now"
TTJCJT7A9hoWQVeBpr4XVuq8x64FSXY9THMeZ4cobNP,MOS,solana,2,2026-09-02T20:01:12.580Z,"MOS pool swaps + mint transfers, window 2026-08-31T16:00Z..now"
DytQyNJjG1xVtvTKkKbPcU9UQMMgf4WAbigu332SzE1P,MOS,solana,1,2026-09-02T20:01:12.580Z,"MOS pool swaps + mint transfers, window 2026-08-31T16:00Z..now"
DzmUGefjBDHEhMQZumgaLyfsbUKB28Gaoa2DTT6ucsA9,MOS,solana,2,2026-09-02T20:01:12.580Z,"MOS pool swaps + mint transfers, window 2026-08-31T16:00Z..now"
2h7Ns9w2grSeQ9mE9WggJZvxMKKLNADJrKTSLucrbmzB,MOS,solana,1,2026-09-02T20:01:12.580Z,"MOS pool swaps + mint transfers, window 2026-08-31T16:00Z..now"
AdxV6gqrS7R5Z4Ftkha5qcdrdvh18EnAZC6gtQiwangs,MOS,solana,2,2026-09-02T20:01:12.580Z,"MOS pool swaps + mint transfers, window 2026-08-31T16:00Z..now"
GdBHixe78VmVaxsGcqtXv8ujzk5G4YZZZUTzS63Q3e8v,MOS,solana,2,2026-09-02T20:01:12.580Z,"MOS pool swaps + mint transfers, window 2026-08-31T16:00Z..now"
439w8KCqtn2orKQiEa147iRKtQT6wcgUTQ5uJX233Bz3,MOS,solana,2,2026-09-02T20:01:12.580Z,"MOS pool swaps + mint transfers, window 2026-08-31T16:00Z..now"
qGenC543dgSmAaRVTfatSccn6o5yZ3MGNs2wv1THvS7,MOS,solana,2,2026-09-02T20:01:12.580Z,"MOS pool swaps + mint transfers, window 2026-08-31T16:00Z..now"
qGenC543dgSmAaRVTfatSccn6o5yZ3MGNs2wv1THvS7,MOS,solana,3,2026-09-02T20:01:12.580Z,"MOS pool swaps + mint transfers, window 2026-08-31T16:00Z..now"
cH5jESnTEHboJf3h6RJUpVNHTJTJEWKTQLw6fx4NnLt,MOS,solana,2,2026-09-02T20:01:12.580Z,"MOS pool swaps + mint transfers, window 2026-08-31T16:00Z..now"
HbPEA8hC6QnuxEfcQhfepY3s5akxuKMGa2T97WZVWB4a,MOS,solana,2,2026-09-02T20:01:12.580Z,"MOS pool swaps + mint transfers, window 2026-08-31T16:00Z..now"
7dt9V3DfKkhzmk8eyCyBFFjaAo2oRpR9w13JLAAs7j5u,MOS,solana,2,2026-09-02T20:01:12.580Z,"MOS pool swaps + mint transfers, window 2026-08-31T16:00Z..now"
92zab17cU52UWnpeHzLwMshZUHKSQsJ3YMuLEHwckZZS,MOS,solana,2,2026-09-02T20:01:12.580Z,"MOS pool swaps + mint transfers, window 2026-08-31T16:00Z..now"
J71sa4fohibzudkSBQa4FrdDprGxSFpEVQkJXuyXSUrW,MOS,solana,2,2026-09-02T20:01:12.580Z,"MOS pool swaps + mint transfers, window 2026-08-31T16:00Z..now"
FYzyrnTaZeFnRn8yjSYkYBYESY7vPJWhFctgoES3rvRy,MOS,solana,1,2026-09-02T20:01:12.580Z,"MOS pool swaps + mint transfers, window 2026-08-31T16:00Z..now"
GeQQ5tNgYn3mswbN2yAtG5DozP9u196YnQHST919ssrE,MOS,solana,2,2026-09-02T20:01:12.580Z,"MOS pool swaps + mint transfers, window 2026-08-31T16:00Z..now"
7nU7haiJkQ8LegLqFahg4sz1TBdcPgWHQFaUDrnhvez8,MOS,solana,1,2026-09-02T20:01:12.580Z,"MOS pool swaps + mint transfers, window 2026-08-31T16:00Z..now"
58Q5wQKFAuQpAt9zbJf6qbLpvMHiW47yBGHgBUPsCdxi,MOS,solana,2,2026-09-02T20:01:12.580Z,"MOS pool swaps + mint transfers, window 2026-08-31T16:00Z..now"
EbJP4sKapzGCUQJVxVhTz6JLAAVw8Fawn46h4eBgdVDB,MOS,solana,1,2026-09-02T20:01:12.580Z,"MOS pool swaps + mint transfers, window 2026-08-31T16:00Z..now"
ZiE555y27YNn4QJeGxEyKJeiSuSQ66ccCAJC4jtS3JT,MOS,solana,2,2026-09-02T20:01:12.580Z,"MOS pool swaps + mint transfers, window 2026-08-31T16:00Z..now"
5Ta3M5kfkzC6jQwcCqJGt7L4NaxZiUEaftBteLpsRNfD,MOS,solana,2,2026-09-02T20:01:12.580Z,"MOS pool swaps + mint transfers, window 2026-08-31T16:00Z..now"
2zyyDUHvuaef7T2cJrD3HtnRHdfxFbrQELPF8VVu88s9,MOS,solana,2,2026-09-02T20:01:12.580Z,"MOS pool swaps + mint transfers, window 2026-08-31T16:00Z..now"
45nB1T8zrZzoj941LkQfCVj1gboasEfz6YzyA5D1jWHJ,MOS,solana,2,2026-09-02T20:01:12.580Z,"MOS pool swaps + mint transfers, window 2026-08-31T16:00Z..now"
5RLo69PXBNAnjomqbqPU6v5J5gZRqXL158EnqmAjr1M2,MOS,solana,2,2026-09-02T20:01:12.580Z,"MOS pool swaps + mint transfers, window 2026-08-31T16:00Z..now"
2fa965A1sCathStjVJvzrG1xSJZ74vTfj2jfVgigo8zG,MOS,solana,1,2026-09-02T20:01:12.580Z,"MOS pool swaps + mint transfers, window 2026-08-31T16:00Z..now"
88tQyKDQ9F6kXnB4pGB5m75u4pnkKLQJu1WqnL4ZWFMj,MOS,solana,2,2026-09-02T20:01:12.580Z,"MOS pool swaps + mint transfers, window 2026-08-31T16:00Z..now"
Edj8AivnnYsKzskW1YWGy9gS5eufb2kssm94GK93mNvz,MOS,solana,1,2026-09-02T20:01:12.580Z,"MOS pool swaps + mint transfers, window 2026-08-31T16:00Z..now"
H1PvUqJEtrvKmD5nxjoXgcnQTBMXHpY5fdR3yNJBCNZV,MOS,solana,1,2026-09-02T20:01:12.580Z,"MOS pool swaps + mint transfers, window 2026-08-31T16:00Z..now"
CEMcSnWdwAENhjismbQjHVJ8YeJ1RWCuq3KQUhBvY9z7,MOS,solana,2,2026-09-02T20:01:12.580Z,"MOS pool swaps + mint transfers, window 2026-08-31T16:00Z..now"
BUvmYQS6xQxgvdyg6i5L3niUC9DDN1ZQGHKUeQEuEo3F,MOS,solana,1,2026-09-02T20:01:12.580Z,"MOS pool swaps + mint transfers, window 2026-08-31T16:00Z..now"
9wzopihfGZW4SZdScJbE1i4rpoUEnjSqpFzDK1tgqwKE,MOS,solana,3,2026-09-02T20:01:12.580Z,"MOS pool swaps + mint transfers, window 2026-08-31T16:00Z..now"
GQPKoh3ETodH3nav7oCQnZnqVnmMcLZgxqYZBJ2svHpu,MOS,solana,1,2026-09-02T20:01:12.580Z,"MOS pool swaps + mint transfers, window 2026-08-31T16:00Z..now"
7JfhxYmZpqVJk9s4YJVGGfngZnbtnFMSQqDifJdAkuNt,MOS,solana,2,2026-09-02T20:01:12.580Z,"MOS pool swaps + mint transfers, window 2026-08-31T16:00Z..now"
Ckj8hzKShjYFe9yPHSYxwA7X3fo3n8MRZHaojaPeX88T,MOS,solana,1,2026-09-02T20:01:12.580Z,"MOS pool swaps + mint transfers, window 2026-08-31T16:00Z..now"
9Zru5gSGedMEeRXKFhAxecZHZCnZg8fUeahdAU8yRTBF,MOS,solana,2,2026-09-02T20:01:12.580Z,"MOS pool swaps + mint transfers, window 2026-08-31T16:00Z..now"
3yBsTBbPGeitdLCnJekGKXYZptcswEA6RugHxi2EgVMm,MOS,solana,1,2026-09-02T20:01:12.580Z,"MOS pool swaps + mint transfers, window 2026-08-31T16:00Z..now"
3mMCYYQMgXaZ72QyucEMuJ1abxyg1J1DkzcEeC7N85W3,MOS,solana,2,2026-09-02T20:01:12.580Z,"MOS pool swaps + mint transfers, window 2026-08-31T16:00Z..now"
F19M3XwgC1xYAszBkPdxrsepQTtTPT54szHDDJj4h4mA,MOS,solana,2,2026-09-02T20:01:12.580Z,"MOS pool swaps + mint transfers, window 2026-08-31T16:00Z..now"
3z9FoYXx4E3Lw3RfPTnr14JWc3s4E682tfyyuvh6kfaP,MOS,solana,1,2026-09-02T20:01:12.580Z,"MOS pool swaps + mint transfers, window 2026-08-31T16:00Z..now"
FQGXoUVKvuyudfxKnix1ALG2Soy8cBixYBoTheQJt4HZ,MOS,solana,1,2026-09-02T20:01:12.580Z,"MOS pool swaps + mint transfers, window 2026-08-31T16:00Z..now"
D5H9CxtAF1vKmtFR2fZHNSbRmCfgoqXLSmXr1DU5jBbn,MOS,solana,2,2026-09-02T20:01:12.580Z,"MOS pool swaps + mint transfers, window 2026-08-31T16:00Z..now"
6fKBW9ivUQQE68miHezzc7hRB4LTTT8ggGRXkHmEHdh4,MOS,solana,2,2026-09-02T20:01:12.580Z,"MOS pool swaps + mint transfers, window 2026-08-31T16:00Z..now"
4drEkXDZhjun3vjZmz1g7pQGM7kxANQbDuD9jtPZwzJZ,MOS,solana,2,2026-09-02T20:01:12.580Z,"MOS pool swaps + mint transfers, window 2026-08-31T16:00Z..now"
9L8TMBNMcuUnzftdsPnmmScrARBrhnVYMDuaRHxEr8Qn,MOS,solana,2,2026-09-02T20:01:12.580Z,"MOS pool swaps + mint transfers, window 2026-08-31T16:00Z..now"
75xy6eoPw5dpQBmXDgZHHEnNC5tXsejMzYKEswRNnb1K,MOS,solana,2,2026-09-02T20:01:12.580Z,"MOS pool swaps + mint transfers, window 2026-08-31T16:00Z..now"
FWed23amVZ2D573Bxikd6fsS5cmZVzbPtuTznk2LRX5X,MOS,solana,2,2026-09-02T20:01:12.580Z,"MOS pool swaps + mint transfers, window 2026-08-31T16:00Z..now"
3A9JYss8zg85zsN7fJEMrmzWPXphgBjY9ie1iKyYMvm5,MOS,solana,1,2026-09-02T20:01:12.580Z,"MOS pool swaps + mint transfers, window 2026-08-31T16:00Z..now"
GGxu7exenZEN15y4GaJ9Cdj2JDKnVZx3zchRibBd729q,MOS,solana,1,2026-09-02T20:01:12.580Z,"MOS pool swaps + mint transfers, window 2026-08-31T16:00Z..now"
48u6H1UpbSqGAziieNdzvrwmzAEcteohz4EPJCePGUbA,MOS,solana,2,2026-09-02T20:01:12.580Z,"MOS pool swaps + mint transfers, window 2026-08-31T16:00Z..now"
6NQTB7r7Qw5QPgySgQxxnRX1D5WUh4CEFmA64WRsZo3G,MOS,solana,2,2026-09-02T20:01:12.580Z,"MOS pool swaps + mint transfers, window 2026-08-31T16:00Z..now"
DJkhxeAhj8aY1NxhXvbGGa3LNEUwHrRyVa7HEgjPN9N5,MOS,solana,1,2026-09-02T20:01:12.580Z,"MOS pool swaps + mint transfers, window 2026-08-31T16:00Z..now"
EzpmzxQRSn5j4ykfHddbyRfdLq5XSuNRKvi6gBPjtsC2,MOS,solana,1,2026-09-02T20:01:12.580Z,"MOS pool swaps + mint transfers, window 2026-08-31T16:00Z..now"
9LUBCopN5UAzCmVtpMtBNpEJV5deduknSkEPtRd7pCsR,MOS,solana,2,2026-09-02T20:01:12.580Z,"MOS pool swaps + mint transfers, window 2026-08-31T16:00Z..now"
Hwx9ro3aZZrE6kcSAf3pkHde5SUivqfSSUwFNobPziFc,MOS,solana,2,2026-09-02T20:01:12.580Z,"MOS pool swaps + mint transfers, window 2026-08-31T16:00Z..now"
DY2EuHLbZjoDhjhh76H3VYnTzAZ6JibSxrG5BC6iMdfH,MOS,solana,1,2026-09-02T20:01:12.580Z,"MOS pool swaps + mint transfers, window 2026-08-31T16:00Z..now"
4HdwjE6eiQ78s395aCCHA47cb1Kwumf4tf9NpAgxFPhj,MOS,solana,2,2026-09-02T20:01:12.580Z,"MOS pool swaps + mint transfers, window 2026-08-31T16:00Z..now"
6oson6wFvki5U3WzBvvHqCk7DD4z5hPTU8zn29NSAW5c,MOS,solana,2,2026-09-02T20:01:12.580Z,"MOS pool swaps + mint transfers, window 2026-08-31T16:00Z..now"
5L5Rikok5LiCHGMYS8XLwVh5a8p1MxmsVBeTFKsNCs9V,MOS,solana,2,2026-09-02T20:01:12.580Z,"MOS pool swaps + mint transfers, window 2026-08-31T16:00Z..now"
94LyYtoAmEkGh2zAaSiaSiFLnagFrSaxUiSjGS5xGC66,MOS,solana,2,2026-09-02T20:01:12.580Z,"MOS pool swaps + mint transfers, window 2026-08-31T16:00Z..now"
5VkhHvwxRpuevkhstzpcifGRTcVVeVs2v6U6seA8mWuo,MOS,solana,1,2026-09-02T20:01:12.580Z,"MOS pool swaps + mint transfers, window 2026-08-31T16:00Z..now"
Dv9rXhPUgEn9WRZWCd1EnQ3pDJ4qjm4yP1wfwJbCX5dE,MOS,solana,1,2026-09-02T20:01:12.580Z,"MOS pool swaps + mint transfers, window 2026-08-31T16:00Z..now"
5xMqF27a7gKjMj8tfitxnHW14uz4f8roaWPMpMshoog6,MOS,solana,2,2026-09-02T20:01:12.580Z,"MOS pool swaps + mint transfers, window 2026-08-31T16:00Z..now"
8eurBpoLrABVQoSQJ6nH9ADjVvSrKThpGkAq4NZraFgq,MOS,solana,1,2026-09-02T20:01:12.580Z,"MOS pool swaps + mint transfers, window 2026-08-31T16:00Z..now"
GwBwEGboh74nVeR7RNQL62Gdrndo56iNKM9sKLCKvAA6,MOS,solana,2,2026-09-02T20:01:12.580Z,"MOS pool swaps + mint transfers, window 2026-08-31T16:00Z..now"
FLwJgCEoG6BatwxKryFxAjNAabvwBnkNKDt1KeUU35HX,MOS,solana,1,2026-09-02T20:01:12.580Z,"MOS pool swaps + mint transfers, window 2026-08-31T16:00Z..now"
CXUGtY1Vn2TMZgDg6qD8dxqBgnigdKjqMxwnaALTmuR9,MOS,solana,1,2026-09-02T20:01:12.580Z,"MOS pool swaps + mint transfers, window 2026-08-31T16:00Z..now"
LXExps9hzm9MLpWma3MFqpCD8cjKmSSk7Dc7dybrYZ8,MOS,solana,2,2026-09-02T20:01:12.580Z,"MOS pool swaps + mint transfers, window 2026-08-31T16:00Z..now"
GXALK8cnxJcRALYxoXNTjkmfKPmxrDSoQQN3MCYtvYb6,MOS,solana,1,2026-09-02T20:01:12.580Z,"MOS pool swaps + mint transfers, window 2026-08-31T16:00Z..now"
8rQrvH3i4WAiP9a3thPTJmkUEAVBSNRbAptbNZJjGqCx,MOS,solana,1,2026-09-02T20:01:12.580Z,"MOS pool swaps + mint transfers, window 2026-08-31T16:00Z..now"
JBEb9gyNytp9jHu1ZRi1W5QmBNZsqKVTncJkwHVy9sqQ,MOS,solana,1,2026-09-02T20:01:12.580Z,"MOS pool swaps + mint transfers, window 2026-08-31T16:00Z..now"
GdSmhYHGFjb1QRDJ3dtpbA9TYNJaqEJsZHuUxpksEKNN,MOS,solana,1,2026-09-02T20:01:12.580Z,"MOS pool swaps + mint transfers, window 2026-08-31T16:00Z..now"
75jiDrq647d8Y9ZLGxoSrKpLncdRSMQcoC7868q5nXWp,MOS,solana,1,2026-09-02T20:01:12.580Z,"MOS pool swaps + mint transfers, window 2026-08-31T16:00Z..now"
Az5JXpyowa7n71JPmQhFApyKJdskKcsRXiavyXFh48pi,MOS,solana,1,2026-09-02T20:01:12.580Z,"MOS pool swaps + mint transfers, window 2026-08-31T16:00Z..now"
H61wSXewDkxmhfp7ca44RoQdGt4ouTzdLUhTHehFWXh2,MOS,solana,1,2026-09-02T20:01:12.580Z,"MOS pool swaps + mint transfers, window 2026-08-31T16:00Z..now"
36iWvCvpPDCYMYHpcSzFbmrh6tyaavRGTeEyzaTnu8uw,MOS,solana,1,2026-09-02T20:01:12.580Z,"MOS pool swaps + mint transfers, window 2026-08-31T16:00Z..now"
64YW7p9CLmyS5w4XoFpAuNZyVgWNzZCqCpuC2Huny8Fm,MOS,solana,2,2026-09-02T20:01:12.580Z,"MOS pool swaps + mint transfers, window 2026-08-31T16:00Z..now"
AkrT3T4Y6BBNoow4JsyMvDe7GMEg8diGVCbzhnkG1Xtr,MOS,solana,1,2026-09-02T20:01:12.580Z,"MOS pool swaps + mint transfers, window 2026-08-31T16:00Z..now"
6tttyeWDmQ8zBmEta8qC1R2xkQVTQpkY7sFrQ3jTq5oB,MOS,solana,1,2026-09-02T20:01:12.580Z,"MOS pool swaps + mint transfers, window 2026-08-31T16:00Z..now"
9oesmxGUu856rfm2Vp3HnzCpwZ6WBvyJxUekrTKDgcpt,MOS,solana,2,2026-09-02T20:01:12.580Z,"MOS pool swaps + mint transfers, window 2026-08-31T16:00Z..now"
BBjjFbPJeq2NJ1GNrwbhETq1dYMDWynhAfWqU8NLwAau,MOS,solana,2,2026-09-02T20:01:12.580Z,"MOS pool swaps + mint transfers, window 2026-08-31T16:00Z..now"
BCLsaDA6d9bQegYnYBL54goWYuJuUo6pf7y1pge1hqZE,MOS,solana,1,2026-09-02T20:01:12.580Z,"MOS pool swaps + mint transfers, window 2026-08-31T16:00Z..now"
4yVe6zt6BTSLiFVbnbw6cgCzxnYHKyRzYcj8HDjexi83,MOS,solana,2,2026-09-02T20:01:12.580Z,"MOS pool swaps + mint transfers, window 2026-08-31T16:00Z..now"
EmLKiSnXMJAYRFrEeyBK9qNsc2RX24Mgk8YXW89S8Ucp,MOS,solana,1,2026-09-02T20:01:12.580Z,"MOS pool swaps + mint transfers, window 2026-08-31T16:00Z..now"
AFFRWynnrBrho5MChJRDoaH9SErmJkpUpECKiq8MN3GH,MOS,solana,2,2026-09-02T20:01:12.580Z,"MOS pool swaps + mint transfers, window 2026-08-31T16:00Z..now"
DwVs1u4ufaNkMRn44SVbNfz7bmEymAbUheQ1GntFMXiZ,MOS,solana,3,2026-09-02T20:01:12.580Z,"MOS pool swaps + mint transfers, window 2026-08-31T16:00Z..now"
AF5f2Qe2Mjpg1YdM4naU4ho9pGQofUYd5Hf2HNQNboUQ,MOS,solana,1,2026-09-02T20:01:12.580Z,"MOS pool swaps + mint transfers, window 2026-08-31T16:00Z..now"
J7sJqwKbroVdnVTypjqXQRMZEWHcVQfJXcCoW5v3uRpJ,MOS,solana,2,2026-09-02T20:01:12.580Z,"MOS pool swaps + mint transfers, window 2026-08-31T16:00Z..now"
7CzKUUxMWhJedWE1eLEqxnjskhMP1ChvPvtbtNdUTCLt,MOS,solana,1,2026-09-02T20:01:12.580Z,"MOS pool swaps + mint transfers, window 2026-08-31T16:00Z..now"
46Pxo22aoRQczUPAeaU4a2GEeYSXNuoCLedw7EpZRXEV,MOS,solana,1,2026-09-02T20:01:12.580Z,"MOS pool swaps + mint transfers, window 2026-08-31T16:00Z..now"
51dE6LVx7VHSMD8Txcd48oBjdcKKL3Q5w77Xx6EvbMc2,MOS,solana,1,2026-09-02T20:01:12.580Z,"MOS pool swaps + mint transfers, window 2026-08-31T16:00Z..now"
4gajdn87YUsu3TuF8TVKkAWbtNiAoG8MPoz8284Gq57Z,MOS,solana,1,2026-09-02T20:01:12.580Z,"MOS pool swaps + mint transfers, window 2026-08-31T16:00Z..now"
7uzgwTFPx46bVc94ntVTvPYvGP1U54HLiLazii44EE5V,MOS,solana,2,2026-09-02T20:01:12.580Z,"MOS pool swaps + mint transfers, window 2026-08-31T16:00Z..now"
GHvgFwFVg69t8GQKhC6YKwPHLMiQ97hdtfC6WTW9g4Bw,MOS,solana,1,2026-09-02T20:01:12.580Z,"MOS pool swaps + mint transfers, window 2026-08-31T16:00Z..now"
88g3BBpYRETsqxe2Kf3CQEyRHTxbtzjQKadQnFx1Kfyw,MOS,solana,2,2026-09-02T20:01:12.580Z,"MOS pool swaps + mint transfers, window 2026-08-31T16:00Z..now"
LUCNwHxbFtnem5oUCEJjTEFCctNxAoms6JV5Dbfi3EP,MOS,solana,1,2026-09-02T20:01:12.580Z,"MOS pool swaps + mint transfers, window 2026-08-31T16:00Z..now"
2cWuV75j6RZq1JiKsLhnArX55srGNVAn4EbzfDPMpDCj,MOS,solana,2,2026-09-02T20:01:12.580Z,"MOS pool swaps + mint transfers, window 2026-08-31T16:00Z..now"
5t5n1NjS4JFrWwcN6RyqEfWMtfL2Q3uu6qqEfajbv7KX,MOS,solana,2,2026-09-02T20:01:12.580Z,"MOS pool swaps + mint transfers, window 2026-08-31T16:00Z..now"
HE6pbeKtBTBRXXm1w9QAGx2Zp1DzscyT9ZZMc2eZTbY3,MOS,solana,2,2026-09-02T20:01:12.580Z,"MOS pool swaps + mint transfers, window 2026-08-31T16:00Z..now"
3333331XxvKs5tLW8guhhQpJ1gz98GAHcnmzsNWE5SHG,MOS,solana,2,2026-09-02T20:01:12.580Z,"MOS pool swaps + mint transfers, window 2026-08-31T16:00Z..now"
4kAoj948gduabEkJ5gLstit9c4py3oovEK7dyzmg6jAH,MOS,solana,2,2026-09-02T20:01:12.580Z,"MOS pool swaps + mint transfers, window 2026-08-31T16:00Z..now"
CdeT4gc7dT5JVpVszWioFbugqS2E5SbmbZHDWiRjyvam,MOS,solana,1,2026-09-02T20:01:12.580Z,"MOS pool swaps + mint transfers, window 2026-08-31T16:00Z..now"
9fcMp3GNGnd3qTn4krE399UYEsUNfkVsXQvo8np47NGW,MOS,solana,1,2026-09-02T20:01:12.580Z,"MOS pool swaps + mint transfers, window 2026-08-31T16:00Z..now"
4JDbbfp5X7iyWhgUYYhFoyrffPptqGdJ3Fw5qFuHbAmB,MOS,solana,1,2026-09-02T20:01:12.580Z,"MOS pool swaps + mint transfers, window 2026-08-31T16:00Z..now"
3vU8Fzy3t1S4KZuN7GstKz7xjwReW9kVrKgccudoGPoX,MOS,solana,2,2026-09-02T20:01:12.580Z,"MOS pool swaps + mint transfers, window 2026-08-31T16:00Z..now"
FajRjXFhPdAQ2TtHyh1gRx3tsQcFQK8n9d6n5eT8UZi8,MOS,solana,2,2026-09-02T20:01:12.580Z,"MOS pool swaps + mint transfers, window 2026-08-31T16:00Z..now"
5oDLqaS6Y5giESVNJaGHM8kmGvhkyyXXfbbwzhSFdMPZ,MOS,solana,2,2026-09-02T20:01:12.580Z,"MOS pool swaps + mint transfers, window 2026-08-31T16:00Z..now"
38WG5wp6tD9W29gBbfVUBpBSoZ2nRaYTuEJAKWPF7eQE,MOS,solana,2,2026-09-02T20:01:12.580Z,"MOS pool swaps + mint transfers, window 2026-08-31T16:00Z..now"
5MLMGxECcwtysPfSQzhFWKzmFy2ipV59cL2DKeRFgpQV,MOS,solana,2,2026-09-02T20:01:12.580Z,"MOS pool swaps + mint transfers, window 2026-08-31T16:00Z..now"
DJRsQZjTHYqPkjW7QuufPAJyQywHwEdUcyBNeoM5jjeK,MOS,solana,2,2026-09-02T20:01:12.580Z,"MOS pool swaps + mint transfers, window 2026-08-31T16:00Z..now"
12azU4uf5eHsgnfeJCu75uYCEwyQ1C77uJFXGjYezPUi,MOS,solana,2,2026-09-02T20:01:12.580Z,"MOS pool swaps + mint transfers, window 2026-08-31T16:00Z..now"
7sQcfXt3Kow1VYrzLqc8W9FudigdD3jw5nhrL924zcAf,MOS,solana,1,2026-09-02T20:01:12.580Z,"MOS pool swaps + mint transfers, window 2026-08-31T16:00Z..now"
7U6UstqREwY2tpQooeyKwkWTEwnnHQZZWM6H27VAUEDW,MOS,solana,2,2026-09-02T20:01:12.580Z,"MOS pool swaps + mint transfers, window 2026-08-31T16:00Z..now"
ERsC8iEfTPfAQGESRLmaxNYu3pAi1boHYsA4TWpYq8PL,MOS,solana,2,2026-09-02T20:01:12.580Z,"MOS pool swaps + mint transfers, window 2026-08-31T16:00Z..now"
EccMGpp6Nab3dZcqVpKZFmw7V8LbEvSN3RkmYbxsfDSG,MOS,solana,1,2026-09-02T20:01:12.580Z,"MOS pool swaps + mint transfers, window 2026-08-31T16:00Z..now"
4T6A3ACBcdh8DtcwohgXahooqjxnxfD6guvZJfoKCFwN,MOS,solana,1,2026-09-02T20:01:12.580Z,"MOS pool swaps + mint transfers, window 2026-08-31T16:00Z..now"
ixkExEenYkEqLFQSm8UpWe8CXn9gHiigjcUZeGAkvaP,MOS,solana,2,2026-09-02T20:01:12.580Z,"MOS pool swaps + mint transfers, window 2026-08-31T16:00Z..now"
FRtDFczmxhDGBaELqHwPKH9pUkJfa9RJMp61PRKEzMHi,MOS,solana,2,2026-09-02T20:01:12.580Z,"MOS pool swaps + mint transfers, window 2026-08-31T16:00Z..now"
ENKykkYN4rVEJgUxMtgo82L2ZgfVxTEMjrYGL4tySNnj,MOS,solana,1,2026-09-02T20:01:12.580Z,"MOS pool swaps + mint transfers, window 2026-08-31T16:00Z..now"
CKQXhCmxkGji22tTNJnzCFnf1j3PXfaUY5kTohcHiFYS,MOS,solana,2,2026-09-02T20:01:12.580Z,"MOS pool swaps + mint transfers, window 2026-08-31T16:00Z..now"
Go4USW7pcuvACoj9uuJoBbSw1zaZKHHKTUPpwvusL1T9,MOS,solana,2,2026-09-02T20:01:12.580Z,"MOS pool swaps + mint transfers, window 2026-08-31T16:00Z..now"
BUpAjX5EZMRYJXT6JE2HB3VtzvuX6a6GtPvMQbAmnvaH,MOS,solana,3,2026-09-02T20:01:12.580Z,"MOS pool swaps + mint transfers, window 2026-08-31T16:00Z..now"
Sq3WYpJZCEnCSczvdwev1KwPQDNjpGfWM23SuVvVEhH,MOS,solana,1,2026-09-02T20:01:12.580Z,"MOS pool swaps + mint transfers, window 2026-08-31T16:00Z..now"
GRPTqVQwDf1N9snFkxSC8j6LWzRxJXGVXjwXo57zCVke,MOS,solana,1,2026-09-02T20:01:12.580Z,"MOS pool swaps + mint transfers, window 2026-08-31T16:00Z..now"
7uWtDZVXVtyUAnXXww4rUZbYvB2pKYwYcSwyLphQ2D6Q,MOS,solana,2,2026-09-02T20:01:12.580Z,"MOS pool swaps + mint transfers, window 2026-08-31T16:00Z..now"
9k3fsX7o4GLjrWCmxWHJMSxtNouVc5ac588MRchtRAqr,MOS,solana,1,2026-09-02T20:01:12.580Z,"MOS pool swaps + mint transfers, window 2026-08-31T16:00Z..now"
EHQ7NAPT73innDrU7X3UKJoJAXYKXFujdJESdKAXHA5w,MOS,solana,3,2026-09-02T20:01:12.580Z,"MOS pool swaps + mint transfers, window 2026-08-31T16:00Z..now"
GdSzXmAHGaVJnLEVjL6TZEEPkRcAtTtE12a2MtQgEvs,MOS,solana,1,2026-09-02T20:01:12.580Z,"MOS pool swaps + mint transfers, window 2026-08-31T16:00Z..now"
9sBNdk8YrQrZ81d7PB2MtYTLLPFhQQt3MkauLVES4Ksq,MOS,solana,1,2026-09-02T20:01:12.580Z,"MOS pool swaps + mint transfers, window 2026-08-31T16:00Z..now"
3MjCe45uNZ7qXa8chVpSgc3cXQMD9oiveoiD1EzMgJym,MOS,solana,1,2026-09-02T20:01:12.580Z,"MOS pool swaps + mint transfers, window 2026-08-31T16:00Z..now"
51HXbxYsTsbFpv3hD77Y1XuxpSibNAWTCWjKm1yQmNoN,MOS,solana,2,2026-09-02T20:01:12.580Z,"MOS pool swaps + mint transfers, window 2026-08-31T16:00Z..now"
DkJ3P8qY3aimkxCYokoWitUyZuP6WtbBRwQtxqQvibBd,MOS,solana,2,2026-09-02T20:01:12.580Z,"MOS pool swaps + mint transfers, window 2026-08-31T16:00Z..now"
DeNCx4TFcsX5jSx56Lcx66b1FAVGrR4N4SYawpcEbmEE,MOS,solana,1,2026-09-02T20:01:12.580Z,"MOS pool swaps + mint transfers, window 2026-08-31T16:00Z..now"
E4KbsYZjysKkqRSCMqoz8yt1nd1D83cWCaXdr6FFKnHW,MOS,solana,2,2026-09-02T20:01:12.580Z,"MOS pool swaps + mint transfers, window 2026-08-31T16:00Z..now"
8rhLSsoXBS1Eb13itvUsgGNtMVtp2Dx36qcakCx8DLWK,MOS,solana,2,2026-09-02T20:01:12.580Z,"MOS pool swaps + mint transfers, window 2026-08-31T16:00Z..now"
FomTeaEEtSDczo86UQeBEidTLUobTbiNH7Fw1uhMzKgs,MOS,solana,2,2026-09-02T20:01:12.580Z,"MOS pool swaps + mint transfers, window 2026-08-31T16:00Z..now"
EzqdNU7P8jx2rPc9vuM4Dc1QYV71Ad56La6sWyh7qfjz,MOS,solana,2,2026-09-02T20:01:12.580Z,"MOS pool swaps + mint transfers, window 2026-08-31T16:00Z..now"
6tLFhDTLb1eTDTbmTPfNDxWsq7zt3ExAhbywVquUgrU4,MOS,solana,1,2026-09-02T20:01:12.580Z,"MOS pool swaps + mint transfers, window 2026-08-31T16:00Z..now"
9NHkjmjwqJunwNueKxdVEzcz5MpoYUAb66VddcNkAwTP,MOS,solana,1,2026-09-02T20:01:12.580Z,"MOS pool swaps + mint transfers, window 2026-08-31T16:00Z..now"
4TQ59VPfpRGnn3do9Ji2fooraPxGHjunJftY16ufAF98,MOS,solana,2,2026-09-02T20:01:12.580Z,"MOS pool swaps + mint transfers, window 2026-08-31T16:00Z..now"
GGMRPkhEkhKWfaMMCnA9mdQmygrXhgKehuEcm56xamMM,MOS,solana,1,2026-09-02T20:01:12.580Z,"MOS pool swaps + mint transfers, window 2026-08-31T16:00Z..now"
8Fht226MbKrTCw2YFqppxhfXxCxFW5RRr4kgA1DZh9GV,MOS,solana,1,2026-09-02T20:01:12.580Z,"MOS pool swaps + mint transfers, window 2026-08-31T16:00Z..now"
H3E9FMcHhQB3Km1omjHmYYWdLp17FRpGXxZZRxDyvikv,MOS,solana,1,2026-09-02T20:01:12.580Z,"MOS pool swaps + mint transfers, window 2026-08-31T16:00Z..now"
GF1ZFFPuNxcKsHbHqLuwD8nNFJeviSB2yhkMwvfS7WL3,MOS,solana,1,2026-09-02T20:01:12.580Z,"MOS pool swaps + mint transfers, window 2026-08-31T16:00Z..now"
EudmSttGk5mR1YgHVyZhpd2VvbxGCDjnH1E7ciLHV235,MOS,solana,2,2026-09-02T20:01:12.580Z,"MOS pool swaps + mint transfers, window 2026-08-31T16:00Z..now"
GfA5hJJuij5mazw7Sjqp4Zka1uHoy5t77XNuQCYHmFr6,MOS,solana,2,2026-09-02T20:01:12.580Z,"MOS pool swaps + mint transfers, window 2026-08-31T16:00Z..now"
F2CXkotbf69dCGYgpi88YX5gfXqDnGnnZmqz7TZs1Y9c,MOS,solana,2,2026-09-02T20:01:12.580Z,"MOS pool swaps + mint transfers, window 2026-08-31T16:00Z..now"
9AgSiEMznvW8fxc6nELaGzpg6iWFyByWpybyU76HCfHy,MOS,solana,2,2026-09-02T20:01:12.580Z,"MOS pool swaps + mint transfers, window 2026-08-31T16:00Z..now"
FHXWrzY21QFXjRUN5kUqTHnKa2D9GBZkeeQkj6MeKUGK,MOS,solana,1,2026-09-02T20:01:12.580Z,"MOS pool swaps + mint transfers, window 2026-08-31T16:00Z..now"
swSkoEoGFbsw5siFBd2p4JcjfsFh3NRbhJoQ46M7Ejv,MOS,solana,2,2026-09-02T20:01:12.580Z,"MOS pool swaps + mint transfers, window 2026-08-31T16:00Z..now"
22JrERpz3SkmkDfJy3FihRGLCgoW1A5QKRGwrYuGLci7,MOS,solana,1,2026-09-02T20:01:12.580Z,"MOS pool swaps + mint transfers, window 2026-08-31T16:00Z..now"
8Q4L9n3xHpmjZPhV83sU8GFhwKvtQuWxGa2SoZDUxn2U,MOS,solana,2,2026-09-02T20:01:12.580Z,"MOS pool swaps + mint transfers, window 2026-08-31T16:00Z..now"
GPhoW3jNdWwmZpSLnEYj5NpwP3uvQNJLLV4Tq5woGCST,MOS,solana,2,2026-09-02T20:01:12.580Z,"MOS pool swaps + mint transfers, window 2026-08-31T16:00Z..now"
62jzbJiRpJvdHYV3Qt6vExU8osQuFJdSnSMTDWiS42Ra,MOS,solana,1,2026-09-02T20:01:12.580Z,"MOS pool swaps + mint transfers, window 2026-08-31T16:00Z..now"
D1NZBN2E2mryUtJ1s7csVMjskgn3YsKnUb6W5GbDWruk,MOS,solana,1,2026-09-02T20:01:12.580Z,"MOS pool swaps + mint transfers, window 2026-08-31T16:00Z..now"
4hE3YGY4stjTs2v6dqDPVVT4DgbUCMRazQ4W7Yns12nT,MOS,solana,2,2026-09-02T20:01:12.580Z,"MOS pool swaps + mint transfers, window 2026-08-31T16:00Z..now"
7ssN25DJHPuQjQ3t1TknrnoBcrz2CL9bery7tK5ixaw9,MOS,solana,1,2026-09-02T20:01:12.580Z,"MOS pool swaps + mint transfers, window 2026-08-31T16:00Z..now"
9kJyXuh99jLHuiFNDHSkdbHNBDUMBxSBPh2SW4CvvCoV,MOS,solana,2,2026-09-02T20:01:12.580Z,"MOS pool swaps + mint transfers, window 2026-08-31T16:00Z..now"
GyCzb2VPKnoRHrp368rVeo2vryzUiTfpg38Zh5srHz9V,MOS,solana,1,2026-09-02T20:01:12.580Z,"MOS pool swaps + mint transfers, window 2026-08-31T16:00Z..now"
G9QAJbk7XDDnzeCCoiA9zWf5QfoPMufhsK5HB61oFDfr,MOS,solana,1,2026-09-02T20:01:12.580Z,"MOS pool swaps + mint transfers, window 2026-08-31T16:00Z..now"
6Sg7ZrBFdAr17mbVhkMg3XPMxBgXj4BiAbHZ83oJ1LsV,MOS,solana,1,2026-09-02T20:01:12.580Z,"MOS pool swaps + mint transfers, window 2026-08-31T16:00Z..now"
3tbp1t2uTvM4q6ht4PUSp3qtWfGqa1bJNhBNCorkiXSM,MOS,solana,2,2026-09-02T20:01:12.580Z,"MOS pool swaps + mint transfers, window 2026-08-31T16:00Z..now"
4xw5E7HErmkhatWMK6jutRL7Gw787TdSoRwp4ysG4GPU,MOS,solana,2,2026-09-02T20:01:12.580Z,"MOS pool swaps + mint transfers, window 2026-08-31T16:00Z..now"
6cCtCK1PEkcwpiykHGEYGRp89v1MutZ99sj2yATxSmpZ,MOS,solana,1,2026-09-02T20:01:12.580Z,"MOS pool swaps + mint transfers, window 2026-08-31T16:00Z..now"
4nsTB2vtN754HhGTBuse3UrK8z3P8MeZwyA6bDvqkFTH,MOS,solana,2,2026-09-02T20:01:12.580Z,"MOS pool swaps + mint transfers, window 2026-08-31T16:00Z..now"
2VwdJiLMp8bk1KPDgT3TQC8fHg6LHmvXH45zJ5RZeHz7,MOS,solana,1,2026-09-02T20:01:12.580Z,"MOS pool swaps + mint transfers, window 2026-08-31T16:00Z..now"
EE9J1ZBAuqipWAUvzk7MGLXSWakgwo9t7zUCRNs7xVvk,MOS,solana,2,2026-09-02T20:01:12.580Z,"MOS pool swaps + mint transfers, window 2026-08-31T16:00Z..now"
HAW411rkLFUoNemqe2urf3nniz2eJGsQL4iEYfDhaZpT,MOS,solana,1,2026-09-02T20:01:12.580Z,"MOS pool swaps + mint transfers, window 2026-08-31T16:00Z..now"
DgasR2pDg4QqnL4kxdVEyRAmD3aSctxGyaV6FViGBa2C,MOS,solana,2,2026-09-02T20:01:12.580Z,"MOS pool swaps + mint transfers, window 2026-08-31T16:00Z..now"
ByZsifmf1yEw5phvXNiE3EADMfuSjKNZ1YeiMtmUok3j,MOS,solana,1,2026-09-02T20:01:12.580Z,"MOS pool swaps + mint transfers, window 2026-08-31T16:00Z..now"
GCsHswYLuVcisAPC73Vc4tT2noo5D5j29z1mBhy8MHtf,MOS,solana,2,2026-09-02T20:01:12.580Z,"MOS pool swaps + mint transfers, window 2026-08-31T16:00Z..now"
HG6uFJwC64tirS4pFRxDqkvsA2u8n9nbtMMcHPmmAVSw,MOS,solana,2,2026-09-02T20:01:12.580Z,"MOS pool swaps + mint transfers, window 2026-08-31T16:00Z..now"
2L17Sw85Lh2Ca7ejEzWqyJsZ3yS4DxQhYr52X5H5xRns,MOS,solana,1,2026-09-02T20:01:12.580Z,"MOS pool swaps + mint transfers, window 2026-08-31T16:00Z..now"
2WnY4QziD1YpiMctczR2LZXCR1565pKY4HQKNJvYMbdc,MOS,solana,2,2026-09-02T20:01:12.580Z,"MOS pool swaps + mint transfers, window 2026-08-31T16:00Z..now"
AfThadQ8aEURztc63QCU7CvBLA43foR9cBYPtJFvkHtV,MOS,solana,1,2026-09-02T20:01:12.580Z,"MOS pool swaps + mint transfers, window 2026-08-31T16:00Z..now"
EufuL5yM3D6DmSszgsBWKqNGStqXXjTZk9DSWrVNSULF,MOS,solana,1,2026-09-02T20:01:12.580Z,"MOS pool swaps + mint transfers, window 2026-08-31T16:00Z..now"
FhxKjqAqTZxvc5APxybAWgLCmFYJRYWmx7zqRoKDiKSN,MOS,solana,2,2026-09-02T20:01:12.580Z,"MOS pool swaps + mint transfers, window 2026-08-31T16:00Z..now"
4hNGjerUtpyw6kVyDWJn35jW3dMG11pVSg47JTkyx42q,MOS,solana,2,2026-09-02T20:01:12.580Z,"MOS pool swaps + mint transfers, window 2026-08-31T16:00Z..now"
Hhk7LpJ3SYcBgReT2EkH7vRP7WZHQMeoTtpZHA58xyjp,MOS,solana,2,2026-09-02T20:01:12.580Z,"MOS pool swaps + mint transfers, window 2026-08-31T16:00Z..now"
FtEkYAemyPzuRzpqdqcU86sU1i2R4rVfYL3p2gq45JRH,MOS,solana,1,2026-09-02T20:01:12.580Z,"MOS pool swaps + mint transfers, window 2026-08-31T16:00Z..now"
AJofLRzr9Hj6P86u2pQuxhLM12ZaMupRtxMDmyAJ18KN,MOS,solana,1,2026-09-02T20:01:12.580Z,"MOS pool swaps + mint transfers, window 2026-08-31T16:00Z..now"
JDT54PVTp7pJHUNr8bx6fK1Myq5MX8cP38NipetAPYeu,MOS,solana,2,2026-09-02T20:01:12.580Z,"MOS pool swaps + mint transfers, window 2026-08-31T16:00Z..now"
n4BzCyMLVuffThBQEm6QrgfU9pkj9ThV2Cb8ze7Ty3Y,MOS,solana,1,2026-09-02T20:01:12.580Z,"MOS pool swaps + mint transfers, window 2026-08-31T16:00Z..now"
C2yWV7HAXPWTtMz1DC9ESBTeizig9Mzta7VZyQG5r5S4,MOS,solana,2,2026-09-02T20:01:12.580Z,"MOS pool swaps + mint transfers, window 2026-08-31T16:00Z..now"
BYxxKQ7crodCMHBydmsg2pBonuuaHFRKxafBprNdVTTh,MOS,solana,2,2026-09-02T20:01:12.580Z,"MOS pool swaps + mint transfers, window 2026-08-31T16:00Z..now"
EkXxonwVB27DoBqSEnYYjNPmF83trANHNZkq6ffkRA62,MOS,solana,2,2026-09-02T20:01:12.580Z,"MOS pool swaps + mint transfers, window 2026-08-31T16:00Z..now"
3PpgE1PkUoftrPkZ5TcYzqaVHJs27baJsd4WathmNkuP,MOS,solana,2,2026-09-02T20:01:12.580Z,"MOS pool swaps + mint transfers, window 2026-08-31T16:00Z..now"
7WQFmWgPtKspxoDrcdRXx87Ejiob9Ciie43eVtGyGePJ,MOS,solana,1,2026-09-02T20:01:12.580Z,"MOS pool swaps + mint transfers, window 2026-08-31T16:00Z..now"
4TCBpS4jC2yWcBrayikGxRzf36Ed1JCcwwYyTzcfQXoa,MOS,solana,1,2026-09-02T20:01:12.580Z,"MOS pool swaps + mint transfers, window 2026-08-31T16:00Z..now"
8MvHTaB7Qua7xMvEWGeUFqXxVDAKEQ4sLiT9DChLAS3W,MOS,solana,2,2026-09-02T20:01:12.580Z,"MOS pool swaps + mint transfers, window 2026-08-31T16:00Z..now"
3qrEFwQayjs2t9qNNmet1RFSk9PzTgpAtvSKTKj7SVN2,MOS,solana,2,2026-09-02T20:01:12.580Z,"MOS pool swaps + mint transfers, window 2026-08-31T16:00Z..now"
1oDSCQkTs3oQvU5PehYdwhScEqDU7gZWEHtC1h5QTnL,MOS,solana,2,2026-09-02T20:01:12.580Z,"MOS pool swaps + mint transfers, window 2026-08-31T16:00Z..now"
3P7V6C9S6uD3UMcskMezrj9mEvJiZ7rQim7ewxmvz5oA,MOS,solana,1,2026-09-02T20:01:12.580Z,"MOS pool swaps + mint transfers, window 2026-08-31T16:00Z..now"
5NxsfYTfmiNyZFrpkHtyy2ADqP5XMwGQJd8MwnFQHfCV,MOS,solana,2,2026-09-02T20:01:12.580Z,"MOS pool swaps + mint transfers, window 2026-08-31T16:00Z..now"
9Dun6vMEZKqtBSvtz9nkMuryn8KWz2AyVP6mxcCL7iwN,MOS,solana,2,2026-09-02T20:01:12.580Z,"MOS pool swaps + mint transfers, window 2026-08-31T16:00Z..now"
ED6LDRoXAR6dzsuxV54WTwkqqBTbWsuZVPSzPM8rB5J6,MOS,solana,2,2026-09-02T20:01:12.580Z,"MOS pool swaps + mint transfers, window 2026-08-31T16:00Z..now"
4rfiCBeujgp2wheCHN2AGjV1fGNq99xrsrnn4CWhvA6i,MOS,solana,2,2026-09-02T20:01:12.580Z,"MOS pool swaps + mint transfers, window 2026-08-31T16:00Z..now"
835GEJgjDt4B4LzC33vYpt6dQXUWJqkkVnWVnGP3WUKN,MOS,solana,2,2026-09-02T20:01:12.580Z,"MOS pool swaps + mint transfers, window 2026-08-31T16:00Z..now"
3VMW45SQTeSxFrSozjBbx49qqQ2z6HKUezvakAPwHwhz,MOS,solana,2,2026-09-02T20:01:12.580Z,"MOS pool swaps + mint transfers, window 2026-08-31T16:00Z..now"
7UDarSsvMu64SDyL5dayANca8za87tbyeuAdGjMKWf16,MOS,solana,2,2026-09-02T20:01:12.580Z,"MOS pool swaps + mint transfers, window 2026-08-31T16:00Z..now"
9oKGw6n6tjGC7mGuS4PLRYx1xSMt2pAzFdCibUjdaX2m,MOS,solana,2,2026-09-02T20:01:12.580Z,"MOS pool swaps + mint transfers, window 2026-08-31T16:00Z..now"
Fz8iaxo5fQa8PuNK2RHK1j69PDgc6gizDMHnnzBXvZi2,MOS,solana,2,2026-09-02T20:01:12.580Z,"MOS pool swaps + mint transfers, window 2026-08-31T16:00Z..now"
7NApvWKu55L1BvREH3XH8BThPR7t2e926jHcc4gjCEer,MOS,solana,2,2026-09-02T20:01:12.580Z,"MOS pool swaps + mint transfers, window 2026-08-31T16:00Z..now"
32wpe55PNUsqSTiimQ5hmdVS6yjxSU7Rb7sTvTxn4yPS,MOS,solana,2,2026-09-02T20:01:12.580Z,"MOS pool swaps + mint transfers, window 2026-08-31T16:00Z..now"
FzDKR7jsQD5fMaCStPTohbZ8EyKGNFeyDRSJeotTzNuf,MOS,solana,1,2026-09-02T20:01:12.580Z,"MOS pool swaps + mint transfers, window 2026-08-31T16:00Z..now"
DgEVwLPvrmVUzXnqWYyxLr5fddKGc7ogjTrZrWkL1Poe,MOS,solana,1,2026-09-02T20:01:12.580Z,"MOS pool swaps + mint transfers, window 2026-08-31T16:00Z..now"
FVWMF5zAVvuGhVmkz5d7V1pmQa4rYB5hZX2Cbc1tEYhe,MOS,solana,1,2026-09-02T20:01:12.580Z,"MOS pool swaps + mint transfers, window 2026-08-31T16:00Z..now"
94yFK2TPMCUFy8yhhnUNBuBL5S1m8ieDEwxhedon9pfw,MOS,solana,2,2026-09-02T20:01:12.580Z,"MOS pool swaps + mint transfers, window 2026-08-31T16:00Z..now"
42YtP9yQveq3NJcLzhQjzSB4pWnS3cbJvyo1EmGtgF9d,MOS,solana,2,2026-09-02T20:01:12.580Z,"MOS pool swaps + mint transfers, window 2026-08-31T16:00Z..now"
8BZPRwUC8is9yGrdaiJ2mXxS3xPdiGqm6vEinCdgCeyv,MOS,solana,2,2026-09-02T20:01:12.580Z,"MOS pool swaps + mint transfers, window 2026-08-31T16:00Z..now"
33SJFrGYWn7CU3tW4MVE3SCpmNVb2hx9dVzYD9JHPJvo,MOS,solana,1,2026-09-02T20:01:12.580Z,"MOS pool swaps + mint transfers, window 2026-08-31T16:00Z..now"
7kVTVDa67H6zqVxdub5XEh7GdLT2G7Hi2GHSUkZYht7Z,MOS,solana,2,2026-09-02T20:01:12.580Z,"MOS pool swaps + mint transfers, window 2026-08-31T16:00Z..now"
E4uLjREJTRhAV2n7Ds5d67wEAfaZTEcgff52L9Z4eJBn,MOS,solana,1,2026-09-02T20:01:12.580Z,"MOS pool swaps + mint transfers, window 2026-08-31T16:00Z..now"
CrimeNyhQSBYEn7Xy65BYU7pdM6bEWo5PdXN4pL6WLaf,MOS,solana,2,2026-09-02T20:01:12.580Z,"MOS pool swaps + mint transfers, window 2026-08-31T16:00Z..now"
DragonqCtR4KgBxzfb3RULQwDL22HJZKVM47gqh295fJ,MOS,solana,2,2026-09-02T20:01:12.580Z,"MOS pool swaps + mint transfers, window 2026-08-31T16:00Z..now"
PrinceQippqYYMCjxQfuQ6efBZAw5KhxxmrUKQM47T6,MOS,solana,2,2026-09-02T20:01:12.580Z,"MOS pool swaps + mint transfers, window 2026-08-31T16:00Z..now"
DTqV5KXqEFoA9oXEfBQjnE9zsKsEa5jfrswYzL12rBP6,MOS,solana,1,2026-09-02T20:01:12.580Z,"MOS pool swaps + mint transfers, window 2026-08-31T16:00Z..now"
8QmMfhUadx6FBaZ8tJyXSG4P5Ha2bmbHB4zaEYDhTiA5,MOS,solana,1,2026-09-02T20:01:12.580Z,"MOS pool swaps + mint transfers, window 2026-08-31T16:00Z..now"
u1NMibgdQek4h8Sh5hoJ88EXrJbJxWnLaiTjpa78zUV,MOS,solana,2,2026-09-02T20:01:12.580Z,"MOS pool swaps + mint transfers, window 2026-08-31T16:00Z..now"
816FfBhdYmGLW3m4tfM444xJGixCZUsxezhwG6Ycx15n,MOS,solana,2,2026-09-02T20:01:12.580Z,"MOS pool swaps + mint transfers, window 2026-08-31T16:00Z..now"
3mY4CQxYHsc5QpvTc3fSFWDTCKJn6JJ4ysqkq3cnCF4z,MOS,solana,2,2026-09-02T20:01:12.580Z,"MOS pool swaps + mint transfers, window 2026-08-31T16:00Z..now"
5Dzty98pjA32dTPWKapKtAcMRKCyDRfz1rwPn1UUQqY7,MOS,solana,2,2026-09-02T20:01:12.580Z,"MOS pool swaps + mint transfers, window 2026-08-31T16:00Z..now"
66sgE7EePEJ27dnhbGMc8PwaaBXH6GRY6oguBbhnBBu5,MOS,solana,2,2026-09-02T20:01:12.580Z,"MOS pool swaps + mint transfers, window 2026-08-31T16:00Z..now"
FL8UbaaFXFmwkcovBAfqpEMaE5iivphCT2wsS6oZspGn,MOS,solana,2,2026-09-02T20:01:12.580Z,"MOS pool swaps + mint transfers, window 2026-08-31T16:00Z..now"
8AdDDh122B3ynk99u6EaX9ywxCEqDtConTw8KTroGVXX,MOS,solana,2,2026-09-02T20:01:12.580Z,"MOS pool swaps + mint transfers, window 2026-08-31T16:00Z..now"
EvYG2ZzprXeyJggW1vMUiRjj9vnmCAqD5TwxwQ4mStez,MOS,solana,1,2026-09-02T20:01:12.580Z,"MOS pool swaps + mint transfers, window 2026-08-31T16:00Z..now"
7gLPqKkEemtPZau83FtNt2jUy6f9J1zEmvxJpYmK61Uw,MOS,solana,2,2026-09-02T20:01:12.580Z,"MOS pool swaps + mint transfers, window 2026-08-31T16:00Z..now"
HJqhS1a4jUMm1hyZynWWj9pKJMjMfjwQjUnbVbf1MU33,MOS,solana,2,2026-09-02T20:01:12.580Z,"MOS pool swaps + mint transfers, window 2026-08-31T16:00Z..now"
57S1GiejG8fSVN4Pkcez2ABiRqKLBCnFp8bJEAputGWn,MOS,solana,3,2026-09-02T20:01:12.580Z,"MOS pool swaps + mint transfers, window 2026-08-31T16:00Z..now"
7DjzPErV1koQCnANEspw9UuF5yJgoV2d9wUTdvDNhyit,MOS,solana,1,2026-09-02T20:01:12.580Z,"MOS pool swaps + mint transfers, window 2026-08-31T16:00Z..now"
FRAVN9kB4kPwm795Hy9NwrBcV7g9AJoAEtDRnxqA432L,MOS,solana,1,2026-09-02T20:01:12.580Z,"MOS pool swaps + mint transfers, window 2026-08-31T16:00Z..now"
6PKT57K8TaqbpFqAVfPqxmsqbREhqUB3xoJme1m2gGGg,MOS,solana,1,2026-09-02T20:01:12.580Z,"MOS pool swaps + mint transfers, window 2026-08-31T16:00Z..now"
41FuyXthgYq6THYLifuBHbZ3NRnAzopQ5bRBWE1hdbGV,MOS,solana,1,2026-09-02T20:01:12.580Z,"MOS pool swaps + mint transfers, window 2026-08-31T16:00Z..now"
8MobnGisjSZqVh7h2sLZFgzjwPLr8awbpgkYAjuBeH6R,MOS,solana,1,2026-09-02T20:01:12.580Z,"MOS pool swaps + mint transfers, window 2026-08-31T16:00Z..now"
G6qcFAfX2AcBYRXtaLg4R8X2oPKxDpHQJFyMP2qGhGrR,MOS,solana,2,2026-09-02T20:01:12.580Z,"MOS pool swaps + mint transfers, window 2026-08-31T16:00Z..now"
3sM3sxhRYZYoxvAxiahF4LM5zo3vy9c2dJTQDdbvvKMG,MOS,solana,2,2026-09-02T20:01:12.580Z,"MOS pool swaps + mint transfers, window 2026-08-31T16:00Z..now"
Cdn51F2kEFoXPNQTWw2ZJaMc8XSk93ynYSgcA6zMNe96,MOS,solana,2,2026-09-02T20:01:12.580Z,"MOS pool swaps + mint transfers, window 2026-08-31T16:00Z..now"
DLnnkpTwfUPQRE2w8BK3XsZ11o9XuEHg6NiRaJAs6w2X,MOS,solana,2,2026-09-02T20:01:12.580Z,"MOS pool swaps + mint transfers, window 2026-08-31T16:00Z..now"
64rY3jB9i1wZy1VMMfxGJ8CpkGfdTzP32pFquth2ATLw,MOS,solana,2,2026-09-02T20:01:12.580Z,"MOS pool swaps + mint transfers, window 2026-08-31T16:00Z..now"
5SwQWVc6Mbnz6UzqDKffBwoHeEWNF2ZRG5LSotWLAW5h,MOS,solana,2,2026-09-02T20:01:12.580Z,"MOS pool swaps + mint transfers, window 2026-08-31T16:00Z..now"
7hUfeWoUnDwgcGaZnfVGwTAAbAjzmpcBCSdD7y2oS8NB,MOS,solana,1,2026-09-02T20:01:12.580Z,"MOS pool swaps + mint transfers, window 2026-08-31T16:00Z..now"
BGVobQzqq7B8jFMXSBq25Cn9m4CpZPuD5pHmarm48GXS,MOS,solana,2,2026-09-02T20:01:12.580Z,"MOS pool swaps + mint transfers, window 2026-08-31T16:00Z..now"
GBYJ2bz2g6xg6v2CjRXwX85jPETfRQrYDo9CED7qzAqL,MOS,solana,2,2026-09-02T20:01:12.580Z,"MOS pool swaps + mint transfers, window 2026-08-31T16:00Z..now"
8bkF4vATX6QSL3hjr95UBch51AzEV99ZqyDJUXCvXr9z,MOS,solana,2,2026-09-02T20:01:12.580Z,"MOS pool swaps + mint transfers, window 2026-08-31T16:00Z..now"
7fwqj663UQdKWM8AK3wxst6knjVqwjpXzaQ8ZaDkPZXH,MOS,solana,2,2026-09-02T20:01:12.580Z,"MOS pool swaps + mint transfers, window 2026-08-31T16:00Z..now"
EeDk1jr58fpAyW1ULXQPA9j64KJuBv5R4iYfG7i8oaKn,MOS,solana,2,2026-09-02T20:01:12.580Z,"MOS pool swaps + mint transfers, window 2026-08-31T16:00Z..now"
4fdu8p8ZEk9NXUVq1m9HRK2zMDyg17DGPaE2fVnpufrX,MOS,solana,1,2026-09-02T20:01:12.580Z,"MOS pool swaps + mint transfers, window 2026-08-31T16:00Z..now"
DibZSpfWdnxG9SDYvZfBpsop4K6G8zYrYRD5LWVgjUd5,MOS,solana,2,2026-09-02T20:01:12.580Z,"MOS pool swaps + mint transfers, window 2026-08-31T16:00Z..now"
5RFv6wyPvNi8XMZfdEsdDPGkYUrtNbRZtFQcg9PUJWBV,MOS,solana,2,2026-09-02T20:01:12.580Z,"MOS pool swaps + mint transfers, window 2026-08-31T16:00Z..now"
6tmu2gGkEEeU3QwmCcaiQNgP6bvaW2iHvVENu968TQrP,MOS,solana,3,2026-09-02T20:01:12.580Z,"MOS pool swaps + mint transfers, window 2026-08-31T16:00Z..now"
EjfdCpa7DWe197xXUSbcLnoAmqprmTW8Z7ep6rasr7DP,MOS,solana,2,2026-09-02T20:01:12.580Z,"MOS pool swaps + mint transfers, window 2026-08-31T16:00Z..now"
6DmJoMkeSU9uR4hF4fJ8NbpPfRRF9yydF9ik5Fy27Ti7,MOS,solana,2,2026-09-02T20:01:12.580Z,"MOS pool swaps + mint transfers, window 2026-08-31T16:00Z..now"
631pu1ZGZaDpmy3U887j4t5ZwehwUj4tAexX1VEbRwwd,MOS,solana,2,2026-09-02T20:01:12.580Z,"MOS pool swaps + mint transfers, window 2026-08-31T16:00Z..now"
DZYbz8g8qCtyGtCaHRzZ38CDMF6NwL6cnzd6tD6z8cpa,MOS,solana,2,2026-09-02T20:01:12.580Z,"MOS pool swaps + mint transfers, window 2026-08-31T16:00Z..now"
7rS7KnwvQVwuNpLp5UAuhnnguvEn6PvFVAadmrcmit1R,MOS,solana,1,2026-09-02T20:01:12.580Z,"MOS pool swaps + mint transfers, window 2026-08-31T16:00Z..now"
5eDLWYj4qwpBwb8NEYCRGRuQdxx1sjnyj7Q4yKwS2iRG,MOS,solana,1,2026-09-02T20:01:12.580Z,"MOS pool swaps + mint transfers, window 2026-08-31T16:00Z..now"
2oHjWGhD33nyd2a9TQWmwXqC63iUEBzMmQ8sehiDcHEq,MOS,solana,2,2026-09-02T20:01:12.580Z,"MOS pool swaps + mint transfers, window 2026-08-31T16:00Z..now"
EHbo51e8WPvNVjMBgJEvJHwqbeN1p3YKT5o6XaSWq8iw,MOS,solana,2,2026-09-02T20:01:12.580Z,"MOS pool swaps + mint transfers, window 2026-08-31T16:00Z..now"
7F3JjxigduDQBhb15VKEzY4NTPaMq74PY4J8RiCid5E,MOS,solana,2,2026-09-02T20:01:12.580Z,"MOS pool swaps + mint transfers, window 2026-08-31T16:00Z..now"
AFY6Kk2saa2p9ddSCCfsw54McWYarWxSd6BNdAU3dsHT,MOS,solana,2,2026-09-02T20:01:12.580Z,"MOS pool swaps + mint transfers, window 2026-08-31T16:00Z..now"
Hdu7pgQfLvZrwVYacs7S7kPzPUsnNrX7PnX34Ao3ozuk,MOS,solana,2,2026-09-02T20:01:12.580Z,"MOS pool swaps + mint transfers, window 2026-08-31T16:00Z..now"
AkDgTgv9mjWj1N8WikC5kigScVbzA4kNznfAWohaERse,MOS,solana,2,2026-09-02T20:01:12.580Z,"MOS pool swaps + mint transfers, window 2026-08-31T16:00Z..now"
GvJfXa1faSCvnb7aEPi3tMEyYscJpo5JgaXqS6FYqdqj,MOS,solana,1,2026-09-02T20:01:12.580Z,"MOS pool swaps + mint transfers, window 2026-08-31T16:00Z..now"
57rhyt3HcRVRfEPvZYAeTeKYYEeo9tmqwpKHc4u9vCVF,MOS,solana,2,2026-09-02T20:01:12.580Z,"MOS pool swaps + mint transfers, window 2026-08-31T16:00Z..now"
JBf8Ld2oS5vFMLjmQb2cqok18NCWQuAcMcSCVYNVw5gj,MOS,solana,1,2026-09-02T20:01:12.580Z,"MOS pool swaps + mint transfers, window 2026-08-31T16:00Z..now"
4pp1fK5kKqb8pusNkfgqUQF3HNLRGpDxdKHAireCkDbu,MOS,solana,1,2026-09-02T20:01:12.580Z,"MOS pool swaps + mint transfers, window 2026-08-31T16:00Z..now"
F9UpMxW319JK3uFnkjbaEQMaBnKaHgvChVTLPcWkYtPu,MOS,solana,2,2026-09-02T20:01:12.580Z,"MOS pool swaps + mint transfers, window 2026-08-31T16:00Z..now"
J21xhcqobh17JyiGNDoAZ8vg4RHYi9XmeUw895auqrX7,MOS,solana,2,2026-09-02T20:01:12.580Z,"MOS pool swaps + mint transfers, window 2026-08-31T16:00Z..now"
9tTvWkkot77QTumTnFXNQva97hZYkcfAvw6rSUZ4r9CZ,MOS,solana,1,2026-09-02T20:01:12.580Z,"MOS pool swaps + mint transfers, window 2026-08-31T16:00Z..now"
BCLey7ARDKmiWSmB6Yptsn7jzFnkCxEfKQjJzMXHoe5f,MOS,solana,2,2026-09-02T20:01:12.580Z,"MOS pool swaps + mint transfers, window 2026-08-31T16:00Z..now"
9KjvpKkDycPnP96h9x3mCbNe2dXJgXBQs8Q17TU14mgJ,MOS,solana,2,2026-09-02T20:01:12.580Z,"MOS pool swaps + mint transfers, window 2026-08-31T16:00Z..now"
ad3SiRWNc1WnS5b17DSM9ZqaJhCe3Vb6ryGqA7REb4C,MOS,solana,2,2026-09-02T20:01:12.580Z,"MOS pool swaps + mint transfers, window 2026-08-31T16:00Z..now"
8rrR5U8iMVUkEANXuxMBHv1QNicGipRwtN9PaHzQhqic,MOS,solana,2,2026-09-02T20:01:12.580Z,"MOS pool swaps + mint transfers, window 2026-08-31T16:00Z..now"
fTyx2JaaeJCmRPmR9aUJmXEdRLKLFJQ1JRR1wjU2BCY,MOS,solana,1,2026-09-02T20:01:12.580Z,"MOS pool swaps + mint transfers, window 2026-08-31T16:00Z..now"
Eu46q63LJRGEcGA1ckqVehgJiN2C2fPZ4CReChcxqG2h,MOS,solana,2,2026-09-02T20:01:12.580Z,"MOS pool swaps + mint transfers, window 2026-08-31T16:00Z..now"
BLLurt9jkF9KaREBz9C7Fs1SiG6q2XZXaFtK2dTKBEs5,MOS,solana,2,2026-09-02T20:01:12.580Z,"MOS pool swaps + mint transfers, window 2026-08-31T16:00Z..now"
9uLwEPRcUzrKNpBdKCMkYubRqd8ybgJVX2A9de71f9ba,MOS,solana,1,2026-09-02T20:01:12.580Z,"MOS pool swaps + mint transfers, window 2026-08-31T16:00Z..now"
GpqmwFyQ2UxxdU3NF32HhoTDG6Qjg53x9UT3oXvNGSea,MOS,solana,1,2026-09-02T20:01:12.580Z,"MOS pool swaps + mint transfers, window 2026-08-31T16:00Z..now"
33PuTUhP2tQHQGToy4sWb7gLWVPgGz5Ea7SkWyGmh3A1,MOS,solana,2,2026-09-02T20:01:12.580Z,"MOS pool swaps + mint transfers, window 2026-08-31T16:00Z..now"
GpzWqL6zhz5ZLAzCxNs8XNrAkh8ZKFY2FoaAZmfqxuDu,MOS,solana,1,2026-09-02T20:01:12.580Z,"MOS pool swaps + mint transfers, window 2026-08-31T16:00Z..now"
A2ZXpSUfpgAuHdw8HZgjwR2Ru13gwGRxEARxdRRfmnGD,MOS,solana,2,2026-09-02T20:01:12.580Z,"MOS pool swaps + mint transfers, window 2026-08-31T16:00Z..now"
CBq8H7viB8K8Wyrqs2HoBTm5N6aa9bHtLeDZTZjcbWdH,MOS,solana,1,2026-09-02T20:01:12.580Z,"MOS pool swaps + mint transfers, window 2026-08-31T16:00Z..now"
9bAjbLozrj3my9exv3bix2tfMEpxFEUwqeP4WMKdQqsG,MOS,solana,3,2026-09-02T20:01:12.580Z,"MOS pool swaps + mint transfers, window 2026-08-31T16:00Z..now"
2ugMoHmqES6x4eWYu3je1b2piy6RfK5Dbx9xrzM7RqdQ,MOS,solana,2,2026-09-02T20:01:12.580Z,"MOS pool swaps + mint transfers, window 2026-08-31T16:00Z..now"
qX5MXKDvFH7m23qkhMsMyJv9sVz5XhRFxior7TzsCBj,MOS,solana,2,2026-09-02T20:01:12.580Z,"MOS pool swaps + mint transfers, window 2026-08-31T16:00Z..now"
6ge9hDXxYuVUCfHV3b33BybS1ggC9Ba33oo1TgqRDRp5,MOS,solana,1,2026-09-02T20:01:12.580Z,"MOS pool swaps + mint transfers, window 2026-08-31T16:00Z..now"
9BBbQBqJU1MByag8wyPQjBo85z9PK6qemQuaAkkD9hy4,MOS,solana,1,2026-09-02T20:01:12.580Z,"MOS pool swaps + mint transfers, window 2026-08-31T16:00Z..now"
DGwhyyZyp5LpyVaRDz6xz1Lz2mkbyK3cC2EAsZu9Sxb,MOS,solana,2,2026-09-02T20:01:12.580Z,"MOS pool swaps + mint transfers, window 2026-08-31T16:00Z..now"
4HG5UpmizdXHeX7QhSEapHAUuBrKgqBzfRaNAmu54aoU,MOS,solana,2,2026-09-02T20:01:12.580Z,"MOS pool swaps + mint transfers, window 2026-08-31T16:00Z..now"
4YFLbq1Gn8DcMyc4bpMztzo1jL9FeqJLDFwTxVWa3JfD,MOS,solana,1,2026-09-02T20:01:12.580Z,"MOS pool swaps + mint transfers, window 2026-08-31T16:00Z..now"
H5D75D4UceUiz4BQ77kVduzdFq1ovG3rdXhm56XjbRE5,MOS,solana,1,2026-09-02T20:01:12.580Z,"MOS pool swaps + mint transfers, window 2026-08-31T16:00Z..now"
3ZwjLS2AECykKjbgSoHGYPGD6wruKnwDfi741xig9291,MOS,solana,2,2026-09-02T20:01:12.580Z,"MOS pool swaps + mint transfers, window 2026-08-31T16:00Z..now"
9jqQD3vrUVjTLnxfR6Z2Vw5qHFCWetwc82rKxHSHiJty,MOS,solana,1,2026-09-02T20:01:12.580Z,"MOS pool swaps + mint transfers, window 2026-08-31T16:00Z..now"
7xGZN73sWbfzqhSaiqmER5jjdUJWTxbB87gTyYRUnqB6,MOS,solana,1,2026-09-02T20:01:12.580Z,"MOS pool swaps + mint transfers, window 2026-08-31T16:00Z..now"
2SLzgDwtv78TdW5tVRXq3RQyvhaRmURngFnXmY9yB1TJ,MOS,solana,2,2026-09-02T20:01:12.580Z,"MOS pool swaps + mint transfers, window 2026-08-31T16:00Z..now"
CKTy81A88FD1hi4yUrctwmKtDwirtjcFqKXuSVGHGKc8,MOS,solana,2,2026-09-02T20:01:12.580Z,"MOS pool swaps + mint transfers, window 2026-08-31T16:00Z..now"
ASkxpsgkMvq91iMUVEkYbSR3UHRADjDVP6EPLzqBRGfA,MOS,solana,1,2026-09-02T20:01:12.580Z,"MOS pool swaps + mint transfers, window 2026-08-31T16:00Z..now"
AnGvAowK76EGJiNir5UaCVrgKgchgj6iNt5hQpZo7dDR,MOS,solana,1,2026-09-02T20:01:12.580Z,"MOS pool swaps + mint transfers, window 2026-08-31T16:00Z..now"
BquyDWTFV58aWgX31VbimGMiESSJbNmUt1Zipbk8ge8y,MOS,solana,1,2026-09-02T20:01:12.580Z,"MOS pool swaps + mint transfers, window 2026-08-31T16:00Z..now"
41Rh2jmoxsfCEYMFp54XpevAgH1Ptpn3q47RtL9zvvwU,MOS,solana,2,2026-09-02T20:01:12.580Z,"MOS pool swaps + mint transfers, window 2026-08-31T16:00Z..now"
GaryCKXNnzX4z4Dxf2ojHgsh9WHyuskRuSxMfkfxwqUT,MOS,solana,2,2026-09-02T20:01:12.580Z,"MOS pool swaps + mint transfers, window 2026-08-31T16:00Z..now"
2TwsyvdBxEyjqboEdBoWXi6SsSbdhLiAwRJnFfv4W8d1,MOS,solana,1,2026-09-02T20:01:12.580Z,"MOS pool swaps + mint transfers, window 2026-08-31T16:00Z..now"
6vbrTLsWy76TxDQAUKLqZrPohQuq6EVaJgfGzR82paFa,MOS,solana,1,2026-09-02T20:01:12.580Z,"MOS pool swaps + mint transfers, window 2026-08-31T16:00Z..now"
CC6DfePLea5UBREmGnHVCSjJRy4nEF1xuF6D6MbxdxTf,MOS,solana,1,2026-09-02T20:01:12.580Z,"MOS pool swaps + mint transfers, window 2026-08-31T16:00Z..now"
6PDnX4aGrKujyJ2aum8Tzg7hn8v2otfbsTPNq89Dnf9R,MOS,solana,1,2026-09-02T20:01:12.580Z,"MOS pool swaps + mint transfers, window 2026-08-31T16:00Z..now"
6Qt8a3Y6B4nekSRQ1p2e5yqP5bSCbE6HzUTdWwdfYXmR,MOS,solana,1,2026-09-02T20:01:12.580Z,"MOS pool swaps + mint transfers, window 2026-08-31T16:00Z..now"
AfNdN3j9uVkf5gC5KjWa5K4s5EpgPxwXxr8ujzCwrkPq,MOS,solana,1,2026-09-02T20:01:12.580Z,"MOS pool swaps + mint transfers, window 2026-08-31T16:00Z..now"
BH7caw2uXyxq1myg6KvzPTKCD3mq1aAP4xbBjW5d1WXw,MOS,solana,2,2026-09-02T20:01:12.580Z,"MOS pool swaps + mint transfers, window 2026-08-31T16:00Z..now"
3NV78ta6bUN8hqtqcfam6oo6WNUqrrsrdpjTue7yUcWF,MOS,solana,2,2026-09-02T20:01:12.580Z,"MOS pool swaps + mint transfers, window 2026-08-31T16:00Z..now"
GoUqK9o3Gd93yBQqWb6Am4Lv1jUtvus2FzsacDa7jF4b,MOS,solana,2,2026-09-02T20:01:12.580Z,"MOS pool swaps + mint transfers, window 2026-08-31T16:00Z..now"
5dn4Ht3MxEgxwqDef5qbmVnYNJvvnU8Bew8LRHcKpRyK,MOS,solana,1,2026-09-02T20:01:12.580Z,"MOS pool swaps + mint transfers, window 2026-08-31T16:00Z..now"
2pYHpRPxFbuABuvnZJ7ZaM3a7YSMHWVgGGPqN7XxVMm7,MOS,solana,1,2026-09-02T20:01:12.580Z,"MOS pool swaps + mint transfers, window 2026-08-31T16:00Z..now"
5PSht2ZmBAgQNuEfwvzyhgHThurY4srhNYvFX9CVCtQ4,MOS,solana,1,2026-09-02T20:01:12.580Z,"MOS pool swaps + mint transfers, window 2026-08-31T16:00Z..now"
3oanTAkGtAz7a8wpweJbuZKa1WddswFKNnkJhV3kiz5h,MOS,solana,2,2026-09-02T20:01:12.580Z,"MOS pool swaps + mint transfers, window 2026-08-31T16:00Z..now"
75HgxQV8h6x3m5twVgm1JhP6Ns1SqNjbM2RxrGDgPJcR,MOS,solana,2,2026-09-02T20:01:12.580Z,"MOS pool swaps + mint transfers, window 2026-08-31T16:00Z..now"
6XoWncLHpra96jG29CUdz6kzAQUKidxXfCKSRsfEtVms,MOS,solana,1,2026-09-02T20:01:12.580Z,"MOS pool swaps + mint transfers, window 2026-08-31T16:00Z..now"
6BCuEJwQtLyyqR7Fg3rfSYNuYAyF6crEZmP1xAmJrH6n,MOS,solana,2,2026-09-02T20:01:12.580Z,"MOS pool swaps + mint transfers, window 2026-08-31T16:00Z..now"
FfNhKQJnKEU3kDvs4imi6pYtxZtCP5xAcgMAgo1EZANE,MOS,solana,2,2026-09-02T20:01:12.580Z,"MOS pool swaps + mint transfers, window 2026-08-31T16:00Z..now"
ykCNUL2tpC2vzPyvEGdWvx9BH5VkwZRwuNsoAoM7LKV,MOS,solana,1,2026-09-02T20:01:12.580Z,"MOS pool swaps + mint transfers, window 2026-08-31T16:00Z..now"
3J2a7CZQyNsfpForwmLML9rkAU2WkHCTw2yWmge9Gw7p,MOS,solana,1,2026-09-02T20:01:12.580Z,"MOS pool swaps + mint transfers, window 2026-08-31T16:00Z..now"
EBsEPW7gTK2DNhhDSo2vNiVsyTtPsdk3pf4yHLDAkJfV,MOS,solana,1,2026-09-02T20:01:12.580Z,"MOS pool swaps + mint transfers, window 2026-08-31T16:00Z..now"
AAq524QWPst8iXnXeCK2CqSHX1gZ51nDpTM1X1qJ9WTe,MOS,solana,1,2026-09-02T20:01:12.580Z,"MOS pool swaps + mint transfers, window 2026-08-31T16:00Z..now"
4HB626rtvJzNQTPViTyCHDM9sX6qW8qU6SiqwF3ZwPQ9,MOS,solana,1,2026-09-02T20:01:12.580Z,"MOS pool swaps + mint transfers, window 2026-08-31T16:00Z..now"
DumPYmPBwe9ZTGQgsw4a657PtuRgRb6Uv8X8S4M1GQ1V,MOS,solana,1,2026-09-02T20:01:12.580Z,"MOS pool swaps + mint transfers, window 2026-08-31T16:00Z..now"
5CvVxkSK4V8NupX99EoVkwQLd6YgxiVSsRxJogkE3Y8p,MOS,solana,2,2026-09-02T20:01:12.580Z,"MOS pool swaps + mint transfers, window 2026-08-31T16:00Z..now"
4e5ZpbL7m3fhDU1GiD77zutSP53Cbu7ENNePapCNpmHx,MOS,solana,2,2026-09-02T20:01:12.580Z,"MOS pool swaps + mint transfers, window 2026-08-31T16:00Z..now"
DrKydbKmyWnPtup2gFkqXyKqBwWkzrUMNYy7aNS3YCbH,MOS,solana,1,2026-09-02T20:01:12.580Z,"MOS pool swaps + mint transfers, window 2026-08-31T16:00Z..now"
BMrrKPr2bQoCjjaLEbQ8PCqtX8U8Ty5paW1DowGV5cSD,MOS,solana,2,2026-09-02T20:01:12.580Z,"MOS pool swaps + mint transfers, window 2026-08-31T16:00Z..now"
KHKCLKQsUCeebzNfXkqNtyWea1BY1UGacfGnPHAYY3V,MOS,solana,2,2026-09-02T20:01:12.580Z,"MOS pool swaps + mint transfers, window 2026-08-31T16:00Z..now"
GLf29WENde5Laf2ZJBjoCuR23wmHh8cywDo5giUSeEDa,MOS,solana,1,2026-09-02T20:01:12.580Z,"MOS pool swaps + mint transfers, window 2026-08-31T16:00Z..now"
HKihC5C5a4mYnrWLYqJcSpUueATZTDHumdCdAjfKrHGQ,MOS,solana,1,2026-09-02T20:01:12.580Z,"MOS pool swaps + mint transfers, window 2026-08-31T16:00Z..now"
9AztUmWX3kJFA5obR6oSCiRAdZHS3M8VhUSnU2yyg6Vx,MOS,solana,2,2026-09-02T20:01:12.580Z,"MOS pool swaps + mint transfers, window 2026-08-31T16:00Z..now"
D3zmgvdxytUEYXTUbRadq8qvvYkD5iuPz2VV1BjnUU3s,MOS,solana,2,2026-09-02T20:01:12.580Z,"MOS pool swaps + mint transfers, window 2026-08-31T16:00Z..now"
9zGNR7j6oMHTpCW722vVZPKGDU2udkaczyuirBeyMFty,MOS,solana,2,2026-09-02T20:01:12.580Z,"MOS pool swaps + mint transfers, window 2026-08-31T16:00Z..now"
GxreLJHCyg4xy31g3Mca7jeziDkuqx8ZDqXeAbXju2Wm,MOS,solana,2,2026-09-02T20:01:12.580Z,"MOS pool swaps + mint transfers, window 2026-08-31T16:00Z..now"
BpR2MmXxoJQcfcDAAKFdScTEuSHZe7d3V2Pi1sPkkcwV,MOS,solana,2,2026-09-02T20:01:12.580Z,"MOS pool swaps + mint transfers, window 2026-08-31T16:00Z..now"
J8cV7Dy36kJMPSPZvNVGFY1CjNZYDGdfp8JZCvqtgFa6,MOS,solana,1,2026-09-02T20:01:12.580Z,"MOS pool swaps + mint transfers, window 2026-08-31T16:00Z..now"
8VALoXS8gfwbHKFWvDYsXU3aNJdZuxeRD92tGAb8M1RU,MOS,solana,2,2026-09-02T20:01:12.580Z,"MOS pool swaps + mint transfers, window 2026-08-31T16:00Z..now"
5L6kZWbEBiWzr1pQDjNJhC3tGQNcRm6Cx7QkNG9gNUWi,MOS,solana,1,2026-09-02T20:01:12.580Z,"MOS pool swaps + mint transfers, window 2026-08-31T16:00Z..now"
D7zHD1ckh6pm3oA3k3wad2HM2pz9dP2eJa5JkKyka7W6,MOS,solana,1,2026-09-02T20:01:12.580Z,"MOS pool swaps + mint transfers, window 2026-08-31T16:00Z..now"
EKSoSHYbDXFGzo5n2ksLjR7fZh4rGiXuMLFiCLHDM3Mz,MOS,solana,2,2026-09-02T20:01:12.580Z,"MOS pool swaps + mint transfers, window 2026-08-31T16:00Z..now"
2tNdQh9z7DNzsjg7kWnUaudTcmsmyS6ZxQAtW8HvC7eN,MOS,solana,2,2026-09-02T20:01:12.580Z,"MOS pool swaps + mint transfers, window 2026-08-31T16:00Z..now"
GTu6tAKha6Y6otyTdcZMGsZmG5PG73W4QaWwEsGLavVS,MOS,solana,2,2026-09-02T20:01:12.580Z,"MOS pool swaps + mint transfers, window 2026-08-31T16:00Z..now"
DGEuHdW9344dQ1FWeSrafyqwKavixyxw95dnoiJ1k9Eu,MOS,solana,2,2026-09-02T20:01:12.580Z,"MOS pool swaps + mint transfers, window 2026-08-31T16:00Z..now"
DGEuHdW9344dQ1FWeSrafyqwKavixyxw95dnoiJ1k9Eu,MOS,solana,3,2026-09-02T20:01:12.580Z,"MOS pool swaps + mint transfers, window 2026-08-31T16:00Z..now"
Drm7RutuXmaxPVKXR6z62BzP85vB6afu7R4vTDvxKbV5,MOS,solana,1,2026-09-02T20:01:12.580Z,"MOS pool swaps + mint transfers, window 2026-08-31T16:00Z..now"
4v95zciGjsw3S4WyNJ5yMa1kFqUbAZDfuaeDFZTwBWY4,MOS,solana,1,2026-09-02T20:01:12.580Z,"MOS pool swaps + mint transfers, window 2026-08-31T16:00Z..now"
pGZ8kb3CmP5cGTnGs63iNQVMwXe2y25A2jc9EYDfFJr,MOS,solana,2,2026-09-02T20:01:12.580Z,"MOS pool swaps + mint transfers, window 2026-08-31T16:00Z..now"
F8oMtzJUDMV4RXmXmg9NUgsTJJGB4hHi1cn2PBwD7ghK,MOS,solana,2,2026-09-02T20:01:12.580Z,"MOS pool swaps + mint transfers, window 2026-08-31T16:00Z..now"
DUtVajN9cVnK9vDaMq4EpuNfUbAJyKauSjQchyyY1YR6,MOS,solana,1,2026-09-02T20:01:12.580Z,"MOS pool swaps + mint transfers, window 2026-08-31T16:00Z..now"
74YrNJ3U8jZgyENfxKqnzdrCtq6QQJD7LKPsCtDCmWi3,MOS,solana,2,2026-09-02T20:01:12.580Z,"MOS pool swaps + mint transfers, window 2026-08-31T16:00Z..now"
4UdwGpqXBqvoUGZa2ynTxoUwdJHvMD42Lz7X1V86deFt,MOS,solana,2,2026-09-02T20:01:12.580Z,"MOS pool swaps + mint transfers, window 2026-08-31T16:00Z..now"
n7vEB8wSZUwKkXmfs5UDLjWB5LnhfEz1eAh6rG3w777,MOS,solana,2,2026-09-02T20:01:12.580Z,"MOS pool swaps + mint transfers, window 2026-08-31T16:00Z..now"
H3K3P2aHaW9xoqtKWQZ5faHTFp1w35JxNHgzDAoGix7g,MOS,solana,2,2026-09-02T20:01:12.580Z,"MOS pool swaps + mint transfers, window 2026-08-31T16:00Z..now"
7gsHb4CixnzkN6MVPohxJh6BMSWBPoKDrM4M8SG2cb5X,MOS,solana,2,2026-09-02T20:01:12.580Z,"MOS pool swaps + mint transfers, window 2026-08-31T16:00Z..now"
CLWqu1WK1bJuvEkZheLhxFHkxxMPURdWvBMwRf3P8ace,MOS,solana,2,2026-09-02T20:01:12.580Z,"MOS pool swaps + mint transfers, window 2026-08-31T16:00Z..now"
6pqVqu5z1Q9g3dmGUdD8yeYH8L19e5L4b9vGFmVvkJzA,MOS,solana,1,2026-09-02T20:01:12.580Z,"MOS pool swaps + mint transfers, window 2026-08-31T16:00Z..now"
2DSVtS6zzfjaCMXVjcyPzRdNbAmBDZEaHLCzSdgppX88,MOS,solana,1,2026-09-02T20:01:12.580Z,"MOS pool swaps + mint transfers, window 2026-08-31T16:00Z..now"
Z9a24WkBNzQyCWeM74Az7fxkfqtjpcamwN76cpL9Bnj,MOS,solana,1,2026-09-02T20:01:12.580Z,"MOS pool swaps + mint transfers, window 2026-08-31T16:00Z..now"
twSK2bje65sjqdTB8sTv3uAFnqG1AkLnzvWqynwEmKE,MOS,solana,1,2026-09-02T20:01:12.580Z,"MOS pool swaps + mint transfers, window 2026-08-31T16:00Z..now"
HjG2Ur2ZhLE6dXpe2aYWdBgtdJMGcysNtj28cWJw6KFX,MOS,solana,2,2026-09-02T20:01:12.580Z,"MOS pool swaps + mint transfers, window 2026-08-31T16:00Z..now"
2bGdBnbXrNsVjyD8WzCp8mjyyA1BZWiho96BpkHy3oPE,MOS,solana,1,2026-09-02T20:01:12.580Z,"MOS pool swaps + mint transfers, window 2026-08-31T16:00Z..now"
H3GaZ8PoqVAqfP6jktoeDL5En8u9Yno1STvtHRaqYkVW,MOS,solana,2,2026-09-02T20:01:12.580Z,"MOS pool swaps + mint transfers, window 2026-08-31T16:00Z..now"
6jghPFifC8HwqrX4byMgGoWKuEp7VsjNmv8XJ45MXvk5,MOS,solana,1,2026-09-02T20:01:12.580Z,"MOS pool swaps + mint transfers, window 2026-08-31T16:00Z..now"
CLvpDX63xXxfGgu9Jj9KKbWUfCV2Q8TWy6ZCScPDCGYf,MOS,solana,1,2026-09-02T20:01:12.580Z,"MOS pool swaps + mint transfers, window 2026-08-31T16:00Z..now"
GLyX7yeDxFDiqaDuHfKf6EQuH2bendgfkGPrYUfYRXV6,MOS,solana,2,2026-09-02T20:01:12.580Z,"MOS pool swaps + mint transfers, window 2026-08-31T16:00Z..now"
3re3Fjyu2vWDDqFsMB1j3ttTsLaX3Rn1HejnHvYcBCvp,MOS,solana,1,2026-09-02T20:01:12.580Z,"MOS pool swaps + mint transfers, window 2026-08-31T16:00Z..now"
H7ZEW5A8Dj9HHhvbVJmM7dZZjQnGhYBsz7pku18YgXno,MOS,solana,1,2026-09-02T20:01:12.580Z,"MOS pool swaps + mint transfers, window 2026-08-31T16:00Z..now"
27JV7EgZsurY2q15bHeSLon9Sg1t3YwjugsMHGQqR5on,MOS,solana,1,2026-09-02T20:01:12.580Z,"MOS pool swaps + mint transfers, window 2026-08-31T16:00Z..now"
8P6Joayq9WL2WJi8AKKxySDkKfnNSHhPWRyD7MHHjJ6F,MOS,solana,2,2026-09-02T20:01:12.580Z,"MOS pool swaps + mint transfers, window 2026-08-31T16:00Z..now"
HsrCgJcjxbQTT1W3piifXWeBavMprvsiB2rDLMCTjSsf,MOS,solana,1,2026-09-02T20:01:12.580Z,"MOS pool swaps + mint transfers, window 2026-08-31T16:00Z..now"
FKczP12zeLqdXdW1as5ty6YXeCDWqY5hKu8taisWA4qw,MOS,solana,1,2026-09-02T20:01:12.580Z,"MOS pool swaps + mint transfers, window 2026-08-31T16:00Z..now"
57pD3xmTZe37zZbfVkDLUpbc7BEwCcBcZt7WmMznPyvd,MOS,solana,1,2026-09-02T20:01:12.580Z,"MOS pool swaps + mint transfers, window 2026-08-31T16:00Z..now"
AAR5d2m7aA5shS49fATRzF5ayMi4pJpYeEpSLwqEqV1T,MOS,solana,1,2026-09-02T20:01:12.580Z,"MOS pool swaps + mint transfers, window 2026-08-31T16:00Z..now"
3pE2TeHDwLn71sLV5YNXPz2cqaxMhNgwmemWGBdJynnb,MOS,solana,2,2026-09-02T20:01:12.580Z,"MOS pool swaps + mint transfers, window 2026-08-31T16:00Z..now"
6qCTkEWVqvkg8EtXK6U5k7UYxxofimjC1EZ7MgfU1TL9,MOS,solana,1,2026-09-02T20:01:12.580Z,"MOS pool swaps + mint transfers, window 2026-08-31T16:00Z..now"
4zLnCFWPmRExVgRZtBsXnz1pxL8Qe7jCzTdqa1kVnmug,MOS,solana,2,2026-09-02T20:01:12.580Z,"MOS pool swaps + mint transfers, window 2026-08-31T16:00Z..now"
HiuJdt4wQdfPNSLRNkPnoSzECNDxrAqV5fRYhJWk7kYz,MOS,solana,2,2026-09-02T20:01:12.580Z,"MOS pool swaps + mint transfers, window 2026-08-31T16:00Z..now"
AQMoCkgrPDqJnEzhLmjeGkpb5zH9bAaysCSqKgRq1JpS,MOS,solana,1,2026-09-02T20:01:12.580Z,"MOS pool swaps + mint transfers, window 2026-08-31T16:00Z..now"
Aj4Bz1hkAGnYstEBE2XztVGHF3Ht3e5LsDH3Q4Xqn3qx,MOS,solana,2,2026-09-02T20:01:12.580Z,"MOS pool swaps + mint transfers, window 2026-08-31T16:00Z..now"
4r1DBxBzLa2gom4ogDwd5Dah2JGW1392FsD55s7eSabn,MOS,solana,1,2026-09-02T20:01:12.580Z,"MOS pool swaps + mint transfers, window 2026-08-31T16:00Z..now"
2gWv7qFg5ppZJu7Jeei5svtY8JGGmkWCJ9WQ3St49e2o,MOS,solana,1,2026-09-02T20:01:12.580Z,"MOS pool swaps + mint transfers, window 2026-08-31T16:00Z..now"
889ohhvscKp9VzeDgTPfJ2Dcgez3J8wFpDZrWcZipGr,MOS,solana,2,2026-09-02T20:01:12.580Z,"MOS pool swaps + mint transfers, window 2026-08-31T16:00Z..now"
3UdtmCviutu6o92KSkZmU34hKNet3K14z8sFM7iSngdS,MOS,solana,2,2026-09-02T20:01:12.580Z,"MOS pool swaps + mint transfers, window 2026-08-31T16:00Z..now"
GpcL1YuBtKN4rrBVuTAVCk5SQ1f1LUvNHQ2VSSY2Qa7u,MOS,solana,2,2026-09-02T20:01:12.580Z,"MOS pool swaps + mint transfers, window 2026-08-31T16:00Z..now"
2B5T4MAompGBcyLBsQ9sa5zRfZuyshFaU78wVGMPJWqf,MOS,solana,1,2026-09-02T20:01:12.580Z,"MOS pool swaps + mint transfers, window 2026-08-31T16:00Z..now"
Ey1H8SagTz6GWkYYPvebdgYVTKnPqLSzz1DRQ7kpk6KB,MOS,solana,2,2026-09-02T20:01:12.580Z,"MOS pool swaps + mint transfers, window 2026-08-31T16:00Z..now"
6oq9muUZgqbmHqKZkob9v4a17pyEVDopsrLkDXJTDoiB,MOS,solana,1,2026-09-02T20:01:12.580Z,"MOS pool swaps + mint transfers, window 2026-08-31T16:00Z..now"
5d6wCrxFvvchhSpVctw1dT9soYPchibtRfb1MrdFCLN,MOS,solana,1,2026-09-02T20:01:12.580Z,"MOS pool swaps + mint transfers, window 2026-08-31T16:00Z..now"
9yeEGZ3Typ2RHZjFFWKvx7WaSMBpvsB7HZjWt5vSAUtV,MOS,solana,1,2026-09-02T20:01:12.580Z,"MOS pool swaps + mint transfers, window 2026-08-31T16:00Z..now"
H6aLxvw6HWRZhrJePXrcyqJXRXJ9WjSsWBv67sjqE5gv,MOS,solana,1,2026-09-02T20:01:12.580Z,"MOS pool swaps + mint transfers, window 2026-08-31T16:00Z..now"
6GLPk4NWiTNukUS9jtgbh6HP12Lf6KnYUUiTHy9s6W1S,MOS,solana,1,2026-09-02T20:01:12.580Z,"MOS pool swaps + mint transfers, window 2026-08-31T16:00Z..now"
F8y9Vm6ehkSs6BKLoLwTYNt6QirgtpkKmJVVsPrPsScc,MOS,solana,1,2026-09-02T20:01:12.580Z,"MOS pool swaps + mint transfers, window 2026-08-31T16:00Z..now"
Cij1cdhvopEVPaEKev6TGL2Jj419iC5ZvjgHQcLf55aL,MOS,solana,2,2026-09-02T20:01:12.580Z,"MOS pool swaps + mint transfers, window 2026-08-31T16:00Z..now"
H6SJXSajBvd8YBG3gJkWaiBGD87HduX6aTzCXRwHo8WF,MOS,solana,1,2026-09-02T20:01:12.580Z,"MOS pool swaps + mint transfers, window 2026-08-31T16:00Z..now"
ANYUvXU54D2f2qtL1oAcoHnbQmBYb8pyeSqSHLbwse8g,MOS,solana,2,2026-09-02T20:01:12.580Z,"MOS pool swaps + mint transfers, window 2026-08-31T16:00Z..now"
7ffTgMMKBD87wNMebopQLy1c6qbKVd1ecVK3MtELygBA,MOS,solana,2,2026-09-02T20:01:12.580Z,"MOS pool swaps + mint transfers, window 2026-08-31T16:00Z..now"
EYBk61Xvdtnj2PbyfHEHjdTxHi5UecabYuEC8J2tmu7o,MOS,solana,1,2026-09-02T20:01:12.580Z,"MOS pool swaps + mint transfers, window 2026-08-31T16:00Z..now"
E78H9qpK2UkxF8zdicEeFrrxGY2zpcqJs7HJcTD1xzZi,MOS,solana,2,2026-09-02T20:01:12.580Z,"MOS pool swaps + mint transfers, window 2026-08-31T16:00Z..now"
FaD4MNNPgpCPtyDZK4cQvdw6qDtBpinvkLT8zA3wK2CF,MOS,solana,1,2026-09-02T20:01:12.580Z,"MOS pool swaps + mint transfers, window 2026-08-31T16:00Z..now"
2aag6qoifjUAvVi4keDCgdhBU9aKogrc63Zkck1rNSEC,MOS,solana,1,2026-09-02T20:01:12.580Z,"MOS pool swaps + mint transfers, window 2026-08-31T16:00Z..now"
sV8fLbQkBzDhwpzh3aH49UV4neBHcMjqKekfjADVpMY,MOS,solana,1,2026-09-02T20:01:12.580Z,"MOS pool swaps + mint transfers, window 2026-08-31T16:00Z..now"
HFNh4xrbRDAnnAaoK3mR2mQASWb9XRjyCCyye7JhthJv,MOS,solana,2,2026-09-02T20:01:12.580Z,"MOS pool swaps + mint transfers, window 2026-08-31T16:00Z..now"
HubNBmR6ruoC79JnL2FGwQGFREoMohqhSwwCoTEMdQFf,MOS,solana,2,2026-09-02T20:01:12.580Z,"MOS pool swaps + mint transfers, window 2026-08-31T16:00Z..now"
3ax7Upk2vMj1WQqw6pMfWNys9Y1ojEP1CSMz2cHum1WV,MOS,solana,1,2026-09-02T20:01:12.580Z,"MOS pool swaps + mint transfers, window 2026-08-31T16:00Z..now"
3SxYVEHwrsVe58NK29bGUupPngwtA3hTs87syqgFAmoU,MOS,solana,1,2026-09-02T20:01:12.580Z,"MOS pool swaps + mint transfers, window 2026-08-31T16:00Z..now"
8szeWSyj4fc4MaWpE9MwVcjtWcK9dVz1NwShXpiF96iD,MOS,solana,1,2026-09-02T20:01:12.580Z,"MOS pool swaps + mint transfers, window 2026-08-31T16:00Z..now"
7hqVfJu7XFiq8a3hq8p7qod5x2dTkZFFCdLdCR7enLS6,MOS,solana,1,2026-09-02T20:01:12.580Z,"MOS pool swaps + mint transfers, window 2026-08-31T16:00Z..now"
2RGmazpicxhW25uueKi1X3V57K3JxSNs5CeLh7kTDNTf,MOS,solana,2,2026-09-02T20:01:12.580Z,"MOS pool swaps + mint transfers, window 2026-08-31T16:00Z..now"
FC9L6i7mEgR1gxsqhbhhQTuMXYhA5Tr5pBcyRN5d8n1K,MOS,solana,1,2026-09-02T20:01:12.580Z,"MOS pool swaps + mint transfers, window 2026-08-31T16:00Z..now"
CjDeAjU9BUByktc5g3ZzwyJKSfkh5PuKNhCWxvP4vo7,MOS,solana,2,2026-09-02T20:01:12.580Z,"MOS pool swaps + mint transfers, window 2026-08-31T16:00Z..now"
HrGZEvgQa8zCY5SKPEWEsNqh2qsG2rMTNMcDFQr9hM6z,MOS,solana,1,2026-09-02T20:01:12.580Z,"MOS pool swaps + mint transfers, window 2026-08-31T16:00Z..now"
mP4tnNkwAtRLpSZG5CqcH3CVPJHgVw7XH3j6YRyayQP,MOS,solana,1,2026-09-02T20:01:12.580Z,"MOS pool swaps + mint transfers, window 2026-08-31T16:00Z..now"
AKhy8deBPoH177DQSMoRuXzTbBpNXnvwv2Lv5NwCpEeS,MOS,solana,1,2026-09-02T20:01:12.580Z,"MOS pool swaps + mint transfers, window 2026-08-31T16:00Z..now"
ADPcdSCjjSqA5e7XvkxnpUNzDCSnPiq1xpcctxSdyDui,MOS,solana,1,2026-09-02T20:01:12.580Z,"MOS pool swaps + mint transfers, window 2026-08-31T16:00Z..now"
8S4Wk42A5bBntNF3NpQUaYXJ3xxwiE7XYW5FvA1Nw1yd,MOS,solana,3,2026-09-02T20:01:12.580Z,"MOS pool swaps + mint transfers, window 2026-08-31T16:00Z..now"
3ykgEjKRp6CMfrLzHNaukstW7RagdgjzXkUDLGZyEoeP,MOS,solana,1,2026-09-02T20:01:12.580Z,"MOS pool swaps + mint transfers, window 2026-08-31T16:00Z..now"
3MyCdbteBwSdKoVnv78ys2hVzdDgczLKd2AEpoyusx5D,MOS,solana,1,2026-09-02T20:01:12.580Z,"MOS pool swaps + mint transfers, window 2026-08-31T16:00Z..now"
CTa8jVCCwg7xF4tzfWR4aeRke4Fe7js57vhNufxj4b6T,MOS,solana,1,2026-09-02T20:01:12.580Z,"MOS pool swaps + mint transfers, window 2026-08-31T16:00Z..now"
3MotfRGvgbrTcGfQx5w2wAx8EMm6USqH1FY7LsrBVyfo,MOS,solana,1,2026-09-02T20:01:12.580Z,"MOS pool swaps + mint transfers, window 2026-08-31T16:00Z..now"
5MZ9McCvTyLA8FLwJmoRKxL5QDqoLA7rXwQjBFSmSDfn,MOS,solana,1,2026-09-02T20:01:12.580Z,"MOS pool swaps + mint transfers, window 2026-08-31T16:00Z..now"
BmmVA71L8JiKNTZ8wjcK4gsA54bJVAjnxhzoAm3ZqrwT,MOS,solana,1,2026-09-02T20:01:12.580Z,"MOS pool swaps + mint transfers, window 2026-08-31T16:00Z..now"
43wbCQqykxzjVkXUvdvx1ZYAiprvWz5whjBZwcX6M8fD,MOS,solana,1,2026-09-02T20:01:12.580Z,"MOS pool swaps + mint transfers, window 2026-08-31T16:00Z..now"
4T1v9kCh3fh2wQDTcHG57vuhs2F7vscpJickcaJ7hvGo,MOS,solana,1,2026-09-02T20:01:12.580Z,"MOS pool swaps + mint transfers, window 2026-08-31T16:00Z..now"
53VgjnUTEjvah3sai5TFxr42fvi2gqqreqMfk4HgH7Ab,MOS,solana,1,2026-09-02T20:01:12.580Z,"MOS pool swaps + mint transfers, window 2026-08-31T16:00Z..now"
AJJN7Tc2jsgWPSe2zrkEXE3oa1TRRRYD4JHX7R8bLCVj,MOS,solana,1,2026-09-02T20:01:12.580Z,"MOS pool swaps + mint transfers, window 2026-08-31T16:00Z..now"
3s1gLjUoqkwbkrENJfA9MV5VASzHA7zvroChxPrTnMX9,MOS,solana,1,2026-09-02T20:01:12.580Z,"MOS pool swaps + mint transfers, window 2026-08-31T16:00Z..now"
2A9mNZ6SCN92hs9q9fwJiJyr9eVePwADVq7sTzctzjG8,MOS,solana,2,2026-09-02T20:01:12.580Z,"MOS pool swaps + mint transfers, window 2026-08-31T16:00Z..now"
3UmeN2SeYuWW4ZWu9XAzHEfKDiHmEgKYc9Y1fowQrzhq,MOS,solana,1,2026-09-02T20:01:12.580Z,"MOS pool swaps + mint transfers, window 2026-08-31T16:00Z..now"
HTTFk5MYEoPkWZ2fbUvbZC3623HxwgYGuZ4TyE2v4ESD,MOS,solana,1,2026-09-02T20:01:12.580Z,"MOS pool swaps + mint transfers, window 2026-08-31T16:00Z..now"
GPNasA5C5BE64Vquf5Rk2qZ86T8jTp8gQM3uJPFHPadD,MOS,solana,1,2026-09-02T20:01:12.580Z,"MOS pool swaps + mint transfers, window 2026-08-31T16:00Z..now"
ALoNWJ4d7ThuK8dRMxifZpGW2NuNH6WZZ5VkvkmznUmn,MOS,solana,2,2026-09-02T20:01:12.580Z,"MOS pool swaps + mint transfers, window 2026-08-31T16:00Z..now"
6cJQ7Ca89dfJRDoFQQTh81nrwVSHrucESyTqbxoCspjh,MOS,solana,1,2026-09-02T20:01:12.580Z,"MOS pool swaps + mint transfers, window 2026-08-31T16:00Z..now"
EFBAjwEXc2i2oFJ1fo4njWahBFBQWVpZmW1zQpZyvXJc,MOS,solana,1,2026-09-02T20:01:12.580Z,"MOS pool swaps + mint transfers, window 2026-08-31T16:00Z..now"
GeJ1dujPtmyuRMp3QUcnmZcmbzoVGezFsFGvev61hu9b,MOS,solana,2,2026-09-02T20:01:12.580Z,"MOS pool swaps + mint transfers, window 2026-08-31T16:00Z..now"
9nQz1bRNkTLYFqm6o3RGrnQJsthrNfTETYyhx74NuFGn,MOS,solana,1,2026-09-02T20:01:12.580Z,"MOS pool swaps + mint transfers, window 2026-08-31T16:00Z..now"
FYAdBnG2AsZtnF6pqbXxnDmosbb5fcZ5syXf41Ed9mwq,MOS,solana,3,2026-09-02T20:01:12.580Z,"MOS pool swaps + mint transfers, window 2026-08-31T16:00Z..now"
6EY8q5McciHScxXhb7GSwndsHgEeLWmbxLioXRkQZTc4,MOS,solana,1,2026-09-02T20:01:12.580Z,"MOS pool swaps + mint transfers, window 2026-08-31T16:00Z..now"
GME1df6RwaLrN92r4Eqc2kemhThjPFUDq27X8f4muQr,MOS,solana,1,2026-09-02T20:01:12.580Z,"MOS pool swaps + mint transfers, window 2026-08-31T16:00Z..now"
GQH9A1rmksR4f7vdTpjvdNr6XYkCzZHor9inJxqW5kf7,MOS,solana,1,2026-09-02T20:01:12.580Z,"MOS pool swaps + mint transfers, window 2026-08-31T16:00Z..now"
3eJ8NzfiSyiZz7tWFaL5ajAzykUF75YAgsbz2zbhuGnq,MOS,solana,1,2026-09-02T20:01:12.580Z,"MOS pool swaps + mint transfers, window 2026-08-31T16:00Z..now"
7BvCg1HpDXzRS9djk6jVDhkDm9PAYQH69ZpobVQYGNVa,MOS,solana,1,2026-09-02T20:01:12.580Z,"MOS pool swaps + mint transfers, window 2026-08-31T16:00Z..now"
3q2ikzhrDCFQX2VDTNVtEsm6VxRHxqyTZ66Mb2LWebNb,MOS,solana,2,2026-09-02T20:01:12.580Z,"MOS pool swaps + mint transfers, window 2026-08-31T16:00Z..now"
GkMBa8uKH3UEkncDBipiCeTAwK3cPQzcaeiVYHAp461H,MOS,solana,1,2026-09-02T20:01:12.580Z,"MOS pool swaps + mint transfers, window 2026-08-31T16:00Z..now"
GKGbSGcc5hBR2eBj9jweFoQjjGxsawvwWPUwbuW5jRWD,MOS,solana,1,2026-09-02T20:01:12.580Z,"MOS pool swaps + mint transfers, window 2026-08-31T16:00Z..now"
GNGygzfHYqMuRWF3hxZANf9ooDqB1ZhbU4uGsh2QYe22,MOS,solana,1,2026-09-02T20:01:12.580Z,"MOS pool swaps + mint transfers, window 2026-08-31T16:00Z..now"
6hHU9jDVLAyDT7mCb4fEubhvmfPcM36LssfwkSRdLy5z,MOS,solana,1,2026-09-02T20:01:12.580Z,"MOS pool swaps + mint transfers, window 2026-08-31T16:00Z..now"
ALdJHGoowhtUReF1T8zXP7ZnixKF6faXUVWPFfrSw8Bc,MOS,solana,1,2026-09-02T20:01:12.580Z,"MOS pool swaps + mint transfers, window 2026-08-31T16:00Z..now"
AeRuTaA3H8yC3VFiZa82LiVFNn3tRckkdWYWXwRCHxNv,MOS,solana,1,2026-09-02T20:01:12.580Z,"MOS pool swaps + mint transfers, window 2026-08-31T16:00Z..now"
3Ldqe4vy5AQ6iUTJik9xDbBQMcPWrWSe8h3NqKWe4yvc,MOS,solana,2,2026-09-02T20:01:12.580Z,"MOS pool swaps + mint transfers, window 2026-08-31T16:00Z..now"
BGSp9fckMcmfC95sArE7hZWnPGZrx4fdPeU8Qb9iWht6,MOS,solana,2,2026-09-02T20:01:12.580Z,"MOS pool swaps + mint transfers, window 2026-08-31T16:00Z..now"
2FJkFkUZucEE8hFrmJgZzFGmtRjcjom36opxJbfnuhE3,MOS,solana,1,2026-09-02T20:01:12.580Z,"MOS pool swaps + mint transfers, window 2026-08-31T16:00Z..now"
A9gPhVNYbDd6ADSwtEn6ae5CHnmAChkoTzDhdTu5Zysh,MOS,solana,2,2026-09-02T20:01:12.580Z,"MOS pool swaps + mint transfers, window 2026-08-31T16:00Z..now"
BwRaYdvzQnMJ9ncYGQ1aKdkHpAPY7UPCnXDh4LchdWEU,MOS,solana,1,2026-09-02T20:01:12.580Z,"MOS pool swaps + mint transfers, window 2026-08-31T16:00Z..now"
5M6cTS6Smr4eCUBm4wjmjjQuzGzgBcQUkggLmXiPKAFU,MOS,solana,2,2026-09-02T20:01:12.580Z,"MOS pool swaps + mint transfers, window 2026-08-31T16:00Z..now"
3sUyR5RTZijFuFBGtpwMJ4eVMutm7Ceyt3kfekqNjr7d,MOS,solana,1,2026-09-02T20:01:12.580Z,"MOS pool swaps + mint transfers, window 2026-08-31T16:00Z..now"
6hZNrE9aoNWG3Uyx7KHptDm5QhS4zLVnsi6JyfFaS4B8,MOS,solana,1,2026-09-02T20:01:12.580Z,"MOS pool swaps + mint transfers, window 2026-08-31T16:00Z..now"
2xgupnpHUSwx5E87hetM8MmaA9bDcGXgBFT6asAAwVdt,MOS,solana,2,2026-09-02T20:01:12.580Z,"MOS pool swaps + mint transfers, window 2026-08-31T16:00Z..now"
59xBdqWyR8XkjadvGFLw94vj5amPbHY5KPdv4kBjfUGo,MOS,solana,1,2026-09-02T20:01:12.580Z,"MOS pool swaps + mint transfers, window 2026-08-31T16:00Z..now"
GwnDN7mF2TLr8koUvJxmHZk6JJxTXCwjECKAtdndvDYg,MOS,solana,1,2026-09-02T20:01:12.580Z,"MOS pool swaps + mint transfers, window 2026-08-31T16:00Z..now"
FYnV3eqtiheyaSnknFXDnaXexdPrBkHrsUo2zVsB8tLM,MOS,solana,1,2026-09-02T20:01:12.580Z,"MOS pool swaps + mint transfers, window 2026-08-31T16:00Z..now"
H25r5GgGHitxEa2GysPiTRJnmRUSef4Djh2jkY3gaLoU,MOS,solana,1,2026-09-02T20:01:12.580Z,"MOS pool swaps + mint transfers, window 2026-08-31T16:00Z..now"
